fact_id	sku	category	field_key	doc_id	inherited	rule	value	raw
207967	C886VA	routers	supported_protocols	4fb41a26e3dd6255	true	family:mismatch	["IPv6","IPv6 statistics","IPv6 translation: Transport packets between IPv6-only and IPv4-only endpoints (NAT-PT)"]	● IPv6 addressing architecture ● IPv6 name resolution ● IPv6 statistics ● IPv6 translation: Transport packets between IP
207968	C887VA-W-A-K9	routers	supported_protocols	4fb41a26e3dd6255	true	family:mismatch	["IPv6","IPv6 statistics","IPv6 translation: Transport packets between IPv6-only and IPv4-only endpoints (NAT-PT)"]	● IPv6 addressing architecture ● IPv6 name resolution ● IPv6 statistics ● IPv6 translation: Transport packets between IP
207969	C887VAMG+7-K9	routers	supported_protocols	4fb41a26e3dd6255	true	family:mismatch	["IPv6","IPv6 statistics","IPv6 translation: Transport packets between IPv6-only and IPv4-only endpoints (NAT-PT)"]	● IPv6 addressing architecture ● IPv6 name resolution ● IPv6 statistics ● IPv6 translation: Transport packets between IP
207970	C888EG+7-K9	routers	supported_protocols	4fb41a26e3dd6255	true	family:mismatch	["IPv6","IPv6 statistics","IPv6 translation: Transport packets between IPv6-only and IPv4-only endpoints (NAT-PT)"]	● IPv6 addressing architecture ● IPv6 name resolution ● IPv6 statistics ● IPv6 translation: Transport packets between IP
207971	C881-K9	routers	supported_protocols	4fb41a26e3dd6255	true	family:mismatch	["IPv6","IPv6 statistics","IPv6 translation: Transport packets between IPv6-only and IPv4-only endpoints (NAT-PT)"]	● IPv6 addressing architecture ● IPv6 name resolution ● IPv6 statistics ● IPv6 translation: Transport packets between IP
207972	C881G+7-K9	routers	supported_protocols	4fb41a26e3dd6255	true	family:mismatch	["IPv6","IPv6 statistics","IPv6 translation: Transport packets between IPv6-only and IPv4-only endpoints (NAT-PT)"]	● IPv6 addressing architecture ● IPv6 name resolution ● IPv6 statistics ● IPv6 translation: Transport packets between IP
207973	C881W-GN-E-K9	routers	supported_protocols	4fb41a26e3dd6255	true	family:mismatch	["IPv6","IPv6 statistics","IPv6 translation: Transport packets between IPv6-only and IPv4-only endpoints (NAT-PT)"]	● IPv6 addressing architecture ● IPv6 name resolution ● IPv6 statistics ● IPv6 translation: Transport packets between IP
207974	C887VAM	routers	supported_protocols	4fb41a26e3dd6255	true	family:mismatch	["IPv6","IPv6 statistics","IPv6 translation: Transport packets between IPv6-only and IPv4-only endpoints (NAT-PT)"]	● IPv6 addressing architecture ● IPv6 name resolution ● IPv6 statistics ● IPv6 translation: Transport packets between IP
207975	C888-K9	routers	supported_protocols	4fb41a26e3dd6255	true	family:mismatch	["IPv6","IPv6 statistics","IPv6 translation: Transport packets between IPv6-only and IPv4-only endpoints (NAT-PT)"]	● IPv6 addressing architecture ● IPv6 name resolution ● IPv6 statistics ● IPv6 translation: Transport packets between IP
207976	C887VAG-S-K9	routers	supported_protocols	4fb41a26e3dd6255	true	family:mismatch	["IPv6","IPv6 statistics","IPv6 translation: Transport packets between IPv6-only and IPv4-only endpoints (NAT-PT)"]	● IPv6 addressing architecture ● IPv6 name resolution ● IPv6 statistics ● IPv6 translation: Transport packets between IP
207977	C888EA-K9	routers	supported_protocols	4fb41a26e3dd6255	true	family:mismatch	["IPv6","IPv6 statistics","IPv6 translation: Transport packets between IPv6-only and IPv4-only endpoints (NAT-PT)"]	● IPv6 addressing architecture ● IPv6 name resolution ● IPv6 statistics ● IPv6 translation: Transport packets between IP
207978	C881-CUBE-K9	routers	supported_protocols	4fb41a26e3dd6255	true	family:mismatch	["IPv6","IPv6 statistics","IPv6 translation: Transport packets between IPv6-only and IPv4-only endpoints (NAT-PT)"]	● IPv6 addressing architecture ● IPv6 name resolution ● IPv6 statistics ● IPv6 translation: Transport packets between IP
207979	C881G+7-A-K9	routers	supported_protocols	4fb41a26e3dd6255	true	family:mismatch	["IPv6","IPv6 statistics","IPv6 translation: Transport packets between IPv6-only and IPv4-only endpoints (NAT-PT)"]	● IPv6 addressing architecture ● IPv6 name resolution ● IPv6 statistics ● IPv6 translation: Transport packets between IP
207980	C886VA-CUBE-K9	routers	supported_protocols	4fb41a26e3dd6255	true	family:mismatch	["IPv6","IPv6 statistics","IPv6 translation: Transport packets between IPv6-only and IPv4-only endpoints (NAT-PT)"]	● IPv6 addressing architecture ● IPv6 name resolution ● IPv6 statistics ● IPv6 translation: Transport packets between IP
207981	C887VAG+7-K9	routers	supported_protocols	4fb41a26e3dd6255	true	family:mismatch	["IPv6","IPv6 statistics","IPv6 translation: Transport packets between IPv6-only and IPv4-only endpoints (NAT-PT)"]	● IPv6 addressing architecture ● IPv6 name resolution ● IPv6 statistics ● IPv6 translation: Transport packets between IP
207982	C881G-U-K9	routers	supported_protocols	4fb41a26e3dd6255	true	family:mismatch	["IPv6","IPv6 statistics","IPv6 translation: Transport packets between IPv6-only and IPv4-only endpoints (NAT-PT)"]	● IPv6 addressing architecture ● IPv6 name resolution ● IPv6 statistics ● IPv6 translation: Transport packets between IP
207983	C881W-GN-P-K9	routers	supported_protocols	4fb41a26e3dd6255	true	family:mismatch	["IPv6","IPv6 statistics","IPv6 translation: Transport packets between IPv6-only and IPv4-only endpoints (NAT-PT)"]	● IPv6 addressing architecture ● IPv6 name resolution ● IPv6 statistics ● IPv6 translation: Transport packets between IP
207984	C888	routers	supported_protocols	4fb41a26e3dd6255	true	family:mismatch	["IPv6","IPv6 statistics","IPv6 translation: Transport packets between IPv6-only and IPv4-only endpoints (NAT-PT)"]	● IPv6 addressing architecture ● IPv6 name resolution ● IPv6 statistics ● IPv6 translation: Transport packets between IP
207985	C887	routers	supported_protocols	4fb41a26e3dd6255	true	family:mismatch	["IPv6","IPv6 statistics","IPv6 translation: Transport packets between IPv6-only and IPv4-only endpoints (NAT-PT)"]	● IPv6 addressing architecture ● IPv6 name resolution ● IPv6 statistics ● IPv6 translation: Transport packets between IP
207986	C881	routers	supported_protocols	4fb41a26e3dd6255	true	family:mismatch	["IPv6","IPv6 statistics","IPv6 translation: Transport packets between IPv6-only and IPv4-only endpoints (NAT-PT)"]	● IPv6 addressing architecture ● IPv6 name resolution ● IPv6 statistics ● IPv6 translation: Transport packets between IP
207987	C881W-GN-A-K9	routers	supported_protocols	4fb41a26e3dd6255	true	family:mismatch	["IPv6","IPv6 statistics","IPv6 translation: Transport packets between IPv6-only and IPv4-only endpoints (NAT-PT)"]	● IPv6 addressing architecture ● IPv6 name resolution ● IPv6 statistics ● IPv6 translation: Transport packets between IP
207988	C887VA-W-E-K9	routers	supported_protocols	4fb41a26e3dd6255	true	family:mismatch	["IPv6","IPv6 statistics","IPv6 translation: Transport packets between IPv6-only and IPv4-only endpoints (NAT-PT)"]	● IPv6 addressing architecture ● IPv6 name resolution ● IPv6 statistics ● IPv6 translation: Transport packets between IP
207989	C888-CUBE-K9	routers	supported_protocols	4fb41a26e3dd6255	true	family:mismatch	["IPv6","IPv6 statistics","IPv6 translation: Transport packets between IPv6-only and IPv4-only endpoints (NAT-PT)"]	● IPv6 addressing architecture ● IPv6 name resolution ● IPv6 statistics ● IPv6 translation: Transport packets between IP
207990	C886VAG+7-K9	routers	supported_protocols	4fb41a26e3dd6255	true	family:mismatch	["IPv6","IPv6 statistics","IPv6 translation: Transport packets between IPv6-only and IPv4-only endpoints (NAT-PT)"]	● IPv6 addressing architecture ● IPv6 name resolution ● IPv6 statistics ● IPv6 translation: Transport packets between IP
207991	CISCO881-K9	routers	supported_protocols	4fb41a26e3dd6255	true	family:mismatch	["IPv6","IPv6 statistics","IPv6 translation: Transport packets between IPv6-only and IPv4-only endpoints (NAT-PT)"]	● IPv6 addressing architecture ● IPv6 name resolution ● IPv6 statistics ● IPv6 translation: Transport packets between IP
207992	CISCO888W-GN-A-K9	routers	supported_protocols	4fb41a26e3dd6255	true	family:mismatch	["IPv6","IPv6 statistics","IPv6 translation: Transport packets between IPv6-only and IPv4-only endpoints (NAT-PT)"]	● IPv6 addressing architecture ● IPv6 name resolution ● IPv6 statistics ● IPv6 translation: Transport packets between IP
207993	CISCO886W-GN-E-K9	routers	supported_protocols	4fb41a26e3dd6255	true	family:mismatch	["IPv6","IPv6 statistics","IPv6 translation: Transport packets between IPv6-only and IPv4-only endpoints (NAT-PT)"]	● IPv6 addressing architecture ● IPv6 name resolution ● IPv6 statistics ● IPv6 translation: Transport packets between IP
207994	CISCO887VG-K9	routers	supported_protocols	4fb41a26e3dd6255	true	family:mismatch	["IPv6","IPv6 statistics","IPv6 translation: Transport packets between IPv6-only and IPv4-only endpoints (NAT-PT)"]	● IPv6 addressing architecture ● IPv6 name resolution ● IPv6 statistics ● IPv6 translation: Transport packets between IP
207995	CISCO888GW-G-NE-K9	routers	supported_protocols	4fb41a26e3dd6255	true	family:mismatch	["IPv6","IPv6 statistics","IPv6 translation: Transport packets between IPv6-only and IPv4-only endpoints (NAT-PT)"]	● IPv6 addressing architecture ● IPv6 name resolution ● IPv6 statistics ● IPv6 translation: Transport packets between IP
207996	CISCO888-SEC-K9	routers	supported_protocols	4fb41a26e3dd6255	true	family:mismatch	["IPv6","IPv6 statistics","IPv6 translation: Transport packets between IPv6-only and IPv4-only endpoints (NAT-PT)"]	● IPv6 addressing architecture ● IPv6 name resolution ● IPv6 statistics ● IPv6 translation: Transport packets between IP
207997	CISCO888EW-GN-E-K9	routers	supported_protocols	4fb41a26e3dd6255	true	family:mismatch	["IPv6","IPv6 statistics","IPv6 translation: Transport packets between IPv6-only and IPv4-only endpoints (NAT-PT)"]	● IPv6 addressing architecture ● IPv6 name resolution ● IPv6 statistics ● IPv6 translation: Transport packets between IP
207998	CISCO881-SEC-K9	routers	supported_protocols	4fb41a26e3dd6255	true	family:mismatch	["IPv6","IPv6 statistics","IPv6 translation: Transport packets between IPv6-only and IPv4-only endpoints (NAT-PT)"]	● IPv6 addressing architecture ● IPv6 name resolution ● IPv6 statistics ● IPv6 translation: Transport packets between IP
207999	CISCO881G-K9	routers	supported_protocols	4fb41a26e3dd6255	true	family:mismatch	["IPv6","IPv6 statistics","IPv6 translation: Transport packets between IPv6-only and IPv4-only endpoints (NAT-PT)"]	● IPv6 addressing architecture ● IPv6 name resolution ● IPv6 statistics ● IPv6 translation: Transport packets between IP
208000	CISCO886G-K9	routers	supported_protocols	4fb41a26e3dd6255	true	family:mismatch	["IPv6","IPv6 statistics","IPv6 translation: Transport packets between IPv6-only and IPv4-only endpoints (NAT-PT)"]	● IPv6 addressing architecture ● IPv6 name resolution ● IPv6 statistics ● IPv6 translation: Transport packets between IP
208001	CISCO887V-SEC-K9	routers	supported_protocols	4fb41a26e3dd6255	true	family:mismatch	["IPv6","IPv6 statistics","IPv6 translation: Transport packets between IPv6-only and IPv4-only endpoints (NAT-PT)"]	● IPv6 addressing architecture ● IPv6 name resolution ● IPv6 statistics ● IPv6 translation: Transport packets between IP
208002	CISCO888EW-GN-A-K9	routers	supported_protocols	4fb41a26e3dd6255	true	family:mismatch	["IPv6","IPv6 statistics","IPv6 translation: Transport packets between IPv6-only and IPv4-only endpoints (NAT-PT)"]	● IPv6 addressing architecture ● IPv6 name resolution ● IPv6 statistics ● IPv6 translation: Transport packets between IP
208003	CISCO888G-K9	routers	supported_protocols	4fb41a26e3dd6255	true	family:mismatch	["IPv6","IPv6 statistics","IPv6 translation: Transport packets between IPv6-only and IPv4-only endpoints (NAT-PT)"]	● IPv6 addressing architecture ● IPv6 name resolution ● IPv6 statistics ● IPv6 translation: Transport packets between IP
208004	CISCO887VGW-GNA-K9	routers	supported_protocols	4fb41a26e3dd6255	true	family:mismatch	["IPv6","IPv6 statistics","IPv6 translation: Transport packets between IPv6-only and IPv4-only endpoints (NAT-PT)"]	● IPv6 addressing architecture ● IPv6 name resolution ● IPv6 statistics ● IPv6 translation: Transport packets between IP
208005	CISCO888W-GN-E-K9	routers	supported_protocols	4fb41a26e3dd6255	true	family:mismatch	["IPv6","IPv6 statistics","IPv6 translation: Transport packets between IPv6-only and IPv4-only endpoints (NAT-PT)"]	● IPv6 addressing architecture ● IPv6 name resolution ● IPv6 statistics ● IPv6 translation: Transport packets between IP
208006	CISCO881GW-GN-A-K9	routers	supported_protocols	4fb41a26e3dd6255	true	family:mismatch	["IPv6","IPv6 statistics","IPv6 translation: Transport packets between IPv6-only and IPv4-only endpoints (NAT-PT)"]	● IPv6 addressing architecture ● IPv6 name resolution ● IPv6 statistics ● IPv6 translation: Transport packets between IP
208007	CISCO887-K9	routers	supported_protocols	4fb41a26e3dd6255	true	family:mismatch	["IPv6","IPv6 statistics","IPv6 translation: Transport packets between IPv6-only and IPv4-only endpoints (NAT-PT)"]	● IPv6 addressing architecture ● IPv6 name resolution ● IPv6 statistics ● IPv6 translation: Transport packets between IP
208008	CISCO887V-K9	routers	supported_protocols	4fb41a26e3dd6255	true	family:mismatch	["IPv6","IPv6 statistics","IPv6 translation: Transport packets between IPv6-only and IPv4-only endpoints (NAT-PT)"]	● IPv6 addressing architecture ● IPv6 name resolution ● IPv6 statistics ● IPv6 translation: Transport packets between IP
208009	CISCO887W-GN-E-K9	routers	supported_protocols	4fb41a26e3dd6255	true	family:mismatch	["IPv6","IPv6 statistics","IPv6 translation: Transport packets between IPv6-only and IPv4-only endpoints (NAT-PT)"]	● IPv6 addressing architecture ● IPv6 name resolution ● IPv6 statistics ● IPv6 translation: Transport packets between IP
208010	CISCO888E-K9	routers	supported_protocols	4fb41a26e3dd6255	true	family:mismatch	["IPv6","IPv6 statistics","IPv6 translation: Transport packets between IPv6-only and IPv4-only endpoints (NAT-PT)"]	● IPv6 addressing architecture ● IPv6 name resolution ● IPv6 statistics ● IPv6 translation: Transport packets between IP
208011	CISCO887G-K9	routers	supported_protocols	4fb41a26e3dd6255	true	family:mismatch	["IPv6","IPv6 statistics","IPv6 translation: Transport packets between IPv6-only and IPv4-only endpoints (NAT-PT)"]	● IPv6 addressing architecture ● IPv6 name resolution ● IPv6 statistics ● IPv6 translation: Transport packets between IP
208012	CISCO887GW-GN-A-K9	routers	supported_protocols	4fb41a26e3dd6255	true	family:mismatch	["IPv6","IPv6 statistics","IPv6 translation: Transport packets between IPv6-only and IPv4-only endpoints (NAT-PT)"]	● IPv6 addressing architecture ● IPv6 name resolution ● IPv6 statistics ● IPv6 translation: Transport packets between IP
208013	CISCO887VW-GNE-K9	routers	supported_protocols	4fb41a26e3dd6255	true	family:mismatch	["IPv6","IPv6 statistics","IPv6 translation: Transport packets between IPv6-only and IPv4-only endpoints (NAT-PT)"]	● IPv6 addressing architecture ● IPv6 name resolution ● IPv6 statistics ● IPv6 translation: Transport packets between IP
208014	CISCO886-SEC-K9	routers	supported_protocols	4fb41a26e3dd6255	true	family:mismatch	["IPv6","IPv6 statistics","IPv6 translation: Transport packets between IPv6-only and IPv4-only endpoints (NAT-PT)"]	● IPv6 addressing architecture ● IPv6 name resolution ● IPv6 statistics ● IPv6 translation: Transport packets between IP
208015	CISCO887GW-GN-E-K9	routers	supported_protocols	4fb41a26e3dd6255	true	family:mismatch	["IPv6","IPv6 statistics","IPv6 translation: Transport packets between IPv6-only and IPv4-only endpoints (NAT-PT)"]	● IPv6 addressing architecture ● IPv6 name resolution ● IPv6 statistics ● IPv6 translation: Transport packets between IP
208016	CISCO881G-S-K9	routers	supported_protocols	4fb41a26e3dd6255	true	family:mismatch	["IPv6","IPv6 statistics","IPv6 translation: Transport packets between IPv6-only and IPv4-only endpoints (NAT-PT)"]	● IPv6 addressing architecture ● IPv6 name resolution ● IPv6 statistics ● IPv6 translation: Transport packets between IP
208017	CISCO886GW-GN-E-K9	routers	supported_protocols	4fb41a26e3dd6255	true	family:mismatch	["IPv6","IPv6 statistics","IPv6 translation: Transport packets between IPv6-only and IPv4-only endpoints (NAT-PT)"]	● IPv6 addressing architecture ● IPv6 name resolution ● IPv6 statistics ● IPv6 translation: Transport packets between IP
208018	CISCO887VW-GNA-K9	routers	supported_protocols	4fb41a26e3dd6255	true	family:mismatch	["IPv6","IPv6 statistics","IPv6 translation: Transport packets between IPv6-only and IPv4-only endpoints (NAT-PT)"]	● IPv6 addressing architecture ● IPv6 name resolution ● IPv6 statistics ● IPv6 translation: Transport packets between IP
208019	CISCO881W-GN-E-K9	routers	supported_protocols	4fb41a26e3dd6255	true	family:mismatch	["IPv6","IPv6 statistics","IPv6 translation: Transport packets between IPv6-only and IPv4-only endpoints (NAT-PT)"]	● IPv6 addressing architecture ● IPv6 name resolution ● IPv6 statistics ● IPv6 translation: Transport packets between IP
208020	CISCO886-K9	routers	supported_protocols	4fb41a26e3dd6255	true	family:mismatch	["IPv6","IPv6 statistics","IPv6 translation: Transport packets between IPv6-only and IPv4-only endpoints (NAT-PT)"]	● IPv6 addressing architecture ● IPv6 name resolution ● IPv6 statistics ● IPv6 translation: Transport packets between IP
208021	CISCO881GW-GN-E-K9	routers	supported_protocols	4fb41a26e3dd6255	true	family:mismatch	["IPv6","IPv6 statistics","IPv6 translation: Transport packets between IPv6-only and IPv4-only endpoints (NAT-PT)"]	● IPv6 addressing architecture ● IPv6 name resolution ● IPv6 statistics ● IPv6 translation: Transport packets between IP
208022	CISCO881W-GN-P-K9	routers	supported_protocols	4fb41a26e3dd6255	true	family:mismatch	["IPv6","IPv6 statistics","IPv6 translation: Transport packets between IPv6-only and IPv4-only endpoints (NAT-PT)"]	● IPv6 addressing architecture ● IPv6 name resolution ● IPv6 statistics ● IPv6 translation: Transport packets between IP
208023	CISCO887MW-GN-E-K9	routers	supported_protocols	4fb41a26e3dd6255	true	family:mismatch	["IPv6","IPv6 statistics","IPv6 translation: Transport packets between IPv6-only and IPv4-only endpoints (NAT-PT)"]	● IPv6 addressing architecture ● IPv6 name resolution ● IPv6 statistics ● IPv6 translation: Transport packets between IP
208024	CISCO881G-V-K9	routers	supported_protocols	4fb41a26e3dd6255	true	family:mismatch	["IPv6","IPv6 statistics","IPv6 translation: Transport packets between IPv6-only and IPv4-only endpoints (NAT-PT)"]	● IPv6 addressing architecture ● IPv6 name resolution ● IPv6 statistics ● IPv6 translation: Transport packets between IP
208025	CISCO881W-GN-A-K9	routers	supported_protocols	4fb41a26e3dd6255	true	family:mismatch	["IPv6","IPv6 statistics","IPv6 translation: Transport packets between IPv6-only and IPv4-only endpoints (NAT-PT)"]	● IPv6 addressing architecture ● IPv6 name resolution ● IPv6 statistics ● IPv6 translation: Transport packets between IP
208026	CISCO888-K9	routers	supported_protocols	4fb41a26e3dd6255	true	family:mismatch	["IPv6","IPv6 statistics","IPv6 translation: Transport packets between IPv6-only and IPv4-only endpoints (NAT-PT)"]	● IPv6 addressing architecture ● IPv6 name resolution ● IPv6 statistics ● IPv6 translation: Transport packets between IP
208027	CISCO881G-A-K9	routers	supported_protocols	4fb41a26e3dd6255	true	family:mismatch	["IPv6","IPv6 statistics","IPv6 translation: Transport packets between IPv6-only and IPv4-only endpoints (NAT-PT)"]	● IPv6 addressing architecture ● IPv6 name resolution ● IPv6 statistics ● IPv6 translation: Transport packets between IP
208028	CISCO887VGW-GNE-K9	routers	supported_protocols	4fb41a26e3dd6255	true	family:mismatch	["IPv6","IPv6 statistics","IPv6 translation: Transport packets between IPv6-only and IPv4-only endpoints (NAT-PT)"]	● IPv6 addressing architecture ● IPv6 name resolution ● IPv6 statistics ● IPv6 translation: Transport packets between IP
208029	CISCO888GW-G-NA-K9	routers	supported_protocols	4fb41a26e3dd6255	true	family:mismatch	["IPv6","IPv6 statistics","IPv6 translation: Transport packets between IPv6-only and IPv4-only endpoints (NAT-PT)"]	● IPv6 addressing architecture ● IPv6 name resolution ● IPv6 statistics ● IPv6 translation: Transport packets between IP
208030	CISCO887-SEC-K9	routers	supported_protocols	4fb41a26e3dd6255	true	family:mismatch	["IPv6","IPv6 statistics","IPv6 translation: Transport packets between IPv6-only and IPv4-only endpoints (NAT-PT)"]	● IPv6 addressing architecture ● IPv6 name resolution ● IPv6 statistics ● IPv6 translation: Transport packets between IP
208031	CISCO887W-GN-A-K9	routers	supported_protocols	4fb41a26e3dd6255	true	family:mismatch	["IPv6","IPv6 statistics","IPv6 translation: Transport packets between IPv6-only and IPv4-only endpoints (NAT-PT)"]	● IPv6 addressing architecture ● IPv6 name resolution ● IPv6 statistics ● IPv6 translation: Transport packets between IP
208032	CISCO887M-K9	routers	supported_protocols	4fb41a26e3dd6255	true	family:mismatch	["IPv6","IPv6 statistics","IPv6 translation: Transport packets between IPv6-only and IPv4-only endpoints (NAT-PT)"]	● IPv6 addressing architecture ● IPv6 name resolution ● IPv6 statistics ● IPv6 translation: Transport packets between IP
203767	NC6-20X100GE-M-C=	routers	ieee_standards	055175e6079c7789	true	subject:not-judged	["IEEE 802.3ba compliant","IEEE 802.x flow control"]	● IEEE 802.3ba compliant ● 100 Gigabit Ethernet Physical later (PHY) monitoring ● IEEE 802.x flow control
203820	NC6-20X100GE-L-C=	routers	ieee_standards	756882088d618fa1	true	subject:not-judged	["IEEE 802.3ba compliant","IEEE 802.x flow control"]	● IEEE 802.3ba compliant ● 100 Gigabit Ethernet Physical layer (PHY) monitoring ● IEEE 802.x flow control
145116	40X10GE-WLO	routers	etsi_standards	e605576c0d5635cd	true	family:mismatch	["EN300 386: Telecommunications Network Equipment (EMC)","EN55022: Information Technology Equipment (Emissions)","EN5502	● EN300 386: Telecommunications Network Equipment (EMC) ● EN55022: Information Technology Equipment (Emissions) ● EN5502
205620	C881G-B-K9	routers	certifications	4fb41a26e3dd6255	true	family:mismatch	["47 CFR Part 15: 2006","CISPR22: 2005","EN300386: V1.3.3: 2005","EN55022: 2006","EN61000-3-2: 2000 [Inc amd 1 and 2]","	Emissions: ● 47 CFR Part 15: 2006 ● CISPR22: 2005 ● EN300386: V1.3.3: 2005 ● EN55022: 2006 ● EN61000-3-2: 2000 [Inc amd 
205031	IR807G-LTE-GA-K9	cloud-systems-management	supported_protocols	92e360b8004d76e8	true	class:software	["IPv6","IPv6 ACLs","IPv6 routing"]	● IPv6 addressing architecture ● IPv6 unicast and multicast forwarding ● IPv6 ACLs ● IPv6 over cellular ● IPv6 routing ●
205032	IR829GW-LTE-NA-AK9	routers	supported_protocols	182e3672a258ad84	true	family:mismatch	["IPv6","IPv6 ACLs","IPv6 over Cellular","IPv6 routing"]	● IPv6 addressing architecture ● IPv6 Unicast and Multicast forwarding ● IPv6 ACLs ● IPv6 over Cellular ● IPv6 routing ●
205033	IR807G-LTE-VZ-K9	cloud-systems-management	supported_protocols	92e360b8004d76e8	true	class:software	["IPv6","IPv6 ACLs","IPv6 routing"]	● IPv6 addressing architecture ● IPv6 unicast and multicast forwarding ● IPv6 ACLs ● IPv6 over cellular ● IPv6 routing ●
205034	IR807G-LTE-NA-K9	cloud-systems-management	supported_protocols	92e360b8004d76e8	true	class:software	["IPv6","IPv6 ACLs","IPv6 routing"]	● IPv6 addressing architecture ● IPv6 unicast and multicast forwarding ● IPv6 ACLs ● IPv6 over cellular ● IPv6 routing ●
205035	IR809G-LTE-LA-K9	routers	supported_protocols	1b6724676304801a	true	family:mismatch	["IPv6","IPv6 ACLs","IPv6 routing"]	● IPv6 addressing architecture ● IPv6 unicast and multicast forwarding ● IPv6 ACLs ● IPv6 over cellular ● IPv6 routing ●
205041	IR829GW-LTE-VZ-AK9	routers	supported_protocols	182e3672a258ad84	true	family:mismatch	["IPv6","IPv6 ACLs","IPv6 over Cellular","IPv6 routing"]	● IPv6 addressing architecture ● IPv6 Unicast and Multicast forwarding ● IPv6 ACLs ● IPv6 over Cellular ● IPv6 routing ●
197688	RV160W-C-K9-CN	routers	supported_protocols	8681e4a656ec9835	true	family:mismatch	["Dynamic Host Configuration Protocol (DHCP) server","Point-to-Point Protocol over Ethernet (PPPoE)","Point-to-Point Tun	● Dynamic Host Configuration Protocol (DHCP) server ● Point-to-Point Protocol over Ethernet (PPPoE) ● Point-to-Point Tun
204190	GRWIC-D-ES-2S-8PC	routers	ieee_standards	fa79595f1ba6189a	true	family:mismatch	["IEEE 802.1s","IEEE 802.1w","IEEE 802.1x","IEEE 802.3ad","IEEE 802.3ah","IEEE 802.1ag","IEEE 802.3x full duplex on 10BA	● IEEE 802.1s ● IEEE 802.1w ● IEEE 802.1x ● IEEE 802.3ad ● IEEE 802.3ah ● IEEE 802.1ag ● IEEE 802.3x full duplex on 10BA
71973	A900-IMA-8Z=	routers	humidity_operating	997ed055b31fb1c4	true	family:mismatch	{"max":95,"min":5}	5 to 95%, noncondensing
204191	GRWIC-D-ES-6S	routers	ieee_standards	fa79595f1ba6189a	true	family:mismatch	["IEEE 802.1s","IEEE 802.1w","IEEE 802.1x","IEEE 802.3ad","IEEE 802.3ah","IEEE 802.1ag","IEEE 802.3x full duplex on 10BA	● IEEE 802.1s ● IEEE 802.1w ● IEEE 802.1x ● IEEE 802.3ad ● IEEE 802.3ah ● IEEE 802.1ag ● IEEE 802.3x full duplex on 10BA
52476	N9K-C92348GC-FX3	switches	humidity_operating	66f24c36fabebf74	true	family:mismatch	{"max":85,"min":5}	5 to 85% (noncondensing)
52477	N9K-C92348GC-FX3	switches	emc_emissions	66f24c36fabebf74	true	family:mismatch	["● 47CFR Part 15 (CFR 47) Class A ● AS","NZS CISPR22 Class A ● CISPR22 Class A ● EN55022 Class A ● ICES003 Class A ● VC	● 47CFR Part 15 (CFR 47) Class A ● AS/NZS CISPR22 Class A ● CISPR22 Class A ● EN55022 Class A ● ICES003 Class A ● VCCI C
52478	N9K-C92348GC-FX3	switches	emc_immunity	66f24c36fabebf74	true	family:mismatch	["● EN55024 ● CISPR24 ● EN300386 ● KN 61000-4 series"]	● EN55024 ● CISPR24 ● EN300386 ● KN 61000-4 series
52493	N9K-C92160YC-X	switches	humidity_operating	66f24c36fabebf74	true	family:mismatch	{"max":85,"min":5}	5 to 85% (noncondensing)
52494	N9K-C92160YC-X	switches	emc_emissions	66f24c36fabebf74	true	family:mismatch	["● 47CFR Part 15 (CFR 47) Class A ● AS","NZS CISPR22 Class A ● CISPR22 Class A ● EN55022 Class A ● ICES003 Class A ● VC	● 47CFR Part 15 (CFR 47) Class A ● AS/NZS CISPR22 Class A ● CISPR22 Class A ● EN55022 Class A ● ICES003 Class A ● VCCI C
52495	N9K-C92160YC-X	switches	emc_immunity	66f24c36fabebf74	true	family:mismatch	["● EN55024 ● CISPR24 ● EN300386 ● KN 61000-4 series"]	● EN55024 ● CISPR24 ● EN300386 ● KN 61000-4 series
52510	N9K-C92300YC	switches	humidity_operating	66f24c36fabebf74	true	family:mismatch	{"max":85,"min":5}	5 to 85% (noncondensing)
52511	N9K-C92300YC	switches	emc_emissions	66f24c36fabebf74	true	family:mismatch	["● 47CFR Part 15 (CFR 47) Class A ● AS","NZS CISPR22 Class A ● CISPR22 Class A ● EN55022 Class A ● ICES003 Class A ● VC	● 47CFR Part 15 (CFR 47) Class A ● AS/NZS CISPR22 Class A ● CISPR22 Class A ● EN55022 Class A ● ICES003 Class A ● VCCI C
52512	N9K-C92300YC	switches	emc_immunity	66f24c36fabebf74	true	family:mismatch	["● EN55024 ● CISPR24 ● EN300386 ● KN 61000-4 series"]	● EN55024 ● CISPR24 ● EN300386 ● KN 61000-4 series
52527	N9K-C9272Q	switches	humidity_operating	66f24c36fabebf74	true	family:mismatch	{"max":85,"min":5}	5 to 85% (noncondensing)
52528	N9K-C9272Q	switches	emc_emissions	66f24c36fabebf74	true	family:mismatch	["● 47CFR Part 15 (CFR 47) Class A ● AS","NZS CISPR22 Class A ● CISPR22 Class A ● EN55022 Class A ● ICES003 Class A ● VC	● 47CFR Part 15 (CFR 47) Class A ● AS/NZS CISPR22 Class A ● CISPR22 Class A ● EN55022 Class A ● ICES003 Class A ● VCCI C
52529	N9K-C9272Q	switches	emc_immunity	66f24c36fabebf74	true	family:mismatch	["● EN55024 ● CISPR24 ● EN300386 ● KN 61000-4 series"]	● EN55024 ● CISPR24 ● EN300386 ● KN 61000-4 series
52544	N9K-C92304QC	switches	humidity_operating	66f24c36fabebf74	true	family:mismatch	{"max":85,"min":5}	5 to 85% (noncondensing)
52545	N9K-C92304QC	switches	emc_emissions	66f24c36fabebf74	true	family:mismatch	["● 47CFR Part 15 (CFR 47) Class A ● AS","NZS CISPR22 Class A ● CISPR22 Class A ● EN55022 Class A ● ICES003 Class A ● VC	● 47CFR Part 15 (CFR 47) Class A ● AS/NZS CISPR22 Class A ● CISPR22 Class A ● EN55022 Class A ● ICES003 Class A ● VCCI C
52546	N9K-C92304QC	switches	emc_immunity	66f24c36fabebf74	true	family:mismatch	["● EN55024 ● CISPR24 ● EN300386 ● KN 61000-4 series"]	● EN55024 ● CISPR24 ● EN300386 ● KN 61000-4 series
52560	N9K-C9236C	switches	temp_storage	66f24c36fabebf74	true	family:mismatch	{"max":70,"min":-40}	-40 to 158°F (-40 to 70°C)
52561	N9K-C9236C	switches	humidity_operating	66f24c36fabebf74	true	family:mismatch	{"max":85,"min":5}	5 to 85% (noncondensing)
52562	N9K-C9236C	switches	emc_emissions	66f24c36fabebf74	true	family:mismatch	["● 47CFR Part 15 (CFR 47) Class A ● AS","NZS CISPR22 Class A ● CISPR22 Class A ● EN55022 Class A ● ICES003 Class A ● VC	● 47CFR Part 15 (CFR 47) Class A ● AS/NZS CISPR22 Class A ● CISPR22 Class A ● EN55022 Class A ● ICES003 Class A ● VCCI C
52563	N9K-C9236C	switches	emc_immunity	66f24c36fabebf74	true	family:mismatch	["● EN55024 ● CISPR24 ● EN300386 ● KN 61000-4 series"]	● EN55024 ● CISPR24 ● EN300386 ● KN 61000-4 series
52591	N9K-C93180YC-EX	switches	humidity_operating	c43bdb7cb8408cc1	true	family:mismatch	{"max":95,"min":5}	5 to 95% (noncondensing)
52592	N9K-C93180YC-EX	switches	emc_emissions	c43bdb7cb8408cc1	true	family:mismatch	["● 47CFR Part 15 (CFR 47) Class A ● AS","NZS CISPR22 Class A ● CISPR22 Class A ● EN55022 Class A ● ICES003 Class A ● VC	● 47CFR Part 15 (CFR 47) Class A ● AS/NZS CISPR22 Class A ● CISPR22 Class A ● EN55022 Class A ● ICES003 Class A ● VCCI C
52593	N9K-C93180YC-EX	switches	emc_immunity	c43bdb7cb8408cc1	true	family:mismatch	["● EN55024 ● CISPR24 ● EN300386 ● KN 61000-4 series"]	● EN55024 ● CISPR24 ● EN300386 ● KN 61000-4 series
52608	N9K-C93108TC-EX	switches	humidity_operating	c43bdb7cb8408cc1	true	family:mismatch	{"max":95,"min":5}	5 to 95% (noncondensing)
52609	N9K-C93108TC-EX	switches	emc_emissions	c43bdb7cb8408cc1	true	family:mismatch	["● 47CFR Part 15 (CFR 47) Class A ● AS","NZS CISPR22 Class A ● CISPR22 Class A ● EN55022 Class A ● ICES003 Class A ● VC	● 47CFR Part 15 (CFR 47) Class A ● AS/NZS CISPR22 Class A ● CISPR22 Class A ● EN55022 Class A ● ICES003 Class A ● VCCI C
52610	N9K-C93108TC-EX	switches	emc_immunity	c43bdb7cb8408cc1	true	family:mismatch	["● EN55024 ● CISPR24 ● EN300386 ● KN 61000-4 series"]	● EN55024 ● CISPR24 ● EN300386 ● KN 61000-4 series
52624	N9K-C93180LC-EX	switches	humidity_operating	c43bdb7cb8408cc1	true	family:mismatch	{"max":95,"min":5}	5 to 95% (noncondensing)
52625	N9K-C93180LC-EX	switches	emc_emissions	c43bdb7cb8408cc1	true	family:mismatch	["● 47CFR Part 15 (CFR 47) Class A ● AS","NZS CISPR22 Class A ● CISPR22 Class A ● EN55022 Class A ● ICES003 Class A ● VC	● 47CFR Part 15 (CFR 47) Class A ● AS/NZS CISPR22 Class A ● CISPR22 Class A ● EN55022 Class A ● ICES003 Class A ● VCCI C
52626	N9K-C93180LC-EX	switches	emc_immunity	c43bdb7cb8408cc1	true	family:mismatch	["● EN55024 ● CISPR24 ● EN300386 ● KN 61000-4 series"]	● EN55024 ● CISPR24 ● EN300386 ● KN 61000-4 series
52641	N9K-C93180YC-FX	switches	humidity_operating	3e6013a0dc9b94e5	true	family:mismatch	{"max":95,"min":5}	5 to 95% (noncondensing)
52675	N9K-C9348GC-FXP	switches	emc_immunity	3e6013a0dc9b94e5	true	family:mismatch	["● EN55024 ● CISPR24 ● EN300386 ● KN 61000-4 series"]	● EN55024 ● CISPR24 ● EN300386 ● KN 61000-4 series
52642	N9K-C93180YC-FX	switches	emc_emissions	3e6013a0dc9b94e5	true	family:mismatch	["● 47CFR Part 15 (CFR 47) Class A ● AS","NZS CISPR22 Class A ● CISPR22 Class A ● EN55022 Class A ● ICES003 Class A ● VC	● 47CFR Part 15 (CFR 47) Class A ● AS/NZS CISPR22 Class A ● CISPR22 Class A ● EN55022 Class A ● ICES003 Class A ● VCCI C
52643	N9K-C93180YC-FX	switches	emc_immunity	3e6013a0dc9b94e5	true	family:mismatch	["● EN55024 ● CISPR24 ● EN300386 ● KN 61000-4 series"]	● EN55024 ● CISPR24 ● EN300386 ● KN 61000-4 series
52657	N9K-C93108TC-FX	switches	humidity_operating	3e6013a0dc9b94e5	true	family:mismatch	{"max":95,"min":5}	5 to 95% (noncondensing)
52658	N9K-C93108TC-FX	switches	emc_emissions	3e6013a0dc9b94e5	true	family:mismatch	["● 47CFR Part 15 (CFR 47) Class A ● AS","NZS CISPR22 Class A ● CISPR22 Class A ● EN55022 Class A ● ICES003 Class A ● VC	● 47CFR Part 15 (CFR 47) Class A ● AS/NZS CISPR22 Class A ● CISPR22 Class A ● EN55022 Class A ● ICES003 Class A ● VCCI C
52659	N9K-C93108TC-FX	switches	emc_immunity	3e6013a0dc9b94e5	true	family:mismatch	["● EN55024 ● CISPR24 ● EN300386 ● KN 61000-4 series"]	● EN55024 ● CISPR24 ● EN300386 ● KN 61000-4 series
52673	N9K-C9348GC-FXP	switches	humidity_operating	3e6013a0dc9b94e5	true	family:mismatch	{"max":95,"min":5}	5 to 95% (noncondensing)
52674	N9K-C9348GC-FXP	switches	emc_emissions	3e6013a0dc9b94e5	true	family:mismatch	["● 47CFR Part 15 (CFR 47) Class A ● AS","NZS CISPR22 Class A ● CISPR22 Class A ● EN55022 Class A ● ICES003 Class A ● VC	● 47CFR Part 15 (CFR 47) Class A ● AS/NZS CISPR22 Class A ● CISPR22 Class A ● EN55022 Class A ● ICES003 Class A ● VCCI C
52689	N9K-C9336C-FX2	switches	humidity_operating	d27ae43f2e280e20	true	family:mismatch	{"max":95,"min":5}	5 to 95% (noncondensing)
52690	N9K-C9336C-FX2	switches	emc_emissions	d27ae43f2e280e20	true	family:mismatch	["● 47CFR Part 15 (CFR 47) Class A ● AS","NZS CISPR22 Class A ● CISPR22 Class A ● EN55022 Class A ● ICES003 Class A ● VC	● 47CFR Part 15 (CFR 47) Class A ● AS/NZS CISPR22 Class A ● CISPR22 Class A ● EN55022 Class A ● ICES003 Class A ● VCCI C
52691	N9K-C9336C-FX2	switches	emc_immunity	d27ae43f2e280e20	true	family:mismatch	["● EN55024 ● CISPR24 ● EN300386 ● KN 61000-4 series"]	● EN55024 ● CISPR24 ● EN300386 ● KN 61000-4 series
52706	N9K-C9336C-FX2-E	switches	humidity_operating	d27ae43f2e280e20	true	family:mismatch	{"max":95,"min":5}	5 to 95% (noncondensing)
52707	N9K-C9336C-FX2-E	switches	emc_emissions	d27ae43f2e280e20	true	family:mismatch	["● 47CFR Part 15 (CFR 47) Class A ● AS","NZS CISPR22 Class A ● CISPR22 Class A ● EN55022 Class A ● ICES003 Class A ● VC	● 47CFR Part 15 (CFR 47) Class A ● AS/NZS CISPR22 Class A ● CISPR22 Class A ● EN55022 Class A ● ICES003 Class A ● VCCI C
52708	N9K-C9336C-FX2-E	switches	emc_immunity	d27ae43f2e280e20	true	family:mismatch	["● EN55024 ● CISPR24 ● EN300386 ● KN 61000-4 series"]	● EN55024 ● CISPR24 ● EN300386 ● KN 61000-4 series
52723	N9K-C93240YC-FX2	switches	humidity_operating	d27ae43f2e280e20	true	family:mismatch	{"max":95,"min":5}	5 to 95% (noncondensing)
52724	N9K-C93240YC-FX2	switches	emc_emissions	d27ae43f2e280e20	true	family:mismatch	["● 47CFR Part 15 (CFR 47) Class A ● AS","NZS CISPR22 Class A ● CISPR22 Class A ● EN55022 Class A ● ICES003 Class A ● VC	● 47CFR Part 15 (CFR 47) Class A ● AS/NZS CISPR22 Class A ● CISPR22 Class A ● EN55022 Class A ● ICES003 Class A ● VCCI C
52725	N9K-C93240YC-FX2	switches	emc_immunity	d27ae43f2e280e20	true	family:mismatch	["● EN55024 ● CISPR24 ● EN300386 ● KN 61000-4 series"]	● EN55024 ● CISPR24 ● EN300386 ● KN 61000-4 series
52740	N9K-C93360YC-FX2	switches	humidity_operating	d27ae43f2e280e20	true	family:mismatch	{"max":95,"min":5}	5 to 95% (noncondensing)
52741	N9K-C93360YC-FX2	switches	emc_emissions	d27ae43f2e280e20	true	family:mismatch	["● 47CFR Part 15 (CFR 47) Class A ● AS","NZS CISPR22 Class A ● CISPR22 Class A ● EN55022 Class A ● ICES003 Class A ● VC	● 47CFR Part 15 (CFR 47) Class A ● AS/NZS CISPR22 Class A ● CISPR22 Class A ● EN55022 Class A ● ICES003 Class A ● VCCI C
52742	N9K-C93360YC-FX2	switches	emc_immunity	d27ae43f2e280e20	true	family:mismatch	["● EN55024 ● CISPR24 ● EN300386 ● KN 61000-4 series"]	● EN55024 ● CISPR24 ● EN300386 ● KN 61000-4 series
52757	N9K-C93216TC-FX2	switches	humidity_operating	d27ae43f2e280e20	true	family:mismatch	{"max":95,"min":5}	5 to 95% (noncondensing)
52758	N9K-C93216TC-FX2	switches	emc_emissions	d27ae43f2e280e20	true	family:mismatch	["● 47CFR Part 15 (CFR 47) Class A ● AS","NZS CISPR22 Class A ● CISPR22 Class A ● EN55022 Class A ● ICES003 Class A ● VC	● 47CFR Part 15 (CFR 47) Class A ● AS/NZS CISPR22 Class A ● CISPR22 Class A ● EN55022 Class A ● ICES003 Class A ● VCCI C
52759	N9K-C93216TC-FX2	switches	emc_immunity	d27ae43f2e280e20	true	family:mismatch	["● EN55024 ● CISPR24 ● EN300386 ● KN 61000-4 series"]	● EN55024 ● CISPR24 ● EN300386 ● KN 61000-4 series
140778	C8500L-8S4X	routers	qos_features	c2f2c267baa2122a	true	family:mismatch	["Quality of Service (QoS)","Class-Based Weighted Fair Queuing (CBWFQ)","Weighted Random Early Detection (WRED)","Hierar	Quality of Service (QoS), Class-Based Weighted Fair Queuing (CBWFQ), Weighted Random Early Detection (WRED), Hierarchica
52861	N9K-C93180YC-FX3S	switches	humidity_operating	9dde779f6314c438	true	family:mismatch	{"max":95,"min":5}	5 to 95% (noncondensing)
52862	N9K-C93180YC-FX3S	switches	emc_emissions	9dde779f6314c438	true	family:mismatch	["● 47CFR Part 15 (CFR 47) Class A ● AS","NZS CISPR22 Class A ● CISPR22 Class A ● EN55022 Class A ● ICES003 Class A ● VC	● 47CFR Part 15 (CFR 47) Class A ● AS/NZS CISPR22 Class A ● CISPR22 Class A ● EN55022 Class A ● ICES003 Class A ● VCCI C
52863	N9K-C93180YC-FX3S	switches	emc_immunity	9dde779f6314c438	true	family:mismatch	["● EN55024 ● CISPR24 ● EN300386 ● KN 61000-4 series"]	● EN55024 ● CISPR24 ● EN300386 ● KN 61000-4 series
140903	C897VAG-LTE	routers	qos_features	8bdfe7347c556d84	true	family:mismatch	["Provides traffic precedence to delay-sensitive or prioritized applications.","Facilitates low-latency routing of delay	● Provides traffic precedence to delay-sensitive or prioritized applications. ● Facilitates low-latency routing of delay
140904	C897VAM-W-E-K9	routers	qos_features	d527fab196e02ec3	true	family:mismatch	["Low-Latency Queuing (LLQ)","Weighted Fair Queuing (WFQ)","Class-Based WFQ (CBWFQ)","Class-Based Traffic Shaping (CBTS)	● Low-Latency Queuing (LLQ) ● Weighted Fair Queuing (WFQ) ● Class-Based WFQ (CBWFQ) ● Class-Based Traffic Shaping (CBTS)
140905	C898EA-K9	routers	qos_features	d527fab196e02ec3	true	family:mismatch	["Low-Latency Queuing (LLQ)","Weighted Fair Queuing (WFQ)","Class-Based WFQ (CBWFQ)","Class-Based Traffic Shaping (CBTS)	● Low-Latency Queuing (LLQ) ● Weighted Fair Queuing (WFQ) ● Class-Based WFQ (CBWFQ) ● Class-Based Traffic Shaping (CBTS)
140906	C898EAG-LTE-GA-K9	routers	qos_features	30684916aee80d45	true	family:mismatch	["Provides traffic precedence to delay-sensitive or prioritized applications.","Facilitates low-latency routing of delay	● Provides traffic precedence to delay-sensitive or prioritized applications. ● Facilitates low-latency routing of delay
140908	C899G-LTE-NA-K9	routers	qos_features	30684916aee80d45	true	family:mismatch	["Provides traffic precedence to delay-sensitive or prioritized applications.","Facilitates low-latency routing of delay	● Provides traffic precedence to delay-sensitive or prioritized applications. ● Facilitates low-latency routing of delay
140909	C881G-4G-GA-K9	routers	qos_features	30684916aee80d45	true	family:mismatch	["Provides traffic precedence to delay-sensitive or prioritized applications.","Facilitates low-latency routing of delay	● Provides traffic precedence to delay-sensitive or prioritized applications. ● Facilitates low-latency routing of delay
140910	C899G-LTE-GA-K9	routers	qos_features	30684916aee80d45	true	family:mismatch	["Provides traffic precedence to delay-sensitive or prioritized applications.","Facilitates low-latency routing of delay	● Provides traffic precedence to delay-sensitive or prioritized applications. ● Facilitates low-latency routing of delay
140911	C899G-LTE-JP-K9	routers	qos_features	30684916aee80d45	true	family:mismatch	["Provides traffic precedence to delay-sensitive or prioritized applications.","Facilitates low-latency routing of delay	● Provides traffic precedence to delay-sensitive or prioritized applications. ● Facilitates low-latency routing of delay
140912	C899G-LTE-ST-K9	routers	qos_features	30684916aee80d45	true	family:mismatch	["Provides traffic precedence to delay-sensitive or prioritized applications.","Facilitates low-latency routing of delay	● Provides traffic precedence to delay-sensitive or prioritized applications. ● Facilitates low-latency routing of delay
140913	C897VA-M-K9	routers	qos_features	d527fab196e02ec3	true	family:mismatch	["Low-Latency Queuing (LLQ)","Weighted Fair Queuing (WFQ)","Class-Based WFQ (CBWFQ)","Class-Based Traffic Shaping (CBTS)	● Low-Latency Queuing (LLQ) ● Weighted Fair Queuing (WFQ) ● Class-Based WFQ (CBWFQ) ● Class-Based Traffic Shaping (CBTS)
140915	C881G-4G	routers	qos_features	30684916aee80d45	true	family:mismatch	["Provides traffic precedence to delay-sensitive or prioritized applications.","Facilitates low-latency routing of delay	● Provides traffic precedence to delay-sensitive or prioritized applications. ● Facilitates low-latency routing of delay
140916	C891F-K9	routers	qos_features	d527fab196e02ec3	true	family:mismatch	["Low-Latency Queuing (LLQ)","Weighted Fair Queuing (WFQ)","Class-Based WFQ (CBWFQ)","Class-Based Traffic Shaping (CBTS)	● Low-Latency Queuing (LLQ) ● Weighted Fair Queuing (WFQ) ● Class-Based WFQ (CBWFQ) ● Class-Based Traffic Shaping (CBTS)
140917	C891FW-A-K9	routers	qos_features	d527fab196e02ec3	true	family:mismatch	["Low-Latency Queuing (LLQ)","Weighted Fair Queuing (WFQ)","Class-Based WFQ (CBWFQ)","Class-Based Traffic Shaping (CBTS)	● Low-Latency Queuing (LLQ) ● Weighted Fair Queuing (WFQ) ● Class-Based WFQ (CBWFQ) ● Class-Based Traffic Shaping (CBTS)
140918	C891FW-E-K9	routers	qos_features	d527fab196e02ec3	true	family:mismatch	["Low-Latency Queuing (LLQ)","Weighted Fair Queuing (WFQ)","Class-Based WFQ (CBWFQ)","Class-Based Traffic Shaping (CBTS)	● Low-Latency Queuing (LLQ) ● Weighted Fair Queuing (WFQ) ● Class-Based WFQ (CBWFQ) ● Class-Based Traffic Shaping (CBTS)
140919	C897VAGW-LTE-GAEK9	routers	qos_features	30684916aee80d45	true	family:mismatch	["Provides traffic precedence to delay-sensitive or prioritized applications.","Facilitates low-latency routing of delay	● Provides traffic precedence to delay-sensitive or prioritized applications. ● Facilitates low-latency routing of delay
140920	C896VAG-LTE-GA-K9	routers	qos_features	30684916aee80d45	true	family:mismatch	["Provides traffic precedence to delay-sensitive or prioritized applications.","Facilitates low-latency routing of delay	● Provides traffic precedence to delay-sensitive or prioritized applications. ● Facilitates low-latency routing of delay
140921	C899G-LTE-VZ-K9	routers	qos_features	30684916aee80d45	true	family:mismatch	["Provides traffic precedence to delay-sensitive or prioritized applications.","Facilitates low-latency routing of delay	● Provides traffic precedence to delay-sensitive or prioritized applications. ● Facilitates low-latency routing of delay
53776	N5K-C5624Q	switches	emc_emissions	6808d677ec50358c	true	family:mismatch	["● 47CFR Part 15 (CFR 47) Class A ● AS","NZS CISPR22 Class A ● CISPR22 Class A ● EN55022 Class A ● ICES003 Class A ● VC	● 47CFR Part 15 (CFR 47) Class A ● AS/NZS CISPR22 Class A ● CISPR22 Class A ● EN55022 Class A ● ICES003 Class A ● VCCI C
53777	N5K-C5624Q	switches	emc_immunity	6808d677ec50358c	true	family:mismatch	["● EN55024 ● CISPR24 ● EN300386 ● KN 61000-4 series"]	● EN55024 ● CISPR24 ● EN300386 ● KN 61000-4 series
53792	N5K-C5648Q	switches	emc_emissions	6808d677ec50358c	true	family:mismatch	["● 47CFR Part 15 (CFR 47) Class A ● AS","NZS CISPR22 Class A ● CISPR22 Class A ● EN55022 Class A ● ICES003 Class A ● VC	● 47CFR Part 15 (CFR 47) Class A ● AS/NZS CISPR22 Class A ● CISPR22 Class A ● EN55022 Class A ● ICES003 Class A ● VCCI C
53793	N5K-C5648Q	switches	emc_immunity	6808d677ec50358c	true	family:mismatch	["● EN55024 ● CISPR24 ● EN300386 ● KN 61000-4 series"]	● EN55024 ● CISPR24 ● EN300386 ● KN 61000-4 series
53808	N5K-C5672UP	switches	emc_emissions	d4f2edad9ed4f1eb	true	family:mismatch	["● 47CFR Part 15 (CFR 47) Class A ● AS","NZS CISPR22 Class A ● CISPR22 Class A ● EN55022 Class A ● ICES003 Class A ● VC	● 47CFR Part 15 (CFR 47) Class A ● AS/NZS CISPR22 Class A ● CISPR22 Class A ● EN55022 Class A ● ICES003 Class A ● VCCI C
53809	N5K-C5672UP	switches	emc_immunity	d4f2edad9ed4f1eb	true	family:mismatch	["● EN55024 ● CISPR24 ● EN300386 ● KN 61000-4 series"]	● EN55024 ● CISPR24 ● EN300386 ● KN 61000-4 series
53823	N5K-C5672UP-16G	switches	emc_emissions	d4f2edad9ed4f1eb	true	family:mismatch	["● 47CFR Part 15 (CFR 47) Class A ● AS","NZS CISPR22 Class A ● CISPR22 Class A ● EN55022 Class A ● ICES003 Class A ● VC	● 47CFR Part 15 (CFR 47) Class A ● AS/NZS CISPR22 Class A ● CISPR22 Class A ● EN55022 Class A ● ICES003 Class A ● VCCI C
53824	N5K-C5672UP-16G	switches	emc_immunity	d4f2edad9ed4f1eb	true	family:mismatch	["● EN55024 ● CISPR24 ● EN300386 ● KN 61000-4 series"]	● EN55024 ● CISPR24 ● EN300386 ● KN 61000-4 series
53838	N5K-C56128P	switches	emc_emissions	d4f2edad9ed4f1eb	true	family:mismatch	["● 47CFR Part 15 (CFR 47) Class A ● AS","NZS CISPR22 Class A ● CISPR22 Class A ● EN55022 Class A ● ICES003 Class A ● VC	● 47CFR Part 15 (CFR 47) Class A ● AS/NZS CISPR22 Class A ● CISPR22 Class A ● EN55022 Class A ● ICES003 Class A ● VCCI C
53839	N5K-C56128P	switches	emc_immunity	d4f2edad9ed4f1eb	true	family:mismatch	["● EN55024 ● CISPR24 ● EN300386 ● KN 61000-4 series"]	● EN55024 ● CISPR24 ● EN300386 ● KN 61000-4 series
140922	C896VA-K9	routers	qos_features	d527fab196e02ec3	true	family:mismatch	["Low-Latency Queuing (LLQ)","Weighted Fair Queuing (WFQ)","Class-Based WFQ (CBWFQ)","Class-Based Traffic Shaping (CBTS)	● Low-Latency Queuing (LLQ) ● Weighted Fair Queuing (WFQ) ● Class-Based WFQ (CBWFQ) ● Class-Based Traffic Shaping (CBTS)
140923	C897VAG-LTE-LA-K9	routers	qos_features	8bdfe7347c556d84	true	family:mismatch	["Provides traffic precedence to delay-sensitive or prioritized applications.","Facilitates low-latency routing of delay	● Provides traffic precedence to delay-sensitive or prioritized applications. ● Facilitates low-latency routing of delay
140924	C897VA-K9	routers	qos_features	d527fab196e02ec3	true	family:mismatch	["Low-Latency Queuing (LLQ)","Weighted Fair Queuing (WFQ)","Class-Based WFQ (CBWFQ)","Class-Based Traffic Shaping (CBTS)	● Low-Latency Queuing (LLQ) ● Weighted Fair Queuing (WFQ) ● Class-Based WFQ (CBWFQ) ● Class-Based Traffic Shaping (CBTS)
140925	C897VAW-A-K9	routers	qos_features	d527fab196e02ec3	true	family:mismatch	["Low-Latency Queuing (LLQ)","Weighted Fair Queuing (WFQ)","Class-Based WFQ (CBWFQ)","Class-Based Traffic Shaping (CBTS)	● Low-Latency Queuing (LLQ) ● Weighted Fair Queuing (WFQ) ● Class-Based WFQ (CBWFQ) ● Class-Based Traffic Shaping (CBTS)
140926	C898EAG-LTE-LA-K9	routers	qos_features	8bdfe7347c556d84	true	family:mismatch	["Provides traffic precedence to delay-sensitive or prioritized applications.","Facilitates low-latency routing of delay	● Provides traffic precedence to delay-sensitive or prioritized applications. ● Facilitates low-latency routing of delay
140927	C891-24X/K9	routers	qos_features	d527fab196e02ec3	true	family:mismatch	["Low-Latency Queuing (LLQ)","Weighted Fair Queuing (WFQ)","Class-Based WFQ (CBWFQ)","Class-Based Traffic Shaping (CBTS)	● Low-Latency Queuing (LLQ) ● Weighted Fair Queuing (WFQ) ● Class-Based WFQ (CBWFQ) ● Class-Based Traffic Shaping (CBTS)
140928	C897VAGW-LTE	routers	qos_features	30684916aee80d45	true	family:mismatch	["Provides traffic precedence to delay-sensitive or prioritized applications.","Facilitates low-latency routing of delay	● Provides traffic precedence to delay-sensitive or prioritized applications. ● Facilitates low-latency routing of delay
140929	C897VAW-E-K9	routers	qos_features	d527fab196e02ec3	true	family:mismatch	["Low-Latency Queuing (LLQ)","Weighted Fair Queuing (WFQ)","Class-Based WFQ (CBWFQ)","Class-Based Traffic Shaping (CBTS)	● Low-Latency Queuing (LLQ) ● Weighted Fair Queuing (WFQ) ● Class-Based WFQ (CBWFQ) ● Class-Based Traffic Shaping (CBTS)
140930	C897VAB-K9	routers	qos_features	d527fab196e02ec3	true	family:mismatch	["Low-Latency Queuing (LLQ)","Weighted Fair Queuing (WFQ)","Class-Based WFQ (CBWFQ)","Class-Based Traffic Shaping (CBTS)	● Low-Latency Queuing (LLQ) ● Weighted Fair Queuing (WFQ) ● Class-Based WFQ (CBWFQ) ● Class-Based Traffic Shaping (CBTS)
140931	C892FSP-K9	routers	qos_features	d527fab196e02ec3	true	family:mismatch	["Low-Latency Queuing (LLQ)","Weighted Fair Queuing (WFQ)","Class-Based WFQ (CBWFQ)","Class-Based Traffic Shaping (CBTS)	● Low-Latency Queuing (LLQ) ● Weighted Fair Queuing (WFQ) ● Class-Based WFQ (CBWFQ) ● Class-Based Traffic Shaping (CBTS)
140932	C899G-LTE-LA-K9	routers	qos_features	8bdfe7347c556d84	true	family:mismatch	["Provides traffic precedence to delay-sensitive or prioritized applications.","Facilitates low-latency routing of delay	● Provides traffic precedence to delay-sensitive or prioritized applications. ● Facilitates low-latency routing of delay
140933	C896VAG-LTE	routers	qos_features	30684916aee80d45	true	family:mismatch	["Provides traffic precedence to delay-sensitive or prioritized applications.","Facilitates low-latency routing of delay	● Provides traffic precedence to delay-sensitive or prioritized applications. ● Facilitates low-latency routing of delay
141367	CISCO861W-GN-A-K9	routers	qos_features	4e02e9b6f92bde03	true	family:mismatch	["Weighted Fair Queuing (WFQ)","Class-Based WFQ (CBWFQ)","Class-Based QoS MIB"]	● Weighted Fair Queuing (WFQ) ● Class-Based WFQ (CBWFQ) ● Class-Based QoS MIB
141375	CISCO861W-GN-E-K9	routers	qos_features	4e02e9b6f92bde03	true	family:mismatch	["Weighted Fair Queuing (WFQ)","Class-Based WFQ (CBWFQ)","Class-Based QoS MIB"]	● Weighted Fair Queuing (WFQ) ● Class-Based WFQ (CBWFQ) ● Class-Based QoS MIB
141378	CISCO861W-GN-P-K9	routers	qos_features	4e02e9b6f92bde03	true	family:mismatch	["Weighted Fair Queuing (WFQ)","Class-Based WFQ (CBWFQ)","Class-Based QoS MIB"]	● Weighted Fair Queuing (WFQ) ● Class-Based WFQ (CBWFQ) ● Class-Based QoS MIB
141380	CG113-4GW6x	routers	qos_features	8a809a45d23ecd5e	true	family:mismatch	["Active-standby switching between wired","cellular WAN"]	Active-standby switching between wired and cellular WAN
141381	CG113-4GW6x	routers	crypto_algorithms	8a809a45d23ecd5e	true	family:mismatch	["IKE DH groups 14, 15, 16 IKE cipher suites:","AES128-CBC - SHA1","AES256-CBC - SHA1","AES256-CBC - SHA2","AES128-CBC -	IKE DH groups 14, 15, 16 IKE cipher suites: ● AES128-CBC - SHA1 ● AES256-CBC - SHA1 ● AES256-CBC - SHA2 ● AES128-CBC - S
141382	CISCO867W-GN-E-K9	routers	qos_features	4e02e9b6f92bde03	true	family:mismatch	["Weighted Fair Queuing (WFQ)","Class-Based WFQ (CBWFQ)","Class-Based QoS MIB"]	● Weighted Fair Queuing (WFQ) ● Class-Based WFQ (CBWFQ) ● Class-Based QoS MIB
141386	CG113-W6x	routers	qos_features	8a809a45d23ecd5e	true	family:mismatch	["Active-standby switching between wired","cellular WAN"]	Active-standby switching between wired and cellular WAN
141387	CG113-W6x	routers	crypto_algorithms	8a809a45d23ecd5e	true	family:mismatch	["IKE DH groups 14, 15, 16 IKE cipher suites:","AES128-CBC - SHA1","AES256-CBC - SHA1","AES256-CBC - SHA2","AES128-CBC -	IKE DH groups 14, 15, 16 IKE cipher suites: ● AES128-CBC - SHA1 ● AES256-CBC - SHA1 ● AES256-CBC - SHA2 ● AES128-CBC - S
141403	CISCO861-K9	routers	qos_features	4e02e9b6f92bde03	true	family:mismatch	["Weighted Fair Queuing (WFQ)","Class-Based WFQ (CBWFQ)","Class-Based QoS MIB"]	● Weighted Fair Queuing (WFQ) ● Class-Based WFQ (CBWFQ) ● Class-Based QoS MIB
141404	CISCO867-K9	routers	qos_features	4e02e9b6f92bde03	true	family:mismatch	["Weighted Fair Queuing (WFQ)","Class-Based WFQ (CBWFQ)","Class-Based QoS MIB"]	● Weighted Fair Queuing (WFQ) ● Class-Based WFQ (CBWFQ) ● Class-Based QoS MIB
141405	CISCO867W-GN-A-K9	routers	qos_features	4e02e9b6f92bde03	true	family:mismatch	["Weighted Fair Queuing (WFQ)","Class-Based WFQ (CBWFQ)","Class-Based QoS MIB"]	● Weighted Fair Queuing (WFQ) ● Class-Based WFQ (CBWFQ) ● Class-Based QoS MIB
147279	ISR1100-4G	routers	emc_emissions	585ea334a738d76f	true	family:mismatch	["EN55022/CISPR22","CFR 47 Part 15","ICES003","VCCI-V-3","AS/NZS CISPR22","CNS13438","EN300-386","EN61000-3-2","EN61000-	● EN55022/CISPR22, CFR 47 Part 15, ICES003, VCCI-V-3, AS/NZS CISPR22, CNS13438, EN300-386, EN61000-3-2, EN61000-3-3, KN2
147280	ISR1100-4G	routers	emc_immunity	585ea334a738d76f	true	family:mismatch	["EN55024/CISPR24","(EN61000-4-2, EN61000-4-3, EN61000-4-4, EN61000-4-5, EN61000-4-6, EN61000-4-11)","EN61000-6-1","KN24	● EN55024/CISPR24, (EN61000-4-2, EN61000-4-3, EN61000-4-4, EN61000-4-5, EN61000-4-6, EN61000-4-11), EN61000-6-1, KN24, T
147285	ISR1100-6G	routers	emc_emissions	585ea334a738d76f	true	family:mismatch	["EN55022/CISPR22","CFR 47 Part 15","ICES003","VCCI-V-3","AS/NZS CISPR22","CNS13438","EN300-386","EN61000-3-2","EN61000-	● EN55022/CISPR22, CFR 47 Part 15, ICES003, VCCI-V-3, AS/NZS CISPR22, CNS13438, EN300-386, EN61000-3-2, EN61000-3-3, KN2
147286	ISR1100-6G	routers	emc_immunity	585ea334a738d76f	true	family:mismatch	["EN55024/CISPR24","(EN61000-4-2, EN61000-4-3, EN61000-4-4, EN61000-4-5, EN61000-4-6, EN61000-4-11)","EN61000-6-1","KN24	● EN55024/CISPR24, (EN61000-4-2, EN61000-4-3, EN61000-4-4, EN61000-4-5, EN61000-4-6, EN61000-4-11), EN61000-6-1, KN24, T
147291	ISR1100X-4G	routers	emc_emissions	585ea334a738d76f	true	family:mismatch	["EN55022/CISPR22","CFR 47 Part 15","ICES003","VCCI-V-3","AS/NZS CISPR22","CNS13438","EN300-386","EN61000-3-2","EN61000-	● EN55022/CISPR22, CFR 47 Part 15, ICES003, VCCI-V-3, AS/NZS CISPR22, CNS13438, EN300-386, EN61000-3-2, EN61000-3-3, KN2
147292	ISR1100X-4G	routers	emc_immunity	585ea334a738d76f	true	family:mismatch	["EN55024/CISPR24","(EN61000-4-2, EN61000-4-3, EN61000-4-4, EN61000-4-5, EN61000-4-6, EN61000-4-11)","EN61000-6-1","KN24	● EN55024/CISPR24, (EN61000-4-2, EN61000-4-3, EN61000-4-4, EN61000-4-5, EN61000-4-6, EN61000-4-11), EN61000-6-1, KN24, T
147297	ISR1100X-6G	routers	emc_emissions	585ea334a738d76f	true	family:mismatch	["EN55022/CISPR22","CFR 47 Part 15","ICES003","VCCI-V-3","AS/NZS CISPR22","CNS13438","EN300-386","EN61000-3-2","EN61000-	● EN55022/CISPR22, CFR 47 Part 15, ICES003, VCCI-V-3, AS/NZS CISPR22, CNS13438, EN300-386, EN61000-3-2, EN61000-3-3, KN2
147298	ISR1100X-6G	routers	emc_immunity	585ea334a738d76f	true	family:mismatch	["EN55024/CISPR24","(EN61000-4-2, EN61000-4-3, EN61000-4-4, EN61000-4-5, EN61000-4-6, EN61000-4-11)","EN61000-6-1","KN24	● EN55024/CISPR24, (EN61000-4-2, EN61000-4-3, EN61000-4-4, EN61000-4-5, EN61000-4-6, EN61000-4-11), EN61000-6-1, KN24, T
197666	RV160W-A-K9-AU	routers	supported_protocols	8681e4a656ec9835	true	family:mismatch	["Dynamic Host Configuration Protocol (DHCP) server","Point-to-Point Protocol over Ethernet (PPPoE)","Point-to-Point Tun	● Dynamic Host Configuration Protocol (DHCP) server ● Point-to-Point Protocol over Ethernet (PPPoE) ● Point-to-Point Tun
141731	IR8140H-K9	routers	qos_features	3f4ba2d43e77a0e4	true	family:mismatch	["Provides LTE QoS with support for up to 8 concurrent bearers on each cellular WAN interface for traffic classification	● Provides LTE QoS with support for up to 8 concurrent bearers on each cellular WAN interface for traffic classification
141732	IR8340-K9	routers	crypto_algorithms	a330b9242b320fa0	true	family:mismatch	["Encryption: AES-256 (in CBC and GCM modes)","IKE","Cisco Public Key Infrastructure (PKI) Authentication: AAA","RSA (20	Encryption: AES-256 (in CBC and GCM modes), IKE, Cisco Public Key Infrastructure (PKI) Authentication: AAA, RSA (2048 bi
141733	IR8340-K9	routers	humidity_storage	a330b9242b320fa0	true	family:mismatch	{"max":95,"min":5}	5% to 95% noncondensing
141742	IR8140H-P-K9	routers	qos_features	3f4ba2d43e77a0e4	true	family:mismatch	["Provides LTE QoS with support for up to 8 concurrent bearers on each cellular WAN interface for traffic classification	● Provides LTE QoS with support for up to 8 concurrent bearers on each cellular WAN interface for traffic classification
77406	C819G-S-K9	routers	programming_interfaces	eeedf4783e30b825	true	family:mismatch	["Cisco IOS Software CLI"]	Cisco IOS Software CLI
77495	C819HWD-E-K9	routers	programming_interfaces	eeedf4783e30b825	true	family:mismatch	["Cisco IOS Software CLI"]	Cisco IOS Software CLI
77729	C812G-CIFI-V-A-K9	routers	programming_interfaces	561c0f07d63e8571	true	family:mismatch	["Cisco IOS Software CLI"]	Cisco IOS Software CLI
77863	C819G+7-K9	routers	programming_interfaces	eeedf4783e30b825	true	family:mismatch	["Cisco IOS Software CLI"]	Cisco IOS Software CLI
78119	C886VAJ	routers	flash	4fb41a26e3dd6255	true	family:mismatch	0.125	● 128 MB on Cisco 880 Series data, embedded 3G Wireless WAN (WWAN), and Cisco Unified Border Element models ● 256 MB on 
197668	RV160W-E-K9-G5	routers	supported_protocols	8681e4a656ec9835	true	family:mismatch	["Dynamic Host Configuration Protocol (DHCP) server","Point-to-Point Protocol over Ethernet (PPPoE)","Point-to-Point Tun	● Dynamic Host Configuration Protocol (DHCP) server ● Point-to-Point Protocol over Ethernet (PPPoE) ● Point-to-Point Tun
197670	RV160W-E-K9-JP	routers	supported_protocols	8681e4a656ec9835	true	family:mismatch	["Dynamic Host Configuration Protocol (DHCP) server","Point-to-Point Protocol over Ethernet (PPPoE)","Point-to-Point Tun	● Dynamic Host Configuration Protocol (DHCP) server ● Point-to-Point Protocol over Ethernet (PPPoE) ● Point-to-Point Tun
78241	C899G-LTE-NA-K9	routers	dram	30684916aee80d45	true	family:mismatch	1	1 GB
78354	C897VAGW-LTE-GAEK9	routers	dram	30684916aee80d45	true	family:mismatch	1	1 GB
78384	C896VAG-LTE-GA-K9	routers	dram	30684916aee80d45	true	family:mismatch	1	1 GB
197675	RV160W-A-K9-BR	routers	supported_protocols	8681e4a656ec9835	true	family:mismatch	["Dynamic Host Configuration Protocol (DHCP) server","Point-to-Point Protocol over Ethernet (PPPoE)","Point-to-Point Tun	● Dynamic Host Configuration Protocol (DHCP) server ● Point-to-Point Protocol over Ethernet (PPPoE) ● Point-to-Point Tun
78451	C898EAG-LTE-LA-K9	routers	dram	8bdfe7347c556d84	true	family:mismatch	1	1 GB
78474	C891-24X/K9	routers	dram	d527fab196e02ec3	true	family:mismatch	0.5	● Default 512MB ● Up to 1 GB on Cisco 892FSP, 896VA, 897VA, 897VAB, 898EA, 891F, and 891-24X data models; upgrade option
78476	C897VAGW-LTE	routers	dram	30684916aee80d45	true	family:mismatch	1	1 GB
78524	C887VA-W-E-K9	routers	flash	4fb41a26e3dd6255	true	family:mismatch	0.125	● 128 MB on Cisco 880 Series data, embedded 3G Wireless WAN (WWAN), and Cisco Unified Border Element models ● 256 MB on 
78538	C899G-LTE-LA-K9	routers	dram	8bdfe7347c556d84	true	family:mismatch	1	1 GB
78540	C899G-LTE-LA-K9	routers	flash	8bdfe7347c556d84	true	family:mismatch	1	1 GB
197684	RV160W-A-K9-AR	routers	supported_protocols	8681e4a656ec9835	true	family:mismatch	["Dynamic Host Configuration Protocol (DHCP) server","Point-to-Point Protocol over Ethernet (PPPoE)","Point-to-Point Tun	● Dynamic Host Configuration Protocol (DHCP) server ● Point-to-Point Protocol over Ethernet (PPPoE) ● Point-to-Point Tun
197685	RV160W-A-K9-NA	routers	supported_protocols	8681e4a656ec9835	true	family:mismatch	["Dynamic Host Configuration Protocol (DHCP) server","Point-to-Point Protocol over Ethernet (PPPoE)","Point-to-Point Tun	● Dynamic Host Configuration Protocol (DHCP) server ● Point-to-Point Protocol over Ethernet (PPPoE) ● Point-to-Point Tun
197687	RV160W	routers	supported_protocols	8681e4a656ec9835	true	family:mismatch	["Dynamic Host Configuration Protocol (DHCP) server","Point-to-Point Protocol over Ethernet (PPPoE)","Point-to-Point Tun	● Dynamic Host Configuration Protocol (DHCP) server ● Point-to-Point Protocol over Ethernet (PPPoE) ● Point-to-Point Tun
197692	RV160W-I-K9-IN	routers	supported_protocols	8681e4a656ec9835	true	family:mismatch	["Dynamic Host Configuration Protocol (DHCP) server","Point-to-Point Protocol over Ethernet (PPPoE)","Point-to-Point Tun	● Dynamic Host Configuration Protocol (DHCP) server ● Point-to-Point Protocol over Ethernet (PPPoE) ● Point-to-Point Tun
197693	RV160W-R-K8-RU	routers	supported_protocols	8681e4a656ec9835	true	family:mismatch	["Dynamic Host Configuration Protocol (DHCP) server","Point-to-Point Protocol over Ethernet (PPPoE)","Point-to-Point Tun	● Dynamic Host Configuration Protocol (DHCP) server ● Point-to-Point Protocol over Ethernet (PPPoE) ● Point-to-Point Tun
142600	RV160W-A-K9-AU	routers	humidity_storage	8681e4a656ec9835	true	family:mismatch	{"max":90,"min":5}	5% to 90% noncondensing
142608	RV160W-E-K9-G5	routers	humidity_storage	8681e4a656ec9835	true	family:mismatch	{"max":90,"min":5}	5% to 90% noncondensing
142615	RV160W-E-K9-JP	routers	humidity_storage	8681e4a656ec9835	true	family:mismatch	{"max":90,"min":5}	5% to 90% noncondensing
142634	RV160W-A-K9-BR	routers	humidity_storage	8681e4a656ec9835	true	family:mismatch	{"max":90,"min":5}	5% to 90% noncondensing
142671	RV160W-A-K9-AR	routers	humidity_storage	8681e4a656ec9835	true	family:mismatch	{"max":90,"min":5}	5% to 90% noncondensing
142672	RV160W-A-K9-NA	routers	humidity_storage	8681e4a656ec9835	true	family:mismatch	{"max":90,"min":5}	5% to 90% noncondensing
142686	RV160W	routers	humidity_storage	8681e4a656ec9835	true	family:mismatch	{"max":90,"min":5}	5% to 90% noncondensing
142687	RV160W-C-K9-CN	routers	humidity_storage	8681e4a656ec9835	true	family:mismatch	{"max":90,"min":5}	5% to 90% noncondensing
142696	RV160W-I-K9-IN	routers	humidity_storage	8681e4a656ec9835	true	family:mismatch	{"max":90,"min":5}	5% to 90% noncondensing
142708	RV160W-R-K8-RU	routers	humidity_storage	8681e4a656ec9835	true	family:mismatch	{"max":90,"min":5}	5% to 90% noncondensing
69859	3G/4G	routers	programming_interfaces	182e3672a258ad84	true	family:mismatch	["● Cisco IOS Software Command Line Interface (CLI)"]	● Cisco IOS Software Command Line Interface (CLI)
69861	3G/4G	routers	flash	182e3672a258ad84	true	family:mismatch	8	8 GB eMMC (4GB usable)
69862	3G/4G	routers	temp_operating	182e3672a258ad84	true	family:mismatch	{"max":60,"min":-40}	-40° to 140°F (-40° to 60°C) in a sealed NEMA cabinet with no airflow -40° to 158°F (-40° to 70°C) in a vented cabinet w
69864	3G/4G	routers	emc_immunity	182e3672a258ad84	true	family:mismatch	["CISPR24: 2010 + A1: 2015 EN 300 386 V1.6.1 EN 55024: 2010 + A1: 2015 EN 55035: 2017 KN35: 2015 TCVN 7317:2003 QCVN 18:	CISPR24: 2010 + A1: 2015 EN 300 386 V1.6.1 EN 55024: 2010 + A1: 2015 EN 55035: 2017 KN35: 2015 TCVN 7317:2003 QCVN 18:20
204273	IR8140H-K9	routers	supported_protocols	3f4ba2d43e77a0e4	true	family:mismatch	["IPv6","IPv6 ACLs","IPv6 routing (Static, RIPng, EIGRP, OSPFv3, MP-BGP)"]	● IPv6 addressing architecture ● IPv6 unicast and multicast forwarding ● IPv6 ACLs ● IPv6 over cellular ● IPv6 routing (
204274	IR8140H-P-K9	routers	supported_protocols	3f4ba2d43e77a0e4	true	family:mismatch	["IPv6","IPv6 ACLs","IPv6 routing (Static, RIPng, EIGRP, OSPFv3, MP-BGP)"]	● IPv6 addressing architecture ● IPv6 unicast and multicast forwarding ● IPv6 ACLs ● IPv6 over cellular ● IPv6 routing (
142943	UCS-E1100D-M6/K9	servers-unified-computing	qos_features	f06b537d8957ff32	true	family:mismatch	["Quality of Service (QoS)","Class-Based Weighted Fair Queuing (CBWFQ)","Weighted Random Early Detection (WRED)","Hierar	Quality of Service (QoS), Class-Based Weighted Fair Queuing (CBWFQ), Weighted Random Early Detection (WRED), Hierarchica
142945	UCS-E1100D-M6/K9	servers-unified-computing	humidity_storage	f06b537d8957ff32	true	family:mismatch	{"max":85,"min":5}	Ambient (noncondensing) operating: 5 to 85% Ambient (noncondensing) nonoperating and storage: 5 to 95%
142946	UCS-E180D-M3/K9	servers-unified-computing	qos_features	f06b537d8957ff32	true	family:mismatch	["Quality of Service (QoS)","Class-Based Weighted Fair Queuing (CBWFQ)","Weighted Random Early Detection (WRED)","Hierar	Quality of Service (QoS), Class-Based Weighted Fair Queuing (CBWFQ), Weighted Random Early Detection (WRED), Hierarchica
142948	UCS-E180D-M3/K9	servers-unified-computing	humidity_storage	f06b537d8957ff32	true	family:mismatch	{"max":85,"min":5}	Ambient (noncondensing) operating: 5 to 85% Ambient (noncondensing) nonoperating and storage: 5 to 95%
142949	UCS-E160S-M3/K9	servers-unified-computing	qos_features	f06b537d8957ff32	true	family:mismatch	["Quality of Service (QoS)","Class-Based Weighted Fair Queuing (CBWFQ)","Weighted Random Early Detection (WRED)","Hierar	Quality of Service (QoS), Class-Based Weighted Fair Queuing (CBWFQ), Weighted Random Early Detection (WRED), Hierarchica
142951	UCS-E160S-M3/K9	servers-unified-computing	humidity_storage	f06b537d8957ff32	true	family:mismatch	{"max":85,"min":5}	Ambient (noncondensing) operating: 5 to 85% Ambient (noncondensing) nonoperating and storage: 5 to 95%
142952	UCS-E1120D-M3/K9	servers-unified-computing	qos_features	f06b537d8957ff32	true	family:mismatch	["Quality of Service (QoS)","Class-Based Weighted Fair Queuing (CBWFQ)","Weighted Random Early Detection (WRED)","Hierar	Quality of Service (QoS), Class-Based Weighted Fair Queuing (CBWFQ), Weighted Random Early Detection (WRED), Hierarchica
142954	UCS-E1120D-M3/K9	servers-unified-computing	humidity_storage	f06b537d8957ff32	true	family:mismatch	{"max":85,"min":5}	Ambient (noncondensing) operating: 5 to 85% Ambient (noncondensing) nonoperating and storage: 5 to 95%
147728	N9K-C9332C	switches	emc_immunity	c78a555a57fdf671	true	family:mismatch	["EN55024","CISPR24","EN300386","KN 61000-4 series"]	● EN55024 ● CISPR24 ● EN300386 ● KN 61000-4 series
147729	N9K-C9364C	switches	emc_immunity	c78a555a57fdf671	true	family:mismatch	["EN55024","CISPR24","EN300386","KN 61000-4 series"]	● EN55024 ● CISPR24 ● EN300386 ● KN 61000-4 series
84916	CG113-W6x	routers	encryption	8a809a45d23ecd5e	true	family:mismatch	"IPsec"	IPsec
143175	N540-24Z8Q2C-SYS	routers	qos_features	f479514a178c24b1	true	family:mismatch	["Class-based 3-level Hierarchical QoS Virtual Output Queueing (VOQ) Policing","Shaping Multi-level priority queuing Cla	Class-based 3-level Hierarchical QoS Virtual Output Queueing (VOQ) Policing, Shaping Multi-level priority queuing Classi
143176	N540-ACC-SYS	routers	qos_features	f479514a178c24b1	true	family:mismatch	["Class-based 3-level Hierarchical QoS Virtual Output Queueing (VOQ) Policing","Shaping Multi-level priority queuing Cla	Class-based 3-level Hierarchical QoS Virtual Output Queueing (VOQ) Policing, Shaping Multi-level priority queuing Classi
143177	N540X-ACC-SYS	routers	qos_features	f479514a178c24b1	true	family:mismatch	["Class-based 3-level Hierarchical QoS Virtual Output Queueing (VOQ) Policing","Shaping Multi-level priority queuing Cla	Class-based 3-level Hierarchical QoS Virtual Output Queueing (VOQ) Policing, Shaping Multi-level priority queuing Classi
143200	N540-6Z14S-SYS-D	routers	qos_features	2bd1acffb3643746	true	family:mismatch	["Class-based 3-level Hierarchical QoS Virtual Output Queueing (VOQ) Policing","Shaping Multilevel priority queuing Matc	Class-based 3-level Hierarchical QoS Virtual Output Queueing (VOQ) Policing, Shaping Multilevel priority queuing Match, 
143203	N540-24Q8L2DD-SYS	routers	qos_features	4e88992fc80b83c6	true	family:mismatch	["Class-based 3-level Hierarchical QoS Virtual Output Queueing (VOQ) Policing","Shaping Multi-level priority queuing Cla	Class-based 3-level Hierarchical QoS Virtual Output Queueing (VOQ) Policing, Shaping Multi-level priority queuing Classi
143204	N540-24Q2C2DD-SYS	routers	qos_features	4e88992fc80b83c6	true	family:mismatch	["Class-based 3-level Hierarchical QoS Virtual Output Queueing (VOQ) Policing","Shaping Multi-level priority queuing Cla	Class-based 3-level Hierarchical QoS Virtual Output Queueing (VOQ) Policing, Shaping Multi-level priority queuing Classi
143286	C1121-4P	routers	emc_emissions	3c9af914be303043	true	family:mismatch	["EN55022/CISPR22","CFR 47 Part 15","ICES003","VCCI-V-3","AS/NZS CISPR22","CNS13438","EN300-386","EN61000-3-2","EN61000-	EN55022/CISPR22, CFR 47 Part 15, ICES003, VCCI-V-3, AS/NZS CISPR22, CNS13438, EN300-386, EN61000-3-2, EN61000-3-3, EN610
143287	C1121-4P	routers	emc_immunity	3c9af914be303043	true	family:mismatch	["EN55024/CISPR24","EN61000-4-2","EN61000-4-3","EN61000-4-4","EN61000-4-5","EN61000-4-6","EN61000-4-11","EN300-386"]	EN55024/CISPR24, EN61000-4-2, EN61000-4-3, EN61000-4-4, EN61000-4-5, EN61000-4-6, EN61000-4-11, EN300-386
143288	C1121-4PLTEP	routers	emc_emissions	3c9af914be303043	true	family:mismatch	["EN55022/CISPR22","CFR 47 Part 15","ICES003","VCCI-V-3","AS/NZS CISPR22","CNS13438","EN300-386","EN61000-3-2","EN61000-	EN55022/CISPR22, CFR 47 Part 15, ICES003, VCCI-V-3, AS/NZS CISPR22, CNS13438, EN300-386, EN61000-3-2, EN61000-3-3, EN610
143289	C1121-4PLTEP	routers	emc_immunity	3c9af914be303043	true	family:mismatch	["EN55024/CISPR24","EN61000-4-2","EN61000-4-3","EN61000-4-4","EN61000-4-5","EN61000-4-6","EN61000-4-11","EN300-386"]	EN55024/CISPR24, EN61000-4-2, EN61000-4-3, EN61000-4-4, EN61000-4-5, EN61000-4-6, EN61000-4-11, EN300-386
143290	C1128-8PLTEP	routers	emc_emissions	3c9af914be303043	true	family:mismatch	["EN55022/CISPR22","CFR 47 Part 15","ICES003","VCCI-V-3","AS/NZS CISPR22","CNS13438","EN300-386","EN61000-3-2","EN61000-	EN55022/CISPR22, CFR 47 Part 15, ICES003, VCCI-V-3, AS/NZS CISPR22, CNS13438, EN300-386, EN61000-3-2, EN61000-3-3, EN610
143291	C1128-8PLTEP	routers	emc_immunity	3c9af914be303043	true	family:mismatch	["EN55024/CISPR24","EN61000-4-2","EN61000-4-3","EN61000-4-4","EN61000-4-5","EN61000-4-6","EN61000-4-11","EN300-386"]	EN55024/CISPR24, EN61000-4-2, EN61000-4-3, EN61000-4-4, EN61000-4-5, EN61000-4-6, EN61000-4-11, EN300-386
143292	C1111-4P	routers	emc_emissions	3c9af914be303043	true	family:mismatch	["EN55022/CISPR22","CFR 47 Part 15","ICES003","VCCI-V-3","AS/NZS CISPR22","CNS13438","EN300-386","EN61000-3-2","EN61000-	EN55022/CISPR22, CFR 47 Part 15, ICES003, VCCI-V-3, AS/NZS CISPR22, CNS13438, EN300-386, EN61000-3-2, EN61000-3-3, EN610
143293	C1111-4P	routers	emc_immunity	3c9af914be303043	true	family:mismatch	["EN55024/CISPR24","EN61000-4-2","EN61000-4-3","EN61000-4-4","EN61000-4-5","EN61000-4-6","EN61000-4-11","EN300-386"]	EN55024/CISPR24, EN61000-4-2, EN61000-4-3, EN61000-4-4, EN61000-4-5, EN61000-4-6, EN61000-4-11, EN300-386
143294	C1111-4PLTEEA/LA	routers	emc_emissions	3c9af914be303043	true	family:mismatch	["EN55022/CISPR22","CFR 47 Part 15","ICES003","VCCI-V-3","AS/NZS CISPR22","CNS13438","EN300-386","EN61000-3-2","EN61000-	EN55022/CISPR22, CFR 47 Part 15, ICES003, VCCI-V-3, AS/NZS CISPR22, CNS13438, EN300-386, EN61000-3-2, EN61000-3-3, EN610
143295	C1111-4PLTEEA/LA	routers	emc_immunity	3c9af914be303043	true	family:mismatch	["EN55024/CISPR24","EN61000-4-2","EN61000-4-3","EN61000-4-4","EN61000-4-5","EN61000-4-6","EN61000-4-11","EN300-386"]	EN55024/CISPR24, EN61000-4-2, EN61000-4-3, EN61000-4-4, EN61000-4-5, EN61000-4-6, EN61000-4-11, EN300-386
143296	C1116-4P	routers	emc_emissions	3c9af914be303043	true	family:mismatch	["EN55022/CISPR22","CFR 47 Part 15","ICES003","VCCI-V-3","AS/NZS CISPR22","CNS13438","EN300-386","EN61000-3-2","EN61000-	EN55022/CISPR22, CFR 47 Part 15, ICES003, VCCI-V-3, AS/NZS CISPR22, CNS13438, EN300-386, EN61000-3-2, EN61000-3-3, EN610
143297	C1116-4P	routers	emc_immunity	3c9af914be303043	true	family:mismatch	["EN55024/CISPR24","EN61000-4-2","EN61000-4-3","EN61000-4-4","EN61000-4-5","EN61000-4-6","EN61000-4-11","EN300-386"]	EN55024/CISPR24, EN61000-4-2, EN61000-4-3, EN61000-4-4, EN61000-4-5, EN61000-4-6, EN61000-4-11, EN300-386
143298	C1116-4PWE	routers	emc_emissions	3c9af914be303043	true	family:mismatch	["EN55022/CISPR22","CFR 47 Part 15","ICES003","VCCI-V-3","AS/NZS CISPR22","CNS13438","EN300-386","EN61000-3-2","EN61000-	EN55022/CISPR22, CFR 47 Part 15, ICES003, VCCI-V-3, AS/NZS CISPR22, CNS13438, EN300-386, EN61000-3-2, EN61000-3-3, EN610
143299	C1116-4PWE	routers	emc_immunity	3c9af914be303043	true	family:mismatch	["EN55024/CISPR24","EN61000-4-2","EN61000-4-3","EN61000-4-4","EN61000-4-5","EN61000-4-6","EN61000-4-11","EN300-386"]	EN55024/CISPR24, EN61000-4-2, EN61000-4-3, EN61000-4-4, EN61000-4-5, EN61000-4-6, EN61000-4-11, EN300-386
143300	C1111-8PLTEEA/LA	routers	emc_emissions	3c9af914be303043	true	family:mismatch	["EN55022/CISPR22","CFR 47 Part 15","ICES003","VCCI-V-3","AS/NZS CISPR22","CNS13438","EN300-386","EN61000-3-2","EN61000-	EN55022/CISPR22, CFR 47 Part 15, ICES003, VCCI-V-3, AS/NZS CISPR22, CNS13438, EN300-386, EN61000-3-2, EN61000-3-3, EN610
143301	C1111-8PLTEEA/LA	routers	emc_immunity	3c9af914be303043	true	family:mismatch	["EN55024/CISPR24","EN61000-4-2","EN61000-4-3","EN61000-4-4","EN61000-4-5","EN61000-4-6","EN61000-4-11","EN300-386"]	EN55024/CISPR24, EN61000-4-2, EN61000-4-3, EN61000-4-4, EN61000-4-5, EN61000-4-6, EN61000-4-11, EN300-386
143302	C1112-8P	routers	emc_emissions	3c9af914be303043	true	family:mismatch	["EN55022/CISPR22","CFR 47 Part 15","ICES003","VCCI-V-3","AS/NZS CISPR22","CNS13438","EN300-386","EN61000-3-2","EN61000-	EN55022/CISPR22, CFR 47 Part 15, ICES003, VCCI-V-3, AS/NZS CISPR22, CNS13438, EN300-386, EN61000-3-2, EN61000-3-3, EN610
143303	C1112-8P	routers	emc_immunity	3c9af914be303043	true	family:mismatch	["EN55024/CISPR24","EN61000-4-2","EN61000-4-3","EN61000-4-4","EN61000-4-5","EN61000-4-6","EN61000-4-11","EN300-386"]	EN55024/CISPR24, EN61000-4-2, EN61000-4-3, EN61000-4-4, EN61000-4-5, EN61000-4-6, EN61000-4-11, EN300-386
143304	C1112-8PWE	routers	emc_emissions	3c9af914be303043	true	family:mismatch	["EN55022/CISPR22","CFR 47 Part 15","ICES003","VCCI-V-3","AS/NZS CISPR22","CNS13438","EN300-386","EN61000-3-2","EN61000-	EN55022/CISPR22, CFR 47 Part 15, ICES003, VCCI-V-3, AS/NZS CISPR22, CNS13438, EN300-386, EN61000-3-2, EN61000-3-3, EN610
143305	C1112-8PWE	routers	emc_immunity	3c9af914be303043	true	family:mismatch	["EN55024/CISPR24","EN61000-4-2","EN61000-4-3","EN61000-4-4","EN61000-4-5","EN61000-4-6","EN61000-4-11","EN300-386"]	EN55024/CISPR24, EN61000-4-2, EN61000-4-3, EN61000-4-4, EN61000-4-5, EN61000-4-6, EN61000-4-11, EN300-386
143306	C1118-8P	routers	emc_emissions	3c9af914be303043	true	family:mismatch	["EN55022/CISPR22","CFR 47 Part 15","ICES003","VCCI-V-3","AS/NZS CISPR22","CNS13438","EN300-386","EN61000-3-2","EN61000-	EN55022/CISPR22, CFR 47 Part 15, ICES003, VCCI-V-3, AS/NZS CISPR22, CNS13438, EN300-386, EN61000-3-2, EN61000-3-3, EN610
143307	C1118-8P	routers	emc_immunity	3c9af914be303043	true	family:mismatch	["EN55024/CISPR24","EN61000-4-2","EN61000-4-3","EN61000-4-4","EN61000-4-5","EN61000-4-6","EN61000-4-11","EN300-386"]	EN55024/CISPR24, EN61000-4-2, EN61000-4-3, EN61000-4-4, EN61000-4-5, EN61000-4-6, EN61000-4-11, EN300-386
143310	C1111X-8P	routers	emc_emissions	3c9af914be303043	true	family:mismatch	["EN55022/CISPR22","CFR 47 Part 15","ICES003","VCCI-V-3","AS/NZS CISPR22","CNS13438","EN300-386","EN61000-3-2","EN61000-	EN55022/CISPR22, CFR 47 Part 15, ICES003, VCCI-V-3, AS/NZS CISPR22, CNS13438, EN300-386, EN61000-3-2, EN61000-3-3, EN610
143311	C1111X-8P	routers	emc_immunity	3c9af914be303043	true	family:mismatch	["EN55024/CISPR24","EN61000-4-2","EN61000-4-3","EN61000-4-4","EN61000-4-5","EN61000-4-6","EN61000-4-11","EN300-386"]	EN55024/CISPR24, EN61000-4-2, EN61000-4-3, EN61000-4-4, EN61000-4-5, EN61000-4-6, EN61000-4-11, EN300-386
143315	C1101-4P	routers	emc_emissions	3c9af914be303043	true	family:mismatch	["EN55022/CISPR22","CFR 47 Part 15","ICES003","VCCI-V-3","AS/NZS CISPR22","CNS13438","EN300-386","EN61000-3-2","EN61000-	EN55022/CISPR22, CFR 47 Part 15, ICES003, VCCI-V-3, AS/NZS CISPR22, CNS13438, EN300-386, EN61000-3-2, EN61000-3-3, EN610
143316	C1101-4P	routers	emc_immunity	3c9af914be303043	true	family:mismatch	["EN55024/CISPR24","EN61000-4-2","EN61000-4-3","EN61000-4-4","EN61000-4-5","EN61000-4-6","EN61000-4-11","EN300-386"]	EN55024/CISPR24, EN61000-4-2, EN61000-4-3, EN61000-4-4, EN61000-4-5, EN61000-4-6, EN61000-4-11, EN300-386
143318	C1101-4PLTEP	routers	emc_emissions	3c9af914be303043	true	family:mismatch	["EN55022/CISPR22","CFR 47 Part 15","ICES003","VCCI-V-3","AS/NZS CISPR22","CNS13438","EN300-386","EN61000-3-2","EN61000-	EN55022/CISPR22, CFR 47 Part 15, ICES003, VCCI-V-3, AS/NZS CISPR22, CNS13438, EN300-386, EN61000-3-2, EN61000-3-3, EN610
143319	C1101-4PLTEP	routers	emc_immunity	3c9af914be303043	true	family:mismatch	["EN55024/CISPR24","EN61000-4-2","EN61000-4-3","EN61000-4-4","EN61000-4-5","EN61000-4-6","EN61000-4-11","EN300-386"]	EN55024/CISPR24, EN61000-4-2, EN61000-4-3, EN61000-4-4, EN61000-4-5, EN61000-4-6, EN61000-4-11, EN300-386
143320	C1109-4PLTE2P	routers	emc_emissions	3c9af914be303043	true	family:mismatch	["EN55022/CISPR22","CFR 47 Part 15","ICES003","VCCI-V-3","AS/NZS CISPR22","CNS13438","EN300-386","EN61000-3-2","EN61000-	EN55022/CISPR22, CFR 47 Part 15, ICES003, VCCI-V-3, AS/NZS CISPR22, CNS13438, EN300-386, EN61000-3-2, EN61000-3-3, EN610
143321	C1109-4PLTE2P	routers	emc_immunity	3c9af914be303043	true	family:mismatch	["EN55024/CISPR24","EN61000-4-2","EN61000-4-3","EN61000-4-4","EN61000-4-5","EN61000-4-6","EN61000-4-11","EN300-386"]	EN55024/CISPR24, EN61000-4-2, EN61000-4-3, EN61000-4-4, EN61000-4-5, EN61000-4-6, EN61000-4-11, EN300-386
71693	A900-IMA-8CS1Z=	routers	humidity_operating	997ed055b31fb1c4	true	family:mismatch	{"max":95,"min":5}	5 to 95%, noncondensing
143609	C881G-4G	routers	programming_interfaces	30684916aee80d45	true	family:mismatch	["Cisco IOS Software CLI"]	● Cisco IOS Software CLI
143611	C881G-4G	routers	emc_emissions	30684916aee80d45	true	family:mismatch	["EN55022/CISPR22","CFR 47 Part 15","ICES003","VCCI-V-3","AS/NZS CISPR22","CNS13438","EN300-386","EN61000-3-2","EN61000-	EN55022/CISPR22, CFR 47 Part 15, ICES003, VCCI-V-3, AS/NZS CISPR22, CNS13438, EN300-386, EN61000-3-2, EN61000-3-3, and E
143612	C881G-4G	routers	emc_immunity	30684916aee80d45	true	family:mismatch	["EN55024/CISPR24","(EN61000-4-2, EN61000-4-3, EN61000-4-4, EN61000-4-5, EN61000-4-6, EN61000-4-11)","EN300-386"]	EN55024/CISPR24, (EN61000-4-2, EN61000-4-3, EN61000-4-4, EN61000-4-5, EN61000-4-6, EN61000-4-11), and EN300-386
140907	C899G-LTE	routers	qos_features	30684916aee80d45	true	family:mismatch	["Provides traffic precedence to delay-sensitive or prioritized applications.","Facilitates low-latency routing of delay	● Provides traffic precedence to delay-sensitive or prioritized applications. ● Facilitates low-latency routing of delay
143613	C899G-LTE	routers	programming_interfaces	30684916aee80d45	true	family:mismatch	["Cisco IOS Software CLI"]	● Cisco IOS Software CLI
143615	C899G-LTE	routers	emc_emissions	30684916aee80d45	true	family:mismatch	["EN55022/CISPR22","CFR 47 Part 15","ICES003","VCCI-V-3","AS/NZS CISPR22","CNS13438","EN300-386","EN61000-3-2","EN61000-	EN55022/CISPR22, CFR 47 Part 15, ICES003, VCCI-V-3, AS/NZS CISPR22, CNS13438, EN300-386, EN61000-3-2, EN61000-3-3, and E
143616	C899G-LTE	routers	emc_immunity	30684916aee80d45	true	family:mismatch	["EN55024/CISPR24","(EN61000-4-2, EN61000-4-3, EN61000-4-4, EN61000-4-5, EN61000-4-6, EN61000-4-11)","EN300-386"]	EN55024/CISPR24, (EN61000-4-2, EN61000-4-3, EN61000-4-4, EN61000-4-5, EN61000-4-6, EN61000-4-11), and EN300-386
143617	C896VAG-LTE	routers	programming_interfaces	30684916aee80d45	true	family:mismatch	["Cisco IOS Software CLI"]	● Cisco IOS Software CLI
143619	C896VAG-LTE	routers	emc_emissions	30684916aee80d45	true	family:mismatch	["EN55022/CISPR22","CFR 47 Part 15","ICES003","VCCI-V-3","AS/NZS CISPR22","CNS13438","EN300-386","EN61000-3-2","EN61000-	EN55022/CISPR22, CFR 47 Part 15, ICES003, VCCI-V-3, AS/NZS CISPR22, CNS13438, EN300-386, EN61000-3-2, EN61000-3-3, and E
143620	C896VAG-LTE	routers	emc_immunity	30684916aee80d45	true	family:mismatch	["EN55024/CISPR24","(EN61000-4-2, EN61000-4-3, EN61000-4-4, EN61000-4-5, EN61000-4-6, EN61000-4-11)","EN300-386"]	EN55024/CISPR24, (EN61000-4-2, EN61000-4-3, EN61000-4-4, EN61000-4-5, EN61000-4-6, EN61000-4-11), and EN300-386
140914	C898EAG-LTE	routers	qos_features	30684916aee80d45	true	family:mismatch	["Provides traffic precedence to delay-sensitive or prioritized applications.","Facilitates low-latency routing of delay	● Provides traffic precedence to delay-sensitive or prioritized applications. ● Facilitates low-latency routing of delay
143621	C898EAG-LTE	routers	programming_interfaces	30684916aee80d45	true	family:mismatch	["Cisco IOS Software CLI"]	● Cisco IOS Software CLI
143623	C898EAG-LTE	routers	emc_emissions	30684916aee80d45	true	family:mismatch	["EN55022/CISPR22","CFR 47 Part 15","ICES003","VCCI-V-3","AS/NZS CISPR22","CNS13438","EN300-386","EN61000-3-2","EN61000-	EN55022/CISPR22, CFR 47 Part 15, ICES003, VCCI-V-3, AS/NZS CISPR22, CNS13438, EN300-386, EN61000-3-2, EN61000-3-3, and E
143624	C898EAG-LTE	routers	emc_immunity	30684916aee80d45	true	family:mismatch	["EN55024/CISPR24","(EN61000-4-2, EN61000-4-3, EN61000-4-4, EN61000-4-5, EN61000-4-6, EN61000-4-11)","EN300-386"]	EN55024/CISPR24, (EN61000-4-2, EN61000-4-3, EN61000-4-4, EN61000-4-5, EN61000-4-6, EN61000-4-11), and EN300-386
143625	C897VAGW-LTE	routers	programming_interfaces	30684916aee80d45	true	family:mismatch	["Cisco IOS Software CLI"]	● Cisco IOS Software CLI
143627	C897VAGW-LTE	routers	emc_emissions	30684916aee80d45	true	family:mismatch	["EN55022/CISPR22","CFR 47 Part 15","ICES003","VCCI-V-3","AS/NZS CISPR22","CNS13438","EN300-386","EN61000-3-2","EN61000-	EN55022/CISPR22, CFR 47 Part 15, ICES003, VCCI-V-3, AS/NZS CISPR22, CNS13438, EN300-386, EN61000-3-2, EN61000-3-3, and E
143628	C897VAGW-LTE	routers	emc_immunity	30684916aee80d45	true	family:mismatch	["EN55024/CISPR24","(EN61000-4-2, EN61000-4-3, EN61000-4-4, EN61000-4-5, EN61000-4-6, EN61000-4-11)","EN300-386"]	EN55024/CISPR24, (EN61000-4-2, EN61000-4-3, EN61000-4-4, EN61000-4-5, EN61000-4-6, EN61000-4-11), and EN300-386
143629	C899G-LTE-NA-K9	routers	programming_interfaces	30684916aee80d45	true	family:mismatch	["Cisco IOS Software CLI"]	● Cisco IOS Software CLI
143631	C899G-LTE-NA-K9	routers	emc_emissions	30684916aee80d45	true	family:mismatch	["EN55022/CISPR22","CFR 47 Part 15","ICES003","VCCI-V-3","AS/NZS CISPR22","CNS13438","EN300-386","EN61000-3-2","EN61000-	EN55022/CISPR22, CFR 47 Part 15, ICES003, VCCI-V-3, AS/NZS CISPR22, CNS13438, EN300-386, EN61000-3-2, EN61000-3-3, and E
143632	C899G-LTE-NA-K9	routers	emc_immunity	30684916aee80d45	true	family:mismatch	["EN55024/CISPR24","(EN61000-4-2, EN61000-4-3, EN61000-4-4, EN61000-4-5, EN61000-4-6, EN61000-4-11)","EN300-386"]	EN55024/CISPR24, (EN61000-4-2, EN61000-4-3, EN61000-4-4, EN61000-4-5, EN61000-4-6, EN61000-4-11), and EN300-386
143633	C899G-LTE-VZ-K9	routers	programming_interfaces	30684916aee80d45	true	family:mismatch	["Cisco IOS Software CLI"]	● Cisco IOS Software CLI
143635	C899G-LTE-VZ-K9	routers	emc_emissions	30684916aee80d45	true	family:mismatch	["EN55022/CISPR22","CFR 47 Part 15","ICES003","VCCI-V-3","AS/NZS CISPR22","CNS13438","EN300-386","EN61000-3-2","EN61000-	EN55022/CISPR22, CFR 47 Part 15, ICES003, VCCI-V-3, AS/NZS CISPR22, CNS13438, EN300-386, EN61000-3-2, EN61000-3-3, and E
143636	C899G-LTE-VZ-K9	routers	emc_immunity	30684916aee80d45	true	family:mismatch	["EN55024/CISPR24","(EN61000-4-2, EN61000-4-3, EN61000-4-4, EN61000-4-5, EN61000-4-6, EN61000-4-11)","EN300-386"]	EN55024/CISPR24, (EN61000-4-2, EN61000-4-3, EN61000-4-4, EN61000-4-5, EN61000-4-6, EN61000-4-11), and EN300-386
143637	C899G-LTE-ST-K9	routers	programming_interfaces	30684916aee80d45	true	family:mismatch	["Cisco IOS Software CLI"]	● Cisco IOS Software CLI
143639	C899G-LTE-ST-K9	routers	emc_emissions	30684916aee80d45	true	family:mismatch	["EN55022/CISPR22","CFR 47 Part 15","ICES003","VCCI-V-3","AS/NZS CISPR22","CNS13438","EN300-386","EN61000-3-2","EN61000-	EN55022/CISPR22, CFR 47 Part 15, ICES003, VCCI-V-3, AS/NZS CISPR22, CNS13438, EN300-386, EN61000-3-2, EN61000-3-3, and E
143640	C899G-LTE-ST-K9	routers	emc_immunity	30684916aee80d45	true	family:mismatch	["EN55024/CISPR24","(EN61000-4-2, EN61000-4-3, EN61000-4-4, EN61000-4-5, EN61000-4-6, EN61000-4-11)","EN300-386"]	EN55024/CISPR24, (EN61000-4-2, EN61000-4-3, EN61000-4-4, EN61000-4-5, EN61000-4-6, EN61000-4-11), and EN300-386
143641	C899G-LTE-JP-K9	routers	programming_interfaces	30684916aee80d45	true	family:mismatch	["Cisco IOS Software CLI"]	● Cisco IOS Software CLI
143643	C899G-LTE-JP-K9	routers	emc_emissions	30684916aee80d45	true	family:mismatch	["EN55022/CISPR22","CFR 47 Part 15","ICES003","VCCI-V-3","AS/NZS CISPR22","CNS13438","EN300-386","EN61000-3-2","EN61000-	EN55022/CISPR22, CFR 47 Part 15, ICES003, VCCI-V-3, AS/NZS CISPR22, CNS13438, EN300-386, EN61000-3-2, EN61000-3-3, and E
143644	C899G-LTE-JP-K9	routers	emc_immunity	30684916aee80d45	true	family:mismatch	["EN55024/CISPR24","(EN61000-4-2, EN61000-4-3, EN61000-4-4, EN61000-4-5, EN61000-4-6, EN61000-4-11)","EN300-386"]	EN55024/CISPR24, (EN61000-4-2, EN61000-4-3, EN61000-4-4, EN61000-4-5, EN61000-4-6, EN61000-4-11), and EN300-386
71729	A900-IMA-8Z-L=	routers	humidity_operating	997ed055b31fb1c4	true	family:mismatch	{"max":95,"min":5}	5 to 95%, noncondensing
71848	A900-IMA-8Z	routers	humidity_operating	997ed055b31fb1c4	true	family:mismatch	{"max":95,"min":5}	5 to 95%, noncondensing
71925	A900-IMA-8CS1Z	routers	humidity_operating	997ed055b31fb1c4	true	family:mismatch	{"max":95,"min":5}	5 to 95%, noncondensing
71928	A900-IMA-8Z-L	routers	humidity_operating	997ed055b31fb1c4	true	family:mismatch	{"max":95,"min":5}	5 to 95%, noncondensing
143957	C897VAG-LTE	routers	programming_interfaces	8bdfe7347c556d84	true	family:mismatch	["Cisco IOS Software CLI"]	● Cisco IOS Software CLI
143959	C897VAG-LTE	routers	emc_emissions	8bdfe7347c556d84	true	family:mismatch	["EN55022/CISPR22","CFR 47 Part 15","ICES003","VCCI-V-3","AS/NZS CISPR22","CNS13438","EN300-386","EN61000-3-2","EN61000-	EN55022/CISPR22, CFR 47 Part 15, ICES003, VCCI-V-3, AS/NZS CISPR22, CNS13438, EN300-386, EN61000-3-2, EN61000-3-3, and E
143960	C897VAG-LTE	routers	emc_immunity	8bdfe7347c556d84	true	family:mismatch	["EN55024/CISPR24","(EN61000-4-2, EN61000-4-3, EN61000-4-4, EN61000-4-5, EN61000-4-6, EN61000-4-11)","EN300-386"]	EN55024/CISPR24, (EN61000-4-2, EN61000-4-3, EN61000-4-4, EN61000-4-5, EN61000-4-6, EN61000-4-11), and EN300-386
204569	IR1833-K9	routers	supported_protocols	8e3a62fc89fc76f1	true	family:mismatch	["IPv6","IPv6 ACLs","DHCP","IPv6 routing (Static"]	● IPv6 addressing architecture ● IPv6 unicast and multicast forwarding ● IPv6 ACLs ● IPv6 over cellular, including DHCP 
204570	IR1835-K9	routers	supported_protocols	8e3a62fc89fc76f1	true	family:mismatch	["IPv6","IPv6 ACLs","DHCP","IPv6 routing (Static"]	● IPv6 addressing architecture ● IPv6 unicast and multicast forwarding ● IPv6 ACLs ● IPv6 over cellular, including DHCP 
205037	IR809G-LTE-NA-K9	cloud-systems-management	supported_protocols	1b6724676304801a	true	class:software	["IPv6","IPv6 ACLs","IPv6 routing"]	● IPv6 addressing architecture ● IPv6 unicast and multicast forwarding ● IPv6 ACLs ● IPv6 over cellular ● IPv6 routing ●
205042	IR809G-LTE-GA-K9	routers	supported_protocols	1b6724676304801a	true	family:mismatch	["IPv6","IPv6 ACLs","IPv6 routing"]	● IPv6 addressing architecture ● IPv6 unicast and multicast forwarding ● IPv6 ACLs ● IPv6 over cellular ● IPv6 routing ●
145088	C881G-4G-GA-K9	routers	programming_interfaces	30684916aee80d45	true	family:mismatch	["Cisco IOS Software CLI"]	● Cisco IOS Software CLI
145090	C881G-4G-GA-K9	routers	emc_emissions	30684916aee80d45	true	family:mismatch	["EN55022/CISPR22","CFR 47 Part 15","ICES003","VCCI-V-3","AS/NZS CISPR22","CNS13438","EN300-386","EN61000-3-2","EN61000-	EN55022/CISPR22, CFR 47 Part 15, ICES003, VCCI-V-3, AS/NZS CISPR22, CNS13438, EN300-386, EN61000-3-2, EN61000-3-3, and E
145091	C881G-4G-GA-K9	routers	emc_immunity	30684916aee80d45	true	family:mismatch	["EN55024/CISPR24","(EN61000-4-2, EN61000-4-3, EN61000-4-4, EN61000-4-5, EN61000-4-6, EN61000-4-11)","EN300-386"]	EN55024/CISPR24, (EN61000-4-2, EN61000-4-3, EN61000-4-4, EN61000-4-5, EN61000-4-6, EN61000-4-11), and EN300-386
145092	C896VAG-LTE-GA-K9	routers	programming_interfaces	30684916aee80d45	true	family:mismatch	["Cisco IOS Software CLI"]	● Cisco IOS Software CLI
145094	C896VAG-LTE-GA-K9	routers	emc_emissions	30684916aee80d45	true	family:mismatch	["EN55022/CISPR22","CFR 47 Part 15","ICES003","VCCI-V-3","AS/NZS CISPR22","CNS13438","EN300-386","EN61000-3-2","EN61000-	EN55022/CISPR22, CFR 47 Part 15, ICES003, VCCI-V-3, AS/NZS CISPR22, CNS13438, EN300-386, EN61000-3-2, EN61000-3-3, and E
145095	C896VAG-LTE-GA-K9	routers	emc_immunity	30684916aee80d45	true	family:mismatch	["EN55024/CISPR24","(EN61000-4-2, EN61000-4-3, EN61000-4-4, EN61000-4-5, EN61000-4-6, EN61000-4-11)","EN300-386"]	EN55024/CISPR24, (EN61000-4-2, EN61000-4-3, EN61000-4-4, EN61000-4-5, EN61000-4-6, EN61000-4-11), and EN300-386
145096	C897VAGW-LTE-GAEK9	routers	programming_interfaces	30684916aee80d45	true	family:mismatch	["Cisco IOS Software CLI"]	● Cisco IOS Software CLI
145098	C897VAGW-LTE-GAEK9	routers	emc_emissions	30684916aee80d45	true	family:mismatch	["EN55022/CISPR22","CFR 47 Part 15","ICES003","VCCI-V-3","AS/NZS CISPR22","CNS13438","EN300-386","EN61000-3-2","EN61000-	EN55022/CISPR22, CFR 47 Part 15, ICES003, VCCI-V-3, AS/NZS CISPR22, CNS13438, EN300-386, EN61000-3-2, EN61000-3-3, and E
145099	C897VAGW-LTE-GAEK9	routers	emc_immunity	30684916aee80d45	true	family:mismatch	["EN55024/CISPR24","(EN61000-4-2, EN61000-4-3, EN61000-4-4, EN61000-4-5, EN61000-4-6, EN61000-4-11)","EN300-386"]	EN55024/CISPR24, (EN61000-4-2, EN61000-4-3, EN61000-4-4, EN61000-4-5, EN61000-4-6, EN61000-4-11), and EN300-386
145100	C898EAG-LTE-GA-K9	routers	programming_interfaces	30684916aee80d45	true	family:mismatch	["Cisco IOS Software CLI"]	● Cisco IOS Software CLI
145102	C898EAG-LTE-GA-K9	routers	emc_emissions	30684916aee80d45	true	family:mismatch	["EN55022/CISPR22","CFR 47 Part 15","ICES003","VCCI-V-3","AS/NZS CISPR22","CNS13438","EN300-386","EN61000-3-2","EN61000-	EN55022/CISPR22, CFR 47 Part 15, ICES003, VCCI-V-3, AS/NZS CISPR22, CNS13438, EN300-386, EN61000-3-2, EN61000-3-3, and E
145103	C898EAG-LTE-GA-K9	routers	emc_immunity	30684916aee80d45	true	family:mismatch	["EN55024/CISPR24","(EN61000-4-2, EN61000-4-3, EN61000-4-4, EN61000-4-5, EN61000-4-6, EN61000-4-11)","EN300-386"]	EN55024/CISPR24, (EN61000-4-2, EN61000-4-3, EN61000-4-4, EN61000-4-5, EN61000-4-6, EN61000-4-11), and EN300-386
145104	C899G-LTE-GA-K9	routers	programming_interfaces	30684916aee80d45	true	family:mismatch	["Cisco IOS Software CLI"]	● Cisco IOS Software CLI
145106	C899G-LTE-GA-K9	routers	emc_emissions	30684916aee80d45	true	family:mismatch	["EN55022/CISPR22","CFR 47 Part 15","ICES003","VCCI-V-3","AS/NZS CISPR22","CNS13438","EN300-386","EN61000-3-2","EN61000-	EN55022/CISPR22, CFR 47 Part 15, ICES003, VCCI-V-3, AS/NZS CISPR22, CNS13438, EN300-386, EN61000-3-2, EN61000-3-3, and E
145107	C899G-LTE-GA-K9	routers	emc_immunity	30684916aee80d45	true	family:mismatch	["EN55024/CISPR24","(EN61000-4-2, EN61000-4-3, EN61000-4-4, EN61000-4-5, EN61000-4-6, EN61000-4-11)","EN300-386"]	EN55024/CISPR24, (EN61000-4-2, EN61000-4-3, EN61000-4-4, EN61000-4-5, EN61000-4-6, EN61000-4-11), and EN300-386
145115	40X10GE-WLO	routers	emc_immunity	e605576c0d5635cd	true	family:mismatch	["IEC/EN-61000-4-2: Electrostatic Discharge Immunity (8-kV contact, 15-kV air)","IEC/EN-61000-4-3: Radiated Immunity (10	● IEC/EN-61000-4-2: Electrostatic Discharge Immunity (8-kV contact, 15-kV air) ● IEC/EN-61000-4-3: Radiated Immunity (10
75873	C1111-4PLTEEA/LA	routers	certifications	3c9af914be303043	true	family:mismatch	["UL 60950-1","CSA 60950-1","EN 60950-1","IEC 60950-1","UL 62368-1","CSA 62368-1","EN 62368-1","IEC 62368-1"]	UL 60950-1, CSA 60950-1, EN 60950-1, IEC 60950-1, UL 62368-1, CSA 62368-1, EN 62368-1, IEC 62368-1
75876	C1112-8PLTEEA	routers	emc_immunity	3c9af914be303043	true	family:mismatch	["EN55024","CISPR24","EN61000-4-2","EN61000-4-3","EN61000-4-4","EN61000-4-5","EN61000-4-6","EN61000-4-11","EN300-386"]	EN55024/CISPR24, EN61000-4-2, EN61000-4-3, EN61000-4-4, EN61000-4-5, EN61000-4-6, EN61000-4-11, EN300-386
75880	C1112-8PLTEEA	routers	certifications	3c9af914be303043	true	family:mismatch	["UL 60950-1","CSA 60950-1","EN 60950-1","IEC 60950-1","UL 62368-1","CSA 62368-1","EN 62368-1","IEC 62368-1"]	UL 60950-1, CSA 60950-1, EN 60950-1, IEC 60950-1, UL 62368-1, CSA 62368-1, EN 62368-1, IEC 62368-1
75881	C1112-8PLTEEA	routers	emc_emissions	3c9af914be303043	true	family:mismatch	["EN55022","CISPR22","CFR 47 Part 15","ICES003","VCCI-V-3","AS","NZS CISPR22","CNS13438","EN300-386","EN61000-3-2","EN61	EN55022/CISPR22, CFR 47 Part 15, ICES003, VCCI-V-3, AS/NZS CISPR22, CNS13438, EN300-386, EN61000-3-2, EN61000-3-3, EN610
75911	C1101-4PLTEP	routers	certifications	3c9af914be303043	true	family:mismatch	["UL 60950-1","CSA 60950-1","EN 60950-1","IEC 60950-1","UL 62368-1","CSA 62368-1","EN 62368-1","IEC 62368-1"]	UL 60950-1, CSA 60950-1, EN 60950-1, IEC 60950-1, UL 62368-1, CSA 62368-1, EN 62368-1, IEC 62368-1
75973	C1109-2PLTEUS	routers	emc_immunity	3c9af914be303043	true	family:mismatch	["EN55024","CISPR24","EN61000-4-2","EN61000-4-3","EN61000-4-4","EN61000-4-5","EN61000-4-6","EN61000-4-11","EN300-386"]	EN55024/CISPR24, EN61000-4-2, EN61000-4-3, EN61000-4-4, EN61000-4-5, EN61000-4-6, EN61000-4-11, EN300-386
75977	C1109-2PLTEUS	routers	certifications	3c9af914be303043	true	family:mismatch	["UL 60950-1","CSA 60950-1","EN 60950-1","IEC 60950-1","UL 62368-1","CSA 62368-1","EN 62368-1","IEC 62368-1"]	UL 60950-1, CSA 60950-1, EN 60950-1, IEC 60950-1, UL 62368-1, CSA 62368-1, EN 62368-1, IEC 62368-1
75978	C1109-2PLTEUS	routers	emc_emissions	3c9af914be303043	true	family:mismatch	["EN55022","CISPR22","CFR 47 Part 15","ICES003","VCCI-V-3","AS","NZS CISPR22","CNS13438","EN300-386","EN61000-3-2","EN61	EN55022/CISPR22, CFR 47 Part 15, ICES003, VCCI-V-3, AS/NZS CISPR22, CNS13438, EN300-386, EN61000-3-2, EN61000-3-3, EN610
75986	C1116-4PWE	routers	certifications	3c9af914be303043	true	family:mismatch	["UL 60950-1","CSA 60950-1","EN 60950-1","IEC 60950-1","UL 62368-1","CSA 62368-1","EN 62368-1","IEC 62368-1"]	UL 60950-1, CSA 60950-1, EN 60950-1, IEC 60950-1, UL 62368-1, CSA 62368-1, EN 62368-1, IEC 62368-1
76009	C1116-4PLTEEA	routers	emc_immunity	3c9af914be303043	true	family:mismatch	["EN55024","CISPR24","EN61000-4-2","EN61000-4-3","EN61000-4-4","EN61000-4-5","EN61000-4-6","EN61000-4-11","EN300-386"]	EN55024/CISPR24, EN61000-4-2, EN61000-4-3, EN61000-4-4, EN61000-4-5, EN61000-4-6, EN61000-4-11, EN300-386
76013	C1116-4PLTEEA	routers	certifications	3c9af914be303043	true	family:mismatch	["UL 60950-1","CSA 60950-1","EN 60950-1","IEC 60950-1","UL 62368-1","CSA 62368-1","EN 62368-1","IEC 62368-1"]	UL 60950-1, CSA 60950-1, EN 60950-1, IEC 60950-1, UL 62368-1, CSA 62368-1, EN 62368-1, IEC 62368-1
76014	C1116-4PLTEEA	routers	emc_emissions	3c9af914be303043	true	family:mismatch	["EN55022","CISPR22","CFR 47 Part 15","ICES003","VCCI-V-3","AS","NZS CISPR22","CNS13438","EN300-386","EN61000-3-2","EN61	EN55022/CISPR22, CFR 47 Part 15, ICES003, VCCI-V-3, AS/NZS CISPR22, CNS13438, EN300-386, EN61000-3-2, EN61000-3-3, EN610
76032	C1109-2PLTEGB	routers	emc_immunity	3c9af914be303043	true	family:mismatch	["EN55024","CISPR24","EN61000-4-2","EN61000-4-3","EN61000-4-4","EN61000-4-5","EN61000-4-6","EN61000-4-11","EN300-386"]	EN55024/CISPR24, EN61000-4-2, EN61000-4-3, EN61000-4-4, EN61000-4-5, EN61000-4-6, EN61000-4-11, EN300-386
76036	C1109-2PLTEGB	routers	certifications	3c9af914be303043	true	family:mismatch	["UL 60950-1","CSA 60950-1","EN 60950-1","IEC 60950-1","UL 62368-1","CSA 62368-1","EN 62368-1","IEC 62368-1"]	UL 60950-1, CSA 60950-1, EN 60950-1, IEC 60950-1, UL 62368-1, CSA 62368-1, EN 62368-1, IEC 62368-1
76037	C1109-2PLTEGB	routers	emc_emissions	3c9af914be303043	true	family:mismatch	["EN55022","CISPR22","CFR 47 Part 15","ICES003","VCCI-V-3","AS","NZS CISPR22","CNS13438","EN300-386","EN61000-3-2","EN61	EN55022/CISPR22, CFR 47 Part 15, ICES003, VCCI-V-3, AS/NZS CISPR22, CNS13438, EN300-386, EN61000-3-2, EN61000-3-3, EN610
76044	C1118-8P	routers	certifications	3c9af914be303043	true	family:mismatch	["UL 60950-1","CSA 60950-1","EN 60950-1","IEC 60950-1","UL 62368-1","CSA 62368-1","EN 62368-1","IEC 62368-1"]	UL 60950-1, CSA 60950-1, EN 60950-1, IEC 60950-1, UL 62368-1, CSA 62368-1, EN 62368-1, IEC 62368-1
76051	C1121-4PLTEP	routers	certifications	3c9af914be303043	true	family:mismatch	["UL 60950-1","CSA 60950-1","EN 60950-1","IEC 60950-1","UL 62368-1","CSA 62368-1","EN 62368-1","IEC 62368-1"]	UL 60950-1, CSA 60950-1, EN 60950-1, IEC 60950-1, UL 62368-1, CSA 62368-1, EN 62368-1, IEC 62368-1
76077	C1116-4P	routers	certifications	3c9af914be303043	true	family:mismatch	["UL 60950-1","CSA 60950-1","EN 60950-1","IEC 60950-1","UL 62368-1","CSA 62368-1","EN 62368-1","IEC 62368-1"]	UL 60950-1, CSA 60950-1, EN 60950-1, IEC 60950-1, UL 62368-1, CSA 62368-1, EN 62368-1, IEC 62368-1
76080	C1116-4PLTEEAWE	routers	emc_immunity	3c9af914be303043	true	family:mismatch	["EN55024","CISPR24","EN61000-4-2","EN61000-4-3","EN61000-4-4","EN61000-4-5","EN61000-4-6","EN61000-4-11","EN300-386"]	EN55024/CISPR24, EN61000-4-2, EN61000-4-3, EN61000-4-4, EN61000-4-5, EN61000-4-6, EN61000-4-11, EN300-386
76084	C1116-4PLTEEAWE	routers	certifications	3c9af914be303043	true	family:mismatch	["UL 60950-1","CSA 60950-1","EN 60950-1","IEC 60950-1","UL 62368-1","CSA 62368-1","EN 62368-1","IEC 62368-1"]	UL 60950-1, CSA 60950-1, EN 60950-1, IEC 60950-1, UL 62368-1, CSA 62368-1, EN 62368-1, IEC 62368-1
76085	C1116-4PLTEEAWE	routers	emc_emissions	3c9af914be303043	true	family:mismatch	["EN55022","CISPR22","CFR 47 Part 15","ICES003","VCCI-V-3","AS","NZS CISPR22","CNS13438","EN300-386","EN61000-3-2","EN61	EN55022/CISPR22, CFR 47 Part 15, ICES003, VCCI-V-3, AS/NZS CISPR22, CNS13438, EN300-386, EN61000-3-2, EN61000-3-3, EN610
76094	C1121-4P	routers	certifications	3c9af914be303043	true	family:mismatch	["UL 60950-1","CSA 60950-1","EN 60950-1","IEC 60950-1","UL 62368-1","CSA 62368-1","EN 62368-1","IEC 62368-1"]	UL 60950-1, CSA 60950-1, EN 60950-1, IEC 60950-1, UL 62368-1, CSA 62368-1, EN 62368-1, IEC 62368-1
76156	C1128-8PLTEP	routers	certifications	3c9af914be303043	true	family:mismatch	["UL 60950-1","CSA 60950-1","EN 60950-1","IEC 60950-1","UL 62368-1","CSA 62368-1","EN 62368-1","IEC 62368-1"]	UL 60950-1, CSA 60950-1, EN 60950-1, IEC 60950-1, UL 62368-1, CSA 62368-1, EN 62368-1, IEC 62368-1
76160	C1109-2PLTEVZ	routers	emc_immunity	3c9af914be303043	true	family:mismatch	["EN55024","CISPR24","EN61000-4-2","EN61000-4-3","EN61000-4-4","EN61000-4-5","EN61000-4-6","EN61000-4-11","EN300-386"]	EN55024/CISPR24, EN61000-4-2, EN61000-4-3, EN61000-4-4, EN61000-4-5, EN61000-4-6, EN61000-4-11, EN300-386
76164	C1109-2PLTEVZ	routers	certifications	3c9af914be303043	true	family:mismatch	["UL 60950-1","CSA 60950-1","EN 60950-1","IEC 60950-1","UL 62368-1","CSA 62368-1","EN 62368-1","IEC 62368-1"]	UL 60950-1, CSA 60950-1, EN 60950-1, IEC 60950-1, UL 62368-1, CSA 62368-1, EN 62368-1, IEC 62368-1
76165	C1109-2PLTEVZ	routers	emc_emissions	3c9af914be303043	true	family:mismatch	["EN55022","CISPR22","CFR 47 Part 15","ICES003","VCCI-V-3","AS","NZS CISPR22","CNS13438","EN300-386","EN61000-3-2","EN61	EN55022/CISPR22, CFR 47 Part 15, ICES003, VCCI-V-3, AS/NZS CISPR22, CNS13438, EN300-386, EN61000-3-2, EN61000-3-3, EN610
76169	C1112-8P	routers	certifications	3c9af914be303043	true	family:mismatch	["UL 60950-1","CSA 60950-1","EN 60950-1","IEC 60950-1","UL 62368-1","CSA 62368-1","EN 62368-1","IEC 62368-1"]	UL 60950-1, CSA 60950-1, EN 60950-1, IEC 60950-1, UL 62368-1, CSA 62368-1, EN 62368-1, IEC 62368-1
76173	C1112-8PWE	routers	certifications	3c9af914be303043	true	family:mismatch	["UL 60950-1","CSA 60950-1","EN 60950-1","IEC 60950-1","UL 62368-1","CSA 62368-1","EN 62368-1","IEC 62368-1"]	UL 60950-1, CSA 60950-1, EN 60950-1, IEC 60950-1, UL 62368-1, CSA 62368-1, EN 62368-1, IEC 62368-1
98247	IR807G-LTE-NA-K9	cloud-systems-management	flash	92e360b8004d76e8	true	class:software	4	4 GB
77125	C812G-CIFI+7-N-K9	routers	programming_interfaces	561c0f07d63e8571	true	family:mismatch	["Cisco IOS Software CLI"]	Cisco IOS Software CLI
98289	IR809G-LTE-LA-K9	routers	flash	1b6724676304801a	true	family:mismatch	4	4 GB
77127	C812G-CIFI+7-N-K9	routers	temp_operating	561c0f07d63e8571	true	family:mismatch	{"max":60,"min":-25}	All Cisco 812G models: -13 to 140 F ( -25 to 60 C) IP 20 per IEC 60529
77129	C812G-CIFI+7-N-K9	routers	humidity_operating	561c0f07d63e8571	true	family:mismatch	{"max":85,"min":85}	Maximum 85% non-condensing RH
98596	ISR1100-4GLTEGB	routers	temp_operating	585ea334a738d76f	true	family:mismatch	{"max":40,"min":0}	● Operating temperature: 0 to 40°C (32 to 104°F) at sea level (temperature derating of 1.5°C per 1000 feet of altitude a
77244	C819HG-B-K9	routers	programming_interfaces	eeedf4783e30b825	true	family:mismatch	["Cisco IOS Software CLI"]	Cisco IOS Software CLI
77247	C819HG-B-K9	routers	altitude_max	eeedf4783e30b825	true	family:mismatch	1524	Above 5000 ft derate maximum operating temperature 1.50C per 1000 feet Maximum altitude: 10,000 ft
77275	C819GW-LTE-LA-CK9	routers	programming_interfaces	f202cd45fb36710d	true	family:mismatch	["● Cisco IOS Software CLI"]	● Cisco IOS Software CLI
77277	C819GW-LTE-LA-CK9	routers	dram	f202cd45fb36710d	true	family:mismatch	1	1 GB
77278	C819GW-LTE-LA-CK9	routers	flash	f202cd45fb36710d	true	family:mismatch	1	1 GB
77279	C819GW-LTE-LA-CK9	routers	temp_operating	f202cd45fb36710d	true	family:mismatch	{"max":50,"min":-15}	5° to 122°F (-15° to 50°C) (functional up to 131°F [55°C] non-3GPP compliant)
77280	C819GW-LTE-LA-CK9	routers	emc_immunity	f202cd45fb36710d	true	family:mismatch	["EN55024","CISPR24","(EN61000-4-2","EN61000-4-3","EN61000-4-4","EN61000-4-5","EN61000-4-6","EN61000-4-11)","EN300-386"]	EN55024/CISPR24, (EN61000-4-2, EN61000-4-3, EN61000-4-4, EN61000-4-5, EN61000-4-6, EN61000-4-11), and EN300-386
77284	C819GW-LTE-LA-CK9	routers	emc_emissions	f202cd45fb36710d	true	family:mismatch	["EN55022","CISPR22","CFR 47 Part 15","ICES003","VCCI-V-3","AS","NZS CISPR22","CNS13438","EN300-386","EN61000-3-2","EN61	EN55022/CISPR22, CFR 47 Part 15, ICES003, VCCI-V-3, AS/NZS CISPR22, CNS13438, EN300-386, EN61000-3-2, EN61000-3-3, and E
77285	C819HG-V-K9	routers	programming_interfaces	eeedf4783e30b825	true	family:mismatch	["Cisco IOS Software CLI"]	Cisco IOS Software CLI
77288	C819HG-V-K9	routers	altitude_max	eeedf4783e30b825	true	family:mismatch	1524	Above 5000 ft derate maximum operating temperature 1.50C per 1000 feet Maximum altitude: 10,000 ft
77316	C812G-CIFI+7-E-K9	routers	programming_interfaces	561c0f07d63e8571	true	family:mismatch	["Cisco IOS Software CLI"]	Cisco IOS Software CLI
77318	C812G-CIFI+7-E-K9	routers	temp_operating	561c0f07d63e8571	true	family:mismatch	{"max":60,"min":-25}	All Cisco 812G models: -13 to 140 F ( -25 to 60 C) IP 20 per IEC 60529
77320	C812G-CIFI+7-E-K9	routers	humidity_operating	561c0f07d63e8571	true	family:mismatch	{"max":85,"min":85}	Maximum 85% non-condensing RH
77537	C812G-CIFI-S-A-K9	routers	temp_operating	561c0f07d63e8571	true	family:mismatch	{"max":60,"min":-25}	All Cisco 812G models: -13 to 140 F ( -25 to 60 C) IP 20 per IEC 60529
77414	C819G-V-K9	routers	programming_interfaces	eeedf4783e30b825	true	family:mismatch	["Cisco IOS Software CLI"]	Cisco IOS Software CLI
77422	C819HG-S-K9	routers	programming_interfaces	eeedf4783e30b825	true	family:mismatch	["Cisco IOS Software CLI"]	Cisco IOS Software CLI
77467	C819G-U-K9	routers	programming_interfaces	eeedf4783e30b825	true	family:mismatch	["Cisco IOS Software CLI"]	Cisco IOS Software CLI
77485	C819GW-LTE-LA-QK9	routers	programming_interfaces	f202cd45fb36710d	true	family:mismatch	["● Cisco IOS Software CLI"]	● Cisco IOS Software CLI
77487	C819GW-LTE-LA-QK9	routers	dram	f202cd45fb36710d	true	family:mismatch	1	1 GB
77488	C819GW-LTE-LA-QK9	routers	flash	f202cd45fb36710d	true	family:mismatch	1	1 GB
77489	C819GW-LTE-LA-QK9	routers	temp_operating	f202cd45fb36710d	true	family:mismatch	{"max":50,"min":-15}	5° to 122°F (-15° to 50°C) (functional up to 131°F [55°C] non-3GPP compliant)
77490	C819GW-LTE-LA-QK9	routers	emc_immunity	f202cd45fb36710d	true	family:mismatch	["EN55024","CISPR24","(EN61000-4-2","EN61000-4-3","EN61000-4-4","EN61000-4-5","EN61000-4-6","EN61000-4-11)","EN300-386"]	EN55024/CISPR24, (EN61000-4-2, EN61000-4-3, EN61000-4-4, EN61000-4-5, EN61000-4-6, EN61000-4-11), and EN300-386
77494	C819GW-LTE-LA-QK9	routers	emc_emissions	f202cd45fb36710d	true	family:mismatch	["EN55022","CISPR22","CFR 47 Part 15","ICES003","VCCI-V-3","AS","NZS CISPR22","CNS13438","EN300-386","EN61000-3-2","EN61	EN55022/CISPR22, CFR 47 Part 15, ICES003, VCCI-V-3, AS/NZS CISPR22, CNS13438, EN300-386, EN61000-3-2, EN61000-3-3, and E
77498	C819HWD-E-K9	routers	altitude_max	eeedf4783e30b825	true	family:mismatch	1524	Above 5000 ft derate maximum operating temperature 1.50C per 1000 feet Maximum altitude: 10,000 ft
77535	C812G-CIFI-S-A-K9	routers	programming_interfaces	561c0f07d63e8571	true	family:mismatch	["Cisco IOS Software CLI"]	Cisco IOS Software CLI
77539	C812G-CIFI-S-A-K9	routers	humidity_operating	561c0f07d63e8571	true	family:mismatch	{"max":85,"min":85}	Maximum 85% non-condensing RH
77591	C819HWD-A-K9	routers	programming_interfaces	eeedf4783e30b825	true	family:mismatch	["Cisco IOS Software CLI"]	Cisco IOS Software CLI
77618	C819HGW-V-A-K9	routers	programming_interfaces	eeedf4783e30b825	true	family:mismatch	["Cisco IOS Software CLI"]	Cisco IOS Software CLI
77661	C819G-B-K9	routers	programming_interfaces	eeedf4783e30b825	true	family:mismatch	["Cisco IOS Software CLI"]	Cisco IOS Software CLI
77678	C819H-K9	routers	programming_interfaces	eeedf4783e30b825	true	family:mismatch	["Cisco IOS Software CLI"]	Cisco IOS Software CLI
77731	C812G-CIFI-V-A-K9	routers	temp_operating	561c0f07d63e8571	true	family:mismatch	{"max":60,"min":-25}	All Cisco 812G models: -13 to 140 F ( -25 to 60 C) IP 20 per IEC 60529
77733	C812G-CIFI-V-A-K9	routers	humidity_operating	561c0f07d63e8571	true	family:mismatch	{"max":85,"min":85}	Maximum 85% non-condensing RH
77737	C812G+7-K9	routers	programming_interfaces	561c0f07d63e8571	true	family:mismatch	["Cisco IOS Software CLI"]	Cisco IOS Software CLI
77739	C812G+7-K9	routers	temp_operating	561c0f07d63e8571	true	family:mismatch	{"max":60,"min":-25}	All Cisco 812G models: -13 to 140 F ( -25 to 60 C) IP 20 per IEC 60529
77741	C812G+7-K9	routers	humidity_operating	561c0f07d63e8571	true	family:mismatch	{"max":85,"min":85}	Maximum 85% non-condensing RH
77745	C819HG-U-K9	routers	programming_interfaces	eeedf4783e30b825	true	family:mismatch	["Cisco IOS Software CLI"]	Cisco IOS Software CLI
77748	C819HG-U-K9	routers	altitude_max	eeedf4783e30b825	true	family:mismatch	1524	Above 5000 ft derate maximum operating temperature 1.50C per 1000 feet Maximum altitude: 10,000 ft
77753	C819HGW+7-N-K9	routers	programming_interfaces	eeedf4783e30b825	true	family:mismatch	["Cisco IOS Software CLI"]	Cisco IOS Software CLI
157613	N9K-C93180YC-EX	switches	temp_storage	c43bdb7cb8408cc1	true	family:mismatch	{"max":70,"min":-40}	–40 to 158°F (–40 to 70°C)
157614	N9K-C93108TC-EX	switches	temp_storage	c43bdb7cb8408cc1	true	family:mismatch	{"max":70,"min":-40}	–40 to 158°F (–40 to 70°C)
77980	C819HG+7-K9	routers	programming_interfaces	eeedf4783e30b825	true	family:mismatch	["Cisco IOS Software CLI"]	Cisco IOS Software CLI
157615	N9K-C93180LC-EX	switches	temp_storage	c43bdb7cb8408cc1	true	family:mismatch	{"max":70,"min":-40}	–40 to 158°F (–40 to 70°C)
157616	N9K-C93180YC-FX	switches	temp_storage	3e6013a0dc9b94e5	true	family:mismatch	{"max":70,"min":-40}	–40 to 158°F (–40 to 70°C)
157617	N9K-C93108TC-FX	switches	temp_storage	3e6013a0dc9b94e5	true	family:mismatch	{"max":70,"min":-40}	–40 to 158°F (–40 to 70°C)
157618	N9K-C9348GC-FXP	switches	temp_storage	3e6013a0dc9b94e5	true	family:mismatch	{"max":70,"min":-40}	–40 to 158°F (–40 to 70°C)
157619	N9K-C9336C-FX2	switches	temp_storage	d27ae43f2e280e20	true	family:mismatch	{"max":70,"min":-40}	–40 to 158°F (–40 to 70°C)
157620	N9K-C9336C-FX2-E	switches	temp_storage	d27ae43f2e280e20	true	family:mismatch	{"max":70,"min":-40}	–40 to 158°F (–40 to 70°C)
157621	N9K-C93240YC-FX2	switches	temp_storage	d27ae43f2e280e20	true	family:mismatch	{"max":70,"min":-40}	–40 to 158°F (–40 to 70°C)
157622	N9K-C93360YC-FX2	switches	temp_storage	d27ae43f2e280e20	true	family:mismatch	{"max":70,"min":-40}	–40 to 158°F (–40 to 70°C)
78019	C819GW-LTE-LA-NK9	routers	programming_interfaces	f202cd45fb36710d	true	family:mismatch	["● Cisco IOS Software CLI"]	● Cisco IOS Software CLI
78021	C819GW-LTE-LA-NK9	routers	dram	f202cd45fb36710d	true	family:mismatch	1	1 GB
78022	C819GW-LTE-LA-NK9	routers	flash	f202cd45fb36710d	true	family:mismatch	1	1 GB
78023	C819GW-LTE-LA-NK9	routers	temp_operating	f202cd45fb36710d	true	family:mismatch	{"max":50,"min":-15}	5° to 122°F (-15° to 50°C) (functional up to 131°F [55°C] non-3GPP compliant)
78024	C819GW-LTE-LA-NK9	routers	emc_immunity	f202cd45fb36710d	true	family:mismatch	["EN55024","CISPR24","(EN61000-4-2","EN61000-4-3","EN61000-4-4","EN61000-4-5","EN61000-4-6","EN61000-4-11)","EN300-386"]	EN55024/CISPR24, (EN61000-4-2, EN61000-4-3, EN61000-4-4, EN61000-4-5, EN61000-4-6, EN61000-4-11), and EN300-386
157623	N9K-C93216TC-FX2	switches	temp_storage	d27ae43f2e280e20	true	family:mismatch	{"max":70,"min":-40}	–40 to 158°F (–40 to 70°C)
78028	C819GW-LTE-LA-NK9	routers	emc_emissions	f202cd45fb36710d	true	family:mismatch	["EN55022","CISPR22","CFR 47 Part 15","ICES003","VCCI-V-3","AS","NZS CISPR22","CNS13438","EN300-386","EN61000-3-2","EN61	EN55022/CISPR22, CFR 47 Part 15, ICES003, VCCI-V-3, AS/NZS CISPR22, CNS13438, EN300-386, EN61000-3-2, EN61000-3-3, and E
78029	C819HGW-S-A-K9	routers	programming_interfaces	eeedf4783e30b825	true	family:mismatch	["Cisco IOS Software CLI"]	Cisco IOS Software CLI
78037	C819HGW+7-A-A-K9	routers	programming_interfaces	eeedf4783e30b825	true	family:mismatch	["Cisco IOS Software CLI"]	Cisco IOS Software CLI
78040	C819HGW+7-A-A-K9	routers	altitude_max	eeedf4783e30b825	true	family:mismatch	1524	Above 5000 ft derate maximum operating temperature 1.50C per 1000 feet Maximum altitude: 10,000 ft
157629	N9K-C93180YC-FX3S	switches	temp_storage	9dde779f6314c438	true	family:mismatch	{"max":70,"min":-40}	–40 to 158°F (–40 to 70°C)
78045	C819HGW+7-E-K9	routers	programming_interfaces	eeedf4783e30b825	true	family:mismatch	["Cisco IOS Software CLI"]	Cisco IOS Software CLI
157641	A900-IMA-8CS1Z=	routers	temp_storage	997ed055b31fb1c4	true	family:mismatch	{"max":70,"min":-40}	Temperature: –40 to 70°C (–40 to 158°F) altitude: 4570 m (15,000 ft)
157643	A900-IMA-8Z-L=	routers	temp_storage	997ed055b31fb1c4	true	family:mismatch	{"max":70,"min":-40}	Temperature: –40 to 70°C (–40 to 158°F) altitude: 4570 m (15,000 ft)
78114	C881G-B-K9	routers	flash	4fb41a26e3dd6255	true	family:mismatch	0.125	● 128 MB on Cisco 880 Series data, embedded 3G Wireless WAN (WWAN), and Cisco Unified Border Element models ● 256 MB on 
78127	C887VAM-W-E-K9	routers	flash	4fb41a26e3dd6255	true	family:mismatch	0.125	● 128 MB on Cisco 880 Series data, embedded 3G Wireless WAN (WWAN), and Cisco Unified Border Element models ● 256 MB on 
78131	C888E-CUBE-K9	routers	flash	4fb41a26e3dd6255	true	family:mismatch	0.125	● 128 MB on Cisco 880 Series data, embedded 3G Wireless WAN (WWAN), and Cisco Unified Border Element models ● 256 MB on 
157654	A900-IMA-8Z	routers	temp_storage	997ed055b31fb1c4	true	family:mismatch	{"max":70,"min":-40}	Temperature: –40 to 70°C (–40 to 158°F) altitude: 4570 m (15,000 ft)
78135	C888SRSTW-GN-A-K9	routers	flash	4fb41a26e3dd6255	true	family:mismatch	0.125	● 128 MB on Cisco 880 Series data, embedded 3G Wireless WAN (WWAN), and Cisco Unified Border Element models ● 256 MB on 
78141	C897VAG-LTE	routers	dram	8bdfe7347c556d84	true	family:mismatch	1	1 GB
78143	C897VAG-LTE	routers	flash	8bdfe7347c556d84	true	family:mismatch	1	1 GB
78151	C897VAM-W-E-K9	routers	dram	d527fab196e02ec3	true	family:mismatch	0.5	● Default 512MB ● Up to 1 GB on Cisco 892FSP, 896VA, 897VA, 897VAB, 898EA, 891F, and 891-24X data models; upgrade option
204830	3G/4G	routers	supported_protocols	182e3672a258ad84	true	family:mismatch	["IPv6","IPv6 ACLs","IPv6 over Cellular","IPv6 routing"]	● IPv6 addressing architecture ● IPv6 Unicast and Multicast forwarding ● IPv6 ACLs ● IPv6 over Cellular ● IPv6 routing ●
78157	C881-V-K9	routers	flash	4fb41a26e3dd6255	true	family:mismatch	0.125	● 128 MB on Cisco 880 Series data, embedded 3G Wireless WAN (WWAN), and Cisco Unified Border Element models ● 256 MB on 
78161	C881G-S-K9	routers	flash	4fb41a26e3dd6255	true	family:mismatch	0.125	● 128 MB on Cisco 880 Series data, embedded 3G Wireless WAN (WWAN), and Cisco Unified Border Element models ● 256 MB on 
78165	C881G-V-K9	routers	flash	4fb41a26e3dd6255	true	family:mismatch	0.125	● 128 MB on Cisco 880 Series data, embedded 3G Wireless WAN (WWAN), and Cisco Unified Border Element models ● 256 MB on 
78170	C886VA-W-E-K9	routers	flash	4fb41a26e3dd6255	true	family:mismatch	0.125	● 128 MB on Cisco 880 Series data, embedded 3G Wireless WAN (WWAN), and Cisco Unified Border Element models ● 256 MB on 
157660	A900-IMA-8CS1Z	routers	temp_storage	997ed055b31fb1c4	true	family:mismatch	{"max":70,"min":-40}	Temperature: –40 to 70°C (–40 to 158°F) altitude: 4570 m (15,000 ft)
157661	A900-IMA-8Z-L	routers	temp_storage	997ed055b31fb1c4	true	family:mismatch	{"max":70,"min":-40}	Temperature: –40 to 70°C (–40 to 158°F) altitude: 4570 m (15,000 ft)
157666	A900-IMA-8Z=	routers	temp_storage	997ed055b31fb1c4	true	family:mismatch	{"max":70,"min":-40}	Temperature: –40 to 70°C (–40 to 158°F) altitude: 4570 m (15,000 ft)
78174	C887VA-CUBE-K9	routers	flash	4fb41a26e3dd6255	true	family:mismatch	0.125	● 128 MB on Cisco 880 Series data, embedded 3G Wireless WAN (WWAN), and Cisco Unified Border Element models ● 256 MB on 
78178	C888SRSTW-GN-E-K9	routers	flash	4fb41a26e3dd6255	true	family:mismatch	0.125	● 128 MB on Cisco 880 Series data, embedded 3G Wireless WAN (WWAN), and Cisco Unified Border Element models ● 256 MB on 
78192	C886VA	routers	flash	4fb41a26e3dd6255	true	family:mismatch	0.125	● 128 MB on Cisco 880 Series data, embedded 3G Wireless WAN (WWAN), and Cisco Unified Border Element models ● 256 MB on 
78386	C896VAG-LTE-GA-K9	routers	flash	30684916aee80d45	true	family:mismatch	1	1 GB
78196	C887VA-V-W-E-K9	routers	flash	4fb41a26e3dd6255	true	family:mismatch	0.125	● 128 MB on Cisco 880 Series data, embedded 3G Wireless WAN (WWAN), and Cisco Unified Border Element models ● 256 MB on 
78201	C898EA-K9	routers	dram	d527fab196e02ec3	true	family:mismatch	0.5	● Default 512MB ● Up to 1 GB on Cisco 892FSP, 896VA, 897VA, 897VAB, 898EA, 891F, and 891-24X data models; upgrade option
78211	C887VA-W-A-K9	routers	flash	4fb41a26e3dd6255	true	family:mismatch	0.125	● 128 MB on Cisco 880 Series data, embedded 3G Wireless WAN (WWAN), and Cisco Unified Border Element models ● 256 MB on 
78215	C887VAMG+7-K9	routers	flash	4fb41a26e3dd6255	true	family:mismatch	0.125	● 128 MB on Cisco 880 Series data, embedded 3G Wireless WAN (WWAN), and Cisco Unified Border Element models ● 256 MB on 
78218	C898EAG-LTE-GA-K9	routers	dram	30684916aee80d45	true	family:mismatch	1	1 GB
78220	C898EAG-LTE-GA-K9	routers	flash	30684916aee80d45	true	family:mismatch	1	1 GB
78228	C888EG+7-K9	routers	flash	4fb41a26e3dd6255	true	family:mismatch	0.125	● 128 MB on Cisco 880 Series data, embedded 3G Wireless WAN (WWAN), and Cisco Unified Border Element models ● 256 MB on 
78243	C899G-LTE-NA-K9	routers	flash	30684916aee80d45	true	family:mismatch	1	1 GB
78250	C881G-4G-GA-K9	routers	dram	30684916aee80d45	true	family:mismatch	1	1 GB
78252	C881G-4G-GA-K9	routers	flash	30684916aee80d45	true	family:mismatch	1	1 GB
78258	C881SRST-K9	routers	flash	4fb41a26e3dd6255	true	family:mismatch	0.125	● 128 MB on Cisco 880 Series data, embedded 3G Wireless WAN (WWAN), and Cisco Unified Border Element models ● 256 MB on 
78262	C881SRSTW-GN-A-K9	routers	flash	4fb41a26e3dd6255	true	family:mismatch	0.125	● 128 MB on Cisco 880 Series data, embedded 3G Wireless WAN (WWAN), and Cisco Unified Border Element models ● 256 MB on 
78268	C899G-LTE-GA-K9	routers	dram	30684916aee80d45	true	family:mismatch	1	1 GB
78270	C899G-LTE-GA-K9	routers	flash	30684916aee80d45	true	family:mismatch	1	1 GB
78275	C899G-LTE-JP-K9	routers	dram	30684916aee80d45	true	family:mismatch	1	1 GB
78277	C899G-LTE-JP-K9	routers	flash	30684916aee80d45	true	family:mismatch	1	1 GB
78283	C899G-LTE-ST-K9	routers	dram	30684916aee80d45	true	family:mismatch	1	1 GB
78285	C899G-LTE-ST-K9	routers	flash	30684916aee80d45	true	family:mismatch	1	1 GB
78295	C881-K9	routers	flash	4fb41a26e3dd6255	true	family:mismatch	0.125	● 128 MB on Cisco 880 Series data, embedded 3G Wireless WAN (WWAN), and Cisco Unified Border Element models ● 256 MB on 
78299	C881G+7-K9	routers	flash	4fb41a26e3dd6255	true	family:mismatch	0.125	● 128 MB on Cisco 880 Series data, embedded 3G Wireless WAN (WWAN), and Cisco Unified Border Element models ● 256 MB on 
78305	C897VA-M-K9	routers	dram	d527fab196e02ec3	true	family:mismatch	0.5	● Default 512MB ● Up to 1 GB on Cisco 892FSP, 896VA, 897VA, 897VAB, 898EA, 891F, and 891-24X data models; upgrade option
78317	C881G-4G	routers	dram	30684916aee80d45	true	family:mismatch	1	1 GB
78319	C881G-4G	routers	flash	30684916aee80d45	true	family:mismatch	1	1 GB
78327	C881W-GN-E-K9	routers	flash	4fb41a26e3dd6255	true	family:mismatch	0.125	● 128 MB on Cisco 880 Series data, embedded 3G Wireless WAN (WWAN), and Cisco Unified Border Element models ● 256 MB on 
78337	C887VAM	routers	flash	4fb41a26e3dd6255	true	family:mismatch	0.125	● 128 MB on Cisco 880 Series data, embedded 3G Wireless WAN (WWAN), and Cisco Unified Border Element models ● 256 MB on 
78341	C888-K9	routers	flash	4fb41a26e3dd6255	true	family:mismatch	0.125	● 128 MB on Cisco 880 Series data, embedded 3G Wireless WAN (WWAN), and Cisco Unified Border Element models ● 256 MB on 
78410	C896VA-K9	routers	dram	d527fab196e02ec3	true	family:mismatch	0.5	● Default 512MB ● Up to 1 GB on Cisco 892FSP, 896VA, 897VA, 897VAB, 898EA, 891F, and 891-24X data models; upgrade option
78346	C891F-K9	routers	dram	d527fab196e02ec3	true	family:mismatch	0.5	● Default 512MB ● Up to 1 GB on Cisco 892FSP, 896VA, 897VA, 897VAB, 898EA, 891F, and 891-24X data models; upgrade option
78349	C891FW-A-K9	routers	dram	d527fab196e02ec3	true	family:mismatch	0.5	● Default 512MB ● Up to 1 GB on Cisco 892FSP, 896VA, 897VA, 897VAB, 898EA, 891F, and 891-24X data models; upgrade option
78352	C891FW-E-K9	routers	dram	d527fab196e02ec3	true	family:mismatch	0.5	● Default 512MB ● Up to 1 GB on Cisco 892FSP, 896VA, 897VA, 897VAB, 898EA, 891F, and 891-24X data models; upgrade option
78356	C897VAGW-LTE-GAEK9	routers	flash	30684916aee80d45	true	family:mismatch	1	1 GB
78373	C887VA-V-K9	routers	flash	4fb41a26e3dd6255	true	family:mismatch	0.125	● 128 MB on Cisco 880 Series data, embedded 3G Wireless WAN (WWAN), and Cisco Unified Border Element models ● 256 MB on 
78377	C887VAG-S-K9	routers	flash	4fb41a26e3dd6255	true	family:mismatch	0.125	● 128 MB on Cisco 880 Series data, embedded 3G Wireless WAN (WWAN), and Cisco Unified Border Element models ● 256 MB on 
78381	C888EA-K9	routers	flash	4fb41a26e3dd6255	true	family:mismatch	0.125	● 128 MB on Cisco 880 Series data, embedded 3G Wireless WAN (WWAN), and Cisco Unified Border Element models ● 256 MB on 
78391	C899G-LTE-VZ-K9	routers	dram	30684916aee80d45	true	family:mismatch	1	1 GB
78393	C899G-LTE-VZ-K9	routers	flash	30684916aee80d45	true	family:mismatch	1	1 GB
78401	C881-CUBE-K9	routers	flash	4fb41a26e3dd6255	true	family:mismatch	0.125	● 128 MB on Cisco 880 Series data, embedded 3G Wireless WAN (WWAN), and Cisco Unified Border Element models ● 256 MB on 
78412	C897VAG-LTE-LA-K9	routers	dram	8bdfe7347c556d84	true	family:mismatch	1	1 GB
78414	C897VAG-LTE-LA-K9	routers	flash	8bdfe7347c556d84	true	family:mismatch	1	1 GB
78424	C881G+7-A-K9	routers	flash	4fb41a26e3dd6255	true	family:mismatch	0.125	● 128 MB on Cisco 880 Series data, embedded 3G Wireless WAN (WWAN), and Cisco Unified Border Element models ● 256 MB on 
78517	C881W-GN-A-K9	routers	flash	4fb41a26e3dd6255	true	family:mismatch	0.125	● 128 MB on Cisco 880 Series data, embedded 3G Wireless WAN (WWAN), and Cisco Unified Border Element models ● 256 MB on 
78437	C886VA-CUBE-K9	routers	flash	4fb41a26e3dd6255	true	family:mismatch	0.125	● 128 MB on Cisco 880 Series data, embedded 3G Wireless WAN (WWAN), and Cisco Unified Border Element models ● 256 MB on 
78441	C887VAG+7-K9	routers	flash	4fb41a26e3dd6255	true	family:mismatch	0.125	● 128 MB on Cisco 880 Series data, embedded 3G Wireless WAN (WWAN), and Cisco Unified Border Element models ● 256 MB on 
78446	C897VA-K9	routers	dram	d527fab196e02ec3	true	family:mismatch	0.5	● Default 512MB ● Up to 1 GB on Cisco 892FSP, 896VA, 897VA, 897VAB, 898EA, 891F, and 891-24X data models; upgrade option
78449	C897VAW-A-K9	routers	dram	d527fab196e02ec3	true	family:mismatch	0.5	● Default 512MB ● Up to 1 GB on Cisco 892FSP, 896VA, 897VA, 897VAB, 898EA, 891F, and 891-24X data models; upgrade option
78453	C898EAG-LTE-LA-K9	routers	flash	8bdfe7347c556d84	true	family:mismatch	1	1 GB
78536	C892FSP-K9	routers	dram	d527fab196e02ec3	true	family:mismatch	0.5	● Default 512MB ● Up to 1 GB on Cisco 892FSP, 896VA, 897VA, 897VAB, 898EA, 891F, and 891-24X data models; upgrade option
78461	C881G-U-K9	routers	flash	4fb41a26e3dd6255	true	family:mismatch	0.125	● 128 MB on Cisco 880 Series data, embedded 3G Wireless WAN (WWAN), and Cisco Unified Border Element models ● 256 MB on 
78465	C881W-GN-P-K9	routers	flash	4fb41a26e3dd6255	true	family:mismatch	0.125	● 128 MB on Cisco 880 Series data, embedded 3G Wireless WAN (WWAN), and Cisco Unified Border Element models ● 256 MB on 
78470	C888	routers	flash	4fb41a26e3dd6255	true	family:mismatch	0.125	● 128 MB on Cisco 880 Series data, embedded 3G Wireless WAN (WWAN), and Cisco Unified Border Element models ● 256 MB on 
78478	C897VAGW-LTE	routers	flash	30684916aee80d45	true	family:mismatch	1	1 GB
78486	C897VAW-E-K9	routers	dram	d527fab196e02ec3	true	family:mismatch	0.5	● Default 512MB ● Up to 1 GB on Cisco 892FSP, 896VA, 897VA, 897VAB, 898EA, 891F, and 891-24X data models; upgrade option
78491	C887	routers	flash	4fb41a26e3dd6255	true	family:mismatch	0.125	● 128 MB on Cisco 880 Series data, embedded 3G Wireless WAN (WWAN), and Cisco Unified Border Element models ● 256 MB on 
78495	C897VAB-K9	routers	dram	d527fab196e02ec3	true	family:mismatch	0.5	● Default 512MB ● Up to 1 GB on Cisco 892FSP, 896VA, 897VA, 897VAB, 898EA, 891F, and 891-24X data models; upgrade option
78509	C881	routers	flash	4fb41a26e3dd6255	true	family:mismatch	0.125	● 128 MB on Cisco 880 Series data, embedded 3G Wireless WAN (WWAN), and Cisco Unified Border Element models ● 256 MB on 
146517	C897VAG-LTE-LA-K9	routers	programming_interfaces	8bdfe7347c556d84	true	family:mismatch	["Cisco IOS Software CLI"]	● Cisco IOS Software CLI
146519	C897VAG-LTE-LA-K9	routers	emc_emissions	8bdfe7347c556d84	true	family:mismatch	["EN55022/CISPR22","CFR 47 Part 15","ICES003","VCCI-V-3","AS/NZS CISPR22","CNS13438","EN300-386","EN61000-3-2","EN61000-	EN55022/CISPR22, CFR 47 Part 15, ICES003, VCCI-V-3, AS/NZS CISPR22, CNS13438, EN300-386, EN61000-3-2, EN61000-3-3, and E
146520	C897VAG-LTE-LA-K9	routers	emc_immunity	8bdfe7347c556d84	true	family:mismatch	["EN55024/CISPR24","(EN61000-4-2, EN61000-4-3, EN61000-4-4, EN61000-4-5, EN61000-4-6, EN61000-4-11)","EN300-386"]	EN55024/CISPR24, (EN61000-4-2, EN61000-4-3, EN61000-4-4, EN61000-4-5, EN61000-4-6, EN61000-4-11), and EN300-386
146521	C898EAG-LTE-LA-K9	routers	programming_interfaces	8bdfe7347c556d84	true	family:mismatch	["Cisco IOS Software CLI"]	● Cisco IOS Software CLI
78513	C881SRSTW-GN-E-K9	routers	flash	4fb41a26e3dd6255	true	family:mismatch	0.125	● 128 MB on Cisco 880 Series data, embedded 3G Wireless WAN (WWAN), and Cisco Unified Border Element models ● 256 MB on 
146523	C898EAG-LTE-LA-K9	routers	emc_emissions	8bdfe7347c556d84	true	family:mismatch	["EN55022/CISPR22","CFR 47 Part 15","ICES003","VCCI-V-3","AS/NZS CISPR22","CNS13438","EN300-386","EN61000-3-2","EN61000-	EN55022/CISPR22, CFR 47 Part 15, ICES003, VCCI-V-3, AS/NZS CISPR22, CNS13438, EN300-386, EN61000-3-2, EN61000-3-3, and E
146524	C898EAG-LTE-LA-K9	routers	emc_immunity	8bdfe7347c556d84	true	family:mismatch	["EN55024/CISPR24","(EN61000-4-2, EN61000-4-3, EN61000-4-4, EN61000-4-5, EN61000-4-6, EN61000-4-11)","EN300-386"]	EN55024/CISPR24, (EN61000-4-2, EN61000-4-3, EN61000-4-4, EN61000-4-5, EN61000-4-6, EN61000-4-11), and EN300-386
146525	C899G-LTE-LA-K9	routers	programming_interfaces	8bdfe7347c556d84	true	family:mismatch	["Cisco IOS Software CLI"]	● Cisco IOS Software CLI
146527	C899G-LTE-LA-K9	routers	emc_emissions	8bdfe7347c556d84	true	family:mismatch	["EN55022/CISPR22","CFR 47 Part 15","ICES003","VCCI-V-3","AS/NZS CISPR22","CNS13438","EN300-386","EN61000-3-2","EN61000-	EN55022/CISPR22, CFR 47 Part 15, ICES003, VCCI-V-3, AS/NZS CISPR22, CNS13438, EN300-386, EN61000-3-2, EN61000-3-3, and E
146528	C899G-LTE-LA-K9	routers	emc_immunity	8bdfe7347c556d84	true	family:mismatch	["EN55024/CISPR24","(EN61000-4-2, EN61000-4-3, EN61000-4-4, EN61000-4-5, EN61000-4-6, EN61000-4-11)","EN300-386"]	EN55024/CISPR24, (EN61000-4-2, EN61000-4-3, EN61000-4-4, EN61000-4-5, EN61000-4-6, EN61000-4-11), and EN300-386
78528	C888-CUBE-K9	routers	flash	4fb41a26e3dd6255	true	family:mismatch	0.125	● 128 MB on Cisco 880 Series data, embedded 3G Wireless WAN (WWAN), and Cisco Unified Border Element models ● 256 MB on 
78532	C888SRST-K9	routers	flash	4fb41a26e3dd6255	true	family:mismatch	0.125	● 128 MB on Cisco 880 Series data, embedded 3G Wireless WAN (WWAN), and Cisco Unified Border Element models ● 256 MB on 
78548	C886VAG+7-K9	routers	flash	4fb41a26e3dd6255	true	family:mismatch	0.125	● 128 MB on Cisco 880 Series data, embedded 3G Wireless WAN (WWAN), and Cisco Unified Border Element models ● 256 MB on 
78556	C896VAG-LTE	routers	dram	30684916aee80d45	true	family:mismatch	1	1 GB
78558	C896VAG-LTE	routers	flash	30684916aee80d45	true	family:mismatch	1	1 GB
146572	C819G+7-K9	routers	certifications	eeedf4783e30b825	true	family:mismatch	["UL 60950-1, 2nd edition","CAN/CSA C22.2 No. 60950-1, 2nd edition","EN 60950-1, 2nd edition"]	● UL 60950-1, 2nd edition ● CAN/CSA C22.2 No. 60950-1, 2nd edition ● EN 60950-1, 2nd edition
146573	C819G+7-K9	routers	emc_emissions	eeedf4783e30b825	true	family:mismatch	["EN55022/CISPR22","CFR 47 Part 15","ICES003","VCCI-V-3","AS/NZS CISPR22","CNS13438","EN300-386","EN61000-3-2","EN61000-	EN55022/CISPR22, CFR 47 Part 15, ICES003, VCCI-V-3, AS/NZS CISPR22, CNS13438, EN300-386, EN61000-3-2, EN61000-3-3, and E
146574	C819G+7-K9	routers	emc_immunity	eeedf4783e30b825	true	family:mismatch	["EN55024/CISPR24","(EN61000-4-2, EN61000-4-3, EN61000-4-4, EN61000-4-5, EN61000-4-6, EN61000-4-11)","EN300-386"]	EN55024/CISPR24, (EN61000-4-2, EN61000-4-3, EN61000-4-4, EN61000-4-5, EN61000-4-6, EN61000-4-11), and EN300-386
146578	C819G-B-K9	routers	certifications	eeedf4783e30b825	true	family:mismatch	["UL 60950-1, 2nd edition","CAN/CSA C22.2 No. 60950-1, 2nd edition","EN 60950-1, 2nd edition"]	● UL 60950-1, 2nd edition ● CAN/CSA C22.2 No. 60950-1, 2nd edition ● EN 60950-1, 2nd edition
146579	C819G-B-K9	routers	emc_emissions	eeedf4783e30b825	true	family:mismatch	["EN55022/CISPR22","CFR 47 Part 15","ICES003","VCCI-V-3","AS/NZS CISPR22","CNS13438","EN300-386","EN61000-3-2","EN61000-	EN55022/CISPR22, CFR 47 Part 15, ICES003, VCCI-V-3, AS/NZS CISPR22, CNS13438, EN300-386, EN61000-3-2, EN61000-3-3, and E
146580	C819G-B-K9	routers	emc_immunity	eeedf4783e30b825	true	family:mismatch	["EN55024/CISPR24","(EN61000-4-2, EN61000-4-3, EN61000-4-4, EN61000-4-5, EN61000-4-6, EN61000-4-11)","EN300-386"]	EN55024/CISPR24, (EN61000-4-2, EN61000-4-3, EN61000-4-4, EN61000-4-5, EN61000-4-6, EN61000-4-11), and EN300-386
146584	C819G-S-K9	routers	certifications	eeedf4783e30b825	true	family:mismatch	["UL 60950-1, 2nd edition","CAN/CSA C22.2 No. 60950-1, 2nd edition","EN 60950-1, 2nd edition"]	● UL 60950-1, 2nd edition ● CAN/CSA C22.2 No. 60950-1, 2nd edition ● EN 60950-1, 2nd edition
146585	C819G-S-K9	routers	emc_emissions	eeedf4783e30b825	true	family:mismatch	["EN55022/CISPR22","CFR 47 Part 15","ICES003","VCCI-V-3","AS/NZS CISPR22","CNS13438","EN300-386","EN61000-3-2","EN61000-	EN55022/CISPR22, CFR 47 Part 15, ICES003, VCCI-V-3, AS/NZS CISPR22, CNS13438, EN300-386, EN61000-3-2, EN61000-3-3, and E
146586	C819G-S-K9	routers	emc_immunity	eeedf4783e30b825	true	family:mismatch	["EN55024/CISPR24","(EN61000-4-2, EN61000-4-3, EN61000-4-4, EN61000-4-5, EN61000-4-6, EN61000-4-11)","EN300-386"]	EN55024/CISPR24, (EN61000-4-2, EN61000-4-3, EN61000-4-4, EN61000-4-5, EN61000-4-6, EN61000-4-11), and EN300-386
146591	C819G-U-K9	routers	emc_emissions	eeedf4783e30b825	true	family:mismatch	["EN55022/CISPR22","CFR 47 Part 15","ICES003","VCCI-V-3","AS/NZS CISPR22","CNS13438","EN300-386","EN61000-3-2","EN61000-	EN55022/CISPR22, CFR 47 Part 15, ICES003, VCCI-V-3, AS/NZS CISPR22, CNS13438, EN300-386, EN61000-3-2, EN61000-3-3, and E
146592	C819G-U-K9	routers	emc_immunity	eeedf4783e30b825	true	family:mismatch	["EN55024/CISPR24","(EN61000-4-2, EN61000-4-3, EN61000-4-4, EN61000-4-5, EN61000-4-6, EN61000-4-11)","EN300-386"]	EN55024/CISPR24, (EN61000-4-2, EN61000-4-3, EN61000-4-4, EN61000-4-5, EN61000-4-6, EN61000-4-11), and EN300-386
146590	C819G-U-K9	routers	certifications	eeedf4783e30b825	true	family:mismatch	["UL 60950-1, 2nd edition","CAN/CSA C22.2 No. 60950-1, 2nd edition","EN 60950-1, 2nd edition"]	● UL 60950-1, 2nd edition ● CAN/CSA C22.2 No. 60950-1, 2nd edition ● EN 60950-1, 2nd edition
146597	C819G-V-K9	routers	emc_emissions	eeedf4783e30b825	true	family:mismatch	["EN55022/CISPR22","CFR 47 Part 15","ICES003","VCCI-V-3","AS/NZS CISPR22","CNS13438","EN300-386","EN61000-3-2","EN61000-	EN55022/CISPR22, CFR 47 Part 15, ICES003, VCCI-V-3, AS/NZS CISPR22, CNS13438, EN300-386, EN61000-3-2, EN61000-3-3, and E
146598	C819G-V-K9	routers	emc_immunity	eeedf4783e30b825	true	family:mismatch	["EN55024/CISPR24","(EN61000-4-2, EN61000-4-3, EN61000-4-4, EN61000-4-5, EN61000-4-6, EN61000-4-11)","EN300-386"]	EN55024/CISPR24, (EN61000-4-2, EN61000-4-3, EN61000-4-4, EN61000-4-5, EN61000-4-6, EN61000-4-11), and EN300-386
146602	C819H-K9	routers	certifications	eeedf4783e30b825	true	family:mismatch	["UL 60950-1, 2nd edition","CAN/CSA C22.2 No. 60950-1, 2nd edition","EN 60950-1, 2nd edition"]	● UL 60950-1, 2nd edition ● CAN/CSA C22.2 No. 60950-1, 2nd edition ● EN 60950-1, 2nd edition
146603	C819H-K9	routers	emc_emissions	eeedf4783e30b825	true	family:mismatch	["EN55022/CISPR22","CFR 47 Part 15","ICES003","VCCI-V-3","AS/NZS CISPR22","CNS13438","EN300-386","EN61000-3-2","EN61000-	EN55022/CISPR22, CFR 47 Part 15, ICES003, VCCI-V-3, AS/NZS CISPR22, CNS13438, EN300-386, EN61000-3-2, EN61000-3-3, and E
146604	C819H-K9	routers	emc_immunity	eeedf4783e30b825	true	family:mismatch	["EN55024/CISPR24","(EN61000-4-2, EN61000-4-3, EN61000-4-4, EN61000-4-5, EN61000-4-6, EN61000-4-11)","EN300-386"]	EN55024/CISPR24, (EN61000-4-2, EN61000-4-3, EN61000-4-4, EN61000-4-5, EN61000-4-6, EN61000-4-11), and EN300-386
146609	C819HG+7-K9	routers	emc_emissions	eeedf4783e30b825	true	family:mismatch	["EN55022/CISPR22","CFR 47 Part 15","ICES003","VCCI-V-3","AS/NZS CISPR22","CNS13438","EN300-386","EN61000-3-2","EN61000-	EN55022/CISPR22, CFR 47 Part 15, ICES003, VCCI-V-3, AS/NZS CISPR22, CNS13438, EN300-386, EN61000-3-2, EN61000-3-3, and E
146610	C819HG+7-K9	routers	emc_immunity	eeedf4783e30b825	true	family:mismatch	["EN55024/CISPR24","(EN61000-4-2, EN61000-4-3, EN61000-4-4, EN61000-4-5, EN61000-4-6, EN61000-4-11)","EN300-386"]	EN55024/CISPR24, (EN61000-4-2, EN61000-4-3, EN61000-4-4, EN61000-4-5, EN61000-4-6, EN61000-4-11), and EN300-386
146608	C819HG+7-K9	routers	certifications	eeedf4783e30b825	true	family:mismatch	["UL 60950-1, 2nd edition","CAN/CSA C22.2 No. 60950-1, 2nd edition","EN 60950-1, 2nd edition"]	● UL 60950-1, 2nd edition ● CAN/CSA C22.2 No. 60950-1, 2nd edition ● EN 60950-1, 2nd edition
146614	C819HG-B-K9	routers	certifications	eeedf4783e30b825	true	family:mismatch	["UL 60950-1, 2nd edition","CAN/CSA C22.2 No. 60950-1, 2nd edition","EN 60950-1, 2nd edition"]	● UL 60950-1, 2nd edition ● CAN/CSA C22.2 No. 60950-1, 2nd edition ● EN 60950-1, 2nd edition
146615	C819HG-B-K9	routers	emc_emissions	eeedf4783e30b825	true	family:mismatch	["EN55022/CISPR22","CFR 47 Part 15","ICES003","VCCI-V-3","AS/NZS CISPR22","CNS13438","EN300-386","EN61000-3-2","EN61000-	EN55022/CISPR22, CFR 47 Part 15, ICES003, VCCI-V-3, AS/NZS CISPR22, CNS13438, EN300-386, EN61000-3-2, EN61000-3-3, and E
146616	C819HG-B-K9	routers	emc_immunity	eeedf4783e30b825	true	family:mismatch	["EN55024/CISPR24","(EN61000-4-2, EN61000-4-3, EN61000-4-4, EN61000-4-5, EN61000-4-6, EN61000-4-11)","EN300-386"]	EN55024/CISPR24, (EN61000-4-2, EN61000-4-3, EN61000-4-4, EN61000-4-5, EN61000-4-6, EN61000-4-11), and EN300-386
146620	C819HG-S-K9	routers	certifications	eeedf4783e30b825	true	family:mismatch	["UL 60950-1, 2nd edition","CAN/CSA C22.2 No. 60950-1, 2nd edition","EN 60950-1, 2nd edition"]	● UL 60950-1, 2nd edition ● CAN/CSA C22.2 No. 60950-1, 2nd edition ● EN 60950-1, 2nd edition
146621	C819HG-S-K9	routers	emc_emissions	eeedf4783e30b825	true	family:mismatch	["EN55022/CISPR22","CFR 47 Part 15","ICES003","VCCI-V-3","AS/NZS CISPR22","CNS13438","EN300-386","EN61000-3-2","EN61000-	EN55022/CISPR22, CFR 47 Part 15, ICES003, VCCI-V-3, AS/NZS CISPR22, CNS13438, EN300-386, EN61000-3-2, EN61000-3-3, and E
146622	C819HG-S-K9	routers	emc_immunity	eeedf4783e30b825	true	family:mismatch	["EN55024/CISPR24","(EN61000-4-2, EN61000-4-3, EN61000-4-4, EN61000-4-5, EN61000-4-6, EN61000-4-11)","EN300-386"]	EN55024/CISPR24, (EN61000-4-2, EN61000-4-3, EN61000-4-4, EN61000-4-5, EN61000-4-6, EN61000-4-11), and EN300-386
146626	C819HG-U-K9	routers	certifications	eeedf4783e30b825	true	family:mismatch	["UL 60950-1, 2nd edition","CAN/CSA C22.2 No. 60950-1, 2nd edition","EN 60950-1, 2nd edition"]	● UL 60950-1, 2nd edition ● CAN/CSA C22.2 No. 60950-1, 2nd edition ● EN 60950-1, 2nd edition
146627	C819HG-U-K9	routers	emc_emissions	eeedf4783e30b825	true	family:mismatch	["EN55022/CISPR22","CFR 47 Part 15","ICES003","VCCI-V-3","AS/NZS CISPR22","CNS13438","EN300-386","EN61000-3-2","EN61000-	EN55022/CISPR22, CFR 47 Part 15, ICES003, VCCI-V-3, AS/NZS CISPR22, CNS13438, EN300-386, EN61000-3-2, EN61000-3-3, and E
146628	C819HG-U-K9	routers	emc_immunity	eeedf4783e30b825	true	family:mismatch	["EN55024/CISPR24","(EN61000-4-2, EN61000-4-3, EN61000-4-4, EN61000-4-5, EN61000-4-6, EN61000-4-11)","EN300-386"]	EN55024/CISPR24, (EN61000-4-2, EN61000-4-3, EN61000-4-4, EN61000-4-5, EN61000-4-6, EN61000-4-11), and EN300-386
146633	C819HG-V-K9	routers	emc_emissions	eeedf4783e30b825	true	family:mismatch	["EN55022/CISPR22","CFR 47 Part 15","ICES003","VCCI-V-3","AS/NZS CISPR22","CNS13438","EN300-386","EN61000-3-2","EN61000-	EN55022/CISPR22, CFR 47 Part 15, ICES003, VCCI-V-3, AS/NZS CISPR22, CNS13438, EN300-386, EN61000-3-2, EN61000-3-3, and E
146634	C819HG-V-K9	routers	emc_immunity	eeedf4783e30b825	true	family:mismatch	["EN55024/CISPR24","(EN61000-4-2, EN61000-4-3, EN61000-4-4, EN61000-4-5, EN61000-4-6, EN61000-4-11)","EN300-386"]	EN55024/CISPR24, (EN61000-4-2, EN61000-4-3, EN61000-4-4, EN61000-4-5, EN61000-4-6, EN61000-4-11), and EN300-386
146632	C819HG-V-K9	routers	certifications	eeedf4783e30b825	true	family:mismatch	["UL 60950-1, 2nd edition","CAN/CSA C22.2 No. 60950-1, 2nd edition","EN 60950-1, 2nd edition"]	● UL 60950-1, 2nd edition ● CAN/CSA C22.2 No. 60950-1, 2nd edition ● EN 60950-1, 2nd edition
146639	C819HGW+7-A-A-K9	routers	emc_emissions	eeedf4783e30b825	true	family:mismatch	["EN55022/CISPR22","CFR 47 Part 15","ICES003","VCCI-V-3","AS/NZS CISPR22","CNS13438","EN300-386","EN61000-3-2","EN61000-	EN55022/CISPR22, CFR 47 Part 15, ICES003, VCCI-V-3, AS/NZS CISPR22, CNS13438, EN300-386, EN61000-3-2, EN61000-3-3, and E
146640	C819HGW+7-A-A-K9	routers	emc_immunity	eeedf4783e30b825	true	family:mismatch	["EN55024/CISPR24","(EN61000-4-2, EN61000-4-3, EN61000-4-4, EN61000-4-5, EN61000-4-6, EN61000-4-11)","EN300-386"]	EN55024/CISPR24, (EN61000-4-2, EN61000-4-3, EN61000-4-4, EN61000-4-5, EN61000-4-6, EN61000-4-11), and EN300-386
146638	C819HGW+7-A-A-K9	routers	certifications	eeedf4783e30b825	true	family:mismatch	["UL 60950-1, 2nd edition","CAN/CSA C22.2 No. 60950-1, 2nd edition","EN 60950-1, 2nd edition"]	● UL 60950-1, 2nd edition ● CAN/CSA C22.2 No. 60950-1, 2nd edition ● EN 60950-1, 2nd edition
146645	C819HGW+7-E-K9	routers	emc_emissions	eeedf4783e30b825	true	family:mismatch	["EN55022/CISPR22","CFR 47 Part 15","ICES003","VCCI-V-3","AS/NZS CISPR22","CNS13438","EN300-386","EN61000-3-2","EN61000-	EN55022/CISPR22, CFR 47 Part 15, ICES003, VCCI-V-3, AS/NZS CISPR22, CNS13438, EN300-386, EN61000-3-2, EN61000-3-3, and E
146646	C819HGW+7-E-K9	routers	emc_immunity	eeedf4783e30b825	true	family:mismatch	["EN55024/CISPR24","(EN61000-4-2, EN61000-4-3, EN61000-4-4, EN61000-4-5, EN61000-4-6, EN61000-4-11)","EN300-386"]	EN55024/CISPR24, (EN61000-4-2, EN61000-4-3, EN61000-4-4, EN61000-4-5, EN61000-4-6, EN61000-4-11), and EN300-386
146644	C819HGW+7-E-K9	routers	certifications	eeedf4783e30b825	true	family:mismatch	["UL 60950-1, 2nd edition","CAN/CSA C22.2 No. 60950-1, 2nd edition","EN 60950-1, 2nd edition"]	● UL 60950-1, 2nd edition ● CAN/CSA C22.2 No. 60950-1, 2nd edition ● EN 60950-1, 2nd edition
146650	C819HGW+7-N-K9	routers	certifications	eeedf4783e30b825	true	family:mismatch	["UL 60950-1, 2nd edition","CAN/CSA C22.2 No. 60950-1, 2nd edition","EN 60950-1, 2nd edition"]	● UL 60950-1, 2nd edition ● CAN/CSA C22.2 No. 60950-1, 2nd edition ● EN 60950-1, 2nd edition
146651	C819HGW+7-N-K9	routers	emc_emissions	eeedf4783e30b825	true	family:mismatch	["EN55022/CISPR22","CFR 47 Part 15","ICES003","VCCI-V-3","AS/NZS CISPR22","CNS13438","EN300-386","EN61000-3-2","EN61000-	EN55022/CISPR22, CFR 47 Part 15, ICES003, VCCI-V-3, AS/NZS CISPR22, CNS13438, EN300-386, EN61000-3-2, EN61000-3-3, and E
146652	C819HGW+7-N-K9	routers	emc_immunity	eeedf4783e30b825	true	family:mismatch	["EN55024/CISPR24","(EN61000-4-2, EN61000-4-3, EN61000-4-4, EN61000-4-5, EN61000-4-6, EN61000-4-11)","EN300-386"]	EN55024/CISPR24, (EN61000-4-2, EN61000-4-3, EN61000-4-4, EN61000-4-5, EN61000-4-6, EN61000-4-11), and EN300-386
146656	C819HGW-S-A-K9	routers	certifications	eeedf4783e30b825	true	family:mismatch	["UL 60950-1, 2nd edition","CAN/CSA C22.2 No. 60950-1, 2nd edition","EN 60950-1, 2nd edition"]	● UL 60950-1, 2nd edition ● CAN/CSA C22.2 No. 60950-1, 2nd edition ● EN 60950-1, 2nd edition
146657	C819HGW-S-A-K9	routers	emc_emissions	eeedf4783e30b825	true	family:mismatch	["EN55022/CISPR22","CFR 47 Part 15","ICES003","VCCI-V-3","AS/NZS CISPR22","CNS13438","EN300-386","EN61000-3-2","EN61000-	EN55022/CISPR22, CFR 47 Part 15, ICES003, VCCI-V-3, AS/NZS CISPR22, CNS13438, EN300-386, EN61000-3-2, EN61000-3-3, and E
146658	C819HGW-S-A-K9	routers	emc_immunity	eeedf4783e30b825	true	family:mismatch	["EN55024/CISPR24","(EN61000-4-2, EN61000-4-3, EN61000-4-4, EN61000-4-5, EN61000-4-6, EN61000-4-11)","EN300-386"]	EN55024/CISPR24, (EN61000-4-2, EN61000-4-3, EN61000-4-4, EN61000-4-5, EN61000-4-6, EN61000-4-11), and EN300-386
146663	C819HGW-V-A-K9	routers	emc_emissions	eeedf4783e30b825	true	family:mismatch	["EN55022/CISPR22","CFR 47 Part 15","ICES003","VCCI-V-3","AS/NZS CISPR22","CNS13438","EN300-386","EN61000-3-2","EN61000-	EN55022/CISPR22, CFR 47 Part 15, ICES003, VCCI-V-3, AS/NZS CISPR22, CNS13438, EN300-386, EN61000-3-2, EN61000-3-3, and E
146664	C819HGW-V-A-K9	routers	emc_immunity	eeedf4783e30b825	true	family:mismatch	["EN55024/CISPR24","(EN61000-4-2, EN61000-4-3, EN61000-4-4, EN61000-4-5, EN61000-4-6, EN61000-4-11)","EN300-386"]	EN55024/CISPR24, (EN61000-4-2, EN61000-4-3, EN61000-4-4, EN61000-4-5, EN61000-4-6, EN61000-4-11), and EN300-386
146662	C819HGW-V-A-K9	routers	certifications	eeedf4783e30b825	true	family:mismatch	["UL 60950-1, 2nd edition","CAN/CSA C22.2 No. 60950-1, 2nd edition","EN 60950-1, 2nd edition"]	● UL 60950-1, 2nd edition ● CAN/CSA C22.2 No. 60950-1, 2nd edition ● EN 60950-1, 2nd edition
146669	C819HWD-A-K9	routers	emc_emissions	eeedf4783e30b825	true	family:mismatch	["EN55022/CISPR22","CFR 47 Part 15","ICES003","VCCI-V-3","AS/NZS CISPR22","CNS13438","EN300-386","EN61000-3-2","EN61000-	EN55022/CISPR22, CFR 47 Part 15, ICES003, VCCI-V-3, AS/NZS CISPR22, CNS13438, EN300-386, EN61000-3-2, EN61000-3-3, and E
146670	C819HWD-A-K9	routers	emc_immunity	eeedf4783e30b825	true	family:mismatch	["EN55024/CISPR24","(EN61000-4-2, EN61000-4-3, EN61000-4-4, EN61000-4-5, EN61000-4-6, EN61000-4-11)","EN300-386"]	EN55024/CISPR24, (EN61000-4-2, EN61000-4-3, EN61000-4-4, EN61000-4-5, EN61000-4-6, EN61000-4-11), and EN300-386
146674	C819HWD-E-K9	routers	certifications	eeedf4783e30b825	true	family:mismatch	["UL 60950-1, 2nd edition","CAN/CSA C22.2 No. 60950-1, 2nd edition","EN 60950-1, 2nd edition"]	● UL 60950-1, 2nd edition ● CAN/CSA C22.2 No. 60950-1, 2nd edition ● EN 60950-1, 2nd edition
146675	C819HWD-E-K9	routers	emc_emissions	eeedf4783e30b825	true	family:mismatch	["EN55022/CISPR22","CFR 47 Part 15","ICES003","VCCI-V-3","AS/NZS CISPR22","CNS13438","EN300-386","EN61000-3-2","EN61000-	EN55022/CISPR22, CFR 47 Part 15, ICES003, VCCI-V-3, AS/NZS CISPR22, CNS13438, EN300-386, EN61000-3-2, EN61000-3-3, and E
146676	C819HWD-E-K9	routers	emc_immunity	eeedf4783e30b825	true	family:mismatch	["EN55024/CISPR24","(EN61000-4-2, EN61000-4-3, EN61000-4-4, EN61000-4-5, EN61000-4-6, EN61000-4-11)","EN300-386"]	EN55024/CISPR24, (EN61000-4-2, EN61000-4-3, EN61000-4-4, EN61000-4-5, EN61000-4-6, EN61000-4-11), and EN300-386
52475	N9K-C92348GC-FX3	switches	temp_storage	66f24c36fabebf74	true	family:mismatch	{"max":70,"min":-40}	-40 to 158°F (-40 to 70°C)
52492	N9K-C92160YC-X	switches	temp_storage	66f24c36fabebf74	true	family:mismatch	{"max":70,"min":-40}	-40 to 158°F (-40 to 70°C)
52509	N9K-C92300YC	switches	temp_storage	66f24c36fabebf74	true	family:mismatch	{"max":70,"min":-40}	-40 to 158°F (-40 to 70°C)
52526	N9K-C9272Q	switches	temp_storage	66f24c36fabebf74	true	family:mismatch	{"max":70,"min":-40}	-40 to 158°F (-40 to 70°C)
52543	N9K-C92304QC	switches	temp_storage	66f24c36fabebf74	true	family:mismatch	{"max":70,"min":-40}	-40 to 158°F (-40 to 70°C)
115130	RV160W-A-K9-AR	routers	temp_storage	8681e4a656ec9835	true	family:mismatch	{"max":70,"min":-20}	-20° to 70°C (-4° to 158°F)
115135	RV160W-A-K9-NA	routers	temp_storage	8681e4a656ec9835	true	family:mismatch	{"max":70,"min":-20}	-20° to 70°C (-4° to 158°F)
115253	RV160W	routers	temp_storage	8681e4a656ec9835	true	family:mismatch	{"max":70,"min":-20}	-20° to 70°C (-4° to 158°F)
115258	RV160W-C-K9-CN	routers	temp_storage	8681e4a656ec9835	true	family:mismatch	{"max":70,"min":-20}	-20° to 70°C (-4° to 158°F)
122070	UCS-E1100D-M6/K9	servers-unified-computing	temp_storage	f06b537d8957ff32	true	family:mismatch	{"max":70,"min":-40}	-40 to 150°F (-40 to 70°C)
122137	UCS-E180D-M3/K9	servers-unified-computing	temp_storage	f06b537d8957ff32	true	family:mismatch	{"max":70,"min":-40}	-40 to 150°F (-40 to 70°C)
148560	CISCO867-K9	routers	certifications	4e02e9b6f92bde03	true	family:mismatch	["IEC 60950-1:2005, Second Edition, with all country deviations","AS/NZS 60950-1:2003, First Edition","CAN/CSA 22.2 No. 	● IEC 60950-1:2005, Second Edition, with all country deviations ● AS/NZS 60950-1:2003, First Edition ● CAN/CSA 22.2 No. 
148779	IR1833-K9	routers	temp_operating	8e3a62fc89fc76f1	true	family:mismatch	{"max":60,"min":-40}	● –40° to 140°F (–40° to 60°C) in a sealed NEMA cabinet with no airflow ● –40° to 158°F (–40° to 70°C) in a vented cabin
148783	IR1835-K9	routers	temp_operating	8e3a62fc89fc76f1	true	family:mismatch	{"max":60,"min":-40}	● –40° to 140°F (–40° to 60°C) in a sealed NEMA cabinet with no airflow ● –40° to 158°F (–40° to 70°C) in a vented cabin
148785	IR1835-K9	routers	ieee_standards	8e3a62fc89fc76f1	true	family:mismatch	["NMEA","RTCM 104"]	● NMEA, RTCM 104
115252	RV160W	routers	jumbo_mtu	8681e4a656ec9835	true	family:mismatch	1536	Supports jumbo frames on Gigabit ports – at least 1536B
84630	CISCO861W-GN-A-K9	routers	temp_operating	4e02e9b6f92bde03	true	family:mismatch	{"max":65,"min":-20}	● Nonoperating temperature: -4 to 149°F (-20 to 65°C) ● Nonoperating humidity: 5 to 95 percent relative humidity (noncon
84772	CISCO861W-GN-E-K9	routers	temp_operating	4e02e9b6f92bde03	true	family:mismatch	{"max":65,"min":-20}	● Nonoperating temperature: -4 to 149°F (-20 to 65°C) ● Nonoperating humidity: 5 to 95 percent relative humidity (noncon
84798	CISCO861W-GN-P-K9	routers	temp_operating	4e02e9b6f92bde03	true	family:mismatch	{"max":65,"min":-20}	● Nonoperating temperature: -4 to 149°F (-20 to 65°C) ● Nonoperating humidity: 5 to 95 percent relative humidity (noncon
84807	CG113-4GW6x	routers	encryption	8a809a45d23ecd5e	true	family:mismatch	"IPsec"	IPsec
84875	CISCO867W-GN-E-K9	routers	temp_operating	4e02e9b6f92bde03	true	family:mismatch	{"max":65,"min":-20}	● Nonoperating temperature: -4 to 149°F (-20 to 65°C) ● Nonoperating humidity: 5 to 95 percent relative humidity (noncon
85158	CISCO861-K9	routers	temp_operating	4e02e9b6f92bde03	true	family:mismatch	{"max":65,"min":-20}	● Nonoperating temperature: -4 to 149°F (-20 to 65°C) ● Nonoperating humidity: 5 to 95 percent relative humidity (noncon
85162	CISCO867-K9	routers	temp_operating	4e02e9b6f92bde03	true	family:mismatch	{"max":65,"min":-20}	● Nonoperating temperature: -4 to 149°F (-20 to 65°C) ● Nonoperating humidity: 5 to 95 percent relative humidity (noncon
85166	CISCO867W-GN-A-K9	routers	temp_operating	4e02e9b6f92bde03	true	family:mismatch	{"max":65,"min":-20}	● Nonoperating temperature: -4 to 149°F (-20 to 65°C) ● Nonoperating humidity: 5 to 95 percent relative humidity (noncon
85170	CISCO881-K9	routers	flash	4fb41a26e3dd6255	true	family:mismatch	0.125	● 128 MB on Cisco 880 Series data, embedded 3G Wireless WAN (WWAN), and Cisco Unified Border Element models ● 256 MB on 
85178	CISCO888W-GN-A-K9	routers	flash	4fb41a26e3dd6255	true	family:mismatch	0.125	● 128 MB on Cisco 880 Series data, embedded 3G Wireless WAN (WWAN), and Cisco Unified Border Element models ● 256 MB on 
85247	CISCO887-K9	routers	flash	4fb41a26e3dd6255	true	family:mismatch	0.125	● 128 MB on Cisco 880 Series data, embedded 3G Wireless WAN (WWAN), and Cisco Unified Border Element models ● 256 MB on 
85183	CISCO886W-GN-E-K9	routers	flash	4fb41a26e3dd6255	true	family:mismatch	0.125	● 128 MB on Cisco 880 Series data, embedded 3G Wireless WAN (WWAN), and Cisco Unified Border Element models ● 256 MB on 
85187	CISCO887VG-K9	routers	flash	4fb41a26e3dd6255	true	family:mismatch	0.125	● 128 MB on Cisco 880 Series data, embedded 3G Wireless WAN (WWAN), and Cisco Unified Border Element models ● 256 MB on 
85191	CISCO888GW-G-NE-K9	routers	flash	4fb41a26e3dd6255	true	family:mismatch	0.125	● 128 MB on Cisco 880 Series data, embedded 3G Wireless WAN (WWAN), and Cisco Unified Border Element models ● 256 MB on 
85195	CISCO888-SEC-K9	routers	flash	4fb41a26e3dd6255	true	family:mismatch	0.125	● 128 MB on Cisco 880 Series data, embedded 3G Wireless WAN (WWAN), and Cisco Unified Border Element models ● 256 MB on 
85199	CISCO888EW-GN-E-K9	routers	flash	4fb41a26e3dd6255	true	family:mismatch	0.125	● 128 MB on Cisco 880 Series data, embedded 3G Wireless WAN (WWAN), and Cisco Unified Border Element models ● 256 MB on 
85204	CISCO881-SEC-K9	routers	flash	4fb41a26e3dd6255	true	family:mismatch	0.125	● 128 MB on Cisco 880 Series data, embedded 3G Wireless WAN (WWAN), and Cisco Unified Border Element models ● 256 MB on 
85208	CISCO881G-K9	routers	flash	4fb41a26e3dd6255	true	family:mismatch	0.125	● 128 MB on Cisco 880 Series data, embedded 3G Wireless WAN (WWAN), and Cisco Unified Border Element models ● 256 MB on 
85212	CISCO886G-K9	routers	flash	4fb41a26e3dd6255	true	family:mismatch	0.125	● 128 MB on Cisco 880 Series data, embedded 3G Wireless WAN (WWAN), and Cisco Unified Border Element models ● 256 MB on 
85216	CISCO887V-SEC-K9	routers	flash	4fb41a26e3dd6255	true	family:mismatch	0.125	● 128 MB on Cisco 880 Series data, embedded 3G Wireless WAN (WWAN), and Cisco Unified Border Element models ● 256 MB on 
85220	CISCO888EW-GN-A-K9	routers	flash	4fb41a26e3dd6255	true	family:mismatch	0.125	● 128 MB on Cisco 880 Series data, embedded 3G Wireless WAN (WWAN), and Cisco Unified Border Element models ● 256 MB on 
85224	CISCO888G-K9	routers	flash	4fb41a26e3dd6255	true	family:mismatch	0.125	● 128 MB on Cisco 880 Series data, embedded 3G Wireless WAN (WWAN), and Cisco Unified Border Element models ● 256 MB on 
85313	CISCO881W-GN-P-K9	routers	flash	4fb41a26e3dd6255	true	family:mismatch	0.125	● 128 MB on Cisco 880 Series data, embedded 3G Wireless WAN (WWAN), and Cisco Unified Border Element models ● 256 MB on 
85232	CISCO887VGW-GNA-K9	routers	flash	4fb41a26e3dd6255	true	family:mismatch	0.125	● 128 MB on Cisco 880 Series data, embedded 3G Wireless WAN (WWAN), and Cisco Unified Border Element models ● 256 MB on 
85236	CISCO888W-GN-E-K9	routers	flash	4fb41a26e3dd6255	true	family:mismatch	0.125	● 128 MB on Cisco 880 Series data, embedded 3G Wireless WAN (WWAN), and Cisco Unified Border Element models ● 256 MB on 
85243	CISCO881GW-GN-A-K9	routers	flash	4fb41a26e3dd6255	true	family:mismatch	0.125	● 128 MB on Cisco 880 Series data, embedded 3G Wireless WAN (WWAN), and Cisco Unified Border Element models ● 256 MB on 
85251	CISCO887V-K9	routers	flash	4fb41a26e3dd6255	true	family:mismatch	0.125	● 128 MB on Cisco 880 Series data, embedded 3G Wireless WAN (WWAN), and Cisco Unified Border Element models ● 256 MB on 
85255	CISCO887W-GN-E-K9	routers	flash	4fb41a26e3dd6255	true	family:mismatch	0.125	● 128 MB on Cisco 880 Series data, embedded 3G Wireless WAN (WWAN), and Cisco Unified Border Element models ● 256 MB on 
85259	CISCO888E-K9	routers	flash	4fb41a26e3dd6255	true	family:mismatch	0.125	● 128 MB on Cisco 880 Series data, embedded 3G Wireless WAN (WWAN), and Cisco Unified Border Element models ● 256 MB on 
85263	CISCO887G-K9	routers	flash	4fb41a26e3dd6255	true	family:mismatch	0.125	● 128 MB on Cisco 880 Series data, embedded 3G Wireless WAN (WWAN), and Cisco Unified Border Element models ● 256 MB on 
85267	CISCO887GW-GN-A-K9	routers	flash	4fb41a26e3dd6255	true	family:mismatch	0.125	● 128 MB on Cisco 880 Series data, embedded 3G Wireless WAN (WWAN), and Cisco Unified Border Element models ● 256 MB on 
151393	N9K-C93108TC-EX-24	switches	temp_storage	c294a6ef715a933d	true	family:mismatch	{"max":70,"min":-40}	–40 to 158°F (–40 to 70°C)
151394	N9K-C93108TC-EX-24	switches	emc_emissions	c294a6ef715a933d	true	family:mismatch	["47CFR Part 15 (CFR 47) Class A","AS/NZS CISPR22 Class A","CISPR22 Class A","EN55022 Class A","ICES003 Class A","VCCI C	● 47CFR Part 15 (CFR 47) Class A ● AS/NZS CISPR22 Class A ● CISPR22 Class A ● EN55022 Class A ● ICES003 Class A ● VCCI C
151395	N9K-C93108TC-EX-24	switches	emc_immunity	c294a6ef715a933d	true	family:mismatch	["EN55024","CISPR24","EN300386","KN 61000-4 series"]	● EN55024 ● CISPR24 ● EN300386 ● KN 61000-4 series
151396	N9K-C93108TC-FX-24	switches	temp_storage	c294a6ef715a933d	true	family:mismatch	{"max":70,"min":-40}	–40 to 158°F (–40 to 70°C)
151397	N9K-C93108TC-FX-24	switches	emc_emissions	c294a6ef715a933d	true	family:mismatch	["47CFR Part 15 (CFR 47) Class A","AS/NZS CISPR22 Class A","CISPR22 Class A","EN55022 Class A","ICES003 Class A","VCCI C	● 47CFR Part 15 (CFR 47) Class A ● AS/NZS CISPR22 Class A ● CISPR22 Class A ● EN55022 Class A ● ICES003 Class A ● VCCI C
151398	N9K-C93108TC-FX-24	switches	emc_immunity	c294a6ef715a933d	true	family:mismatch	["EN55024","CISPR24","EN300386","KN 61000-4 series"]	● EN55024 ● CISPR24 ● EN300386 ● KN 61000-4 series
151399	N9K-C93108TC-FX3H	switches	temp_storage	c294a6ef715a933d	true	family:mismatch	{"max":70,"min":-40}	–40 to 158°F (–40 to 70°C)
151400	N9K-C93108TC-FX3H	switches	emc_emissions	c294a6ef715a933d	true	family:mismatch	["47CFR Part 15 (CFR 47) Class A","AS/NZS CISPR22 Class A","CISPR22 Class A","EN55022 Class A","ICES003 Class A","VCCI C	● 47CFR Part 15 (CFR 47) Class A ● AS/NZS CISPR22 Class A ● CISPR22 Class A ● EN55022 Class A ● ICES003 Class A ● VCCI C
151401	N9K-C93108TC-FX3H	switches	emc_immunity	c294a6ef715a933d	true	family:mismatch	["EN55024","CISPR24","EN300386","KN 61000-4 series"]	● EN55024 ● CISPR24 ● EN300386 ● KN 61000-4 series
151402	N9K-C93180YC-EX-24	switches	temp_storage	c294a6ef715a933d	true	family:mismatch	{"max":70,"min":-40}	–40 to 158°F (–40 to 70°C)
151403	N9K-C93180YC-EX-24	switches	emc_emissions	c294a6ef715a933d	true	family:mismatch	["47CFR Part 15 (CFR 47) Class A","AS/NZS CISPR22 Class A","CISPR22 Class A","EN55022 Class A","ICES003 Class A","VCCI C	● 47CFR Part 15 (CFR 47) Class A ● AS/NZS CISPR22 Class A ● CISPR22 Class A ● EN55022 Class A ● ICES003 Class A ● VCCI C
151404	N9K-C93180YC-EX-24	switches	emc_immunity	c294a6ef715a933d	true	family:mismatch	["EN55024","CISPR24","EN300386","KN 61000-4 series"]	● EN55024 ● CISPR24 ● EN300386 ● KN 61000-4 series
151405	N9K-C93180YC-FX-24	switches	temp_storage	c294a6ef715a933d	true	family:mismatch	{"max":70,"min":-40}	–40 to 158°F (–40 to 70°C)
151406	N9K-C93180YC-FX-24	switches	emc_emissions	c294a6ef715a933d	true	family:mismatch	["47CFR Part 15 (CFR 47) Class A","AS/NZS CISPR22 Class A","CISPR22 Class A","EN55022 Class A","ICES003 Class A","VCCI C	● 47CFR Part 15 (CFR 47) Class A ● AS/NZS CISPR22 Class A ● CISPR22 Class A ● EN55022 Class A ● ICES003 Class A ● VCCI C
151407	N9K-C93180YC-FX-24	switches	emc_immunity	c294a6ef715a933d	true	family:mismatch	["EN55024","CISPR24","EN300386","KN 61000-4 series"]	● EN55024 ● CISPR24 ● EN300386 ● KN 61000-4 series
151408	N9K-C93180YC-FX3H	switches	temp_storage	c294a6ef715a933d	true	family:mismatch	{"max":70,"min":-40}	–40 to 158°F (–40 to 70°C)
151409	N9K-C93180YC-FX3H	switches	emc_emissions	c294a6ef715a933d	true	family:mismatch	["47CFR Part 15 (CFR 47) Class A","AS/NZS CISPR22 Class A","CISPR22 Class A","EN55022 Class A","ICES003 Class A","VCCI C	● 47CFR Part 15 (CFR 47) Class A ● AS/NZS CISPR22 Class A ● CISPR22 Class A ● EN55022 Class A ● ICES003 Class A ● VCCI C
151410	N9K-C93180YC-FX3H	switches	emc_immunity	c294a6ef715a933d	true	family:mismatch	["EN55024","CISPR24","EN300386","KN 61000-4 series"]	● EN55024 ● CISPR24 ● EN300386 ● KN 61000-4 series
85271	CISCO887VW-GNE-K9	routers	flash	4fb41a26e3dd6255	true	family:mismatch	0.125	● 128 MB on Cisco 880 Series data, embedded 3G Wireless WAN (WWAN), and Cisco Unified Border Element models ● 256 MB on 
151420	N9K-C93120TX	switches	emc_emissions	025ed93f1b5e9c8a	true	family:mismatch	["47CFR Part 15 (CFR 47) Class A","AS/NZS CISPR22 Class A","CISPR22 Class A","EN55022 Class A","ICES003 Class A","VCCI C	● 47CFR Part 15 (CFR 47) Class A ● AS/NZS CISPR22 Class A ● CISPR22 Class A ● EN55022 Class A ● ICES003 Class A ● VCCI C
151421	N9K-C93120TX	switches	emc_immunity	025ed93f1b5e9c8a	true	family:mismatch	["EN55024","CISPR24","EN300386","KN 61000-4 series"]	● EN55024 ● CISPR24 ● EN300386 ● KN 61000-4 series
151422	N9K-C93128TX	switches	emc_emissions	025ed93f1b5e9c8a	true	family:mismatch	["47CFR Part 15 (CFR 47) Class A","AS/NZS CISPR22 Class A","CISPR22 Class A","EN55022 Class A","ICES003 Class A","VCCI C	● 47CFR Part 15 (CFR 47) Class A ● AS/NZS CISPR22 Class A ● CISPR22 Class A ● EN55022 Class A ● ICES003 Class A ● VCCI C
151423	N9K-C93128TX	switches	emc_immunity	025ed93f1b5e9c8a	true	family:mismatch	["EN55024","CISPR24","EN300386","KN 61000-4 series"]	● EN55024 ● CISPR24 ● EN300386 ● KN 61000-4 series
151424	N9K-C9332PQ	switches	emc_emissions	025ed93f1b5e9c8a	true	family:mismatch	["47CFR Part 15 (CFR 47) Class A","AS/NZS CISPR22 Class A","CISPR22 Class A","EN55022 Class A","ICES003 Class A","VCCI C	● 47CFR Part 15 (CFR 47) Class A ● AS/NZS CISPR22 Class A ● CISPR22 Class A ● EN55022 Class A ● ICES003 Class A ● VCCI C
151425	N9K-C9332PQ	switches	emc_immunity	025ed93f1b5e9c8a	true	family:mismatch	["EN55024","CISPR24","EN300386","KN 61000-4 series"]	● EN55024 ● CISPR24 ● EN300386 ● KN 61000-4 series
151426	N9K-C9372PX	switches	emc_emissions	025ed93f1b5e9c8a	true	family:mismatch	["47CFR Part 15 (CFR 47) Class A","AS/NZS CISPR22 Class A","CISPR22 Class A","EN55022 Class A","ICES003 Class A","VCCI C	● 47CFR Part 15 (CFR 47) Class A ● AS/NZS CISPR22 Class A ● CISPR22 Class A ● EN55022 Class A ● ICES003 Class A ● VCCI C
151427	N9K-C9372PX	switches	emc_immunity	025ed93f1b5e9c8a	true	family:mismatch	["EN55024","CISPR24","EN300386","KN 61000-4 series"]	● EN55024 ● CISPR24 ● EN300386 ● KN 61000-4 series
151428	N9K-C9372PX-E	switches	emc_emissions	025ed93f1b5e9c8a	true	family:mismatch	["47CFR Part 15 (CFR 47) Class A","AS/NZS CISPR22 Class A","CISPR22 Class A","EN55022 Class A","ICES003 Class A","VCCI C	● 47CFR Part 15 (CFR 47) Class A ● AS/NZS CISPR22 Class A ● CISPR22 Class A ● EN55022 Class A ● ICES003 Class A ● VCCI C
151429	N9K-C9372PX-E	switches	emc_immunity	025ed93f1b5e9c8a	true	family:mismatch	["EN55024","CISPR24","EN300386","KN 61000-4 series"]	● EN55024 ● CISPR24 ● EN300386 ● KN 61000-4 series
151430	N9K-C9372TX	switches	emc_emissions	025ed93f1b5e9c8a	true	family:mismatch	["47CFR Part 15 (CFR 47) Class A","AS/NZS CISPR22 Class A","CISPR22 Class A","EN55022 Class A","ICES003 Class A","VCCI C	● 47CFR Part 15 (CFR 47) Class A ● AS/NZS CISPR22 Class A ● CISPR22 Class A ● EN55022 Class A ● ICES003 Class A ● VCCI C
85275	CISCO886-SEC-K9	routers	flash	4fb41a26e3dd6255	true	family:mismatch	0.125	● 128 MB on Cisco 880 Series data, embedded 3G Wireless WAN (WWAN), and Cisco Unified Border Element models ● 256 MB on 
151431	N9K-C9372TX	switches	emc_immunity	025ed93f1b5e9c8a	true	family:mismatch	["EN55024","CISPR24","EN300386","KN 61000-4 series"]	● EN55024 ● CISPR24 ● EN300386 ● KN 61000-4 series
151432	N9K-C9372TX-E	switches	emc_emissions	025ed93f1b5e9c8a	true	family:mismatch	["47CFR Part 15 (CFR 47) Class A","AS/NZS CISPR22 Class A","CISPR22 Class A","EN55022 Class A","ICES003 Class A","VCCI C	● 47CFR Part 15 (CFR 47) Class A ● AS/NZS CISPR22 Class A ● CISPR22 Class A ● EN55022 Class A ● ICES003 Class A ● VCCI C
151433	N9K-C9372TX-E	switches	emc_immunity	025ed93f1b5e9c8a	true	family:mismatch	["EN55024","CISPR24","EN300386","KN 61000-4 series"]	● EN55024 ● CISPR24 ● EN300386 ● KN 61000-4 series
151434	N9K-C9396PX	switches	emc_emissions	025ed93f1b5e9c8a	true	family:mismatch	["47CFR Part 15 (CFR 47) Class A","AS/NZS CISPR22 Class A","CISPR22 Class A","EN55022 Class A","ICES003 Class A","VCCI C	● 47CFR Part 15 (CFR 47) Class A ● AS/NZS CISPR22 Class A ● CISPR22 Class A ● EN55022 Class A ● ICES003 Class A ● VCCI C
151435	N9K-C9396PX	switches	emc_immunity	025ed93f1b5e9c8a	true	family:mismatch	["EN55024","CISPR24","EN300386","KN 61000-4 series"]	● EN55024 ● CISPR24 ● EN300386 ● KN 61000-4 series
151436	N9K-C9396TX	switches	emc_emissions	025ed93f1b5e9c8a	true	family:mismatch	["47CFR Part 15 (CFR 47) Class A","AS/NZS CISPR22 Class A","CISPR22 Class A","EN55022 Class A","ICES003 Class A","VCCI C	● 47CFR Part 15 (CFR 47) Class A ● AS/NZS CISPR22 Class A ● CISPR22 Class A ● EN55022 Class A ● ICES003 Class A ● VCCI C
151437	N9K-C9396TX	switches	emc_immunity	025ed93f1b5e9c8a	true	family:mismatch	["EN55024","CISPR24","EN300386","KN 61000-4 series"]	● EN55024 ● CISPR24 ● EN300386 ● KN 61000-4 series
85279	CISCO887GW-GN-E-K9	routers	flash	4fb41a26e3dd6255	true	family:mismatch	0.125	● 128 MB on Cisco 880 Series data, embedded 3G Wireless WAN (WWAN), and Cisco Unified Border Element models ● 256 MB on 
85287	CISCO881G-S-K9	routers	flash	4fb41a26e3dd6255	true	family:mismatch	0.125	● 128 MB on Cisco 880 Series data, embedded 3G Wireless WAN (WWAN), and Cisco Unified Border Element models ● 256 MB on 
85291	CISCO886GW-GN-E-K9	routers	flash	4fb41a26e3dd6255	true	family:mismatch	0.125	● 128 MB on Cisco 880 Series data, embedded 3G Wireless WAN (WWAN), and Cisco Unified Border Element models ● 256 MB on 
85295	CISCO887VW-GNA-K9	routers	flash	4fb41a26e3dd6255	true	family:mismatch	0.125	● 128 MB on Cisco 880 Series data, embedded 3G Wireless WAN (WWAN), and Cisco Unified Border Element models ● 256 MB on 
85300	CISCO881W-GN-E-K9	routers	flash	4fb41a26e3dd6255	true	family:mismatch	0.125	● 128 MB on Cisco 880 Series data, embedded 3G Wireless WAN (WWAN), and Cisco Unified Border Element models ● 256 MB on 
85304	CISCO886-K9	routers	flash	4fb41a26e3dd6255	true	family:mismatch	0.125	● 128 MB on Cisco 880 Series data, embedded 3G Wireless WAN (WWAN), and Cisco Unified Border Element models ● 256 MB on 
85308	CISCO881GW-GN-E-K9	routers	flash	4fb41a26e3dd6255	true	family:mismatch	0.125	● 128 MB on Cisco 880 Series data, embedded 3G Wireless WAN (WWAN), and Cisco Unified Border Element models ● 256 MB on 
85317	CISCO887MW-GN-E-K9	routers	flash	4fb41a26e3dd6255	true	family:mismatch	0.125	● 128 MB on Cisco 880 Series data, embedded 3G Wireless WAN (WWAN), and Cisco Unified Border Element models ● 256 MB on 
85331	CISCO881G-V-K9	routers	flash	4fb41a26e3dd6255	true	family:mismatch	0.125	● 128 MB on Cisco 880 Series data, embedded 3G Wireless WAN (WWAN), and Cisco Unified Border Element models ● 256 MB on 
85336	CISCO881W-GN-A-K9	routers	flash	4fb41a26e3dd6255	true	family:mismatch	0.125	● 128 MB on Cisco 880 Series data, embedded 3G Wireless WAN (WWAN), and Cisco Unified Border Element models ● 256 MB on 
85340	CISCO888-K9	routers	flash	4fb41a26e3dd6255	true	family:mismatch	0.125	● 128 MB on Cisco 880 Series data, embedded 3G Wireless WAN (WWAN), and Cisco Unified Border Element models ● 256 MB on 
85347	CISCO881G-A-K9	routers	flash	4fb41a26e3dd6255	true	family:mismatch	0.125	● 128 MB on Cisco 880 Series data, embedded 3G Wireless WAN (WWAN), and Cisco Unified Border Element models ● 256 MB on 
85351	CISCO887VGW-GNE-K9	routers	flash	4fb41a26e3dd6255	true	family:mismatch	0.125	● 128 MB on Cisco 880 Series data, embedded 3G Wireless WAN (WWAN), and Cisco Unified Border Element models ● 256 MB on 
85355	CISCO888GW-G-NA-K9	routers	flash	4fb41a26e3dd6255	true	family:mismatch	0.125	● 128 MB on Cisco 880 Series data, embedded 3G Wireless WAN (WWAN), and Cisco Unified Border Element models ● 256 MB on 
85363	CISCO887-SEC-K9	routers	flash	4fb41a26e3dd6255	true	family:mismatch	0.125	● 128 MB on Cisco 880 Series data, embedded 3G Wireless WAN (WWAN), and Cisco Unified Border Element models ● 256 MB on 
85367	CISCO887W-GN-A-K9	routers	flash	4fb41a26e3dd6255	true	family:mismatch	0.125	● 128 MB on Cisco 880 Series data, embedded 3G Wireless WAN (WWAN), and Cisco Unified Border Element models ● 256 MB on 
85371	CISCO887M-K9	routers	flash	4fb41a26e3dd6255	true	family:mismatch	0.125	● 128 MB on Cisco 880 Series data, embedded 3G Wireless WAN (WWAN), and Cisco Unified Border Element models ● 256 MB on 
129792	C1111X-8P	routers	certifications	3c9af914be303043	true	family:mismatch	["UL 60950-1","CSA 60950-1","EN 60950-1","IEC 60950-1","UL 62368-1","CSA 62368-1","EN 62368-1","IEC 62368-1"]	UL 60950-1, CSA 60950-1, EN 60950-1, IEC 60950-1, UL 62368-1, CSA 62368-1, EN 62368-1, IEC 62368-1
78307	C898EAG-LTE	routers	dram	30684916aee80d45	true	family:mismatch	1	1 GB
152523	N9K-C9332C	switches	emc_emissions	dc7880f786ba675b	true	family:mismatch	["47CFR Part 15 (CFR 47) Class A","AS/NZS CISPR22 Class A","CISPR22 Class A","EN55022 Class A","ICES003 Class A","VCCI C	● 47CFR Part 15 (CFR 47) Class A ● AS/NZS CISPR22 Class A ● CISPR22 Class A ● EN55022 Class A ● ICES003 Class A ● VCCI C
152524	N9K-C9336PQ	switches	emc_emissions	dc7880f786ba675b	true	family:mismatch	["47CFR Part 15 (CFR 47) Class A","AS/NZS CISPR22 Class A","CISPR22 Class A","EN55022 Class A","ICES003 Class A","VCCI C	● 47CFR Part 15 (CFR 47) Class A ● AS/NZS CISPR22 Class A ● CISPR22 Class A ● EN55022 Class A ● ICES003 Class A ● VCCI C
152525	N9K-C9336PQ	switches	emc_immunity	dc7880f786ba675b	true	family:mismatch	["EN55024","CISPR24","EN300386","KN 61000-4 series"]	● EN55024 ● CISPR24 ● EN300386 ● KN 61000-4 series
152526	N9K-C9364C	switches	emc_emissions	dc7880f786ba675b	true	family:mismatch	["47CFR Part 15 (CFR 47) Class A","AS/NZS CISPR22 Class A","CISPR22 Class A","EN55022 Class A","ICES003 Class A","VCCI C	● 47CFR Part 15 (CFR 47) Class A ● AS/NZS CISPR22 Class A ● CISPR22 Class A ● EN55022 Class A ● ICES003 Class A ● VCCI C
130311	N540-24Z8Q2C-SYS	routers	segment_routing_features	f479514a178c24b1	true	family:mismatch	"Segment Routing with MPLS data plane (SR-MPLS) Segment Routing with IPv6 data plane (SRv6) ISIS, OSPF, BGP extensions t	Segment Routing with MPLS data plane (SR-MPLS) Segment Routing with IPv6 data plane (SRv6) ISIS, OSPF, BGP extensions to
130313	N540-24Z8Q2C-SYS	routers	programming_interfaces	f479514a178c24b1	true	family:mismatch	["CLI SNMP MIB NETCONF","gRPC (XML","JSON","GPB) YANG models (native","open: OpenConfig","IETF) RPM-based SW infrastruct	CLI SNMP MIB NETCONF/gRPC (XML, JSON, GPB) YANG models (native, open: OpenConfig, IETF) RPM-based SW infrastructure Zero
130315	N540-24Z8Q2C-SYS	routers	emc_immunity	f479514a178c24b1	true	family:mismatch	["EN55024 CISPR24 EN300386 KN 61000-4 series"]	EN55024 CISPR24 EN300386 KN 61000-4 series
130317	N540-ACC-SYS	routers	segment_routing_features	f479514a178c24b1	true	family:mismatch	"Segment Routing with MPLS data plane (SR-MPLS) Segment Routing with IPv6 data plane (SRv6) ISIS, OSPF, BGP extensions t	Segment Routing with MPLS data plane (SR-MPLS) Segment Routing with IPv6 data plane (SRv6) ISIS, OSPF, BGP extensions to
130319	N540-ACC-SYS	routers	programming_interfaces	f479514a178c24b1	true	family:mismatch	["CLI SNMP MIB NETCONF","gRPC (XML","JSON","GPB) YANG models (native","open: OpenConfig","IETF) RPM-based SW infrastruct	CLI SNMP MIB NETCONF/gRPC (XML, JSON, GPB) YANG models (native, open: OpenConfig, IETF) RPM-based SW infrastructure Zero
130321	N540-ACC-SYS	routers	emc_immunity	f479514a178c24b1	true	family:mismatch	["EN55024 CISPR24 EN300386 KN 61000-4 series"]	EN55024 CISPR24 EN300386 KN 61000-4 series
130323	N540X-ACC-SYS	routers	segment_routing_features	f479514a178c24b1	true	family:mismatch	"Segment Routing with MPLS data plane (SR-MPLS) Segment Routing with IPv6 data plane (SRv6) ISIS, OSPF, BGP extensions t	Segment Routing with MPLS data plane (SR-MPLS) Segment Routing with IPv6 data plane (SRv6) ISIS, OSPF, BGP extensions to
130325	N540X-ACC-SYS	routers	programming_interfaces	f479514a178c24b1	true	family:mismatch	["CLI SNMP MIB NETCONF","gRPC (XML","JSON","GPB) YANG models (native","open: OpenConfig","IETF) RPM-based SW infrastruct	CLI SNMP MIB NETCONF/gRPC (XML, JSON, GPB) YANG models (native, open: OpenConfig, IETF) RPM-based SW infrastructure Zero
130327	N540X-ACC-SYS	routers	emc_immunity	f479514a178c24b1	true	family:mismatch	["EN55024 CISPR24 EN300386 KN 61000-4 series"]	EN55024 CISPR24 EN300386 KN 61000-4 series
152789	N5K-C56128P=	switches	emc_emissions	d4f2edad9ed4f1eb	true	family:mismatch	["47CFR Part 15 (CFR 47) Class A","AS/NZS CISPR22 Class A","CISPR22 Class A","EN55022 Class A","ICES003 Class A","VCCI C	● 47CFR Part 15 (CFR 47) Class A ● AS/NZS CISPR22 Class A ● CISPR22 Class A ● EN55022 Class A ● ICES003 Class A ● VCCI C
152790	N5K-C56128P=	switches	emc_immunity	d4f2edad9ed4f1eb	true	family:mismatch	["EN55024","CISPR24","EN300386","KN 61000-4 series"]	● EN55024 ● CISPR24 ● EN300386 ● KN 61000-4 series
152791	N5K-C5672UP-16G=	switches	emc_emissions	d4f2edad9ed4f1eb	true	family:mismatch	["47CFR Part 15 (CFR 47) Class A","AS/NZS CISPR22 Class A","CISPR22 Class A","EN55022 Class A","ICES003 Class A","VCCI C	● 47CFR Part 15 (CFR 47) Class A ● AS/NZS CISPR22 Class A ● CISPR22 Class A ● EN55022 Class A ● ICES003 Class A ● VCCI C
152792	N5K-C5672UP-16G=	switches	emc_immunity	d4f2edad9ed4f1eb	true	family:mismatch	["EN55024","CISPR24","EN300386","KN 61000-4 series"]	● EN55024 ● CISPR24 ● EN300386 ● KN 61000-4 series
152793	N5K-C5672UP=	switches	emc_emissions	d4f2edad9ed4f1eb	true	family:mismatch	["47CFR Part 15 (CFR 47) Class A","AS/NZS CISPR22 Class A","CISPR22 Class A","EN55022 Class A","ICES003 Class A","VCCI C	● 47CFR Part 15 (CFR 47) Class A ● AS/NZS CISPR22 Class A ● CISPR22 Class A ● EN55022 Class A ● ICES003 Class A ● VCCI C
152794	N5K-C5672UP=	switches	emc_immunity	d4f2edad9ed4f1eb	true	family:mismatch	["EN55024","CISPR24","EN300386","KN 61000-4 series"]	● EN55024 ● CISPR24 ● EN300386 ● KN 61000-4 series
92996	GRWIC-D-ES-2S-8PC	routers	temp_storage	fa79595f1ba6189a	true	family:mismatch	{"max":85,"min":-40}	● Temperature: -40 to +85 ºC
93172	GRWIC-D-ES-6S	routers	temp_storage	fa79595f1ba6189a	true	family:mismatch	{"max":85,"min":-40}	● Temperature: -40 to +85 ºC
98287	IR809G-LTE-LA-K9	routers	programming_interfaces	1b6724676304801a	true	family:mismatch	["● Cisco IOS Software CLI"]	● Cisco IOS Software CLI
98160	IR807G-LTE-GA-K9	cloud-systems-management	temp_operating	92e360b8004d76e8	true	class:software	{"max":60,"min":40}	–40 to 140°F (–40 to 60°C) in a sealed NEMA cabinet with no airflow –40 to 158°F (–40 to 70°C) in a vented cabinet with 
98161	IR807G-LTE-GA-K9	cloud-systems-management	programming_interfaces	92e360b8004d76e8	true	class:software	["● Cisco IOS Software CLI"]	● Cisco IOS Software CLI
98163	IR807G-LTE-GA-K9	cloud-systems-management	flash	92e360b8004d76e8	true	class:software	4	4 GB
98164	IR807G-LTE-GA-K9	cloud-systems-management	diagnostics	92e360b8004d76e8	true	class:software	["Mini type-B USB for remote cellular WAN diagnostics","monitoring"]	Mini type-B USB for remote cellular WAN diagnostics and monitoring
98165	IR807G-LTE-GA-K9	cloud-systems-management	altitude_max	92e360b8004d76e8	true	class:software	1524	50°C up to 5000 ft (above 5000 ft derate maximum operating temperature 1.50°C per 1000 ft) Maximum altitude: 10,000 ft
98166	IR807G-LTE-GA-K9	cloud-systems-management	emc_immunity	92e360b8004d76e8	true	class:software	["CISPR 35","EN 55024 EN 61000-4-2","3","4","5","6","8","9","16","17","18","29"]	CISPR 35, EN 55024 EN 61000-4-2, 3, 4, 5, 6, 8, 9, 16, 17, 18, and 29
98171	IR807G-LTE-GA-K9	cloud-systems-management	emc_emissions	92e360b8004d76e8	true	class:software	["FCC 47 CFR Part 15 Subpart C Class A EN 55032","CISPR 32 Class A","EN 55022 Class A CISPR 11 Class A","ICES 003 Class 	FCC 47 CFR Part 15 Subpart C Class A EN 55032/CISPR 32 Class A, EN 55022 Class A CISPR 11 Class A, ICES 003 Class A, CNS
98179	IR1835-K9	routers	flash	8e3a62fc89fc76f1	true	family:mismatch	4	● 4 GB (IR1833) ● 8 GB (IR1835)
153760	C812G+7-K9	routers	emc_emissions	561c0f07d63e8571	true	family:mismatch	["EN55022/CISPR22","CFR 47 Part 15","ICES003","VCCI-V-3","AS/NZS CISPR22","CNS13438","EN300-386","EN61000-3-2","EN61000-	EN55022/CISPR22, CFR 47 Part 15, ICES003, VCCI-V-3, AS/NZS CISPR22, CNS13438, EN300-386, EN61000-3-2, EN61000-3-3, and E
98286	IR809G-LTE-LA-K9	routers	temp_operating	1b6724676304801a	true	family:mismatch	{"max":60,"min":40}	–40 to 140°F (–40 to 60°C) in a sealed NEMA cabinet with no airflow –40 to 158°F (–40 to 70°C) in a vented cabinet with 
153761	C812G+7-K9	routers	emc_immunity	561c0f07d63e8571	true	family:mismatch	["EN55024/CISPR24","(EN61000-4-2, EN61000-4-3, EN61000-4-4, EN61000-4-5, EN61000-4-6, EN61000-4-11)","EN300-386"]	EN55024/CISPR24, (EN61000-4-2, EN61000-4-3, EN61000-4-4, EN61000-4-5, EN61000-4-6, EN61000-4-11), and EN300-386
153765	C812G-CIFI+7-E-K9	routers	emc_emissions	561c0f07d63e8571	true	family:mismatch	["EN55022/CISPR22","CFR 47 Part 15","ICES003","VCCI-V-3","AS/NZS CISPR22","CNS13438","EN300-386","EN61000-3-2","EN61000-	EN55022/CISPR22, CFR 47 Part 15, ICES003, VCCI-V-3, AS/NZS CISPR22, CNS13438, EN300-386, EN61000-3-2, EN61000-3-3, and E
153766	C812G-CIFI+7-E-K9	routers	emc_immunity	561c0f07d63e8571	true	family:mismatch	["EN55024/CISPR24","(EN61000-4-2, EN61000-4-3, EN61000-4-4, EN61000-4-5, EN61000-4-6, EN61000-4-11)","EN300-386"]	EN55024/CISPR24, (EN61000-4-2, EN61000-4-3, EN61000-4-4, EN61000-4-5, EN61000-4-6, EN61000-4-11), and EN300-386
98197	IR1833-K9	routers	flash	8e3a62fc89fc76f1	true	family:mismatch	4	● 4 GB (IR1833) ● 8 GB (IR1835)
153770	C812G-CIFI+7-N-K9	routers	emc_emissions	561c0f07d63e8571	true	family:mismatch	["EN55022/CISPR22","CFR 47 Part 15","ICES003","VCCI-V-3","AS/NZS CISPR22","CNS13438","EN300-386","EN61000-3-2","EN61000-	EN55022/CISPR22, CFR 47 Part 15, ICES003, VCCI-V-3, AS/NZS CISPR22, CNS13438, EN300-386, EN61000-3-2, EN61000-3-3, and E
153771	C812G-CIFI+7-N-K9	routers	emc_immunity	561c0f07d63e8571	true	family:mismatch	["EN55024/CISPR24","(EN61000-4-2, EN61000-4-3, EN61000-4-4, EN61000-4-5, EN61000-4-6, EN61000-4-11)","EN300-386"]	EN55024/CISPR24, (EN61000-4-2, EN61000-4-3, EN61000-4-4, EN61000-4-5, EN61000-4-6, EN61000-4-11), and EN300-386
98204	IR829GW-LTE-NA-AK9	routers	programming_interfaces	182e3672a258ad84	true	family:mismatch	["● Cisco IOS Software Command Line Interface (CLI)"]	● Cisco IOS Software Command Line Interface (CLI)
153775	C812G-CIFI-S-A-K9	routers	emc_emissions	561c0f07d63e8571	true	family:mismatch	["EN55022/CISPR22","CFR 47 Part 15","ICES003","VCCI-V-3","AS/NZS CISPR22","CNS13438","EN300-386","EN61000-3-2","EN61000-	EN55022/CISPR22, CFR 47 Part 15, ICES003, VCCI-V-3, AS/NZS CISPR22, CNS13438, EN300-386, EN61000-3-2, EN61000-3-3, and E
153776	C812G-CIFI-S-A-K9	routers	emc_immunity	561c0f07d63e8571	true	family:mismatch	["EN55024/CISPR24","(EN61000-4-2, EN61000-4-3, EN61000-4-4, EN61000-4-5, EN61000-4-6, EN61000-4-11)","EN300-386"]	EN55024/CISPR24, (EN61000-4-2, EN61000-4-3, EN61000-4-4, EN61000-4-5, EN61000-4-6, EN61000-4-11), and EN300-386
98206	IR829GW-LTE-NA-AK9	routers	flash	182e3672a258ad84	true	family:mismatch	8	8 GB eMMC (4GB usable)
153780	C812G-CIFI-V-A-K9	routers	emc_emissions	561c0f07d63e8571	true	family:mismatch	["EN55022/CISPR22","CFR 47 Part 15","ICES003","VCCI-V-3","AS/NZS CISPR22","CNS13438","EN300-386","EN61000-3-2","EN61000-	EN55022/CISPR22, CFR 47 Part 15, ICES003, VCCI-V-3, AS/NZS CISPR22, CNS13438, EN300-386, EN61000-3-2, EN61000-3-3, and E
153781	C812G-CIFI-V-A-K9	routers	emc_immunity	561c0f07d63e8571	true	family:mismatch	["EN55024/CISPR24","(EN61000-4-2, EN61000-4-3, EN61000-4-4, EN61000-4-5, EN61000-4-6, EN61000-4-11)","EN300-386"]	EN55024/CISPR24, (EN61000-4-2, EN61000-4-3, EN61000-4-4, EN61000-4-5, EN61000-4-6, EN61000-4-11), and EN300-386
98207	IR829GW-LTE-NA-AK9	routers	temp_operating	182e3672a258ad84	true	family:mismatch	{"max":60,"min":-40}	-40° to 140°F (-40° to 60°C) in a sealed NEMA cabinet with no airflow -40° to 158°F (-40° to 70°C) in a vented cabinet w
98209	IR829GW-LTE-NA-AK9	routers	emc_immunity	182e3672a258ad84	true	family:mismatch	["CISPR24: 2010 + A1: 2015 EN 300 386 V1.6.1 EN 55024: 2010 + A1: 2015 EN 55035: 2017 KN35: 2015 TCVN 7317:2003 QCVN 18:	CISPR24: 2010 + A1: 2015 EN 300 386 V1.6.1 EN 55024: 2010 + A1: 2015 EN 55035: 2017 KN35: 2015 TCVN 7317:2003 QCVN 18:20
98216	IR807G-LTE-VZ-K9	cloud-systems-management	temp_operating	92e360b8004d76e8	true	class:software	{"max":60,"min":40}	–40 to 140°F (–40 to 60°C) in a sealed NEMA cabinet with no airflow –40 to 158°F (–40 to 70°C) in a vented cabinet with 
98217	IR807G-LTE-VZ-K9	cloud-systems-management	programming_interfaces	92e360b8004d76e8	true	class:software	["● Cisco IOS Software CLI"]	● Cisco IOS Software CLI
98219	IR807G-LTE-VZ-K9	cloud-systems-management	flash	92e360b8004d76e8	true	class:software	4	4 GB
98220	IR807G-LTE-VZ-K9	cloud-systems-management	diagnostics	92e360b8004d76e8	true	class:software	["Mini type-B USB for remote cellular WAN diagnostics","monitoring"]	Mini type-B USB for remote cellular WAN diagnostics and monitoring
98221	IR807G-LTE-VZ-K9	cloud-systems-management	altitude_max	92e360b8004d76e8	true	class:software	1524	50°C up to 5000 ft (above 5000 ft derate maximum operating temperature 1.50°C per 1000 ft) Maximum altitude: 10,000 ft
98222	IR807G-LTE-VZ-K9	cloud-systems-management	emc_immunity	92e360b8004d76e8	true	class:software	["CISPR 35","EN 55024 EN 61000-4-2","3","4","5","6","8","9","16","17","18","29"]	CISPR 35, EN 55024 EN 61000-4-2, 3, 4, 5, 6, 8, 9, 16, 17, 18, and 29
98227	IR807G-LTE-VZ-K9	cloud-systems-management	emc_emissions	92e360b8004d76e8	true	class:software	["FCC 47 CFR Part 15 Subpart C Class A EN 55032","CISPR 32 Class A","EN 55022 Class A CISPR 11 Class A","ICES 003 Class 	FCC 47 CFR Part 15 Subpart C Class A EN 55032/CISPR 32 Class A, EN 55022 Class A CISPR 11 Class A, ICES 003 Class A, CNS
98244	IR807G-LTE-NA-K9	cloud-systems-management	temp_operating	92e360b8004d76e8	true	class:software	{"max":60,"min":40}	–40 to 140°F (–40 to 60°C) in a sealed NEMA cabinet with no airflow –40 to 158°F (–40 to 70°C) in a vented cabinet with 
98245	IR807G-LTE-NA-K9	cloud-systems-management	programming_interfaces	92e360b8004d76e8	true	class:software	["● Cisco IOS Software CLI"]	● Cisco IOS Software CLI
207908	C819G+7-K9	routers	supported_protocols	eeedf4783e30b825	true	family:mismatch	["IPv6","IPv6 statistics","IPv6 translation: Transport packets between IPv6-only and IPv4-only endpoints (NAT-PT)"]	● IPv6 addressing architecture ● IPv6 name resolution ● IPv6 statistics ● IPv6 translation: Transport packets between IP
207909	C819G-B-K9	routers	supported_protocols	eeedf4783e30b825	true	family:mismatch	["IPv6","IPv6 statistics","IPv6 translation: Transport packets between IPv6-only and IPv4-only endpoints (NAT-PT)"]	● IPv6 addressing architecture ● IPv6 name resolution ● IPv6 statistics ● IPv6 translation: Transport packets between IP
207910	C819G-S-K9	routers	supported_protocols	eeedf4783e30b825	true	family:mismatch	["IPv6","IPv6 statistics","IPv6 translation: Transport packets between IPv6-only and IPv4-only endpoints (NAT-PT)"]	● IPv6 addressing architecture ● IPv6 name resolution ● IPv6 statistics ● IPv6 translation: Transport packets between IP
98248	IR807G-LTE-NA-K9	cloud-systems-management	diagnostics	92e360b8004d76e8	true	class:software	["Mini type-B USB for remote cellular WAN diagnostics","monitoring"]	Mini type-B USB for remote cellular WAN diagnostics and monitoring
98249	IR807G-LTE-NA-K9	cloud-systems-management	altitude_max	92e360b8004d76e8	true	class:software	1524	50°C up to 5000 ft (above 5000 ft derate maximum operating temperature 1.50°C per 1000 ft) Maximum altitude: 10,000 ft
98250	IR807G-LTE-NA-K9	cloud-systems-management	emc_immunity	92e360b8004d76e8	true	class:software	["CISPR 35","EN 55024 EN 61000-4-2","3","4","5","6","8","9","16","17","18","29"]	CISPR 35, EN 55024 EN 61000-4-2, 3, 4, 5, 6, 8, 9, 16, 17, 18, and 29
207911	C819G-U-K9	routers	supported_protocols	eeedf4783e30b825	true	family:mismatch	["IPv6","IPv6 statistics","IPv6 translation: Transport packets between IPv6-only and IPv4-only endpoints (NAT-PT)"]	● IPv6 addressing architecture ● IPv6 name resolution ● IPv6 statistics ● IPv6 translation: Transport packets between IP
207912	C819G-V-K9	routers	supported_protocols	eeedf4783e30b825	true	family:mismatch	["IPv6","IPv6 statistics","IPv6 translation: Transport packets between IPv6-only and IPv4-only endpoints (NAT-PT)"]	● IPv6 addressing architecture ● IPv6 name resolution ● IPv6 statistics ● IPv6 translation: Transport packets between IP
207913	C819H-K9	routers	supported_protocols	eeedf4783e30b825	true	family:mismatch	["IPv6","IPv6 statistics","IPv6 translation: Transport packets between IPv6-only and IPv4-only endpoints (NAT-PT)"]	● IPv6 addressing architecture ● IPv6 name resolution ● IPv6 statistics ● IPv6 translation: Transport packets between IP
207914	C819HG+7-K9	routers	supported_protocols	eeedf4783e30b825	true	family:mismatch	["IPv6","IPv6 statistics","IPv6 translation: Transport packets between IPv6-only and IPv4-only endpoints (NAT-PT)"]	● IPv6 addressing architecture ● IPv6 name resolution ● IPv6 statistics ● IPv6 translation: Transport packets between IP
207915	C819HG-B-K9	routers	supported_protocols	eeedf4783e30b825	true	family:mismatch	["IPv6","IPv6 statistics","IPv6 translation: Transport packets between IPv6-only and IPv4-only endpoints (NAT-PT)"]	● IPv6 addressing architecture ● IPv6 name resolution ● IPv6 statistics ● IPv6 translation: Transport packets between IP
98255	IR807G-LTE-NA-K9	cloud-systems-management	emc_emissions	92e360b8004d76e8	true	class:software	["FCC 47 CFR Part 15 Subpart C Class A EN 55032","CISPR 32 Class A","EN 55022 Class A CISPR 11 Class A","ICES 003 Class 	FCC 47 CFR Part 15 Subpart C Class A EN 55032/CISPR 32 Class A, EN 55022 Class A CISPR 11 Class A, ICES 003 Class A, CNS
207916	C819HG-S-K9	routers	supported_protocols	eeedf4783e30b825	true	family:mismatch	["IPv6","IPv6 statistics","IPv6 translation: Transport packets between IPv6-only and IPv4-only endpoints (NAT-PT)"]	● IPv6 addressing architecture ● IPv6 name resolution ● IPv6 statistics ● IPv6 translation: Transport packets between IP
207917	C819HG-U-K9	routers	supported_protocols	eeedf4783e30b825	true	family:mismatch	["IPv6","IPv6 statistics","IPv6 translation: Transport packets between IPv6-only and IPv4-only endpoints (NAT-PT)"]	● IPv6 addressing architecture ● IPv6 name resolution ● IPv6 statistics ● IPv6 translation: Transport packets between IP
207918	C819HG-V-K9	routers	supported_protocols	eeedf4783e30b825	true	family:mismatch	["IPv6","IPv6 statistics","IPv6 translation: Transport packets between IPv6-only and IPv4-only endpoints (NAT-PT)"]	● IPv6 addressing architecture ● IPv6 name resolution ● IPv6 statistics ● IPv6 translation: Transport packets between IP
207919	C819HGW+7-A-A-K9	routers	supported_protocols	eeedf4783e30b825	true	family:mismatch	["IPv6","IPv6 statistics","IPv6 translation: Transport packets between IPv6-only and IPv4-only endpoints (NAT-PT)"]	● IPv6 addressing architecture ● IPv6 name resolution ● IPv6 statistics ● IPv6 translation: Transport packets between IP
207920	C819HGW+7-E-K9	routers	supported_protocols	eeedf4783e30b825	true	family:mismatch	["IPv6","IPv6 statistics","IPv6 translation: Transport packets between IPv6-only and IPv4-only endpoints (NAT-PT)"]	● IPv6 addressing architecture ● IPv6 name resolution ● IPv6 statistics ● IPv6 translation: Transport packets between IP
207921	C819HGW+7-N-K9	routers	supported_protocols	eeedf4783e30b825	true	family:mismatch	["IPv6","IPv6 statistics","IPv6 translation: Transport packets between IPv6-only and IPv4-only endpoints (NAT-PT)"]	● IPv6 addressing architecture ● IPv6 name resolution ● IPv6 statistics ● IPv6 translation: Transport packets between IP
207922	C819HGW-S-A-K9	routers	supported_protocols	eeedf4783e30b825	true	family:mismatch	["IPv6","IPv6 statistics","IPv6 translation: Transport packets between IPv6-only and IPv4-only endpoints (NAT-PT)"]	● IPv6 addressing architecture ● IPv6 name resolution ● IPv6 statistics ● IPv6 translation: Transport packets between IP
98290	IR809G-LTE-LA-K9	routers	altitude_max	1b6724676304801a	true	family:mismatch	1524	50°C up to 5000 ft (above 5000 ft derate maximum operating temperature 1.50°C per 1000 ft) Maximum altitude: 10,000 ft
98291	IR809G-LTE-LA-K9	routers	emc_immunity	1b6724676304801a	true	family:mismatch	["CISPR 35","EN 55024 KN 35 EN 61000-4-2","3","4","5","6","8","9","16","17","18","29"]	CISPR 35, EN 55024 KN 35 EN 61000-4-2, 3, 4, 5, 6, 8, 9, 16, 17, 18, and 29
207923	C819HGW-V-A-K9	routers	supported_protocols	eeedf4783e30b825	true	family:mismatch	["IPv6","IPv6 statistics","IPv6 translation: Transport packets between IPv6-only and IPv4-only endpoints (NAT-PT)"]	● IPv6 addressing architecture ● IPv6 name resolution ● IPv6 statistics ● IPv6 translation: Transport packets between IP
207924	C819HWD-A-K9	routers	supported_protocols	eeedf4783e30b825	true	family:mismatch	["IPv6","IPv6 statistics","IPv6 translation: Transport packets between IPv6-only and IPv4-only endpoints (NAT-PT)"]	● IPv6 addressing architecture ● IPv6 name resolution ● IPv6 statistics ● IPv6 translation: Transport packets between IP
98308	IR8140H-K9	routers	dram	3f4ba2d43e77a0e4	true	family:mismatch	8	8 GB
207925	C819HWD-E-K9	routers	supported_protocols	eeedf4783e30b825	true	family:mismatch	["IPv6","IPv6 statistics","IPv6 translation: Transport packets between IPv6-only and IPv4-only endpoints (NAT-PT)"]	● IPv6 addressing architecture ● IPv6 name resolution ● IPv6 statistics ● IPv6 translation: Transport packets between IP
98309	IR8140H-K9	routers	flash	3f4ba2d43e77a0e4	true	family:mismatch	8	8 GB (usable)
98315	IR809G-LTE-NA-K9	cloud-systems-management	temp_operating	1b6724676304801a	true	class:software	{"max":60,"min":40}	–40 to 140°F (–40 to 60°C) in a sealed NEMA cabinet with no airflow –40 to 158°F (–40 to 70°C) in a vented cabinet with 
98316	IR809G-LTE-NA-K9	cloud-systems-management	programming_interfaces	1b6724676304801a	true	class:software	["● Cisco IOS Software CLI"]	● Cisco IOS Software CLI
98318	IR809G-LTE-NA-K9	cloud-systems-management	flash	1b6724676304801a	true	class:software	4	4 GB
98319	IR809G-LTE-NA-K9	cloud-systems-management	altitude_max	1b6724676304801a	true	class:software	1524	50°C up to 5000 ft (above 5000 ft derate maximum operating temperature 1.50°C per 1000 ft) Maximum altitude: 10,000 ft
98320	IR809G-LTE-NA-K9	cloud-systems-management	emc_immunity	1b6724676304801a	true	class:software	["CISPR 35","EN 55024 KN 35 EN 61000-4-2","3","4","5","6","8","9","16","17","18","29"]	CISPR 35, EN 55024 KN 35 EN 61000-4-2, 3, 4, 5, 6, 8, 9, 16, 17, 18, and 29
98327	IR8340-K9	routers	humidity_operating	a330b9242b320fa0	true	family:mismatch	{"max":95,"min":5}	5% to 95% noncondensing
98329	IR8340-K9	routers	dram	a330b9242b320fa0	true	family:mismatch	8	8 GB
98335	IR8340-K9	routers	altitude_storage	a330b9242b320fa0	true	family:mismatch	"4,876 m"	16,000 ft (4,876 m) Max operating temp is de-rated with increasing altitude per IEEE 1613a-2008
207931	C812G+7-K9	routers	supported_protocols	561c0f07d63e8571	true	family:mismatch	["IPv6","IPv6 statistics","IPv6 translation: Transport packets between IPv6-only and IPv4-only endpoints (NAT-PT)"]	● IPv6 addressing architecture ● IPv6 name resolution ● IPv6 statistics ● IPv6 translation: Transport packets between IP
207932	C812G-CIFI+7-E-K9	routers	supported_protocols	561c0f07d63e8571	true	family:mismatch	["IPv6","IPv6 statistics","IPv6 translation: Transport packets between IPv6-only and IPv4-only endpoints (NAT-PT)"]	● IPv6 addressing architecture ● IPv6 name resolution ● IPv6 statistics ● IPv6 translation: Transport packets between IP
207933	C812G-CIFI+7-N-K9	routers	supported_protocols	561c0f07d63e8571	true	family:mismatch	["IPv6","IPv6 statistics","IPv6 translation: Transport packets between IPv6-only and IPv4-only endpoints (NAT-PT)"]	● IPv6 addressing architecture ● IPv6 name resolution ● IPv6 statistics ● IPv6 translation: Transport packets between IP
207934	C812G-CIFI-S-A-K9	routers	supported_protocols	561c0f07d63e8571	true	family:mismatch	["IPv6","IPv6 statistics","IPv6 translation: Transport packets between IPv6-only and IPv4-only endpoints (NAT-PT)"]	● IPv6 addressing architecture ● IPv6 name resolution ● IPv6 statistics ● IPv6 translation: Transport packets between IP
207935	C812G-CIFI-V-A-K9	routers	supported_protocols	561c0f07d63e8571	true	family:mismatch	["IPv6","IPv6 statistics","IPv6 translation: Transport packets between IPv6-only and IPv4-only endpoints (NAT-PT)"]	● IPv6 addressing architecture ● IPv6 name resolution ● IPv6 statistics ● IPv6 translation: Transport packets between IP
98427	IR829GW-LTE-VZ-AK9	routers	programming_interfaces	182e3672a258ad84	true	family:mismatch	["● Cisco IOS Software Command Line Interface (CLI)"]	● Cisco IOS Software Command Line Interface (CLI)
98429	IR829GW-LTE-VZ-AK9	routers	flash	182e3672a258ad84	true	family:mismatch	8	8 GB eMMC (4GB usable)
98430	IR829GW-LTE-VZ-AK9	routers	temp_operating	182e3672a258ad84	true	family:mismatch	{"max":60,"min":-40}	-40° to 140°F (-40° to 60°C) in a sealed NEMA cabinet with no airflow -40° to 158°F (-40° to 70°C) in a vented cabinet w
98432	IR829GW-LTE-VZ-AK9	routers	emc_immunity	182e3672a258ad84	true	family:mismatch	["CISPR24: 2010 + A1: 2015 EN 300 386 V1.6.1 EN 55024: 2010 + A1: 2015 EN 55035: 2017 KN35: 2015 TCVN 7317:2003 QCVN 18:	CISPR24: 2010 + A1: 2015 EN 300 386 V1.6.1 EN 55024: 2010 + A1: 2015 EN 55035: 2017 KN35: 2015 TCVN 7317:2003 QCVN 18:20
98439	IR809G-LTE-GA-K9	routers	temp_operating	1b6724676304801a	true	family:mismatch	{"max":60,"min":40}	–40 to 140°F (–40 to 60°C) in a sealed NEMA cabinet with no airflow –40 to 158°F (–40 to 70°C) in a vented cabinet with 
98440	IR809G-LTE-GA-K9	routers	programming_interfaces	1b6724676304801a	true	family:mismatch	["● Cisco IOS Software CLI"]	● Cisco IOS Software CLI
98442	IR809G-LTE-GA-K9	routers	flash	1b6724676304801a	true	family:mismatch	4	4 GB
98443	IR809G-LTE-GA-K9	routers	altitude_max	1b6724676304801a	true	family:mismatch	1524	50°C up to 5000 ft (above 5000 ft derate maximum operating temperature 1.50°C per 1000 ft) Maximum altitude: 10,000 ft
98444	IR809G-LTE-GA-K9	routers	emc_immunity	1b6724676304801a	true	family:mismatch	["CISPR 35","EN 55024 KN 35 EN 61000-4-2","3","4","5","6","8","9","16","17","18","29"]	CISPR 35, EN 55024 KN 35 EN 61000-4-2, 3, 4, 5, 6, 8, 9, 16, 17, 18, and 29
207945	C819GW-LTE-LA-CK9	routers	supported_protocols	f202cd45fb36710d	true	family:mismatch	["IPv6","IPv6 statistics","IPv6 translation: Transport packets between IPv6-only and IPv4-only endpoints (NAT-PT)"]	● IPv6 addressing architecture ● IPv6 name resolution ● IPv6 statistics ● IPv6 translation: Transport packets between IP
98461	IR8140H-P-K9	routers	dram	3f4ba2d43e77a0e4	true	family:mismatch	8	8 GB
98462	IR8140H-P-K9	routers	flash	3f4ba2d43e77a0e4	true	family:mismatch	8	8 GB (usable)
98480	ISR1100-4G	routers	temp_operating	585ea334a738d76f	true	family:mismatch	{"max":40,"min":0}	● Operating temperature: 0 to 40°C (32 to 104°F) at sea level (temperature derating of 1.5°C per 1000 feet of altitude a
98483	ISR1100-4G	routers	wireless_security	585ea334a738d76f	true	family:mismatch	"● TACACS+ ● RADIUS ● Local, role-based access control"	● TACACS+ ● RADIUS ● Local, role-based access control
207950	C819GW-LTE-LA-QK9	routers	supported_protocols	f202cd45fb36710d	true	family:mismatch	["IPv6","IPv6 statistics","IPv6 translation: Transport packets between IPv6-only and IPv4-only endpoints (NAT-PT)"]	● IPv6 addressing architecture ● IPv6 name resolution ● IPv6 statistics ● IPv6 translation: Transport packets between IP
98500	ISR1100-6G	routers	temp_operating	585ea334a738d76f	true	family:mismatch	{"max":40,"min":0}	● Operating temperature: 0 to 40°C (32 to 104°F) at sea level (temperature derating of 1.5°C per 1000 feet of altitude a
98503	ISR1100-6G	routers	wireless_security	585ea334a738d76f	true	family:mismatch	"● TACACS+ ● RADIUS ● Local, role-based access control"	● TACACS+ ● RADIUS ● Local, role-based access control
98539	ISR1100-4GLTENA	routers	emc_immunity	585ea334a738d76f	true	family:mismatch	["● EN55024","CISPR24","(EN61000-4-2","EN61000-4-3","EN61000-4-4","EN61000-4-5","EN61000-4-6","EN61000-4-11)","EN61000-6	● EN55024/CISPR24, (EN61000-4-2, EN61000-4-3, EN61000-4-4, EN61000-4-5, EN61000-4-6, EN61000-4-11), EN61000-6-1, KN24, T
98540	ISR1100-4GLTENA	routers	temp_operating	585ea334a738d76f	true	family:mismatch	{"max":40,"min":0}	● Operating temperature: 0 to 40°C (32 to 104°F) at sea level (temperature derating of 1.5°C per 1000 feet of altitude a
98546	ISR1100-4GLTENA	routers	wireless_security	585ea334a738d76f	true	family:mismatch	"● TACACS+ ● RADIUS ● Local, role-based access control"	● TACACS+ ● RADIUS ● Local, role-based access control
98548	ISR1100-4GLTENA	routers	emc_emissions	585ea334a738d76f	true	family:mismatch	["● EN55022","CISPR22","CFR 47 Part 15","ICES003","VCCI-V-3","AS","NZS CISPR22","CNS13438","EN300-386","EN61000-3-2","EN	● EN55022/CISPR22, CFR 47 Part 15, ICES003, VCCI-V-3, AS/NZS CISPR22, CNS13438, EN300-386, EN61000-3-2, EN61000-3-3, KN2
98582	ISR1100X-4G	routers	temp_operating	585ea334a738d76f	true	family:mismatch	{"max":40,"min":0}	● Operating temperature: 0 to 40°C (32 to 104°F) at sea level (temperature derating of 1.5°C per 1000 feet of altitude a
98585	ISR1100X-4G	routers	wireless_security	585ea334a738d76f	true	family:mismatch	"● TACACS+ ● RADIUS ● Local, role-based access control"	● TACACS+ ● RADIUS ● Local, role-based access control
207958	C819GW-LTE-LA-NK9	routers	supported_protocols	f202cd45fb36710d	true	family:mismatch	["IPv6","IPv6 statistics","IPv6 translation: Transport packets between IPv6-only and IPv4-only endpoints (NAT-PT)"]	● IPv6 addressing architecture ● IPv6 name resolution ● IPv6 statistics ● IPv6 translation: Transport packets between IP
98595	ISR1100-4GLTEGB	routers	emc_immunity	585ea334a738d76f	true	family:mismatch	["● EN55024","CISPR24","(EN61000-4-2","EN61000-4-3","EN61000-4-4","EN61000-4-5","EN61000-4-6","EN61000-4-11)","EN61000-6	● EN55024/CISPR24, (EN61000-4-2, EN61000-4-3, EN61000-4-4, EN61000-4-5, EN61000-4-6, EN61000-4-11), EN61000-6-1, KN24, T
98602	ISR1100-4GLTEGB	routers	wireless_security	585ea334a738d76f	true	family:mismatch	"● TACACS+ ● RADIUS ● Local, role-based access control"	● TACACS+ ● RADIUS ● Local, role-based access control
207959	C881G-B-K9	routers	supported_protocols	4fb41a26e3dd6255	true	family:mismatch	["IPv6","IPv6 statistics","IPv6 translation: Transport packets between IPv6-only and IPv4-only endpoints (NAT-PT)"]	● IPv6 addressing architecture ● IPv6 name resolution ● IPv6 statistics ● IPv6 translation: Transport packets between IP
98604	ISR1100-4GLTEGB	routers	emc_emissions	585ea334a738d76f	true	family:mismatch	["● EN55022","CISPR22","CFR 47 Part 15","ICES003","VCCI-V-3","AS","NZS CISPR22","CNS13438","EN300-386","EN61000-3-2","EN	● EN55022/CISPR22, CFR 47 Part 15, ICES003, VCCI-V-3, AS/NZS CISPR22, CNS13438, EN300-386, EN61000-3-2, EN61000-3-3, KN2
98625	ISR1100X-6G	routers	temp_operating	585ea334a738d76f	true	family:mismatch	{"max":40,"min":0}	● Operating temperature: 0 to 40°C (32 to 104°F) at sea level (temperature derating of 1.5°C per 1000 feet of altitude a
98628	ISR1100X-6G	routers	wireless_security	585ea334a738d76f	true	family:mismatch	"● TACACS+ ● RADIUS ● Local, role-based access control"	● TACACS+ ● RADIUS ● Local, role-based access control
207960	C886VAJ	routers	supported_protocols	4fb41a26e3dd6255	true	family:mismatch	["IPv6","IPv6 statistics","IPv6 translation: Transport packets between IPv6-only and IPv4-only endpoints (NAT-PT)"]	● IPv6 addressing architecture ● IPv6 name resolution ● IPv6 statistics ● IPv6 translation: Transport packets between IP
207961	C887VAM-W-E-K9	routers	supported_protocols	4fb41a26e3dd6255	true	family:mismatch	["IPv6","IPv6 statistics","IPv6 translation: Transport packets between IPv6-only and IPv4-only endpoints (NAT-PT)"]	● IPv6 addressing architecture ● IPv6 name resolution ● IPv6 statistics ● IPv6 translation: Transport packets between IP
207962	C888E-CUBE-K9	routers	supported_protocols	4fb41a26e3dd6255	true	family:mismatch	["IPv6","IPv6 statistics","IPv6 translation: Transport packets between IPv6-only and IPv4-only endpoints (NAT-PT)"]	● IPv6 addressing architecture ● IPv6 name resolution ● IPv6 statistics ● IPv6 translation: Transport packets between IP
207963	C881G-S-K9	routers	supported_protocols	4fb41a26e3dd6255	true	family:mismatch	["IPv6","IPv6 statistics","IPv6 translation: Transport packets between IPv6-only and IPv4-only endpoints (NAT-PT)"]	● IPv6 addressing architecture ● IPv6 name resolution ● IPv6 statistics ● IPv6 translation: Transport packets between IP
207964	C881G-V-K9	routers	supported_protocols	4fb41a26e3dd6255	true	family:mismatch	["IPv6","IPv6 statistics","IPv6 translation: Transport packets between IPv6-only and IPv4-only endpoints (NAT-PT)"]	● IPv6 addressing architecture ● IPv6 name resolution ● IPv6 statistics ● IPv6 translation: Transport packets between IP
207965	C886VA-W-E-K9	routers	supported_protocols	4fb41a26e3dd6255	true	family:mismatch	["IPv6","IPv6 statistics","IPv6 translation: Transport packets between IPv6-only and IPv4-only endpoints (NAT-PT)"]	● IPv6 addressing architecture ● IPv6 name resolution ● IPv6 statistics ● IPv6 translation: Transport packets between IP
207966	C887VA-CUBE-K9	routers	supported_protocols	4fb41a26e3dd6255	true	family:mismatch	["IPv6","IPv6 statistics","IPv6 translation: Transport packets between IPv6-only and IPv4-only endpoints (NAT-PT)"]	● IPv6 addressing architecture ● IPv6 name resolution ● IPv6 statistics ● IPv6 translation: Transport packets between IP
178009	IR1833-K9	routers	altitude_max	8e3a62fc89fc76f1	true	family:mismatch	4206.24	● Maximum altitude: 13.800 ft per IEC 68-2-41
178010	IR1835-K9	routers	altitude_max	8e3a62fc89fc76f1	true	family:mismatch	4206.24	● Maximum altitude: 13.800 ft per IEC 68-2-41
130714	N9K-C92160YC-X	switches	altitude_max	66f24c36fabebf74	true	family:mismatch	4000	0 to 13,123 ft (0 to 4000m)
77425	C819HG-S-K9	routers	altitude_max	eeedf4783e30b825	true	family:mismatch	1524	Above 5000 ft derate maximum operating temperature 1.50C per 1000 feet Maximum altitude: 10,000 ft
77621	C819HGW-V-A-K9	routers	altitude_max	eeedf4783e30b825	true	family:mismatch	1524	Above 5000 ft derate maximum operating temperature 1.50C per 1000 feet Maximum altitude: 10,000 ft
77664	C819G-B-K9	routers	altitude_max	eeedf4783e30b825	true	family:mismatch	1524	Above 5000 ft derate maximum operating temperature 1.50C per 1000 feet Maximum altitude: 10,000 ft
77681	C819H-K9	routers	altitude_max	eeedf4783e30b825	true	family:mismatch	1524	Above 5000 ft derate maximum operating temperature 1.50C per 1000 feet Maximum altitude: 10,000 ft
77756	C819HGW+7-N-K9	routers	altitude_max	eeedf4783e30b825	true	family:mismatch	1524	Above 5000 ft derate maximum operating temperature 1.50C per 1000 feet Maximum altitude: 10,000 ft
77866	C819G+7-K9	routers	altitude_max	eeedf4783e30b825	true	family:mismatch	1524	Above 5000 ft derate maximum operating temperature 1.50C per 1000 feet Maximum altitude: 10,000 ft
77983	C819HG+7-K9	routers	altitude_max	eeedf4783e30b825	true	family:mismatch	1524	Above 5000 ft derate maximum operating temperature 1.50C per 1000 feet Maximum altitude: 10,000 ft
78048	C819HGW+7-E-K9	routers	altitude_max	eeedf4783e30b825	true	family:mismatch	1524	Above 5000 ft derate maximum operating temperature 1.50C per 1000 feet Maximum altitude: 10,000 ft
77409	C819G-S-K9	routers	altitude_max	eeedf4783e30b825	true	family:mismatch	1524	Above 5000 ft derate maximum operating temperature 1.50C per 1000 feet Maximum altitude: 10,000 ft
77417	C819G-V-K9	routers	altitude_max	eeedf4783e30b825	true	family:mismatch	1524	Above 5000 ft derate maximum operating temperature 1.50C per 1000 feet Maximum altitude: 10,000 ft
77470	C819G-U-K9	routers	altitude_max	eeedf4783e30b825	true	family:mismatch	1524	Above 5000 ft derate maximum operating temperature 1.50C per 1000 feet Maximum altitude: 10,000 ft
77594	C819HWD-A-K9	routers	altitude_max	eeedf4783e30b825	true	family:mismatch	1524	Above 5000 ft derate maximum operating temperature 1.50C per 1000 feet Maximum altitude: 10,000 ft
78032	C819HGW-S-A-K9	routers	altitude_max	eeedf4783e30b825	true	family:mismatch	1524	Above 5000 ft derate maximum operating temperature 1.50C per 1000 feet Maximum altitude: 10,000 ft
130590	N9K-C93240YC-FX2	switches	altitude_max	d27ae43f2e280e20	true	family:mismatch	4000	0 to 13,123 ft (0 to 4000m)
130591	N9K-C93360YC-FX2	switches	altitude_max	d27ae43f2e280e20	true	family:mismatch	4000	0 to 13,123 ft (0 to 4000m)
130592	N9K-C9336C-FX2	switches	altitude_max	d27ae43f2e280e20	true	family:mismatch	4000	0 to 13,123 ft (0 to 4000m)
130593	N9K-C9336C-FX2-E	switches	altitude_max	d27ae43f2e280e20	true	family:mismatch	4000	0 to 13,123 ft (0 to 4000m)
131401	N9K-C9372TX-E	switches	altitude_max	025ed93f1b5e9c8a	true	family:mismatch	4000	0 to 13,123 ft (0 to 4000m)
131402	N9K-C9396PX	switches	altitude_max	025ed93f1b5e9c8a	true	family:mismatch	4000	0 to 13,123 ft (0 to 4000m)
131403	N9K-C9396TX	switches	altitude_max	025ed93f1b5e9c8a	true	family:mismatch	4000	0 to 13,123 ft (0 to 4000m)
130977	N540-6Z14S-SYS-D	routers	segment_routing_features	2bd1acffb3643746	true	family:mismatch	"Segment Routing with MPLS data plane (SR-MPLS) Segment Routing with IPv6 data plane (SRv6) ISIS, OSPF, BGP extensions t	Segment Routing with MPLS data plane (SR-MPLS) Segment Routing with IPv6 data plane (SRv6) ISIS, OSPF, BGP extensions to
131135	N540-24Q8L2DD-SYS	routers	programming_interfaces	4e88992fc80b83c6	true	family:mismatch	["CLI SNMP MIB NETCONF","gRPC (XML","JSON","GPB) YANG models (native","open: OpenConfig","IETF) RPM-based SW infrastruct	CLI SNMP MIB NETCONF/gRPC (XML, JSON, GPB) YANG models (native, open: OpenConfig, IETF) RPM-based SW infrastructure ZTP 
131137	N540-24Q8L2DD-SYS	routers	emc_immunity	4e88992fc80b83c6	true	family:mismatch	["EN55024 CISPR24 EN300386 KN 61000-4 series"]	EN55024 CISPR24 EN300386 KN 61000-4 series
131140	N540-24Q2C2DD-SYS	routers	programming_interfaces	4e88992fc80b83c6	true	family:mismatch	["CLI SNMP MIB NETCONF","gRPC (XML","JSON","GPB) YANG models (native","open: OpenConfig","IETF) RPM-based SW infrastruct	CLI SNMP MIB NETCONF/gRPC (XML, JSON, GPB) YANG models (native, open: OpenConfig, IETF) RPM-based SW infrastructure ZTP 
131142	N540-24Q2C2DD-SYS	routers	emc_immunity	4e88992fc80b83c6	true	family:mismatch	["EN55024 CISPR24 EN300386 KN 61000-4 series"]	EN55024 CISPR24 EN300386 KN 61000-4 series
130589	N9K-C93216TC-FX2	switches	altitude_max	d27ae43f2e280e20	true	family:mismatch	4000	0 to 13,123 ft (0 to 4000m)
130625	UCS-E1100D-M6/K9	servers-unified-computing	altitude_max	f06b537d8957ff32	true	family:mismatch	3050	0 to 10,000 feet (0 to 3050 meters)
130626	UCS-E1120D-M3/K9	servers-unified-computing	altitude_max	f06b537d8957ff32	true	family:mismatch	3050	0 to 10,000 feet (0 to 3050 meters)
130627	UCS-E160S-M3/K9	servers-unified-computing	altitude_max	f06b537d8957ff32	true	family:mismatch	3050	0 to 10,000 feet (0 to 3050 meters)
130628	UCS-E180D-M3/K9	servers-unified-computing	altitude_max	f06b537d8957ff32	true	family:mismatch	3050	0 to 10,000 feet (0 to 3050 meters)
130715	N9K-C92300YC	switches	altitude_max	66f24c36fabebf74	true	family:mismatch	4000	0 to 13,123 ft (0 to 4000m)
130716	N9K-C92304QC	switches	altitude_max	66f24c36fabebf74	true	family:mismatch	4000	0 to 13,123 ft (0 to 4000m)
130717	N9K-C92348GC-FX3	switches	altitude_max	66f24c36fabebf74	true	family:mismatch	4000	0 to 13,123 ft (0 to 4000m)
130718	N9K-C9236C	switches	altitude_max	66f24c36fabebf74	true	family:mismatch	4000	0 to 13,123 ft (0 to 4000m)
130719	N9K-C9272Q	switches	altitude_max	66f24c36fabebf74	true	family:mismatch	4000	0 to 13,123 ft (0 to 4000m)
130731	N9K-C93108TC-EX	switches	altitude_max	c43bdb7cb8408cc1	true	family:mismatch	4000	0 to 13,123 ft (0 to 4000m)
130732	N9K-C93180LC-EX	switches	altitude_max	c43bdb7cb8408cc1	true	family:mismatch	4000	0 to 13,123 ft (0 to 4000m)
130733	N9K-C93180YC-EX	switches	altitude_max	c43bdb7cb8408cc1	true	family:mismatch	4000	0 to 13,123 ft (0 to 4000m)
131310	N9K-C93108TC-FX	switches	altitude_max	3e6013a0dc9b94e5	true	family:mismatch	4000	0 to 13,123 ft (0 to 4000m)
131311	N9K-C93180YC-FX	switches	altitude_max	3e6013a0dc9b94e5	true	family:mismatch	4000	0 to 13,123 ft (0 to 4000m)
131312	N9K-C9348GC-FXP	switches	altitude_max	3e6013a0dc9b94e5	true	family:mismatch	4000	0 to 13,123 ft (0 to 4000m)
103230	N6K-C6001-64T	switches	emc_emissions	df62c7424eff7d1f	true	family:mismatch	["● 47CFR Part 15 (CFR 47) Class A ● AS","NZS CISPR22 Class A ● CISPR22 Class A ● EN55022 Class A ● ICES003 Class A ● VC	● 47CFR Part 15 (CFR 47) Class A ● AS/NZS CISPR22 Class A ● CISPR22 Class A ● EN55022 Class A ● ICES003 Class A ● VCCI C
103231	N6K-C6001-64T	switches	emc_immunity	df62c7424eff7d1f	true	family:mismatch	["● EN55024 ● CISPR24 ● EN300386 ● KN 61000-4 series"]	● EN55024 ● CISPR24 ● EN300386 ● KN 61000-4 series
103346	N5K-C5696Q	switches	emc_emissions	6808d677ec50358c	true	family:mismatch	["● 47CFR Part 15 (CFR 47) Class A ● AS","NZS CISPR22 Class A ● CISPR22 Class A ● EN55022 Class A ● ICES003 Class A ● VC	● 47CFR Part 15 (CFR 47) Class A ● AS/NZS CISPR22 Class A ● CISPR22 Class A ● EN55022 Class A ● ICES003 Class A ● VCCI C
103347	N5K-C5696Q	switches	emc_immunity	6808d677ec50358c	true	family:mismatch	["● EN55024 ● CISPR24 ● EN300386 ● KN 61000-4 series"]	● EN55024 ● CISPR24 ● EN300386 ● KN 61000-4 series
103394	N5624-B-24Q	switches	emc_emissions	6808d677ec50358c	true	family:mismatch	["● 47CFR Part 15 (CFR 47) Class A ● AS","NZS CISPR22 Class A ● CISPR22 Class A ● EN55022 Class A ● ICES003 Class A ● VC	● 47CFR Part 15 (CFR 47) Class A ● AS/NZS CISPR22 Class A ● CISPR22 Class A ● EN55022 Class A ● ICES003 Class A ● VCCI C
103395	N5624-B-24Q	switches	emc_immunity	6808d677ec50358c	true	family:mismatch	["● EN55024 ● CISPR24 ● EN300386 ● KN 61000-4 series"]	● EN55024 ● CISPR24 ● EN300386 ● KN 61000-4 series
103428	N5648-B-36Q	switches	emc_emissions	6808d677ec50358c	true	family:mismatch	["● 47CFR Part 15 (CFR 47) Class A ● AS","NZS CISPR22 Class A ● CISPR22 Class A ● EN55022 Class A ● ICES003 Class A ● VC	● 47CFR Part 15 (CFR 47) Class A ● AS/NZS CISPR22 Class A ● CISPR22 Class A ● EN55022 Class A ● ICES003 Class A ● VCCI C
103429	N5648-B-36Q	switches	emc_immunity	6808d677ec50358c	true	family:mismatch	["● EN55024 ● CISPR24 ● EN300386 ● KN 61000-4 series"]	● EN55024 ● CISPR24 ● EN300386 ● KN 61000-4 series
103434	N6K-C6001-64P	switches	emc_emissions	df62c7424eff7d1f	true	family:mismatch	["● 47CFR Part 15 (CFR 47) Class A ● AS","NZS CISPR22 Class A ● CISPR22 Class A ● EN55022 Class A ● ICES003 Class A ● VC	● 47CFR Part 15 (CFR 47) Class A ● AS/NZS CISPR22 Class A ● CISPR22 Class A ● EN55022 Class A ● ICES003 Class A ● VCCI C
103435	N6K-C6001-64P	switches	emc_immunity	df62c7424eff7d1f	true	family:mismatch	["● EN55024 ● CISPR24 ● EN300386 ● KN 61000-4 series"]	● EN55024 ● CISPR24 ● EN300386 ● KN 61000-4 series
103501	N5696-B-24Q	switches	emc_emissions	6808d677ec50358c	true	family:mismatch	["● 47CFR Part 15 (CFR 47) Class A ● AS","NZS CISPR22 Class A ● CISPR22 Class A ● EN55022 Class A ● ICES003 Class A ● VC	● 47CFR Part 15 (CFR 47) Class A ● AS/NZS CISPR22 Class A ● CISPR22 Class A ● EN55022 Class A ● ICES003 Class A ● VCCI C
103502	N5696-B-24Q	switches	emc_immunity	6808d677ec50358c	true	family:mismatch	["● EN55024 ● CISPR24 ● EN300386 ● KN 61000-4 series"]	● EN55024 ● CISPR24 ● EN300386 ● KN 61000-4 series
103583	N9K-C9372PX-E	switches	temp_operating	025ed93f1b5e9c8a	true	family:mismatch	{"max":40,"min":0}	32 to 104°F (0 to 40°C)
103584	N9K-C9372PX-E	switches	temp_storage	025ed93f1b5e9c8a	true	family:mismatch	{"max":70,"min":-40}	-40 to 158°F (-40 to 70°C)
103585	N9K-C9372PX-E	switches	humidity_operating	025ed93f1b5e9c8a	true	family:mismatch	{"max":95,"min":5}	5 to 95% (noncondensing)
103637	N9K-C93180YC-FX-24	switches	temp_operating	c294a6ef715a933d	true	family:mismatch	{"max":40,"min":0}	32 to 104°F (0 to 40°C)
103639	N9K-C93180YC-FX-24	switches	humidity_operating	c294a6ef715a933d	true	family:mismatch	{"max":95,"min":5}	5 to 95% (noncondensing)
103702	N9K-C93108TC-FX3H	switches	temp_operating	c294a6ef715a933d	true	family:mismatch	{"max":40,"min":0}	32 to 104°F (0 to 40°C)
103704	N9K-C93108TC-FX3H	switches	humidity_operating	c294a6ef715a933d	true	family:mismatch	{"max":95,"min":5}	5 to 95% (noncondensing)
103737	N9K-C93108TC-FX-24	switches	temp_operating	c294a6ef715a933d	true	family:mismatch	{"max":40,"min":0}	32 to 104°F (0 to 40°C)
103739	N9K-C93108TC-FX-24	switches	humidity_operating	c294a6ef715a933d	true	family:mismatch	{"max":95,"min":5}	5 to 95% (noncondensing)
103757	N9K-C93180YC-FX3H	switches	temp_operating	c294a6ef715a933d	true	family:mismatch	{"max":40,"min":0}	32 to 104°F (0 to 40°C)
103759	N9K-C93180YC-FX3H	switches	humidity_operating	c294a6ef715a933d	true	family:mismatch	{"max":95,"min":5}	5 to 95% (noncondensing)
103781	N9K-C93108TC-EX-24	switches	temp_operating	c294a6ef715a933d	true	family:mismatch	{"max":40,"min":0}	32 to 104°F (0 to 40°C)
103783	N9K-C93108TC-EX-24	switches	humidity_operating	c294a6ef715a933d	true	family:mismatch	{"max":95,"min":5}	5 to 95% (noncondensing)
103786	N9K-C93128TX	switches	temp_operating	025ed93f1b5e9c8a	true	family:mismatch	{"max":40,"min":0}	32 to 104°F (0 to 40°C)
103787	N9K-C93128TX	switches	temp_storage	025ed93f1b5e9c8a	true	family:mismatch	{"max":70,"min":-40}	-40 to 158°F (-40 to 70°C)
103788	N9K-C93128TX	switches	humidity_operating	025ed93f1b5e9c8a	true	family:mismatch	{"max":95,"min":5}	5 to 95% (noncondensing)
103791	N9K-C9332PQ	switches	temp_operating	025ed93f1b5e9c8a	true	family:mismatch	{"max":40,"min":0}	32 to 104°F (0 to 40°C)
103792	N9K-C9332PQ	switches	temp_storage	025ed93f1b5e9c8a	true	family:mismatch	{"max":70,"min":-40}	-40 to 158°F (-40 to 70°C)
103793	N9K-C9332PQ	switches	humidity_operating	025ed93f1b5e9c8a	true	family:mismatch	{"max":95,"min":5}	5 to 95% (noncondensing)
103858	N9K-C9372PX	switches	temp_operating	025ed93f1b5e9c8a	true	family:mismatch	{"max":40,"min":0}	32 to 104°F (0 to 40°C)
103859	N9K-C9372PX	switches	temp_storage	025ed93f1b5e9c8a	true	family:mismatch	{"max":70,"min":-40}	-40 to 158°F (-40 to 70°C)
103860	N9K-C9372PX	switches	humidity_operating	025ed93f1b5e9c8a	true	family:mismatch	{"max":95,"min":5}	5 to 95% (noncondensing)
103865	N9K-C9396TX	switches	temp_operating	025ed93f1b5e9c8a	true	family:mismatch	{"max":40,"min":0}	32 to 104°F (0 to 40°C)
103866	N9K-C9396TX	switches	temp_storage	025ed93f1b5e9c8a	true	family:mismatch	{"max":70,"min":-40}	-40 to 158°F (-40 to 70°C)
103867	N9K-C9396TX	switches	humidity_operating	025ed93f1b5e9c8a	true	family:mismatch	{"max":95,"min":5}	5 to 95% (noncondensing)
103889	N9K-C9372TX	switches	temp_operating	025ed93f1b5e9c8a	true	family:mismatch	{"max":40,"min":0}	32 to 104°F (0 to 40°C)
103890	N9K-C9372TX	switches	temp_storage	025ed93f1b5e9c8a	true	family:mismatch	{"max":70,"min":-40}	-40 to 158°F (-40 to 70°C)
103891	N9K-C9372TX	switches	humidity_operating	025ed93f1b5e9c8a	true	family:mismatch	{"max":95,"min":5}	5 to 95% (noncondensing)
103937	N9K-C93120TX	switches	temp_operating	025ed93f1b5e9c8a	true	family:mismatch	{"max":40,"min":0}	32 to 104°F (0 to 40°C)
103938	N9K-C93120TX	switches	temp_storage	025ed93f1b5e9c8a	true	family:mismatch	{"max":70,"min":-40}	-40 to 158°F (-40 to 70°C)
103939	N9K-C93120TX	switches	humidity_operating	025ed93f1b5e9c8a	true	family:mismatch	{"max":95,"min":5}	5 to 95% (noncondensing)
103949	N9K-C9372TX-E	switches	temp_operating	025ed93f1b5e9c8a	true	family:mismatch	{"max":40,"min":0}	32 to 104°F (0 to 40°C)
103950	N9K-C9372TX-E	switches	temp_storage	025ed93f1b5e9c8a	true	family:mismatch	{"max":70,"min":-40}	-40 to 158°F (-40 to 70°C)
103951	N9K-C9372TX-E	switches	humidity_operating	025ed93f1b5e9c8a	true	family:mismatch	{"max":95,"min":5}	5 to 95% (noncondensing)
103970	N9K-C93180YC-EX-24	switches	temp_operating	c294a6ef715a933d	true	family:mismatch	{"max":40,"min":0}	32 to 104°F (0 to 40°C)
103972	N9K-C93180YC-EX-24	switches	humidity_operating	c294a6ef715a933d	true	family:mismatch	{"max":95,"min":5}	5 to 95% (noncondensing)
103976	N9K-C9396PX	switches	temp_operating	025ed93f1b5e9c8a	true	family:mismatch	{"max":40,"min":0}	32 to 104°F (0 to 40°C)
103977	N9K-C9396PX	switches	temp_storage	025ed93f1b5e9c8a	true	family:mismatch	{"max":70,"min":-40}	-40 to 158°F (-40 to 70°C)
103978	N9K-C9396PX	switches	humidity_operating	025ed93f1b5e9c8a	true	family:mismatch	{"max":95,"min":5}	5 to 95% (noncondensing)
131386	N9K-C93108TC-EX-24	switches	altitude_max	c294a6ef715a933d	true	family:mismatch	4000	0 to 13,123 ft (0 to 4000m)
131387	N9K-C93108TC-FX-24	switches	altitude_max	c294a6ef715a933d	true	family:mismatch	4000	0 to 13,123 ft (0 to 4000m)
131388	N9K-C93108TC-FX3H	switches	altitude_max	c294a6ef715a933d	true	family:mismatch	4000	0 to 13,123 ft (0 to 4000m)
131389	N9K-C93180YC-EX-24	switches	altitude_max	c294a6ef715a933d	true	family:mismatch	4000	0 to 13,123 ft (0 to 4000m)
131390	N9K-C93180YC-FX-24	switches	altitude_max	c294a6ef715a933d	true	family:mismatch	4000	0 to 13,123 ft (0 to 4000m)
131391	N9K-C93180YC-FX3H	switches	altitude_max	c294a6ef715a933d	true	family:mismatch	4000	0 to 13,123 ft (0 to 4000m)
131395	N9K-C93120TX	switches	altitude_max	025ed93f1b5e9c8a	true	family:mismatch	4000	0 to 13,123 ft (0 to 4000m)
131396	N9K-C93128TX	switches	altitude_max	025ed93f1b5e9c8a	true	family:mismatch	4000	0 to 13,123 ft (0 to 4000m)
131397	N9K-C9332PQ	switches	altitude_max	025ed93f1b5e9c8a	true	family:mismatch	4000	0 to 13,123 ft (0 to 4000m)
131398	N9K-C9372PX	switches	altitude_max	025ed93f1b5e9c8a	true	family:mismatch	4000	0 to 13,123 ft (0 to 4000m)
131399	N9K-C9372PX-E	switches	altitude_max	025ed93f1b5e9c8a	true	family:mismatch	4000	0 to 13,123 ft (0 to 4000m)
131400	N9K-C9372TX	switches	altitude_max	025ed93f1b5e9c8a	true	family:mismatch	4000	0 to 13,123 ft (0 to 4000m)
131555	N9K-C93180YC-FX3S	switches	altitude_max	9dde779f6314c438	true	family:mismatch	4000	0 to 13,123 ft (0 to 4000m)
114530	RV160W-A-K9-AU	routers	jumbo_mtu	8681e4a656ec9835	true	family:mismatch	1536	Supports jumbo frames on Gigabit ports – at least 1536B
114531	RV160W-A-K9-AU	routers	temp_storage	8681e4a656ec9835	true	family:mismatch	{"max":70,"min":-20}	-20° to 70°C (-4° to 158°F)
114533	RV160W-A-K9-AU	routers	operating_system	8681e4a656ec9835	true	family:mismatch	"Linux"	Linux
114605	RV160W-E-K9-G5	routers	jumbo_mtu	8681e4a656ec9835	true	family:mismatch	1536	Supports jumbo frames on Gigabit ports – at least 1536B
114606	RV160W-E-K9-G5	routers	temp_storage	8681e4a656ec9835	true	family:mismatch	{"max":70,"min":-20}	-20° to 70°C (-4° to 158°F)
114608	RV160W-E-K9-G5	routers	operating_system	8681e4a656ec9835	true	family:mismatch	"Linux"	Linux
114661	RV160W-E-K9-JP	routers	jumbo_mtu	8681e4a656ec9835	true	family:mismatch	1536	Supports jumbo frames on Gigabit ports – at least 1536B
114662	RV160W-E-K9-JP	routers	temp_storage	8681e4a656ec9835	true	family:mismatch	{"max":70,"min":-20}	-20° to 70°C (-4° to 158°F)
114664	RV160W-E-K9-JP	routers	operating_system	8681e4a656ec9835	true	family:mismatch	"Linux"	Linux
114814	RV160W-A-K9-BR	routers	jumbo_mtu	8681e4a656ec9835	true	family:mismatch	1536	Supports jumbo frames on Gigabit ports – at least 1536B
114815	RV160W-A-K9-BR	routers	temp_storage	8681e4a656ec9835	true	family:mismatch	{"max":70,"min":-20}	-20° to 70°C (-4° to 158°F)
114817	RV160W-A-K9-BR	routers	operating_system	8681e4a656ec9835	true	family:mismatch	"Linux"	Linux
115129	RV160W-A-K9-AR	routers	jumbo_mtu	8681e4a656ec9835	true	family:mismatch	1536	Supports jumbo frames on Gigabit ports – at least 1536B
115132	RV160W-A-K9-AR	routers	operating_system	8681e4a656ec9835	true	family:mismatch	"Linux"	Linux
115134	RV160W-A-K9-NA	routers	jumbo_mtu	8681e4a656ec9835	true	family:mismatch	1536	Supports jumbo frames on Gigabit ports – at least 1536B
115137	RV160W-A-K9-NA	routers	operating_system	8681e4a656ec9835	true	family:mismatch	"Linux"	Linux
115255	RV160W	routers	operating_system	8681e4a656ec9835	true	family:mismatch	"Linux"	Linux
115257	RV160W-C-K9-CN	routers	jumbo_mtu	8681e4a656ec9835	true	family:mismatch	1536	Supports jumbo frames on Gigabit ports – at least 1536B
115260	RV160W-C-K9-CN	routers	operating_system	8681e4a656ec9835	true	family:mismatch	"Linux"	Linux
115340	RV160W-I-K9-IN	routers	jumbo_mtu	8681e4a656ec9835	true	family:mismatch	1536	Supports jumbo frames on Gigabit ports – at least 1536B
115341	RV160W-I-K9-IN	routers	temp_storage	8681e4a656ec9835	true	family:mismatch	{"max":70,"min":-20}	-20° to 70°C (-4° to 158°F)
115343	RV160W-I-K9-IN	routers	operating_system	8681e4a656ec9835	true	family:mismatch	"Linux"	Linux
115429	RV160W-R-K8-RU	routers	jumbo_mtu	8681e4a656ec9835	true	family:mismatch	1536	Supports jumbo frames on Gigabit ports – at least 1536B
115430	RV160W-R-K8-RU	routers	temp_storage	8681e4a656ec9835	true	family:mismatch	{"max":70,"min":-20}	-20° to 70°C (-4° to 158°F)
115432	RV160W-R-K8-RU	routers	operating_system	8681e4a656ec9835	true	family:mismatch	"Linux"	Linux
122069	UCS-E1100D-M6/K9	servers-unified-computing	temp_operating	f06b537d8957ff32	true	family:mismatch	{"max":40,"min":0}	32 to 104°F (0 to 40°C)
122136	UCS-E180D-M3/K9	servers-unified-computing	temp_operating	f06b537d8957ff32	true	family:mismatch	{"max":40,"min":0}	32 to 104°F (0 to 40°C)
122226	UCS-E160S-M3/K9	servers-unified-computing	temp_operating	f06b537d8957ff32	true	family:mismatch	{"max":40,"min":0}	32 to 104°F (0 to 40°C)
122227	UCS-E160S-M3/K9	servers-unified-computing	temp_storage	f06b537d8957ff32	true	family:mismatch	{"max":70,"min":-40}	-40 to 150°F (-40 to 70°C)
122367	UCS-E1120D-M3/K9	servers-unified-computing	temp_operating	f06b537d8957ff32	true	family:mismatch	{"max":40,"min":0}	32 to 104°F (0 to 40°C)
122368	UCS-E1120D-M3/K9	servers-unified-computing	temp_storage	f06b537d8957ff32	true	family:mismatch	{"max":70,"min":-40}	-40 to 150°F (-40 to 70°C)
128022	WIM-1T	interfaces-modules	supported_protocols	f79b303868c721b3	true	family:mismatch	["PPP","HDLC"]	PPP and HDLC
78232	C899G-LTE	routers	dram	30684916aee80d45	true	family:mismatch	1	1 GB
78234	C899G-LTE	routers	flash	30684916aee80d45	true	family:mismatch	1	1 GB
78309	C898EAG-LTE	routers	flash	30684916aee80d45	true	family:mismatch	1	1 GB
78333	C886VA-K9	routers	flash	4fb41a26e3dd6255	true	family:mismatch	0.125	● 128 MB on Cisco 880 Series data, embedded 3G Wireless WAN (WWAN), and Cisco Unified Border Element models ● 256 MB on 
78369	C886VAJ-K9	routers	flash	4fb41a26e3dd6255	true	family:mismatch	0.125	● 128 MB on Cisco 880 Series data, embedded 3G Wireless WAN (WWAN), and Cisco Unified Border Element models ● 256 MB on 
78123	C887VA-K9	routers	flash	4fb41a26e3dd6255	true	family:mismatch	0.125	● 128 MB on Cisco 880 Series data, embedded 3G Wireless WAN (WWAN), and Cisco Unified Border Element models ● 256 MB on 
78552	C887VAM-K9	routers	flash	4fb41a26e3dd6255	true	family:mismatch	0.125	● 128 MB on Cisco 880 Series data, embedded 3G Wireless WAN (WWAN), and Cisco Unified Border Element models ● 256 MB on 
85359	CISCO886VA-K9	routers	flash	4fb41a26e3dd6255	true	family:mismatch	0.125	● 128 MB on Cisco 880 Series data, embedded 3G Wireless WAN (WWAN), and Cisco Unified Border Element models ● 256 MB on 
85174	CISCO886VA-SEC-K9	routers	flash	4fb41a26e3dd6255	true	family:mismatch	0.125	● 128 MB on Cisco 880 Series data, embedded 3G Wireless WAN (WWAN), and Cisco Unified Border Element models ● 256 MB on 
85321	CISCO887VA-K9	routers	flash	4fb41a26e3dd6255	true	family:mismatch	0.125	● 128 MB on Cisco 880 Series data, embedded 3G Wireless WAN (WWAN), and Cisco Unified Border Element models ● 256 MB on 
85375	CISCO887VA-M-K9	routers	flash	4fb41a26e3dd6255	true	family:mismatch	0.125	● 128 MB on Cisco 880 Series data, embedded 3G Wireless WAN (WWAN), and Cisco Unified Border Element models ● 256 MB on 
85283	CISCO887VA-SEC-K9	routers	flash	4fb41a26e3dd6255	true	family:mismatch	0.125	● 128 MB on Cisco 880 Series data, embedded 3G Wireless WAN (WWAN), and Cisco Unified Border Element models ● 256 MB on 
71801	A900-CM-GNSS	routers	humidity_operating	944de49891bd21ca	true	family:mismatch	{"max":95,"min":5}	5% to 95%, noncondensing
71999	A900-CM-GNSS=	routers	humidity_operating	944de49891bd21ca	true	family:mismatch	{"max":95,"min":5}	5% to 95%, noncondensing
181715	3G/4G	routers	mounting	182e3672a258ad84	true	family:mismatch	["panel"]	Panel/door mount
182206	IR807G-LTE-GA-K9	cloud-systems-management	mounting	92e360b8004d76e8	true	class:software	["wall","din-rail","panel"]	Panel, wall, and DIN rail (vertical and horizontal) mount
182208	IR1835-K9	routers	mounting	8e3a62fc89fc76f1	true	family:mismatch	["din-rail","panel"]	● DIN rail ● Panel mount
182210	IR1833-K9	routers	mounting	8e3a62fc89fc76f1	true	family:mismatch	["din-rail","panel"]	● DIN rail ● Panel mount
182211	IR829GW-LTE-NA-AK9	routers	mounting	182e3672a258ad84	true	family:mismatch	["panel"]	Panel/door mount
182212	IR807G-LTE-VZ-K9	cloud-systems-management	mounting	92e360b8004d76e8	true	class:software	["wall","din-rail","panel"]	Panel, wall, and DIN rail (vertical and horizontal) mount
182214	IR807G-LTE-NA-K9	cloud-systems-management	mounting	92e360b8004d76e8	true	class:software	["wall","din-rail","panel"]	Panel, wall, and DIN rail (vertical and horizontal) mount
182215	IR809G-LTE-LA-K9	routers	mounting	1b6724676304801a	true	family:mismatch	["din-rail","panel"]	Panel and door and DIN rail mount
182217	IR8140H-K9	routers	mounting	3f4ba2d43e77a0e4	true	family:mismatch	["wall","pole"]	Wall, pole mount
182218	IR809G-LTE-NA-K9	cloud-systems-management	mounting	1b6724676304801a	true	class:software	["din-rail","panel"]	Panel and door and DIN rail mount
182224	IR829GW-LTE-VZ-AK9	routers	mounting	182e3672a258ad84	true	family:mismatch	["panel"]	Panel/door mount
182225	IR809G-LTE-GA-K9	routers	mounting	1b6724676304801a	true	family:mismatch	["din-rail","panel"]	Panel and door and DIN rail mount
182227	IR8140H-P-K9	routers	mounting	3f4ba2d43e77a0e4	true	family:mismatch	["wall","pole"]	Wall, pole mount
148781	IR1833-K9	routers	ieee_standards	8e3a62fc89fc76f1	true	family:mismatch	["NMEA","RTCM 104"]	● NMEA, RTCM 104
205991	ISR1100-4GLTEGB	routers	certifications	585ea334a738d76f	true	family:mismatch	["UL 60950-1, second edition","EN 60950-1, second edition","IEC 60950-1"]	● UL 60950-1, second edition ● CAN/CSA C22.2 No. 60950-1, second edition ● EN 60950-1, second edition ● CB to IEC 60950-
205587	C8500L-8S4X	routers	certifications	c2f2c267baa2122a	true	family:mismatch	["UL 60950-1","CAN/CSA-C22.2 No. 60950-1","EN 60950-1","IEC 60950-1","AS/NZS 60950-1","GB4943"]	UL 60950-1 CAN/CSA-C22.2 No. 60950-1 EN 60950-1 IEC 60950-1 AS/NZS 60950-1 GB4943
146596	C819G-V-K9	routers	certifications	eeedf4783e30b825	true	family:mismatch	["UL 60950-1, 2nd edition","CAN/CSA C22.2 No. 60950-1, 2nd edition","EN 60950-1, 2nd edition"]	● UL 60950-1, 2nd edition ● CAN/CSA C22.2 No. 60950-1, 2nd edition ● EN 60950-1, 2nd edition
153759	C812G+7-K9	routers	certifications	561c0f07d63e8571	true	family:mismatch	["UL 60950-1, 2nd edition","CAN/CSA C22.2 No. 60950-1, 2nd edition","EN 60950-1, 2nd edition"]	● UL 60950-1, 2nd edition ● CAN/CSA C22.2 No. 60950-1, 2nd edition ● EN 60950-1, 2nd edition
153764	C812G-CIFI+7-E-K9	routers	certifications	561c0f07d63e8571	true	family:mismatch	["UL 60950-1, 2nd edition","CAN/CSA C22.2 No. 60950-1, 2nd edition","EN 60950-1, 2nd edition"]	● UL 60950-1, 2nd edition ● CAN/CSA C22.2 No. 60950-1, 2nd edition ● EN 60950-1, 2nd edition
153769	C812G-CIFI+7-N-K9	routers	certifications	561c0f07d63e8571	true	family:mismatch	["UL 60950-1, 2nd edition","CAN/CSA C22.2 No. 60950-1, 2nd edition","EN 60950-1, 2nd edition"]	● UL 60950-1, 2nd edition ● CAN/CSA C22.2 No. 60950-1, 2nd edition ● EN 60950-1, 2nd edition
153779	C812G-CIFI-V-A-K9	routers	certifications	561c0f07d63e8571	true	family:mismatch	["UL 60950-1, 2nd edition","CAN/CSA C22.2 No. 60950-1, 2nd edition","EN 60950-1, 2nd edition"]	● UL 60950-1, 2nd edition ● CAN/CSA C22.2 No. 60950-1, 2nd edition ● EN 60950-1, 2nd edition
238973	IR809G-LTE-LA-K9	routers	emc_emissions	1b6724676304801a	true	family:mismatch	["FCC 47 CFR Part 15 Subpart C Class A EN 55032","CISPR 32 Class A","EN 55022 Class A VCCI Class A","AS","NZS CISPR 32 C	FCC 47 CFR Part 15 Subpart C Class A EN 55032/CISPR 32 Class A, EN 55022 Class A VCCI Class A, AS/NZS CISPR 32 Class A C
238974	IR809G-LTE-NA-K9	cloud-systems-management	emc_emissions	1b6724676304801a	true	class:software	["FCC 47 CFR Part 15 Subpart C Class A EN 55032","CISPR 32 Class A","EN 55022 Class A VCCI Class A","AS","NZS CISPR 32 C	FCC 47 CFR Part 15 Subpart C Class A EN 55032/CISPR 32 Class A, EN 55022 Class A VCCI Class A, AS/NZS CISPR 32 Class A C
238975	IR809G-LTE-GA-K9	routers	emc_emissions	1b6724676304801a	true	family:mismatch	["FCC 47 CFR Part 15 Subpart C Class A EN 55032","CISPR 32 Class A","EN 55022 Class A VCCI Class A","AS","NZS CISPR 32 C	FCC 47 CFR Part 15 Subpart C Class A EN 55032/CISPR 32 Class A, EN 55022 Class A VCCI Class A, AS/NZS CISPR 32 Class A C
238976	3G/4G	routers	emc_emissions	182e3672a258ad84	true	family:mismatch	["47 CFR Part 15 B EN 55032:2015 CISPR 32 Edition 2 CNS13438: 2006 EN 300 386 V1.6.1 EN61000-3-2: 2014 (AC Power Supply)	47 CFR Part 15 B EN 55032:2015 CISPR 32 Edition 2 CNS13438: 2006 EN 300 386 V1.6.1 EN61000-3-2: 2014 (AC Power Supply) E
238977	IR829GW-LTE-NA-AK9	routers	emc_emissions	182e3672a258ad84	true	family:mismatch	["47 CFR Part 15 B EN 55032:2015 CISPR 32 Edition 2 CNS13438: 2006 EN 300 386 V1.6.1 EN61000-3-2: 2014 (AC Power Supply)	47 CFR Part 15 B EN 55032:2015 CISPR 32 Edition 2 CNS13438: 2006 EN 300 386 V1.6.1 EN61000-3-2: 2014 (AC Power Supply) E
238978	IR829GW-LTE-VZ-AK9	routers	emc_emissions	182e3672a258ad84	true	family:mismatch	["47 CFR Part 15 B EN 55032:2015 CISPR 32 Edition 2 CNS13438: 2006 EN 300 386 V1.6.1 EN61000-3-2: 2014 (AC Power Supply)	47 CFR Part 15 B EN 55032:2015 CISPR 32 Edition 2 CNS13438: 2006 EN 300 386 V1.6.1 EN61000-3-2: 2014 (AC Power Supply) E
238992	CG522-E	routers	certifications	27af7fecc4bbf8ea	true	family:unknown	["UL 60950-1","CAN/CSA-C22.2 No. 60950-1","EN 62368-1","IEC 62368-1","EN 60950-1","IEC 60950-1","AS/NZS 60950-1 IEC/EN 6	UL 60950-1 CAN/CSA-C22.2 No. 60950-1 EN 62368-1 IEC 62368-1 EN 60950-1 IEC 60950-1 AS/NZS 60950-1 IEC/EN 60825 Laser Saf
238993	CG418-E	routers	certifications	27af7fecc4bbf8ea	true	family:unknown	["UL 60950-1","CAN/CSA-C22.2 No. 60950-1","EN 62368-1","IEC 62368-1","EN 60950-1","IEC 60950-1","AS/NZS 60950-1 IEC/EN 6	UL 60950-1 CAN/CSA-C22.2 No. 60950-1 EN 62368-1 IEC 62368-1 EN 60950-1 IEC 60950-1 AS/NZS 60950-1 IEC/EN 60825 Laser Saf
238994	CG113-4GW6x	routers	supported_protocols	8a809a45d23ecd5e	true	family:mismatch	["IPv4","Dynamic Host Configuration Protocol (DHCP)","DNS","Static IPv4","Network Address Translation (NAT)/Port Address	IPv4, Dynamic Host Configuration Protocol (DHCP), DNS, Static IPv4, Network Address Translation (NAT)/Port Address Trans
238995	CG113-W6x	routers	supported_protocols	8a809a45d23ecd5e	true	family:mismatch	["IPv4","Dynamic Host Configuration Protocol (DHCP)","DNS","Static IPv4","Network Address Translation (NAT)/Port Address	IPv4, Dynamic Host Configuration Protocol (DHCP), DNS, Static IPv4, Network Address Translation (NAT)/Port Address Trans
239004	N540-24Z8Q2C-SYS	routers	supported_protocols	f479514a178c24b1	true	family:mismatch	["Layer 2 forwarding","bridging Bridge Domains (BD) Ethernet Flow Point (EFP) IEEE 802.1Q VLANs","Q-in-Q Ethernet Link A	Layer 2 forwarding and bridging Bridge Domains (BD) Ethernet Flow Point (EFP) IEEE 802.1Q VLANs and Q-in-Q Ethernet Link
239005	N540-ACC-SYS	routers	supported_protocols	f479514a178c24b1	true	family:mismatch	["Layer 2 forwarding","bridging Bridge Domains (BD) Ethernet Flow Point (EFP) IEEE 802.1Q VLANs","Q-in-Q Ethernet Link A	Layer 2 forwarding and bridging Bridge Domains (BD) Ethernet Flow Point (EFP) IEEE 802.1Q VLANs and Q-in-Q Ethernet Link
239006	N540X-ACC-SYS	routers	supported_protocols	f479514a178c24b1	true	family:mismatch	["Layer 2 forwarding","bridging Bridge Domains (BD) Ethernet Flow Point (EFP) IEEE 802.1Q VLANs","Q-in-Q Ethernet Link A	Layer 2 forwarding and bridging Bridge Domains (BD) Ethernet Flow Point (EFP) IEEE 802.1Q VLANs and Q-in-Q Ethernet Link
239007	N540-24Z8Q2C-SYS	routers	certifications	f479514a178c24b1	true	family:mismatch	["47CFR Part 15 (CFR 47) Class A AS/NZS","CISPR22 Class A","CISPR22 Class A","EN55022 Class A","ICES003 Class A VCCI Cla	47CFR Part 15 (CFR 47) Class A AS/NZS CISPR22 Class A CISPR22 Class A EN55022 Class A ICES003 Class A VCCI Class A EN610
239008	N540-ACC-SYS	routers	certifications	f479514a178c24b1	true	family:mismatch	["47CFR Part 15 (CFR 47) Class A AS/NZS","CISPR22 Class A","CISPR22 Class A","EN55022 Class A","ICES003 Class A VCCI Cla	47CFR Part 15 (CFR 47) Class A AS/NZS CISPR22 Class A CISPR22 Class A EN55022 Class A ICES003 Class A VCCI Class A EN610
239009	N540X-ACC-SYS	routers	certifications	f479514a178c24b1	true	family:mismatch	["47CFR Part 15 (CFR 47) Class A AS/NZS","CISPR22 Class A","CISPR22 Class A","EN55022 Class A","ICES003 Class A VCCI Cla	47CFR Part 15 (CFR 47) Class A AS/NZS CISPR22 Class A CISPR22 Class A EN55022 Class A ICES003 Class A VCCI Class A EN610
239010	N540-6Z14S-SYS-D	routers	supported_protocols	2bd1acffb3643746	true	family:mismatch	["VPWS","VPLS","IRB/BVI v4/v6 Layer 2 forwarding","bridging Bridge Domains (BD) Ethernet Flow Point (EFP) IEEE 802.1Q VL	VPWS, VPLS, IRB/BVI v4/v6 Layer 2 forwarding and bridging Bridge Domains (BD) Ethernet Flow Point (EFP) IEEE 802.1Q VLAN
239011	N540-24Q8L2DD-SYS	routers	supported_protocols	4e88992fc80b83c6	true	family:mismatch	["Layer 2 forwarding","bridging Bridge Domains (BD) Ethernet Flow Point (EFP) IEEE 802.1Q VLANs","Q-in-Q Ethernet Link A	Layer 2 forwarding and bridging Bridge Domains (BD) Ethernet Flow Point (EFP) IEEE 802.1Q VLANs and Q-in-Q Ethernet Link
239012	N540-24Q2C2DD-SYS	routers	supported_protocols	4e88992fc80b83c6	true	family:mismatch	["Layer 2 forwarding","bridging Bridge Domains (BD) Ethernet Flow Point (EFP) IEEE 802.1Q VLANs","Q-in-Q Ethernet Link A	Layer 2 forwarding and bridging Bridge Domains (BD) Ethernet Flow Point (EFP) IEEE 802.1Q VLANs and Q-in-Q Ethernet Link
239013	N540-24Q2C2DD-SYS	routers	certifications	4e88992fc80b83c6	true	family:mismatch	["Designed to meet GR-63-CORE","GR-1089-CORE","47CFR Part 15 (CFR 47) Class A AS/NZS","CISPR22 Class A","CISPR22 Class A	Designed to meet GR-63-CORE and GR-1089-CORE ; 47CFR Part 15 (CFR 47) Class A AS/NZS CISPR22 Class A CISPR22 Class A EN5
239014	N540-24Q8L2DD-SYS	routers	certifications	4e88992fc80b83c6	true	family:mismatch	["Designed to meet GR-63-CORE","GR-1089-CORE","47CFR Part 15 (CFR 47) Class A AS/NZS","CISPR22 Class A","CISPR22 Class A	Designed to meet GR-63-CORE and GR-1089-CORE ; 47CFR Part 15 (CFR 47) Class A AS/NZS CISPR22 Class A CISPR22 Class A EN5
146668	C819HWD-A-K9	routers	certifications	eeedf4783e30b825	true	family:mismatch	["UL 60950-1, 2nd edition","CAN/CSA C22.2 No. 60950-1, 2nd edition","EN 60950-1, 2nd edition"]	● UL 60950-1, 2nd edition ● CAN/CSA C22.2 No. 60950-1, 2nd edition ● EN 60950-1, 2nd edition
153774	C812G-CIFI-S-A-K9	routers	certifications	561c0f07d63e8571	true	family:mismatch	["UL 60950-1, 2nd edition","CAN/CSA C22.2 No. 60950-1, 2nd edition","EN 60950-1, 2nd edition"]	● UL 60950-1, 2nd edition ● CAN/CSA C22.2 No. 60950-1, 2nd edition ● EN 60950-1, 2nd edition
205621	C886VAJ	routers	certifications	4fb41a26e3dd6255	true	family:mismatch	["47 CFR Part 15: 2006","CISPR22: 2005","EN300386: V1.3.3: 2005","EN55022: 2006","EN61000-3-2: 2000 [Inc amd 1 and 2]","	Emissions: ● 47 CFR Part 15: 2006 ● CISPR22: 2005 ● EN300386: V1.3.3: 2005 ● EN55022: 2006 ● EN61000-3-2: 2000 [Inc amd 
205622	C887VAM-W-E-K9	routers	certifications	4fb41a26e3dd6255	true	family:mismatch	["47 CFR Part 15: 2006","CISPR22: 2005","EN300386: V1.3.3: 2005","EN55022: 2006","EN61000-3-2: 2000 [Inc amd 1 and 2]","	Emissions: ● 47 CFR Part 15: 2006 ● CISPR22: 2005 ● EN300386: V1.3.3: 2005 ● EN55022: 2006 ● EN61000-3-2: 2000 [Inc amd 
205623	C888E-CUBE-K9	routers	certifications	4fb41a26e3dd6255	true	family:mismatch	["47 CFR Part 15: 2006","CISPR22: 2005","EN300386: V1.3.3: 2005","EN55022: 2006","EN61000-3-2: 2000 [Inc amd 1 and 2]","	Emissions: ● 47 CFR Part 15: 2006 ● CISPR22: 2005 ● EN300386: V1.3.3: 2005 ● EN55022: 2006 ● EN61000-3-2: 2000 [Inc amd 
205624	C888SRSTW-GN-A-K9	routers	certifications	4fb41a26e3dd6255	true	family:mismatch	["47 CFR Part 15: 2006","CISPR22: 2005","EN300386: V1.3.3: 2005","EN55022: 2006","EN61000-3-2: 2000 [Inc amd 1 and 2]","	Emissions: ● 47 CFR Part 15: 2006 ● CISPR22: 2005 ● EN300386: V1.3.3: 2005 ● EN55022: 2006 ● EN61000-3-2: 2000 [Inc amd 
205625	C881-V-K9	routers	certifications	4fb41a26e3dd6255	true	family:mismatch	["47 CFR Part 15: 2006","CISPR22: 2005","EN300386: V1.3.3: 2005","EN55022: 2006","EN61000-3-2: 2000 [Inc amd 1 and 2]","	Emissions: ● 47 CFR Part 15: 2006 ● CISPR22: 2005 ● EN300386: V1.3.3: 2005 ● EN55022: 2006 ● EN61000-3-2: 2000 [Inc amd 
205626	C881G-S-K9	routers	certifications	4fb41a26e3dd6255	true	family:mismatch	["47 CFR Part 15: 2006","CISPR22: 2005","EN300386: V1.3.3: 2005","EN55022: 2006","EN61000-3-2: 2000 [Inc amd 1 and 2]","	Emissions: ● 47 CFR Part 15: 2006 ● CISPR22: 2005 ● EN300386: V1.3.3: 2005 ● EN55022: 2006 ● EN61000-3-2: 2000 [Inc amd 
205627	C881G-V-K9	routers	certifications	4fb41a26e3dd6255	true	family:mismatch	["47 CFR Part 15: 2006","CISPR22: 2005","EN300386: V1.3.3: 2005","EN55022: 2006","EN61000-3-2: 2000 [Inc amd 1 and 2]","	Emissions: ● 47 CFR Part 15: 2006 ● CISPR22: 2005 ● EN300386: V1.3.3: 2005 ● EN55022: 2006 ● EN61000-3-2: 2000 [Inc amd 
205628	C886VA-W-E-K9	routers	certifications	4fb41a26e3dd6255	true	family:mismatch	["47 CFR Part 15: 2006","CISPR22: 2005","EN300386: V1.3.3: 2005","EN55022: 2006","EN61000-3-2: 2000 [Inc amd 1 and 2]","	Emissions: ● 47 CFR Part 15: 2006 ● CISPR22: 2005 ● EN300386: V1.3.3: 2005 ● EN55022: 2006 ● EN61000-3-2: 2000 [Inc amd 
205629	C887VA-CUBE-K9	routers	certifications	4fb41a26e3dd6255	true	family:mismatch	["47 CFR Part 15: 2006","CISPR22: 2005","EN300386: V1.3.3: 2005","EN55022: 2006","EN61000-3-2: 2000 [Inc amd 1 and 2]","	Emissions: ● 47 CFR Part 15: 2006 ● CISPR22: 2005 ● EN300386: V1.3.3: 2005 ● EN55022: 2006 ● EN61000-3-2: 2000 [Inc amd 
205630	C888SRSTW-GN-E-K9	routers	certifications	4fb41a26e3dd6255	true	family:mismatch	["47 CFR Part 15: 2006","CISPR22: 2005","EN300386: V1.3.3: 2005","EN55022: 2006","EN61000-3-2: 2000 [Inc amd 1 and 2]","	Emissions: ● 47 CFR Part 15: 2006 ● CISPR22: 2005 ● EN300386: V1.3.3: 2005 ● EN55022: 2006 ● EN61000-3-2: 2000 [Inc amd 
205631	C886VA	routers	certifications	4fb41a26e3dd6255	true	family:mismatch	["47 CFR Part 15: 2006","CISPR22: 2005","EN300386: V1.3.3: 2005","EN55022: 2006","EN61000-3-2: 2000 [Inc amd 1 and 2]","	Emissions: ● 47 CFR Part 15: 2006 ● CISPR22: 2005 ● EN300386: V1.3.3: 2005 ● EN55022: 2006 ● EN61000-3-2: 2000 [Inc amd 
205632	C887VA-V-W-E-K9	routers	certifications	4fb41a26e3dd6255	true	family:mismatch	["47 CFR Part 15: 2006","CISPR22: 2005","EN300386: V1.3.3: 2005","EN55022: 2006","EN61000-3-2: 2000 [Inc amd 1 and 2]","	Emissions: ● 47 CFR Part 15: 2006 ● CISPR22: 2005 ● EN300386: V1.3.3: 2005 ● EN55022: 2006 ● EN61000-3-2: 2000 [Inc amd 
205633	C887VA-W-A-K9	routers	certifications	4fb41a26e3dd6255	true	family:mismatch	["47 CFR Part 15: 2006","CISPR22: 2005","EN300386: V1.3.3: 2005","EN55022: 2006","EN61000-3-2: 2000 [Inc amd 1 and 2]","	Emissions: ● 47 CFR Part 15: 2006 ● CISPR22: 2005 ● EN300386: V1.3.3: 2005 ● EN55022: 2006 ● EN61000-3-2: 2000 [Inc amd 
205634	C887VAMG+7-K9	routers	certifications	4fb41a26e3dd6255	true	family:mismatch	["47 CFR Part 15: 2006","CISPR22: 2005","EN300386: V1.3.3: 2005","EN55022: 2006","EN61000-3-2: 2000 [Inc amd 1 and 2]","	Emissions: ● 47 CFR Part 15: 2006 ● CISPR22: 2005 ● EN300386: V1.3.3: 2005 ● EN55022: 2006 ● EN61000-3-2: 2000 [Inc amd 
205635	C888EG+7-K9	routers	certifications	4fb41a26e3dd6255	true	family:mismatch	["47 CFR Part 15: 2006","CISPR22: 2005","EN300386: V1.3.3: 2005","EN55022: 2006","EN61000-3-2: 2000 [Inc amd 1 and 2]","	Emissions: ● 47 CFR Part 15: 2006 ● CISPR22: 2005 ● EN300386: V1.3.3: 2005 ● EN55022: 2006 ● EN61000-3-2: 2000 [Inc amd 
205636	C881SRST-K9	routers	certifications	4fb41a26e3dd6255	true	family:mismatch	["47 CFR Part 15: 2006","CISPR22: 2005","EN300386: V1.3.3: 2005","EN55022: 2006","EN61000-3-2: 2000 [Inc amd 1 and 2]","	Emissions: ● 47 CFR Part 15: 2006 ● CISPR22: 2005 ● EN300386: V1.3.3: 2005 ● EN55022: 2006 ● EN61000-3-2: 2000 [Inc amd 
205637	C881SRSTW-GN-A-K9	routers	certifications	4fb41a26e3dd6255	true	family:mismatch	["47 CFR Part 15: 2006","CISPR22: 2005","EN300386: V1.3.3: 2005","EN55022: 2006","EN61000-3-2: 2000 [Inc amd 1 and 2]","	Emissions: ● 47 CFR Part 15: 2006 ● CISPR22: 2005 ● EN300386: V1.3.3: 2005 ● EN55022: 2006 ● EN61000-3-2: 2000 [Inc amd 
205638	C881-K9	routers	certifications	4fb41a26e3dd6255	true	family:mismatch	["47 CFR Part 15: 2006","CISPR22: 2005","EN300386: V1.3.3: 2005","EN55022: 2006","EN61000-3-2: 2000 [Inc amd 1 and 2]","	Emissions: ● 47 CFR Part 15: 2006 ● CISPR22: 2005 ● EN300386: V1.3.3: 2005 ● EN55022: 2006 ● EN61000-3-2: 2000 [Inc amd 
205639	C881G+7-K9	routers	certifications	4fb41a26e3dd6255	true	family:mismatch	["47 CFR Part 15: 2006","CISPR22: 2005","EN300386: V1.3.3: 2005","EN55022: 2006","EN61000-3-2: 2000 [Inc amd 1 and 2]","	Emissions: ● 47 CFR Part 15: 2006 ● CISPR22: 2005 ● EN300386: V1.3.3: 2005 ● EN55022: 2006 ● EN61000-3-2: 2000 [Inc amd 
205640	C881W-GN-E-K9	routers	certifications	4fb41a26e3dd6255	true	family:mismatch	["47 CFR Part 15: 2006","CISPR22: 2005","EN300386: V1.3.3: 2005","EN55022: 2006","EN61000-3-2: 2000 [Inc amd 1 and 2]","	Emissions: ● 47 CFR Part 15: 2006 ● CISPR22: 2005 ● EN300386: V1.3.3: 2005 ● EN55022: 2006 ● EN61000-3-2: 2000 [Inc amd 
205641	C887VAM	routers	certifications	4fb41a26e3dd6255	true	family:mismatch	["47 CFR Part 15: 2006","CISPR22: 2005","EN300386: V1.3.3: 2005","EN55022: 2006","EN61000-3-2: 2000 [Inc amd 1 and 2]","	Emissions: ● 47 CFR Part 15: 2006 ● CISPR22: 2005 ● EN300386: V1.3.3: 2005 ● EN55022: 2006 ● EN61000-3-2: 2000 [Inc amd 
205642	C888-K9	routers	certifications	4fb41a26e3dd6255	true	family:mismatch	["47 CFR Part 15: 2006","CISPR22: 2005","EN300386: V1.3.3: 2005","EN55022: 2006","EN61000-3-2: 2000 [Inc amd 1 and 2]","	Emissions: ● 47 CFR Part 15: 2006 ● CISPR22: 2005 ● EN300386: V1.3.3: 2005 ● EN55022: 2006 ● EN61000-3-2: 2000 [Inc amd 
205643	C887VA-V-K9	routers	certifications	4fb41a26e3dd6255	true	family:mismatch	["47 CFR Part 15: 2006","CISPR22: 2005","EN300386: V1.3.3: 2005","EN55022: 2006","EN61000-3-2: 2000 [Inc amd 1 and 2]","	Emissions: ● 47 CFR Part 15: 2006 ● CISPR22: 2005 ● EN300386: V1.3.3: 2005 ● EN55022: 2006 ● EN61000-3-2: 2000 [Inc amd 
205644	C887VAG-S-K9	routers	certifications	4fb41a26e3dd6255	true	family:mismatch	["47 CFR Part 15: 2006","CISPR22: 2005","EN300386: V1.3.3: 2005","EN55022: 2006","EN61000-3-2: 2000 [Inc amd 1 and 2]","	Emissions: ● 47 CFR Part 15: 2006 ● CISPR22: 2005 ● EN300386: V1.3.3: 2005 ● EN55022: 2006 ● EN61000-3-2: 2000 [Inc amd 
205645	C888EA-K9	routers	certifications	4fb41a26e3dd6255	true	family:mismatch	["47 CFR Part 15: 2006","CISPR22: 2005","EN300386: V1.3.3: 2005","EN55022: 2006","EN61000-3-2: 2000 [Inc amd 1 and 2]","	Emissions: ● 47 CFR Part 15: 2006 ● CISPR22: 2005 ● EN300386: V1.3.3: 2005 ● EN55022: 2006 ● EN61000-3-2: 2000 [Inc amd 
205646	C881-CUBE-K9	routers	certifications	4fb41a26e3dd6255	true	family:mismatch	["47 CFR Part 15: 2006","CISPR22: 2005","EN300386: V1.3.3: 2005","EN55022: 2006","EN61000-3-2: 2000 [Inc amd 1 and 2]","	Emissions: ● 47 CFR Part 15: 2006 ● CISPR22: 2005 ● EN300386: V1.3.3: 2005 ● EN55022: 2006 ● EN61000-3-2: 2000 [Inc amd 
205647	C881G+7-A-K9	routers	certifications	4fb41a26e3dd6255	true	family:mismatch	["47 CFR Part 15: 2006","CISPR22: 2005","EN300386: V1.3.3: 2005","EN55022: 2006","EN61000-3-2: 2000 [Inc amd 1 and 2]","	Emissions: ● 47 CFR Part 15: 2006 ● CISPR22: 2005 ● EN300386: V1.3.3: 2005 ● EN55022: 2006 ● EN61000-3-2: 2000 [Inc amd 
205648	C886VA-CUBE-K9	routers	certifications	4fb41a26e3dd6255	true	family:mismatch	["47 CFR Part 15: 2006","CISPR22: 2005","EN300386: V1.3.3: 2005","EN55022: 2006","EN61000-3-2: 2000 [Inc amd 1 and 2]","	Emissions: ● 47 CFR Part 15: 2006 ● CISPR22: 2005 ● EN300386: V1.3.3: 2005 ● EN55022: 2006 ● EN61000-3-2: 2000 [Inc amd 
205649	C887VAG+7-K9	routers	certifications	4fb41a26e3dd6255	true	family:mismatch	["47 CFR Part 15: 2006","CISPR22: 2005","EN300386: V1.3.3: 2005","EN55022: 2006","EN61000-3-2: 2000 [Inc amd 1 and 2]","	Emissions: ● 47 CFR Part 15: 2006 ● CISPR22: 2005 ● EN300386: V1.3.3: 2005 ● EN55022: 2006 ● EN61000-3-2: 2000 [Inc amd 
205650	C881G-U-K9	routers	certifications	4fb41a26e3dd6255	true	family:mismatch	["47 CFR Part 15: 2006","CISPR22: 2005","EN300386: V1.3.3: 2005","EN55022: 2006","EN61000-3-2: 2000 [Inc amd 1 and 2]","	Emissions: ● 47 CFR Part 15: 2006 ● CISPR22: 2005 ● EN300386: V1.3.3: 2005 ● EN55022: 2006 ● EN61000-3-2: 2000 [Inc amd 
205651	C881W-GN-P-K9	routers	certifications	4fb41a26e3dd6255	true	family:mismatch	["47 CFR Part 15: 2006","CISPR22: 2005","EN300386: V1.3.3: 2005","EN55022: 2006","EN61000-3-2: 2000 [Inc amd 1 and 2]","	Emissions: ● 47 CFR Part 15: 2006 ● CISPR22: 2005 ● EN300386: V1.3.3: 2005 ● EN55022: 2006 ● EN61000-3-2: 2000 [Inc amd 
205652	C888	routers	certifications	4fb41a26e3dd6255	true	family:mismatch	["47 CFR Part 15: 2006","CISPR22: 2005","EN300386: V1.3.3: 2005","EN55022: 2006","EN61000-3-2: 2000 [Inc amd 1 and 2]","	Emissions: ● 47 CFR Part 15: 2006 ● CISPR22: 2005 ● EN300386: V1.3.3: 2005 ● EN55022: 2006 ● EN61000-3-2: 2000 [Inc amd 
205653	C887	routers	certifications	4fb41a26e3dd6255	true	family:mismatch	["47 CFR Part 15: 2006","CISPR22: 2005","EN300386: V1.3.3: 2005","EN55022: 2006","EN61000-3-2: 2000 [Inc amd 1 and 2]","	Emissions: ● 47 CFR Part 15: 2006 ● CISPR22: 2005 ● EN300386: V1.3.3: 2005 ● EN55022: 2006 ● EN61000-3-2: 2000 [Inc amd 
205654	C881	routers	certifications	4fb41a26e3dd6255	true	family:mismatch	["47 CFR Part 15: 2006","CISPR22: 2005","EN300386: V1.3.3: 2005","EN55022: 2006","EN61000-3-2: 2000 [Inc amd 1 and 2]","	Emissions: ● 47 CFR Part 15: 2006 ● CISPR22: 2005 ● EN300386: V1.3.3: 2005 ● EN55022: 2006 ● EN61000-3-2: 2000 [Inc amd 
205655	C881SRSTW-GN-E-K9	routers	certifications	4fb41a26e3dd6255	true	family:mismatch	["47 CFR Part 15: 2006","CISPR22: 2005","EN300386: V1.3.3: 2005","EN55022: 2006","EN61000-3-2: 2000 [Inc amd 1 and 2]","	Emissions: ● 47 CFR Part 15: 2006 ● CISPR22: 2005 ● EN300386: V1.3.3: 2005 ● EN55022: 2006 ● EN61000-3-2: 2000 [Inc amd 
205656	C881W-GN-A-K9	routers	certifications	4fb41a26e3dd6255	true	family:mismatch	["47 CFR Part 15: 2006","CISPR22: 2005","EN300386: V1.3.3: 2005","EN55022: 2006","EN61000-3-2: 2000 [Inc amd 1 and 2]","	Emissions: ● 47 CFR Part 15: 2006 ● CISPR22: 2005 ● EN300386: V1.3.3: 2005 ● EN55022: 2006 ● EN61000-3-2: 2000 [Inc amd 
205657	C887VA-W-E-K9	routers	certifications	4fb41a26e3dd6255	true	family:mismatch	["47 CFR Part 15: 2006","CISPR22: 2005","EN300386: V1.3.3: 2005","EN55022: 2006","EN61000-3-2: 2000 [Inc amd 1 and 2]","	Emissions: ● 47 CFR Part 15: 2006 ● CISPR22: 2005 ● EN300386: V1.3.3: 2005 ● EN55022: 2006 ● EN61000-3-2: 2000 [Inc amd 
205658	C888-CUBE-K9	routers	certifications	4fb41a26e3dd6255	true	family:mismatch	["47 CFR Part 15: 2006","CISPR22: 2005","EN300386: V1.3.3: 2005","EN55022: 2006","EN61000-3-2: 2000 [Inc amd 1 and 2]","	Emissions: ● 47 CFR Part 15: 2006 ● CISPR22: 2005 ● EN300386: V1.3.3: 2005 ● EN55022: 2006 ● EN61000-3-2: 2000 [Inc amd 
205659	C888SRST-K9	routers	certifications	4fb41a26e3dd6255	true	family:mismatch	["47 CFR Part 15: 2006","CISPR22: 2005","EN300386: V1.3.3: 2005","EN55022: 2006","EN61000-3-2: 2000 [Inc amd 1 and 2]","	Emissions: ● 47 CFR Part 15: 2006 ● CISPR22: 2005 ● EN300386: V1.3.3: 2005 ● EN55022: 2006 ● EN61000-3-2: 2000 [Inc amd 
205660	C886VAG+7-K9	routers	certifications	4fb41a26e3dd6255	true	family:mismatch	["47 CFR Part 15: 2006","CISPR22: 2005","EN300386: V1.3.3: 2005","EN55022: 2006","EN61000-3-2: 2000 [Inc amd 1 and 2]","	Emissions: ● 47 CFR Part 15: 2006 ● CISPR22: 2005 ● EN300386: V1.3.3: 2005 ● EN55022: 2006 ● EN61000-3-2: 2000 [Inc amd 
205800	CISCO861W-GN-A-K9	routers	certifications	4e02e9b6f92bde03	true	family:mismatch	["IEC 60950-1:2005, Second Edition, with all country deviations","AS/NZS 60950-1:2003, First Edition","CAN/CSA 22.2 No. 	● IEC 60950-1:2005, Second Edition, with all country deviations ● AS/NZS 60950-1:2003, First Edition ● CAN/CSA 22.2 No. 
205803	CISCO861W-GN-E-K9	routers	certifications	4e02e9b6f92bde03	true	family:mismatch	["IEC 60950-1:2005, Second Edition, with all country deviations","AS/NZS 60950-1:2003, First Edition","CAN/CSA 22.2 No. 	● IEC 60950-1:2005, Second Edition, with all country deviations ● AS/NZS 60950-1:2003, First Edition ● CAN/CSA 22.2 No. 
205805	CISCO861W-GN-P-K9	routers	certifications	4e02e9b6f92bde03	true	family:mismatch	["IEC 60950-1:2005, Second Edition, with all country deviations","AS/NZS 60950-1:2003, First Edition","CAN/CSA 22.2 No. 	● IEC 60950-1:2005, Second Edition, with all country deviations ● AS/NZS 60950-1:2003, First Edition ● CAN/CSA 22.2 No. 
205816	CISCO861-K9	routers	certifications	4e02e9b6f92bde03	true	family:mismatch	["IEC 60950-1:2005, Second Edition, with all country deviations","AS/NZS 60950-1:2003, First Edition","CAN/CSA 22.2 No. 	● IEC 60950-1:2005, Second Edition, with all country deviations ● AS/NZS 60950-1:2003, First Edition ● CAN/CSA 22.2 No. 
205817	CISCO881-K9	routers	certifications	4fb41a26e3dd6255	true	family:mismatch	["47 CFR Part 15: 2006","CISPR22: 2005","EN300386: V1.3.3: 2005","EN55022: 2006","EN61000-3-2: 2000 [Inc amd 1 and 2]","	Emissions: ● 47 CFR Part 15: 2006 ● CISPR22: 2005 ● EN300386: V1.3.3: 2005 ● EN55022: 2006 ● EN61000-3-2: 2000 [Inc amd 
205818	CISCO888W-GN-A-K9	routers	certifications	4fb41a26e3dd6255	true	family:mismatch	["47 CFR Part 15: 2006","CISPR22: 2005","EN300386: V1.3.3: 2005","EN55022: 2006","EN61000-3-2: 2000 [Inc amd 1 and 2]","	Emissions: ● 47 CFR Part 15: 2006 ● CISPR22: 2005 ● EN300386: V1.3.3: 2005 ● EN55022: 2006 ● EN61000-3-2: 2000 [Inc amd 
205819	CISCO886W-GN-E-K9	routers	certifications	4fb41a26e3dd6255	true	family:mismatch	["47 CFR Part 15: 2006","CISPR22: 2005","EN300386: V1.3.3: 2005","EN55022: 2006","EN61000-3-2: 2000 [Inc amd 1 and 2]","	Emissions: ● 47 CFR Part 15: 2006 ● CISPR22: 2005 ● EN300386: V1.3.3: 2005 ● EN55022: 2006 ● EN61000-3-2: 2000 [Inc amd 
205820	CISCO887VG-K9	routers	certifications	4fb41a26e3dd6255	true	family:mismatch	["47 CFR Part 15: 2006","CISPR22: 2005","EN300386: V1.3.3: 2005","EN55022: 2006","EN61000-3-2: 2000 [Inc amd 1 and 2]","	Emissions: ● 47 CFR Part 15: 2006 ● CISPR22: 2005 ● EN300386: V1.3.3: 2005 ● EN55022: 2006 ● EN61000-3-2: 2000 [Inc amd 
205821	CISCO888GW-G-NE-K9	routers	certifications	4fb41a26e3dd6255	true	family:mismatch	["47 CFR Part 15: 2006","CISPR22: 2005","EN300386: V1.3.3: 2005","EN55022: 2006","EN61000-3-2: 2000 [Inc amd 1 and 2]","	Emissions: ● 47 CFR Part 15: 2006 ● CISPR22: 2005 ● EN300386: V1.3.3: 2005 ● EN55022: 2006 ● EN61000-3-2: 2000 [Inc amd 
205822	CISCO888-SEC-K9	routers	certifications	4fb41a26e3dd6255	true	family:mismatch	["47 CFR Part 15: 2006","CISPR22: 2005","EN300386: V1.3.3: 2005","EN55022: 2006","EN61000-3-2: 2000 [Inc amd 1 and 2]","	Emissions: ● 47 CFR Part 15: 2006 ● CISPR22: 2005 ● EN300386: V1.3.3: 2005 ● EN55022: 2006 ● EN61000-3-2: 2000 [Inc amd 
205823	CISCO888EW-GN-E-K9	routers	certifications	4fb41a26e3dd6255	true	family:mismatch	["47 CFR Part 15: 2006","CISPR22: 2005","EN300386: V1.3.3: 2005","EN55022: 2006","EN61000-3-2: 2000 [Inc amd 1 and 2]","	Emissions: ● 47 CFR Part 15: 2006 ● CISPR22: 2005 ● EN300386: V1.3.3: 2005 ● EN55022: 2006 ● EN61000-3-2: 2000 [Inc amd 
205824	CISCO881-SEC-K9	routers	certifications	4fb41a26e3dd6255	true	family:mismatch	["47 CFR Part 15: 2006","CISPR22: 2005","EN300386: V1.3.3: 2005","EN55022: 2006","EN61000-3-2: 2000 [Inc amd 1 and 2]","	Emissions: ● 47 CFR Part 15: 2006 ● CISPR22: 2005 ● EN300386: V1.3.3: 2005 ● EN55022: 2006 ● EN61000-3-2: 2000 [Inc amd 
205825	CISCO881G-K9	routers	certifications	4fb41a26e3dd6255	true	family:mismatch	["47 CFR Part 15: 2006","CISPR22: 2005","EN300386: V1.3.3: 2005","EN55022: 2006","EN61000-3-2: 2000 [Inc amd 1 and 2]","	Emissions: ● 47 CFR Part 15: 2006 ● CISPR22: 2005 ● EN300386: V1.3.3: 2005 ● EN55022: 2006 ● EN61000-3-2: 2000 [Inc amd 
205826	CISCO886G-K9	routers	certifications	4fb41a26e3dd6255	true	family:mismatch	["47 CFR Part 15: 2006","CISPR22: 2005","EN300386: V1.3.3: 2005","EN55022: 2006","EN61000-3-2: 2000 [Inc amd 1 and 2]","	Emissions: ● 47 CFR Part 15: 2006 ● CISPR22: 2005 ● EN300386: V1.3.3: 2005 ● EN55022: 2006 ● EN61000-3-2: 2000 [Inc amd 
205827	CISCO887V-SEC-K9	routers	certifications	4fb41a26e3dd6255	true	family:mismatch	["47 CFR Part 15: 2006","CISPR22: 2005","EN300386: V1.3.3: 2005","EN55022: 2006","EN61000-3-2: 2000 [Inc amd 1 and 2]","	Emissions: ● 47 CFR Part 15: 2006 ● CISPR22: 2005 ● EN300386: V1.3.3: 2005 ● EN55022: 2006 ● EN61000-3-2: 2000 [Inc amd 
205828	CISCO888EW-GN-A-K9	routers	certifications	4fb41a26e3dd6255	true	family:mismatch	["47 CFR Part 15: 2006","CISPR22: 2005","EN300386: V1.3.3: 2005","EN55022: 2006","EN61000-3-2: 2000 [Inc amd 1 and 2]","	Emissions: ● 47 CFR Part 15: 2006 ● CISPR22: 2005 ● EN300386: V1.3.3: 2005 ● EN55022: 2006 ● EN61000-3-2: 2000 [Inc amd 
205829	CISCO888G-K9	routers	certifications	4fb41a26e3dd6255	true	family:mismatch	["47 CFR Part 15: 2006","CISPR22: 2005","EN300386: V1.3.3: 2005","EN55022: 2006","EN61000-3-2: 2000 [Inc amd 1 and 2]","	Emissions: ● 47 CFR Part 15: 2006 ● CISPR22: 2005 ● EN300386: V1.3.3: 2005 ● EN55022: 2006 ● EN61000-3-2: 2000 [Inc amd 
205830	CISCO887VGW-GNA-K9	routers	certifications	4fb41a26e3dd6255	true	family:mismatch	["47 CFR Part 15: 2006","CISPR22: 2005","EN300386: V1.3.3: 2005","EN55022: 2006","EN61000-3-2: 2000 [Inc amd 1 and 2]","	Emissions: ● 47 CFR Part 15: 2006 ● CISPR22: 2005 ● EN300386: V1.3.3: 2005 ● EN55022: 2006 ● EN61000-3-2: 2000 [Inc amd 
205831	CISCO888W-GN-E-K9	routers	certifications	4fb41a26e3dd6255	true	family:mismatch	["47 CFR Part 15: 2006","CISPR22: 2005","EN300386: V1.3.3: 2005","EN55022: 2006","EN61000-3-2: 2000 [Inc amd 1 and 2]","	Emissions: ● 47 CFR Part 15: 2006 ● CISPR22: 2005 ● EN300386: V1.3.3: 2005 ● EN55022: 2006 ● EN61000-3-2: 2000 [Inc amd 
205832	CISCO881GW-GN-A-K9	routers	certifications	4fb41a26e3dd6255	true	family:mismatch	["47 CFR Part 15: 2006","CISPR22: 2005","EN300386: V1.3.3: 2005","EN55022: 2006","EN61000-3-2: 2000 [Inc amd 1 and 2]","	Emissions: ● 47 CFR Part 15: 2006 ● CISPR22: 2005 ● EN300386: V1.3.3: 2005 ● EN55022: 2006 ● EN61000-3-2: 2000 [Inc amd 
205833	CISCO887-K9	routers	certifications	4fb41a26e3dd6255	true	family:mismatch	["47 CFR Part 15: 2006","CISPR22: 2005","EN300386: V1.3.3: 2005","EN55022: 2006","EN61000-3-2: 2000 [Inc amd 1 and 2]","	Emissions: ● 47 CFR Part 15: 2006 ● CISPR22: 2005 ● EN300386: V1.3.3: 2005 ● EN55022: 2006 ● EN61000-3-2: 2000 [Inc amd 
205834	CISCO887V-K9	routers	certifications	4fb41a26e3dd6255	true	family:mismatch	["47 CFR Part 15: 2006","CISPR22: 2005","EN300386: V1.3.3: 2005","EN55022: 2006","EN61000-3-2: 2000 [Inc amd 1 and 2]","	Emissions: ● 47 CFR Part 15: 2006 ● CISPR22: 2005 ● EN300386: V1.3.3: 2005 ● EN55022: 2006 ● EN61000-3-2: 2000 [Inc amd 
205835	CISCO887W-GN-E-K9	routers	certifications	4fb41a26e3dd6255	true	family:mismatch	["47 CFR Part 15: 2006","CISPR22: 2005","EN300386: V1.3.3: 2005","EN55022: 2006","EN61000-3-2: 2000 [Inc amd 1 and 2]","	Emissions: ● 47 CFR Part 15: 2006 ● CISPR22: 2005 ● EN300386: V1.3.3: 2005 ● EN55022: 2006 ● EN61000-3-2: 2000 [Inc amd 
205836	CISCO888E-K9	routers	certifications	4fb41a26e3dd6255	true	family:mismatch	["47 CFR Part 15: 2006","CISPR22: 2005","EN300386: V1.3.3: 2005","EN55022: 2006","EN61000-3-2: 2000 [Inc amd 1 and 2]","	Emissions: ● 47 CFR Part 15: 2006 ● CISPR22: 2005 ● EN300386: V1.3.3: 2005 ● EN55022: 2006 ● EN61000-3-2: 2000 [Inc amd 
205837	CISCO887G-K9	routers	certifications	4fb41a26e3dd6255	true	family:mismatch	["47 CFR Part 15: 2006","CISPR22: 2005","EN300386: V1.3.3: 2005","EN55022: 2006","EN61000-3-2: 2000 [Inc amd 1 and 2]","	Emissions: ● 47 CFR Part 15: 2006 ● CISPR22: 2005 ● EN300386: V1.3.3: 2005 ● EN55022: 2006 ● EN61000-3-2: 2000 [Inc amd 
205838	CISCO887GW-GN-A-K9	routers	certifications	4fb41a26e3dd6255	true	family:mismatch	["47 CFR Part 15: 2006","CISPR22: 2005","EN300386: V1.3.3: 2005","EN55022: 2006","EN61000-3-2: 2000 [Inc amd 1 and 2]","	Emissions: ● 47 CFR Part 15: 2006 ● CISPR22: 2005 ● EN300386: V1.3.3: 2005 ● EN55022: 2006 ● EN61000-3-2: 2000 [Inc amd 
205839	CISCO887VW-GNE-K9	routers	certifications	4fb41a26e3dd6255	true	family:mismatch	["47 CFR Part 15: 2006","CISPR22: 2005","EN300386: V1.3.3: 2005","EN55022: 2006","EN61000-3-2: 2000 [Inc amd 1 and 2]","	Emissions: ● 47 CFR Part 15: 2006 ● CISPR22: 2005 ● EN300386: V1.3.3: 2005 ● EN55022: 2006 ● EN61000-3-2: 2000 [Inc amd 
205840	CISCO886-SEC-K9	routers	certifications	4fb41a26e3dd6255	true	family:mismatch	["47 CFR Part 15: 2006","CISPR22: 2005","EN300386: V1.3.3: 2005","EN55022: 2006","EN61000-3-2: 2000 [Inc amd 1 and 2]","	Emissions: ● 47 CFR Part 15: 2006 ● CISPR22: 2005 ● EN300386: V1.3.3: 2005 ● EN55022: 2006 ● EN61000-3-2: 2000 [Inc amd 
205841	CISCO887GW-GN-E-K9	routers	certifications	4fb41a26e3dd6255	true	family:mismatch	["47 CFR Part 15: 2006","CISPR22: 2005","EN300386: V1.3.3: 2005","EN55022: 2006","EN61000-3-2: 2000 [Inc amd 1 and 2]","	Emissions: ● 47 CFR Part 15: 2006 ● CISPR22: 2005 ● EN300386: V1.3.3: 2005 ● EN55022: 2006 ● EN61000-3-2: 2000 [Inc amd 
205842	CISCO881G-S-K9	routers	certifications	4fb41a26e3dd6255	true	family:mismatch	["47 CFR Part 15: 2006","CISPR22: 2005","EN300386: V1.3.3: 2005","EN55022: 2006","EN61000-3-2: 2000 [Inc amd 1 and 2]","	Emissions: ● 47 CFR Part 15: 2006 ● CISPR22: 2005 ● EN300386: V1.3.3: 2005 ● EN55022: 2006 ● EN61000-3-2: 2000 [Inc amd 
205843	CISCO886GW-GN-E-K9	routers	certifications	4fb41a26e3dd6255	true	family:mismatch	["47 CFR Part 15: 2006","CISPR22: 2005","EN300386: V1.3.3: 2005","EN55022: 2006","EN61000-3-2: 2000 [Inc amd 1 and 2]","	Emissions: ● 47 CFR Part 15: 2006 ● CISPR22: 2005 ● EN300386: V1.3.3: 2005 ● EN55022: 2006 ● EN61000-3-2: 2000 [Inc amd 
205844	CISCO887VW-GNA-K9	routers	certifications	4fb41a26e3dd6255	true	family:mismatch	["47 CFR Part 15: 2006","CISPR22: 2005","EN300386: V1.3.3: 2005","EN55022: 2006","EN61000-3-2: 2000 [Inc amd 1 and 2]","	Emissions: ● 47 CFR Part 15: 2006 ● CISPR22: 2005 ● EN300386: V1.3.3: 2005 ● EN55022: 2006 ● EN61000-3-2: 2000 [Inc amd 
205845	CISCO881W-GN-E-K9	routers	certifications	4fb41a26e3dd6255	true	family:mismatch	["47 CFR Part 15: 2006","CISPR22: 2005","EN300386: V1.3.3: 2005","EN55022: 2006","EN61000-3-2: 2000 [Inc amd 1 and 2]","	Emissions: ● 47 CFR Part 15: 2006 ● CISPR22: 2005 ● EN300386: V1.3.3: 2005 ● EN55022: 2006 ● EN61000-3-2: 2000 [Inc amd 
205846	CISCO886-K9	routers	certifications	4fb41a26e3dd6255	true	family:mismatch	["47 CFR Part 15: 2006","CISPR22: 2005","EN300386: V1.3.3: 2005","EN55022: 2006","EN61000-3-2: 2000 [Inc amd 1 and 2]","	Emissions: ● 47 CFR Part 15: 2006 ● CISPR22: 2005 ● EN300386: V1.3.3: 2005 ● EN55022: 2006 ● EN61000-3-2: 2000 [Inc amd 
205847	CISCO881GW-GN-E-K9	routers	certifications	4fb41a26e3dd6255	true	family:mismatch	["47 CFR Part 15: 2006","CISPR22: 2005","EN300386: V1.3.3: 2005","EN55022: 2006","EN61000-3-2: 2000 [Inc amd 1 and 2]","	Emissions: ● 47 CFR Part 15: 2006 ● CISPR22: 2005 ● EN300386: V1.3.3: 2005 ● EN55022: 2006 ● EN61000-3-2: 2000 [Inc amd 
205848	CISCO881W-GN-P-K9	routers	certifications	4fb41a26e3dd6255	true	family:mismatch	["47 CFR Part 15: 2006","CISPR22: 2005","EN300386: V1.3.3: 2005","EN55022: 2006","EN61000-3-2: 2000 [Inc amd 1 and 2]","	Emissions: ● 47 CFR Part 15: 2006 ● CISPR22: 2005 ● EN300386: V1.3.3: 2005 ● EN55022: 2006 ● EN61000-3-2: 2000 [Inc amd 
205849	CISCO887MW-GN-E-K9	routers	certifications	4fb41a26e3dd6255	true	family:mismatch	["47 CFR Part 15: 2006","CISPR22: 2005","EN300386: V1.3.3: 2005","EN55022: 2006","EN61000-3-2: 2000 [Inc amd 1 and 2]","	Emissions: ● 47 CFR Part 15: 2006 ● CISPR22: 2005 ● EN300386: V1.3.3: 2005 ● EN55022: 2006 ● EN61000-3-2: 2000 [Inc amd 
205850	CISCO881G-V-K9	routers	certifications	4fb41a26e3dd6255	true	family:mismatch	["47 CFR Part 15: 2006","CISPR22: 2005","EN300386: V1.3.3: 2005","EN55022: 2006","EN61000-3-2: 2000 [Inc amd 1 and 2]","	Emissions: ● 47 CFR Part 15: 2006 ● CISPR22: 2005 ● EN300386: V1.3.3: 2005 ● EN55022: 2006 ● EN61000-3-2: 2000 [Inc amd 
205851	CISCO881W-GN-A-K9	routers	certifications	4fb41a26e3dd6255	true	family:mismatch	["47 CFR Part 15: 2006","CISPR22: 2005","EN300386: V1.3.3: 2005","EN55022: 2006","EN61000-3-2: 2000 [Inc amd 1 and 2]","	Emissions: ● 47 CFR Part 15: 2006 ● CISPR22: 2005 ● EN300386: V1.3.3: 2005 ● EN55022: 2006 ● EN61000-3-2: 2000 [Inc amd 
205852	CISCO888-K9	routers	certifications	4fb41a26e3dd6255	true	family:mismatch	["47 CFR Part 15: 2006","CISPR22: 2005","EN300386: V1.3.3: 2005","EN55022: 2006","EN61000-3-2: 2000 [Inc amd 1 and 2]","	Emissions: ● 47 CFR Part 15: 2006 ● CISPR22: 2005 ● EN300386: V1.3.3: 2005 ● EN55022: 2006 ● EN61000-3-2: 2000 [Inc amd 
205853	CISCO881G-A-K9	routers	certifications	4fb41a26e3dd6255	true	family:mismatch	["47 CFR Part 15: 2006","CISPR22: 2005","EN300386: V1.3.3: 2005","EN55022: 2006","EN61000-3-2: 2000 [Inc amd 1 and 2]","	Emissions: ● 47 CFR Part 15: 2006 ● CISPR22: 2005 ● EN300386: V1.3.3: 2005 ● EN55022: 2006 ● EN61000-3-2: 2000 [Inc amd 
205854	CISCO887VGW-GNE-K9	routers	certifications	4fb41a26e3dd6255	true	family:mismatch	["47 CFR Part 15: 2006","CISPR22: 2005","EN300386: V1.3.3: 2005","EN55022: 2006","EN61000-3-2: 2000 [Inc amd 1 and 2]","	Emissions: ● 47 CFR Part 15: 2006 ● CISPR22: 2005 ● EN300386: V1.3.3: 2005 ● EN55022: 2006 ● EN61000-3-2: 2000 [Inc amd 
205855	CISCO888GW-G-NA-K9	routers	certifications	4fb41a26e3dd6255	true	family:mismatch	["47 CFR Part 15: 2006","CISPR22: 2005","EN300386: V1.3.3: 2005","EN55022: 2006","EN61000-3-2: 2000 [Inc amd 1 and 2]","	Emissions: ● 47 CFR Part 15: 2006 ● CISPR22: 2005 ● EN300386: V1.3.3: 2005 ● EN55022: 2006 ● EN61000-3-2: 2000 [Inc amd 
205856	CISCO887-SEC-K9	routers	certifications	4fb41a26e3dd6255	true	family:mismatch	["47 CFR Part 15: 2006","CISPR22: 2005","EN300386: V1.3.3: 2005","EN55022: 2006","EN61000-3-2: 2000 [Inc amd 1 and 2]","	Emissions: ● 47 CFR Part 15: 2006 ● CISPR22: 2005 ● EN300386: V1.3.3: 2005 ● EN55022: 2006 ● EN61000-3-2: 2000 [Inc amd 
205857	CISCO887W-GN-A-K9	routers	certifications	4fb41a26e3dd6255	true	family:mismatch	["47 CFR Part 15: 2006","CISPR22: 2005","EN300386: V1.3.3: 2005","EN55022: 2006","EN61000-3-2: 2000 [Inc amd 1 and 2]","	Emissions: ● 47 CFR Part 15: 2006 ● CISPR22: 2005 ● EN300386: V1.3.3: 2005 ● EN55022: 2006 ● EN61000-3-2: 2000 [Inc amd 
205858	CISCO887M-K9	routers	certifications	4fb41a26e3dd6255	true	family:mismatch	["47 CFR Part 15: 2006","CISPR22: 2005","EN300386: V1.3.3: 2005","EN55022: 2006","EN61000-3-2: 2000 [Inc amd 1 and 2]","	Emissions: ● 47 CFR Part 15: 2006 ● CISPR22: 2005 ● EN300386: V1.3.3: 2005 ● EN55022: 2006 ● EN61000-3-2: 2000 [Inc amd 
205944	GRWIC-D-ES-2S-8PC	routers	certifications	fa79595f1ba6189a	true	family:mismatch	["UL 60950-1","CSA 60950-1","EN 60950-1","IEC 60950-1"]	● UL 60950-1 ● CSA 60950-1 ● EN 60950-1 ● IEC 60950-1
205946	GRWIC-D-ES-6S	routers	certifications	fa79595f1ba6189a	true	family:mismatch	["UL 60950-1","CSA 60950-1","EN 60950-1","IEC 60950-1"]	● UL 60950-1 ● CSA 60950-1 ● EN 60950-1 ● IEC 60950-1
205989	ISR1100-4GLTENA	routers	certifications	585ea334a738d76f	true	family:mismatch	["UL 60950-1, second edition","EN 60950-1, second edition","IEC 60950-1"]	● UL 60950-1, second edition ● CAN/CSA C22.2 No. 60950-1, second edition ● EN 60950-1, second edition ● CB to IEC 60950-
206389	C899G-LTE-NA-K9	routers	certifications	30684916aee80d45	true	family:mismatch	["UL 60950-1, 2nd edition","CAN/CSA C22.2 No. 60950-1, 2nd edition","EN 60950-1, 2nd edition","IEC 60950-1"]	● UL 60950-1, 2nd edition ● CAN/CSA C22.2 No. 60950-1, 2nd edition ● EN 60950-1, 2nd edition ● CB to IEC 60950-1, 2nd ed
206390	C899G-LTE-VZ-K9	routers	certifications	30684916aee80d45	true	family:mismatch	["UL 60950-1, 2nd edition","CAN/CSA C22.2 No. 60950-1, 2nd edition","EN 60950-1, 2nd edition","IEC 60950-1"]	● UL 60950-1, 2nd edition ● CAN/CSA C22.2 No. 60950-1, 2nd edition ● EN 60950-1, 2nd edition ● CB to IEC 60950-1, 2nd ed
206391	C899G-LTE-ST-K9	routers	certifications	30684916aee80d45	true	family:mismatch	["UL 60950-1, 2nd edition","CAN/CSA C22.2 No. 60950-1, 2nd edition","EN 60950-1, 2nd edition","IEC 60950-1"]	● UL 60950-1, 2nd edition ● CAN/CSA C22.2 No. 60950-1, 2nd edition ● EN 60950-1, 2nd edition ● CB to IEC 60950-1, 2nd ed
206392	C899G-LTE-JP-K9	routers	certifications	30684916aee80d45	true	family:mismatch	["UL 60950-1, 2nd edition","CAN/CSA C22.2 No. 60950-1, 2nd edition","EN 60950-1, 2nd edition","IEC 60950-1"]	● UL 60950-1, 2nd edition ● CAN/CSA C22.2 No. 60950-1, 2nd edition ● EN 60950-1, 2nd edition ● CB to IEC 60950-1, 2nd ed
206384	C881G-4G	routers	certifications	30684916aee80d45	true	family:mismatch	["UL 60950-1, 2nd edition","CAN/CSA C22.2 No. 60950-1, 2nd edition","EN 60950-1, 2nd edition","IEC 60950-1"]	● UL 60950-1, 2nd edition ● CAN/CSA C22.2 No. 60950-1, 2nd edition ● EN 60950-1, 2nd edition ● CB to IEC 60950-1, 2nd ed
206385	C899G-LTE	routers	certifications	30684916aee80d45	true	family:mismatch	["UL 60950-1, 2nd edition","CAN/CSA C22.2 No. 60950-1, 2nd edition","EN 60950-1, 2nd edition","IEC 60950-1"]	● UL 60950-1, 2nd edition ● CAN/CSA C22.2 No. 60950-1, 2nd edition ● EN 60950-1, 2nd edition ● CB to IEC 60950-1, 2nd ed
206386	C896VAG-LTE	routers	certifications	30684916aee80d45	true	family:mismatch	["UL 60950-1, 2nd edition","CAN/CSA C22.2 No. 60950-1, 2nd edition","EN 60950-1, 2nd edition","IEC 60950-1"]	● UL 60950-1, 2nd edition ● CAN/CSA C22.2 No. 60950-1, 2nd edition ● EN 60950-1, 2nd edition ● CB to IEC 60950-1, 2nd ed
206387	C898EAG-LTE	routers	certifications	30684916aee80d45	true	family:mismatch	["UL 60950-1, 2nd edition","CAN/CSA C22.2 No. 60950-1, 2nd edition","EN 60950-1, 2nd edition","IEC 60950-1"]	● UL 60950-1, 2nd edition ● CAN/CSA C22.2 No. 60950-1, 2nd edition ● EN 60950-1, 2nd edition ● CB to IEC 60950-1, 2nd ed
206388	C897VAGW-LTE	routers	certifications	30684916aee80d45	true	family:mismatch	["UL 60950-1, 2nd edition","CAN/CSA C22.2 No. 60950-1, 2nd edition","EN 60950-1, 2nd edition","IEC 60950-1"]	● UL 60950-1, 2nd edition ● CAN/CSA C22.2 No. 60950-1, 2nd edition ● EN 60950-1, 2nd edition ● CB to IEC 60950-1, 2nd ed
206411	C897VAG-LTE	routers	certifications	8bdfe7347c556d84	true	family:mismatch	["UL 60950-1, 2nd edition","CAN/CSA C22.2 No. 60950-1, 2nd edition","EN 60950-1, 2nd edition","IEC 60950-1"]	● UL 60950-1, 2nd edition ● CAN/CSA C22.2 No. 60950-1, 2nd edition ● EN 60950-1, 2nd edition ● CB to IEC 60950-1, 2nd ed
206533	C881G-4G-GA-K9	routers	certifications	30684916aee80d45	true	family:mismatch	["UL 60950-1, 2nd edition","CAN/CSA C22.2 No. 60950-1, 2nd edition","EN 60950-1, 2nd edition","IEC 60950-1"]	● UL 60950-1, 2nd edition ● CAN/CSA C22.2 No. 60950-1, 2nd edition ● EN 60950-1, 2nd edition ● CB to IEC 60950-1, 2nd ed
206534	C896VAG-LTE-GA-K9	routers	certifications	30684916aee80d45	true	family:mismatch	["UL 60950-1, 2nd edition","CAN/CSA C22.2 No. 60950-1, 2nd edition","EN 60950-1, 2nd edition","IEC 60950-1"]	● UL 60950-1, 2nd edition ● CAN/CSA C22.2 No. 60950-1, 2nd edition ● EN 60950-1, 2nd edition ● CB to IEC 60950-1, 2nd ed
206535	C897VAGW-LTE-GAEK9	routers	certifications	30684916aee80d45	true	family:mismatch	["UL 60950-1, 2nd edition","CAN/CSA C22.2 No. 60950-1, 2nd edition","EN 60950-1, 2nd edition","IEC 60950-1"]	● UL 60950-1, 2nd edition ● CAN/CSA C22.2 No. 60950-1, 2nd edition ● EN 60950-1, 2nd edition ● CB to IEC 60950-1, 2nd ed
206536	C898EAG-LTE-GA-K9	routers	certifications	30684916aee80d45	true	family:mismatch	["UL 60950-1, 2nd edition","CAN/CSA C22.2 No. 60950-1, 2nd edition","EN 60950-1, 2nd edition","IEC 60950-1"]	● UL 60950-1, 2nd edition ● CAN/CSA C22.2 No. 60950-1, 2nd edition ● EN 60950-1, 2nd edition ● CB to IEC 60950-1, 2nd ed
206537	C899G-LTE-GA-K9	routers	certifications	30684916aee80d45	true	family:mismatch	["UL 60950-1, 2nd edition","CAN/CSA C22.2 No. 60950-1, 2nd edition","EN 60950-1, 2nd edition","IEC 60950-1"]	● UL 60950-1, 2nd edition ● CAN/CSA C22.2 No. 60950-1, 2nd edition ● EN 60950-1, 2nd edition ● CB to IEC 60950-1, 2nd ed
206589	UCS-E1100D-M6/K9	servers-unified-computing	certifications	f06b537d8957ff32	true	family:mismatch	["UL 60950-1","CAN/CSA-C22.2 No. 60950-1","EN 60950-1","IEC 60950-1","AS/NZS 60950-1 IEC/EN 60825 Laser Safety FDA: Code	UL 60950-1 CAN/CSA-C22.2 No. 60950-1 EN 60950-1 IEC 60950-1 AS/NZS 60950-1 IEC/EN 60825 Laser Safety FDA: Code of Federa
206590	UCS-E1120D-M3/K9	servers-unified-computing	certifications	f06b537d8957ff32	true	family:mismatch	["UL 60950-1","CAN/CSA-C22.2 No. 60950-1","EN 60950-1","IEC 60950-1","AS/NZS 60950-1 IEC/EN 60825 Laser Safety FDA: Code	UL 60950-1 CAN/CSA-C22.2 No. 60950-1 EN 60950-1 IEC 60950-1 AS/NZS 60950-1 IEC/EN 60825 Laser Safety FDA: Code of Federa
206591	UCS-E160S-M3/K9	servers-unified-computing	certifications	f06b537d8957ff32	true	family:mismatch	["UL 60950-1","CAN/CSA-C22.2 No. 60950-1","EN 60950-1","IEC 60950-1","AS/NZS 60950-1 IEC/EN 60825 Laser Safety FDA: Code	UL 60950-1 CAN/CSA-C22.2 No. 60950-1 EN 60950-1 IEC 60950-1 AS/NZS 60950-1 IEC/EN 60825 Laser Safety FDA: Code of Federa
206592	UCS-E180D-M3/K9	servers-unified-computing	certifications	f06b537d8957ff32	true	family:mismatch	["UL 60950-1","CAN/CSA-C22.2 No. 60950-1","EN 60950-1","IEC 60950-1","AS/NZS 60950-1 IEC/EN 60825 Laser Safety FDA: Code	UL 60950-1 CAN/CSA-C22.2 No. 60950-1 EN 60950-1 IEC 60950-1 AS/NZS 60950-1 IEC/EN 60825 Laser Safety FDA: Code of Federa
206601	ASR1000-RP3-32G-2P	routers	certifications	ba6f3208f79f4a74	true	subject:not-judged	["UL60950-1","CAN/CSA-C22.2 No. 60950-1-03 Information technology equipment","AS/NZS 60950-1","IEC/EN 60950-1 Informatio	Safety ● UL60950-1 and CAN/CSA-C22.2 No. 60950-1-03 Information technology equipment ● AS/NZS 60950-1 ● IEC/EN 60950-1 I
206602	ASR1000-RP3-64G-2P	routers	certifications	ba6f3208f79f4a74	true	subject:not-judged	["UL60950-1","CAN/CSA-C22.2 No. 60950-1-03 Information technology equipment","AS/NZS 60950-1","IEC/EN 60950-1 Informatio	Safety ● UL60950-1 and CAN/CSA-C22.2 No. 60950-1-03 Information technology equipment ● AS/NZS 60950-1 ● IEC/EN 60950-1 I
206712	C897VAG-LTE-LA-K9	routers	certifications	8bdfe7347c556d84	true	family:mismatch	["UL 60950-1, 2nd edition","CAN/CSA C22.2 No. 60950-1, 2nd edition","EN 60950-1, 2nd edition","IEC 60950-1"]	● UL 60950-1, 2nd edition ● CAN/CSA C22.2 No. 60950-1, 2nd edition ● EN 60950-1, 2nd edition ● CB to IEC 60950-1, 2nd ed
206713	C898EAG-LTE-LA-K9	routers	certifications	8bdfe7347c556d84	true	family:mismatch	["UL 60950-1, 2nd edition","CAN/CSA C22.2 No. 60950-1, 2nd edition","EN 60950-1, 2nd edition","IEC 60950-1"]	● UL 60950-1, 2nd edition ● CAN/CSA C22.2 No. 60950-1, 2nd edition ● EN 60950-1, 2nd edition ● CB to IEC 60950-1, 2nd ed
206714	C899G-LTE-LA-K9	routers	certifications	8bdfe7347c556d84	true	family:mismatch	["UL 60950-1, 2nd edition","CAN/CSA C22.2 No. 60950-1, 2nd edition","EN 60950-1, 2nd edition","IEC 60950-1"]	● UL 60950-1, 2nd edition ● CAN/CSA C22.2 No. 60950-1, 2nd edition ● EN 60950-1, 2nd edition ● CB to IEC 60950-1, 2nd ed
206787	ISR1100-4G	routers	certifications	585ea334a738d76f	true	family:mismatch	["UL 60950-1, second edition","EN 60950-1, second edition","IEC 60950-1"]	● UL 60950-1, second edition ● CAN/CSA C22.2 No. 60950-1, second edition ● EN 60950-1, second edition ● CB to IEC 60950-
206788	ISR1100-6G	routers	certifications	585ea334a738d76f	true	family:mismatch	["UL 60950-1, second edition","EN 60950-1, second edition","IEC 60950-1"]	● UL 60950-1, second edition ● CAN/CSA C22.2 No. 60950-1, second edition ● EN 60950-1, second edition ● CB to IEC 60950-
206789	ISR1100X-4G	routers	certifications	585ea334a738d76f	true	family:mismatch	["UL 60950-1, second edition","EN 60950-1, second edition","IEC 60950-1"]	● UL 60950-1, second edition ● CAN/CSA C22.2 No. 60950-1, second edition ● EN 60950-1, second edition ● CB to IEC 60950-
206790	ISR1100X-6G	routers	certifications	585ea334a738d76f	true	family:mismatch	["UL 60950-1, second edition","EN 60950-1, second edition","IEC 60950-1"]	● UL 60950-1, second edition ● CAN/CSA C22.2 No. 60950-1, second edition ● EN 60950-1, second edition ● CB to IEC 60950-
75862	C1109-4PLTE2P	routers	certifications	3c9af914be303043	true	family:mismatch	["UL 60950-1","CSA 60950-1","EN 60950-1","IEC 60950-1","UL 62368-1","CSA 62368-1","EN 62368-1","IEC 62368-1"]	UL 60950-1, CSA 60950-1, EN 60950-1, IEC 60950-1, UL 62368-1, CSA 62368-1, EN 62368-1, IEC 62368-1
75866	C1111-4P	routers	certifications	3c9af914be303043	true	family:mismatch	["UL 60950-1","CSA 60950-1","EN 60950-1","IEC 60950-1","UL 62368-1","CSA 62368-1","EN 62368-1","IEC 62368-1"]	UL 60950-1, CSA 60950-1, EN 60950-1, IEC 60950-1, UL 62368-1, CSA 62368-1, EN 62368-1, IEC 62368-1
75999	C1101-4P	routers	certifications	3c9af914be303043	true	family:mismatch	["UL 60950-1","CSA 60950-1","EN 60950-1","IEC 60950-1","UL 62368-1","CSA 62368-1","EN 62368-1","IEC 62368-1"]	UL 60950-1, CSA 60950-1, EN 60950-1, IEC 60950-1, UL 62368-1, CSA 62368-1, EN 62368-1, IEC 62368-1
76002	C1111-8PLTEEA/LA	routers	certifications	3c9af914be303043	true	family:mismatch	["UL 60950-1","CSA 60950-1","EN 60950-1","IEC 60950-1","UL 62368-1","CSA 62368-1","EN 62368-1","IEC 62368-1"]	UL 60950-1, CSA 60950-1, EN 60950-1, IEC 60950-1, UL 62368-1, CSA 62368-1, EN 62368-1, IEC 62368-1
148562	CISCO867W-GN-A-K9	routers	certifications	4e02e9b6f92bde03	true	family:mismatch	["IEC 60950-1:2005, Second Edition, with all country deviations","AS/NZS 60950-1:2003, First Edition","CAN/CSA 22.2 No. 	● IEC 60950-1:2005, Second Edition, with all country deviations ● AS/NZS 60950-1:2003, First Edition ● CAN/CSA 22.2 No. 
148564	CISCO867W-GN-E-K9	routers	certifications	4e02e9b6f92bde03	true	family:mismatch	["IEC 60950-1:2005, Second Edition, with all country deviations","AS/NZS 60950-1:2003, First Edition","CAN/CSA 22.2 No. 	● IEC 60950-1:2005, Second Edition, with all country deviations ● AS/NZS 60950-1:2003, First Edition ● CAN/CSA 22.2 No. 
