fact_id	sku	category	class	kind	field	doc_id	title	raw
196366	IE3100-DNA-E-L-5Y	switches	license	non-hardware	rfc_compliance	b27536663b823c7b	Cisco Catalyst IE3100 Rugged Series Data Sheet - Cisco	● RFC 768: User Datagram Protocol (UDP) ● RFC 783: Trivial File Transfer Protoco
141540	IE3100-DNA-E-L-5Y	switches	license	non-hardware	qos_features	33c8227f4f6a69ca	Cisco Catalyst IE3100 Heavy Duty Series Data Sheet - Cisco	802.1p, priority queuing, Modular QoS command-line interface (MQC), class-based 
96316	IE3100-DNA-E-L-5Y	switches	license	non-hardware	temp_operating	b27536663b823c7b	Cisco Catalyst IE3100 Rugged Series Data Sheet - Cisco	Operating temperature: -40° to 75°C (-40° to 167°F) (blower-equipped cabinet) -4
96317	IE3100-DNA-E-L-5Y	switches	license	non-hardware	shock	b27536663b823c7b	Cisco Catalyst IE3100 Rugged Series Data Sheet - Cisco	IEC 60068-2-27 (Operational Shock: 30G 11ms, half sine) IEC 60068-2-27 (Non-Oper
130634	IE3100-DNA-E-L-5Y	switches	license	non-hardware	temp_storage	b27536663b823c7b	Cisco Catalyst IE3100 Rugged Series Data Sheet - Cisco	Temperature: -40° to 85°C (-40° to 185°F) Altitude: 40,000 feet (12,192 m) IEC 6
96310	IE3100-DNA-E-L-5Y	switches	license	non-hardware	programming_interfaces	33c8227f4f6a69ca	Cisco Catalyst IE3100 Heavy Duty Series Data Sheet - Cisco	YANG, NETCONF, RESTCONF
73799	ADV-ED-100G-RTU1	routers	license	non-hardware	temp_storage	b8b4ec84e4a93e32	Cisco ASR 9901 Router Data Sheet - Cisco	-40 to 158°F (-40 to 70°C)
73797	ADV-ED-100G-RTU1	routers	license	non-hardware	humidity_operating	b8b4ec84e4a93e32	Cisco ASR 9901 Router Data Sheet - Cisco	10 to 85%
206450	ADV-ED-100G-RTU1	routers	license	non-hardware	certifications	b8b4ec84e4a93e32	Cisco ASR 9901 Router Data Sheet - Cisco	Cisco ASR 9901 is designed to meet: ● SR-3580: NEBS Criteria Levels (Level 3) ● 
141679	IE3100-DNA-E-L-10Y	switches	license	non-hardware	qos_features	33c8227f4f6a69ca	Cisco Catalyst IE3100 Heavy Duty Series Data Sheet - Cisco	802.1p, priority queuing, Modular QoS command-line interface (MQC), class-based 
130631	IE3100-DNA-E-L-10Y	switches	license	non-hardware	temp_storage	b27536663b823c7b	Cisco Catalyst IE3100 Rugged Series Data Sheet - Cisco	Temperature: -40° to 85°C (-40° to 185°F) Altitude: 40,000 feet (12,192 m) IEC 6
97581	IE3100-DNA-E-L-10Y	switches	license	non-hardware	temp_operating	b27536663b823c7b	Cisco Catalyst IE3100 Rugged Series Data Sheet - Cisco	Operating temperature: -40° to 75°C (-40° to 167°F) (blower-equipped cabinet) -4
97575	IE3100-DNA-E-L-10Y	switches	license	non-hardware	programming_interfaces	33c8227f4f6a69ca	Cisco Catalyst IE3100 Heavy Duty Series Data Sheet - Cisco	YANG, NETCONF, RESTCONF
97582	IE3100-DNA-E-L-10Y	switches	license	non-hardware	shock	b27536663b823c7b	Cisco Catalyst IE3100 Rugged Series Data Sheet - Cisco	IEC 60068-2-27 (Operational Shock: 30G 11ms, half sine) IEC 60068-2-27 (Non-Oper
196380	IE3100-DNA-E-L-10Y	switches	license	non-hardware	rfc_compliance	b27536663b823c7b	Cisco Catalyst IE3100 Rugged Series Data Sheet - Cisco	● RFC 768: User Datagram Protocol (UDP) ● RFC 783: Trivial File Transfer Protoco
141713	IE3100-DNA-E-L-3Y	switches	license	non-hardware	qos_features	33c8227f4f6a69ca	Cisco Catalyst IE3100 Heavy Duty Series Data Sheet - Cisco	802.1p, priority queuing, Modular QoS command-line interface (MQC), class-based 
130633	IE3100-DNA-E-L-3Y	switches	license	non-hardware	temp_storage	b27536663b823c7b	Cisco Catalyst IE3100 Rugged Series Data Sheet - Cisco	Temperature: -40° to 85°C (-40° to 185°F) Altitude: 40,000 feet (12,192 m) IEC 6
97970	IE3100-DNA-E-L-3Y	switches	license	non-hardware	temp_operating	b27536663b823c7b	Cisco Catalyst IE3100 Rugged Series Data Sheet - Cisco	Operating temperature: -40° to 75°C (-40° to 167°F) (blower-equipped cabinet) -4
97971	IE3100-DNA-E-L-3Y	switches	license	non-hardware	shock	b27536663b823c7b	Cisco Catalyst IE3100 Rugged Series Data Sheet - Cisco	IEC 60068-2-27 (Operational Shock: 30G 11ms, half sine) IEC 60068-2-27 (Non-Oper
196383	IE3100-DNA-E-L-3Y	switches	license	non-hardware	rfc_compliance	b27536663b823c7b	Cisco Catalyst IE3100 Rugged Series Data Sheet - Cisco	● RFC 768: User Datagram Protocol (UDP) ● RFC 783: Trivial File Transfer Protoco
97964	IE3100-DNA-E-L-3Y	switches	license	non-hardware	programming_interfaces	33c8227f4f6a69ca	Cisco Catalyst IE3100 Heavy Duty Series Data Sheet - Cisco	YANG, NETCONF, RESTCONF
203964	A9K-1X100-VID-LIC	routers	license	non-hardware	ieee_standards	3827d5679b12c2f5	Cisco ASR 9000 Series 1-Port 100 Gigabit Ethernet Line Cards Data Sheet - Cisco	● 100-Gbps IEEE 802.3ba compliant ● 100 Gigabit Ethernet PHY monitoring ● IEEE 8
140523	A9K-1X100-VID-LIC	routers	license	non-hardware	humidity_storage	3827d5679b12c2f5	Cisco ASR 9000 Series 1-Port 100 Gigabit Ethernet Line Cards Data Sheet - Cisco	5 to 95% Note: Not to exceed 0.024 kg of water per kg of dry air
72318	A9K-1X100-VID-LIC	routers	license	non-hardware	humidity_operating	3827d5679b12c2f5	Cisco ASR 9000 Series 1-Port 100 Gigabit Ethernet Line Cards Data Sheet - Cisco	10 to 85%
72321	A9K-1X100-VID-LIC	routers	license	non-hardware	supported_protocols	3827d5679b12c2f5	Cisco ASR 9000 Series 1-Port 100 Gigabit Ethernet Line Cards Data Sheet - Cisco	NetFlow, IEEE 802.1ag, IEEE 802.3ah, ITU Y.1731, IP service-level agreement (IP 
152126	A9K-1X100-VID-LIC	routers	license	non-hardware	temp_storage	3827d5679b12c2f5	Cisco ASR 9000 Series 1-Port 100 Gigabit Ethernet Line Cards Data Sheet - Cisco	–40 to 158ºF (–40 to 70ºC)
152128	A9K-1X100-VID-LIC	routers	license	non-hardware	etsi_standards	3827d5679b12c2f5	Cisco ASR 9000 Series 1-Port 100 Gigabit Ethernet Line Cards Data Sheet - Cisco	Cisco ASR 9000 Series Routers are designed to meet: ● EN300 386: Telecommunicati
152127	A9K-1X100-VID-LIC	routers	license	non-hardware	altitude_max	3827d5679b12c2f5	Cisco ASR 9000 Series 1-Port 100 Gigabit Ethernet Line Cards Data Sheet - Cisco	–60 to 4000m (up to 2000m conforms to IEC, EN, UL, and CSA 60950 requirements)
152125	A9K-1X100-VID-LIC	routers	license	non-hardware	temp_operating	3827d5679b12c2f5	Cisco ASR 9000 Series 1-Port 100 Gigabit Ethernet Line Cards Data Sheet - Cisco	23 to 131ºF (–5 to 55ºC) Note: Short-term refers to a period of not more than 96
207421	A9K-1X100-VID-LIC	routers	license	non-hardware	certifications	3827d5679b12c2f5	Cisco ASR 9000 Series 1-Port 100 Gigabit Ethernet Line Cards Data Sheet - Cisco	Cisco ASR 9000 Series Routers are designed to meet: ● SR-3580: NEBS Criteria Lev
198958	CD-3750G-EMI=	switches	software	non-hardware	ieee_standards	e9c4b3e3d162af12	Cisco Catalyst 3750 Series Switches Data Sheet - Cisco	● IEEE 802.1s ● IEEE 802.1w ● IEEE 802.1x ● IEEE 802.3ad ● IEEE 802.3af ● IEEE 8
206819	CD-3750G-EMI=	switches	software	non-hardware	certifications	e9c4b3e3d162af12	Cisco Catalyst 3750 Series Switches Data Sheet - Cisco	● UL to UL 60950, Third Edition ● C-UL to CAN/CSA C22.2 No. 60950-00, Third Edit
147653	S-NCS4K-POTS=	optical-networking	license	non-hardware	emc_emissions	7ec8ef38de098198	Cisco NCS 4000 400 Gbps DWDM/OTN/Packet Universal Line Card Data Sheet - Cisco	● ETSI EN 300 386 V1.4.1 (2008-04) Telecommunication network equipment EMC requi
147654	S-NCS4K-POTS=	optical-networking	license	non-hardware	certifications	7ec8ef38de098198	Cisco NCS 4000 400 Gbps DWDM/OTN/Packet Universal Line Card Data Sheet - Cisco	● ETS 300-019-2-1 V2.1.2 (Storage, Class 1.1) ● ETS 300-019-2-2 V2.1.2 (1999-09)
150850	S-NCS4K-POTS=	optical-networking	license	non-hardware	supported_protocols	7c17829d2a8a1cff	Cisco Network Convergence System 4000 Series Data Sheet - Cisco	Control plane: ● Simple Network Management Protocol (SNMP) ● Programmatic interf
150851	S-NCS4K-POTS=	optical-networking	license	non-hardware	emc_immunity	7c17829d2a8a1cff	Cisco Network Convergence System 4000 Series Data Sheet - Cisco	● IEC/EN-61000-4-2: Electrostatic Discharge Immunity ● IEC/EN-61000-4-3: Radiate
150852	S-NCS4K-POTS=	optical-networking	license	non-hardware	etsi_standards	7c17829d2a8a1cff	Cisco Network Convergence System 4000 Series Data Sheet - Cisco	● EN300 386: Telecommunications Network Equipment (EMC) ● EN55022: Information T
115492	S-NCS4K-POTS=	optical-networking	license	non-hardware	temp_storage	7ec8ef38de098198	Cisco NCS 4000 400 Gbps DWDM/OTN/Packet Universal Line Card Data Sheet - Cisco	-40°C to 70°C (-40°F to 158°F)
115493	S-NCS4K-POTS=	optical-networking	license	non-hardware	humidity_operating	7ec8ef38de098198	Cisco NCS 4000 400 Gbps DWDM/OTN/Packet Universal Line Card Data Sheet - Cisco	5% to 85%, noncondensing 5% to 90% but not to exceed 0.024 kg water/kg of dry ai
115490	S-NCS4K-POTS=	optical-networking	license	non-hardware	regions_supported	7ec8ef38de098198	Cisco NCS 4000 400 Gbps DWDM/OTN/Packet Universal Line Card Data Sheet - Cisco	● European Union ● Africa ● CSI ● Australia ● New Zealand ● China ● Korea ● Indi
147655	S-NCS4K-POTS=	optical-networking	license	non-hardware	optical_pm	7ec8ef38de098198	Cisco NCS 4000 400 Gbps DWDM/OTN/Packet Universal Line Card Data Sheet - Cisco	Transmitter optical power ; Transmitter laser bias current ; Receiver optical po
115480	S-N1K-QXP-TRKE-L=	optical-networking	license	non-hardware	certifications	c5ea409dcbb5f5ca	Cisco Network Convergence System 1004 High-Density QSFP-DD Transponder Data Sheet - Cisco	IEC 60950-1 Information technology equipment Safety Part 1: General requirements
141098	C9300-DNX-E-48-5Y	switches	license	non-hardware	humidity_storage	638d72c59601332b	Cisco Catalyst 9300 Series Switches Data Sheet - Cisco	5% to 90% noncondensing
198511	C9300-DNX-E-48-5Y	switches	license	non-hardware	ieee_standards	638d72c59601332b	Cisco Catalyst 9300 Series Switches Data Sheet - Cisco	IEEE 802.1s IEEE 802.1w IEEE 802.1x IEEE 802.1x-Rev IEEE 802.3ad IEEE 802.3ae IE
79683	C9300-DNX-E-48-5Y	switches	license	non-hardware	temp_operating	638d72c59601332b	Cisco Catalyst 9300 Series Switches Data Sheet - Cisco	Normal operating temperature * and altitudes: -5°C to +45°C, up to 5000 feet (15
79684	C9300-DNX-E-48-5Y	switches	license	non-hardware	temp_storage	638d72c59601332b	Cisco Catalyst 9300 Series Switches Data Sheet - Cisco	-40° to 158°F (-40° to 70°C)
141566	IE3500-DNA-A-5Y	switches	license	non-hardware	qos_features	de20866285786429	Cisco IE3500 Heavy Duty Series Data Sheet - Cisco	Ingress policing, rate limit, egress queuing/shaping, auto QoS
96558	IE3500-DNA-A-5Y	switches	license	non-hardware	emc_emissions	de20866285786429	Cisco IE3500 Heavy Duty Series Data Sheet - Cisco	Emissions (Class A): FCC 47 CFR Part 15 subpart B ICES-003 EN 55011 EN 55032/ CI
96564	IE3500-DNA-A-5Y	switches	license	non-hardware	humidity_operating	b8622078cd3085fd	Cisco IE3500 Rugged Series Data Sheet - Cisco	Relative humidity of 5% to 95% non-condensing IEC 60068-2-78 IEC 60068-2-30
204146	A9K-24X10G-AIP-SE	routers	license	non-hardware	ieee_standards	bc806044b9be3fc2	Cisco ASR 9000 Series 24-Port 10 Gigabit Ethernet Line Cards Data Sheet - Cisco	● 10-Gbps IEEE 802.3 compliant ● 10 Gigabit Ethernet PHY monitoring ● IEEE 802.x
140573	A9K-24X10G-AIP-SE	routers	license	non-hardware	humidity_storage	bc806044b9be3fc2	Cisco ASR 9000 Series 24-Port 10 Gigabit Ethernet Line Cards Data Sheet - Cisco	5 to 95% Note: Not to exceed 0.024 kg of water per kg of dry air
72705	A9K-24X10G-AIP-SE	routers	license	non-hardware	humidity_operating	bc806044b9be3fc2	Cisco ASR 9000 Series 24-Port 10 Gigabit Ethernet Line Cards Data Sheet - Cisco	10 to 85%
150330	A9K-24X10G-AIP-SE	routers	license	non-hardware	temp_storage	bc806044b9be3fc2	Cisco ASR 9000 Series 24-Port 10 Gigabit Ethernet Line Cards Data Sheet - Cisco	–40 to 158ºF (–40 to 70ºC)
150332	A9K-24X10G-AIP-SE	routers	license	non-hardware	etsi_standards	bc806044b9be3fc2	Cisco ASR 9000 Series 24-Port 10 Gigabit Ethernet Line Cards Data Sheet - Cisco	Cisco ASR 9000 Series Routers are designed to meet: ● EN300 386: Telecommunicati
150329	A9K-24X10G-AIP-SE	routers	license	non-hardware	temp_operating	bc806044b9be3fc2	Cisco ASR 9000 Series 24-Port 10 Gigabit Ethernet Line Cards Data Sheet - Cisco	23 to 131ºF (–5 to 55ºC) Note: Short-term refers to a period of not more than 96
150331	A9K-24X10G-AIP-SE	routers	license	non-hardware	altitude_max	bc806044b9be3fc2	Cisco ASR 9000 Series 24-Port 10 Gigabit Ethernet Line Cards Data Sheet - Cisco	–60 to 4000m (up to 2000m conforms to IEC, EN, UL, and CSA 60950 requirements)
207113	A9K-24X10G-AIP-SE	routers	license	non-hardware	certifications	bc806044b9be3fc2	Cisco ASR 9000 Series 24-Port 10 Gigabit Ethernet Line Cards Data Sheet - Cisco	Cisco ASR 9000 Series Routers are designed to meet: ● SR-3580: NEBS Criteria Lev
203757	A9K-40G-AIP-SE	routers	license	non-hardware	ieee_standards	af64a934603f2213	Cisco ASR 9000 Series 40 and 56 Gigabit Ethernet Line Cards Data Sheet - Cisco	● 1- and 10-Gbps IEEE 802.3 compliant ● 1 and 10 Gigabit Ethernet PHY monitoring
72712	A9K-40G-AIP-SE	routers	license	non-hardware	temp_storage	af64a934603f2213	Cisco ASR 9000 Series 40 and 56 Gigabit Ethernet Line Cards Data Sheet - Cisco	-40 to 158ºF (-40 to 70ºC)
145708	A9K-40G-AIP-SE	routers	license	non-hardware	etsi_standards	af64a934603f2213	Cisco ASR 9000 Series 40 and 56 Gigabit Ethernet Line Cards Data Sheet - Cisco	Cisco ASR 9000 Series Routers are designed to meet: ● EN300 386: Telecommunicati
145707	A9K-40G-AIP-SE	routers	license	non-hardware	temp_operating	af64a934603f2213	Cisco ASR 9000 Series 40 and 56 Gigabit Ethernet Line Cards Data Sheet - Cisco	23 to 131ºF (-5 to 55ºC)
130676	A9K-40G-AIP-SE	routers	license	non-hardware	altitude_max	af64a934603f2213	Cisco ASR 9000 Series 40 and 56 Gigabit Ethernet Line Cards Data Sheet - Cisco	-60 to 4000m (up to 2000m conforms to IEC, EN, UL, and CSA 60950 requirements)
207782	A9K-40G-AIP-SE	routers	license	non-hardware	certifications	af64a934603f2213	Cisco ASR 9000 Series 40 and 56 Gigabit Ethernet Line Cards Data Sheet - Cisco	Cisco ASR 9000 Series Routers are designed to meet: ● SR-3580: NEBS Criteria Lev
203967	A9K-36X10-OPT-LIC	routers	license	non-hardware	ieee_standards	3c9ae1d45778a2c6	Cisco ASR 9000 Series 36-Port 10 Gigabit Ethernet Line Cards Data Sheet - Cisco	● 10-Gbps IEEE 802.3 compliant ● 10 Gigabit Ethernet PHY monitoring ● IEEE 802.x
140612	A9K-36X10-OPT-LIC	routers	license	non-hardware	humidity_storage	3c9ae1d45778a2c6	Cisco ASR 9000 Series 36-Port 10 Gigabit Ethernet Line Cards Data Sheet - Cisco	5 to 95% Note: Not to exceed 0.024 kg of water per kg of dry air
147382	A9K-36X10-OPT-LIC	routers	license	non-hardware	etsi_standards	3c9ae1d45778a2c6	Cisco ASR 9000 Series 36-Port 10 Gigabit Ethernet Line Cards Data Sheet - Cisco	Cisco ASR 9000 Series Routers are designed to meet: ● EN300 386: Telecommunicati
73019	A9K-36X10-OPT-LIC	routers	license	non-hardware	humidity_operating	3c9ae1d45778a2c6	Cisco ASR 9000 Series 36-Port 10 Gigabit Ethernet Line Cards Data Sheet - Cisco	10 to 85%
147379	A9K-36X10-OPT-LIC	routers	license	non-hardware	temp_operating	3c9ae1d45778a2c6	Cisco ASR 9000 Series 36-Port 10 Gigabit Ethernet Line Cards Data Sheet - Cisco	23 to 131ºF (–5 to 55ºC) Note: Short-term refers to a period of not more than 96
147380	A9K-36X10-OPT-LIC	routers	license	non-hardware	temp_storage	3c9ae1d45778a2c6	Cisco ASR 9000 Series 36-Port 10 Gigabit Ethernet Line Cards Data Sheet - Cisco	–40 to 158ºF (–40 to 70ºC)
147381	A9K-36X10-OPT-LIC	routers	license	non-hardware	altitude_max	3c9ae1d45778a2c6	Cisco ASR 9000 Series 36-Port 10 Gigabit Ethernet Line Cards Data Sheet - Cisco	–60 to 4000m (up to 2000m conforms to IEC, EN, UL, and CSA 60950 requirements)
206805	A9K-36X10-OPT-LIC	routers	license	non-hardware	certifications	3c9ae1d45778a2c6	Cisco ASR 9000 Series 36-Port 10 Gigabit Ethernet Line Cards Data Sheet - Cisco	Cisco ASR 9000 Series Routers are designed to meet: ● SR-3580: NEBS Criteria Lev
141769	LIC-C9300-24A-3Y	switches	license	non-hardware	humidity_storage	638d72c59601332b	Cisco Catalyst 9300 Series Switches Data Sheet - Cisco	5% to 90% noncondensing
99415	LIC-C9300-24A-3Y	switches	license	non-hardware	temp_operating	638d72c59601332b	Cisco Catalyst 9300 Series Switches Data Sheet - Cisco	Normal operating temperature * and altitudes: -5°C to +45°C, up to 5000 feet (15
99416	LIC-C9300-24A-3Y	switches	license	non-hardware	temp_storage	638d72c59601332b	Cisco Catalyst 9300 Series Switches Data Sheet - Cisco	-40° to 158°F (-40° to 70°C)
198548	LIC-C9300-24A-3Y	switches	license	non-hardware	ieee_standards	638d72c59601332b	Cisco Catalyst 9300 Series Switches Data Sheet - Cisco	IEEE 802.1s IEEE 802.1w IEEE 802.1x IEEE 802.1x-Rev IEEE 802.3ad IEEE 802.3ae IE
149332	UCS-FI-6652-SW	interfaces-modules	license	non-hardware	emc_emissions	92921346140836b8	Cisco UCS 6600 Series Fabric Interconnects Data Sheet - Cisco	● 47CFR Part 15 (CFR 47) Class A ● AS/NZS CISPR22 Class A ● CISPR22 Class A ● EN
149333	UCS-FI-6652-SW	interfaces-modules	license	non-hardware	emc_immunity	92921346140836b8	Cisco UCS 6600 Series Fabric Interconnects Data Sheet - Cisco	● EN55024 ● CISPR24 ● EN300386 ● KN 61000-4 series
141119	C9200CX-12-E-A-5	switches	license	non-hardware	humidity_storage	de692de8d2c8f641	Cisco Catalyst 9200 Series Switches Data Sheet - Cisco	5% to 90% noncondensing
79833	C9200CX-12-E-A-5	switches	license	non-hardware	temp_operating	de692de8d2c8f641	Cisco Catalyst 9200 Series Switches Data Sheet - Cisco	Normal operating temperature * and altitudes: ● -5°C to +45°C, up to 5000 feet (
79834	C9200CX-12-E-A-5	switches	license	non-hardware	temp_storage	de692de8d2c8f641	Cisco Catalyst 9200 Series Switches Data Sheet - Cisco	-40° to 158°F (-40° to 70°C)
146969	C9200CX-12-E-A-5	switches	license	non-hardware	ieee_standards	de692de8d2c8f641	Cisco Catalyst 9200 Series Switches Data Sheet - Cisco	EEE 802.1s ; RMON I and II standards ; IEEE 802.1w ; SNMPv1, v2c, and v3 ; IEEE 
158413	C9200CX-12-E-A-5	switches	license	non-hardware	altitude_max	de692de8d2c8f641	Cisco Catalyst 9200 Series Switches Data Sheet - Cisco	10,000 ft. (3000 meters), up to 45°C
146970	C9200CX-12-E-A-5	switches	license	non-hardware	certifications	de692de8d2c8f641	Cisco Catalyst 9200 Series Switches Data Sheet - Cisco	● 47 CFR Part 15 ● CISPR 32 Class A ● CNS 13438 ● EN 300 386 * ● EN 55032 Class 
140998	C9300-DNX-A-24-3Y	switches	license	non-hardware	humidity_storage	638d72c59601332b	Cisco Catalyst 9300 Series Switches Data Sheet - Cisco	5% to 90% noncondensing
198474	C9300-DNX-A-24-3Y	switches	license	non-hardware	ieee_standards	638d72c59601332b	Cisco Catalyst 9300 Series Switches Data Sheet - Cisco	IEEE 802.1s IEEE 802.1w IEEE 802.1x IEEE 802.1x-Rev IEEE 802.3ad IEEE 802.3ae IE
79079	C9300-DNX-A-24-3Y	switches	license	non-hardware	temp_operating	638d72c59601332b	Cisco Catalyst 9300 Series Switches Data Sheet - Cisco	Normal operating temperature * and altitudes: -5°C to +45°C, up to 5000 feet (15
79080	C9300-DNX-A-24-3Y	switches	license	non-hardware	temp_storage	638d72c59601332b	Cisco Catalyst 9300 Series Switches Data Sheet - Cisco	-40° to 158°F (-40° to 70°C)
141776	LIC-C9300-24E-5Y	switches	license	non-hardware	humidity_storage	638d72c59601332b	Cisco Catalyst 9300 Series Switches Data Sheet - Cisco	5% to 90% noncondensing
198555	LIC-C9300-24E-5Y	switches	license	non-hardware	ieee_standards	638d72c59601332b	Cisco Catalyst 9300 Series Switches Data Sheet - Cisco	IEEE 802.1s IEEE 802.1w IEEE 802.1x IEEE 802.1x-Rev IEEE 802.3ad IEEE 802.3ae IE
99485	LIC-C9300-24E-5Y	switches	license	non-hardware	temp_storage	638d72c59601332b	Cisco Catalyst 9300 Series Switches Data Sheet - Cisco	-40° to 158°F (-40° to 70°C)
99484	LIC-C9300-24E-5Y	switches	license	non-hardware	temp_operating	638d72c59601332b	Cisco Catalyst 9300 Series Switches Data Sheet - Cisco	Normal operating temperature * and altitudes: -5°C to +45°C, up to 5000 feet (15
146677	S81NPEK9-15104M	routers	software	non-hardware	qos_features	eeedf4783e30b825	Cisco 819 Integrated Services Routers with 3G and Wi-Fi Data Sheet - Cisco	● Provides traffic precedence to delay-sensitive or prioritized applications. ● 
146681	S81NPEK9-15104M	routers	software	non-hardware	emc_emissions	eeedf4783e30b825	Cisco 819 Integrated Services Routers with 3G and Wi-Fi Data Sheet - Cisco	EN55022/CISPR22, CFR 47 Part 15, ICES003, VCCI-V-3, AS/NZS CISPR22, CNS13438, EN
146682	S81NPEK9-15104M	routers	software	non-hardware	emc_immunity	eeedf4783e30b825	Cisco 819 Integrated Services Routers with 3G and Wi-Fi Data Sheet - Cisco	EN55024/CISPR24, (EN61000-4-2, EN61000-4-3, EN61000-4-4, EN61000-4-5, EN61000-4-
146679	S81NPEK9-15104M	routers	software	non-hardware	temp_operating	eeedf4783e30b825	Cisco 819 Integrated Services Routers with 3G and Wi-Fi Data Sheet - Cisco	–13 to 140°F (–25 to 60°C)
207926	S81NPEK9-15104M	routers	software	non-hardware	supported_protocols	eeedf4783e30b825	Cisco 819 Integrated Services Routers with 3G and Wi-Fi Data Sheet - Cisco	● IPv6 addressing architecture ● IPv6 name resolution ● IPv6 statistics ● IPv6 t
115569	S81NPEK9-15104M	routers	software	non-hardware	programming_interfaces	eeedf4783e30b825	Cisco 819 Integrated Services Routers with 3G and Wi-Fi Data Sheet - Cisco	Cisco IOS Software CLI
115572	S81NPEK9-15104M	routers	software	non-hardware	altitude_max	eeedf4783e30b825	Cisco 819 Integrated Services Routers with 3G and Wi-Fi Data Sheet - Cisco	Above 5000 ft derate maximum operating temperature 1.50C per 1000 feet Maximum a
146680	S81NPEK9-15104M	routers	software	non-hardware	certifications	eeedf4783e30b825	Cisco 819 Integrated Services Routers with 3G and Wi-Fi Data Sheet - Cisco	● UL 60950-1, 2nd edition ● CAN/CSA C22.2 No. 60950-1, 2nd edition ● EN 60950-1,
208042	S84GNPEK9-15503M	routers	software	non-hardware	supported_protocols	f3c2e4e7292410f4	Cisco 819 Non-Hardened 4G LTE 2.0 Machine-to-Machine Integrated Services Routers with Wi-F	● IPv6 addressing architecture ● IPv6 name resolution ● IPv6 statistics ● IPv6 t
115609	S84GNPEK9-15503M	routers	software	non-hardware	programming_interfaces	f3c2e4e7292410f4	Cisco 819 Non-Hardened 4G LTE 2.0 Machine-to-Machine Integrated Services Routers with Wi-F	● Cisco IOS Software CLI
115611	S84GNPEK9-15503M	routers	software	non-hardware	dram	f3c2e4e7292410f4	Cisco 819 Non-Hardened 4G LTE 2.0 Machine-to-Machine Integrated Services Routers with Wi-F	1 GB
115612	S84GNPEK9-15503M	routers	software	non-hardware	flash	f3c2e4e7292410f4	Cisco 819 Non-Hardened 4G LTE 2.0 Machine-to-Machine Integrated Services Routers with Wi-F	1 GB
115617	S84GNPEK9-15503M	routers	software	non-hardware	emc_emissions	f3c2e4e7292410f4	Cisco 819 Non-Hardened 4G LTE 2.0 Machine-to-Machine Integrated Services Routers with Wi-F	EN55022/CISPR22, CFR 47 Part 15, ICES003, VCCI-V-3, AS/NZS CISPR22, CNS13438, EN
115614	S84GNPEK9-15503M	routers	software	non-hardware	emc_immunity	f3c2e4e7292410f4	Cisco 819 Non-Hardened 4G LTE 2.0 Machine-to-Machine Integrated Services Routers with Wi-F	EN55024/CISPR24, (EN61000-4-2, EN61000-4-3, EN61000-4-4, EN61000-4-5, EN61000-4-
208043	S84GUK9-15602T	routers	software	non-hardware	supported_protocols	f202cd45fb36710d	Cisco 819 Non-Hardened 4G LTE 2.5 Machine-to-Machine Integrated Services Routers with Wi-F	● IPv6 addressing architecture ● IPv6 name resolution ● IPv6 statistics ● IPv6 t
115618	S84GUK9-15602T	routers	software	non-hardware	programming_interfaces	f202cd45fb36710d	Cisco 819 Non-Hardened 4G LTE 2.5 Machine-to-Machine Integrated Services Routers with Wi-F	● Cisco IOS Software CLI
115620	S84GUK9-15602T	routers	software	non-hardware	dram	f202cd45fb36710d	Cisco 819 Non-Hardened 4G LTE 2.5 Machine-to-Machine Integrated Services Routers with Wi-F	1 GB
115621	S84GUK9-15602T	routers	software	non-hardware	flash	f202cd45fb36710d	Cisco 819 Non-Hardened 4G LTE 2.5 Machine-to-Machine Integrated Services Routers with Wi-F	1 GB
115622	S84GUK9-15602T	routers	software	non-hardware	temp_operating	f202cd45fb36710d	Cisco 819 Non-Hardened 4G LTE 2.5 Machine-to-Machine Integrated Services Routers with Wi-F	5° to 122°F (-15° to 50°C) (functional up to 131°F [55°C] non-3GPP compliant)
115623	S84GUK9-15602T	routers	software	non-hardware	emc_immunity	f202cd45fb36710d	Cisco 819 Non-Hardened 4G LTE 2.5 Machine-to-Machine Integrated Services Routers with Wi-F	EN55024/CISPR24, (EN61000-4-2, EN61000-4-3, EN61000-4-4, EN61000-4-5, EN61000-4-
115626	S84GUK9-15602T	routers	software	non-hardware	emc_emissions	f202cd45fb36710d	Cisco 819 Non-Hardened 4G LTE 2.5 Machine-to-Machine Integrated Services Routers with Wi-F	EN55022/CISPR22, CFR 47 Part 15, ICES003, VCCI-V-3, AS/NZS CISPR22, CNS13438, EN
208045	S812DNPK9-15602T	routers	software	non-hardware	supported_protocols	36487b1298137c74	Cisco 819 4G LTE 2.0 Machine-to-Machine Integrated Services Routers Data Sheet - Cisco	● IPv6 addressing architecture ● IPv6 name resolution ● IPv6 statistics ● IPv6 t
115659	S812DNPK9-15602T	routers	software	non-hardware	programming_interfaces	36487b1298137c74	Cisco 819 4G LTE 2.0 Machine-to-Machine Integrated Services Routers Data Sheet - Cisco	● Cisco IOS Software CLI
115661	S812DNPK9-15602T	routers	software	non-hardware	dram	36487b1298137c74	Cisco 819 4G LTE 2.0 Machine-to-Machine Integrated Services Routers Data Sheet - Cisco	1 GB
115662	S812DNPK9-15602T	routers	software	non-hardware	flash	36487b1298137c74	Cisco 819 4G LTE 2.0 Machine-to-Machine Integrated Services Routers Data Sheet - Cisco	1 GB
115663	S812DNPK9-15602T	routers	software	non-hardware	temp_operating	36487b1298137c74	Cisco 819 4G LTE 2.0 Machine-to-Machine Integrated Services Routers Data Sheet - Cisco	Cisco C819G-4G -4° to 122°F (-20° to 50°C) (functional up to 55C or 131°F, non 3
115664	S812DNPK9-15602T	routers	software	non-hardware	emc_immunity	36487b1298137c74	Cisco 819 4G LTE 2.0 Machine-to-Machine Integrated Services Routers Data Sheet - Cisco	EN55024/CISPR24, (EN61000-4-2, EN61000-4-3, EN61000-4-4, EN61000-4-5, EN61000-4-
115667	S812DNPK9-15602T	routers	software	non-hardware	emc_emissions	36487b1298137c74	Cisco 819 4G LTE 2.0 Machine-to-Machine Integrated Services Routers Data Sheet - Cisco	EN55022/CISPR22, CFR 47 Part 15, ICES003, VCCI-V-3, AS/NZS CISPR22, CNS13438, EN
208047	S812UK9-15602T	routers	software	non-hardware	supported_protocols	36487b1298137c74	Cisco 819 4G LTE 2.0 Machine-to-Machine Integrated Services Routers Data Sheet - Cisco	● IPv6 addressing architecture ● IPv6 name resolution ● IPv6 statistics ● IPv6 t
115690	S812UK9-15602T	routers	software	non-hardware	programming_interfaces	36487b1298137c74	Cisco 819 4G LTE 2.0 Machine-to-Machine Integrated Services Routers Data Sheet - Cisco	● Cisco IOS Software CLI
115692	S812UK9-15602T	routers	software	non-hardware	dram	36487b1298137c74	Cisco 819 4G LTE 2.0 Machine-to-Machine Integrated Services Routers Data Sheet - Cisco	1 GB
115693	S812UK9-15602T	routers	software	non-hardware	flash	36487b1298137c74	Cisco 819 4G LTE 2.0 Machine-to-Machine Integrated Services Routers Data Sheet - Cisco	1 GB
115694	S812UK9-15602T	routers	software	non-hardware	temp_operating	36487b1298137c74	Cisco 819 4G LTE 2.0 Machine-to-Machine Integrated Services Routers Data Sheet - Cisco	Cisco C819G-4G -4° to 122°F (-20° to 50°C) (functional up to 55C or 131°F, non 3
115695	S812UK9-15602T	routers	software	non-hardware	emc_immunity	36487b1298137c74	Cisco 819 4G LTE 2.0 Machine-to-Machine Integrated Services Routers Data Sheet - Cisco	EN55024/CISPR24, (EN61000-4-2, EN61000-4-3, EN61000-4-4, EN61000-4-5, EN61000-4-
115698	S812UK9-15602T	routers	software	non-hardware	emc_emissions	36487b1298137c74	Cisco 819 4G LTE 2.0 Machine-to-Machine Integrated Services Routers Data Sheet - Cisco	EN55022/CISPR22, CFR 47 Part 15, ICES003, VCCI-V-3, AS/NZS CISPR22, CNS13438, EN
208048	S84GUK9-15503M	routers	software	non-hardware	supported_protocols	f3c2e4e7292410f4	Cisco 819 Non-Hardened 4G LTE 2.0 Machine-to-Machine Integrated Services Routers with Wi-F	● IPv6 addressing architecture ● IPv6 name resolution ● IPv6 statistics ● IPv6 t
115707	S84GUK9-15503M	routers	software	non-hardware	programming_interfaces	f3c2e4e7292410f4	Cisco 819 Non-Hardened 4G LTE 2.0 Machine-to-Machine Integrated Services Routers with Wi-F	● Cisco IOS Software CLI
115709	S84GUK9-15503M	routers	software	non-hardware	dram	f3c2e4e7292410f4	Cisco 819 Non-Hardened 4G LTE 2.0 Machine-to-Machine Integrated Services Routers with Wi-F	1 GB
115710	S84GUK9-15503M	routers	software	non-hardware	flash	f3c2e4e7292410f4	Cisco 819 Non-Hardened 4G LTE 2.0 Machine-to-Machine Integrated Services Routers with Wi-F	1 GB
115715	S84GUK9-15503M	routers	software	non-hardware	emc_emissions	f3c2e4e7292410f4	Cisco 819 Non-Hardened 4G LTE 2.0 Machine-to-Machine Integrated Services Routers with Wi-F	EN55022/CISPR22, CFR 47 Part 15, ICES003, VCCI-V-3, AS/NZS CISPR22, CNS13438, EN
115712	S84GUK9-15503M	routers	software	non-hardware	emc_immunity	f3c2e4e7292410f4	Cisco 819 Non-Hardened 4G LTE 2.0 Machine-to-Machine Integrated Services Routers with Wi-F	EN55024/CISPR24, (EN61000-4-2, EN61000-4-3, EN61000-4-4, EN61000-4-5, EN61000-4-
208055	SL-810-ADVSEC	routers	license	non-hardware	supported_protocols	f3c2e4e7292410f4	Cisco 819 Non-Hardened 4G LTE 2.0 Machine-to-Machine Integrated Services Routers with Wi-F	● IPv6 addressing architecture ● IPv6 name resolution ● IPv6 statistics ● IPv6 t
118370	SL-810-ADVSEC	routers	license	non-hardware	altitude_max	eeedf4783e30b825	Cisco 819 Integrated Services Routers with 3G and Wi-Fi Data Sheet - Cisco	Above 5000 ft derate maximum operating temperature 1.50C per 1000 feet Maximum a
118369	SL-810-ADVSEC	routers	license	non-hardware	humidity_operating	561c0f07d63e8571	Cisco 812 CiFi Integrated Services Routers (3G-3.7G Cellular and Wi-Fi) Data Sheet - Cisco	Maximum 85% non-condensing RH
118365	SL-810-ADVSEC	routers	license	non-hardware	dram	f3c2e4e7292410f4	Cisco 819 Non-Hardened 4G LTE 2.0 Machine-to-Machine Integrated Services Routers with Wi-F	1 GB
118366	SL-810-ADVSEC	routers	license	non-hardware	flash	f3c2e4e7292410f4	Cisco 819 Non-Hardened 4G LTE 2.0 Machine-to-Machine Integrated Services Routers with Wi-F	1 GB
118368	SL-810-ADVSEC	routers	license	non-hardware	emc_immunity	f3c2e4e7292410f4	Cisco 819 Non-Hardened 4G LTE 2.0 Machine-to-Machine Integrated Services Routers with Wi-F	EN55024/CISPR24, (EN61000-4-2, EN61000-4-3, EN61000-4-4, EN61000-4-5, EN61000-4-
118373	SL-810-ADVSEC	routers	license	non-hardware	emc_emissions	f3c2e4e7292410f4	Cisco 819 Non-Hardened 4G LTE 2.0 Machine-to-Machine Integrated Services Routers with Wi-F	EN55022/CISPR22, CFR 47 Part 15, ICES003, VCCI-V-3, AS/NZS CISPR22, CNS13438, EN
208076	N3K-C3048-LAN1K9	switches	license	non-hardware	supported_protocols	f7a79b15dd1af88a	Cisco Nexus 3048 Switch Data Sheet - Cisco	● Layer 2 switch ports and VLAN trunks ● IEEE 802.1Q VLAN encapsulation ● Suppor
154597	N3K-C3048-LAN1K9	switches	license	non-hardware	snmp_mibs	f7a79b15dd1af88a	Cisco Nexus 3048 Switch Data Sheet - Cisco	Generic MIBs ● SNMPv2-SMI ● CISCO-SMI ● SNMPv2-TM ● SNMPv2-TC ● IANA-ADDRESS-FAM
141889	N3K-C3048-LAN1K9	switches	license	non-hardware	qos_features	f7a79b15dd1af88a	Cisco Nexus 3048 Switch Data Sheet - Cisco	Layer 2 IEEE 802.1p (Class of Service [CoS]) 8 hardware queues per port Per-port
146440	N3K-C3048-LAN1K9	switches	license	non-hardware	emc_emissions	f7a79b15dd1af88a	Cisco Nexus 3048 Switch Data Sheet - Cisco	● 47CFR Part 15 (CFR 47) Class A ● AS/NZS CISPR22 Class A ● CISPR22 Class A ● EN
146441	N3K-C3048-LAN1K9	switches	license	non-hardware	emc_immunity	f7a79b15dd1af88a	Cisco Nexus 3048 Switch Data Sheet - Cisco	● EN55024 ● CISPR24 ● EN300386 ● KN24
146439	N3K-C3048-LAN1K9	switches	license	non-hardware	ieee_standards	f7a79b15dd1af88a	Cisco Nexus 3048 Switch Data Sheet - Cisco	● IEEE 802.1D: Spanning Tree Protocol ● IEEE 802.1p: CoS Prioritization ● IEEE 8
99725	LS-FINDITNM-25-1Y=	cloud-systems-management	license	(no axis)	dram	305890c0102c2549	Cisco FindIT Network Manager Data Sheet - Cisco	Manager: 4GB Probe: 512MB
99726	LS-FINDITNM-25-1Y=	cloud-systems-management	license	(no axis)	host_os_support	305890c0102c2549	Cisco FindIT Network Manager Data Sheet - Cisco	Ubuntu Linux version 16.04.x Raspbian Stretch Linux
197460	LS-FINDITNM-25-1Y=	cloud-systems-management	license	(no axis)	supported_protocols	305890c0102c2549	Cisco FindIT Network Manager Data Sheet - Cisco	Cisco Discovery Protocol (CDP) Link-Layer Discovery Protocol (LLDP) Multicast DN
204103	A9K-2X100-VID-LIC	routers	license	non-hardware	ieee_standards	8ac963a60a793913	Cisco ASR 9000 Series 2-Port 100 Gigabit Ethernet Line Cards Data Sheet - Cisco	● 100-Gbps IEEE 802.3ba compliant ● 100 Gigabit Ethernet PHY monitoring ● IEEE 8
140561	A9K-2X100-VID-LIC	routers	license	non-hardware	humidity_storage	8ac963a60a793913	Cisco ASR 9000 Series 2-Port 100 Gigabit Ethernet Line Cards Data Sheet - Cisco	5 to 95% Note: Not to exceed 0.024 kg of water per kg of dry air
72612	A9K-2X100-VID-LIC	routers	license	non-hardware	humidity_operating	8ac963a60a793913	Cisco ASR 9000 Series 2-Port 100 Gigabit Ethernet Line Cards Data Sheet - Cisco	10 to 85%
72613	A9K-2X100-VID-LIC	routers	license	non-hardware	temp_storage	8ac963a60a793913	Cisco ASR 9000 Series 2-Port 100 Gigabit Ethernet Line Cards Data Sheet - Cisco	-40 to 158ºF (-40 to 70ºC)
72615	A9K-2X100-VID-LIC	routers	license	non-hardware	supported_protocols	8ac963a60a793913	Cisco ASR 9000 Series 2-Port 100 Gigabit Ethernet Line Cards Data Sheet - Cisco	NetFlow, IEEE 802.1ag, IEEE 802.3ah, ITU Y.1731, IP service-level agreement (IP 
153283	A9K-2X100-VID-LIC	routers	license	non-hardware	etsi_standards	8ac963a60a793913	Cisco ASR 9000 Series 2-Port 100 Gigabit Ethernet Line Cards Data Sheet - Cisco	Cisco ASR 9000 Series Routers are designed to meet: ● EN300 386: Telecommunicati
153282	A9K-2X100-VID-LIC	routers	license	non-hardware	temp_operating	8ac963a60a793913	Cisco ASR 9000 Series 2-Port 100 Gigabit Ethernet Line Cards Data Sheet - Cisco	23 to 131ºF (-5 to 55ºC) Note: Short-term refers to a period of not more than 96
131683	A9K-2X100-VID-LIC	routers	license	non-hardware	altitude_max	8ac963a60a793913	Cisco ASR 9000 Series 2-Port 100 Gigabit Ethernet Line Cards Data Sheet - Cisco	-60 to 4000m (up to 2000m conforms to IEC, EN, UL, and CSA 60950 requirements)
207665	A9K-2X100-VID-LIC	routers	license	non-hardware	certifications	8ac963a60a793913	Cisco ASR 9000 Series 2-Port 100 Gigabit Ethernet Line Cards Data Sheet - Cisco	Cisco ASR 9000 Series Routers are designed to meet: ● SR-3580: NEBS Criteria Lev
205070	L-ISA3000T-TMC-5Y	security	license	non-hardware	supported_protocols	ebce9a0dbe4b1ace	Cisco Secure Firewall ISA3000 Data Sheet - Cisco	● IPv4 static routing ● Dynamic routing (Routing Information Protocol [RIP], Enh
196410	L-ISA3000T-TMC-5Y	security	license	non-hardware	rfc_compliance	ebce9a0dbe4b1ace	Cisco Secure Firewall ISA3000 Data Sheet - Cisco	● RFC 768: User Datagram Protocol (UDP) ● RFC 783: Trivial FTP (TFTP) ● RFC 791:
199021	L-ISA3000T-TMC-5Y	security	license	non-hardware	ieee_standards	ebce9a0dbe4b1ace	Cisco Secure Firewall ISA3000 Data Sheet - Cisco	● IEEE 802.1D MAC Bridges, Spanning Tree Protocol (STP) ● IEEE 802.1p Layer2 cla
145946	M9500EXT1AK9=	storage-networking	license	non-hardware	supported_protocols	21031fae4600573e	Cisco MDS 9509 Multilayer Director Data Sheet - Cisco	● Fibre Channel standards ◦ FC-PH, Revision 4.3 (ANSI INCITS 230-1994) ◦ FC-PH, 
145950	M9500EXT1AK9=	storage-networking	license	non-hardware	certifications	21031fae4600573e	Cisco MDS 9509 Multilayer Director Data Sheet - Cisco	● Safety compliance ◦ CE Marking ◦ UL 60950 ◦ CAN/CSA-C22.2 No. 60950 ◦ EN 60950
145947	M9500EXT1AK9=	storage-networking	license	non-hardware	fabric_services	21031fae4600573e	Cisco MDS 9509 Multilayer Director Data Sheet - Cisco	● Name server ● Registered State Change Notification (RSCN) ● Login services ● F
145949	M9500EXT1AK9=	storage-networking	license	non-hardware	programming_interfaces	21031fae4600573e	Cisco MDS 9509 Multilayer Director Data Sheet - Cisco	● Scriptable CLI ● Data Center Network Manager web services API ● Device Manager
145948	M9500EXT1AK9=	storage-networking	license	non-hardware	diagnostics	21031fae4600573e	Cisco MDS 9509 Multilayer Director Data Sheet - Cisco	● Power-on-self-test (POST) diagnostics ● Online diagnostics ● Internal port loo
196389	L-ISA3000T-T-1Y	security	license	non-hardware	rfc_compliance	ebce9a0dbe4b1ace	Cisco Secure Firewall ISA3000 Data Sheet - Cisco	● RFC 768: User Datagram Protocol (UDP) ● RFC 783: Trivial FTP (TFTP) ● RFC 791:
205049	L-ISA3000T-T-1Y	security	license	non-hardware	supported_protocols	ebce9a0dbe4b1ace	Cisco Secure Firewall ISA3000 Data Sheet - Cisco	● IPv4 static routing ● Dynamic routing (Routing Information Protocol [RIP], Enh
199000	L-ISA3000T-T-1Y	security	license	non-hardware	ieee_standards	ebce9a0dbe4b1ace	Cisco Secure Firewall ISA3000 Data Sheet - Cisco	● IEEE 802.1D MAC Bridges, Spanning Tree Protocol (STP) ● IEEE 802.1p Layer2 cla
150469	M97FIC1K9	storage-networking	license	non-hardware	supported_protocols	52e4eaf997c5a20b	Cisco MDS 9700 Series Supervisor 1E Data Sheet - Cisco	● Fibre Channel standards ● FC-PH, Revision 4.3 (ANSI INCITS 230-1994) ● FC-PH, 
150471	M97FIC1K9	storage-networking	license	non-hardware	diagnostics	52e4eaf997c5a20b	Cisco MDS 9700 Series Supervisor 1E Data Sheet - Cisco	● POST diagnostics ● Online diagnostics ● Internal port loopbacks ● SPAN and RSP
150470	M97FIC1K9	storage-networking	license	non-hardware	fabric_services	52e4eaf997c5a20b	Cisco MDS 9700 Series Supervisor 1E Data Sheet - Cisco	● Name server ● Registered State Change Notification (RSCN) ● Login services ● F
150472	M97FIC1K9	storage-networking	license	non-hardware	certifications	52e4eaf997c5a20b	Cisco MDS 9700 Series Supervisor 1E Data Sheet - Cisco	● Safety compliance ◦ CE Marking ◦ UL 60950 ◦ CAN/CSA-C22.2 No. 60950 ◦ EN 60950
154588	N3K-ES-XM	switches	license	non-hardware	snmp_mibs	282a2d3f3f40268c	Cisco Nexus 3408-S Switch Data Sheet - Cisco	Generic MIBs ● SNMPv2-SMI ● CISCO-SMI ● SNMPv2-TM ● SNMPv2-TC ● IANA-ADDRESS-FAM
204401	N3K-ES-XM	switches	license	non-hardware	supported_protocols	282a2d3f3f40268c	Cisco Nexus 3408-S Switch Data Sheet - Cisco	● Layer 2 switch ports and VLAN trunks ● IEEE 802.1Q VLAN encapsulation ● Suppor
146380	N3K-ES-XM	switches	license	non-hardware	emc_emissions	282a2d3f3f40268c	Cisco Nexus 3408-S Switch Data Sheet - Cisco	● 47CFR Part 15 (CFR 47) Class A ● AS/NZS CISPR22 Class A ● CISPR22 Class A ● EN
146381	N3K-ES-XM	switches	license	non-hardware	emc_immunity	282a2d3f3f40268c	Cisco Nexus 3408-S Switch Data Sheet - Cisco	● EN55024 ● CISPR24 ● EN300386 ● KN24
146379	N3K-ES-XM	switches	license	non-hardware	ieee_standards	282a2d3f3f40268c	Cisco Nexus 3408-S Switch Data Sheet - Cisco	● IEEE 802.1D: Spanning Tree Protocol ● IEEE 802.1p: CoS Prioritization ● IEEE 8
196354	C1F1PIE50001K9	switches	license	non-hardware	rfc_compliance	5101115dc17605ec	Cisco Industrial Ethernet 5000 Series Switches Data Sheet - Cisco	● RFC 768: UDP ● RFC 783: TFTP ● RFC 791: IPv4 protocol ● RFC 792: ICMP ● RFC 79
140744	C1F1PIE50001K9	switches	license	non-hardware	snmp_mibs	5101115dc17605ec	Cisco Industrial Ethernet 5000 Series Switches Data Sheet - Cisco	● BRIDGE-MIB ● CALISTA-DPA-MIB ● CISCO-ACCESS-ENVMON-MIB ● CISCO-ADMISSION-POLIC
198228	C1F1PIE50001K9	switches	license	non-hardware	ieee_standards	5101115dc17605ec	Cisco Industrial Ethernet 5000 Series Switches Data Sheet - Cisco	● IEEE 802.1D MAC Bridges, STP ● IEEE 802.1p Layer2 COS prioritization ● IEEE 80
76404	C1F1PIE50001K9	switches	license	non-hardware	mac_table	5101115dc17605ec	Cisco Industrial Ethernet 5000 Series Switches Data Sheet - Cisco	16,000
76405	C1F1PIE50001K9	switches	license	non-hardware	vlan_max	5101115dc17605ec	Cisco Industrial Ethernet 5000 Series Switches Data Sheet - Cisco	1,005
203965	A9K-1X100G-AIP-SE	routers	license	non-hardware	ieee_standards	3827d5679b12c2f5	Cisco ASR 9000 Series 1-Port 100 Gigabit Ethernet Line Cards Data Sheet - Cisco	● 100-Gbps IEEE 802.3ba compliant ● 100 Gigabit Ethernet PHY monitoring ● IEEE 8
140501	A9K-1X100G-AIP-SE	routers	license	non-hardware	humidity_storage	3827d5679b12c2f5	Cisco ASR 9000 Series 1-Port 100 Gigabit Ethernet Line Cards Data Sheet - Cisco	5 to 95% Note: Not to exceed 0.024 kg of water per kg of dry air
72134	A9K-1X100G-AIP-SE	routers	license	non-hardware	humidity_operating	3827d5679b12c2f5	Cisco ASR 9000 Series 1-Port 100 Gigabit Ethernet Line Cards Data Sheet - Cisco	10 to 85%
152132	A9K-1X100G-AIP-SE	routers	license	non-hardware	temp_storage	3827d5679b12c2f5	Cisco ASR 9000 Series 1-Port 100 Gigabit Ethernet Line Cards Data Sheet - Cisco	–40 to 158ºF (–40 to 70ºC)
152131	A9K-1X100G-AIP-SE	routers	license	non-hardware	temp_operating	3827d5679b12c2f5	Cisco ASR 9000 Series 1-Port 100 Gigabit Ethernet Line Cards Data Sheet - Cisco	23 to 131ºF (–5 to 55ºC) Note: Short-term refers to a period of not more than 96
152134	A9K-1X100G-AIP-SE	routers	license	non-hardware	etsi_standards	3827d5679b12c2f5	Cisco ASR 9000 Series 1-Port 100 Gigabit Ethernet Line Cards Data Sheet - Cisco	Cisco ASR 9000 Series Routers are designed to meet: ● EN300 386: Telecommunicati
152133	A9K-1X100G-AIP-SE	routers	license	non-hardware	altitude_max	3827d5679b12c2f5	Cisco ASR 9000 Series 1-Port 100 Gigabit Ethernet Line Cards Data Sheet - Cisco	–60 to 4000m (up to 2000m conforms to IEC, EN, UL, and CSA 60950 requirements)
72137	A9K-1X100G-AIP-SE	routers	license	non-hardware	supported_protocols	3827d5679b12c2f5	Cisco ASR 9000 Series 1-Port 100 Gigabit Ethernet Line Cards Data Sheet - Cisco	NetFlow, IEEE 802.1ag, IEEE 802.3ah, ITU Y.1731, IP service-level agreement (IP 
207422	A9K-1X100G-AIP-SE	routers	license	non-hardware	certifications	3827d5679b12c2f5	Cisco ASR 9000 Series 1-Port 100 Gigabit Ethernet Line Cards Data Sheet - Cisco	Cisco ASR 9000 Series Routers are designed to meet: ● SR-3580: NEBS Criteria Lev
203973	A9K-24P10G-AIP-SE	routers	license	non-hardware	ieee_standards	3eb3330b2b6be911	Cisco ASR 9000 Series 24-Port and 48-Port Dual-Rate 10GE/1GE Line Card Data Sheet - Cisco	● 10-Gbps IEEE 802.3ba compliant ● 10 Gigabit Ethernet PHY monitoring ● IEEE 802
140548	A9K-24P10G-AIP-SE	routers	license	non-hardware	humidity_storage	3eb3330b2b6be911	Cisco ASR 9000 Series 24-Port and 48-Port Dual-Rate 10GE/1GE Line Card Data Sheet - Cisco	5 to 95% Note: Not to exceed 0.024 kg of water per kg of dry air
72501	A9K-24P10G-AIP-SE	routers	license	non-hardware	temp_operating	3eb3330b2b6be911	Cisco ASR 9000 Series 24-Port and 48-Port Dual-Rate 10GE/1GE Line Card Data Sheet - Cisco	41 to 104°F (5 to 40°C)
72502	A9K-24P10G-AIP-SE	routers	license	non-hardware	humidity_operating	3eb3330b2b6be911	Cisco ASR 9000 Series 24-Port and 48-Port Dual-Rate 10GE/1GE Line Card Data Sheet - Cisco	10 to 85%
72506	A9K-24P10G-AIP-SE	routers	license	non-hardware	supported_protocols	3eb3330b2b6be911	Cisco ASR 9000 Series 24-Port and 48-Port Dual-Rate 10GE/1GE Line Card Data Sheet - Cisco	NetFlow, IEEE 802.1ag, IEEE 802.3ah, ITU Y.1731, IP Service-Level Agreement (IP 
152044	A9K-24P10G-AIP-SE	routers	license	non-hardware	temp_storage	3eb3330b2b6be911	Cisco ASR 9000 Series 24-Port and 48-Port Dual-Rate 10GE/1GE Line Card Data Sheet - Cisco	–40 to 158°F (–40 to 70°C)
152046	A9K-24P10G-AIP-SE	routers	license	non-hardware	etsi_standards	3eb3330b2b6be911	Cisco ASR 9000 Series 24-Port and 48-Port Dual-Rate 10GE/1GE Line Card Data Sheet - Cisco	Cisco ASR 9000 Series Routers are designed to meet: ● EN300 386: Telecommunicati
152045	A9K-24P10G-AIP-SE	routers	license	non-hardware	altitude_max	3eb3330b2b6be911	Cisco ASR 9000 Series 24-Port and 48-Port Dual-Rate 10GE/1GE Line Card Data Sheet - Cisco	–60 to 4000 m (up to 2000 m conforms to IEC, EN, UL, and CSA 60950 requirements)
207405	A9K-24P10G-AIP-SE	routers	license	non-hardware	certifications	3eb3330b2b6be911	Cisco ASR 9000 Series 24-Port and 48-Port Dual-Rate 10GE/1GE Line Card Data Sheet - Cisco	Cisco ASR 9000 Series Routers are designed to meet: ● FCC Class A ● ICES 003 Cla
99314	L-SL-19-SECNPE-K9=	interfaces-modules	license	non-hardware	dram	e539825af78bd0b5	Cisco Integrated Services Routers Generation 2 Ordering Guide - Cisco	None available; Fixed 512MB DRAM only
99315	L-SL-19-SECNPE-K9=	interfaces-modules	license	non-hardware	flash	e539825af78bd0b5	Cisco Integrated Services Routers Generation 2 Ordering Guide - Cisco	None available; Fixed internal 256MB eUSB Flash only
99310	L-SL-29-SECNPE-K9=	interfaces-modules	license	non-hardware	dram	e539825af78bd0b5	Cisco Integrated Services Routers Generation 2 Ordering Guide - Cisco	None available; Fixed 512MB DRAM only
99311	L-SL-29-SECNPE-K9=	interfaces-modules	license	non-hardware	flash	e539825af78bd0b5	Cisco Integrated Services Routers Generation 2 Ordering Guide - Cisco	None available; Fixed internal 256MB eUSB Flash only
203999	SIEUISK9T-15002EK=	switches	software	non-hardware	ieee_standards	44e86d65bcf106ad	Cisco Industrial Ethernet 2000U Series Switches Data Sheet - Cisco	● IEEE 802.1s ● IEEE 802.1w ● IEEE 802.1x ● IEEE 802.3ad ● IEEE 802.3ah ● IEEE 8
152836	SIEUISK9T-15002EK=	switches	software	non-hardware	certifications	44e86d65bcf106ad	Cisco Industrial Ethernet 2000U Series Switches Data Sheet - Cisco	● UL 60950-1 ● CSA 60950-1 ● EN 60950-1 ● IEC 60950-1, CB report and certificate
117956	SIEUISK9T-15002EK=	switches	software	non-hardware	temp_operating	44e86d65bcf106ad	Cisco Industrial Ethernet 2000U Series Switches Data Sheet - Cisco	● Operating Temperature: -40C to +75C ● -40C to +70C (Vented Enclosure – 40 LFM 
144513	M91VXK9-P-7Y-OSM	storage-networking	license	non-hardware	supported_protocols	b1c4eb1b17106929	MDS 9124V 64-Gbps 24-Port Fibre Channel Switch Data Sheet - Cisco	● Fibre Channel standards ● FC-PI-6 (INCITS 512-2015) ● FC-PI-7 (INCITS 543-2019
144517	M91VXK9-P-7Y-OSM	storage-networking	license	non-hardware	fabric_services	b1c4eb1b17106929	MDS 9124V 64-Gbps 24-Port Fibre Channel Switch Data Sheet - Cisco	● Name server ● Registered State Change Notification (RSCN) ● Login services ● F
144514	M91VXK9-P-7Y-OSM	storage-networking	license	non-hardware	diagnostics	b1c4eb1b17106929	MDS 9124V 64-Gbps 24-Port Fibre Channel Switch Data Sheet - Cisco	● Power-On-Self-Test (POST) diagnostics ● Online Health Management System (OHMS)
144515	M91VXK9-P-7Y-OSM	storage-networking	license	non-hardware	programming_interfaces	b1c4eb1b17106929	MDS 9124V 64-Gbps 24-Port Fibre Channel Switch Data Sheet - Cisco	● Scriptable CLI ● Cisco DCNM/NDFC web services API ● NX-API HTTP/HTTPS interfac
144516	M91VXK9-P-7Y-OSM	storage-networking	license	non-hardware	certifications	b1c4eb1b17106929	MDS 9124V 64-Gbps 24-Port Fibre Channel Switch Data Sheet - Cisco	● Safety compliance ● CE Marking ● UL 60950 ● CAN/CSA-C22.2 No. 60950 ● EN 60950
100184	M91VXK9-P-7Y-OSM	storage-networking	license	non-hardware	temp_operating	b1c4eb1b17106929	MDS 9124V 64-Gbps 24-Port Fibre Channel Switch Data Sheet - Cisco	● Temperature, ambient operating: ◦ 32 to 104°F (0 to 40°C) with port-side exhau
141001	C9300L-DNA-E-48-5Y	switches	license	non-hardware	humidity_storage	638d72c59601332b	Cisco Catalyst 9300 Series Switches Data Sheet - Cisco	5% to 90% noncondensing
198477	C9300L-DNA-E-48-5Y	switches	license	non-hardware	ieee_standards	638d72c59601332b	Cisco Catalyst 9300 Series Switches Data Sheet - Cisco	IEEE 802.1s IEEE 802.1w IEEE 802.1x IEEE 802.1x-Rev IEEE 802.3ad IEEE 802.3ae IE
79099	C9300L-DNA-E-48-5Y	switches	license	non-hardware	temp_operating	638d72c59601332b	Cisco Catalyst 9300 Series Switches Data Sheet - Cisco	Normal operating temperature * and altitudes: -5°C to +45°C, up to 5000 feet (15
79100	C9300L-DNA-E-48-5Y	switches	license	non-hardware	temp_storage	638d72c59601332b	Cisco Catalyst 9300 Series Switches Data Sheet - Cisco	-40° to 158°F (-40° to 70°C)
204009	S340XI-12244EY	switches	software	non-hardware	ieee_standards	52ae06cf3a1eae4a	Cisco ME 3400E Series Ethernet Access Switches Data Sheet - Cisco	● IEEE 802.1s ● IEEE 802.1w ● IEEE 802.1x ● IEEE 802.3ad ● IEEE 802.3ah ● IEEE 8
140740	C1A1PIE40001K9	switches	license	non-hardware	snmp_mibs	5101115dc17605ec	Cisco Industrial Ethernet 5000 Series Switches Data Sheet - Cisco	● BRIDGE-MIB ● CALISTA-DPA-MIB ● CISCO-ACCESS-ENVMON-MIB ● CISCO-ADMISSION-POLIC
152594	C1A1PIE40001K9	switches	license	non-hardware	supported_protocols	5101115dc17605ec	Cisco Industrial Ethernet 5000 Series Switches Data Sheet - Cisco	IEEE 802.1, 802.3, 802.3at, 802.3af standard, VTPv2, NTP, UDLD, CDP, LLDP, Unica
198224	C1A1PIE40001K9	switches	license	non-hardware	ieee_standards	5101115dc17605ec	Cisco Industrial Ethernet 5000 Series Switches Data Sheet - Cisco	● IEEE 802.1D MAC Bridges, STP ● IEEE 802.1p Layer2 COS prioritization ● IEEE 80
76268	C1A1PIE40001K9	switches	license	non-hardware	mac_table	5101115dc17605ec	Cisco Industrial Ethernet 5000 Series Switches Data Sheet - Cisco	16,000
76269	C1A1PIE40001K9	switches	license	non-hardware	vlan_max	5101115dc17605ec	Cisco Industrial Ethernet 5000 Series Switches Data Sheet - Cisco	1,005
152596	C1A1PIE40001K9	switches	license	non-hardware	rfc_compliance	5101115dc17605ec	Cisco Industrial Ethernet 5000 Series Switches Data Sheet - Cisco	● RFC 768: UDP ● RFC 783: TFTP ● RFC 791: IPv4 protocol ● RFC 792: ICMP ● RFC 79
157810	L-RFGW1-DVB	video	license	non-hardware	temp_storage	211f9513a8451065	Cisco RF Gateway 1 - Cisco	–30 to 158°F (–22 to 70°C)
99294	L-RFGW1-DVB	video	license	non-hardware	temp_operating	211f9513a8451065	Cisco RF Gateway 1 - Cisco	32 to 122°F (0 to 50°C)
99295	L-RFGW1-DVB	video	license	non-hardware	humidity_operating	211f9513a8451065	Cisco RF Gateway 1 - Cisco	5% to 95%, non-condensing
99293	L-RFGW1-DVB	video	license	non-hardware	supported_protocols	211f9513a8451065	Cisco RF Gateway 1 - Cisco	HTTP, SNMP, FTP, RPC
107998	NO-POWER-CORD	switches	non_product	non-hardware	emc_immunity	b41c5b953f712f00	Cisco UCS C240 M7 SFF Rack Server Spec Sheet	EN55035 EN55024 CISPR24/35 EN300386 KS C 9835 IEC/EN61000-6-1
107997	NO-POWER-CORD	switches	non_product	non-hardware	emc_emissions	b41c5b953f712f00	Cisco UCS C240 M7 SFF Rack Server Spec Sheet	47CFR Part 15 (CFR 47) Class A AS/NZS CISPR32 Class A CISPR32 Class A EN55032 Cl
141049	C9300-DNX-A-24-5Y	switches	license	non-hardware	humidity_storage	638d72c59601332b	Cisco Catalyst 9300 Series Switches Data Sheet - Cisco	5% to 90% noncondensing
198488	C9300-DNX-A-24-5Y	switches	license	non-hardware	ieee_standards	638d72c59601332b	Cisco Catalyst 9300 Series Switches Data Sheet - Cisco	IEEE 802.1s IEEE 802.1w IEEE 802.1x IEEE 802.1x-Rev IEEE 802.3ad IEEE 802.3ae IE
79381	C9300-DNX-A-24-5Y	switches	license	non-hardware	temp_operating	638d72c59601332b	Cisco Catalyst 9300 Series Switches Data Sheet - Cisco	Normal operating temperature * and altitudes: -5°C to +45°C, up to 5000 feet (15
79382	C9300-DNX-A-24-5Y	switches	license	non-hardware	temp_storage	638d72c59601332b	Cisco Catalyst 9300 Series Switches Data Sheet - Cisco	-40° to 158°F (-40° to 70°C)
141080	C9300-DNX-A-24S-5Y	switches	license	non-hardware	humidity_storage	638d72c59601332b	Cisco Catalyst 9300 Series Switches Data Sheet - Cisco	5% to 90% noncondensing
198499	C9300-DNX-A-24S-5Y	switches	license	non-hardware	ieee_standards	638d72c59601332b	Cisco Catalyst 9300 Series Switches Data Sheet - Cisco	IEEE 802.1s IEEE 802.1w IEEE 802.1x IEEE 802.1x-Rev IEEE 802.3ad IEEE 802.3ae IE
79575	C9300-DNX-A-24S-5Y	switches	license	non-hardware	temp_operating	638d72c59601332b	Cisco Catalyst 9300 Series Switches Data Sheet - Cisco	Normal operating temperature * and altitudes: -5°C to +45°C, up to 5000 feet (15
79576	C9300-DNX-A-24S-5Y	switches	license	non-hardware	temp_storage	638d72c59601332b	Cisco Catalyst 9300 Series Switches Data Sheet - Cisco	-40° to 158°F (-40° to 70°C)
100117	M9250IP20-16G=	storage-networking	license	non-hardware	programming_interfaces	f33a76d7c2c030f9	Cisco MDS 9250i Multiservice Fabric Switch Data Sheet - Cisco	● Scriptable CLI ● Cisco Prime DCNM web services API ● Cisco Device Manager GUI
141099	C9300-DNX-E-48S-3Y	switches	license	non-hardware	humidity_storage	638d72c59601332b	Cisco Catalyst 9300 Series Switches Data Sheet - Cisco	5% to 90% noncondensing
198512	C9300-DNX-E-48S-3Y	switches	license	non-hardware	ieee_standards	638d72c59601332b	Cisco Catalyst 9300 Series Switches Data Sheet - Cisco	IEEE 802.1s IEEE 802.1w IEEE 802.1x IEEE 802.1x-Rev IEEE 802.3ad IEEE 802.3ae IE
79689	C9300-DNX-E-48S-3Y	switches	license	non-hardware	temp_operating	638d72c59601332b	Cisco Catalyst 9300 Series Switches Data Sheet - Cisco	Normal operating temperature * and altitudes: -5°C to +45°C, up to 5000 feet (15
79690	C9300-DNX-E-48S-3Y	switches	license	non-hardware	temp_storage	638d72c59601332b	Cisco Catalyst 9300 Series Switches Data Sheet - Cisco	-40° to 158°F (-40° to 70°C)
141110	C9300-DNX-A-48S-5Y	switches	license	non-hardware	humidity_storage	638d72c59601332b	Cisco Catalyst 9300 Series Switches Data Sheet - Cisco	5% to 90% noncondensing
79766	C9300-DNX-A-48S-5Y	switches	license	non-hardware	temp_operating	638d72c59601332b	Cisco Catalyst 9300 Series Switches Data Sheet - Cisco	Normal operating temperature * and altitudes: -5°C to +45°C, up to 5000 feet (15
79767	C9300-DNX-A-48S-5Y	switches	license	non-hardware	temp_storage	638d72c59601332b	Cisco Catalyst 9300 Series Switches Data Sheet - Cisco	-40° to 158°F (-40° to 70°C)
198518	C9300-DNX-A-48S-5Y	switches	license	non-hardware	ieee_standards	638d72c59601332b	Cisco Catalyst 9300 Series Switches Data Sheet - Cisco	IEEE 802.1s IEEE 802.1w IEEE 802.1x IEEE 802.1x-Rev IEEE 802.3ad IEEE 802.3ae IE
141113	C9300L-DNA-E-48-7Y	switches	license	non-hardware	humidity_storage	638d72c59601332b	Cisco Catalyst 9300 Series Switches Data Sheet - Cisco	5% to 90% noncondensing
198521	C9300L-DNA-E-48-7Y	switches	license	non-hardware	ieee_standards	638d72c59601332b	Cisco Catalyst 9300 Series Switches Data Sheet - Cisco	IEEE 802.1s IEEE 802.1w IEEE 802.1x IEEE 802.1x-Rev IEEE 802.3ad IEEE 802.3ae IE
79784	C9300L-DNA-E-48-7Y	switches	license	non-hardware	temp_operating	638d72c59601332b	Cisco Catalyst 9300 Series Switches Data Sheet - Cisco	Normal operating temperature * and altitudes: -5°C to +45°C, up to 5000 feet (15
79785	C9300L-DNA-E-48-7Y	switches	license	non-hardware	temp_storage	638d72c59601332b	Cisco Catalyst 9300 Series Switches Data Sheet - Cisco	-40° to 158°F (-40° to 70°C)
141114	C9300L-DNX-E-48-3Y	switches	license	non-hardware	humidity_storage	638d72c59601332b	Cisco Catalyst 9300 Series Switches Data Sheet - Cisco	5% to 90% noncondensing
198522	C9300L-DNX-E-48-3Y	switches	license	non-hardware	ieee_standards	638d72c59601332b	Cisco Catalyst 9300 Series Switches Data Sheet - Cisco	IEEE 802.1s IEEE 802.1w IEEE 802.1x IEEE 802.1x-Rev IEEE 802.3ad IEEE 802.3ae IE
79790	C9300L-DNX-E-48-3Y	switches	license	non-hardware	temp_operating	638d72c59601332b	Cisco Catalyst 9300 Series Switches Data Sheet - Cisco	Normal operating temperature * and altitudes: -5°C to +45°C, up to 5000 feet (15
79791	C9300L-DNX-E-48-3Y	switches	license	non-hardware	temp_storage	638d72c59601332b	Cisco Catalyst 9300 Series Switches Data Sheet - Cisco	-40° to 158°F (-40° to 70°C)
141125	C9300-DNX-E-24-5Y	switches	license	non-hardware	humidity_storage	638d72c59601332b	Cisco Catalyst 9300 Series Switches Data Sheet - Cisco	5% to 90% noncondensing
198525	C9300-DNX-E-24-5Y	switches	license	non-hardware	ieee_standards	638d72c59601332b	Cisco Catalyst 9300 Series Switches Data Sheet - Cisco	IEEE 802.1s IEEE 802.1w IEEE 802.1x IEEE 802.1x-Rev IEEE 802.3ad IEEE 802.3ae IE
79870	C9300-DNX-E-24-5Y	switches	license	non-hardware	temp_operating	638d72c59601332b	Cisco Catalyst 9300 Series Switches Data Sheet - Cisco	Normal operating temperature * and altitudes: -5°C to +45°C, up to 5000 feet (15
79871	C9300-DNX-E-24-5Y	switches	license	non-hardware	temp_storage	638d72c59601332b	Cisco Catalyst 9300 Series Switches Data Sheet - Cisco	-40° to 158°F (-40° to 70°C)
141126	C9300L-DNA-A-24-3Y	switches	license	non-hardware	humidity_storage	638d72c59601332b	Cisco Catalyst 9300 Series Switches Data Sheet - Cisco	5% to 90% noncondensing
198526	C9300L-DNA-A-24-3Y	switches	license	non-hardware	ieee_standards	638d72c59601332b	Cisco Catalyst 9300 Series Switches Data Sheet - Cisco	IEEE 802.1s IEEE 802.1w IEEE 802.1x IEEE 802.1x-Rev IEEE 802.3ad IEEE 802.3ae IE
79877	C9300L-DNA-A-24-3Y	switches	license	non-hardware	temp_storage	638d72c59601332b	Cisco Catalyst 9300 Series Switches Data Sheet - Cisco	-40° to 158°F (-40° to 70°C)
79876	C9300L-DNA-A-24-3Y	switches	license	non-hardware	temp_operating	638d72c59601332b	Cisco Catalyst 9300 Series Switches Data Sheet - Cisco	Normal operating temperature * and altitudes: -5°C to +45°C, up to 5000 feet (15
141140	C9300-DNA-L-E-5Y	switches	license	non-hardware	humidity_storage	638d72c59601332b	Cisco Catalyst 9300 Series Switches Data Sheet - Cisco	5% to 90% noncondensing
198529	C9300-DNA-L-E-5Y	switches	license	non-hardware	ieee_standards	638d72c59601332b	Cisco Catalyst 9300 Series Switches Data Sheet - Cisco	IEEE 802.1s IEEE 802.1w IEEE 802.1x IEEE 802.1x-Rev IEEE 802.3ad IEEE 802.3ae IE
79959	C9300-DNA-L-E-5Y	switches	license	non-hardware	temp_operating	638d72c59601332b	Cisco Catalyst 9300 Series Switches Data Sheet - Cisco	Normal operating temperature * and altitudes: -5°C to +45°C, up to 5000 feet (15
79960	C9300-DNA-L-E-5Y	switches	license	non-hardware	temp_storage	638d72c59601332b	Cisco Catalyst 9300 Series Switches Data Sheet - Cisco	-40° to 158°F (-40° to 70°C)
141142	C9300L-DNA-A-48-3Y	switches	license	non-hardware	humidity_storage	638d72c59601332b	Cisco Catalyst 9300 Series Switches Data Sheet - Cisco	5% to 90% noncondensing
79971	C9300L-DNA-A-48-3Y	switches	license	non-hardware	temp_operating	638d72c59601332b	Cisco Catalyst 9300 Series Switches Data Sheet - Cisco	Normal operating temperature * and altitudes: -5°C to +45°C, up to 5000 feet (15
79972	C9300L-DNA-A-48-3Y	switches	license	non-hardware	temp_storage	638d72c59601332b	Cisco Catalyst 9300 Series Switches Data Sheet - Cisco	-40° to 158°F (-40° to 70°C)
198531	C9300L-DNA-A-48-3Y	switches	license	non-hardware	ieee_standards	638d72c59601332b	Cisco Catalyst 9300 Series Switches Data Sheet - Cisco	IEEE 802.1s IEEE 802.1w IEEE 802.1x IEEE 802.1x-Rev IEEE 802.3ad IEEE 802.3ae IE
140517	A9K-800G-AIP-SE	routers	license	non-hardware	humidity_storage	76ee894fc554be6b	Cisco ASR 9000 Series 4-Port and 8-Port 100 Gigabit Ethernet Line Cards Data Sheet - Cisco	5 to 95% Note: Not to exceed 0.024 kg of water per kg of dry air
72270	A9K-800G-AIP-SE	routers	license	non-hardware	supported_protocols	76ee894fc554be6b	Cisco ASR 9000 Series 4-Port and 8-Port 100 Gigabit Ethernet Line Cards Data Sheet - Cisco	NetFlow, IEEE 802.1ag, IEEE 802.3ah, ITU Y.1731, IP service-level agreement (IP 
150243	A9K-800G-AIP-SE	routers	license	non-hardware	etsi_standards	76ee894fc554be6b	Cisco ASR 9000 Series 4-Port and 8-Port 100 Gigabit Ethernet Line Cards Data Sheet - Cisco	Cisco ASR 9000 Series Routers are designed to meet: ● EN300 386: Telecommunicati
150242	A9K-800G-AIP-SE	routers	license	non-hardware	temp_storage	76ee894fc554be6b	Cisco ASR 9000 Series 4-Port and 8-Port 100 Gigabit Ethernet Line Cards Data Sheet - Cisco	–40 to 158°F (–40 to 70°C)
130767	A9K-800G-AIP-SE	routers	license	non-hardware	altitude_max	b2bda04df1c5ea67	Cisco ASR 9900 Series 8-Port 100 Gigabit Ethernet Line Cards with 7-Fabric Support Data Sh	-60 to 4000 m (up to 2000 m conforms to IEC, EN, UL, and CSA 60950 requirements)
72265	A9K-800G-AIP-SE	routers	license	non-hardware	temp_operating	76ee894fc554be6b	Cisco ASR 9000 Series 4-Port and 8-Port 100 Gigabit Ethernet Line Cards Data Sheet - Cisco	41 to 104°F (5 to 40°C)
72266	A9K-800G-AIP-SE	routers	license	non-hardware	humidity_operating	76ee894fc554be6b	Cisco ASR 9000 Series 4-Port and 8-Port 100 Gigabit Ethernet Line Cards Data Sheet - Cisco	10 to 85%
204066	A9K-800G-AIP-SE	routers	license	non-hardware	ieee_standards	76ee894fc554be6b	Cisco ASR 9000 Series 4-Port and 8-Port 100 Gigabit Ethernet Line Cards Data Sheet - Cisco	● 100-Gbps IEEE 802.3ba compliant ● 100 Gigabit Ethernet PHY monitoring ● IEEE 8
207094	A9K-800G-AIP-SE	routers	license	non-hardware	certifications	76ee894fc554be6b	Cisco ASR 9000 Series 4-Port and 8-Port 100 Gigabit Ethernet Line Cards Data Sheet - Cisco	Cisco ASR 9000 Series Routers are designed to meet: ● FCC Class A ● ICES 003 Cla
140596	A9K-800G-AIP-TR	routers	license	non-hardware	humidity_storage	76ee894fc554be6b	Cisco ASR 9000 Series 4-Port and 8-Port 100 Gigabit Ethernet Line Cards Data Sheet - Cisco	5 to 95% Note: Not to exceed 0.024 kg of water per kg of dry air
72872	A9K-800G-AIP-TR	routers	license	non-hardware	temp_operating	76ee894fc554be6b	Cisco ASR 9000 Series 4-Port and 8-Port 100 Gigabit Ethernet Line Cards Data Sheet - Cisco	41 to 104°F (5 to 40°C)
72873	A9K-800G-AIP-TR	routers	license	non-hardware	humidity_operating	76ee894fc554be6b	Cisco ASR 9000 Series 4-Port and 8-Port 100 Gigabit Ethernet Line Cards Data Sheet - Cisco	10 to 85%
150247	A9K-800G-AIP-TR	routers	license	non-hardware	etsi_standards	76ee894fc554be6b	Cisco ASR 9000 Series 4-Port and 8-Port 100 Gigabit Ethernet Line Cards Data Sheet - Cisco	Cisco ASR 9000 Series Routers are designed to meet: ● EN300 386: Telecommunicati
130768	A9K-800G-AIP-TR	routers	license	non-hardware	altitude_max	b2bda04df1c5ea67	Cisco ASR 9900 Series 8-Port 100 Gigabit Ethernet Line Cards with 7-Fabric Support Data Sh	-60 to 4000 m (up to 2000 m conforms to IEC, EN, UL, and CSA 60950 requirements)
150246	A9K-800G-AIP-TR	routers	license	non-hardware	temp_storage	76ee894fc554be6b	Cisco ASR 9000 Series 4-Port and 8-Port 100 Gigabit Ethernet Line Cards Data Sheet - Cisco	–40 to 158°F (–40 to 70°C)
72877	A9K-800G-AIP-TR	routers	license	non-hardware	supported_protocols	76ee894fc554be6b	Cisco ASR 9000 Series 4-Port and 8-Port 100 Gigabit Ethernet Line Cards Data Sheet - Cisco	NetFlow, IEEE 802.1ag, IEEE 802.3ah, ITU Y.1731, IP service-level agreement (IP 
204067	A9K-800G-AIP-TR	routers	license	non-hardware	ieee_standards	76ee894fc554be6b	Cisco ASR 9000 Series 4-Port and 8-Port 100 Gigabit Ethernet Line Cards Data Sheet - Cisco	● 100-Gbps IEEE 802.3ba compliant ● 100 Gigabit Ethernet PHY monitoring ● IEEE 8
207095	A9K-800G-AIP-TR	routers	license	non-hardware	certifications	76ee894fc554be6b	Cisco ASR 9000 Series 4-Port and 8-Port 100 Gigabit Ethernet Line Cards Data Sheet - Cisco	Cisco ASR 9000 Series Routers are designed to meet: ● FCC Class A ● ICES 003 Cla
141764	LIC-C9300-48A-10Y	switches	license	non-hardware	humidity_storage	638d72c59601332b	Cisco Catalyst 9300 Series Switches Data Sheet - Cisco	5% to 90% noncondensing
198543	LIC-C9300-48A-10Y	switches	license	non-hardware	ieee_standards	638d72c59601332b	Cisco Catalyst 9300 Series Switches Data Sheet - Cisco	IEEE 802.1s IEEE 802.1w IEEE 802.1x IEEE 802.1x-Rev IEEE 802.3ad IEEE 802.3ae IE
99354	LIC-C9300-48A-10Y	switches	license	non-hardware	temp_operating	638d72c59601332b	Cisco Catalyst 9300 Series Switches Data Sheet - Cisco	Normal operating temperature * and altitudes: -5°C to +45°C, up to 5000 feet (15
99355	LIC-C9300-48A-10Y	switches	license	non-hardware	temp_storage	638d72c59601332b	Cisco Catalyst 9300 Series Switches Data Sheet - Cisco	-40° to 158°F (-40° to 70°C)
141768	LIC-C9300-48E-1Y	switches	license	non-hardware	humidity_storage	638d72c59601332b	Cisco Catalyst 9300 Series Switches Data Sheet - Cisco	5% to 90% noncondensing
198547	LIC-C9300-48E-1Y	switches	license	non-hardware	ieee_standards	638d72c59601332b	Cisco Catalyst 9300 Series Switches Data Sheet - Cisco	IEEE 802.1s IEEE 802.1w IEEE 802.1x IEEE 802.1x-Rev IEEE 802.3ad IEEE 802.3ae IE
99402	LIC-C9300-48E-1Y	switches	license	non-hardware	temp_operating	638d72c59601332b	Cisco Catalyst 9300 Series Switches Data Sheet - Cisco	Normal operating temperature * and altitudes: -5°C to +45°C, up to 5000 feet (15
99403	LIC-C9300-48E-1Y	switches	license	non-hardware	temp_storage	638d72c59601332b	Cisco Catalyst 9300 Series Switches Data Sheet - Cisco	-40° to 158°F (-40° to 70°C)
204070	A9K-800G-OPT-LIC	routers	license	non-hardware	ieee_standards	76ee894fc554be6b	Cisco ASR 9000 Series 4-Port and 8-Port 100 Gigabit Ethernet Line Cards Data Sheet - Cisco	● 100-Gbps IEEE 802.3ba compliant ● 100 Gigabit Ethernet PHY monitoring ● IEEE 8
140509	A9K-800G-OPT-LIC	routers	license	non-hardware	humidity_storage	76ee894fc554be6b	Cisco ASR 9000 Series 4-Port and 8-Port 100 Gigabit Ethernet Line Cards Data Sheet - Cisco	5 to 95% Note: Not to exceed 0.024 kg of water per kg of dry air
72202	A9K-800G-OPT-LIC	routers	license	non-hardware	supported_protocols	76ee894fc554be6b	Cisco ASR 9000 Series 4-Port and 8-Port 100 Gigabit Ethernet Line Cards Data Sheet - Cisco	NetFlow, IEEE 802.1ag, IEEE 802.3ah, ITU Y.1731, IP service-level agreement (IP 
150259	A9K-800G-OPT-LIC	routers	license	non-hardware	etsi_standards	76ee894fc554be6b	Cisco ASR 9000 Series 4-Port and 8-Port 100 Gigabit Ethernet Line Cards Data Sheet - Cisco	Cisco ASR 9000 Series Routers are designed to meet: ● EN300 386: Telecommunicati
130771	A9K-800G-OPT-LIC	routers	license	non-hardware	altitude_max	b2bda04df1c5ea67	Cisco ASR 9900 Series 8-Port 100 Gigabit Ethernet Line Cards with 7-Fabric Support Data Sh	-60 to 4000 m (up to 2000 m conforms to IEC, EN, UL, and CSA 60950 requirements)
72197	A9K-800G-OPT-LIC	routers	license	non-hardware	temp_operating	76ee894fc554be6b	Cisco ASR 9000 Series 4-Port and 8-Port 100 Gigabit Ethernet Line Cards Data Sheet - Cisco	41 to 104°F (5 to 40°C)
72198	A9K-800G-OPT-LIC	routers	license	non-hardware	humidity_operating	76ee894fc554be6b	Cisco ASR 9000 Series 4-Port and 8-Port 100 Gigabit Ethernet Line Cards Data Sheet - Cisco	10 to 85%
150258	A9K-800G-OPT-LIC	routers	license	non-hardware	temp_storage	76ee894fc554be6b	Cisco ASR 9000 Series 4-Port and 8-Port 100 Gigabit Ethernet Line Cards Data Sheet - Cisco	–40 to 158°F (–40 to 70°C)
207098	A9K-800G-OPT-LIC	routers	license	non-hardware	certifications	76ee894fc554be6b	Cisco ASR 9000 Series 4-Port and 8-Port 100 Gigabit Ethernet Line Cards Data Sheet - Cisco	Cisco ASR 9000 Series Routers are designed to meet: ● FCC Class A ● ICES 003 Cla
141779	LIC-C9300-48A-5Y	switches	license	non-hardware	humidity_storage	638d72c59601332b	Cisco Catalyst 9300 Series Switches Data Sheet - Cisco	5% to 90% noncondensing
198558	LIC-C9300-48A-5Y	switches	license	non-hardware	ieee_standards	638d72c59601332b	Cisco Catalyst 9300 Series Switches Data Sheet - Cisco	IEEE 802.1s IEEE 802.1w IEEE 802.1x IEEE 802.1x-Rev IEEE 802.3ad IEEE 802.3ae IE
99522	LIC-C9300-48A-5Y	switches	license	non-hardware	temp_operating	638d72c59601332b	Cisco Catalyst 9300 Series Switches Data Sheet - Cisco	Normal operating temperature * and altitudes: -5°C to +45°C, up to 5000 feet (15
99523	LIC-C9300-48A-5Y	switches	license	non-hardware	temp_storage	638d72c59601332b	Cisco Catalyst 9300 Series Switches Data Sheet - Cisco	-40° to 158°F (-40° to 70°C)
141781	LIC-C9300-48A-3Y	switches	license	non-hardware	humidity_storage	638d72c59601332b	Cisco Catalyst 9300 Series Switches Data Sheet - Cisco	5% to 90% noncondensing
198560	LIC-C9300-48A-3Y	switches	license	non-hardware	ieee_standards	638d72c59601332b	Cisco Catalyst 9300 Series Switches Data Sheet - Cisco	IEEE 802.1s IEEE 802.1w IEEE 802.1x IEEE 802.1x-Rev IEEE 802.3ad IEEE 802.3ae IE
99540	LIC-C9300-48A-3Y	switches	license	non-hardware	temp_operating	638d72c59601332b	Cisco Catalyst 9300 Series Switches Data Sheet - Cisco	Normal operating temperature * and altitudes: -5°C to +45°C, up to 5000 feet (15
99541	LIC-C9300-48A-3Y	switches	license	non-hardware	temp_storage	638d72c59601332b	Cisco Catalyst 9300 Series Switches Data Sheet - Cisco	-40° to 158°F (-40° to 70°C)
203901	S-A9903-AIP	routers	license	non-hardware	ieee_standards	2b56b0b7c4e8c61a	Cisco ASR 9903 Compact High-Performance Router Data Sheet - Cisco	● 10 Gbps IEEE 802.3ae compliant ● 40/100-Gbps IEEE 802.3ba compliant ● 100 Giga
147234	S-A9903-AIP	routers	license	non-hardware	temp_storage	2b56b0b7c4e8c61a	Cisco ASR 9903 Compact High-Performance Router Data Sheet - Cisco	–40 to 158°F (–40 to 70°C)
142638	S-A9903-AIP	routers	license	non-hardware	humidity_storage	2b56b0b7c4e8c61a	Cisco ASR 9903 Compact High-Performance Router Data Sheet - Cisco	5 to 95% Note: Not to exceed 0.024 kg of water per kg of dry air
114857	S-A9903-AIP	routers	license	non-hardware	supported_protocols	2b56b0b7c4e8c61a	Cisco ASR 9903 Compact High-Performance Router Data Sheet - Cisco	NetFlow, IEEE 802.1ag, IEEE 802.3ah, ITU Y.1731, IP Service-Level Agreement (IP 
147235	S-A9903-AIP	routers	license	non-hardware	altitude_max	2b56b0b7c4e8c61a	Cisco ASR 9903 Compact High-Performance Router Data Sheet - Cisco	–60 to 1800 m
114853	S-A9903-AIP	routers	license	non-hardware	temp_operating	2b56b0b7c4e8c61a	Cisco ASR 9903 Compact High-Performance Router Data Sheet - Cisco	41 to 104°F (5 to 40°C) Note: Limitations may apply when using high-power optics
114854	S-A9903-AIP	routers	license	non-hardware	humidity_operating	2b56b0b7c4e8c61a	Cisco ASR 9903 Compact High-Performance Router Data Sheet - Cisco	10 to 85%
206783	S-A9903-AIP	routers	license	non-hardware	certifications	2b56b0b7c4e8c61a	Cisco ASR 9903 Compact High-Performance Router Data Sheet - Cisco	The Cisco ASR 9903 Router is designed to meet: ● FCC Class A ● ICES 003 Class A 
203980	A9K-48P10G-IVRF	routers	license	non-hardware	ieee_standards	3eb3330b2b6be911	Cisco ASR 9000 Series 24-Port and 48-Port Dual-Rate 10GE/1GE Line Card Data Sheet - Cisco	● 10-Gbps IEEE 802.3ba compliant ● 10 Gigabit Ethernet PHY monitoring ● IEEE 802
140556	A9K-48P10G-IVRF	routers	license	non-hardware	humidity_storage	3eb3330b2b6be911	Cisco ASR 9000 Series 24-Port and 48-Port Dual-Rate 10GE/1GE Line Card Data Sheet - Cisco	5 to 95% Note: Not to exceed 0.024 kg of water per kg of dry air
72562	A9K-48P10G-IVRF	routers	license	non-hardware	temp_operating	3eb3330b2b6be911	Cisco ASR 9000 Series 24-Port and 48-Port Dual-Rate 10GE/1GE Line Card Data Sheet - Cisco	41 to 104°F (5 to 40°C)
72563	A9K-48P10G-IVRF	routers	license	non-hardware	humidity_operating	3eb3330b2b6be911	Cisco ASR 9000 Series 24-Port and 48-Port Dual-Rate 10GE/1GE Line Card Data Sheet - Cisco	10 to 85%
72567	A9K-48P10G-IVRF	routers	license	non-hardware	supported_protocols	3eb3330b2b6be911	Cisco ASR 9000 Series 24-Port and 48-Port Dual-Rate 10GE/1GE Line Card Data Sheet - Cisco	NetFlow, IEEE 802.1ag, IEEE 802.3ah, ITU Y.1731, IP Service-Level Agreement (IP 
152079	A9K-48P10G-IVRF	routers	license	non-hardware	temp_storage	3eb3330b2b6be911	Cisco ASR 9000 Series 24-Port and 48-Port Dual-Rate 10GE/1GE Line Card Data Sheet - Cisco	–40 to 158°F (–40 to 70°C)
152081	A9K-48P10G-IVRF	routers	license	non-hardware	etsi_standards	3eb3330b2b6be911	Cisco ASR 9000 Series 24-Port and 48-Port Dual-Rate 10GE/1GE Line Card Data Sheet - Cisco	Cisco ASR 9000 Series Routers are designed to meet: ● EN300 386: Telecommunicati
152080	A9K-48P10G-IVRF	routers	license	non-hardware	altitude_max	3eb3330b2b6be911	Cisco ASR 9000 Series 24-Port and 48-Port Dual-Rate 10GE/1GE Line Card Data Sheet - Cisco	–60 to 4000 m (up to 2000 m conforms to IEC, EN, UL, and CSA 60950 requirements)
207412	A9K-48P10G-IVRF	routers	license	non-hardware	certifications	3eb3330b2b6be911	Cisco ASR 9000 Series 24-Port and 48-Port Dual-Rate 10GE/1GE Line Card Data Sheet - Cisco	Cisco ASR 9000 Series Routers are designed to meet: ● FCC Class A ● ICES 003 Cla
76262	C1A1AIE40001K9	switches	license	non-hardware	mac_table	4bc5727c94dae842	Cisco Industrial Ethernet 4000 Series Switches Data Sheet - Cisco	16,000
76263	C1A1AIE40001K9	switches	license	non-hardware	vlan_max	4bc5727c94dae842	Cisco Industrial Ethernet 4000 Series Switches Data Sheet - Cisco	1,000
197041	C1A1AIE40001K9	switches	license	non-hardware	ieee_standards	4bc5727c94dae842	Cisco Industrial Ethernet 4000 Series Switches Data Sheet - Cisco	● IEEE 802.1D MAC Bridges, STP ● IEEE 802.1p Layer2 COS prioritization ● IEEE 80
146757	C1A1AIE40001K9	switches	license	non-hardware	supported_protocols	4bc5727c94dae842	Cisco Industrial Ethernet 4000 Series Switches Data Sheet - Cisco	IEEE 802.1, 802.3, 802.3at, 802.3af standard, VTPv2, NTP, UDLD, CDP, LLDP, Unica
196565	C1A1AIE40001K9	switches	license	non-hardware	rfc_compliance	4bc5727c94dae842	Cisco Industrial Ethernet 4000 Series Switches Data Sheet - Cisco	● RFC 768: UDP ● RFC 783: TFTP ● RFC 791: IPv4 protocol ● RFC 792: ICMP ● RFC 79
154341	C1A1AIE40001K9	switches	license	non-hardware	snmp_mibs	4bc5727c94dae842	Cisco Industrial Ethernet 4000 Series Switches Data Sheet - Cisco	● BRIDGE-MIB ● CALISTA-DPA-MIB ● CISCO-ACCESS-ENVMON-MIB ● CISCO-ADMISSION-POLIC
152797	N6KUK9-707N1.1=	switches	software	non-hardware	emc_emissions	d4f2edad9ed4f1eb	Cisco Nexus 5600 Platform 10-Gbps Switches Data Sheet - Cisco	● 47CFR Part 15 (CFR 47) Class A ● AS/NZS CISPR22 Class A ● CISPR22 Class A ● EN
152798	N6KUK9-707N1.1=	switches	software	non-hardware	emc_immunity	d4f2edad9ed4f1eb	Cisco Nexus 5600 Platform 10-Gbps Switches Data Sheet - Cisco	● EN55024 ● CISPR24 ● EN300386 ● KN 61000-4 series
205066	L-ISA3000-TMC-1Y	security	license	non-hardware	supported_protocols	ebce9a0dbe4b1ace	Cisco Secure Firewall ISA3000 Data Sheet - Cisco	● IPv4 static routing ● Dynamic routing (Routing Information Protocol [RIP], Enh
196406	L-ISA3000-TMC-1Y	security	license	non-hardware	rfc_compliance	ebce9a0dbe4b1ace	Cisco Secure Firewall ISA3000 Data Sheet - Cisco	● RFC 768: User Datagram Protocol (UDP) ● RFC 783: Trivial FTP (TFTP) ● RFC 791:
199017	L-ISA3000-TMC-1Y	security	license	non-hardware	ieee_standards	ebce9a0dbe4b1ace	Cisco Secure Firewall ISA3000 Data Sheet - Cisco	● IEEE 802.1D MAC Bridges, Spanning Tree Protocol (STP) ● IEEE 802.1p Layer2 cla
72153	A9K-2X100G-AIP-TR	routers	license	non-hardware	supported_protocols	8ac963a60a793913	Cisco ASR 9000 Series 2-Port 100 Gigabit Ethernet Line Cards Data Sheet - Cisco	NetFlow, IEEE 802.1ag, IEEE 802.3ah, ITU Y.1731, IP service-level agreement (IP 
140503	A9K-2X100G-AIP-TR	routers	license	non-hardware	humidity_storage	8ac963a60a793913	Cisco ASR 9000 Series 2-Port 100 Gigabit Ethernet Line Cards Data Sheet - Cisco	5 to 95% Note: Not to exceed 0.024 kg of water per kg of dry air
72150	A9K-2X100G-AIP-TR	routers	license	non-hardware	humidity_operating	8ac963a60a793913	Cisco ASR 9000 Series 2-Port 100 Gigabit Ethernet Line Cards Data Sheet - Cisco	10 to 85%
72151	A9K-2X100G-AIP-TR	routers	license	non-hardware	temp_storage	8ac963a60a793913	Cisco ASR 9000 Series 2-Port 100 Gigabit Ethernet Line Cards Data Sheet - Cisco	-40 to 158ºF (-40 to 70ºC)
153291	A9K-2X100G-AIP-TR	routers	license	non-hardware	etsi_standards	8ac963a60a793913	Cisco ASR 9000 Series 2-Port 100 Gigabit Ethernet Line Cards Data Sheet - Cisco	Cisco ASR 9000 Series Routers are designed to meet: ● EN300 386: Telecommunicati
131685	A9K-2X100G-AIP-TR	routers	license	non-hardware	altitude_max	8ac963a60a793913	Cisco ASR 9000 Series 2-Port 100 Gigabit Ethernet Line Cards Data Sheet - Cisco	-60 to 4000m (up to 2000m conforms to IEC, EN, UL, and CSA 60950 requirements)
153290	A9K-2X100G-AIP-TR	routers	license	non-hardware	temp_operating	8ac963a60a793913	Cisco ASR 9000 Series 2-Port 100 Gigabit Ethernet Line Cards Data Sheet - Cisco	23 to 131ºF (-5 to 55ºC) Note: Short-term refers to a period of not more than 96
204105	A9K-2X100G-AIP-TR	routers	license	non-hardware	ieee_standards	8ac963a60a793913	Cisco ASR 9000 Series 2-Port 100 Gigabit Ethernet Line Cards Data Sheet - Cisco	● 100-Gbps IEEE 802.3ba compliant ● 100 Gigabit Ethernet PHY monitoring ● IEEE 8
207667	A9K-2X100G-AIP-TR	routers	license	non-hardware	certifications	8ac963a60a793913	Cisco ASR 9000 Series 2-Port 100 Gigabit Ethernet Line Cards Data Sheet - Cisco	Cisco ASR 9000 Series Routers are designed to meet: ● SR-3580: NEBS Criteria Lev
103095	N6KUK9-706N1.1=	switches	software	non-hardware	emc_emissions	6808d677ec50358c	Cisco Nexus 5600 Platform 40-Gbps Switches Data Sheet - Cisco	● 47CFR Part 15 (CFR 47) Class A ● AS/NZS CISPR22 Class A ● CISPR22 Class A ● EN
103096	N6KUK9-706N1.1=	switches	software	non-hardware	emc_immunity	6808d677ec50358c	Cisco Nexus 5600 Platform 40-Gbps Switches Data Sheet - Cisco	● EN55024 ● CISPR24 ● EN300386 ● KN 61000-4 series
204117	A9K-MOD160-VID-LIC	routers	license	non-hardware	ieee_standards	8ca1749c46484a31	Cisco ASR 9000 Series Modular Line Cards Data Sheet - Cisco	● IEEE 802.3 compliant ● 10 Gigabit Ethernet PHY monitoring ● IEEE 802.x flow co
140586	A9K-MOD160-VID-LIC	routers	license	non-hardware	humidity_storage	8ca1749c46484a31	Cisco ASR 9000 Series Modular Line Cards Data Sheet - Cisco	5 to 95% Note: Not to exceed 0.024 kg of water per kg of dry air
72799	A9K-MOD160-VID-LIC	routers	license	non-hardware	humidity_operating	8ca1749c46484a31	Cisco ASR 9000 Series Modular Line Cards Data Sheet - Cisco	10 to 85%
153325	A9K-MOD160-VID-LIC	routers	license	non-hardware	temp_storage	8ca1749c46484a31	Cisco ASR 9000 Series Modular Line Cards Data Sheet - Cisco	–40 to 158ºF (–40 to 70ºC)
153324	A9K-MOD160-VID-LIC	routers	license	non-hardware	temp_operating	8ca1749c46484a31	Cisco ASR 9000 Series Modular Line Cards Data Sheet - Cisco	23 to 131ºF (–5 to 55ºC)
153327	A9K-MOD160-VID-LIC	routers	license	non-hardware	etsi_standards	8ca1749c46484a31	Cisco ASR 9000 Series Modular Line Cards Data Sheet - Cisco	Cisco ASR 9000 Series Routers are designed to meet: ● EN300 386: Telecommunicati
153326	A9K-MOD160-VID-LIC	routers	license	non-hardware	altitude_max	8ca1749c46484a31	Cisco ASR 9000 Series Modular Line Cards Data Sheet - Cisco	–60 to 4000m (up to 2000m conforms to IEC, EN, UL, and CSA 60950 requirements)
207673	A9K-MOD160-VID-LIC	routers	license	non-hardware	certifications	8ca1749c46484a31	Cisco ASR 9000 Series Modular Line Cards Data Sheet - Cisco	Cisco ASR 9000 Series Routers are designed to meet: ● SR-3580: NEBS Criteria Lev
98758	L-DCNM-S-M95-K9=	storage-networking	license	non-hardware	fabric_services	21031fae4600573e	Cisco MDS 9509 Multilayer Director Data Sheet - Cisco	● Name server ● Registered State Change Notification (RSCN) ● Login services ● F
98760	L-DCNM-S-M95-K9=	storage-networking	license	non-hardware	programming_interfaces	21031fae4600573e	Cisco MDS 9509 Multilayer Director Data Sheet - Cisco	● Scriptable CLI ● Data Center Network Manager web services API ● Device Manager
98786	L-DCNM-S-M95-K9	storage-networking	license	non-hardware	programming_interfaces	21031fae4600573e	Cisco MDS 9509 Multilayer Director Data Sheet - Cisco	● Scriptable CLI ● Data Center Network Manager web services API ● Device Manager
98784	L-DCNM-S-M95-K9	storage-networking	license	non-hardware	fabric_services	21031fae4600573e	Cisco MDS 9509 Multilayer Director Data Sheet - Cisco	● Name server ● Registered State Change Notification (RSCN) ● Login services ● F
99020	L-M9250IIOA=	storage-networking	license	non-hardware	programming_interfaces	f33a76d7c2c030f9	Cisco MDS 9250i Multiservice Fabric Switch Data Sheet - Cisco	● Scriptable CLI ● Cisco Prime DCNM web services API ● Cisco Device Manager GUI
99096	L-M9250IDMMK9=	storage-networking	license	non-hardware	programming_interfaces	f33a76d7c2c030f9	Cisco MDS 9250i Multiservice Fabric Switch Data Sheet - Cisco	● Scriptable CLI ● Cisco Prime DCNM web services API ● Cisco Device Manager GUI
99089	L-M95IOA184=	storage-networking	license	non-hardware	programming_interfaces	21031fae4600573e	Cisco MDS 9509 Multilayer Director Data Sheet - Cisco	● Scriptable CLI ● Data Center Network Manager web services API ● Device Manager
99087	L-M95IOA184=	storage-networking	license	non-hardware	fabric_services	21031fae4600573e	Cisco MDS 9509 Multilayer Director Data Sheet - Cisco	● Name server ● Registered State Change Notification (RSCN) ● Login services ● F
103198	N6KUK9-705N1.1=	switches	software	non-hardware	emc_emissions	4acf1239580e3ae6	Cisco Nexus 6004 Extensible Fixed Switch Data Sheet - Cisco	● 47CFR Part 15 (CFR 47) Class A ● AS/NZS CISPR22 Class A ● CISPR22 Class A ● EN
103199	N6KUK9-705N1.1=	switches	software	non-hardware	emc_immunity	4acf1239580e3ae6	Cisco Nexus 6004 Extensible Fixed Switch Data Sheet - Cisco	● EN55024 ● CISPR24 ● EN300386 ● KN 61000-4 series
99124	L-M95DMM184K9=	storage-networking	license	non-hardware	programming_interfaces	21031fae4600573e	Cisco MDS 9509 Multilayer Director Data Sheet - Cisco	● Scriptable CLI ● Data Center Network Manager web services API ● Device Manager
99122	L-M95DMM184K9=	storage-networking	license	non-hardware	fabric_services	21031fae4600573e	Cisco MDS 9509 Multilayer Director Data Sheet - Cisco	● Name server ● Registered State Change Notification (RSCN) ● Login services ● F
99130	L-M95SMESSNK9=	storage-networking	license	non-hardware	programming_interfaces	21031fae4600573e	Cisco MDS 9509 Multilayer Director Data Sheet - Cisco	● Scriptable CLI ● Data Center Network Manager web services API ● Device Manager
99128	L-M95SMESSNK9=	storage-networking	license	non-hardware	fabric_services	21031fae4600573e	Cisco MDS 9509 Multilayer Director Data Sheet - Cisco	● Name server ● Registered State Change Notification (RSCN) ● Login services ● F
99144	L-M95IOASSN=	storage-networking	license	non-hardware	programming_interfaces	21031fae4600573e	Cisco MDS 9509 Multilayer Director Data Sheet - Cisco	● Scriptable CLI ● Data Center Network Manager web services API ● Device Manager
99142	L-M95IOASSN=	storage-networking	license	non-hardware	fabric_services	21031fae4600573e	Cisco MDS 9509 Multilayer Director Data Sheet - Cisco	● Name server ● Registered State Change Notification (RSCN) ● Login services ● F
145673	M9148V-PL8=	storage-networking	license	non-hardware	diagnostics	a13d76bc83912201	Cisco MDS 9148V 64-Gbps 48-Port Fibre Channel Switch Data Sheet - Cisco	● Power-On-Self-Test (POST) diagnostics ● Online Health Management System (OHMS)
145674	M9148V-PL8=	storage-networking	license	non-hardware	programming_interfaces	a13d76bc83912201	Cisco MDS 9148V 64-Gbps 48-Port Fibre Channel Switch Data Sheet - Cisco	● Scriptable CLI ● Cisco DCNM/NDFC web services API ● NX-API HTTP/HTTPS interfac
145676	M9148V-PL8=	storage-networking	license	non-hardware	fabric_services	a13d76bc83912201	Cisco MDS 9148V 64-Gbps 48-Port Fibre Channel Switch Data Sheet - Cisco	● Name server ● Registered State Change Notification (RSCN) ● Login services ● F
145672	M9148V-PL8=	storage-networking	license	non-hardware	supported_protocols	a13d76bc83912201	Cisco MDS 9148V 64-Gbps 48-Port Fibre Channel Switch Data Sheet - Cisco	● Fibre Channel standards ● FC-PI-6 (INCITS 512-2015) ● FC-PI-7 (INCITS 543-2019
99774	M9148V-PL8=	storage-networking	license	non-hardware	temp_operating	a13d76bc83912201	Cisco MDS 9148V 64-Gbps 48-Port Fibre Channel Switch Data Sheet - Cisco	● Temperature, ambient operating: ◦ 32 to 104°F (0 to 40°C) with port-side exhau
145675	M9148V-PL8=	storage-networking	license	non-hardware	certifications	a13d76bc83912201	Cisco MDS 9148V 64-Gbps 48-Port Fibre Channel Switch Data Sheet - Cisco	● Safety compliance ● CE Marking ● UL 60950 ● CAN/CSA-C22.2 No. 60950 ● EN 60950
99803	M9200FMS1K9=	storage-networking	license	non-hardware	programming_interfaces	e8b6b46a85541966	Cisco MDS 9000 18/4-Port Multiservice Module - Cisco	• Scriptable CLI • Fabric Manager GUI • Device Manager GUI
99816	M9250IDMMT6M=	storage-networking	license	non-hardware	programming_interfaces	f33a76d7c2c030f9	Cisco MDS 9250i Multiservice Fabric Switch Data Sheet - Cisco	● Scriptable CLI ● Cisco Prime DCNM web services API ● Cisco Device Manager GUI
141640	IE9300-NW-A=	switches	license	non-hardware	qos_features	1b91e980e48bf2c7	Cisco Catalyst IE9300 Rugged Series Data Sheet - Cisco	802.1p, priority queuing, Modular QoS command-line interface (MQC), class-based 
153131	IE9300-NW-A=	switches	license	non-hardware	supported_protocols	1b91e980e48bf2c7	Cisco Catalyst IE9300 Rugged Series Data Sheet - Cisco	802.1Q, 802.1w, 802.1ab, 802.1s, 802.3ad, 802.3x, Per-VLAN Rapid Spanning Tree (
197079	IE9300-NW-A=	switches	license	non-hardware	ieee_standards	1b91e980e48bf2c7	Cisco Catalyst IE9300 Rugged Series Data Sheet - Cisco	● IEEE 802.1D MAC Bridges, STP ● IEEE 802.1p Layer2 COS prioritization ● IEEE 80
153133	IE9300-NW-A=	switches	license	non-hardware	shock	1b91e980e48bf2c7	Cisco Catalyst IE9300 Rugged Series Data Sheet - Cisco	IEC 60068-2-6 (Vibration) IEC 60068-2-27 (Shock) IEC 60068-2-31 (Shock) IEC 6006
97226	IE9300-NW-A=	switches	license	non-hardware	programming_interfaces	1b91e980e48bf2c7	Cisco Catalyst IE9300 Rugged Series Data Sheet - Cisco	YANG, NETCONF, RESTCONF, Cisco Plug and Play (PnP), Day-0 Zero Touch Provisionin
97228	IE9300-NW-A=	switches	license	non-hardware	humidity_operating	1b91e980e48bf2c7	Cisco Catalyst IE9300 Rugged Series Data Sheet - Cisco	Relative humidity of 5% to 95% noncondensing IEC 60068-2-3 IEC 60068-2-30
97232	IE9300-NW-A=	switches	license	non-hardware	temp_operating	1b91e980e48bf2c7	Cisco Catalyst IE9300 Rugged Series Data Sheet - Cisco	Operating temperature: -40° to 75°C (-40° to 167°F) (blower-equipped cabinet) -4
131644	IE9300-NW-A=	switches	license	non-hardware	temp_storage	1b91e980e48bf2c7	Cisco Catalyst IE9300 Rugged Series Data Sheet - Cisco	Temperature: -40° to 85°C (-40° to 185°F) Altitude: 15,000 feet (4572 m) IEC 600
196602	IE9300-NW-A=	switches	license	non-hardware	rfc_compliance	1b91e980e48bf2c7	Cisco Catalyst IE9300 Rugged Series Data Sheet - Cisco	● RFC 768: UDP ● RFC 783: TFTP ● RFC 791: IPv4 protocol ● RFC 792: ICMP ● RFC 79
154507	IE9300-NW-A=	switches	license	non-hardware	snmp_mibs	1b91e980e48bf2c7	Cisco Catalyst IE9300 Rugged Series Data Sheet - Cisco	● BRIDGE-MIB ● CALISTA-DPA-MIB ● CISCO-ACCESS-ENVMON-MIB ● CISCO-ADMISSION-POLIC
207828	IE9300-NW-A=	switches	license	non-hardware	certifications	1b91e980e48bf2c7	Cisco Catalyst IE9300 Rugged Series Data Sheet - Cisco	EN 303 413 1 ; EN 61000-6-2 Industrial EN 61000-6-4 Industrial EN 61000-6-1 Ligh
99972	M92IOA184=	storage-networking	license	non-hardware	programming_interfaces	e8b6b46a85541966	Cisco MDS 9000 18/4-Port Multiservice Module - Cisco	• Scriptable CLI • Fabric Manager GUI • Device Manager GUI
100073	M9250IDMMK9=	storage-networking	license	non-hardware	programming_interfaces	f33a76d7c2c030f9	Cisco MDS 9250i Multiservice Fabric Switch Data Sheet - Cisco	● Scriptable CLI ● Cisco Prime DCNM web services API ● Cisco Device Manager GUI
100124	M9250IPD20-16GSFP=	storage-networking	license	non-hardware	programming_interfaces	f33a76d7c2c030f9	Cisco MDS 9250i Multiservice Fabric Switch Data Sheet - Cisco	● Scriptable CLI ● Cisco Prime DCNM web services API ● Cisco Device Manager GUI
145035	M9500FIC1K9	storage-networking	license	non-hardware	supported_protocols	21031fae4600573e	Cisco MDS 9509 Multilayer Director Data Sheet - Cisco	● Fibre Channel standards ◦ FC-PH, Revision 4.3 (ANSI INCITS 230-1994) ◦ FC-PH, 
145036	M9500FIC1K9	storage-networking	license	non-hardware	fabric_services	21031fae4600573e	Cisco MDS 9509 Multilayer Director Data Sheet - Cisco	● Name server ● Registered State Change Notification (RSCN) ● Login services ● F
145037	M9500FIC1K9	storage-networking	license	non-hardware	diagnostics	21031fae4600573e	Cisco MDS 9509 Multilayer Director Data Sheet - Cisco	● Power-on-self-test (POST) diagnostics ● Online diagnostics ● Internal port loo
145038	M9500FIC1K9	storage-networking	license	non-hardware	programming_interfaces	21031fae4600573e	Cisco MDS 9509 Multilayer Director Data Sheet - Cisco	● Scriptable CLI ● Data Center Network Manager web services API ● Device Manager
145039	M9500FIC1K9	storage-networking	license	non-hardware	certifications	21031fae4600573e	Cisco MDS 9509 Multilayer Director Data Sheet - Cisco	● Safety compliance ◦ CE Marking ◦ UL 60950 ◦ CAN/CSA-C22.2 No. 60950 ◦ EN 60950
145668	M9148V-PL8	storage-networking	license	non-hardware	diagnostics	a13d76bc83912201	Cisco MDS 9148V 64-Gbps 48-Port Fibre Channel Switch Data Sheet - Cisco	● Power-On-Self-Test (POST) diagnostics ● Online Health Management System (OHMS)
145669	M9148V-PL8	storage-networking	license	non-hardware	programming_interfaces	a13d76bc83912201	Cisco MDS 9148V 64-Gbps 48-Port Fibre Channel Switch Data Sheet - Cisco	● Scriptable CLI ● Cisco DCNM/NDFC web services API ● NX-API HTTP/HTTPS interfac
145670	M9148V-PL8	storage-networking	license	non-hardware	certifications	a13d76bc83912201	Cisco MDS 9148V 64-Gbps 48-Port Fibre Channel Switch Data Sheet - Cisco	● Safety compliance ● CE Marking ● UL 60950 ● CAN/CSA-C22.2 No. 60950 ● EN 60950
145671	M9148V-PL8	storage-networking	license	non-hardware	fabric_services	a13d76bc83912201	Cisco MDS 9148V 64-Gbps 48-Port Fibre Channel Switch Data Sheet - Cisco	● Name server ● Registered State Change Notification (RSCN) ● Login services ● F
145667	M9148V-PL8	storage-networking	license	non-hardware	supported_protocols	a13d76bc83912201	Cisco MDS 9148V 64-Gbps 48-Port Fibre Channel Switch Data Sheet - Cisco	● Fibre Channel standards ● FC-PI-6 (INCITS 512-2015) ● FC-PI-7 (INCITS 543-2019
100148	M9148V-PL8	storage-networking	license	non-hardware	temp_operating	a13d76bc83912201	Cisco MDS 9148V 64-Gbps 48-Port Fibre Channel Switch Data Sheet - Cisco	● Temperature, ambient operating: ◦ 32 to 104°F (0 to 40°C) with port-side exhau
100229	M92DMM184K9=	storage-networking	license	non-hardware	programming_interfaces	e8b6b46a85541966	Cisco MDS 9000 18/4-Port Multiservice Module - Cisco	• Scriptable CLI • Fabric Manager GUI • Device Manager GUI
100234	M92DMM184TSK9=	storage-networking	license	non-hardware	programming_interfaces	e8b6b46a85541966	Cisco MDS 9000 18/4-Port Multiservice Module - Cisco	• Scriptable CLI • Fabric Manager GUI • Device Manager GUI
141024	C9300L-DNX-E-24-5Y	switches	license	non-hardware	humidity_storage	638d72c59601332b	Cisco Catalyst 9300 Series Switches Data Sheet - Cisco	5% to 90% noncondensing
79233	C9300L-DNX-E-24-5Y	switches	license	non-hardware	temp_operating	638d72c59601332b	Cisco Catalyst 9300 Series Switches Data Sheet - Cisco	Normal operating temperature * and altitudes: -5°C to +45°C, up to 5000 feet (15
79234	C9300L-DNX-E-24-5Y	switches	license	non-hardware	temp_storage	638d72c59601332b	Cisco Catalyst 9300 Series Switches Data Sheet - Cisco	-40° to 158°F (-40° to 70°C)
198485	C9300L-DNX-E-24-5Y	switches	license	non-hardware	ieee_standards	638d72c59601332b	Cisco Catalyst 9300 Series Switches Data Sheet - Cisco	IEEE 802.1s IEEE 802.1w IEEE 802.1x IEEE 802.1x-Rev IEEE 802.3ad IEEE 802.3ae IE
198237	L-IE5000-RTU=	switches	license	non-hardware	ieee_standards	5101115dc17605ec	Cisco Industrial Ethernet 5000 Series Switches Data Sheet - Cisco	● IEEE 802.1D MAC Bridges, STP ● IEEE 802.1p Layer2 COS prioritization ● IEEE 80
141760	L-IE5000-RTU=	switches	license	non-hardware	snmp_mibs	5101115dc17605ec	Cisco Industrial Ethernet 5000 Series Switches Data Sheet - Cisco	● BRIDGE-MIB ● CALISTA-DPA-MIB ● CISCO-ACCESS-ENVMON-MIB ● CISCO-ADMISSION-POLIC
98885	L-IE5000-RTU=	switches	license	non-hardware	mac_table	5101115dc17605ec	Cisco Industrial Ethernet 5000 Series Switches Data Sheet - Cisco	16,000
98886	L-IE5000-RTU=	switches	license	non-hardware	vlan_max	5101115dc17605ec	Cisco Industrial Ethernet 5000 Series Switches Data Sheet - Cisco	1,005
196384	L-IE5000-RTU=	switches	license	non-hardware	rfc_compliance	5101115dc17605ec	Cisco Industrial Ethernet 5000 Series Switches Data Sheet - Cisco	● RFC 768: UDP ● RFC 783: TFTP ● RFC 791: IPv4 protocol ● RFC 792: ICMP ● RFC 79
141084	C9300-DNX-A-48S-7Y	switches	license	non-hardware	humidity_storage	638d72c59601332b	Cisco Catalyst 9300 Series Switches Data Sheet - Cisco	5% to 90% noncondensing
198503	C9300-DNX-A-48S-7Y	switches	license	non-hardware	ieee_standards	638d72c59601332b	Cisco Catalyst 9300 Series Switches Data Sheet - Cisco	IEEE 802.1s IEEE 802.1w IEEE 802.1x IEEE 802.1x-Rev IEEE 802.3ad IEEE 802.3ae IE
79599	C9300-DNX-A-48S-7Y	switches	license	non-hardware	temp_operating	638d72c59601332b	Cisco Catalyst 9300 Series Switches Data Sheet - Cisco	Normal operating temperature * and altitudes: -5°C to +45°C, up to 5000 feet (15
79600	C9300-DNX-A-48S-7Y	switches	license	non-hardware	temp_storage	638d72c59601332b	Cisco Catalyst 9300 Series Switches Data Sheet - Cisco	-40° to 158°F (-40° to 70°C)
100318	M9250IDMMT6M	storage-networking	license	non-hardware	programming_interfaces	f33a76d7c2c030f9	Cisco MDS 9250i Multiservice Fabric Switch Data Sheet - Cisco	● Scriptable CLI ● Cisco Prime DCNM web services API ● Cisco Device Manager GUI
140743	C1F1AIE50001K9	switches	license	non-hardware	snmp_mibs	5101115dc17605ec	Cisco Industrial Ethernet 5000 Series Switches Data Sheet - Cisco	● BRIDGE-MIB ● CALISTA-DPA-MIB ● CISCO-ACCESS-ENVMON-MIB ● CISCO-ADMISSION-POLIC
198227	C1F1AIE50001K9	switches	license	non-hardware	ieee_standards	5101115dc17605ec	Cisco Industrial Ethernet 5000 Series Switches Data Sheet - Cisco	● IEEE 802.1D MAC Bridges, STP ● IEEE 802.1p Layer2 COS prioritization ● IEEE 80
76350	C1F1AIE50001K9	switches	license	non-hardware	mac_table	5101115dc17605ec	Cisco Industrial Ethernet 5000 Series Switches Data Sheet - Cisco	16,000
76351	C1F1AIE50001K9	switches	license	non-hardware	vlan_max	5101115dc17605ec	Cisco Industrial Ethernet 5000 Series Switches Data Sheet - Cisco	1,005
196353	C1F1AIE50001K9	switches	license	non-hardware	rfc_compliance	5101115dc17605ec	Cisco Industrial Ethernet 5000 Series Switches Data Sheet - Cisco	● RFC 768: UDP ● RFC 783: TFTP ● RFC 791: IPv4 protocol ● RFC 792: ICMP ● RFC 79
141086	C9300-DNX-E-48-3Y	switches	license	non-hardware	humidity_storage	638d72c59601332b	Cisco Catalyst 9300 Series Switches Data Sheet - Cisco	5% to 90% noncondensing
198505	C9300-DNX-E-48-3Y	switches	license	non-hardware	ieee_standards	638d72c59601332b	Cisco Catalyst 9300 Series Switches Data Sheet - Cisco	IEEE 802.1s IEEE 802.1w IEEE 802.1x IEEE 802.1x-Rev IEEE 802.3ad IEEE 802.3ae IE
79611	C9300-DNX-E-48-3Y	switches	license	non-hardware	temp_operating	638d72c59601332b	Cisco Catalyst 9300 Series Switches Data Sheet - Cisco	Normal operating temperature * and altitudes: -5°C to +45°C, up to 5000 feet (15
79612	C9300-DNX-E-48-3Y	switches	license	non-hardware	temp_storage	638d72c59601332b	Cisco Catalyst 9300 Series Switches Data Sheet - Cisco	-40° to 158°F (-40° to 70°C)
141090	C9200CX-12-E-A-7	switches	license	non-hardware	humidity_storage	de692de8d2c8f641	Cisco Catalyst 9200 Series Switches Data Sheet - Cisco	5% to 90% noncondensing
79638	C9200CX-12-E-A-7	switches	license	non-hardware	temp_storage	de692de8d2c8f641	Cisco Catalyst 9200 Series Switches Data Sheet - Cisco	-40° to 158°F (-40° to 70°C)
79637	C9200CX-12-E-A-7	switches	license	non-hardware	temp_operating	de692de8d2c8f641	Cisco Catalyst 9200 Series Switches Data Sheet - Cisco	Normal operating temperature * and altitudes: ● -5°C to +45°C, up to 5000 feet (
146971	C9200CX-12-E-A-7	switches	license	non-hardware	ieee_standards	de692de8d2c8f641	Cisco Catalyst 9200 Series Switches Data Sheet - Cisco	EEE 802.1s ; RMON I and II standards ; IEEE 802.1w ; SNMPv1, v2c, and v3 ; IEEE 
158406	C9200CX-12-E-A-7	switches	license	non-hardware	altitude_max	de692de8d2c8f641	Cisco Catalyst 9200 Series Switches Data Sheet - Cisco	10,000 ft. (3000 meters), up to 45°C
146972	C9200CX-12-E-A-7	switches	license	non-hardware	certifications	de692de8d2c8f641	Cisco Catalyst 9200 Series Switches Data Sheet - Cisco	● 47 CFR Part 15 ● CISPR 32 Class A ● CNS 13438 ● EN 300 386 * ● EN 55032 Class 
140965	C9200CX-DNXA-12-5Y	switches	license	non-hardware	humidity_storage	de692de8d2c8f641	Cisco Catalyst 9200 Series Switches Data Sheet - Cisco	5% to 90% noncondensing
78871	C9200CX-DNXA-12-5Y	switches	license	non-hardware	temp_operating	de692de8d2c8f641	Cisco Catalyst 9200 Series Switches Data Sheet - Cisco	Normal operating temperature * and altitudes: ● -5°C to +45°C, up to 5000 feet (
78872	C9200CX-DNXA-12-5Y	switches	license	non-hardware	temp_storage	de692de8d2c8f641	Cisco Catalyst 9200 Series Switches Data Sheet - Cisco	-40° to 158°F (-40° to 70°C)
147015	C9200CX-DNXA-12-5Y	switches	license	non-hardware	ieee_standards	de692de8d2c8f641	Cisco Catalyst 9200 Series Switches Data Sheet - Cisco	EEE 802.1s ; RMON I and II standards ; IEEE 802.1w ; SNMPv1, v2c, and v3 ; IEEE 
158379	C9200CX-DNXA-12-5Y	switches	license	non-hardware	altitude_max	de692de8d2c8f641	Cisco Catalyst 9200 Series Switches Data Sheet - Cisco	10,000 ft. (3000 meters), up to 45°C
147016	C9200CX-DNXA-12-5Y	switches	license	non-hardware	certifications	de692de8d2c8f641	Cisco Catalyst 9200 Series Switches Data Sheet - Cisco	● 47 CFR Part 15 ● CISPR 32 Class A ● CNS 13438 ● EN 300 386 * ● EN 55032 Class 
141762	LIC-C9300-24A-5Y	switches	license	non-hardware	humidity_storage	638d72c59601332b	Cisco Catalyst 9300 Series Switches Data Sheet - Cisco	5% to 90% noncondensing
198541	LIC-C9300-24A-5Y	switches	license	non-hardware	ieee_standards	638d72c59601332b	Cisco Catalyst 9300 Series Switches Data Sheet - Cisco	IEEE 802.1s IEEE 802.1w IEEE 802.1x IEEE 802.1x-Rev IEEE 802.3ad IEEE 802.3ae IE
99342	LIC-C9300-24A-5Y	switches	license	non-hardware	temp_operating	638d72c59601332b	Cisco Catalyst 9300 Series Switches Data Sheet - Cisco	Normal operating temperature * and altitudes: -5°C to +45°C, up to 5000 feet (15
99343	LIC-C9300-24A-5Y	switches	license	non-hardware	temp_storage	638d72c59601332b	Cisco Catalyst 9300 Series Switches Data Sheet - Cisco	-40° to 158°F (-40° to 70°C)
100399	M9200SSE184K9=	storage-networking	license	non-hardware	programming_interfaces	e8b6b46a85541966	Cisco MDS 9000 18/4-Port Multiservice Module - Cisco	• Scriptable CLI • Fabric Manager GUI • Device Manager GUI
141772	LIC-C9300-48A-7Y	switches	license	non-hardware	humidity_storage	638d72c59601332b	Cisco Catalyst 9300 Series Switches Data Sheet - Cisco	5% to 90% noncondensing
198551	LIC-C9300-48A-7Y	switches	license	non-hardware	ieee_standards	638d72c59601332b	Cisco Catalyst 9300 Series Switches Data Sheet - Cisco	IEEE 802.1s IEEE 802.1w IEEE 802.1x IEEE 802.1x-Rev IEEE 802.3ad IEEE 802.3ae IE
99448	LIC-C9300-48A-7Y	switches	license	non-hardware	temp_operating	638d72c59601332b	Cisco Catalyst 9300 Series Switches Data Sheet - Cisco	Normal operating temperature * and altitudes: -5°C to +45°C, up to 5000 feet (15
99449	LIC-C9300-48A-7Y	switches	license	non-hardware	temp_storage	638d72c59601332b	Cisco Catalyst 9300 Series Switches Data Sheet - Cisco	-40° to 158°F (-40° to 70°C)
141085	C9300-DNX-E-24S-5Y	switches	license	non-hardware	humidity_storage	638d72c59601332b	Cisco Catalyst 9300 Series Switches Data Sheet - Cisco	5% to 90% noncondensing
198504	C9300-DNX-E-24S-5Y	switches	license	non-hardware	ieee_standards	638d72c59601332b	Cisco Catalyst 9300 Series Switches Data Sheet - Cisco	IEEE 802.1s IEEE 802.1w IEEE 802.1x IEEE 802.1x-Rev IEEE 802.3ad IEEE 802.3ae IE
79605	C9300-DNX-E-24S-5Y	switches	license	non-hardware	temp_operating	638d72c59601332b	Cisco Catalyst 9300 Series Switches Data Sheet - Cisco	Normal operating temperature * and altitudes: -5°C to +45°C, up to 5000 feet (15
79606	C9300-DNX-E-24S-5Y	switches	license	non-hardware	temp_storage	638d72c59601332b	Cisco Catalyst 9300 Series Switches Data Sheet - Cisco	-40° to 158°F (-40° to 70°C)
140953	C9300-LIC=	switches	license	non-hardware	humidity_storage	638d72c59601332b	Cisco Catalyst 9300 Series Switches Data Sheet - Cisco	5% to 90% noncondensing
198463	C9300-LIC=	switches	license	non-hardware	ieee_standards	638d72c59601332b	Cisco Catalyst 9300 Series Switches Data Sheet - Cisco	IEEE 802.1s IEEE 802.1w IEEE 802.1x IEEE 802.1x-Rev IEEE 802.3ad IEEE 802.3ae IE
78796	C9300-LIC=	switches	license	non-hardware	temp_operating	638d72c59601332b	Cisco Catalyst 9300 Series Switches Data Sheet - Cisco	Normal operating temperature * and altitudes: -5°C to +45°C, up to 5000 feet (15
78797	C9300-LIC=	switches	license	non-hardware	temp_storage	638d72c59601332b	Cisco Catalyst 9300 Series Switches Data Sheet - Cisco	-40° to 158°F (-40° to 70°C)
158374	C9300-LIC=	switches	license	non-hardware	altitude_max	638d72c59601332b	Cisco Catalyst 9300 Series Switches Data Sheet - Cisco	10,000 ft. (3000 meters), up to 45°C
149450	C9300-LIC=	switches	license	non-hardware	certifications	638d72c59601332b	Cisco Catalyst 9300 Series Switches Data Sheet - Cisco	● UL 60950-1 ● CAN/CSA-C222.2 No. 60950-1 ● EN 60950-1 ● IEC 60950-1 ● AS/NZS 60
100476	M97XK9-A-7Y	storage-networking	license	non-hardware	fabric_services	61bd6bf87846eebe	Cisco MDS 9706 Multilayer Director Data Sheet - Cisco	● Name server ● Registered State Change Notification (RSCN) ● Login services ● F
141159	C9300L-DNX-E-24-3Y	switches	license	non-hardware	humidity_storage	638d72c59601332b	Cisco Catalyst 9300 Series Switches Data Sheet - Cisco	5% to 90% noncondensing
198536	C9300L-DNX-E-24-3Y	switches	license	non-hardware	ieee_standards	638d72c59601332b	Cisco Catalyst 9300 Series Switches Data Sheet - Cisco	IEEE 802.1s IEEE 802.1w IEEE 802.1x IEEE 802.1x-Rev IEEE 802.3ad IEEE 802.3ae IE
80073	C9300L-DNX-E-24-3Y	switches	license	non-hardware	temp_operating	638d72c59601332b	Cisco Catalyst 9300 Series Switches Data Sheet - Cisco	Normal operating temperature * and altitudes: -5°C to +45°C, up to 5000 feet (15
80074	C9300L-DNX-E-24-3Y	switches	license	non-hardware	temp_storage	638d72c59601332b	Cisco Catalyst 9300 Series Switches Data Sheet - Cisco	-40° to 158°F (-40° to 70°C)
141023	C9300L-DNA-E-24-3Y	switches	license	non-hardware	humidity_storage	638d72c59601332b	Cisco Catalyst 9300 Series Switches Data Sheet - Cisco	5% to 90% noncondensing
198484	C9300L-DNA-E-24-3Y	switches	license	non-hardware	ieee_standards	638d72c59601332b	Cisco Catalyst 9300 Series Switches Data Sheet - Cisco	IEEE 802.1s IEEE 802.1w IEEE 802.1x IEEE 802.1x-Rev IEEE 802.3ad IEEE 802.3ae IE
79227	C9300L-DNA-E-24-3Y	switches	license	non-hardware	temp_operating	638d72c59601332b	Cisco Catalyst 9300 Series Switches Data Sheet - Cisco	Normal operating temperature * and altitudes: -5°C to +45°C, up to 5000 feet (15
79228	C9300L-DNA-E-24-3Y	switches	license	non-hardware	temp_storage	638d72c59601332b	Cisco Catalyst 9300 Series Switches Data Sheet - Cisco	-40° to 158°F (-40° to 70°C)
141096	C9300-DNA-L-A-7Y	switches	license	non-hardware	humidity_storage	638d72c59601332b	Cisco Catalyst 9300 Series Switches Data Sheet - Cisco	5% to 90% noncondensing
198509	C9300-DNA-L-A-7Y	switches	license	non-hardware	ieee_standards	638d72c59601332b	Cisco Catalyst 9300 Series Switches Data Sheet - Cisco	IEEE 802.1s IEEE 802.1w IEEE 802.1x IEEE 802.1x-Rev IEEE 802.3ad IEEE 802.3ae IE
79671	C9300-DNA-L-A-7Y	switches	license	non-hardware	temp_operating	638d72c59601332b	Cisco Catalyst 9300 Series Switches Data Sheet - Cisco	Normal operating temperature * and altitudes: -5°C to +45°C, up to 5000 feet (15
79672	C9300-DNA-L-A-7Y	switches	license	non-hardware	temp_storage	638d72c59601332b	Cisco Catalyst 9300 Series Switches Data Sheet - Cisco	-40° to 158°F (-40° to 70°C)
141063	C9300L-DNX-A-24-3Y	switches	license	non-hardware	humidity_storage	638d72c59601332b	Cisco Catalyst 9300 Series Switches Data Sheet - Cisco	5% to 90% noncondensing
198496	C9300L-DNX-A-24-3Y	switches	license	non-hardware	ieee_standards	638d72c59601332b	Cisco Catalyst 9300 Series Switches Data Sheet - Cisco	IEEE 802.1s IEEE 802.1w IEEE 802.1x IEEE 802.1x-Rev IEEE 802.3ad IEEE 802.3ae IE
79466	C9300L-DNX-A-24-3Y	switches	license	non-hardware	temp_operating	638d72c59601332b	Cisco Catalyst 9300 Series Switches Data Sheet - Cisco	Normal operating temperature * and altitudes: -5°C to +45°C, up to 5000 feet (15
79467	C9300L-DNX-A-24-3Y	switches	license	non-hardware	temp_storage	638d72c59601332b	Cisco Catalyst 9300 Series Switches Data Sheet - Cisco	-40° to 158°F (-40° to 70°C)
141068	C9300-DNX-E-48S-7Y	switches	license	non-hardware	humidity_storage	638d72c59601332b	Cisco Catalyst 9300 Series Switches Data Sheet - Cisco	5% to 90% noncondensing
198497	C9300-DNX-E-48S-7Y	switches	license	non-hardware	ieee_standards	638d72c59601332b	Cisco Catalyst 9300 Series Switches Data Sheet - Cisco	IEEE 802.1s IEEE 802.1w IEEE 802.1x IEEE 802.1x-Rev IEEE 802.3ad IEEE 802.3ae IE
79496	C9300-DNX-E-48S-7Y	switches	license	non-hardware	temp_operating	638d72c59601332b	Cisco Catalyst 9300 Series Switches Data Sheet - Cisco	Normal operating temperature * and altitudes: -5°C to +45°C, up to 5000 feet (15
79497	C9300-DNX-E-48S-7Y	switches	license	non-hardware	temp_storage	638d72c59601332b	Cisco Catalyst 9300 Series Switches Data Sheet - Cisco	-40° to 158°F (-40° to 70°C)
140951	C9300-DNX-E-48-7Y	switches	license	non-hardware	humidity_storage	638d72c59601332b	Cisco Catalyst 9300 Series Switches Data Sheet - Cisco	5% to 90% noncondensing
198461	C9300-DNX-E-48-7Y	switches	license	non-hardware	ieee_standards	638d72c59601332b	Cisco Catalyst 9300 Series Switches Data Sheet - Cisco	IEEE 802.1s IEEE 802.1w IEEE 802.1x IEEE 802.1x-Rev IEEE 802.3ad IEEE 802.3ae IE
78784	C9300-DNX-E-48-7Y	switches	license	non-hardware	temp_operating	638d72c59601332b	Cisco Catalyst 9300 Series Switches Data Sheet - Cisco	Normal operating temperature * and altitudes: -5°C to +45°C, up to 5000 feet (15
78785	C9300-DNX-E-48-7Y	switches	license	non-hardware	temp_storage	638d72c59601332b	Cisco Catalyst 9300 Series Switches Data Sheet - Cisco	-40° to 158°F (-40° to 70°C)
98776	L-DCNM-S-M92-K9=	storage-networking	license	non-hardware	programming_interfaces	f33a76d7c2c030f9	Cisco MDS 9250i Multiservice Fabric Switch Data Sheet - Cisco	● Scriptable CLI ● Cisco Prime DCNM web services API ● Cisco Device Manager GUI
141051	C9300-DNX-E-24S-7Y	switches	license	non-hardware	humidity_storage	638d72c59601332b	Cisco Catalyst 9300 Series Switches Data Sheet - Cisco	5% to 90% noncondensing
198490	C9300-DNX-E-24S-7Y	switches	license	non-hardware	ieee_standards	638d72c59601332b	Cisco Catalyst 9300 Series Switches Data Sheet - Cisco	IEEE 802.1s IEEE 802.1w IEEE 802.1x IEEE 802.1x-Rev IEEE 802.3ad IEEE 802.3ae IE
79393	C9300-DNX-E-24S-7Y	switches	license	non-hardware	temp_operating	638d72c59601332b	Cisco Catalyst 9300 Series Switches Data Sheet - Cisco	Normal operating temperature * and altitudes: -5°C to +45°C, up to 5000 feet (15
79394	C9300-DNX-E-24S-7Y	switches	license	non-hardware	temp_storage	638d72c59601332b	Cisco Catalyst 9300 Series Switches Data Sheet - Cisco	-40° to 158°F (-40° to 70°C)
141773	LIC-C9300-24A-10Y	switches	license	non-hardware	humidity_storage	638d72c59601332b	Cisco Catalyst 9300 Series Switches Data Sheet - Cisco	5% to 90% noncondensing
99465	LIC-C9300-24A-10Y	switches	license	non-hardware	temp_storage	638d72c59601332b	Cisco Catalyst 9300 Series Switches Data Sheet - Cisco	-40° to 158°F (-40° to 70°C)
99464	LIC-C9300-24A-10Y	switches	license	non-hardware	temp_operating	638d72c59601332b	Cisco Catalyst 9300 Series Switches Data Sheet - Cisco	Normal operating temperature * and altitudes: -5°C to +45°C, up to 5000 feet (15
198552	LIC-C9300-24A-10Y	switches	license	non-hardware	ieee_standards	638d72c59601332b	Cisco Catalyst 9300 Series Switches Data Sheet - Cisco	IEEE 802.1s IEEE 802.1w IEEE 802.1x IEEE 802.1x-Rev IEEE 802.3ad IEEE 802.3ae IE
140966	C9200L-24-E-A	switches	license	non-hardware	humidity_storage	de692de8d2c8f641	Cisco Catalyst 9200 Series Switches Data Sheet - Cisco	5% to 90% noncondensing
78877	C9200L-24-E-A	switches	license	non-hardware	temp_operating	de692de8d2c8f641	Cisco Catalyst 9200 Series Switches Data Sheet - Cisco	Normal operating temperature * and altitudes: ● -5°C to +45°C, up to 5000 feet (
78878	C9200L-24-E-A	switches	license	non-hardware	temp_storage	de692de8d2c8f641	Cisco Catalyst 9200 Series Switches Data Sheet - Cisco	-40° to 158°F (-40° to 70°C)
147040	C9200L-24-E-A	switches	license	non-hardware	certifications	de692de8d2c8f641	Cisco Catalyst 9200 Series Switches Data Sheet - Cisco	● 47 CFR Part 15 ● CISPR 32 Class A ● CNS 13438 ● EN 300 386 * ● EN 55032 Class 
147039	C9200L-24-E-A	switches	license	non-hardware	ieee_standards	de692de8d2c8f641	Cisco Catalyst 9200 Series Switches Data Sheet - Cisco	EEE 802.1s ; RMON I and II standards ; IEEE 802.1w ; SNMPv1, v2c, and v3 ; IEEE 
158380	C9200L-24-E-A	switches	license	non-hardware	altitude_max	de692de8d2c8f641	Cisco Catalyst 9200 Series Switches Data Sheet - Cisco	10,000 ft. (3000 meters), up to 45°C
197442	L-LIC-CT85-DTLS-K9	wireless	license	non-hardware	supported_protocols	68b62e5c1a803d3c	Cisco 8500 Series Wireless Controllers Data Sheet - Cisco	● IEEE 802.1X ● RFC 2548 Microsoft Vendor-Specific RADIUS Attributes ● RFC 2716 
196844	L-LIC-CT85-DTLS-K9	wireless	license	non-hardware	ieee_standards	68b62e5c1a803d3c	Cisco 8500 Series Wireless Controllers Data Sheet - Cisco	IEEE 802.11a, 802.11b, 802.11g, 802.11d, WMM/802.11e, 802.11h, 802.11n , 802.11k
99138	L-LIC-CT85-DTLS-K9	wireless	license	non-hardware	programming_interfaces	68b62e5c1a803d3c	Cisco 8500 Series Wireless Controllers Data Sheet - Cisco	● Web-based: HTTP/HTTPS ● Command-line interface: Telnet, Secure Shell (SSH) Pro
99139	L-LIC-CT85-DTLS-K9	wireless	license	non-hardware	encryption	68b62e5c1a803d3c	Cisco 8500 Series Wireless Controllers Data Sheet - Cisco	● Wired Equivalent Privacy (WEP) and Temporal Key Integrity Protocol-Message Int
141053	C9300L-DNX-E-24-7Y	switches	license	non-hardware	humidity_storage	638d72c59601332b	Cisco Catalyst 9300 Series Switches Data Sheet - Cisco	5% to 90% noncondensing
198492	C9300L-DNX-E-24-7Y	switches	license	non-hardware	ieee_standards	638d72c59601332b	Cisco Catalyst 9300 Series Switches Data Sheet - Cisco	IEEE 802.1s IEEE 802.1w IEEE 802.1x IEEE 802.1x-Rev IEEE 802.3ad IEEE 802.3ae IE
79405	C9300L-DNX-E-24-7Y	switches	license	non-hardware	temp_operating	638d72c59601332b	Cisco Catalyst 9300 Series Switches Data Sheet - Cisco	Normal operating temperature * and altitudes: -5°C to +45°C, up to 5000 feet (15
79406	C9300L-DNX-E-24-7Y	switches	license	non-hardware	temp_storage	638d72c59601332b	Cisco Catalyst 9300 Series Switches Data Sheet - Cisco	-40° to 158°F (-40° to 70°C)
141564	IE3100-DNA-E-M-3Y	switches	license	non-hardware	qos_features	b27536663b823c7b	Cisco Catalyst IE3100 Rugged Series Data Sheet - Cisco	802.1p, priority queuing, Modular QoS command-line interface (MQC), class-based 
141565	IE3100-DNA-E-M-3Y	switches	license	non-hardware	snmp_mibs	b27536663b823c7b	Cisco Catalyst IE3100 Rugged Series Data Sheet - Cisco	● BRIDGE-MIB ● CALISTA-DPA-MIB ● CISCO-ACCESS-ENVMON-MIB ● CISCO-ADMISSION-POLIC
96548	IE3100-DNA-E-M-3Y	switches	license	non-hardware	programming_interfaces	b27536663b823c7b	Cisco Catalyst IE3100 Rugged Series Data Sheet - Cisco	YANG, NETCONF, RESTCONF
198865	IE3100-DNA-E-M-3Y	switches	license	non-hardware	ieee_standards	b27536663b823c7b	Cisco Catalyst IE3100 Rugged Series Data Sheet - Cisco	● IEEE 802.1D MAC Bridges, STP ● IEEE 802.1p Layer2 COS prioritization ● IEEE 80
130639	IE3100-DNA-E-M-3Y	switches	license	non-hardware	temp_storage	b27536663b823c7b	Cisco Catalyst IE3100 Rugged Series Data Sheet - Cisco	Temperature: -40° to 85°C (-40° to 185°F) Altitude: 40,000 feet (12,192 m) IEC 6
96553	IE3100-DNA-E-M-3Y	switches	license	non-hardware	temp_operating	b27536663b823c7b	Cisco Catalyst IE3100 Rugged Series Data Sheet - Cisco	Operating temperature: -40° to 75°C (-40° to 167°F) (blower-equipped cabinet) -4
96554	IE3100-DNA-E-M-3Y	switches	license	non-hardware	shock	b27536663b823c7b	Cisco Catalyst IE3100 Rugged Series Data Sheet - Cisco	IEC 60068-2-27 (Operational Shock: 30G 11ms, half sine) IEC 60068-2-27 (Non-Oper
196371	IE3100-DNA-E-M-3Y	switches	license	non-hardware	rfc_compliance	b27536663b823c7b	Cisco Catalyst IE3100 Rugged Series Data Sheet - Cisco	● RFC 768: User Datagram Protocol (UDP) ● RFC 783: Trivial File Transfer Protoco
141036	C9300-DNA-L-A-5Y	switches	license	non-hardware	humidity_storage	638d72c59601332b	Cisco Catalyst 9300 Series Switches Data Sheet - Cisco	5% to 90% noncondensing
198486	C9300-DNA-L-A-5Y	switches	license	non-hardware	ieee_standards	638d72c59601332b	Cisco Catalyst 9300 Series Switches Data Sheet - Cisco	IEEE 802.1s IEEE 802.1w IEEE 802.1x IEEE 802.1x-Rev IEEE 802.3ad IEEE 802.3ae IE
79304	C9300-DNA-L-A-5Y	switches	license	non-hardware	temp_operating	638d72c59601332b	Cisco Catalyst 9300 Series Switches Data Sheet - Cisco	Normal operating temperature * and altitudes: -5°C to +45°C, up to 5000 feet (15
79305	C9300-DNA-L-A-5Y	switches	license	non-hardware	temp_storage	638d72c59601332b	Cisco Catalyst 9300 Series Switches Data Sheet - Cisco	-40° to 158°F (-40° to 70°C)
141082	C9300-DNX-A-48-5Y	switches	license	non-hardware	humidity_storage	638d72c59601332b	Cisco Catalyst 9300 Series Switches Data Sheet - Cisco	5% to 90% noncondensing
198501	C9300-DNX-A-48-5Y	switches	license	non-hardware	ieee_standards	638d72c59601332b	Cisco Catalyst 9300 Series Switches Data Sheet - Cisco	IEEE 802.1s IEEE 802.1w IEEE 802.1x IEEE 802.1x-Rev IEEE 802.3ad IEEE 802.3ae IE
79587	C9300-DNX-A-48-5Y	switches	license	non-hardware	temp_operating	638d72c59601332b	Cisco Catalyst 9300 Series Switches Data Sheet - Cisco	Normal operating temperature * and altitudes: -5°C to +45°C, up to 5000 feet (15
79588	C9300-DNX-A-48-5Y	switches	license	non-hardware	temp_storage	638d72c59601332b	Cisco Catalyst 9300 Series Switches Data Sheet - Cisco	-40° to 158°F (-40° to 70°C)
141009	C9300L-DNX-A-48-5Y	switches	license	non-hardware	humidity_storage	638d72c59601332b	Cisco Catalyst 9300 Series Switches Data Sheet - Cisco	5% to 90% noncondensing
198478	C9300L-DNX-A-48-5Y	switches	license	non-hardware	ieee_standards	638d72c59601332b	Cisco Catalyst 9300 Series Switches Data Sheet - Cisco	IEEE 802.1s IEEE 802.1w IEEE 802.1x IEEE 802.1x-Rev IEEE 802.3ad IEEE 802.3ae IE
79146	C9300L-DNX-A-48-5Y	switches	license	non-hardware	temp_operating	638d72c59601332b	Cisco Catalyst 9300 Series Switches Data Sheet - Cisco	Normal operating temperature * and altitudes: -5°C to +45°C, up to 5000 feet (15
79147	C9300L-DNX-A-48-5Y	switches	license	non-hardware	temp_storage	638d72c59601332b	Cisco Catalyst 9300 Series Switches Data Sheet - Cisco	-40° to 158°F (-40° to 70°C)
141103	C9300L-DNX-A-24-5Y	switches	license	non-hardware	humidity_storage	638d72c59601332b	Cisco Catalyst 9300 Series Switches Data Sheet - Cisco	5% to 90% noncondensing
198516	C9300L-DNX-A-24-5Y	switches	license	non-hardware	ieee_standards	638d72c59601332b	Cisco Catalyst 9300 Series Switches Data Sheet - Cisco	IEEE 802.1s IEEE 802.1w IEEE 802.1x IEEE 802.1x-Rev IEEE 802.3ad IEEE 802.3ae IE
79717	C9300L-DNX-A-24-5Y	switches	license	non-hardware	temp_storage	638d72c59601332b	Cisco Catalyst 9300 Series Switches Data Sheet - Cisco	-40° to 158°F (-40° to 70°C)
79716	C9300L-DNX-A-24-5Y	switches	license	non-hardware	temp_operating	638d72c59601332b	Cisco Catalyst 9300 Series Switches Data Sheet - Cisco	Normal operating temperature * and altitudes: -5°C to +45°C, up to 5000 feet (15
140942	C9200-48-E-A-5	switches	license	non-hardware	humidity_storage	de692de8d2c8f641	Cisco Catalyst 9200 Series Switches Data Sheet - Cisco	5% to 90% noncondensing
78714	C9200-48-E-A-5	switches	license	non-hardware	temp_operating	de692de8d2c8f641	Cisco Catalyst 9200 Series Switches Data Sheet - Cisco	Normal operating temperature * and altitudes: ● -5°C to +45°C, up to 5000 feet (
78715	C9200-48-E-A-5	switches	license	non-hardware	temp_storage	de692de8d2c8f641	Cisco Catalyst 9200 Series Switches Data Sheet - Cisco	-40° to 158°F (-40° to 70°C)
146937	C9200-48-E-A-5	switches	license	non-hardware	ieee_standards	de692de8d2c8f641	Cisco Catalyst 9200 Series Switches Data Sheet - Cisco	EEE 802.1s ; RMON I and II standards ; IEEE 802.1w ; SNMPv1, v2c, and v3 ; IEEE 
158371	C9200-48-E-A-5	switches	license	non-hardware	altitude_max	de692de8d2c8f641	Cisco Catalyst 9200 Series Switches Data Sheet - Cisco	10,000 ft. (3000 meters), up to 45°C
146938	C9200-48-E-A-5	switches	license	non-hardware	certifications	de692de8d2c8f641	Cisco Catalyst 9200 Series Switches Data Sheet - Cisco	● 47 CFR Part 15 ● CISPR 32 Class A ● CNS 13438 ● EN 300 386 * ● EN 55032 Class 
199003	L-ISA3000T-URL-1Y	security	license	non-hardware	ieee_standards	ebce9a0dbe4b1ace	Cisco Secure Firewall ISA3000 Data Sheet - Cisco	● IEEE 802.1D MAC Bridges, Spanning Tree Protocol (STP) ● IEEE 802.1p Layer2 cla
205052	L-ISA3000T-URL-1Y	security	license	non-hardware	supported_protocols	ebce9a0dbe4b1ace	Cisco Secure Firewall ISA3000 Data Sheet - Cisco	● IPv4 static routing ● Dynamic routing (Routing Information Protocol [RIP], Enh
196392	L-ISA3000T-URL-1Y	security	license	non-hardware	rfc_compliance	ebce9a0dbe4b1ace	Cisco Secure Firewall ISA3000 Data Sheet - Cisco	● RFC 768: User Datagram Protocol (UDP) ● RFC 783: Trivial FTP (TFTP) ● RFC 791:
196370	IE5000-DNA-E-H-5Y	switches	license	non-hardware	rfc_compliance	5101115dc17605ec	Cisco Industrial Ethernet 5000 Series Switches Data Sheet - Cisco	● RFC 768: UDP ● RFC 783: TFTP ● RFC 791: IPv4 protocol ● RFC 792: ICMP ● RFC 79
198234	IE5000-DNA-E-H-5Y	switches	license	non-hardware	ieee_standards	5101115dc17605ec	Cisco Industrial Ethernet 5000 Series Switches Data Sheet - Cisco	● IEEE 802.1D MAC Bridges, STP ● IEEE 802.1p Layer2 COS prioritization ● IEEE 80
141547	IE5000-DNA-E-H-5Y	switches	license	non-hardware	snmp_mibs	5101115dc17605ec	Cisco Industrial Ethernet 5000 Series Switches Data Sheet - Cisco	● BRIDGE-MIB ● CALISTA-DPA-MIB ● CISCO-ACCESS-ENVMON-MIB ● CISCO-ADMISSION-POLIC
96383	IE5000-DNA-E-H-5Y	switches	license	non-hardware	mac_table	5101115dc17605ec	Cisco Industrial Ethernet 5000 Series Switches Data Sheet - Cisco	16,000
96384	IE5000-DNA-E-H-5Y	switches	license	non-hardware	vlan_max	5101115dc17605ec	Cisco Industrial Ethernet 5000 Series Switches Data Sheet - Cisco	1,005
141174	C9600-DNA-A-3Y	switches	license	non-hardware	humidity_storage	0a941374bbe508f6	Cisco Catalyst 9600 Series Switches Data Sheet - Cisco	10% to 95%, Non-condensing
199048	C9600-DNA-A-3Y	switches	license	non-hardware	ieee_standards	0a941374bbe508f6	Cisco Catalyst 9600 Series Switches Data Sheet - Cisco	Gigabit Ethernet: IEEE 802.3z, IEEE 802.3x, IEEE 802.3ab
130354	C9600-DNA-A-3Y	switches	license	non-hardware	altitude_max	35296d62eb0a83b6	Cisco Catalyst 9600 Series Switches Data Sheet - Cisco	-60 to 3000 meter (-197 to 9843 feet)
80234	C9600-DNA-A-3Y	switches	license	non-hardware	humidity_operating	0a941374bbe508f6	Cisco Catalyst 9600 Series Switches Data Sheet - Cisco	10% to 95%, noncondensing
141207	C9600-DNA-A-5Y	switches	license	non-hardware	humidity_storage	0a941374bbe508f6	Cisco Catalyst 9600 Series Switches Data Sheet - Cisco	10% to 95%, Non-condensing
199058	C9600-DNA-A-5Y	switches	license	non-hardware	ieee_standards	0a941374bbe508f6	Cisco Catalyst 9600 Series Switches Data Sheet - Cisco	Gigabit Ethernet: IEEE 802.3z, IEEE 802.3x, IEEE 802.3ab
130355	C9600-DNA-A-5Y	switches	license	non-hardware	altitude_max	35296d62eb0a83b6	Cisco Catalyst 9600 Series Switches Data Sheet - Cisco	-60 to 3000 meter (-197 to 9843 feet)
80688	C9600-DNA-A-5Y	switches	license	non-hardware	humidity_operating	0a941374bbe508f6	Cisco Catalyst 9600 Series Switches Data Sheet - Cisco	10% to 95%, noncondensing
103313	N6KUK9-710N1.1	switches	software	non-hardware	emc_emissions	4acf1239580e3ae6	Cisco Nexus 6004 Extensible Fixed Switch Data Sheet - Cisco	● 47CFR Part 15 (CFR 47) Class A ● AS/NZS CISPR22 Class A ● CISPR22 Class A ● EN
103314	N6KUK9-710N1.1	switches	software	non-hardware	emc_immunity	4acf1239580e3ae6	Cisco Nexus 6004 Extensible Fixed Switch Data Sheet - Cisco	● EN55024 ● CISPR24 ● EN300386 ● KN 61000-4 series
140956	C9300L-DNX-E-48-7Y	switches	license	non-hardware	humidity_storage	638d72c59601332b	Cisco Catalyst 9300 Series Switches Data Sheet - Cisco	5% to 90% noncondensing
198466	C9300L-DNX-E-48-7Y	switches	license	non-hardware	ieee_standards	638d72c59601332b	Cisco Catalyst 9300 Series Switches Data Sheet - Cisco	IEEE 802.1s IEEE 802.1w IEEE 802.1x IEEE 802.1x-Rev IEEE 802.3ad IEEE 802.3ae IE
78816	C9300L-DNX-E-48-7Y	switches	license	non-hardware	temp_operating	638d72c59601332b	Cisco Catalyst 9300 Series Switches Data Sheet - Cisco	Normal operating temperature * and altitudes: -5°C to +45°C, up to 5000 feet (15
78817	C9300L-DNX-E-48-7Y	switches	license	non-hardware	temp_storage	638d72c59601332b	Cisco Catalyst 9300 Series Switches Data Sheet - Cisco	-40° to 158°F (-40° to 70°C)
197441	L-LIC-CT2504-25A	wireless	license	non-hardware	supported_protocols	b1af204fcb361dd1	Cisco 2500 Series Wireless Controllers Data Sheet - Cisco	● IEEE 802.1X ● RFC 2548 Microsoft Vendor-Specific RADIUS Attributes ● RFC 2716 
99118	L-LIC-CT2504-25A	wireless	license	non-hardware	programming_interfaces	b1af204fcb361dd1	Cisco 2500 Series Wireless Controllers Data Sheet - Cisco	● Designed for use with Cisco Wireless Control System ● Web-based: HTTP/HTTPS in
99119	L-LIC-CT2504-25A	wireless	license	non-hardware	encryption	b1af204fcb361dd1	Cisco 2500 Series Wireless Controllers Data Sheet - Cisco	● WEP and Temporal Key Integrity Protocol-Message Integrity Check (TKIP-MIC): RC
99619	LS-FNM-KAS-15-1Y=	cloud-systems-management	license	(no axis)	dram	305890c0102c2549	Cisco FindIT Network Manager Data Sheet - Cisco	Manager: 4GB Probe: 512MB
197452	LS-FNM-KAS-15-1Y=	cloud-systems-management	license	(no axis)	supported_protocols	305890c0102c2549	Cisco FindIT Network Manager Data Sheet - Cisco	Cisco Discovery Protocol (CDP) Link-Layer Discovery Protocol (LLDP) Multicast DN
99620	LS-FNM-KAS-15-1Y=	cloud-systems-management	license	(no axis)	host_os_support	305890c0102c2549	Cisco FindIT Network Manager Data Sheet - Cisco	Ubuntu Linux version 16.04.x Raspbian Stretch Linux
197453	LS-FINDITNM-50-1Y=	cloud-systems-management	license	(no axis)	supported_protocols	305890c0102c2549	Cisco FindIT Network Manager Data Sheet - Cisco	Cisco Discovery Protocol (CDP) Link-Layer Discovery Protocol (LLDP) Multicast DN
99638	LS-FINDITNM-50-1Y=	cloud-systems-management	license	(no axis)	dram	305890c0102c2549	Cisco FindIT Network Manager Data Sheet - Cisco	Manager: 4GB Probe: 512MB
99639	LS-FINDITNM-50-1Y=	cloud-systems-management	license	(no axis)	host_os_support	305890c0102c2549	Cisco FindIT Network Manager Data Sheet - Cisco	Ubuntu Linux version 16.04.x Raspbian Stretch Linux
76716	C3650-24-L-S	switches	license	non-hardware	temp_storage	9b8d61bd4600b0da	Cisco Catalyst 3650 Series Switches Data Sheet - Cisco	-40 to 158°F (-40 to 70°C)
76718	C3650-24-L-S	switches	license	non-hardware	temp_operating	9b8d61bd4600b0da	Cisco Catalyst 3650 Series Switches Data Sheet - Cisco	23 to 113°F (-5 to 45°C)
149548	C3650-24-L-S	switches	license	non-hardware	humidity_storage	9b8d61bd4600b0da	Cisco Catalyst 3650 Series Switches Data Sheet - Cisco	5 to 90% noncondensing
149549	C3650-24-L-S	switches	license	non-hardware	altitude_max	9b8d61bd4600b0da	Cisco Catalyst 3650 Series Switches Data Sheet - Cisco	10,000 ft. (3000 meters), up to 45°C
199208	C3650-24-L-S	switches	license	non-hardware	ieee_standards	9b8d61bd4600b0da	Cisco Catalyst 3650 Series Switches Data Sheet - Cisco	IEEE 802.1as IEEE 802.1s IEEE 802.1w IEEE 802.11 IEEE 802.1x IEEE 802.1x-Rev IEE
206974	C3650-24-L-S	switches	license	non-hardware	certifications	9b8d61bd4600b0da	Cisco Catalyst 3650 Series Switches Data Sheet - Cisco	UL 60950-1 Second Edition CAN/CSA-C22.2 No. 60950-1 Second Edition EN 60950-1 Se
99670	LS-FINDITNM-15-1Y=	cloud-systems-management	license	(no axis)	dram	305890c0102c2549	Cisco FindIT Network Manager Data Sheet - Cisco	Manager: 4GB Probe: 512MB
197456	LS-FINDITNM-15-1Y=	cloud-systems-management	license	(no axis)	supported_protocols	305890c0102c2549	Cisco FindIT Network Manager Data Sheet - Cisco	Cisco Discovery Protocol (CDP) Link-Layer Discovery Protocol (LLDP) Multicast DN
99671	LS-FINDITNM-15-1Y=	cloud-systems-management	license	(no axis)	host_os_support	305890c0102c2549	Cisco FindIT Network Manager Data Sheet - Cisco	Ubuntu Linux version 16.04.x Raspbian Stretch Linux
199305	C3850-24-L-S	switches	license	non-hardware	ieee_standards	5664cf3b037d513b	Cisco Catalyst 3850 Series Switches Data Sheet - Cisco	IEEE 802.1as IEEE 802.1s IEEE 802.1w IEEE 802.11 IEEE 802.1x IEEE 802.1x-Rev IEE
140748	C3850-24-L-S	switches	license	non-hardware	humidity_storage	5664cf3b037d513b	Cisco Catalyst 3850 Series Switches Data Sheet - Cisco	5 to 90% noncondensing
76539	C3850-24-L-S	switches	license	non-hardware	temp_operating	5664cf3b037d513b	Cisco Catalyst 3850 Series Switches Data Sheet - Cisco	23 to 113°F (-5 to 45°C)
76540	C3850-24-L-S	switches	license	non-hardware	temp_storage	5664cf3b037d513b	Cisco Catalyst 3850 Series Switches Data Sheet - Cisco	-40 to 158°F (-40 to 70°C)
158348	C3850-24-L-S	switches	license	non-hardware	altitude_max	5664cf3b037d513b	Cisco Catalyst 3850 Series Switches Data Sheet - Cisco	10,000 ft. (3000 meters), up to 45°C
207539	C3850-24-L-S	switches	license	non-hardware	certifications	5664cf3b037d513b	Cisco Catalyst 3850 Series Switches Data Sheet - Cisco	UL 60950-1 Second Edition CAN/CSA-C22.2 No. 60950-1 Second Edition EN 60950-1 Se
140763	C3850-48-L-E	switches	license	non-hardware	humidity_storage	5664cf3b037d513b	Cisco Catalyst 3850 Series Switches Data Sheet - Cisco	5 to 90% noncondensing
199307	C3850-48-L-E	switches	license	non-hardware	ieee_standards	5664cf3b037d513b	Cisco Catalyst 3850 Series Switches Data Sheet - Cisco	IEEE 802.1as IEEE 802.1s IEEE 802.1w IEEE 802.11 IEEE 802.1x IEEE 802.1x-Rev IEE
76902	C3850-48-L-E	switches	license	non-hardware	temp_operating	5664cf3b037d513b	Cisco Catalyst 3850 Series Switches Data Sheet - Cisco	23 to 113°F (-5 to 45°C)
76903	C3850-48-L-E	switches	license	non-hardware	temp_storage	5664cf3b037d513b	Cisco Catalyst 3850 Series Switches Data Sheet - Cisco	-40 to 158°F (-40 to 70°C)
158359	C3850-48-L-E	switches	license	non-hardware	altitude_max	5664cf3b037d513b	Cisco Catalyst 3850 Series Switches Data Sheet - Cisco	10,000 ft. (3000 meters), up to 45°C
207541	C3850-48-L-E	switches	license	non-hardware	certifications	5664cf3b037d513b	Cisco Catalyst 3850 Series Switches Data Sheet - Cisco	UL 60950-1 Second Edition CAN/CSA-C22.2 No. 60950-1 Second Edition EN 60950-1 Se
141150	C9200CX-DNXA-12-7Y	switches	license	non-hardware	humidity_storage	de692de8d2c8f641	Cisco Catalyst 9200 Series Switches Data Sheet - Cisco	5% to 90% noncondensing
80018	C9200CX-DNXA-12-7Y	switches	license	non-hardware	temp_operating	de692de8d2c8f641	Cisco Catalyst 9200 Series Switches Data Sheet - Cisco	Normal operating temperature * and altitudes: ● -5°C to +45°C, up to 5000 feet (
80019	C9200CX-DNXA-12-7Y	switches	license	non-hardware	temp_storage	de692de8d2c8f641	Cisco Catalyst 9200 Series Switches Data Sheet - Cisco	-40° to 158°F (-40° to 70°C)
147017	C9200CX-DNXA-12-7Y	switches	license	non-hardware	ieee_standards	de692de8d2c8f641	Cisco Catalyst 9200 Series Switches Data Sheet - Cisco	EEE 802.1s ; RMON I and II standards ; IEEE 802.1w ; SNMPv1, v2c, and v3 ; IEEE 
158422	C9200CX-DNXA-12-7Y	switches	license	non-hardware	altitude_max	de692de8d2c8f641	Cisco Catalyst 9200 Series Switches Data Sheet - Cisco	10,000 ft. (3000 meters), up to 45°C
147018	C9200CX-DNXA-12-7Y	switches	license	non-hardware	certifications	de692de8d2c8f641	Cisco Catalyst 9200 Series Switches Data Sheet - Cisco	● 47 CFR Part 15 ● CISPR 32 Class A ● CNS 13438 ● EN 300 386 * ● EN 55032 Class 
147084	C9200L-48-E-A-5	switches	license	non-hardware	certifications	de692de8d2c8f641	Cisco Catalyst 9200 Series Switches Data Sheet - Cisco	● 47 CFR Part 15 ● CISPR 32 Class A ● CNS 13438 ● EN 300 386 * ● EN 55032 Class 
141136	C9200L-48-E-A-5	switches	license	non-hardware	humidity_storage	de692de8d2c8f641	Cisco Catalyst 9200 Series Switches Data Sheet - Cisco	5% to 90% noncondensing
79937	C9200L-48-E-A-5	switches	license	non-hardware	temp_operating	de692de8d2c8f641	Cisco Catalyst 9200 Series Switches Data Sheet - Cisco	Normal operating temperature * and altitudes: ● -5°C to +45°C, up to 5000 feet (
79938	C9200L-48-E-A-5	switches	license	non-hardware	temp_storage	de692de8d2c8f641	Cisco Catalyst 9200 Series Switches Data Sheet - Cisco	-40° to 158°F (-40° to 70°C)
147083	C9200L-48-E-A-5	switches	license	non-hardware	ieee_standards	de692de8d2c8f641	Cisco Catalyst 9200 Series Switches Data Sheet - Cisco	EEE 802.1s ; RMON I and II standards ; IEEE 802.1w ; SNMPv1, v2c, and v3 ; IEEE 
158418	C9200L-48-E-A-5	switches	license	non-hardware	altitude_max	de692de8d2c8f641	Cisco Catalyst 9200 Series Switches Data Sheet - Cisco	10,000 ft. (3000 meters), up to 45°C
204327	NC55-L2VPN-LIC	routers	license	non-hardware	supported_protocols	e2b64cc81b6f40f6	Cisco Network Convergence System 5500 Series: Modular Line Cards NC55-24H12F-SE Data Sheet	● Layer 2 switch ports ● IEEE 802.1Q VLAN encapsulation/Q-in-Q encapsulation ● I
144830	NC55-L2VPN-LIC	routers	license	non-hardware	emc_immunity	e2b64cc81b6f40f6	Cisco Network Convergence System 5500 Series: Modular Line Cards NC55-24H12F-SE Data Sheet	● EN55024 ● CISPR24 ● EN300386 ● KN 61000-4 series
144828	NC55-L2VPN-LIC	routers	license	non-hardware	programming_interfaces	e2b64cc81b6f40f6	Cisco Network Convergence System 5500 Series: Modular Line Cards NC55-24H12F-SE Data Sheet	● Zero-Touch Provisioning (ZTP), iPXE ● Configuration management ● Network Confi
104067	NC55-L2VPN-LIC	routers	license	non-hardware	segment_routing_features	e2b64cc81b6f40f6	Cisco Network Convergence System 5500 Series: Modular Line Cards NC55-24H12F-SE Data Sheet	● Segment routing–based transport ● ISIS extensions to segment routing ● OSPF ex
141991	NC55-L2VPN-LIC	routers	license	non-hardware	qos_features	e2b64cc81b6f40f6	Cisco Network Convergence System 5500 Series: Modular Line Cards NC55-24H12F-SE Data Sheet	● Quality of Service (QoS) ● Ingress classification based on class of service (L
144829	NC55-L2VPN-LIC	routers	license	non-hardware	certifications	e2b64cc81b6f40f6	Cisco Network Convergence System 5500 Series: Modular Line Cards NC55-24H12F-SE Data Sheet	Designed to meet GR-63-CORE and GR-1089-CORE ; ● 47CFR Part 15 (CFR 47) Class A 
143119	XR-NC50-P-06.00	routers	software	non-hardware	qos_features	384d1a3d46bb2ee9	Cisco NCS 5011 Router Data Sheet - Cisco	● Classification can be based on class of service (L2), IP differentiated servic
204333	XR-NC50-P-06.00	routers	software	non-hardware	supported_protocols	384d1a3d46bb2ee9	Cisco NCS 5011 Router Data Sheet - Cisco	● Layer 2 switch ports and VLAN trunks ● IEEE 802.1Q VLAN encapsulation/Q-in-Q e
145064	XR-NC50-P-06.00	routers	software	non-hardware	programming_interfaces	384d1a3d46bb2ee9	Cisco NCS 5011 Router Data Sheet - Cisco	● Zero-touch provisioning (ZTP), iPXE ● Configuration management ● Network Confi
128827	XR-NC50-P-06.00	routers	software	non-hardware	segment_routing_features	384d1a3d46bb2ee9	Cisco NCS 5011 Router Data Sheet - Cisco	● Segment routing–based transport ● ISIS extensions to segment routing ● OSPF ex
77207	C4500E-IPB	interfaces-modules	license	non-hardware	ipv6_routes	18989e0127e9ce20	Cisco Catalyst 4500E Supervisor Engine 9-E Data Sheet - Cisco	128,000
145988	M95EXTSSNK9=	storage-networking	license	non-hardware	diagnostics	21031fae4600573e	Cisco MDS 9509 Multilayer Director Data Sheet - Cisco	● Power-on-self-test (POST) diagnostics ● Online diagnostics ● Internal port loo
145989	M95EXTSSNK9=	storage-networking	license	non-hardware	programming_interfaces	21031fae4600573e	Cisco MDS 9509 Multilayer Director Data Sheet - Cisco	● Scriptable CLI ● Data Center Network Manager web services API ● Device Manager
145990	M95EXTSSNK9=	storage-networking	license	non-hardware	certifications	21031fae4600573e	Cisco MDS 9509 Multilayer Director Data Sheet - Cisco	● Safety compliance ◦ CE Marking ◦ UL 60950 ◦ CAN/CSA-C22.2 No. 60950 ◦ EN 60950
145987	M95EXTSSNK9=	storage-networking	license	non-hardware	fabric_services	21031fae4600573e	Cisco MDS 9509 Multilayer Director Data Sheet - Cisco	● Name server ● Registered State Change Notification (RSCN) ● Login services ● F
145986	M95EXTSSNK9=	storage-networking	license	non-hardware	supported_protocols	21031fae4600573e	Cisco MDS 9509 Multilayer Director Data Sheet - Cisco	● Fibre Channel standards ◦ FC-PH, Revision 4.3 (ANSI INCITS 230-1994) ◦ FC-PH, 
141518	IE3500-DNA-E-5Y	switches	license	non-hardware	qos_features	de20866285786429	Cisco IE3500 Heavy Duty Series Data Sheet - Cisco	Ingress policing, rate limit, egress queuing/shaping, auto QoS
96110	IE3500-DNA-E-5Y	switches	license	non-hardware	emc_emissions	de20866285786429	Cisco IE3500 Heavy Duty Series Data Sheet - Cisco	Emissions (Class A): FCC 47 CFR Part 15 subpart B ICES-003 EN 55011 EN 55032/ CI
96116	IE3500-DNA-E-5Y	switches	license	non-hardware	humidity_operating	b8622078cd3085fd	Cisco IE3500 Rugged Series Data Sheet - Cisco	Relative humidity of 5% to 95% non-condensing IEC 60068-2-78 IEC 60068-2-30
197572	OTU-4	optical-networking	non_product	non-hardware	supported_protocols	d97455edb0e599eb	Cisco CRS 1-Port 100 Gigabit Ethernet Coherent DWDM Interface Module Data Sheet - Cisco	● 100 Gigabit Ethernet ● OTU-4 ● Encapsulations: ARPA, IEEE 802.2/SAP, IEEE 802.
144847	OTU-4	optical-networking	non_product	non-hardware	certifications	a8e3629e8e8538dc	Cisco ONS 15454 100Gbps Coherent DWDM Trunk Card - Cisco	● ETS 300-019-2-1 V2.1.2 (Storage, Class 1.1) ● ETS 300-019-2-2 V2.1.2 (1999-09)
144848	OTU-4	optical-networking	non_product	non-hardware	optical_pm	a8e3629e8e8538dc	Cisco ONS 15454 100Gbps Coherent DWDM Trunk Card - Cisco	Transmitter optical power ; Transmitter laser bias current ; Receiver optical po
144849	OTU-4	optical-networking	non_product	non-hardware	emc_emissions	1ca2cf4c110ddebf	Cisco ONS 15454 2-Port CFP Line Card Data Sheet - Cisco	● ETSI EN 300 386 V1.4.1 (2008-04) Telecommunication network equipment EMC requi
110996	OTU-4	optical-networking	non_product	non-hardware	humidity_operating	1ca2cf4c110ddebf	Cisco ONS 15454 2-Port CFP Line Card Data Sheet - Cisco	5% to 85%, noncondensing 5% to 90% but not to exceed 0.024 kg water/kg of dry ai
110997	OTU-4	optical-networking	non_product	non-hardware	temp_storage	1ca2cf4c110ddebf	Cisco ONS 15454 2-Port CFP Line Card Data Sheet - Cisco	< 1 microseconds –40ºC to 70ºC (–40ºF to 158ºF)
111002	OTU-4	optical-networking	non_product	non-hardware	emc_immunity	d97455edb0e599eb	Cisco CRS 1-Port 100 Gigabit Ethernet Coherent DWDM Interface Module Data Sheet - Cisco	● IEC/EN-61000-4-2: Electrostatic Discharge Immunity (8-kV contact, 15-kV air) ●
111003	OTU-4	optical-networking	non_product	non-hardware	etsi_standards	d97455edb0e599eb	Cisco CRS 1-Port 100 Gigabit Ethernet Coherent DWDM Interface Module Data Sheet - Cisco	● EN300 386: Telecommunications Network Equipment (EMC) ● EN55022: Information T
110999	OTU-4	optical-networking	non_product	non-hardware	laser_safety_class	6a25925c2b12b1e1	Cisco NCS 2000 200-Gbps Multirate DWDM Line Card Data Sheet - Cisco	1
110995	OTU-4	optical-networking	non_product	non-hardware	regions_supported	1ca2cf4c110ddebf	Cisco ONS 15454 2-Port CFP Line Card Data Sheet - Cisco	● European Union ● Africa ● CSI ● Australia ● New Zealand ● China ● Korea ● Indi
198229	IE5000-DNA-A-H-5Y	switches	license	non-hardware	ieee_standards	5101115dc17605ec	Cisco Industrial Ethernet 5000 Series Switches Data Sheet - Cisco	● IEEE 802.1D MAC Bridges, STP ● IEEE 802.1p Layer2 COS prioritization ● IEEE 80
141534	IE5000-DNA-A-H-5Y	switches	license	non-hardware	snmp_mibs	5101115dc17605ec	Cisco Industrial Ethernet 5000 Series Switches Data Sheet - Cisco	● BRIDGE-MIB ● CALISTA-DPA-MIB ● CISCO-ACCESS-ENVMON-MIB ● CISCO-ADMISSION-POLIC
96265	IE5000-DNA-A-H-5Y	switches	license	non-hardware	mac_table	5101115dc17605ec	Cisco Industrial Ethernet 5000 Series Switches Data Sheet - Cisco	16,000
96266	IE5000-DNA-A-H-5Y	switches	license	non-hardware	vlan_max	5101115dc17605ec	Cisco Industrial Ethernet 5000 Series Switches Data Sheet - Cisco	1,005
196364	IE5000-DNA-A-H-5Y	switches	license	non-hardware	rfc_compliance	5101115dc17605ec	Cisco Industrial Ethernet 5000 Series Switches Data Sheet - Cisco	● RFC 768: UDP ● RFC 783: TFTP ● RFC 791: IPv4 protocol ● RFC 792: ICMP ● RFC 79
196381	IE3100-DNA-E-L	switches	license	non-hardware	rfc_compliance	b27536663b823c7b	Cisco Catalyst IE3100 Rugged Series Data Sheet - Cisco	● RFC 768: User Datagram Protocol (UDP) ● RFC 783: Trivial File Transfer Protoco
141698	IE3100-DNA-E-L	switches	license	non-hardware	qos_features	33c8227f4f6a69ca	Cisco Catalyst IE3100 Heavy Duty Series Data Sheet - Cisco	802.1p, priority queuing, Modular QoS command-line interface (MQC), class-based 
130630	IE3100-DNA-E-L	switches	license	non-hardware	temp_storage	b27536663b823c7b	Cisco Catalyst IE3100 Rugged Series Data Sheet - Cisco	Temperature: -40° to 85°C (-40° to 185°F) Altitude: 40,000 feet (12,192 m) IEC 6
97813	IE3100-DNA-E-L	switches	license	non-hardware	programming_interfaces	33c8227f4f6a69ca	Cisco Catalyst IE3100 Heavy Duty Series Data Sheet - Cisco	YANG, NETCONF, RESTCONF
97819	IE3100-DNA-E-L	switches	license	non-hardware	temp_operating	b27536663b823c7b	Cisco Catalyst IE3100 Rugged Series Data Sheet - Cisco	Operating temperature: -40° to 75°C (-40° to 167°F) (blower-equipped cabinet) -4
97820	IE3100-DNA-E-L	switches	license	non-hardware	shock	b27536663b823c7b	Cisco Catalyst IE3100 Rugged Series Data Sheet - Cisco	IEC 60068-2-27 (Operational Shock: 30G 11ms, half sine) IEC 60068-2-27 (Non-Oper
198230	IE5000-DNA-E-H-7Y	switches	license	non-hardware	ieee_standards	5101115dc17605ec	Cisco Industrial Ethernet 5000 Series Switches Data Sheet - Cisco	● IEEE 802.1D MAC Bridges, STP ● IEEE 802.1p Layer2 COS prioritization ● IEEE 80
141535	IE5000-DNA-E-H-7Y	switches	license	non-hardware	snmp_mibs	5101115dc17605ec	Cisco Industrial Ethernet 5000 Series Switches Data Sheet - Cisco	● BRIDGE-MIB ● CALISTA-DPA-MIB ● CISCO-ACCESS-ENVMON-MIB ● CISCO-ADMISSION-POLIC
96271	IE5000-DNA-E-H-7Y	switches	license	non-hardware	mac_table	5101115dc17605ec	Cisco Industrial Ethernet 5000 Series Switches Data Sheet - Cisco	16,000
96272	IE5000-DNA-E-H-7Y	switches	license	non-hardware	vlan_max	5101115dc17605ec	Cisco Industrial Ethernet 5000 Series Switches Data Sheet - Cisco	1,005
196365	IE5000-DNA-E-H-7Y	switches	license	non-hardware	rfc_compliance	5101115dc17605ec	Cisco Industrial Ethernet 5000 Series Switches Data Sheet - Cisco	● RFC 768: UDP ● RFC 783: TFTP ● RFC 791: IPv4 protocol ● RFC 792: ICMP ● RFC 79
146683	S81UK9-15104M	routers	software	non-hardware	qos_features	eeedf4783e30b825	Cisco 819 Integrated Services Routers with 3G and Wi-Fi Data Sheet - Cisco	● Provides traffic precedence to delay-sensitive or prioritized applications. ● 
146686	S81UK9-15104M	routers	software	non-hardware	certifications	eeedf4783e30b825	Cisco 819 Integrated Services Routers with 3G and Wi-Fi Data Sheet - Cisco	● UL 60950-1, 2nd edition ● CAN/CSA C22.2 No. 60950-1, 2nd edition ● EN 60950-1,
146687	S81UK9-15104M	routers	software	non-hardware	emc_emissions	eeedf4783e30b825	Cisco 819 Integrated Services Routers with 3G and Wi-Fi Data Sheet - Cisco	EN55022/CISPR22, CFR 47 Part 15, ICES003, VCCI-V-3, AS/NZS CISPR22, CNS13438, EN
146688	S81UK9-15104M	routers	software	non-hardware	emc_immunity	eeedf4783e30b825	Cisco 819 Integrated Services Routers with 3G and Wi-Fi Data Sheet - Cisco	EN55024/CISPR24, (EN61000-4-2, EN61000-4-3, EN61000-4-4, EN61000-4-5, EN61000-4-
146685	S81UK9-15104M	routers	software	non-hardware	temp_operating	eeedf4783e30b825	Cisco 819 Integrated Services Routers with 3G and Wi-Fi Data Sheet - Cisco	–13 to 140°F (–25 to 60°C)
115751	S81UK9-15104M	routers	software	non-hardware	programming_interfaces	eeedf4783e30b825	Cisco 819 Integrated Services Routers with 3G and Wi-Fi Data Sheet - Cisco	Cisco IOS Software CLI
207927	S81UK9-15104M	routers	software	non-hardware	supported_protocols	eeedf4783e30b825	Cisco 819 Integrated Services Routers with 3G and Wi-Fi Data Sheet - Cisco	● IPv6 addressing architecture ● IPv6 name resolution ● IPv6 statistics ● IPv6 t
115754	S81UK9-15104M	routers	software	non-hardware	altitude_max	eeedf4783e30b825	Cisco 819 Integrated Services Routers with 3G and Wi-Fi Data Sheet - Cisco	Above 5000 ft derate maximum operating temperature 1.50C per 1000 feet Maximum a
198233	IE5000-DNA-E-H-3Y	switches	license	non-hardware	ieee_standards	5101115dc17605ec	Cisco Industrial Ethernet 5000 Series Switches Data Sheet - Cisco	● IEEE 802.1D MAC Bridges, STP ● IEEE 802.1p Layer2 COS prioritization ● IEEE 80
141546	IE5000-DNA-E-H-3Y	switches	license	non-hardware	snmp_mibs	5101115dc17605ec	Cisco Industrial Ethernet 5000 Series Switches Data Sheet - Cisco	● BRIDGE-MIB ● CALISTA-DPA-MIB ● CISCO-ACCESS-ENVMON-MIB ● CISCO-ADMISSION-POLIC
96377	IE5000-DNA-E-H-3Y	switches	license	non-hardware	mac_table	5101115dc17605ec	Cisco Industrial Ethernet 5000 Series Switches Data Sheet - Cisco	16,000
96378	IE5000-DNA-E-H-3Y	switches	license	non-hardware	vlan_max	5101115dc17605ec	Cisco Industrial Ethernet 5000 Series Switches Data Sheet - Cisco	1,005
196369	IE5000-DNA-E-H-3Y	switches	license	non-hardware	rfc_compliance	5101115dc17605ec	Cisco Industrial Ethernet 5000 Series Switches Data Sheet - Cisco	● RFC 768: UDP ● RFC 783: TFTP ● RFC 791: IPv4 protocol ● RFC 792: ICMP ● RFC 79
90438	E-NCS1K4-200G-RG=	optical-networking	license	non-hardware	certifications	ff39869cb21589cd	Cisco Network Convergence System 1004 OTN-Xponder Data Sheet - Cisco	IEC 60950-1 Information technology equipment Safety Part 1: General requirements
144474	M91VXK9-A-7Y-OSM	storage-networking	license	non-hardware	diagnostics	b1c4eb1b17106929	MDS 9124V 64-Gbps 24-Port Fibre Channel Switch Data Sheet - Cisco	● Power-On-Self-Test (POST) diagnostics ● Online Health Management System (OHMS)
144475	M91VXK9-A-7Y-OSM	storage-networking	license	non-hardware	programming_interfaces	b1c4eb1b17106929	MDS 9124V 64-Gbps 24-Port Fibre Channel Switch Data Sheet - Cisco	● Scriptable CLI ● Cisco DCNM/NDFC web services API ● NX-API HTTP/HTTPS interfac
144476	M91VXK9-A-7Y-OSM	storage-networking	license	non-hardware	certifications	b1c4eb1b17106929	MDS 9124V 64-Gbps 24-Port Fibre Channel Switch Data Sheet - Cisco	● Safety compliance ● CE Marking ● UL 60950 ● CAN/CSA-C22.2 No. 60950 ● EN 60950
144477	M91VXK9-A-7Y-OSM	storage-networking	license	non-hardware	fabric_services	b1c4eb1b17106929	MDS 9124V 64-Gbps 24-Port Fibre Channel Switch Data Sheet - Cisco	● Name server ● Registered State Change Notification (RSCN) ● Login services ● F
144473	M91VXK9-A-7Y-OSM	storage-networking	license	non-hardware	supported_protocols	b1c4eb1b17106929	MDS 9124V 64-Gbps 24-Port Fibre Channel Switch Data Sheet - Cisco	● Fibre Channel standards ● FC-PI-6 (INCITS 512-2015) ● FC-PI-7 (INCITS 543-2019
99951	M91VXK9-A-7Y-OSM	storage-networking	license	non-hardware	temp_operating	b1c4eb1b17106929	MDS 9124V 64-Gbps 24-Port Fibre Channel Switch Data Sheet - Cisco	● Temperature, ambient operating: ◦ 32 to 104°F (0 to 40°C) with port-side exhau
73257	ADV-100G-SIA-3	ios-nx-os-software	license	(no axis)	temp_operating	e33a8f229661109d	Cisco Network Convergence System 5500 Series: 48 x 1/10/25G Line Card Data Sheet - Cisco	32 to 104°F (0 to 40°C)
73259	ADV-100G-SIA-3	ios-nx-os-software	license	(no axis)	humidity_operating	e33a8f229661109d	Cisco Network Convergence System 5500 Series: 48 x 1/10/25G Line Card Data Sheet - Cisco	5% to 95% (noncondensing) Note: Not to exceed 0.024 kg water or dry air
73255	ADV-100G-SIA-3	ios-nx-os-software	license	(no axis)	dram	10f44aa4d91b0c5d	Cisco Network Convergence System 5500 Series: Dense 25G Fixed Chassis Data Sheet - Cisco	32 GB
131355	ADV-100G-SIA-3	ios-nx-os-software	license	(no axis)	altitude_max	92b1ee16755274c1	Cisco Network Convergence System 5500 Series: NCS-55A1-24Q6H-S and NCS-55A1-24Q6H-SS Fixed	0 to 9842 ft (0 to 3000 m)
73256	ADV-100G-SIA-3	ios-nx-os-software	license	(no axis)	emc_emissions	10f44aa4d91b0c5d	Cisco Network Convergence System 5500 Series: Dense 25G Fixed Chassis Data Sheet - Cisco	● 47CFR Part 15 (CFR 47) Class A ● AS/NZS CISPR22 Class A ● CISPR22 Class A ● EN
130779	E-NCS1K4-LIC-LH=	optical-networking	license	non-hardware	temp_storage	8fa767ab35358fe9	Cisco Network Convergence System 1004 C-Band 1.2T Transponder Line Card Data Sheet - Cisco	-40 ́̕ °C to 85°C (-40°F to 185°F)
91038	E-NCS1K4-LIC-LH=	optical-networking	license	non-hardware	regions_supported	8fa767ab35358fe9	Cisco Network Convergence System 1004 C-Band 1.2T Transponder Line Card Data Sheet - Cisco	● European Union ● Africa ● CSI ● Australia ● New Zealand ● China ● Korea ● Indi
91039	E-NCS1K4-LIC-LH=	optical-networking	license	non-hardware	humidity_operating	8fa767ab35358fe9	Cisco Network Convergence System 1004 C-Band 1.2T Transponder Line Card Data Sheet - Cisco	5% to 85%, noncondensing 5% to 90% but not to exceed 0.024 kg water/kg of dry ai
91040	E-NCS1K4-LIC-LH=	optical-networking	license	non-hardware	laser_safety_class	8fa767ab35358fe9	Cisco Network Convergence System 1004 C-Band 1.2T Transponder Line Card Data Sheet - Cisco	1
205920	E-NCS1K4-LIC-LH=	optical-networking	license	non-hardware	certifications	8fa767ab35358fe9	Cisco Network Convergence System 1004 C-Band 1.2T Transponder Line Card Data Sheet - Cisco	● IEC 60950-1 Information technology equipment Safety Part 1: General requiremen
205575	C3560CX-DNA-P-8=	switches	license	non-hardware	certifications	9bc7de771f909454	Cisco Catalyst 3560-CX and 2960-CX Series Compact Switches Data Sheet - Cisco	● UL 60950-1 ● CAN/CSA 22.2 No. 60950-1 ● EN 60950-1 ● IEC 60950-1 ● CE Marking 
96075	IE2000-DNA-E-M-5Y	switches	license	non-hardware	programming_interfaces	7be5a7c2ffcf5234	Cisco Industrial Ethernet 2000 Series Switches Data Sheet - Cisco	Cisco Network Plug-and-Play application
96079	IE2000-DNA-E-M-5Y	switches	license	non-hardware	temp_storage	7be5a7c2ffcf5234	Cisco Industrial Ethernet 2000 Series Switches Data Sheet - Cisco	● -40 C to +85 C (storage temperature) ● IEC 60068-2-14 ● Storage altitude: Up t
90978	E-NCS1K14-TXP-SW=	optical-networking	license	non-hardware	encryption	cfaf5cd1ede07b94	Cisco NCS 1014 12.8T High-Density OSFP Multi-Haul DWDM Line Card Data Sheet - Cisco	Integrated MACsec encryption across all ports
98675	L-C4500E-IP-ES	interfaces-modules	license	non-hardware	ipv6_routes	18989e0127e9ce20	Cisco Catalyst 4500E Supervisor Engine 9-E Data Sheet - Cisco	128,000
103544	N6KUK9-602N2.1=	switches	software	non-hardware	emc_emissions	df62c7424eff7d1f	Cisco Nexus 6001 Switch Data Sheet - Cisco	● 47CFR Part 15 (CFR 47) Class A ● AS/NZS CISPR22 Class A ● CISPR22 Class A ● EN
103545	N6KUK9-602N2.1=	switches	software	non-hardware	emc_immunity	df62c7424eff7d1f	Cisco Nexus 6001 Switch Data Sheet - Cisco	● EN55024 ● CISPR24 ● EN300386 ● KN 61000-4 series
103311	N6KUK9-704N1.1=	switches	software	non-hardware	emc_emissions	4acf1239580e3ae6	Cisco Nexus 6004 Extensible Fixed Switch Data Sheet - Cisco	● 47CFR Part 15 (CFR 47) Class A ● AS/NZS CISPR22 Class A ● CISPR22 Class A ● EN
103312	N6KUK9-704N1.1=	switches	software	non-hardware	emc_immunity	4acf1239580e3ae6	Cisco Nexus 6004 Extensible Fixed Switch Data Sheet - Cisco	● EN55024 ● CISPR24 ● EN300386 ● KN 61000-4 series
157811	L-RFGW1-PKEY	video	license	non-hardware	temp_storage	211f9513a8451065	Cisco RF Gateway 1 - Cisco	–30 to 158°F (–22 to 70°C)
99298	L-RFGW1-PKEY	video	license	non-hardware	temp_operating	211f9513a8451065	Cisco RF Gateway 1 - Cisco	32 to 122°F (0 to 50°C)
99299	L-RFGW1-PKEY	video	license	non-hardware	humidity_operating	211f9513a8451065	Cisco RF Gateway 1 - Cisco	5% to 95%, non-condensing
99297	L-RFGW1-PKEY	video	license	non-hardware	supported_protocols	211f9513a8451065	Cisco RF Gateway 1 - Cisco	HTTP, SNMP, FTP, RPC
90982	E-NCS4K-651K9=	optical-networking	license	non-hardware	emc_immunity	eb3c07e3df2e7960	Cisco Network Convergence System 4000 Multi-Chassis System Data Sheet - Cisco	● IEC/EN-61000-4-2: Electrostatic Discharge Immunity (8-kV contact, 15-kV air) ●
90983	E-NCS4K-651K9=	optical-networking	license	non-hardware	etsi_standards	eb3c07e3df2e7960	Cisco Network Convergence System 4000 Multi-Chassis System Data Sheet - Cisco	● EN300 386: Telecommunications Network Equipment (EMC) ● EN55022: Information T
208050	SL-CNFIL-8xx-TRI	routers	license	non-hardware	supported_protocols	7c08e3422c82ba65	Cisco 880VA Series Integrated Services Routers Data Sheet - Cisco	● IPv6 addressing architecture ● IPv6 name resolution ● IPv6 statistics ● IPv6 t
118256	SL-CNFIL-8xx-TRI	routers	license	non-hardware	flash	7c08e3422c82ba65	Cisco 880VA Series Integrated Services Routers Data Sheet - Cisco	● 128 MB on Cisco 880 Series data models
206247	SL-CNFIL-8xx-TRI	routers	license	non-hardware	certifications	7c08e3422c82ba65	Cisco 880VA Series Integrated Services Routers Data Sheet - Cisco	Emissions: ● 47 CFR Part 15: 2006 ● CISPR22: 2005 ● EN300386: V1.3.3: 2005 ● EN5
157809	L-RFGW1-DATA-LIC	video	license	non-hardware	temp_storage	211f9513a8451065	Cisco RF Gateway 1 - Cisco	–30 to 158°F (–22 to 70°C)
99289	L-RFGW1-DATA-LIC	video	license	non-hardware	supported_protocols	211f9513a8451065	Cisco RF Gateway 1 - Cisco	HTTP, SNMP, FTP, RPC
99290	L-RFGW1-DATA-LIC	video	license	non-hardware	temp_operating	211f9513a8451065	Cisco RF Gateway 1 - Cisco	32 to 122°F (0 to 50°C)
99291	L-RFGW1-DATA-LIC	video	license	non-hardware	humidity_operating	211f9513a8451065	Cisco RF Gateway 1 - Cisco	5% to 95%, non-condensing
141135	C9200CX-DNXA-8-3Y	switches	license	non-hardware	humidity_storage	de692de8d2c8f641	Cisco Catalyst 9200 Series Switches Data Sheet - Cisco	5% to 90% noncondensing
147020	C9200CX-DNXA-8-3Y	switches	license	non-hardware	certifications	de692de8d2c8f641	Cisco Catalyst 9200 Series Switches Data Sheet - Cisco	● 47 CFR Part 15 ● CISPR 32 Class A ● CNS 13438 ● EN 300 386 * ● EN 55032 Class 
79931	C9200CX-DNXA-8-3Y	switches	license	non-hardware	temp_operating	de692de8d2c8f641	Cisco Catalyst 9200 Series Switches Data Sheet - Cisco	Normal operating temperature * and altitudes: ● -5°C to +45°C, up to 5000 feet (
79932	C9200CX-DNXA-8-3Y	switches	license	non-hardware	temp_storage	de692de8d2c8f641	Cisco Catalyst 9200 Series Switches Data Sheet - Cisco	-40° to 158°F (-40° to 70°C)
147019	C9200CX-DNXA-8-3Y	switches	license	non-hardware	ieee_standards	de692de8d2c8f641	Cisco Catalyst 9200 Series Switches Data Sheet - Cisco	EEE 802.1s ; RMON I and II standards ; IEEE 802.1w ; SNMPv1, v2c, and v3 ; IEEE 
158417	C9200CX-DNXA-8-3Y	switches	license	non-hardware	altitude_max	de692de8d2c8f641	Cisco Catalyst 9200 Series Switches Data Sheet - Cisco	10,000 ft. (3000 meters), up to 45°C
122433	UCS-L-6400-100G	servers-unified-computing	license	non-hardware	emc_emissions	5a9237a2a8623e2a	Cisco UCS 6400 Series Fabric Interconnects Data Sheet - Cisco	● 47CFR Part 15 (CFR 47) Class A ● AS/NZS CISPR22 Class A ● CISPR22 Class A ● EN
122434	UCS-L-6400-100G	servers-unified-computing	license	non-hardware	emc_immunity	5a9237a2a8623e2a	Cisco UCS 6400 Series Fabric Interconnects Data Sheet - Cisco	● EN55024 ● CISPR24 ● EN300386 ● KN 61000-4 series
157911	SW-CCME-UL-7921G=	collaboration-endpoints	software	non-hardware	temp_storage	e573c2b895e21bb2	Cisco Unified Wireless IP Phone 7921G - Cisco	–22 to 140°F (–30 to 60°C)
131608	SW-CCME-UL-7921G=	collaboration-endpoints	software	non-hardware	altitude_max	e573c2b895e21bb2	Cisco Unified Wireless IP Phone 7921G - Cisco	Certified for operation: 0 to 6,500 ft (0 to 2 km)
119200	SW-CCME-UL-7921G=	collaboration-endpoints	software	non-hardware	humidity_operating	e573c2b895e21bb2	Cisco Unified Wireless IP Phone 7921G - Cisco	10 to 95% (noncondensing)
119198	SW-CCME-UL-7921G=	collaboration-endpoints	software	non-hardware	temp_operating	e573c2b895e21bb2	Cisco Unified Wireless IP Phone 7921G - Cisco	32 to 104°F (0 to 40°C)
182970	SW-CCME-UL-7921G=	collaboration-endpoints	software	non-hardware	ui_languages	e573c2b895e21bb2	Cisco Unified Wireless IP Phone 7921G - Cisco	Bulgarian, Catalan, Chinese, Croatian, Czech, Danish, Dutch, English, Finnish, F
205127	SW-CCME-UL-7921G=	collaboration-endpoints	software	non-hardware	supported_protocols	e573c2b895e21bb2	Cisco Unified Wireless IP Phone 7921G - Cisco	● Cisco Discovery Protocol ● Transparent secure roaming ● Provisioning of networ
197765	SW-CCM-UL-7920	collaboration-endpoints	software	non-hardware	supported_protocols	645699c9e5da4ab8	Cisco Unified Wireless IP Phone 7920 Version 2.0 - Cisco	• Cisco Discovery Protocol (CDP) • Automatic IEEE 802.1q (Virtual LAN [VLAN]) co
119269	SW-CCM-UL-7920	collaboration-endpoints	software	non-hardware	temp_operating	645699c9e5da4ab8	Cisco Unified Wireless IP Phone 7920 Version 2.0 - Cisco	• 32°F to 113°F (0°C to 45°C)
119270	SW-CCM-UL-7920	collaboration-endpoints	software	non-hardware	temp_storage	645699c9e5da4ab8	Cisco Unified Wireless IP Phone 7920 Version 2.0 - Cisco	• -22°F to 140°F (-30°C to 60°C)
119271	SW-CCM-UL-7920	collaboration-endpoints	software	non-hardware	humidity_operating	645699c9e5da4ab8	Cisco Unified Wireless IP Phone 7920 Version 2.0 - Cisco	• 10% to 95% (noncondensing)
140940	C9200-24-E-A-7	switches	license	non-hardware	humidity_storage	de692de8d2c8f641	Cisco Catalyst 9200 Series Switches Data Sheet - Cisco	5% to 90% noncondensing
78695	C9200-24-E-A-7	switches	license	non-hardware	temp_operating	de692de8d2c8f641	Cisco Catalyst 9200 Series Switches Data Sheet - Cisco	Normal operating temperature * and altitudes: ● -5°C to +45°C, up to 5000 feet (
78696	C9200-24-E-A-7	switches	license	non-hardware	temp_storage	de692de8d2c8f641	Cisco Catalyst 9200 Series Switches Data Sheet - Cisco	-40° to 158°F (-40° to 70°C)
146917	C9200-24-E-A-7	switches	license	non-hardware	ieee_standards	de692de8d2c8f641	Cisco Catalyst 9200 Series Switches Data Sheet - Cisco	EEE 802.1s ; RMON I and II standards ; IEEE 802.1w ; SNMPv1, v2c, and v3 ; IEEE 
158370	C9200-24-E-A-7	switches	license	non-hardware	altitude_max	de692de8d2c8f641	Cisco Catalyst 9200 Series Switches Data Sheet - Cisco	10,000 ft. (3000 meters), up to 45°C
146918	C9200-24-E-A-7	switches	license	non-hardware	certifications	de692de8d2c8f641	Cisco Catalyst 9200 Series Switches Data Sheet - Cisco	● 47 CFR Part 15 ● CISPR 32 Class A ● CNS 13438 ● EN 300 386 * ● EN 55032 Class 
99055	L-LIC-CT2504-UPG	wireless	license	non-hardware	programming_interfaces	b1af204fcb361dd1	Cisco 2500 Series Wireless Controllers Data Sheet - Cisco	● Designed for use with Cisco Wireless Control System ● Web-based: HTTP/HTTPS in
99056	L-LIC-CT2504-UPG	wireless	license	non-hardware	encryption	b1af204fcb361dd1	Cisco 2500 Series Wireless Controllers Data Sheet - Cisco	● WEP and Temporal Key Integrity Protocol-Message Integrity Check (TKIP-MIC): RC
197439	L-LIC-CT2504-UPG	wireless	license	non-hardware	supported_protocols	b1af204fcb361dd1	Cisco 2500 Series Wireless Controllers Data Sheet - Cisco	● IEEE 802.1X ● RFC 2548 Microsoft Vendor-Specific RADIUS Attributes ● RFC 2716 
140643	ADN2-100G-SIA-3	ios-nx-os-software	license	(no axis)	humidity_storage	2362772905997ea1	Cisco Network Convergence System 5700 Series: NCS-57C1 Fixed Chassis Data Sheet - Cisco	5% to 95% at 40C per NEBS GR-63-Core
73682	ADN2-100G-SIA-3	ios-nx-os-software	license	(no axis)	humidity_operating	2362772905997ea1	Cisco Network Convergence System 5700 Series: NCS-57C1 Fixed Chassis Data Sheet - Cisco	Normal: 5% RH to 85% RH Short term: 5% to 95% RH Should not exceed 0.026 kg wate
73685	ADN2-100G-SIA-3	ios-nx-os-software	license	(no axis)	emc_emissions	07ac5acc909a3e58	Cisco Network Convergence System 5500 Series Modular Chassis - Cisco	● 47CFR Part 15 (CFR 47) Class A ● AS/NZS CISPR22 Class A ● CISPR22 Class A ● EN
73686	ADN2-100G-SIA-3	ios-nx-os-software	license	(no axis)	segment_routing_features	2362772905997ea1	Cisco Network Convergence System 5700 Series: NCS-57C1 Fixed Chassis Data Sheet - Cisco	● Segment routing–based transport ● ISIS extensions to segment routing ● OSPF ex
73681	ADN2-100G-SIA-3	ios-nx-os-software	license	(no axis)	programming_interfaces	2362772905997ea1	Cisco Network Convergence System 5700 Series: NCS-57C1 Fixed Chassis Data Sheet - Cisco	● Zero-Touch Provisioning (ZTP), iPXE ● Configuration management ● Network Confi
130417	ADN2-100G-SIA-3	ios-nx-os-software	license	(no axis)	altitude_max	2362772905997ea1	Cisco Network Convergence System 5700 Series: NCS-57C1 Fixed Chassis Data Sheet - Cisco	0 to 9842 ft (0 to 3000 m)
73891	ADV-100G-SIA-5	ios-nx-os-software	license	(no axis)	dram	10f44aa4d91b0c5d	Cisco Network Convergence System 5500 Series: Dense 25G Fixed Chassis Data Sheet - Cisco	32 GB
73892	ADV-100G-SIA-5	ios-nx-os-software	license	(no axis)	emc_emissions	10f44aa4d91b0c5d	Cisco Network Convergence System 5500 Series: Dense 25G Fixed Chassis Data Sheet - Cisco	● 47CFR Part 15 (CFR 47) Class A ● AS/NZS CISPR22 Class A ● CISPR22 Class A ● EN
73893	ADV-100G-SIA-5	ios-nx-os-software	license	(no axis)	temp_operating	e33a8f229661109d	Cisco Network Convergence System 5500 Series: 48 x 1/10/25G Line Card Data Sheet - Cisco	32 to 104°F (0 to 40°C)
73895	ADV-100G-SIA-5	ios-nx-os-software	license	(no axis)	humidity_operating	e33a8f229661109d	Cisco Network Convergence System 5500 Series: 48 x 1/10/25G Line Card Data Sheet - Cisco	5% to 95% (noncondensing) Note: Not to exceed 0.024 kg water or dry air
131356	ADV-100G-SIA-5	ios-nx-os-software	license	(no axis)	altitude_max	92b1ee16755274c1	Cisco Network Convergence System 5500 Series: NCS-55A1-24Q6H-S and NCS-55A1-24Q6H-SS Fixed	0 to 9842 ft (0 to 3000 m)
115577	S845EU-33-1511XO	switches	software	non-hardware	ipv6_routes	7b4dd5a26aec3f20	Cisco Catalyst 4500E Supervisor Engine 8-E: Wired and Wireless Convergence Data Sheet - Ci	128,000
118618	SP-CP-860S-EXCARE=	collaboration-endpoints	service	non-hardware	call_control	eaf12b2609ebd802	Cisco Wireless Phone 800 Series Data Sheet - Cisco	Cisco Unified Communications Manager 11.5(1)SU8, 12.5(1)SU3, 14.0(1) Webex Calli
206711	SP-CP-860S-EXCARE=	collaboration-endpoints	service	non-hardware	certifications	eaf12b2609ebd802	Cisco Wireless Phone 800 Series Data Sheet - Cisco	47 CFR Part 15 Class B ICES-003 Class B EN 55035:2017 AS/NZS CISPR 35:2016 CISPR
141567	IE4010-DNA-A-H-5Y	switches	license	non-hardware	qos_features	eb10389c7a6d377f	Cisco Industrial Ethernet 4010 Series Switches Data Sheet - Cisco	Ingress Policing, Rate-Limit, Egress Queueing/shaping, AutoQoS, Modular QoS CLI 
96568	IE4010-DNA-A-H-5Y	switches	license	non-hardware	mac_table	eb10389c7a6d377f	Cisco Industrial Ethernet 4010 Series Switches Data Sheet - Cisco	16,000
96569	IE4010-DNA-A-H-5Y	switches	license	non-hardware	vlan_max	eb10389c7a6d377f	Cisco Industrial Ethernet 4010 Series Switches Data Sheet - Cisco	1000
91625	ESS-AC-10G-RTU-1	ios-nx-os-software	license	(no axis)	emc_immunity	588e4668c14a7aa0	Cisco Network Convergence System 540 Fronthaul Routers Data Sheet - Cisco	EN55024 CISPR24 EN300386 KN 61000-4 series
98553	IW9165-URWB-NW-E	routers	license	non-hardware	dram	28043f6f56bd4fae	Cisco Catalyst IW9165 Series Data Sheet - Cisco	● 2048 MB DRAM ● 1024 MB flash
99159	L-NCS2K-SFEC-BPSK=	optical-networking	license	non-hardware	humidity_operating	e92a5b29cf9798d0	Cisco Network Convergence System 2000 Series Data Sheet - Cisco	5 to 85%, noncondensing 5 to 90% but not to exceed 0.024 kg water/kg of dry air
99160	L-NCS2K-SFEC-BPSK=	optical-networking	license	non-hardware	temp_storage	e92a5b29cf9798d0	Cisco Network Convergence System 2000 Series Data Sheet - Cisco	-40 to 158ºF (-40 to 70ºC)
99161	L-NCS2K-SFEC-BPSK=	optical-networking	license	non-hardware	emc_emissions	6a25925c2b12b1e1	Cisco NCS 2000 200-Gbps Multirate DWDM Line Card Data Sheet - Cisco	● ETSI EN 300 386 V1.4.1 (2008-04) Telecommunication network equipment EMC requi
99162	L-NCS2K-SFEC-BPSK=	optical-networking	license	non-hardware	laser_safety_class	6a25925c2b12b1e1	Cisco NCS 2000 200-Gbps Multirate DWDM Line Card Data Sheet - Cisco	1
99164	L-NCS2K-SFEC-BPSK=	optical-networking	license	non-hardware	temp_operating	e92a5b29cf9798d0	Cisco Network Convergence System 2000 Series Data Sheet - Cisco	32 to 131ºF (0 to 55ºC) 23 to 131ºF (-5 to 55ºC)
99234	L-NCS2K-100G-10G	optical-networking	license	non-hardware	regions_supported	9ff8f1b0ffd156d6	Cisco NCS 2000 100-Gbps Coherent DWDM Trunk Card with CPAK Client Interface Data Sheet - C	● European Union ● Africa ● CSI ● Australia ● New Zealand ● China ● Korea ● Indi
99235	L-NCS2K-100G-10G	optical-networking	license	non-hardware	emc_emissions	9ff8f1b0ffd156d6	Cisco NCS 2000 100-Gbps Coherent DWDM Trunk Card with CPAK Client Interface Data Sheet - C	● ETSI EN 300 386 V1.4.1 (2008-04) Telecommunication network equipment EMC requi
99236	L-NCS2K-100G-10G	optical-networking	license	non-hardware	laser_safety_class	9ff8f1b0ffd156d6	Cisco NCS 2000 100-Gbps Coherent DWDM Trunk Card with CPAK Client Interface Data Sheet - C	1
99171	L-NCS2K-100G-FFU	optical-networking	license	non-hardware	regions_supported	9ff8f1b0ffd156d6	Cisco NCS 2000 100-Gbps Coherent DWDM Trunk Card with CPAK Client Interface Data Sheet - C	● European Union ● Africa ● CSI ● Australia ● New Zealand ● China ● Korea ● Indi
99172	L-NCS2K-100G-FFU	optical-networking	license	non-hardware	emc_emissions	9ff8f1b0ffd156d6	Cisco NCS 2000 100-Gbps Coherent DWDM Trunk Card with CPAK Client Interface Data Sheet - C	● ETSI EN 300 386 V1.4.1 (2008-04) Telecommunication network equipment EMC requi
99173	L-NCS2K-100G-FFU	optical-networking	license	non-hardware	laser_safety_class	9ff8f1b0ffd156d6	Cisco NCS 2000 100-Gbps Coherent DWDM Trunk Card with CPAK Client Interface Data Sheet - C	1
116055	SF-NCS1K14-2631K9P	optical-networking	software	non-hardware	encryption	cfaf5cd1ede07b94	Cisco NCS 1014 12.8T High-Density OSFP Multi-Haul DWDM Line Card Data Sheet - Cisco	Integrated MACsec encryption across all ports
76242	C1A1TN9300GF-5Y	switches	license	non-hardware	temp_operating	3e6013a0dc9b94e5	Cisco N9300-FX Series Switches Data Sheet - Cisco	32 to 104°F (0 to 40°C)
76244	C1A1TN9300GF-5Y	switches	license	non-hardware	humidity_operating	3e6013a0dc9b94e5	Cisco N9300-FX Series Switches Data Sheet - Cisco	5 to 95% (noncondensing)
149924	C1A1TN9300GF-5Y	switches	license	non-hardware	temp_storage	3e6013a0dc9b94e5	Cisco N9300-FX Series Switches Data Sheet - Cisco	–40 to 158°F (–40 to 70°C)
149925	C1A1TN9300GF-5Y	switches	license	non-hardware	emc_emissions	3e6013a0dc9b94e5	Cisco N9300-FX Series Switches Data Sheet - Cisco	● 47CFR Part 15 (CFR 47) Class A ● AS/NZS CISPR22 Class A ● CISPR22 Class A ● EN
149926	C1A1TN9300GF-5Y	switches	license	non-hardware	emc_immunity	3e6013a0dc9b94e5	Cisco N9300-FX Series Switches Data Sheet - Cisco	● EN55024 ● CISPR24 ● EN300386 ● KN 61000-4 series
131307	C1A1TN9300GF-5Y	switches	license	non-hardware	altitude_max	3e6013a0dc9b94e5	Cisco N9300-FX Series Switches Data Sheet - Cisco	0 to 13,123 ft (0 to 4000m)
141003	C9200-DNA-A-48-3Y	switches	license	non-hardware	humidity_storage	de692de8d2c8f641	Cisco Catalyst 9200 Series Switches Data Sheet - Cisco	5% to 90% noncondensing
79110	C9200-DNA-A-48-3Y	switches	license	non-hardware	temp_operating	de692de8d2c8f641	Cisco Catalyst 9200 Series Switches Data Sheet - Cisco	Normal operating temperature * and altitudes: ● -5°C to +45°C, up to 5000 feet (
79111	C9200-DNA-A-48-3Y	switches	license	non-hardware	temp_storage	de692de8d2c8f641	Cisco Catalyst 9200 Series Switches Data Sheet - Cisco	-40° to 158°F (-40° to 70°C)
205692	C9200-DNA-A-48-3Y	switches	license	non-hardware	certifications	de692de8d2c8f641	Cisco Catalyst 9200 Series Switches Data Sheet - Cisco	● 47 CFR Part 15 ● CISPR 32 Class A ● CNS 13438 ● EN 300 386 * ● EN 55032 Class 
141006	C9200CX-DNAE-8-5Y	switches	license	non-hardware	humidity_storage	de692de8d2c8f641	Cisco Catalyst 9200 Series Switches Data Sheet - Cisco	5% to 90% noncondensing
79128	C9200CX-DNAE-8-5Y	switches	license	non-hardware	temp_operating	de692de8d2c8f641	Cisco Catalyst 9200 Series Switches Data Sheet - Cisco	Normal operating temperature * and altitudes: ● -5°C to +45°C, up to 5000 feet (
79129	C9200CX-DNAE-8-5Y	switches	license	non-hardware	temp_storage	de692de8d2c8f641	Cisco Catalyst 9200 Series Switches Data Sheet - Cisco	-40° to 158°F (-40° to 70°C)
205694	C9200CX-DNAE-8-5Y	switches	license	non-hardware	certifications	de692de8d2c8f641	Cisco Catalyst 9200 Series Switches Data Sheet - Cisco	● 47 CFR Part 15 ● CISPR 32 Class A ● CNS 13438 ● EN 300 386 * ● EN 55032 Class 
141034	C9200L-DNA-E-24	switches	license	non-hardware	humidity_storage	de692de8d2c8f641	Cisco Catalyst 9200 Series Switches Data Sheet - Cisco	5% to 90% noncondensing
79292	C9200L-DNA-E-24	switches	license	non-hardware	temp_operating	de692de8d2c8f641	Cisco Catalyst 9200 Series Switches Data Sheet - Cisco	Normal operating temperature * and altitudes: ● -5°C to +45°C, up to 5000 feet (
79293	C9200L-DNA-E-24	switches	license	non-hardware	temp_storage	de692de8d2c8f641	Cisco Catalyst 9200 Series Switches Data Sheet - Cisco	-40° to 158°F (-40° to 70°C)
205709	C9200L-DNA-E-24	switches	license	non-hardware	certifications	de692de8d2c8f641	Cisco Catalyst 9200 Series Switches Data Sheet - Cisco	● 47 CFR Part 15 ● CISPR 32 Class A ● CNS 13438 ● EN 300 386 * ● EN 55032 Class 
141654	IE3400-DNA-E-5Y	switches	license	non-hardware	qos_features	2ea8fc17200677fa	Cisco Catalyst IE3400 Rugged Series Data Sheet - Cisco	Ingress policing, rate limit, egress queuing/shaping, auto QoS
97353	IE3400-DNA-E-5Y	switches	license	non-hardware	programming_interfaces	2ea8fc17200677fa	Cisco Catalyst IE3400 Rugged Series Data Sheet - Cisco	YANG, NETCONF, RESTCONF
97355	IE3400-DNA-E-5Y	switches	license	non-hardware	humidity_operating	2ea8fc17200677fa	Cisco Catalyst IE3400 Rugged Series Data Sheet - Cisco	Relative humidity of 5% to 95% non-condensing IEC 60068-2-78 IEC 60068-2-30
97359	IE3400-DNA-E-5Y	switches	license	non-hardware	temp_operating	2ea8fc17200677fa	Cisco Catalyst IE3400 Rugged Series Data Sheet - Cisco	Operating temperature: -40°C to +70°C (40 LFM vented enclosure) -40°C to +60°C (
97360	IE3400-DNA-E-5Y	switches	license	non-hardware	temp_storage	2ea8fc17200677fa	Cisco Catalyst IE3400 Rugged Series Data Sheet - Cisco	Temperature: - 40°C to +85°C Altitude: 15,000 feet IEC 60068-2-14
97361	IE3400-DNA-E-5Y	switches	license	non-hardware	shock	2ea8fc17200677fa	Cisco Catalyst IE3400 Rugged Series Data Sheet - Cisco	IEC 60068-2-27 (operational shock, 50G, 3ms, half sine) IEC 60068-2-27 (non-oper
141656	IE9300-DNA-E-5Y	switches	license	non-hardware	qos_features	1b91e980e48bf2c7	Cisco Catalyst IE9300 Rugged Series Data Sheet - Cisco	802.1p, priority queuing, Modular QoS command-line interface (MQC), class-based 
97375	IE9300-DNA-E-5Y	switches	license	non-hardware	programming_interfaces	1b91e980e48bf2c7	Cisco Catalyst IE9300 Rugged Series Data Sheet - Cisco	YANG, NETCONF, RESTCONF, Cisco Plug and Play (PnP), Day-0 Zero Touch Provisionin
97377	IE9300-DNA-E-5Y	switches	license	non-hardware	humidity_operating	1b91e980e48bf2c7	Cisco Catalyst IE9300 Rugged Series Data Sheet - Cisco	Relative humidity of 5% to 95% noncondensing IEC 60068-2-3 IEC 60068-2-30
97381	IE9300-DNA-E-5Y	switches	license	non-hardware	temp_operating	1b91e980e48bf2c7	Cisco Catalyst IE9300 Rugged Series Data Sheet - Cisco	Operating temperature: -40° to 75°C (-40° to 167°F) (blower-equipped cabinet) -4
97382	IE9300-DNA-E-5Y	switches	license	non-hardware	shock	1b91e980e48bf2c7	Cisco Catalyst IE9300 Rugged Series Data Sheet - Cisco	IEC 60068-2-6 (Vibration) IEC 60068-2-27 (Shock) IEC 60068-2-31 (Shock) IEC 6006
131642	IE9300-DNA-E-5Y	switches	license	non-hardware	temp_storage	1b91e980e48bf2c7	Cisco Catalyst IE9300 Rugged Series Data Sheet - Cisco	Temperature: -40° to 85°C (-40° to 185°F) Altitude: 15,000 feet (4572 m) IEC 600
141701	IE3300-DNA-A-5Y	switches	license	non-hardware	qos_features	7b24beb93905621c	Cisco Catalyst IE3300 Rugged Series Data Sheet - Cisco	Ingress policing, rate limit, egress queuing and shaping, auto QoS
97831	IE3300-DNA-A-5Y	switches	license	non-hardware	programming_interfaces	7b24beb93905621c	Cisco Catalyst IE3300 Rugged Series Data Sheet - Cisco	YANG, NETCONF, RESTCONF
97833	IE3300-DNA-A-5Y	switches	license	non-hardware	humidity_operating	7b24beb93905621c	Cisco Catalyst IE3300 Rugged Series Data Sheet - Cisco	Relative humidity of 5% to 95% non-condensing IEC 60068-2-78 IEC 60068-2-30
97837	IE3300-DNA-A-5Y	switches	license	non-hardware	temp_operating	7b24beb93905621c	Cisco Catalyst IE3300 Rugged Series Data Sheet - Cisco	Operating temperature: -40°C to +70°C (40 LFM vented enclosure) -40°C to +60°C (
97838	IE3300-DNA-A-5Y	switches	license	non-hardware	temp_storage	7b24beb93905621c	Cisco Catalyst IE3300 Rugged Series Data Sheet - Cisco	Temperature: -40°C to +85°C degrees Altitude: 15,000 feet IEC 60068-2-14
97839	IE3300-DNA-A-5Y	switches	license	non-hardware	shock	7b24beb93905621c	Cisco Catalyst IE3300 Rugged Series Data Sheet - Cisco	IEC 60068-2-27 (operational shock, 50G, 3ms, half sine) IEC 60068-2-27 (non-oper
141721	IE3400-DNA-E-7Y	switches	license	non-hardware	qos_features	2ea8fc17200677fa	Cisco Catalyst IE3400 Rugged Series Data Sheet - Cisco	Ingress policing, rate limit, egress queuing/shaping, auto QoS
98089	IE3400-DNA-E-7Y	switches	license	non-hardware	programming_interfaces	2ea8fc17200677fa	Cisco Catalyst IE3400 Rugged Series Data Sheet - Cisco	YANG, NETCONF, RESTCONF
98091	IE3400-DNA-E-7Y	switches	license	non-hardware	humidity_operating	2ea8fc17200677fa	Cisco Catalyst IE3400 Rugged Series Data Sheet - Cisco	Relative humidity of 5% to 95% non-condensing IEC 60068-2-78 IEC 60068-2-30
98095	IE3400-DNA-E-7Y	switches	license	non-hardware	temp_operating	2ea8fc17200677fa	Cisco Catalyst IE3400 Rugged Series Data Sheet - Cisco	Operating temperature: -40°C to +70°C (40 LFM vented enclosure) -40°C to +60°C (
98096	IE3400-DNA-E-7Y	switches	license	non-hardware	temp_storage	2ea8fc17200677fa	Cisco Catalyst IE3400 Rugged Series Data Sheet - Cisco	Temperature: - 40°C to +85°C Altitude: 15,000 feet IEC 60068-2-14
98097	IE3400-DNA-E-7Y	switches	license	non-hardware	shock	2ea8fc17200677fa	Cisco Catalyst IE3400 Rugged Series Data Sheet - Cisco	IEC 60068-2-27 (operational shock, 50G, 3ms, half sine) IEC 60068-2-27 (non-oper
76282	C1A1TN9300XF-7Y	switches	license	non-hardware	temp_operating	c294a6ef715a933d	Cisco N9300-EX, FX, and FX3 24 Port Series Switches Data Sheet - Cisco	32 to 104°F (0 to 40°C)
76284	C1A1TN9300XF-7Y	switches	license	non-hardware	humidity_operating	c294a6ef715a933d	Cisco N9300-EX, FX, and FX3 24 Port Series Switches Data Sheet - Cisco	5 to 95% (noncondensing)
151378	C1A1TN9300XF-7Y	switches	license	non-hardware	temp_storage	c294a6ef715a933d	Cisco N9300-EX, FX, and FX3 24 Port Series Switches Data Sheet - Cisco	–40 to 158°F (–40 to 70°C)
151379	C1A1TN9300XF-7Y	switches	license	non-hardware	emc_emissions	c294a6ef715a933d	Cisco N9300-EX, FX, and FX3 24 Port Series Switches Data Sheet - Cisco	● 47CFR Part 15 (CFR 47) Class A ● AS/NZS CISPR22 Class A ● CISPR22 Class A ● EN
151380	C1A1TN9300XF-7Y	switches	license	non-hardware	emc_immunity	c294a6ef715a933d	Cisco N9300-EX, FX, and FX3 24 Port Series Switches Data Sheet - Cisco	● EN55024 ● CISPR24 ● EN300386 ● KN 61000-4 series
131380	C1A1TN9300XF-7Y	switches	license	non-hardware	altitude_max	c294a6ef715a933d	Cisco N9300-EX, FX, and FX3 24 Port Series Switches Data Sheet - Cisco	0 to 13,123 ft (0 to 4000m)
204343	SWLIC-DS384	video	license	non-hardware	supported_protocols	407cb5b0246dcf3d	Cisco RF Gateway Downstream 384 Universal Edge QAM Line Card Data Sheet - Cisco	● IP multicast routing protocols: Protocol Independent Multicast (PIM), includin
145196	SWLIC-DS384	video	license	non-hardware	certifications	407cb5b0246dcf3d	Cisco RF Gateway Downstream 384 Universal Edge QAM Line Card Data Sheet - Cisco	UL 60950CAN/CSA-C22.2 No. 60950, EN 60950, IEC 60950, TS 001, AS/NZS 3260 ; FCC 
142386	NGA-M-SIA-5	routers	license	non-hardware	qos_features	8f6659f8bff28ca8	Cisco 8010 Series Medium Density Fixed Routers Data Sheet - Cisco	Virtual Output Queueing (VOQ) with deep packet buffering Class-based 3-level hie
107904	NGA-M-SIA-5	routers	license	non-hardware	segment_routing_features	8f6659f8bff28ca8	Cisco 8010 Series Medium Density Fixed Routers Data Sheet - Cisco	Segment Routing with MPLS data plane (SR-MPLS) Segment Routing with IPv6 data pl
107903	NGA-M-SIA-5	routers	license	non-hardware	programming_interfaces	8f6659f8bff28ca8	Cisco 8010 Series Medium Density Fixed Routers Data Sheet - Cisco	Command-Line Interface (CLI) SSH, Telnet, SCP, FTP, TFTP Simple Network Manageme
142492	PRM-NGA-10G-RTU	routers	license	non-hardware	qos_features	8f6659f8bff28ca8	Cisco 8010 Series Medium Density Fixed Routers Data Sheet - Cisco	Virtual Output Queueing (VOQ) with deep packet buffering Class-based 3-level hie
112381	PRM-NGA-10G-RTU	routers	license	non-hardware	segment_routing_features	8f6659f8bff28ca8	Cisco 8010 Series Medium Density Fixed Routers Data Sheet - Cisco	Segment Routing with MPLS data plane (SR-MPLS) Segment Routing with IPv6 data pl
112380	PRM-NGA-10G-RTU	routers	license	non-hardware	programming_interfaces	8f6659f8bff28ca8	Cisco 8010 Series Medium Density Fixed Routers Data Sheet - Cisco	Command-Line Interface (CLI) SSH, Telnet, SCP, FTP, TFTP Simple Network Manageme
116113	SF-NCS1K4-R721K9	optical-networking	software	non-hardware	regions_supported	807edec259fb340d	Cisco Network Convergence System 1004 Data Sheet - Cisco	● European Union ● Africa ● CSI ● Australia ● New Zealand ● China ● Korea ● Indi
152519	SF-NCS1K4-R721K9	optical-networking	software	non-hardware	certifications	807edec259fb340d	Cisco Network Convergence System 1004 Data Sheet - Cisco	● IEC 60950-1 Information technology equipment Safety Part 1: General requiremen
99808	M9200SME1MK9=	storage-networking	license	non-hardware	programming_interfaces	e8b6b46a85541966	Cisco MDS 9000 18/4-Port Multiservice Module - Cisco	• Scriptable CLI • Fabric Manager GUI • Device Manager GUI
153551	XR-NC55-P-07.05	routers	software	non-hardware	emc_emissions	07ac5acc909a3e58	Cisco Network Convergence System 5500 Series Modular Chassis - Cisco	● 47CFR Part 15 (CFR 47) Class A ● AS/NZS CISPR22 Class A ● CISPR22 Class A ● EN
153552	XR-NC55-P-07.05	routers	software	non-hardware	emc_immunity	07ac5acc909a3e58	Cisco Network Convergence System 5500 Series Modular Chassis - Cisco	● EN55024 ● CISPR24 ● EN300386 ● KN 61000-4 series
146274	XR-NCS1K-621K9	optical-networking	license	non-hardware	emc_emissions	1db0970cbad59da0	Cisco Network Convergence System 1001 Data Sheet - Cisco	● VCCI Class A ● K32 Class A ● CNS 13438 Class A ● EN61000-3-2 Power Line Harmon
129018	XR-NCS1K-621K9	optical-networking	license	non-hardware	regions_supported	1db0970cbad59da0	Cisco Network Convergence System 1001 Data Sheet - Cisco	● European Union ● Africa ● CSI ● Australia ● New Zealand ● China ● Korea ● Indi
146275	XR-NCS1K-621K9	optical-networking	license	non-hardware	certifications	1db0970cbad59da0	Cisco Network Convergence System 1001 Data Sheet - Cisco	● IEC 60950-1 Information technology equipment Safety Part 1: General requiremen
99322	L-SL-19-DATA-K9=	routers	license	non-hardware	dram	e539825af78bd0b5	Cisco Integrated Services Routers Generation 2 Ordering Guide - Cisco	None available; Fixed 512MB DRAM only
99323	L-SL-19-DATA-K9=	routers	license	non-hardware	flash	e539825af78bd0b5	Cisco Integrated Services Routers Generation 2 Ordering Guide - Cisco	None available; Fixed internal 256MB eUSB Flash only
144222	8KSW-PRM-A-P	routers	license	non-hardware	emc_immunity	a5dbf1f67727ca95	Cisco 8700 Series Routers Data Sheet - Cisco	CISPR35 EN 55035 EN IEC 61000-6-1 EN IEC 61000-6-2 EN 300 386 V2.1.23 KS C 9835 
205508	8KSW-PRM-A-P	routers	license	non-hardware	certifications	a5dbf1f67727ca95	Cisco 8700 Series Routers Data Sheet - Cisco	Emissions: CISPR32 EN 55032 EN 61000-3-3 EN IEC 61000-3-2 EN 300 386 V2.1.23 47 
144221	8KSW-PRM-A-P	routers	license	non-hardware	programming_interfaces	a5dbf1f67727ca95	Cisco 8700 Series Routers Data Sheet - Cisco	RS-232 serial ports: 1 x RJ45 Management ports: 1 x RJ45(1G) USB 3.0 ports: 1 x 
77206	C4500E-IP-ES	interfaces-modules	license	non-hardware	ipv6_routes	18989e0127e9ce20	Cisco Catalyst 4500E Supervisor Engine 9-E Data Sheet - Cisco	128,000
141030	C9200CX-DNXE-8-3Y	switches	license	non-hardware	humidity_storage	de692de8d2c8f641	Cisco Catalyst 9200 Series Switches Data Sheet - Cisco	5% to 90% noncondensing
79268	C9200CX-DNXE-8-3Y	switches	license	non-hardware	temp_operating	de692de8d2c8f641	Cisco Catalyst 9200 Series Switches Data Sheet - Cisco	Normal operating temperature * and altitudes: ● -5°C to +45°C, up to 5000 feet (
79269	C9200CX-DNXE-8-3Y	switches	license	non-hardware	temp_storage	de692de8d2c8f641	Cisco Catalyst 9200 Series Switches Data Sheet - Cisco	-40° to 158°F (-40° to 70°C)
147031	C9200CX-DNXE-8-3Y	switches	license	non-hardware	ieee_standards	de692de8d2c8f641	Cisco Catalyst 9200 Series Switches Data Sheet - Cisco	EEE 802.1s ; RMON I and II standards ; IEEE 802.1w ; SNMPv1, v2c, and v3 ; IEEE 
158395	C9200CX-DNXE-8-3Y	switches	license	non-hardware	altitude_max	de692de8d2c8f641	Cisco Catalyst 9200 Series Switches Data Sheet - Cisco	10,000 ft. (3000 meters), up to 45°C
147032	C9200CX-DNXE-8-3Y	switches	license	non-hardware	certifications	de692de8d2c8f641	Cisco Catalyst 9200 Series Switches Data Sheet - Cisco	● 47 CFR Part 15 ● CISPR 32 Class A ● CNS 13438 ● EN 300 386 * ● EN 55032 Class 
97802	IE2000-DNA-E-M-7Y	switches	license	non-hardware	programming_interfaces	7be5a7c2ffcf5234	Cisco Industrial Ethernet 2000 Series Switches Data Sheet - Cisco	Cisco Network Plug-and-Play application
97806	IE2000-DNA-E-M-7Y	switches	license	non-hardware	temp_storage	7be5a7c2ffcf5234	Cisco Industrial Ethernet 2000 Series Switches Data Sheet - Cisco	● -40 C to +85 C (storage temperature) ● IEC 60068-2-14 ● Storage altitude: Up t
117658	SL-29-DATA-K9	routers	license	non-hardware	dram	e539825af78bd0b5	Cisco Integrated Services Routers Generation 2 Ordering Guide - Cisco	None available; Fixed 512MB DRAM only
117659	SL-29-DATA-K9	routers	license	non-hardware	flash	e539825af78bd0b5	Cisco Integrated Services Routers Generation 2 Ordering Guide - Cisco	None available; Fixed internal 256MB eUSB Flash only
144483	M91VXK9-P-1Y-OSM	storage-networking	license	non-hardware	supported_protocols	b1c4eb1b17106929	MDS 9124V 64-Gbps 24-Port Fibre Channel Switch Data Sheet - Cisco	● Fibre Channel standards ● FC-PI-6 (INCITS 512-2015) ● FC-PI-7 (INCITS 543-2019
144484	M91VXK9-P-1Y-OSM	storage-networking	license	non-hardware	diagnostics	b1c4eb1b17106929	MDS 9124V 64-Gbps 24-Port Fibre Channel Switch Data Sheet - Cisco	● Power-On-Self-Test (POST) diagnostics ● Online Health Management System (OHMS)
144485	M91VXK9-P-1Y-OSM	storage-networking	license	non-hardware	programming_interfaces	b1c4eb1b17106929	MDS 9124V 64-Gbps 24-Port Fibre Channel Switch Data Sheet - Cisco	● Scriptable CLI ● Cisco DCNM/NDFC web services API ● NX-API HTTP/HTTPS interfac
144486	M91VXK9-P-1Y-OSM	storage-networking	license	non-hardware	certifications	b1c4eb1b17106929	MDS 9124V 64-Gbps 24-Port Fibre Channel Switch Data Sheet - Cisco	● Safety compliance ● CE Marking ● UL 60950 ● CAN/CSA-C22.2 No. 60950 ● EN 60950
144487	M91VXK9-P-1Y-OSM	storage-networking	license	non-hardware	fabric_services	b1c4eb1b17106929	MDS 9124V 64-Gbps 24-Port Fibre Channel Switch Data Sheet - Cisco	● Name server ● Registered State Change Notification (RSCN) ● Login services ● F
99890	M91VXK9-P-1Y-OSM	storage-networking	license	non-hardware	temp_operating	b1c4eb1b17106929	MDS 9124V 64-Gbps 24-Port Fibre Channel Switch Data Sheet - Cisco	● Temperature, ambient operating: ◦ 32 to 104°F (0 to 40°C) with port-side exhau
90560	E-NCS2K-100G-CL=	optical-networking	license	non-hardware	latency	e1f3abbe0cc2ce8d	Cisco NCS 2000 1.2 Tbps DWDM Line Module Data Sheet - Cisco	7 us 10us
90561	E-NCS2K-100G-CL=	optical-networking	license	non-hardware	regions_supported	e1f3abbe0cc2ce8d	Cisco NCS 2000 1.2 Tbps DWDM Line Module Data Sheet - Cisco	● European Union ● Africa ● CSI ● Australia ● New Zealand ● China ● Korea ● Indi
90563	E-NCS2K-100G-CL=	optical-networking	license	non-hardware	emc_emissions	e1f3abbe0cc2ce8d	Cisco NCS 2000 1.2 Tbps DWDM Line Module Data Sheet - Cisco	● ETSI EN 300 386 V1.4.1 (2008-04) Telecommunication network equipment EMC requi
144443	M91VXK9-A-1Y	storage-networking	license	non-hardware	supported_protocols	b1c4eb1b17106929	MDS 9124V 64-Gbps 24-Port Fibre Channel Switch Data Sheet - Cisco	● Fibre Channel standards ● FC-PI-6 (INCITS 512-2015) ● FC-PI-7 (INCITS 543-2019
144446	M91VXK9-A-1Y	storage-networking	license	non-hardware	certifications	b1c4eb1b17106929	MDS 9124V 64-Gbps 24-Port Fibre Channel Switch Data Sheet - Cisco	● Safety compliance ● CE Marking ● UL 60950 ● CAN/CSA-C22.2 No. 60950 ● EN 60950
144447	M91VXK9-A-1Y	storage-networking	license	non-hardware	fabric_services	b1c4eb1b17106929	MDS 9124V 64-Gbps 24-Port Fibre Channel Switch Data Sheet - Cisco	● Name server ● Registered State Change Notification (RSCN) ● Login services ● F
144444	M91VXK9-A-1Y	storage-networking	license	non-hardware	diagnostics	b1c4eb1b17106929	MDS 9124V 64-Gbps 24-Port Fibre Channel Switch Data Sheet - Cisco	● Power-On-Self-Test (POST) diagnostics ● Online Health Management System (OHMS)
144445	M91VXK9-A-1Y	storage-networking	license	non-hardware	programming_interfaces	b1c4eb1b17106929	MDS 9124V 64-Gbps 24-Port Fibre Channel Switch Data Sheet - Cisco	● Scriptable CLI ● Cisco DCNM/NDFC web services API ● NX-API HTTP/HTTPS interfac
100166	M91VXK9-A-1Y	storage-networking	license	non-hardware	temp_operating	b1c4eb1b17106929	MDS 9124V 64-Gbps 24-Port Fibre Channel Switch Data Sheet - Cisco	● Temperature, ambient operating: ◦ 32 to 104°F (0 to 40°C) with port-side exhau
73222	ADV-AC-10G-SIA-5	ios-nx-os-software	license	(no axis)	emc_immunity	588e4668c14a7aa0	Cisco Network Convergence System 540 Fronthaul Routers Data Sheet - Cisco	EN55024 CISPR24 EN300386 KN 61000-4 series
76292	C1F1AIE40001K9	switches	license	non-hardware	mac_table	4bc5727c94dae842	Cisco Industrial Ethernet 4000 Series Switches Data Sheet - Cisco	16,000
76293	C1F1AIE40001K9	switches	license	non-hardware	vlan_max	4bc5727c94dae842	Cisco Industrial Ethernet 4000 Series Switches Data Sheet - Cisco	1,000
76417	C1F1AIE4K5K1K9	switches	license	non-hardware	mac_table	5101115dc17605ec	Cisco Industrial Ethernet 5000 Series Switches Data Sheet - Cisco	16,000
144501	M91VXK9-P-5Y	storage-networking	license	non-hardware	certifications	b1c4eb1b17106929	MDS 9124V 64-Gbps 24-Port Fibre Channel Switch Data Sheet - Cisco	● Safety compliance ● CE Marking ● UL 60950 ● CAN/CSA-C22.2 No. 60950 ● EN 60950
144502	M91VXK9-P-5Y	storage-networking	license	non-hardware	fabric_services	b1c4eb1b17106929	MDS 9124V 64-Gbps 24-Port Fibre Channel Switch Data Sheet - Cisco	● Name server ● Registered State Change Notification (RSCN) ● Login services ● F
144498	M91VXK9-P-5Y	storage-networking	license	non-hardware	supported_protocols	b1c4eb1b17106929	MDS 9124V 64-Gbps 24-Port Fibre Channel Switch Data Sheet - Cisco	● Fibre Channel standards ● FC-PI-6 (INCITS 512-2015) ● FC-PI-7 (INCITS 543-2019
144499	M91VXK9-P-5Y	storage-networking	license	non-hardware	diagnostics	b1c4eb1b17106929	MDS 9124V 64-Gbps 24-Port Fibre Channel Switch Data Sheet - Cisco	● Power-On-Self-Test (POST) diagnostics ● Online Health Management System (OHMS)
144500	M91VXK9-P-5Y	storage-networking	license	non-hardware	programming_interfaces	b1c4eb1b17106929	MDS 9124V 64-Gbps 24-Port Fibre Channel Switch Data Sheet - Cisco	● Scriptable CLI ● Cisco DCNM/NDFC web services API ● NX-API HTTP/HTTPS interfac
100048	M91VXK9-P-5Y	storage-networking	license	non-hardware	temp_operating	b1c4eb1b17106929	MDS 9124V 64-Gbps 24-Port Fibre Channel Switch Data Sheet - Cisco	● Temperature, ambient operating: ◦ 32 to 104°F (0 to 40°C) with port-side exhau
97140	IE2000-DNA-E-L-7Y	switches	license	non-hardware	temp_storage	7be5a7c2ffcf5234	Cisco Industrial Ethernet 2000 Series Switches Data Sheet - Cisco	● -40 C to +85 C (storage temperature) ● IEC 60068-2-14 ● Storage altitude: Up t
97136	IE2000-DNA-E-L-7Y	switches	license	non-hardware	programming_interfaces	7be5a7c2ffcf5234	Cisco Industrial Ethernet 2000 Series Switches Data Sheet - Cisco	Cisco Network Plug-and-Play application
98468	IW9167-URWB-NW-E	routers	license	non-hardware	dram	48483805d0c74f83	Cisco Catalyst IW9167 Heavy Duty Series Data Sheet - Cisco	● 2048 MB DRAM ● 1024 MB flash
100819	M9500SME1MK9=	storage-networking	license	non-hardware	programming_interfaces	e8b6b46a85541966	Cisco MDS 9000 18/4-Port Multiservice Module - Cisco	• Scriptable CLI • Fabric Manager GUI • Device Manager GUI
100549	M9500SSE1K9	interfaces-modules	license	non-hardware	programming_interfaces	62c99820b328a814	Cisco MDS 9500 Series Supervisor-2 Module - Cisco	• Scriptable CLI • Fabric Manager GUI • Device Manager GUI
100548	M9500SSE1K9	interfaces-modules	license	non-hardware	fabric_services	62c99820b328a814	Cisco MDS 9500 Series Supervisor-2 Module - Cisco	• Name server • Registered State Change Notification (RSCN) • Login services • F
99182	L-NCS2K-WDM-LIC=	optical-networking	license	non-hardware	humidity_operating	e92a5b29cf9798d0	Cisco Network Convergence System 2000 Series Data Sheet - Cisco	5 to 85%, noncondensing 5 to 90% but not to exceed 0.024 kg water/kg of dry air
99183	L-NCS2K-WDM-LIC=	optical-networking	license	non-hardware	temp_storage	e92a5b29cf9798d0	Cisco Network Convergence System 2000 Series Data Sheet - Cisco	-40 to 158ºF (-40 to 70ºC)
99184	L-NCS2K-WDM-LIC=	optical-networking	license	non-hardware	emc_emissions	daee68aac49c1c7a	Cisco NCS 2000 400 Gbps XPonder Line Card Data Sheet - Cisco	● ETSI EN 300 386 V1.4.1 (2008-04) Telecommunication network equipment EMC requi
99186	L-NCS2K-WDM-LIC=	optical-networking	license	non-hardware	temp_operating	e92a5b29cf9798d0	Cisco Network Convergence System 2000 Series Data Sheet - Cisco	32 to 131ºF (0 to 55ºC) 23 to 131ºF (-5 to 55ºC)
152591	C1A1AIE50001K9	switches	license	non-hardware	supported_protocols	5101115dc17605ec	Cisco Industrial Ethernet 5000 Series Switches Data Sheet - Cisco	IEEE 802.1, 802.3, 802.3at, 802.3af standard, VTPv2, NTP, UDLD, CDP, LLDP, Unica
140730	C1A1AIE50001K9	switches	license	non-hardware	snmp_mibs	5101115dc17605ec	Cisco Industrial Ethernet 5000 Series Switches Data Sheet - Cisco	● BRIDGE-MIB ● CALISTA-DPA-MIB ● CISCO-ACCESS-ENVMON-MIB ● CISCO-ADMISSION-POLIC
198223	C1A1AIE50001K9	switches	license	non-hardware	ieee_standards	5101115dc17605ec	Cisco Industrial Ethernet 5000 Series Switches Data Sheet - Cisco	● IEEE 802.1D MAC Bridges, STP ● IEEE 802.1p Layer2 COS prioritization ● IEEE 80
76189	C1A1AIE50001K9	switches	license	non-hardware	mac_table	5101115dc17605ec	Cisco Industrial Ethernet 5000 Series Switches Data Sheet - Cisco	16,000
76190	C1A1AIE50001K9	switches	license	non-hardware	vlan_max	5101115dc17605ec	Cisco Industrial Ethernet 5000 Series Switches Data Sheet - Cisco	1,005
152593	C1A1AIE50001K9	switches	license	non-hardware	rfc_compliance	5101115dc17605ec	Cisco Industrial Ethernet 5000 Series Switches Data Sheet - Cisco	● RFC 768: UDP ● RFC 783: TFTP ● RFC 791: IPv4 protocol ● RFC 792: ICMP ● RFC 79
99599	LIC-IE2000-L-IP=	switches	license	non-hardware	programming_interfaces	7be5a7c2ffcf5234	Cisco Industrial Ethernet 2000 Series Switches Data Sheet - Cisco	Cisco Network Plug-and-Play application
99601	LIC-IE2000-L-IP=	switches	license	non-hardware	emc_emissions	7be5a7c2ffcf5234	Cisco Industrial Ethernet 2000 Series Switches Data Sheet - Cisco	● FCC 47 CFR Part 15 Class A ● EN 55022A Class A ● VCCI Class A ● RoHS complianc
99602	LIC-IE2000-L-IP=	switches	license	non-hardware	temp_operating	7be5a7c2ffcf5234	Cisco Industrial Ethernet 2000 Series Switches Data Sheet - Cisco	● -40C to +70C (vented enclosure - 40 LFM Air Flow) ● -40C to +60C (sealed enclo
99603	LIC-IE2000-L-IP=	switches	license	non-hardware	temp_storage	7be5a7c2ffcf5234	Cisco Industrial Ethernet 2000 Series Switches Data Sheet - Cisco	● -40 C to +85 C (storage temperature) ● IEC 60068-2-14 ● Storage altitude: Up t
99606	LIC-IE2000-L-IP=	switches	license	non-hardware	shock	7be5a7c2ffcf5234	Cisco Industrial Ethernet 2000 Series Switches Data Sheet - Cisco	● IEC 60068-2-27 (Operational Shock: 30G 11ms, half sine) ● IEC 60068-2-27 (Non-
157812	L-RFGW1-OCTAL	video	license	non-hardware	temp_storage	211f9513a8451065	Cisco RF Gateway 1 - Cisco	–30 to 158°F (–22 to 70°C)
99302	L-RFGW1-OCTAL	video	license	non-hardware	temp_operating	211f9513a8451065	Cisco RF Gateway 1 - Cisco	32 to 122°F (0 to 50°C)
99303	L-RFGW1-OCTAL	video	license	non-hardware	humidity_operating	211f9513a8451065	Cisco RF Gateway 1 - Cisco	5% to 95%, non-condensing
99301	L-RFGW1-OCTAL	video	license	non-hardware	supported_protocols	211f9513a8451065	Cisco RF Gateway 1 - Cisco	HTTP, SNMP, FTP, RPC
140937	C9200-48-E-A-7	switches	license	non-hardware	humidity_storage	de692de8d2c8f641	Cisco Catalyst 9200 Series Switches Data Sheet - Cisco	5% to 90% noncondensing
78649	C9200-48-E-A-7	switches	license	non-hardware	temp_operating	de692de8d2c8f641	Cisco Catalyst 9200 Series Switches Data Sheet - Cisco	Normal operating temperature * and altitudes: ● -5°C to +45°C, up to 5000 feet (
78650	C9200-48-E-A-7	switches	license	non-hardware	temp_storage	de692de8d2c8f641	Cisco Catalyst 9200 Series Switches Data Sheet - Cisco	-40° to 158°F (-40° to 70°C)
146940	C9200-48-E-A-7	switches	license	non-hardware	certifications	de692de8d2c8f641	Cisco Catalyst 9200 Series Switches Data Sheet - Cisco	● 47 CFR Part 15 ● CISPR 32 Class A ● CNS 13438 ● EN 300 386 * ● EN 55032 Class 
146939	C9200-48-E-A-7	switches	license	non-hardware	ieee_standards	de692de8d2c8f641	Cisco Catalyst 9200 Series Switches Data Sheet - Cisco	EEE 802.1s ; RMON I and II standards ; IEEE 802.1w ; SNMPv1, v2c, and v3 ; IEEE 
158368	C9200-48-E-A-7	switches	license	non-hardware	altitude_max	de692de8d2c8f641	Cisco Catalyst 9200 Series Switches Data Sheet - Cisco	10,000 ft. (3000 meters), up to 45°C
140964	C9200CX-DNAE-12-5Y	switches	license	non-hardware	humidity_storage	de692de8d2c8f641	Cisco Catalyst 9200 Series Switches Data Sheet - Cisco	5% to 90% noncondensing
78865	C9200CX-DNAE-12-5Y	switches	license	non-hardware	temp_operating	de692de8d2c8f641	Cisco Catalyst 9200 Series Switches Data Sheet - Cisco	Normal operating temperature * and altitudes: ● -5°C to +45°C, up to 5000 feet (
78866	C9200CX-DNAE-12-5Y	switches	license	non-hardware	temp_storage	de692de8d2c8f641	Cisco Catalyst 9200 Series Switches Data Sheet - Cisco	-40° to 158°F (-40° to 70°C)
205673	C9200CX-DNAE-12-5Y	switches	license	non-hardware	certifications	de692de8d2c8f641	Cisco Catalyst 9200 Series Switches Data Sheet - Cisco	● 47 CFR Part 15 ● CISPR 32 Class A ● CNS 13438 ● EN 300 386 * ● EN 55032 Class 
141020	C9300-DNX-E-24-3Y	switches	license	non-hardware	humidity_storage	638d72c59601332b	Cisco Catalyst 9300 Series Switches Data Sheet - Cisco	5% to 90% noncondensing
198481	C9300-DNX-E-24-3Y	switches	license	non-hardware	ieee_standards	638d72c59601332b	Cisco Catalyst 9300 Series Switches Data Sheet - Cisco	IEEE 802.1s IEEE 802.1w IEEE 802.1x IEEE 802.1x-Rev IEEE 802.3ad IEEE 802.3ae IE
79209	C9300-DNX-E-24-3Y	switches	license	non-hardware	temp_operating	638d72c59601332b	Cisco Catalyst 9300 Series Switches Data Sheet - Cisco	Normal operating temperature * and altitudes: -5°C to +45°C, up to 5000 feet (15
79210	C9300-DNX-E-24-3Y	switches	license	non-hardware	temp_storage	638d72c59601332b	Cisco Catalyst 9300 Series Switches Data Sheet - Cisco	-40° to 158°F (-40° to 70°C)
141093	C9200CX-DNXA-12-3Y	switches	license	non-hardware	humidity_storage	de692de8d2c8f641	Cisco Catalyst 9200 Series Switches Data Sheet - Cisco	5% to 90% noncondensing
79655	C9200CX-DNXA-12-3Y	switches	license	non-hardware	temp_operating	de692de8d2c8f641	Cisco Catalyst 9200 Series Switches Data Sheet - Cisco	Normal operating temperature * and altitudes: ● -5°C to +45°C, up to 5000 feet (
79656	C9200CX-DNXA-12-3Y	switches	license	non-hardware	temp_storage	de692de8d2c8f641	Cisco Catalyst 9200 Series Switches Data Sheet - Cisco	-40° to 158°F (-40° to 70°C)
147013	C9200CX-DNXA-12-3Y	switches	license	non-hardware	ieee_standards	de692de8d2c8f641	Cisco Catalyst 9200 Series Switches Data Sheet - Cisco	EEE 802.1s ; RMON I and II standards ; IEEE 802.1w ; SNMPv1, v2c, and v3 ; IEEE 
158407	C9200CX-DNXA-12-3Y	switches	license	non-hardware	altitude_max	de692de8d2c8f641	Cisco Catalyst 9200 Series Switches Data Sheet - Cisco	10,000 ft. (3000 meters), up to 45°C
147014	C9200CX-DNXA-12-3Y	switches	license	non-hardware	certifications	de692de8d2c8f641	Cisco Catalyst 9200 Series Switches Data Sheet - Cisco	● 47 CFR Part 15 ● CISPR 32 Class A ● CNS 13438 ● EN 300 386 * ● EN 55032 Class 
141041	C9200-DNX-E-48-3Y	switches	license	non-hardware	humidity_storage	de692de8d2c8f641	Cisco Catalyst 9200 Series Switches Data Sheet - Cisco	5% to 90% noncondensing
79332	C9200-DNX-E-48-3Y	switches	license	non-hardware	temp_operating	de692de8d2c8f641	Cisco Catalyst 9200 Series Switches Data Sheet - Cisco	Normal operating temperature * and altitudes: ● -5°C to +45°C, up to 5000 feet (
79333	C9200-DNX-E-48-3Y	switches	license	non-hardware	temp_storage	de692de8d2c8f641	Cisco Catalyst 9200 Series Switches Data Sheet - Cisco	-40° to 158°F (-40° to 70°C)
205714	C9200-DNX-E-48-3Y	switches	license	non-hardware	certifications	de692de8d2c8f641	Cisco Catalyst 9200 Series Switches Data Sheet - Cisco	● 47 CFR Part 15 ● CISPR 32 Class A ● CNS 13438 ● EN 300 386 * ● EN 55032 Class 
141106	C9200CX-DNA-E-8	switches	license	non-hardware	humidity_storage	de692de8d2c8f641	Cisco Catalyst 9200 Series Switches Data Sheet - Cisco	5% to 90% noncondensing
79740	C9200CX-DNA-E-8	switches	license	non-hardware	temp_operating	de692de8d2c8f641	Cisco Catalyst 9200 Series Switches Data Sheet - Cisco	Normal operating temperature * and altitudes: ● -5°C to +45°C, up to 5000 feet (
79741	C9200CX-DNA-E-8	switches	license	non-hardware	temp_storage	de692de8d2c8f641	Cisco Catalyst 9200 Series Switches Data Sheet - Cisco	-40° to 158°F (-40° to 70°C)
205739	C9200CX-DNA-E-8	switches	license	non-hardware	certifications	de692de8d2c8f641	Cisco Catalyst 9200 Series Switches Data Sheet - Cisco	● 47 CFR Part 15 ● CISPR 32 Class A ● CNS 13438 ● EN 300 386 * ● EN 55032 Class 
141134	C9200CX-DNAE-12-3Y	switches	license	non-hardware	humidity_storage	de692de8d2c8f641	Cisco Catalyst 9200 Series Switches Data Sheet - Cisco	5% to 90% noncondensing
79925	C9200CX-DNAE-12-3Y	switches	license	non-hardware	temp_operating	de692de8d2c8f641	Cisco Catalyst 9200 Series Switches Data Sheet - Cisco	Normal operating temperature * and altitudes: ● -5°C to +45°C, up to 5000 feet (
79926	C9200CX-DNAE-12-3Y	switches	license	non-hardware	temp_storage	de692de8d2c8f641	Cisco Catalyst 9200 Series Switches Data Sheet - Cisco	-40° to 158°F (-40° to 70°C)
205752	C9200CX-DNAE-12-3Y	switches	license	non-hardware	certifications	de692de8d2c8f641	Cisco Catalyst 9200 Series Switches Data Sheet - Cisco	● 47 CFR Part 15 ● CISPR 32 Class A ● CNS 13438 ● EN 300 386 * ● EN 55032 Class 
141137	C9200L-DNX-E-48-3Y	switches	license	non-hardware	humidity_storage	de692de8d2c8f641	Cisco Catalyst 9200 Series Switches Data Sheet - Cisco	5% to 90% noncondensing
79943	C9200L-DNX-E-48-3Y	switches	license	non-hardware	temp_operating	de692de8d2c8f641	Cisco Catalyst 9200 Series Switches Data Sheet - Cisco	Normal operating temperature * and altitudes: ● -5°C to +45°C, up to 5000 feet (
79944	C9200L-DNX-E-48-3Y	switches	license	non-hardware	temp_storage	de692de8d2c8f641	Cisco Catalyst 9200 Series Switches Data Sheet - Cisco	-40° to 158°F (-40° to 70°C)
205753	C9200L-DNX-E-48-3Y	switches	license	non-hardware	certifications	de692de8d2c8f641	Cisco Catalyst 9200 Series Switches Data Sheet - Cisco	● 47 CFR Part 15 ● CISPR 32 Class A ● CNS 13438 ● EN 300 386 * ● EN 55032 Class 
141752	L-C3850-12-S-E	switches	license	non-hardware	humidity_storage	5664cf3b037d513b	Cisco Catalyst 3850 Series Switches Data Sheet - Cisco	5 to 90% noncondensing
98667	L-C3850-12-S-E	switches	license	non-hardware	temp_operating	5664cf3b037d513b	Cisco Catalyst 3850 Series Switches Data Sheet - Cisco	23 to 113°F (-5 to 45°C)
98668	L-C3850-12-S-E	switches	license	non-hardware	temp_storage	5664cf3b037d513b	Cisco Catalyst 3850 Series Switches Data Sheet - Cisco	-40 to 158°F (-40 to 70°C)
205996	L-C3850-12-S-E	switches	license	non-hardware	certifications	5664cf3b037d513b	Cisco Catalyst 3850 Series Switches Data Sheet - Cisco	UL 60950-1 Second Edition CAN/CSA-C22.2 No. 60950-1 Second Edition EN 60950-1 Se
99282	L-NCS2K-DQPSK-LH=	optical-networking	license	non-hardware	humidity_operating	e92a5b29cf9798d0	Cisco Network Convergence System 2000 Series Data Sheet - Cisco	5 to 85%, noncondensing 5 to 90% but not to exceed 0.024 kg water/kg of dry air
99283	L-NCS2K-DQPSK-LH=	optical-networking	license	non-hardware	temp_storage	e92a5b29cf9798d0	Cisco Network Convergence System 2000 Series Data Sheet - Cisco	-40 to 158ºF (-40 to 70ºC)
99284	L-NCS2K-DQPSK-LH=	optical-networking	license	non-hardware	emc_emissions	6a25925c2b12b1e1	Cisco NCS 2000 200-Gbps Multirate DWDM Line Card Data Sheet - Cisco	● ETSI EN 300 386 V1.4.1 (2008-04) Telecommunication network equipment EMC requi
99285	L-NCS2K-DQPSK-LH=	optical-networking	license	non-hardware	laser_safety_class	6a25925c2b12b1e1	Cisco NCS 2000 200-Gbps Multirate DWDM Line Card Data Sheet - Cisco	1
99287	L-NCS2K-DQPSK-LH=	optical-networking	license	non-hardware	temp_operating	e92a5b29cf9798d0	Cisco Network Convergence System 2000 Series Data Sheet - Cisco	32 to 131ºF (0 to 55ºC) 23 to 131ºF (-5 to 55ºC)
150188	M93VXK9-P-1Y	storage-networking	license	non-hardware	diagnostics	ebe72ba693522dab	Cisco MDS 9396V 64-Gbps 96-Port Fibre Channel Switch Data Sheet - Cisco	● Power-On-Self-Test (POST) diagnostics ● Online Health Management System (OHMS)
150189	M93VXK9-P-1Y	storage-networking	license	non-hardware	programming_interfaces	ebe72ba693522dab	Cisco MDS 9396V 64-Gbps 96-Port Fibre Channel Switch Data Sheet - Cisco	● Scriptable CLI ● Cisco NDFC web services API ● NX-API HTTP/HTTPS interfaces ● 
150190	M93VXK9-P-1Y	storage-networking	license	non-hardware	certifications	ebe72ba693522dab	Cisco MDS 9396V 64-Gbps 96-Port Fibre Channel Switch Data Sheet - Cisco	● Safety compliance ● CE Marking ● UL 60950 ● CAN/CSA-C22.2 No. 60950 ● EN 60950
150191	M93VXK9-P-1Y	storage-networking	license	non-hardware	fabric_services	ebe72ba693522dab	Cisco MDS 9396V 64-Gbps 96-Port Fibre Channel Switch Data Sheet - Cisco	● Name server ● Registered State Change Notification (RSCN) ● Login services ● F
100713	M93VXK9-P-1Y	storage-networking	license	non-hardware	temp_operating	ebe72ba693522dab	Cisco MDS 9396V 64-Gbps 96-Port Fibre Channel Switch Data Sheet - Cisco	● Temperature, ambient operating: ◦ 32 to 104°F (0 to 40°C) with port-side exhau
77722	C4500E-LB	interfaces-modules	license	non-hardware	ipv6_routes	18989e0127e9ce20	Cisco Catalyst 4500E Supervisor Engine 9-E Data Sheet - Cisco	128,000
143139	XR-NC55-P-07.04	routers	software	non-hardware	qos_features	1ad0b794548c594e	Network Convergence System 5700 Series: NCS-57C3 Chassis Data Sheet - Cisco	● Hierarchical QoS ● Ingress classification based on Class of Service (L2), IP d
143140	XR-NC55-P-07.04	routers	software	non-hardware	humidity_storage	1ad0b794548c594e	Network Convergence System 5700 Series: NCS-57C3 Chassis Data Sheet - Cisco	5% to 95% at 40C per NEBS GR-63-Core
204686	XR-NC55-P-07.04	routers	software	non-hardware	supported_protocols	1ad0b794548c594e	Network Convergence System 5700 Series: NCS-57C3 Chassis Data Sheet - Cisco	● Layer 2 switch ports ● IEEE 802.1Q VLAN encapsulation/Q-in-Q encapsulation ● I
152394	XR-NC55-P-07.04	routers	software	non-hardware	temp_operating	163e8998487b6873	Cisco Network Convergence System 5500 Series: 55A2 Chassis Data Sheet - Cisco	Industrial Temperature –40C to +70C (1000 feet), +65C (6000 feet), +55C (13,000 
152396	XR-NC55-P-07.04	routers	software	non-hardware	programming_interfaces	1ad0b794548c594e	Network Convergence System 5700 Series: NCS-57C3 Chassis Data Sheet - Cisco	● Zero-Touch Provisioning (ZTP), iPXE ● Configuration management ● Network Confi
152399	XR-NC55-P-07.04	routers	software	non-hardware	emc_emissions	07ac5acc909a3e58	Cisco Network Convergence System 5500 Series Modular Chassis - Cisco	● 47CFR Part 15 (CFR 47) Class A ● AS/NZS CISPR22 Class A ● CISPR22 Class A ● EN
152398	XR-NC55-P-07.04	routers	software	non-hardware	emc_immunity	1ad0b794548c594e	Network Convergence System 5700 Series: NCS-57C3 Chassis Data Sheet - Cisco	IEC/EN61000-4-2 IEC/EN61000-4-3 IEC/EN61000-4-4 IEC/EN61000-4-5 IEC/EN61000-4-6 
131550	XR-NC55-P-07.04	routers	software	non-hardware	altitude_max	163e8998487b6873	Cisco Network Convergence System 5500 Series: 55A2 Chassis Data Sheet - Cisco	0 to 13,000 ft
129012	XR-NC55-P-07.04	routers	software	non-hardware	dram	163e8998487b6873	Cisco Network Convergence System 5500 Series: 55A2 Chassis Data Sheet - Cisco	32GB
129009	XR-NC55-P-07.04	routers	software	non-hardware	humidity_operating	1ad0b794548c594e	Network Convergence System 5700 Series: NCS-57C3 Chassis Data Sheet - Cisco	Normal: 5% RH to 85% RH Short term: 5% to 95% RH Should not exceed 0.026 kg wate
129014	XR-NC55-P-07.04	routers	software	non-hardware	segment_routing_features	1ad0b794548c594e	Network Convergence System 5700 Series: NCS-57C3 Chassis Data Sheet - Cisco	● Segment routing–based transport ● ISIS extensions to segment routing ● OSPF ex
207464	XR-NC55-P-07.04	routers	software	non-hardware	certifications	1ad0b794548c594e	Network Convergence System 5700 Series: NCS-57C3 Chassis Data Sheet - Cisco	Designed to meet: ● GR-63-CORE ● GR-1089-CORE ; FCC 47CFR15 AS/NZS CISPR 32 EN55
141468	FC-SM	optical-networking	non_product	non-hardware	humidity_storage	e61c2ca5fbc3869a	Cisco ONS 15454 Any Rate Enhanced Xponder Card - Cisco	5 to 95% noncondensing
91746	FC-SM	optical-networking	non_product	non-hardware	regions_supported	e61c2ca5fbc3869a	Cisco ONS 15454 Any Rate Enhanced Xponder Card - Cisco	● European Union ● Australia ● New Zealand ● Singapore ● China ● Mexico ● Hong K
76364	C1E1TN9300GF-3Y	switches	license	non-hardware	temp_operating	3e6013a0dc9b94e5	Cisco N9300-FX Series Switches Data Sheet - Cisco	32 to 104°F (0 to 40°C)
76366	C1E1TN9300GF-3Y	switches	license	non-hardware	humidity_operating	3e6013a0dc9b94e5	Cisco N9300-FX Series Switches Data Sheet - Cisco	5 to 95% (noncondensing)
149933	C1E1TN9300GF-3Y	switches	license	non-hardware	temp_storage	3e6013a0dc9b94e5	Cisco N9300-FX Series Switches Data Sheet - Cisco	–40 to 158°F (–40 to 70°C)
149934	C1E1TN9300GF-3Y	switches	license	non-hardware	emc_emissions	3e6013a0dc9b94e5	Cisco N9300-FX Series Switches Data Sheet - Cisco	● 47CFR Part 15 (CFR 47) Class A ● AS/NZS CISPR22 Class A ● CISPR22 Class A ● EN
149935	C1E1TN9300GF-3Y	switches	license	non-hardware	emc_immunity	3e6013a0dc9b94e5	Cisco N9300-FX Series Switches Data Sheet - Cisco	● EN55024 ● CISPR24 ● EN300386 ● KN 61000-4 series
131308	C1E1TN9300GF-3Y	switches	license	non-hardware	altitude_max	3e6013a0dc9b94e5	Cisco N9300-FX Series Switches Data Sheet - Cisco	0 to 13,123 ft (0 to 4000m)
141584	IE3500-DNA-A-3Y	switches	license	non-hardware	qos_features	de20866285786429	Cisco IE3500 Heavy Duty Series Data Sheet - Cisco	Ingress policing, rate limit, egress queuing/shaping, auto QoS
96732	IE3500-DNA-A-3Y	switches	license	non-hardware	humidity_operating	b8622078cd3085fd	Cisco IE3500 Rugged Series Data Sheet - Cisco	Relative humidity of 5% to 95% non-condensing IEC 60068-2-78 IEC 60068-2-30
96726	IE3500-DNA-A-3Y	switches	license	non-hardware	emc_emissions	de20866285786429	Cisco IE3500 Heavy Duty Series Data Sheet - Cisco	Emissions (Class A): FCC 47 CFR Part 15 subpart B ICES-003 EN 55011 EN 55032/ CI
141431	ESS2-100G-SIA-5	ios-nx-os-software	license	(no axis)	humidity_storage	2362772905997ea1	Cisco Network Convergence System 5700 Series: NCS-57C1 Fixed Chassis Data Sheet - Cisco	5% to 95% at 40C per NEBS GR-63-Core
91314	ESS2-100G-SIA-5	ios-nx-os-software	license	(no axis)	humidity_operating	2362772905997ea1	Cisco Network Convergence System 5700 Series: NCS-57C1 Fixed Chassis Data Sheet - Cisco	Normal: 5% RH to 85% RH Short term: 5% to 95% RH Should not exceed 0.026 kg wate
91317	ESS2-100G-SIA-5	ios-nx-os-software	license	(no axis)	emc_emissions	07ac5acc909a3e58	Cisco Network Convergence System 5500 Series Modular Chassis - Cisco	● 47CFR Part 15 (CFR 47) Class A ● AS/NZS CISPR22 Class A ● CISPR22 Class A ● EN
91318	ESS2-100G-SIA-5	ios-nx-os-software	license	(no axis)	segment_routing_features	2362772905997ea1	Cisco Network Convergence System 5700 Series: NCS-57C1 Fixed Chassis Data Sheet - Cisco	● Segment routing–based transport ● ISIS extensions to segment routing ● OSPF ex
91313	ESS2-100G-SIA-5	ios-nx-os-software	license	(no axis)	programming_interfaces	2362772905997ea1	Cisco Network Convergence System 5700 Series: NCS-57C1 Fixed Chassis Data Sheet - Cisco	● Zero-Touch Provisioning (ZTP), iPXE ● Configuration management ● Network Confi
130422	ESS2-100G-SIA-5	ios-nx-os-software	license	(no axis)	altitude_max	2362772905997ea1	Cisco Network Convergence System 5700 Series: NCS-57C1 Fixed Chassis Data Sheet - Cisco	0 to 9842 ft (0 to 3000 m)
141612	IE3200-DNA-E-7Y	switches	license	non-hardware	qos_features	37808a639001f3c5	Cisco Catalyst IE3200 Rugged Series Data Sheet - Cisco	Ingress policing, rate limit, egress queuing and shaping, auto QoS
96961	IE3200-DNA-E-7Y	switches	license	non-hardware	humidity_operating	37808a639001f3c5	Cisco Catalyst IE3200 Rugged Series Data Sheet - Cisco	Relative humidity of 5% to 95% non-condensing IEC 60068-2-78 IEC 60068-2-30
96965	IE3200-DNA-E-7Y	switches	license	non-hardware	temp_operating	37808a639001f3c5	Cisco Catalyst IE3200 Rugged Series Data Sheet - Cisco	Operating temperature: -40°C to +70°C (40 LFM vented enclosure) -40°C to +60°C (
96966	IE3200-DNA-E-7Y	switches	license	non-hardware	temp_storage	37808a639001f3c5	Cisco Catalyst IE3200 Rugged Series Data Sheet - Cisco	Temperature: -40°C to +85°C Altitude: 15,000 feet IEC 60068-2-14
96967	IE3200-DNA-E-7Y	switches	license	non-hardware	shock	37808a639001f3c5	Cisco Catalyst IE3200 Rugged Series Data Sheet - Cisco	IEC 60068-2-27 (operational shock, 50G, 3ms, half sine) IEC 60068-2-27 (non-oper
103094	N6KUK9-602N2.1	switches	software	non-hardware	emc_immunity	df62c7424eff7d1f	Cisco Nexus 6001 Switch Data Sheet - Cisco	● EN55024 ● CISPR24 ● EN300386 ● KN 61000-4 series
103093	N6KUK9-602N2.1	switches	software	non-hardware	emc_emissions	df62c7424eff7d1f	Cisco Nexus 6001 Switch Data Sheet - Cisco	● 47CFR Part 15 (CFR 47) Class A ● AS/NZS CISPR22 Class A ● CISPR22 Class A ● EN
103109	N5696-SBUN-P1=	switches	license	non-hardware	emc_emissions	6808d677ec50358c	Cisco Nexus 5600 Platform 40-Gbps Switches Data Sheet - Cisco	● 47CFR Part 15 (CFR 47) Class A ● AS/NZS CISPR22 Class A ● CISPR22 Class A ● EN
103110	N5696-SBUN-P1=	switches	license	non-hardware	emc_immunity	6808d677ec50358c	Cisco Nexus 5600 Platform 40-Gbps Switches Data Sheet - Cisco	● EN55024 ● CISPR24 ● EN300386 ● KN 61000-4 series
112296	PM-16QAM	optical-networking	non_product	non-hardware	regions_supported	1a1ab3e54571da24	Cisco Network Convergence System 1004 L-Band Transponder Line Card Data Sheet - Cisco	● European Union ● Africa ● CSI ● Australia ● New Zealand ● China ● Korea ● Indi
112297	PM-16QAM	optical-networking	non_product	non-hardware	temp_storage	1a1ab3e54571da24	Cisco Network Convergence System 1004 L-Band Transponder Line Card Data Sheet - Cisco	-28°C to 70°C (-20°F to 158°F)
112298	PM-16QAM	optical-networking	non_product	non-hardware	humidity_operating	1a1ab3e54571da24	Cisco Network Convergence System 1004 L-Band Transponder Line Card Data Sheet - Cisco	● 5% to 85%, noncondensing ● 5% to 90% but not to exceed 0.024 kg water/kg of dr
112299	PM-16QAM	optical-networking	non_product	non-hardware	laser_safety_class	1a1ab3e54571da24	Cisco Network Convergence System 1004 L-Band Transponder Line Card Data Sheet - Cisco	1
146279	PM-16QAM	optical-networking	non_product	non-hardware	optical_pm	1a1ab3e54571da24	Cisco Network Convergence System 1004 L-Band Transponder Line Card Data Sheet - Cisco	Transmitter optical power ; Transmitter laser bias current ; Receiver optical po
146278	PM-16QAM	optical-networking	non_product	non-hardware	certifications	1a1ab3e54571da24	Cisco Network Convergence System 1004 L-Band Transponder Line Card Data Sheet - Cisco	● IEC 60950-1 Information technology equipment Safety Part 1: General requiremen
115306	S-A9K-BNG-LIC-8K	routers	license	non-hardware	humidity_operating	b8b4ec84e4a93e32	Cisco ASR 9901 Router Data Sheet - Cisco	10 to 85%
153553	XR-NC55-P-07.06	routers	software	non-hardware	emc_emissions	07ac5acc909a3e58	Cisco Network Convergence System 5500 Series Modular Chassis - Cisco	● 47CFR Part 15 (CFR 47) Class A ● AS/NZS CISPR22 Class A ● CISPR22 Class A ● EN
153554	XR-NC55-P-07.06	routers	software	non-hardware	emc_immunity	07ac5acc909a3e58	Cisco Network Convergence System 5500 Series Modular Chassis - Cisco	● EN55024 ● CISPR24 ● EN300386 ● KN 61000-4 series
142343	NGA-L-SIA-3	routers	license	non-hardware	qos_features	3396c9a8e6e91d8a	Cisco 8010 Series Large Density Fixed Routers Data Sheet - Cisco	Virtual Output Queueing (VOQ) with deep packet buffering Class-based 3-level hie
107769	NGA-L-SIA-3	routers	license	non-hardware	programming_interfaces	3396c9a8e6e91d8a	Cisco 8010 Series Large Density Fixed Routers Data Sheet - Cisco	Command-Line Interface (CLI) SSH, Telnet, SCP, FTP, TFTP Simple Network Manageme
107770	NGA-L-SIA-3	routers	license	non-hardware	segment_routing_features	3396c9a8e6e91d8a	Cisco 8010 Series Large Density Fixed Routers Data Sheet - Cisco	Segment Routing with MPLS data plane (SR-MPLS) Segment Routing with IPv6 data pl
141004	C9200CX-8-E-A-3	switches	license	non-hardware	humidity_storage	de692de8d2c8f641	Cisco Catalyst 9200 Series Switches Data Sheet - Cisco	5% to 90% noncondensing
79116	C9200CX-8-E-A-3	switches	license	non-hardware	temp_operating	de692de8d2c8f641	Cisco Catalyst 9200 Series Switches Data Sheet - Cisco	Normal operating temperature * and altitudes: ● -5°C to +45°C, up to 5000 feet (
79117	C9200CX-8-E-A-3	switches	license	non-hardware	temp_storage	de692de8d2c8f641	Cisco Catalyst 9200 Series Switches Data Sheet - Cisco	-40° to 158°F (-40° to 70°C)
146988	C9200CX-8-E-A-3	switches	license	non-hardware	certifications	de692de8d2c8f641	Cisco Catalyst 9200 Series Switches Data Sheet - Cisco	● 47 CFR Part 15 ● CISPR 32 Class A ● CNS 13438 ● EN 300 386 * ● EN 55032 Class 
146987	C9200CX-8-E-A-3	switches	license	non-hardware	ieee_standards	de692de8d2c8f641	Cisco Catalyst 9200 Series Switches Data Sheet - Cisco	EEE 802.1s ; RMON I and II standards ; IEEE 802.1w ; SNMPv1, v2c, and v3 ; IEEE 
158387	C9200CX-8-E-A-3	switches	license	non-hardware	altitude_max	de692de8d2c8f641	Cisco Catalyst 9200 Series Switches Data Sheet - Cisco	10,000 ft. (3000 meters), up to 45°C
143107	XR-NC57-PK9-07.08	routers	software	non-hardware	qos_features	f6f4765f11d958c1	Cisco Network Convergence System 5700 Series: NCS-57D2-18DD Fixed Chassis Data Sheet - Cis	● Hierarchical QoS ● Ingress classification based on Class of Service (Layer 2),
143108	XR-NC57-PK9-07.08	routers	software	non-hardware	humidity_storage	f6f4765f11d958c1	Cisco Network Convergence System 5700 Series: NCS-57D2-18DD Fixed Chassis Data Sheet - Cis	5% to 95% at 40°C per NEBS GR-63-Core
128707	XR-NC57-PK9-07.08	routers	software	non-hardware	temp_storage	f6f4765f11d958c1	Cisco Network Convergence System 5700 Series: NCS-57D2-18DD Fixed Chassis Data Sheet - Cis	-40° to 158°F (-40° to 70°C)
131475	XR-NC57-PK9-07.08	routers	software	non-hardware	altitude_max	f6f4765f11d958c1	Cisco Network Convergence System 5700 Series: NCS-57D2-18DD Fixed Chassis Data Sheet - Cis	0 to 9842 ft (0 to 3000 m)
128706	XR-NC57-PK9-07.08	routers	software	non-hardware	programming_interfaces	f6f4765f11d958c1	Cisco Network Convergence System 5700 Series: NCS-57D2-18DD Fixed Chassis Data Sheet - Cis	● Zero-Touch Provisioning (ZTP), iPXE, SecureZTP ● Configuration management ● Ne
128708	XR-NC57-PK9-07.08	routers	software	non-hardware	humidity_operating	f6f4765f11d958c1	Cisco Network Convergence System 5700 Series: NCS-57D2-18DD Fixed Chassis Data Sheet - Cis	Normal: 5% RH to 85% RH Short term: 5% to 95% RH Should not exceed 0.026 kg wate
128709	XR-NC57-PK9-07.08	routers	software	non-hardware	emc_emissions	f6f4765f11d958c1	Cisco Network Convergence System 5700 Series: NCS-57D2-18DD Fixed Chassis Data Sheet - Cis	● 47CFR Part 15 (CFR 47) Class A ● AS/NZS CISPR22 Class A ● CISPR22 Class A ● EN
128710	XR-NC57-PK9-07.08	routers	software	non-hardware	emc_immunity	f6f4765f11d958c1	Cisco Network Convergence System 5700 Series: NCS-57D2-18DD Fixed Chassis Data Sheet - Cis	● EN55024 ● CISPR24 ● EN300386 ● KN 61000-4 series
128711	XR-NC57-PK9-07.08	routers	software	non-hardware	segment_routing_features	f6f4765f11d958c1	Cisco Network Convergence System 5700 Series: NCS-57D2-18DD Fixed Chassis Data Sheet - Cis	● Segment routing–based transport ● IS-IS extensions to segment routing ● OSPF e
128713	XR-NC57-PK9-07.08	routers	software	non-hardware	temp_operating	f6f4765f11d958c1	Cisco Network Convergence System 5700 Series: NCS-57D2-18DD Fixed Chassis Data Sheet - Cis	PortSE intake supply: 32° to 104°F (0° to 40°C) at sea level Port-S Exhaust supp
141138	C9200L-LIC=	switches	license	non-hardware	humidity_storage	de692de8d2c8f641	Cisco Catalyst 9200 Series Switches Data Sheet - Cisco	5% to 90% noncondensing
147131	C9200L-LIC=	switches	license	non-hardware	ieee_standards	de692de8d2c8f641	Cisco Catalyst 9200 Series Switches Data Sheet - Cisco	EEE 802.1s ; RMON I and II standards ; IEEE 802.1w ; SNMPv1, v2c, and v3 ; IEEE 
79949	C9200L-LIC=	switches	license	non-hardware	temp_operating	de692de8d2c8f641	Cisco Catalyst 9200 Series Switches Data Sheet - Cisco	Normal operating temperature * and altitudes: ● -5°C to +45°C, up to 5000 feet (
79950	C9200L-LIC=	switches	license	non-hardware	temp_storage	de692de8d2c8f641	Cisco Catalyst 9200 Series Switches Data Sheet - Cisco	-40° to 158°F (-40° to 70°C)
158419	C9200L-LIC=	switches	license	non-hardware	altitude_max	de692de8d2c8f641	Cisco Catalyst 9200 Series Switches Data Sheet - Cisco	10,000 ft. (3000 meters), up to 45°C
147132	C9200L-LIC=	switches	license	non-hardware	certifications	de692de8d2c8f641	Cisco Catalyst 9200 Series Switches Data Sheet - Cisco	● 47 CFR Part 15 ● CISPR 32 Class A ● CNS 13438 ● EN 300 386 * ● EN 55032 Class 
98698	L-C3650-48-L-E	switches	license	non-hardware	temp_storage	9b8d61bd4600b0da	Cisco Catalyst 3650 Series Switches Data Sheet - Cisco	-40 to 158°F (-40 to 70°C)
98700	L-C3650-48-L-E	switches	license	non-hardware	temp_operating	9b8d61bd4600b0da	Cisco Catalyst 3650 Series Switches Data Sheet - Cisco	23 to 113°F (-5 to 45°C)
206002	L-C3650-48-L-E	switches	license	non-hardware	certifications	9b8d61bd4600b0da	Cisco Catalyst 3650 Series Switches Data Sheet - Cisco	UL 60950-1 Second Edition CAN/CSA-C22.2 No. 60950-1 Second Edition EN 60950-1 Se
98711	L-C3650-24-S-E	switches	license	non-hardware	temp_storage	9b8d61bd4600b0da	Cisco Catalyst 3650 Series Switches Data Sheet - Cisco	-40 to 158°F (-40 to 70°C)
98713	L-C3650-24-S-E	switches	license	non-hardware	temp_operating	9b8d61bd4600b0da	Cisco Catalyst 3650 Series Switches Data Sheet - Cisco	23 to 113°F (-5 to 45°C)
206004	L-C3650-24-S-E	switches	license	non-hardware	certifications	9b8d61bd4600b0da	Cisco Catalyst 3650 Series Switches Data Sheet - Cisco	UL 60950-1 Second Edition CAN/CSA-C22.2 No. 60950-1 Second Edition EN 60950-1 Se
208044	S81NPEK9-15204M	routers	software	non-hardware	supported_protocols	22dc609cb4fed267	Cisco 819 4G LTE M2M Gateway Integrated Service Routers Data Sheet - Cisco	● IPv6 addressing architecture ● IPv6 name resolution ● IPv6 statistics ● IPv6 t
115646	S81NPEK9-15204M	routers	software	non-hardware	flash	22dc609cb4fed267	Cisco 819 4G LTE M2M Gateway Integrated Service Routers Data Sheet - Cisco	1 GB
115643	S81NPEK9-15204M	routers	software	non-hardware	programming_interfaces	22dc609cb4fed267	Cisco 819 4G LTE M2M Gateway Integrated Service Routers Data Sheet - Cisco	● Cisco IOS Software CLI
115645	S81NPEK9-15204M	routers	software	non-hardware	dram	22dc609cb4fed267	Cisco 819 4G LTE M2M Gateway Integrated Service Routers Data Sheet - Cisco	1 GB
115648	S81NPEK9-15204M	routers	software	non-hardware	emc_immunity	22dc609cb4fed267	Cisco 819 4G LTE M2M Gateway Integrated Service Routers Data Sheet - Cisco	EN55024/CISPR24, (EN61000-4-2, EN61000-4-3, EN61000-4-4, EN61000-4-5, EN61000-4-
115651	S81NPEK9-15204M	routers	software	non-hardware	emc_emissions	22dc609cb4fed267	Cisco 819 4G LTE M2M Gateway Integrated Service Routers Data Sheet - Cisco	EN55022/CISPR22, CFR 47 Part 15, ICES003, VCCI-V-3, AS/NZS CISPR22, CNS13438, EN
73452	ADN-100G-SIA-5	ios-nx-os-software	license	(no axis)	humidity_operating	1ad0b794548c594e	Network Convergence System 5700 Series: NCS-57C3 Chassis Data Sheet - Cisco	Normal: 5% RH to 85% RH Short term: 5% to 95% RH Should not exceed 0.026 kg wate
73455	ADN-100G-SIA-5	ios-nx-os-software	license	(no axis)	dram	163e8998487b6873	Cisco Network Convergence System 5500 Series: 55A2 Chassis Data Sheet - Cisco	32GB
73456	ADN-100G-SIA-5	ios-nx-os-software	license	(no axis)	emc_emissions	10f44aa4d91b0c5d	Cisco Network Convergence System 5500 Series: Dense 25G Fixed Chassis Data Sheet - Cisco	● 47CFR Part 15 (CFR 47) Class A ● AS/NZS CISPR22 Class A ● CISPR22 Class A ● EN
99580	LIC-CS-CO-MO-A-7Y	switches	license	non-hardware	temp_operating	96fb93ee616e7d73	Cisco C9610 Series Smart Switches Data Sheet - Cisco	23° to 113°F (-5° to 45°C) at sea level 23° to 104°F (-5° to 40°C) up to 6,000 f
130605	LIC-CS-CO-MO-A-7Y	switches	license	non-hardware	altitude_max	96fb93ee616e7d73	Cisco C9610 Series Smart Switches Data Sheet - Cisco	-197 to 9843 ft (-60 to 3000 m)
142630	S-A9K-BNG-ADV-FC	routers	license	non-hardware	humidity_storage	b8b4ec84e4a93e32	Cisco ASR 9901 Router Data Sheet - Cisco	5 to 95% Note: Not to exceed 0.024 kg water or dry air
114791	S-A9K-BNG-ADV-FC	routers	license	non-hardware	humidity_operating	b8b4ec84e4a93e32	Cisco ASR 9901 Router Data Sheet - Cisco	10 to 85%
114793	S-A9K-BNG-ADV-FC	routers	license	non-hardware	temp_storage	b8b4ec84e4a93e32	Cisco ASR 9901 Router Data Sheet - Cisco	-40 to 158°F (-40 to 70°C)
206567	S-A9K-BNG-ADV-FC	routers	license	non-hardware	certifications	b8b4ec84e4a93e32	Cisco ASR 9901 Router Data Sheet - Cisco	Cisco ASR 9901 is designed to meet: ● SR-3580: NEBS Criteria Levels (Level 3) ● 
92186	FR-SVC-WVPN-5000	interfaces-modules	license	non-hardware	supported_protocols	0466bccd9caaa412	WebVPN Services Module for Catalyst 6500 Series Switches & 7600 Series Routers - Cisco	SSL 3.0 and 3.1; TLS 1.0
115489	S-NCS1K4-400G-CL=	optical-networking	license	non-hardware	certifications	ff39869cb21589cd	Cisco Network Convergence System 1004 OTN-Xponder Data Sheet - Cisco	IEC 60950-1 Information technology equipment Safety Part 1: General requirements
115530	S-NCS1K4-UPG-100=	optical-networking	license	non-hardware	humidity_operating	8fa767ab35358fe9	Cisco Network Convergence System 1004 C-Band 1.2T Transponder Line Card Data Sheet - Cisco	5% to 85%, noncondensing 5% to 90% but not to exceed 0.024 kg water/kg of dry ai
130791	S-NCS1K4-UPG-100=	optical-networking	license	non-hardware	temp_storage	8fa767ab35358fe9	Cisco Network Convergence System 1004 C-Band 1.2T Transponder Line Card Data Sheet - Cisco	-40 ́̕ °C to 85°C (-40°F to 185°F)
115529	S-NCS1K4-UPG-100=	optical-networking	license	non-hardware	regions_supported	8fa767ab35358fe9	Cisco Network Convergence System 1004 C-Band 1.2T Transponder Line Card Data Sheet - Cisco	● European Union ● Africa ● CSI ● Australia ● New Zealand ● China ● Korea ● Indi
115531	S-NCS1K4-UPG-100=	optical-networking	license	non-hardware	laser_safety_class	8fa767ab35358fe9	Cisco Network Convergence System 1004 C-Band 1.2T Transponder Line Card Data Sheet - Cisco	1
147711	S-NCS1K4-UPG-100=	optical-networking	license	non-hardware	optical_pm	8fa767ab35358fe9	Cisco Network Convergence System 1004 C-Band 1.2T Transponder Line Card Data Sheet - Cisco	Transmitter optical power ; Transmitter laser bias current ; Receiver optical po
147710	S-NCS1K4-UPG-100=	optical-networking	license	non-hardware	certifications	8fa767ab35358fe9	Cisco Network Convergence System 1004 C-Band 1.2T Transponder Line Card Data Sheet - Cisco	● IEC 60950-1 Information technology equipment Safety Part 1: General requiremen
96352	IE4000-DNA-E-M-3Y	switches	license	non-hardware	mac_table	4bc5727c94dae842	Cisco Industrial Ethernet 4000 Series Switches Data Sheet - Cisco	16,000
96353	IE4000-DNA-E-M-3Y	switches	license	non-hardware	vlan_max	4bc5727c94dae842	Cisco Industrial Ethernet 4000 Series Switches Data Sheet - Cisco	1,000
144503	M91VXK9-P-5Y-OSM	storage-networking	license	non-hardware	supported_protocols	b1c4eb1b17106929	MDS 9124V 64-Gbps 24-Port Fibre Channel Switch Data Sheet - Cisco	● Fibre Channel standards ● FC-PI-6 (INCITS 512-2015) ● FC-PI-7 (INCITS 543-2019
144504	M91VXK9-P-5Y-OSM	storage-networking	license	non-hardware	diagnostics	b1c4eb1b17106929	MDS 9124V 64-Gbps 24-Port Fibre Channel Switch Data Sheet - Cisco	● Power-On-Self-Test (POST) diagnostics ● Online Health Management System (OHMS)
144505	M91VXK9-P-5Y-OSM	storage-networking	license	non-hardware	programming_interfaces	b1c4eb1b17106929	MDS 9124V 64-Gbps 24-Port Fibre Channel Switch Data Sheet - Cisco	● Scriptable CLI ● Cisco DCNM/NDFC web services API ● NX-API HTTP/HTTPS interfac
144506	M91VXK9-P-5Y-OSM	storage-networking	license	non-hardware	certifications	b1c4eb1b17106929	MDS 9124V 64-Gbps 24-Port Fibre Channel Switch Data Sheet - Cisco	● Safety compliance ● CE Marking ● UL 60950 ● CAN/CSA-C22.2 No. 60950 ● EN 60950
144507	M91VXK9-P-5Y-OSM	storage-networking	license	non-hardware	fabric_services	b1c4eb1b17106929	MDS 9124V 64-Gbps 24-Port Fibre Channel Switch Data Sheet - Cisco	● Name server ● Registered State Change Notification (RSCN) ● Login services ● F
99896	M91VXK9-P-5Y-OSM	storage-networking	license	non-hardware	temp_operating	b1c4eb1b17106929	MDS 9124V 64-Gbps 24-Port Fibre Channel Switch Data Sheet - Cisco	● Temperature, ambient operating: ◦ 32 to 104°F (0 to 40°C) with port-side exhau
115627	S45XU-33-1511SG	switches	software	non-hardware	jumbo_mtu	bc0a2b219bf6a190	Cisco Catalyst 4500-X Series Fixed 10 Gigabit Ethernet Aggregation Switch Data Sheet - Cis	Up to 9216 bytes
207376	S45XU-33-1511SG	switches	software	non-hardware	certifications	bc0a2b219bf6a190	Cisco Catalyst 4500-X Series Fixed 10 Gigabit Ethernet Aggregation Switch Data Sheet - Cis	UL 60950-1 Second Edition CAN/CSA-C22.2 No. 60950-1 Second Edition EN 60950-1 Se
91735	ESS-AC-10G-SIA-3	ios-nx-os-software	license	(no axis)	emc_immunity	588e4668c14a7aa0	Cisco Network Convergence System 540 Fronthaul Routers Data Sheet - Cisco	EN55024 CISPR24 EN300386 KN 61000-4 series
91775	ESS-ADN-AC-10G-RT	ios-nx-os-software	license	(no axis)	emc_immunity	588e4668c14a7aa0	Cisco Network Convergence System 540 Fronthaul Routers Data Sheet - Cisco	EN55024 CISPR24 EN300386 KN 61000-4 series
96069	IE2000-DNA-E-M-3Y	switches	license	non-hardware	temp_storage	7be5a7c2ffcf5234	Cisco Industrial Ethernet 2000 Series Switches Data Sheet - Cisco	● -40 C to +85 C (storage temperature) ● IEC 60068-2-14 ● Storage altitude: Up t
96065	IE2000-DNA-E-M-3Y	switches	license	non-hardware	programming_interfaces	7be5a7c2ffcf5234	Cisco Industrial Ethernet 2000 Series Switches Data Sheet - Cisco	Cisco Network Plug-and-Play application
98688	L-C4500E-LB-IP	interfaces-modules	license	non-hardware	ipv6_routes	18989e0127e9ce20	Cisco Catalyst 4500E Supervisor Engine 9-E Data Sheet - Cisco	128,000
99275	L-NCS2K-16QAM=	optical-networking	license	non-hardware	humidity_operating	e92a5b29cf9798d0	Cisco Network Convergence System 2000 Series Data Sheet - Cisco	5 to 85%, noncondensing 5 to 90% but not to exceed 0.024 kg water/kg of dry air
99276	L-NCS2K-16QAM=	optical-networking	license	non-hardware	temp_storage	e92a5b29cf9798d0	Cisco Network Convergence System 2000 Series Data Sheet - Cisco	-40 to 158ºF (-40 to 70ºC)
99277	L-NCS2K-16QAM=	optical-networking	license	non-hardware	emc_emissions	daee68aac49c1c7a	Cisco NCS 2000 400 Gbps XPonder Line Card Data Sheet - Cisco	● ETSI EN 300 386 V1.4.1 (2008-04) Telecommunication network equipment EMC requi
99279	L-NCS2K-16QAM=	optical-networking	license	non-hardware	temp_operating	e92a5b29cf9798d0	Cisco Network Convergence System 2000 Series Data Sheet - Cisco	32 to 131ºF (0 to 55ºC) 23 to 131ºF (-5 to 55ºC)
99176	L-NCS2K-SMR-2P	optical-networking	license	non-hardware	humidity_operating	56937684986728c2	Cisco NCS 2000 Flex Spectrum Single Module ROADM Line Cards Data Sheet - Cisco	5 to 95%
99177	L-NCS2K-SMR-2P	optical-networking	license	non-hardware	regions_supported	56937684986728c2	Cisco NCS 2000 Flex Spectrum Single Module ROADM Line Cards Data Sheet - Cisco	● European Union ● Africa ● CSI ● Australia ● New Zealand ● China ● Korea ● Indi
99178	L-NCS2K-SMR-2P	optical-networking	license	non-hardware	temp_operating	56937684986728c2	Cisco NCS 2000 Flex Spectrum Single Module ROADM Line Cards Data Sheet - Cisco	23 to 131°F (-5 to 55°C)
99179	L-NCS2K-SMR-2P	optical-networking	license	non-hardware	emc_emissions	56937684986728c2	Cisco NCS 2000 Flex Spectrum Single Module ROADM Line Cards Data Sheet - Cisco	● ETSI EN 300 386 V1.4.1 (2008-04) Telecommunication network equipment EMC requi
97594	IE4000-DNA-A-M-7Y	switches	license	non-hardware	mac_table	4bc5727c94dae842	Cisco Industrial Ethernet 4000 Series Switches Data Sheet - Cisco	16,000
97595	IE4000-DNA-A-M-7Y	switches	license	non-hardware	vlan_max	4bc5727c94dae842	Cisco Industrial Ethernet 4000 Series Switches Data Sheet - Cisco	1,000
97841	IE4000-DNA-E-M-7Y	switches	license	non-hardware	mac_table	4bc5727c94dae842	Cisco Industrial Ethernet 4000 Series Switches Data Sheet - Cisco	16,000
97842	IE4000-DNA-E-M-7Y	switches	license	non-hardware	vlan_max	4bc5727c94dae842	Cisco Industrial Ethernet 4000 Series Switches Data Sheet - Cisco	1,000
98002	IE4000-DNA-E-M	switches	license	non-hardware	mac_table	4bc5727c94dae842	Cisco Industrial Ethernet 4000 Series Switches Data Sheet - Cisco	16,000
98003	IE4000-DNA-E-M	switches	license	non-hardware	vlan_max	4bc5727c94dae842	Cisco Industrial Ethernet 4000 Series Switches Data Sheet - Cisco	1,000
141031	C9200L-DNA-A-24-3Y	switches	license	non-hardware	humidity_storage	de692de8d2c8f641	Cisco Catalyst 9200 Series Switches Data Sheet - Cisco	5% to 90% noncondensing
79274	C9200L-DNA-A-24-3Y	switches	license	non-hardware	temp_operating	de692de8d2c8f641	Cisco Catalyst 9200 Series Switches Data Sheet - Cisco	Normal operating temperature * and altitudes: ● -5°C to +45°C, up to 5000 feet (
79275	C9200L-DNA-A-24-3Y	switches	license	non-hardware	temp_storage	de692de8d2c8f641	Cisco Catalyst 9200 Series Switches Data Sheet - Cisco	-40° to 158°F (-40° to 70°C)
205706	C9200L-DNA-A-24-3Y	switches	license	non-hardware	certifications	de692de8d2c8f641	Cisco Catalyst 9200 Series Switches Data Sheet - Cisco	● 47 CFR Part 15 ● CISPR 32 Class A ● CNS 13438 ● EN 300 386 * ● EN 55032 Class 
141032	C9200L-DNA-A-48	switches	license	non-hardware	humidity_storage	de692de8d2c8f641	Cisco Catalyst 9200 Series Switches Data Sheet - Cisco	5% to 90% noncondensing
79280	C9200L-DNA-A-48	switches	license	non-hardware	temp_operating	de692de8d2c8f641	Cisco Catalyst 9200 Series Switches Data Sheet - Cisco	Normal operating temperature * and altitudes: ● -5°C to +45°C, up to 5000 feet (
79281	C9200L-DNA-A-48	switches	license	non-hardware	temp_storage	de692de8d2c8f641	Cisco Catalyst 9200 Series Switches Data Sheet - Cisco	-40° to 158°F (-40° to 70°C)
205707	C9200L-DNA-A-48	switches	license	non-hardware	certifications	de692de8d2c8f641	Cisco Catalyst 9200 Series Switches Data Sheet - Cisco	● 47 CFR Part 15 ● CISPR 32 Class A ● CNS 13438 ● EN 300 386 * ● EN 55032 Class 
141078	C9200L-DNA-E-48	switches	license	non-hardware	humidity_storage	de692de8d2c8f641	Cisco Catalyst 9200 Series Switches Data Sheet - Cisco	5% to 90% noncondensing
79562	C9200L-DNA-E-48	switches	license	non-hardware	temp_operating	de692de8d2c8f641	Cisco Catalyst 9200 Series Switches Data Sheet - Cisco	Normal operating temperature * and altitudes: ● -5°C to +45°C, up to 5000 feet (
79563	C9200L-DNA-E-48	switches	license	non-hardware	temp_storage	de692de8d2c8f641	Cisco Catalyst 9200 Series Switches Data Sheet - Cisco	-40° to 158°F (-40° to 70°C)
205732	C9200L-DNA-E-48	switches	license	non-hardware	certifications	de692de8d2c8f641	Cisco Catalyst 9200 Series Switches Data Sheet - Cisco	● 47 CFR Part 15 ● CISPR 32 Class A ● CNS 13438 ● EN 300 386 * ● EN 55032 Class 
141190	C9600-DNX-A-5Y	switches	license	non-hardware	humidity_storage	0a941374bbe508f6	Cisco Catalyst 9600 Series Switches Data Sheet - Cisco	10% to 95%, Non-condensing
199053	C9600-DNX-A-5Y	switches	license	non-hardware	ieee_standards	0a941374bbe508f6	Cisco Catalyst 9600 Series Switches Data Sheet - Cisco	Gigabit Ethernet: IEEE 802.3z, IEEE 802.3x, IEEE 802.3ab
130358	C9600-DNX-A-5Y	switches	license	non-hardware	altitude_max	35296d62eb0a83b6	Cisco Catalyst 9600 Series Switches Data Sheet - Cisco	-60 to 3000 meter (-197 to 9843 feet)
80428	C9600-DNX-A-5Y	switches	license	non-hardware	humidity_operating	0a941374bbe508f6	Cisco Catalyst 9600 Series Switches Data Sheet - Cisco	10% to 95%, noncondensing
150180	M93VXK9-A-3Y	storage-networking	license	non-hardware	diagnostics	ebe72ba693522dab	Cisco MDS 9396V 64-Gbps 96-Port Fibre Channel Switch Data Sheet - Cisco	● Power-On-Self-Test (POST) diagnostics ● Online Health Management System (OHMS)
150181	M93VXK9-A-3Y	storage-networking	license	non-hardware	programming_interfaces	ebe72ba693522dab	Cisco MDS 9396V 64-Gbps 96-Port Fibre Channel Switch Data Sheet - Cisco	● Scriptable CLI ● Cisco NDFC web services API ● NX-API HTTP/HTTPS interfaces ● 
150183	M93VXK9-A-3Y	storage-networking	license	non-hardware	fabric_services	ebe72ba693522dab	Cisco MDS 9396V 64-Gbps 96-Port Fibre Channel Switch Data Sheet - Cisco	● Name server ● Registered State Change Notification (RSCN) ● Login services ● F
100582	M93VXK9-A-3Y	storage-networking	license	non-hardware	temp_operating	ebe72ba693522dab	Cisco MDS 9396V 64-Gbps 96-Port Fibre Channel Switch Data Sheet - Cisco	● Temperature, ambient operating: ◦ 32 to 104°F (0 to 40°C) with port-side exhau
150182	M93VXK9-A-3Y	storage-networking	license	non-hardware	certifications	ebe72ba693522dab	Cisco MDS 9396V 64-Gbps 96-Port Fibre Channel Switch Data Sheet - Cisco	● Safety compliance ● CE Marking ● UL 60950 ● CAN/CSA-C22.2 No. 60950 ● EN 60950
150176	M93VXK9-A-1Y	storage-networking	license	non-hardware	diagnostics	ebe72ba693522dab	Cisco MDS 9396V 64-Gbps 96-Port Fibre Channel Switch Data Sheet - Cisco	● Power-On-Self-Test (POST) diagnostics ● Online Health Management System (OHMS)
150177	M93VXK9-A-1Y	storage-networking	license	non-hardware	programming_interfaces	ebe72ba693522dab	Cisco MDS 9396V 64-Gbps 96-Port Fibre Channel Switch Data Sheet - Cisco	● Scriptable CLI ● Cisco NDFC web services API ● NX-API HTTP/HTTPS interfaces ● 
150179	M93VXK9-A-1Y	storage-networking	license	non-hardware	fabric_services	ebe72ba693522dab	Cisco MDS 9396V 64-Gbps 96-Port Fibre Channel Switch Data Sheet - Cisco	● Name server ● Registered State Change Notification (RSCN) ● Login services ● F
100623	M93VXK9-A-1Y	storage-networking	license	non-hardware	temp_operating	ebe72ba693522dab	Cisco MDS 9396V 64-Gbps 96-Port Fibre Channel Switch Data Sheet - Cisco	● Temperature, ambient operating: ◦ 32 to 104°F (0 to 40°C) with port-side exhau
150178	M93VXK9-A-1Y	storage-networking	license	non-hardware	certifications	ebe72ba693522dab	Cisco MDS 9396V 64-Gbps 96-Port Fibre Channel Switch Data Sheet - Cisco	● Safety compliance ● CE Marking ● UL 60950 ● CAN/CSA-C22.2 No. 60950 ● EN 60950
141759	L-IE4000-RTU=	switches	license	non-hardware	qos_features	eb10389c7a6d377f	Cisco Industrial Ethernet 4010 Series Switches Data Sheet - Cisco	Ingress Policing, Rate-Limit, Egress Queueing/shaping, AutoQoS, Modular QoS CLI 
98870	L-IE4000-RTU=	switches	license	non-hardware	mac_table	4bc5727c94dae842	Cisco Industrial Ethernet 4000 Series Switches Data Sheet - Cisco	16,000
98871	L-IE4000-RTU=	switches	license	non-hardware	vlan_max	4bc5727c94dae842	Cisco Industrial Ethernet 4000 Series Switches Data Sheet - Cisco	1,000
76374	C1P1TN9300XF-3Y	switches	license	non-hardware	temp_operating	c294a6ef715a933d	Cisco N9300-EX, FX, and FX3 24 Port Series Switches Data Sheet - Cisco	32 to 104°F (0 to 40°C)
76376	C1P1TN9300XF-3Y	switches	license	non-hardware	humidity_operating	c294a6ef715a933d	Cisco N9300-EX, FX, and FX3 24 Port Series Switches Data Sheet - Cisco	5 to 95% (noncondensing)
151384	C1P1TN9300XF-3Y	switches	license	non-hardware	temp_storage	c294a6ef715a933d	Cisco N9300-EX, FX, and FX3 24 Port Series Switches Data Sheet - Cisco	–40 to 158°F (–40 to 70°C)
151385	C1P1TN9300XF-3Y	switches	license	non-hardware	emc_emissions	c294a6ef715a933d	Cisco N9300-EX, FX, and FX3 24 Port Series Switches Data Sheet - Cisco	● 47CFR Part 15 (CFR 47) Class A ● AS/NZS CISPR22 Class A ● CISPR22 Class A ● EN
151386	C1P1TN9300XF-3Y	switches	license	non-hardware	emc_immunity	c294a6ef715a933d	Cisco N9300-EX, FX, and FX3 24 Port Series Switches Data Sheet - Cisco	● EN55024 ● CISPR24 ● EN300386 ● KN 61000-4 series
131382	C1P1TN9300XF-3Y	switches	license	non-hardware	altitude_max	c294a6ef715a933d	Cisco N9300-EX, FX, and FX3 24 Port Series Switches Data Sheet - Cisco	0 to 13,123 ft (0 to 4000m)
152801	N6KUK9-730N1.1A=	switches	software	non-hardware	emc_emissions	d4f2edad9ed4f1eb	Cisco Nexus 5600 Platform 10-Gbps Switches Data Sheet - Cisco	● 47CFR Part 15 (CFR 47) Class A ● AS/NZS CISPR22 Class A ● CISPR22 Class A ● EN
152802	N6KUK9-730N1.1A=	switches	software	non-hardware	emc_immunity	d4f2edad9ed4f1eb	Cisco Nexus 5600 Platform 10-Gbps Switches Data Sheet - Cisco	● EN55024 ● CISPR24 ● EN300386 ● KN 61000-4 series
140645	ADN-NGA-10G-RTU	routers	license	non-hardware	qos_features	8f6659f8bff28ca8	Cisco 8010 Series Medium Density Fixed Routers Data Sheet - Cisco	Virtual Output Queueing (VOQ) with deep packet buffering Class-based 3-level hie
73719	ADN-NGA-10G-RTU	routers	license	non-hardware	programming_interfaces	8f6659f8bff28ca8	Cisco 8010 Series Medium Density Fixed Routers Data Sheet - Cisco	Command-Line Interface (CLI) SSH, Telnet, SCP, FTP, TFTP Simple Network Manageme
73720	ADN-NGA-10G-RTU	routers	license	non-hardware	segment_routing_features	8f6659f8bff28ca8	Cisco 8010 Series Medium Density Fixed Routers Data Sheet - Cisco	Segment Routing with MPLS data plane (SR-MPLS) Segment Routing with IPv6 data pl
141438	ESS-NGA-10G-RTU	routers	license	non-hardware	qos_features	8f6659f8bff28ca8	Cisco 8010 Series Medium Density Fixed Routers Data Sheet - Cisco	Virtual Output Queueing (VOQ) with deep packet buffering Class-based 3-level hie
91396	ESS-NGA-10G-RTU	routers	license	non-hardware	segment_routing_features	8f6659f8bff28ca8	Cisco 8010 Series Medium Density Fixed Routers Data Sheet - Cisco	Segment Routing with MPLS data plane (SR-MPLS) Segment Routing with IPv6 data pl
91395	ESS-NGA-10G-RTU	routers	license	non-hardware	programming_interfaces	8f6659f8bff28ca8	Cisco 8010 Series Medium Density Fixed Routers Data Sheet - Cisco	Command-Line Interface (CLI) SSH, Telnet, SCP, FTP, TFTP Simple Network Manageme
142749	SES-SM	optical-networking	non_product	non-hardware	humidity_storage	e61c2ca5fbc3869a	Cisco ONS 15454 Any Rate Enhanced Xponder Card - Cisco	5 to 95% noncondensing
115919	SES-SM	optical-networking	non_product	non-hardware	regions_supported	e61c2ca5fbc3869a	Cisco ONS 15454 Any Rate Enhanced Xponder Card - Cisco	● European Union ● Australia ● New Zealand ● Singapore ● China ● Mexico ● Hong K
203902	S-A9903-CGN	routers	license	non-hardware	ieee_standards	2b56b0b7c4e8c61a	Cisco ASR 9903 Compact High-Performance Router Data Sheet - Cisco	● 10 Gbps IEEE 802.3ae compliant ● 40/100-Gbps IEEE 802.3ba compliant ● 100 Giga
147239	S-A9903-CGN	routers	license	non-hardware	altitude_max	2b56b0b7c4e8c61a	Cisco ASR 9903 Compact High-Performance Router Data Sheet - Cisco	–60 to 1800 m
142683	S-A9903-CGN	routers	license	non-hardware	humidity_storage	2b56b0b7c4e8c61a	Cisco ASR 9903 Compact High-Performance Router Data Sheet - Cisco	5 to 95% Note: Not to exceed 0.024 kg of water per kg of dry air
147238	S-A9903-CGN	routers	license	non-hardware	temp_storage	2b56b0b7c4e8c61a	Cisco ASR 9903 Compact High-Performance Router Data Sheet - Cisco	–40 to 158°F (–40 to 70°C)
115214	S-A9903-CGN	routers	license	non-hardware	temp_operating	2b56b0b7c4e8c61a	Cisco ASR 9903 Compact High-Performance Router Data Sheet - Cisco	41 to 104°F (5 to 40°C) Note: Limitations may apply when using high-power optics
115215	S-A9903-CGN	routers	license	non-hardware	humidity_operating	2b56b0b7c4e8c61a	Cisco ASR 9903 Compact High-Performance Router Data Sheet - Cisco	10 to 85%
115218	S-A9903-CGN	routers	license	non-hardware	supported_protocols	2b56b0b7c4e8c61a	Cisco ASR 9903 Compact High-Performance Router Data Sheet - Cisco	NetFlow, IEEE 802.1ag, IEEE 802.3ah, ITU Y.1731, IP Service-Level Agreement (IP 
206784	S-A9903-CGN	routers	license	non-hardware	certifications	2b56b0b7c4e8c61a	Cisco ASR 9903 Compact High-Performance Router Data Sheet - Cisco	The Cisco ASR 9903 Router is designed to meet: ● FCC Class A ● ICES 003 Class A 
91335	ESS-ED-100G-SIA3	routers	license	non-hardware	humidity_operating	b8b4ec84e4a93e32	Cisco ASR 9901 Router Data Sheet - Cisco	10 to 85%
96541	IE2000-DNA-E-L	switches	license	non-hardware	temp_storage	7be5a7c2ffcf5234	Cisco Industrial Ethernet 2000 Series Switches Data Sheet - Cisco	● -40 C to +85 C (storage temperature) ● IEC 60068-2-14 ● Storage altitude: Up t
96537	IE2000-DNA-E-L	switches	license	non-hardware	programming_interfaces	7be5a7c2ffcf5234	Cisco Industrial Ethernet 2000 Series Switches Data Sheet - Cisco	Cisco Network Plug-and-Play application
122877	UCS-L-6400-25GC	servers-unified-computing	license	non-hardware	emc_emissions	5a9237a2a8623e2a	Cisco UCS 6400 Series Fabric Interconnects Data Sheet - Cisco	● 47CFR Part 15 (CFR 47) Class A ● AS/NZS CISPR22 Class A ● CISPR22 Class A ● EN
122878	UCS-L-6400-25GC	servers-unified-computing	license	non-hardware	emc_immunity	5a9237a2a8623e2a	Cisco UCS 6400 Series Fabric Interconnects Data Sheet - Cisco	● EN55024 ● CISPR24 ● EN300386 ● KN 61000-4 series
100832	M97XK9-A-5Y	storage-networking	license	non-hardware	fabric_services	61bd6bf87846eebe	Cisco MDS 9706 Multilayer Director Data Sheet - Cisco	● Name server ● Registered State Change Notification (RSCN) ● Login services ● F
140945	C9200-24-E-A	switches	license	non-hardware	humidity_storage	de692de8d2c8f641	Cisco Catalyst 9200 Series Switches Data Sheet - Cisco	5% to 90% noncondensing
78733	C9200-24-E-A	switches	license	non-hardware	temp_operating	de692de8d2c8f641	Cisco Catalyst 9200 Series Switches Data Sheet - Cisco	Normal operating temperature * and altitudes: ● -5°C to +45°C, up to 5000 feet (
146912	C9200-24-E-A	switches	license	non-hardware	certifications	de692de8d2c8f641	Cisco Catalyst 9200 Series Switches Data Sheet - Cisco	● 47 CFR Part 15 ● CISPR 32 Class A ● CNS 13438 ● EN 300 386 * ● EN 55032 Class 
78734	C9200-24-E-A	switches	license	non-hardware	temp_storage	de692de8d2c8f641	Cisco Catalyst 9200 Series Switches Data Sheet - Cisco	-40° to 158°F (-40° to 70°C)
146911	C9200-24-E-A	switches	license	non-hardware	ieee_standards	de692de8d2c8f641	Cisco Catalyst 9200 Series Switches Data Sheet - Cisco	EEE 802.1s ; RMON I and II standards ; IEEE 802.1w ; SNMPv1, v2c, and v3 ; IEEE 
158372	C9200-24-E-A	switches	license	non-hardware	altitude_max	de692de8d2c8f641	Cisco Catalyst 9200 Series Switches Data Sheet - Cisco	10,000 ft. (3000 meters), up to 45°C
91363	ESS-100G-SIA-3	ios-nx-os-software	license	(no axis)	humidity_operating	1ad0b794548c594e	Network Convergence System 5700 Series: NCS-57C3 Chassis Data Sheet - Cisco	Normal: 5% RH to 85% RH Short term: 5% to 95% RH Should not exceed 0.026 kg wate
91366	ESS-100G-SIA-3	ios-nx-os-software	license	(no axis)	dram	163e8998487b6873	Cisco Network Convergence System 5500 Series: 55A2 Chassis Data Sheet - Cisco	32GB
91367	ESS-100G-SIA-3	ios-nx-os-software	license	(no axis)	emc_emissions	10f44aa4d91b0c5d	Cisco Network Convergence System 5500 Series: Dense 25G Fixed Chassis Data Sheet - Cisco	● 47CFR Part 15 (CFR 47) Class A ● AS/NZS CISPR22 Class A ● CISPR22 Class A ● EN
91760	ESS-100G-SIA-5	ios-nx-os-software	license	(no axis)	dram	163e8998487b6873	Cisco Network Convergence System 5500 Series: 55A2 Chassis Data Sheet - Cisco	32GB
91757	ESS-100G-SIA-5	ios-nx-os-software	license	(no axis)	humidity_operating	1ad0b794548c594e	Network Convergence System 5700 Series: NCS-57C3 Chassis Data Sheet - Cisco	Normal: 5% RH to 85% RH Short term: 5% to 95% RH Should not exceed 0.026 kg wate
91761	ESS-100G-SIA-5	ios-nx-os-software	license	(no axis)	emc_emissions	10f44aa4d91b0c5d	Cisco Network Convergence System 5500 Series: Dense 25G Fixed Chassis Data Sheet - Cisco	● 47CFR Part 15 (CFR 47) Class A ● AS/NZS CISPR22 Class A ● CISPR22 Class A ● EN
100223	M9200SME1MK9	storage-networking	license	non-hardware	programming_interfaces	e8b6b46a85541966	Cisco MDS 9000 18/4-Port Multiservice Module - Cisco	• Scriptable CLI • Fabric Manager GUI • Device Manager GUI
116110	SF-NCS1K10-2431K9	optical-networking	software	non-hardware	regions_supported	fadaf6b4f5674c4e	Cisco Network Convergence System (NCS) 1010 Data Sheet - Cisco	● European Union ● Africa ● CSI ● Australia ● New Zealand ● China ● Korea ● Indi
116111	SF-NCS1K10-2431K9	optical-networking	software	non-hardware	emc_emissions	fadaf6b4f5674c4e	Cisco Network Convergence System (NCS) 1010 Data Sheet - Cisco	● VCCI Class A ● KN32 Class A ● CNS 13438 Class A ● EN61000-3-2 Power Line Harmo
206246	SF-NCS1K10-2431K9	optical-networking	software	non-hardware	certifications	fadaf6b4f5674c4e	Cisco Network Convergence System (NCS) 1010 Data Sheet - Cisco	● IEC 60950-1 Information technology equipment Safety Part 1: General requiremen
100875	M97IOA2410	interfaces-modules	license	non-hardware	programming_interfaces	5c7fdff5e285eaf8	Cisco MDS 9000 24/10-Port SAN Extension Module for Cisco MDS 9700 Series Multilayer Direct	● Cisco Data Center Network Manager GUI ● Cisco Device Manager GUI
100936	M97IOA24102X	interfaces-modules	license	non-hardware	programming_interfaces	5c7fdff5e285eaf8	Cisco MDS 9000 24/10-Port SAN Extension Module for Cisco MDS 9700 Series Multilayer Direct	● Cisco Data Center Network Manager GUI ● Cisco Device Manager GUI
142387	NGA-M-SIA-3	routers	license	non-hardware	qos_features	8f6659f8bff28ca8	Cisco 8010 Series Medium Density Fixed Routers Data Sheet - Cisco	Virtual Output Queueing (VOQ) with deep packet buffering Class-based 3-level hie
107909	NGA-M-SIA-3	routers	license	non-hardware	segment_routing_features	8f6659f8bff28ca8	Cisco 8010 Series Medium Density Fixed Routers Data Sheet - Cisco	Segment Routing with MPLS data plane (SR-MPLS) Segment Routing with IPv6 data pl
107908	NGA-M-SIA-3	routers	license	non-hardware	programming_interfaces	8f6659f8bff28ca8	Cisco 8010 Series Medium Density Fixed Routers Data Sheet - Cisco	Command-Line Interface (CLI) SSH, Telnet, SCP, FTP, TFTP Simple Network Manageme
141428	ES-SM	optical-networking	non_product	non-hardware	humidity_storage	e61c2ca5fbc3869a	Cisco ONS 15454 Any Rate Enhanced Xponder Card - Cisco	5 to 95% noncondensing
91295	ES-SM	optical-networking	non_product	non-hardware	regions_supported	e61c2ca5fbc3869a	Cisco ONS 15454 Any Rate Enhanced Xponder Card - Cisco	● European Union ● Australia ● New Zealand ● Singapore ● China ● Mexico ● Hong K
115590	S812UK9-15204M	routers	software	non-hardware	programming_interfaces	561c0f07d63e8571	Cisco 812 CiFi Integrated Services Routers (3G-3.7G Cellular and Wi-Fi) Data Sheet - Cisco	Cisco IOS Software CLI
153805	S812UK9-15204M	routers	software	non-hardware	emc_emissions	561c0f07d63e8571	Cisco 812 CiFi Integrated Services Routers (3G-3.7G Cellular and Wi-Fi) Data Sheet - Cisco	EN55022/CISPR22, CFR 47 Part 15, ICES003, VCCI-V-3, AS/NZS CISPR22, CNS13438, EN
153806	S812UK9-15204M	routers	software	non-hardware	emc_immunity	561c0f07d63e8571	Cisco 812 CiFi Integrated Services Routers (3G-3.7G Cellular and Wi-Fi) Data Sheet - Cisco	EN55024/CISPR24, (EN61000-4-2, EN61000-4-3, EN61000-4-4, EN61000-4-5, EN61000-4-
153802	S812UK9-15204M	routers	software	non-hardware	qos_features	561c0f07d63e8571	Cisco 812 CiFi Integrated Services Routers (3G-3.7G Cellular and Wi-Fi) Data Sheet - Cisco	● Provides traffic precedence to delay-sensitive or prioritized applications. ● 
207940	S812UK9-15204M	routers	software	non-hardware	supported_protocols	561c0f07d63e8571	Cisco 812 CiFi Integrated Services Routers (3G-3.7G Cellular and Wi-Fi) Data Sheet - Cisco	● IPv6 addressing architecture ● IPv6 name resolution ● IPv6 statistics ● IPv6 t
115592	S812UK9-15204M	routers	software	non-hardware	temp_operating	561c0f07d63e8571	Cisco 812 CiFi Integrated Services Routers (3G-3.7G Cellular and Wi-Fi) Data Sheet - Cisco	All Cisco 812G models: -13 to 140 F ( -25 to 60 C) IP 20 per IEC 60529
115594	S812UK9-15204M	routers	software	non-hardware	humidity_operating	561c0f07d63e8571	Cisco 812 CiFi Integrated Services Routers (3G-3.7G Cellular and Wi-Fi) Data Sheet - Cisco	Maximum 85% non-condensing RH
153804	S812UK9-15204M	routers	software	non-hardware	certifications	561c0f07d63e8571	Cisco 812 CiFi Integrated Services Routers (3G-3.7G Cellular and Wi-Fi) Data Sheet - Cisco	● UL 60950-1, 2nd edition ● CAN/CSA C22.2 No. 60950-1, 2nd edition ● EN 60950-1,
129074	XR-A9K-PX-06.01	routers	software	non-hardware	segment_routing_features	cad9e5016e8f34c6	Cisco IOS XR Release 6.1.2 for Cisco ASR 9000 Series Routers Product Bulletin - Cisco	Auto-route Destination The auto-route destination feature allows you to automati
145953	M9500SME1MK9	storage-networking	license	non-hardware	diagnostics	21031fae4600573e	Cisco MDS 9509 Multilayer Director Data Sheet - Cisco	● Power-on-self-test (POST) diagnostics ● Online diagnostics ● Internal port loo
145952	M9500SME1MK9	storage-networking	license	non-hardware	fabric_services	21031fae4600573e	Cisco MDS 9509 Multilayer Director Data Sheet - Cisco	● Name server ● Registered State Change Notification (RSCN) ● Login services ● F
145954	M9500SME1MK9	storage-networking	license	non-hardware	programming_interfaces	21031fae4600573e	Cisco MDS 9509 Multilayer Director Data Sheet - Cisco	● Scriptable CLI ● Data Center Network Manager web services API ● Device Manager
145951	M9500SME1MK9	storage-networking	license	non-hardware	supported_protocols	21031fae4600573e	Cisco MDS 9509 Multilayer Director Data Sheet - Cisco	● Fibre Channel standards ◦ FC-PH, Revision 4.3 (ANSI INCITS 230-1994) ◦ FC-PH, 
145955	M9500SME1MK9	storage-networking	license	non-hardware	certifications	21031fae4600573e	Cisco MDS 9509 Multilayer Director Data Sheet - Cisco	● Safety compliance ◦ CE Marking ◦ UL 60950 ◦ CAN/CSA-C22.2 No. 60950 ◦ EN 60950
103372	N56-LAN1K9=	switches	license	non-hardware	emc_emissions	6808d677ec50358c	Cisco Nexus 5600 Platform 40-Gbps Switches Data Sheet - Cisco	● 47CFR Part 15 (CFR 47) Class A ● AS/NZS CISPR22 Class A ● CISPR22 Class A ● EN
103373	N56-LAN1K9=	switches	license	non-hardware	emc_immunity	6808d677ec50358c	Cisco Nexus 5600 Platform 40-Gbps Switches Data Sheet - Cisco	● EN55024 ● CISPR24 ● EN300386 ● KN 61000-4 series
103424	N56-48Q-P-SSK9=	switches	license	non-hardware	emc_emissions	6808d677ec50358c	Cisco Nexus 5600 Platform 40-Gbps Switches Data Sheet - Cisco	● 47CFR Part 15 (CFR 47) Class A ● AS/NZS CISPR22 Class A ● CISPR22 Class A ● EN
103425	N56-48Q-P-SSK9=	switches	license	non-hardware	emc_immunity	6808d677ec50358c	Cisco Nexus 5600 Platform 40-Gbps Switches Data Sheet - Cisco	● EN55024 ● CISPR24 ● EN300386 ● KN 61000-4 series
103344	N56-12Q-P-SSK9=	switches	license	non-hardware	emc_emissions	6808d677ec50358c	Cisco Nexus 5600 Platform 40-Gbps Switches Data Sheet - Cisco	● 47CFR Part 15 (CFR 47) Class A ● AS/NZS CISPR22 Class A ● CISPR22 Class A ● EN
103345	N56-12Q-P-SSK9=	switches	license	non-hardware	emc_immunity	6808d677ec50358c	Cisco Nexus 5600 Platform 40-Gbps Switches Data Sheet - Cisco	● EN55024 ● CISPR24 ● EN300386 ● KN 61000-4 series
98650	L-C4500E-LB-ES	interfaces-modules	license	non-hardware	ipv6_routes	18989e0127e9ce20	Cisco Catalyst 4500E Supervisor Engine 9-E Data Sheet - Cisco	128,000
141064	C9200-DNA-A-48-5Y	switches	license	non-hardware	humidity_storage	de692de8d2c8f641	Cisco Catalyst 9200 Series Switches Data Sheet - Cisco	5% to 90% noncondensing
79472	C9200-DNA-A-48-5Y	switches	license	non-hardware	temp_operating	de692de8d2c8f641	Cisco Catalyst 9200 Series Switches Data Sheet - Cisco	Normal operating temperature * and altitudes: ● -5°C to +45°C, up to 5000 feet (
79473	C9200-DNA-A-48-5Y	switches	license	non-hardware	temp_storage	de692de8d2c8f641	Cisco Catalyst 9200 Series Switches Data Sheet - Cisco	-40° to 158°F (-40° to 70°C)
205722	C9200-DNA-A-48-5Y	switches	license	non-hardware	certifications	de692de8d2c8f641	Cisco Catalyst 9200 Series Switches Data Sheet - Cisco	● 47 CFR Part 15 ● CISPR 32 Class A ● CNS 13438 ● EN 300 386 * ● EN 55032 Class 
100881	M97XK9-P-7Y	storage-networking	license	non-hardware	fabric_services	61bd6bf87846eebe	Cisco MDS 9706 Multilayer Director Data Sheet - Cisco	● Name server ● Registered State Change Notification (RSCN) ● Login services ● F
174755	HX-VSP-ENT-D	hyperconverged-systems	license	non-hardware	humidity_operating	ec05e2313d88cb1a	Cisco HyperFlex HX240c M5 LFF Spec Sheet	10% to 90% and 28°C (82.4°F) maximum dew-point temperature,
174756	HX-VSP-ENT-D	hyperconverged-systems	license	non-hardware	humidity_storage	ec05e2313d88cb1a	Cisco HyperFlex HX240c M5 LFF Spec Sheet	5% to 93% relative humidity, non-condensing, with a maximum
174757	HX-VSP-ENT-D	hyperconverged-systems	license	non-hardware	certifications	ec05e2313d88cb1a	Cisco HyperFlex HX240c M5 LFF Spec Sheet	60950-1 Second Edition
174758	HX-VSP-ENT-D	hyperconverged-systems	license	non-hardware	emc_emissions	ec05e2313d88cb1a	Cisco HyperFlex HX240c M5 LFF Spec Sheet	47CFR Part 15 (CFR 47) Class A
141615	IE4010-DNA-E-H-5Y	switches	license	non-hardware	qos_features	eb10389c7a6d377f	Cisco Industrial Ethernet 4010 Series Switches Data Sheet - Cisco	Ingress Policing, Rate-Limit, Egress Queueing/shaping, AutoQoS, Modular QoS CLI 
96994	IE4010-DNA-E-H-5Y	switches	license	non-hardware	mac_table	eb10389c7a6d377f	Cisco Industrial Ethernet 4010 Series Switches Data Sheet - Cisco	16,000
96995	IE4010-DNA-E-H-5Y	switches	license	non-hardware	vlan_max	eb10389c7a6d377f	Cisco Industrial Ethernet 4010 Series Switches Data Sheet - Cisco	1000
141637	IE3500-DNA-E-7Y	switches	license	non-hardware	qos_features	de20866285786429	Cisco IE3500 Heavy Duty Series Data Sheet - Cisco	Ingress policing, rate limit, egress queuing/shaping, auto QoS
97196	IE3500-DNA-E-7Y	switches	license	non-hardware	emc_emissions	de20866285786429	Cisco IE3500 Heavy Duty Series Data Sheet - Cisco	Emissions (Class A): FCC 47 CFR Part 15 subpart B ICES-003 EN 55011 EN 55032/ CI
97202	IE3500-DNA-E-7Y	switches	license	non-hardware	humidity_operating	b8622078cd3085fd	Cisco IE3500 Rugged Series Data Sheet - Cisco	Relative humidity of 5% to 95% non-condensing IEC 60068-2-78 IEC 60068-2-30
141638	IE4010-DNA-A-H	switches	license	non-hardware	qos_features	eb10389c7a6d377f	Cisco Industrial Ethernet 4010 Series Switches Data Sheet - Cisco	Ingress Policing, Rate-Limit, Egress Queueing/shaping, AutoQoS, Modular QoS CLI 
97212	IE4010-DNA-A-H	switches	license	non-hardware	mac_table	eb10389c7a6d377f	Cisco Industrial Ethernet 4010 Series Switches Data Sheet - Cisco	16,000
97213	IE4010-DNA-A-H	switches	license	non-hardware	vlan_max	eb10389c7a6d377f	Cisco Industrial Ethernet 4010 Series Switches Data Sheet - Cisco	1000
141532	IE3400-DNA-E	switches	license	non-hardware	qos_features	2ea8fc17200677fa	Cisco Catalyst IE3400 Rugged Series Data Sheet - Cisco	Ingress policing, rate limit, egress queuing/shaping, auto QoS
96246	IE3400-DNA-E	switches	license	non-hardware	humidity_operating	2ea8fc17200677fa	Cisco Catalyst IE3400 Rugged Series Data Sheet - Cisco	Relative humidity of 5% to 95% non-condensing IEC 60068-2-78 IEC 60068-2-30
96244	IE3400-DNA-E	switches	license	non-hardware	programming_interfaces	2ea8fc17200677fa	Cisco Catalyst IE3400 Rugged Series Data Sheet - Cisco	YANG, NETCONF, RESTCONF
96250	IE3400-DNA-E	switches	license	non-hardware	temp_operating	2ea8fc17200677fa	Cisco Catalyst IE3400 Rugged Series Data Sheet - Cisco	Operating temperature: -40°C to +70°C (40 LFM vented enclosure) -40°C to +60°C (
96251	IE3400-DNA-E	switches	license	non-hardware	temp_storage	2ea8fc17200677fa	Cisco Catalyst IE3400 Rugged Series Data Sheet - Cisco	Temperature: - 40°C to +85°C Altitude: 15,000 feet IEC 60068-2-14
96252	IE3400-DNA-E	switches	license	non-hardware	shock	2ea8fc17200677fa	Cisco Catalyst IE3400 Rugged Series Data Sheet - Cisco	IEC 60068-2-27 (operational shock, 50G, 3ms, half sine) IEC 60068-2-27 (non-oper
103307	N5696-EL2P-SSK9=	switches	license	non-hardware	emc_emissions	6808d677ec50358c	Cisco Nexus 5600 Platform 40-Gbps Switches Data Sheet - Cisco	● 47CFR Part 15 (CFR 47) Class A ● AS/NZS CISPR22 Class A ● CISPR22 Class A ● EN
103308	N5696-EL2P-SSK9=	switches	license	non-hardware	emc_immunity	6808d677ec50358c	Cisco Nexus 5600 Platform 40-Gbps Switches Data Sheet - Cisco	● EN55024 ● CISPR24 ● EN300386 ● KN 61000-4 series
145945	M9500EXT1AK9	storage-networking	license	non-hardware	certifications	21031fae4600573e	Cisco MDS 9509 Multilayer Director Data Sheet - Cisco	● Safety compliance ◦ CE Marking ◦ UL 60950 ◦ CAN/CSA-C22.2 No. 60950 ◦ EN 60950
145942	M9500EXT1AK9	storage-networking	license	non-hardware	fabric_services	21031fae4600573e	Cisco MDS 9509 Multilayer Director Data Sheet - Cisco	● Name server ● Registered State Change Notification (RSCN) ● Login services ● F
145944	M9500EXT1AK9	storage-networking	license	non-hardware	programming_interfaces	21031fae4600573e	Cisco MDS 9509 Multilayer Director Data Sheet - Cisco	● Scriptable CLI ● Data Center Network Manager web services API ● Device Manager
145941	M9500EXT1AK9	storage-networking	license	non-hardware	supported_protocols	21031fae4600573e	Cisco MDS 9509 Multilayer Director Data Sheet - Cisco	● Fibre Channel standards ◦ FC-PH, Revision 4.3 (ANSI INCITS 230-1994) ◦ FC-PH, 
145943	M9500EXT1AK9	storage-networking	license	non-hardware	diagnostics	21031fae4600573e	Cisco MDS 9509 Multilayer Director Data Sheet - Cisco	● Power-on-self-test (POST) diagnostics ● Online diagnostics ● Internal port loo
142400	NGA-L-SIA-5	routers	license	non-hardware	qos_features	3396c9a8e6e91d8a	Cisco 8010 Series Large Density Fixed Routers Data Sheet - Cisco	Virtual Output Queueing (VOQ) with deep packet buffering Class-based 3-level hie
107959	NGA-L-SIA-5	routers	license	non-hardware	programming_interfaces	3396c9a8e6e91d8a	Cisco 8010 Series Large Density Fixed Routers Data Sheet - Cisco	Command-Line Interface (CLI) SSH, Telnet, SCP, FTP, TFTP Simple Network Manageme
107960	NGA-L-SIA-5	routers	license	non-hardware	segment_routing_features	3396c9a8e6e91d8a	Cisco 8010 Series Large Density Fixed Routers Data Sheet - Cisco	Segment Routing with MPLS data plane (SR-MPLS) Segment Routing with IPv6 data pl
98860	L-FP3900-TAM-1Y	routers	license	non-hardware	dram	e539825af78bd0b5	Cisco Integrated Services Routers Generation 2 Ordering Guide - Cisco	None available; Fixed 512MB DRAM only
98861	L-FP3900-TAM-1Y	routers	license	non-hardware	flash	e539825af78bd0b5	Cisco Integrated Services Routers Generation 2 Ordering Guide - Cisco	None available; Fixed internal 256MB eUSB Flash only
130416	ADN-100G-RTU-2	ios-nx-os-software	license	(no axis)	altitude_max	2362772905997ea1	Cisco Network Convergence System 5700 Series: NCS-57C1 Fixed Chassis Data Sheet - Cisco	0 to 9842 ft (0 to 3000 m)
73670	ADN-100G-RTU-2	ios-nx-os-software	license	(no axis)	temp_operating	f6f4765f11d958c1	Cisco Network Convergence System 5700 Series: NCS-57D2-18DD Fixed Chassis Data Sheet - Cis	PortSE intake supply: 32° to 104°F (0° to 40°C) at sea level Port-S Exhaust supp
73665	ADN-100G-RTU-2	ios-nx-os-software	license	(no axis)	temp_storage	f6f4765f11d958c1	Cisco Network Convergence System 5700 Series: NCS-57D2-18DD Fixed Chassis Data Sheet - Cis	-40° to 158°F (-40° to 70°C)
73662	ADN-100G-RTU-2	ios-nx-os-software	license	(no axis)	humidity_operating	1ad0b794548c594e	Network Convergence System 5700 Series: NCS-57C3 Chassis Data Sheet - Cisco	Normal: 5% RH to 85% RH Short term: 5% to 95% RH Should not exceed 0.026 kg wate
73666	ADN-100G-RTU-2	ios-nx-os-software	license	(no axis)	emc_emissions	f6f4765f11d958c1	Cisco Network Convergence System 5700 Series: NCS-57D2-18DD Fixed Chassis Data Sheet - Cis	● 47CFR Part 15 (CFR 47) Class A ● AS/NZS CISPR22 Class A ● CISPR22 Class A ● EN
115567	S39ENPEK9-15014M	routers	software	non-hardware	dram	e539825af78bd0b5	Cisco Integrated Services Routers Generation 2 Ordering Guide - Cisco	None available; Fixed 512MB DRAM only
115568	S39ENPEK9-15014M	routers	software	non-hardware	flash	e539825af78bd0b5	Cisco Integrated Services Routers Generation 2 Ordering Guide - Cisco	None available; Fixed internal 256MB eUSB Flash only
115677	S39EUK9-15014M	routers	software	non-hardware	dram	e539825af78bd0b5	Cisco Integrated Services Routers Generation 2 Ordering Guide - Cisco	None available; Fixed 512MB DRAM only
115678	S39EUK9-15014M	routers	software	non-hardware	flash	e539825af78bd0b5	Cisco Integrated Services Routers Generation 2 Ordering Guide - Cisco	None available; Fixed internal 256MB eUSB Flash only
205050	L-ISA3000T-T-5Y	security	license	non-hardware	supported_protocols	ebce9a0dbe4b1ace	Cisco Secure Firewall ISA3000 Data Sheet - Cisco	● IPv4 static routing ● Dynamic routing (Routing Information Protocol [RIP], Enh
199001	L-ISA3000T-T-5Y	security	license	non-hardware	ieee_standards	ebce9a0dbe4b1ace	Cisco Secure Firewall ISA3000 Data Sheet - Cisco	● IEEE 802.1D MAC Bridges, Spanning Tree Protocol (STP) ● IEEE 802.1p Layer2 cla
196390	L-ISA3000T-T-5Y	security	license	non-hardware	rfc_compliance	ebce9a0dbe4b1ace	Cisco Secure Firewall ISA3000 Data Sheet - Cisco	● RFC 768: User Datagram Protocol (UDP) ● RFC 783: Trivial FTP (TFTP) ● RFC 791:
115540	S2951UK9-15014M	routers	software	non-hardware	dram	e539825af78bd0b5	Cisco Integrated Services Routers Generation 2 Ordering Guide - Cisco	None available; Fixed 512MB DRAM only
115541	S2951UK9-15014M	routers	software	non-hardware	flash	e539825af78bd0b5	Cisco Integrated Services Routers Generation 2 Ordering Guide - Cisco	None available; Fixed internal 256MB eUSB Flash only
196393	L-ISA3000T-URL-5Y	security	license	non-hardware	rfc_compliance	ebce9a0dbe4b1ace	Cisco Secure Firewall ISA3000 Data Sheet - Cisco	● RFC 768: User Datagram Protocol (UDP) ● RFC 783: Trivial FTP (TFTP) ● RFC 791:
205053	L-ISA3000T-URL-5Y	security	license	non-hardware	supported_protocols	ebce9a0dbe4b1ace	Cisco Secure Firewall ISA3000 Data Sheet - Cisco	● IPv4 static routing ● Dynamic routing (Routing Information Protocol [RIP], Enh
199004	L-ISA3000T-URL-5Y	security	license	non-hardware	ieee_standards	ebce9a0dbe4b1ace	Cisco Secure Firewall ISA3000 Data Sheet - Cisco	● IEEE 802.1D MAC Bridges, Spanning Tree Protocol (STP) ● IEEE 802.1p Layer2 cla
205054	L-ISA3000-TA-1Y	security	license	non-hardware	supported_protocols	ebce9a0dbe4b1ace	Cisco Secure Firewall ISA3000 Data Sheet - Cisco	● IPv4 static routing ● Dynamic routing (Routing Information Protocol [RIP], Enh
199005	L-ISA3000-TA-1Y	security	license	non-hardware	ieee_standards	ebce9a0dbe4b1ace	Cisco Secure Firewall ISA3000 Data Sheet - Cisco	● IEEE 802.1D MAC Bridges, Spanning Tree Protocol (STP) ● IEEE 802.1p Layer2 cla
196394	L-ISA3000-TA-1Y	security	license	non-hardware	rfc_compliance	ebce9a0dbe4b1ace	Cisco Secure Firewall ISA3000 Data Sheet - Cisco	● RFC 768: User Datagram Protocol (UDP) ● RFC 783: Trivial FTP (TFTP) ● RFC 791:
205060	L-ISA3000-TM-3Y	security	license	non-hardware	supported_protocols	ebce9a0dbe4b1ace	Cisco Secure Firewall ISA3000 Data Sheet - Cisco	● IPv4 static routing ● Dynamic routing (Routing Information Protocol [RIP], Enh
199011	L-ISA3000-TM-3Y	security	license	non-hardware	ieee_standards	ebce9a0dbe4b1ace	Cisco Secure Firewall ISA3000 Data Sheet - Cisco	● IEEE 802.1D MAC Bridges, Spanning Tree Protocol (STP) ● IEEE 802.1p Layer2 cla
196400	L-ISA3000-TM-3Y	security	license	non-hardware	rfc_compliance	ebce9a0dbe4b1ace	Cisco Secure Firewall ISA3000 Data Sheet - Cisco	● RFC 768: User Datagram Protocol (UDP) ● RFC 783: Trivial FTP (TFTP) ● RFC 791:
146828	R-ISE-VML-K9=	security	license	non-hardware	ieee_standards	033c971dfd026e21	Cisco ISE Licensing Guide - Cisco	Posture ; Mobile Device Management (MDM) Compliance ; Threat-Centric Network Acc
205061	L-ISA3000-AMP-5Y	security	license	non-hardware	supported_protocols	ebce9a0dbe4b1ace	Cisco Secure Firewall ISA3000 Data Sheet - Cisco	● IPv4 static routing ● Dynamic routing (Routing Information Protocol [RIP], Enh
196401	L-ISA3000-AMP-5Y	security	license	non-hardware	rfc_compliance	ebce9a0dbe4b1ace	Cisco Secure Firewall ISA3000 Data Sheet - Cisco	● RFC 768: User Datagram Protocol (UDP) ● RFC 783: Trivial FTP (TFTP) ● RFC 791:
199012	L-ISA3000-AMP-5Y	security	license	non-hardware	ieee_standards	ebce9a0dbe4b1ace	Cisco Secure Firewall ISA3000 Data Sheet - Cisco	● IEEE 802.1D MAC Bridges, Spanning Tree Protocol (STP) ● IEEE 802.1p Layer2 cla
146829	R-ISE-VMM-K9=	security	license	non-hardware	ieee_standards	033c971dfd026e21	Cisco ISE Licensing Guide - Cisco	Posture ; Mobile Device Management (MDM) Compliance ; Threat-Centric Network Acc
205072	L-ISA3000T-AMP-5Y	security	license	non-hardware	supported_protocols	ebce9a0dbe4b1ace	Cisco Secure Firewall ISA3000 Data Sheet - Cisco	● IPv4 static routing ● Dynamic routing (Routing Information Protocol [RIP], Enh
199023	L-ISA3000T-AMP-5Y	security	license	non-hardware	ieee_standards	ebce9a0dbe4b1ace	Cisco Secure Firewall ISA3000 Data Sheet - Cisco	● IEEE 802.1D MAC Bridges, Spanning Tree Protocol (STP) ● IEEE 802.1p Layer2 cla
196412	L-ISA3000T-AMP-5Y	security	license	non-hardware	rfc_compliance	ebce9a0dbe4b1ace	Cisco Secure Firewall ISA3000 Data Sheet - Cisco	● RFC 768: User Datagram Protocol (UDP) ● RFC 783: Trivial FTP (TFTP) ● RFC 791:
142431	OC-12	interfaces-modules	non_product	non-hardware	qos_features	4265e08764f0cf42	Cisco 12000 Series ATM Line Cards - Cisco	• Traffic management · Constant bit rate (CBR) · Real-time variable bit rate (VB
205085	OC-12	interfaces-modules	non_product	non-hardware	supported_protocols	4265e08764f0cf42	Cisco 12000 Series ATM Line Cards - Cisco	• Classical IP over ATM; Client and Address Resolution Protocol (ARP) Server (RF
206097	OC-12	interfaces-modules	non_product	non-hardware	certifications	4265e08764f0cf42	Cisco 12000 Series ATM Line Cards - Cisco	This product is designed to meet the following requirements: • GR-1089-CORE EMC 
205080	L-ISA3000-URL-5Y	security	license	non-hardware	supported_protocols	ebce9a0dbe4b1ace	Cisco Secure Firewall ISA3000 Data Sheet - Cisco	● IPv4 static routing ● Dynamic routing (Routing Information Protocol [RIP], Enh
199031	L-ISA3000-URL-5Y	security	license	non-hardware	ieee_standards	ebce9a0dbe4b1ace	Cisco Secure Firewall ISA3000 Data Sheet - Cisco	● IEEE 802.1D MAC Bridges, Spanning Tree Protocol (STP) ● IEEE 802.1p Layer2 cla
196420	L-ISA3000-URL-5Y	security	license	non-hardware	rfc_compliance	ebce9a0dbe4b1ace	Cisco Secure Firewall ISA3000 Data Sheet - Cisco	● RFC 768: User Datagram Protocol (UDP) ● RFC 783: Trivial FTP (TFTP) ● RFC 791:
114251	R-XRV9000-601-RRVG	routers	software	non-hardware	segment_routing_features	cad9e5016e8f34c6	Cisco IOS XR Release 6.1.2 for Cisco ASR 9000 Series Routers Product Bulletin - Cisco	Auto-route Destination The auto-route destination feature allows you to automati
196413	L-ISA3000T-T-3Y	security	license	non-hardware	rfc_compliance	ebce9a0dbe4b1ace	Cisco Secure Firewall ISA3000 Data Sheet - Cisco	● RFC 768: User Datagram Protocol (UDP) ● RFC 783: Trivial FTP (TFTP) ● RFC 791:
205073	L-ISA3000T-T-3Y	security	license	non-hardware	supported_protocols	ebce9a0dbe4b1ace	Cisco Secure Firewall ISA3000 Data Sheet - Cisco	● IPv4 static routing ● Dynamic routing (Routing Information Protocol [RIP], Enh
199024	L-ISA3000T-T-3Y	security	license	non-hardware	ieee_standards	ebce9a0dbe4b1ace	Cisco Secure Firewall ISA3000 Data Sheet - Cisco	● IEEE 802.1D MAC Bridges, Spanning Tree Protocol (STP) ● IEEE 802.1p Layer2 cla
115536	S29UK9-15014M	routers	software	non-hardware	dram	e539825af78bd0b5	Cisco Integrated Services Routers Generation 2 Ordering Guide - Cisco	None available; Fixed 512MB DRAM only
115537	S29UK9-15014M	routers	software	non-hardware	flash	e539825af78bd0b5	Cisco Integrated Services Routers Generation 2 Ordering Guide - Cisco	None available; Fixed internal 256MB eUSB Flash only
205109	SL-1800-NE/PER-K9=	routers	license	non-hardware	supported_protocols	8e3a62fc89fc76f1	Cisco Catalyst IR1800 Rugged Series Routers Data Sheet - Cisco	● IPv6 addressing architecture ● IPv6 unicast and multicast forwarding ● IPv6 AC
196866	SL-1800-NE/PER-K9=	routers	license	non-hardware	ieee_standards	8e3a62fc89fc76f1	Cisco Catalyst IR1800 Rugged Series Routers Data Sheet - Cisco	● NMEA, RTCM 104
118000	SL-1800-NE/PER-K9=	routers	license	non-hardware	dram	8e3a62fc89fc76f1	Cisco Catalyst IR1800 Rugged Series Routers Data Sheet - Cisco	● 4 GB (IR1833) ● 8 GB (IR1835)
118001	SL-1800-NE/PER-K9=	routers	license	non-hardware	flash	8e3a62fc89fc76f1	Cisco Catalyst IR1800 Rugged Series Routers Data Sheet - Cisco	● 4 GB (IR1833) ● 8 GB (IR1835)
118002	SL-1800-NE/PER-K9=	routers	license	non-hardware	temp_operating	8e3a62fc89fc76f1	Cisco Catalyst IR1800 Rugged Series Routers Data Sheet - Cisco	● –40° to 140°F (–40° to 60°C) in a sealed NEMA cabinet with no airflow ● –40° t
182498	SL-1800-NE/PER-K9=	routers	license	non-hardware	mounting	8e3a62fc89fc76f1	Cisco Catalyst IR1800 Rugged Series Routers Data Sheet - Cisco	● DIN rail ● Panel mount
205112	SL-IR8140-NA-NPE	routers	license	non-hardware	supported_protocols	3f4ba2d43e77a0e4	Cisco Catalyst IR8100 Heavy Duty Series Router Data Sheet - Cisco	● IPv6 addressing architecture ● IPv6 unicast and multicast forwarding ● IPv6 AC
142839	SL-IR8140-NA-NPE	routers	license	non-hardware	qos_features	3f4ba2d43e77a0e4	Cisco Catalyst IR8100 Heavy Duty Series Router Data Sheet - Cisco	● Provides LTE QoS with support for up to 8 concurrent bearers on each cellular 
118259	SL-IR8140-NA-NPE	routers	license	non-hardware	dram	3f4ba2d43e77a0e4	Cisco Catalyst IR8100 Heavy Duty Series Router Data Sheet - Cisco	8 GB
118260	SL-IR8140-NA-NPE	routers	license	non-hardware	flash	3f4ba2d43e77a0e4	Cisco Catalyst IR8100 Heavy Duty Series Router Data Sheet - Cisco	8 GB (usable)
182505	SL-IR8140-NA-NPE	routers	license	non-hardware	mounting	3f4ba2d43e77a0e4	Cisco Catalyst IR8100 Heavy Duty Series Router Data Sheet - Cisco	Wall, pole mount
142843	SL-8100-NE/DEF-K9	routers	license	non-hardware	qos_features	3f4ba2d43e77a0e4	Cisco Catalyst IR8100 Heavy Duty Series Router Data Sheet - Cisco	● Provides LTE QoS with support for up to 8 concurrent bearers on each cellular 
118374	SL-8100-NE/DEF-K9	routers	license	non-hardware	dram	3f4ba2d43e77a0e4	Cisco Catalyst IR8100 Heavy Duty Series Router Data Sheet - Cisco	8 GB
118375	SL-8100-NE/DEF-K9	routers	license	non-hardware	flash	3f4ba2d43e77a0e4	Cisco Catalyst IR8100 Heavy Duty Series Router Data Sheet - Cisco	8 GB (usable)
182509	SL-8100-NE/DEF-K9	routers	license	non-hardware	mounting	3f4ba2d43e77a0e4	Cisco Catalyst IR8100 Heavy Duty Series Router Data Sheet - Cisco	Wall, pole mount
205119	SL-8100-NE/DEF-K9	routers	license	non-hardware	supported_protocols	3f4ba2d43e77a0e4	Cisco Catalyst IR8100 Heavy Duty Series Router Data Sheet - Cisco	● IPv6 addressing architecture ● IPv6 unicast and multicast forwarding ● IPv6 AC
205121	SL-IR8140-NE-NPE	routers	license	non-hardware	supported_protocols	3f4ba2d43e77a0e4	Cisco Catalyst IR8100 Heavy Duty Series Router Data Sheet - Cisco	● IPv6 addressing architecture ● IPv6 unicast and multicast forwarding ● IPv6 AC
142845	SL-IR8140-NE-NPE	routers	license	non-hardware	qos_features	3f4ba2d43e77a0e4	Cisco Catalyst IR8100 Heavy Duty Series Router Data Sheet - Cisco	● Provides LTE QoS with support for up to 8 concurrent bearers on each cellular 
118432	SL-IR8140-NE-NPE	routers	license	non-hardware	dram	3f4ba2d43e77a0e4	Cisco Catalyst IR8100 Heavy Duty Series Router Data Sheet - Cisco	8 GB
118433	SL-IR8140-NE-NPE	routers	license	non-hardware	flash	3f4ba2d43e77a0e4	Cisco Catalyst IR8100 Heavy Duty Series Router Data Sheet - Cisco	8 GB (usable)
182511	SL-IR8140-NE-NPE	routers	license	non-hardware	mounting	3f4ba2d43e77a0e4	Cisco Catalyst IR8100 Heavy Duty Series Router Data Sheet - Cisco	Wall, pole mount
99593	LIC-IE2000-IP-L=	switches	license	non-hardware	temp_storage	7be5a7c2ffcf5234	Cisco Industrial Ethernet 2000 Series Switches Data Sheet - Cisco	● -40 C to +85 C (storage temperature) ● IEC 60068-2-14 ● Storage altitude: Up t
99589	LIC-IE2000-IP-L=	switches	license	non-hardware	programming_interfaces	7be5a7c2ffcf5234	Cisco Industrial Ethernet 2000 Series Switches Data Sheet - Cisco	Cisco Network Plug-and-Play application
205122	SL-8100-NE/PERF-K9	routers	license	non-hardware	supported_protocols	3f4ba2d43e77a0e4	Cisco Catalyst IR8100 Heavy Duty Series Router Data Sheet - Cisco	● IPv6 addressing architecture ● IPv6 unicast and multicast forwarding ● IPv6 AC
142846	SL-8100-NE/PERF-K9	routers	license	non-hardware	qos_features	3f4ba2d43e77a0e4	Cisco Catalyst IR8100 Heavy Duty Series Router Data Sheet - Cisco	● Provides LTE QoS with support for up to 8 concurrent bearers on each cellular 
118448	SL-8100-NE/PERF-K9	routers	license	non-hardware	dram	3f4ba2d43e77a0e4	Cisco Catalyst IR8100 Heavy Duty Series Router Data Sheet - Cisco	8 GB
118449	SL-8100-NE/PERF-K9	routers	license	non-hardware	flash	3f4ba2d43e77a0e4	Cisco Catalyst IR8100 Heavy Duty Series Router Data Sheet - Cisco	8 GB (usable)
182512	SL-8100-NE/PERF-K9	routers	license	non-hardware	mounting	3f4ba2d43e77a0e4	Cisco Catalyst IR8100 Heavy Duty Series Router Data Sheet - Cisco	Wall, pole mount
205123	SL-IR8140-NA	routers	license	non-hardware	supported_protocols	3f4ba2d43e77a0e4	Cisco Catalyst IR8100 Heavy Duty Series Router Data Sheet - Cisco	● IPv6 addressing architecture ● IPv6 unicast and multicast forwarding ● IPv6 AC
142847	SL-IR8140-NA	routers	license	non-hardware	qos_features	3f4ba2d43e77a0e4	Cisco Catalyst IR8100 Heavy Duty Series Router Data Sheet - Cisco	● Provides LTE QoS with support for up to 8 concurrent bearers on each cellular 
118457	SL-IR8140-NA	routers	license	non-hardware	dram	3f4ba2d43e77a0e4	Cisco Catalyst IR8100 Heavy Duty Series Router Data Sheet - Cisco	8 GB
118458	SL-IR8140-NA	routers	license	non-hardware	flash	3f4ba2d43e77a0e4	Cisco Catalyst IR8100 Heavy Duty Series Router Data Sheet - Cisco	8 GB (usable)
182513	SL-IR8140-NA	routers	license	non-hardware	mounting	3f4ba2d43e77a0e4	Cisco Catalyst IR8100 Heavy Duty Series Router Data Sheet - Cisco	Wall, pole mount
157910	SW-CCM-UL-7921G=	collaboration-endpoints	software	non-hardware	temp_storage	e573c2b895e21bb2	Cisco Unified Wireless IP Phone 7921G - Cisco	–22 to 140°F (–30 to 60°C)
131606	SW-CCM-UL-7921G=	collaboration-endpoints	software	non-hardware	altitude_max	e573c2b895e21bb2	Cisco Unified Wireless IP Phone 7921G - Cisco	Certified for operation: 0 to 6,500 ft (0 to 2 km)
119113	SW-CCM-UL-7921G=	collaboration-endpoints	software	non-hardware	temp_operating	e573c2b895e21bb2	Cisco Unified Wireless IP Phone 7921G - Cisco	32 to 104°F (0 to 40°C)
119115	SW-CCM-UL-7921G=	collaboration-endpoints	software	non-hardware	humidity_operating	e573c2b895e21bb2	Cisco Unified Wireless IP Phone 7921G - Cisco	10 to 95% (noncondensing)
182969	SW-CCM-UL-7921G=	collaboration-endpoints	software	non-hardware	ui_languages	e573c2b895e21bb2	Cisco Unified Wireless IP Phone 7921G - Cisco	Bulgarian, Catalan, Chinese, Croatian, Czech, Danish, Dutch, English, Finnish, F
205126	SW-CCM-UL-7921G=	collaboration-endpoints	software	non-hardware	supported_protocols	e573c2b895e21bb2	Cisco Unified Wireless IP Phone 7921G - Cisco	● Cisco Discovery Protocol ● Transparent secure roaming ● Provisioning of networ
157913	SW-CCME-UL-7921G	collaboration-endpoints	software	non-hardware	temp_storage	e573c2b895e21bb2	Cisco Unified Wireless IP Phone 7921G - Cisco	–22 to 140°F (–30 to 60°C)
131607	SW-CCME-UL-7921G	collaboration-endpoints	software	non-hardware	altitude_max	e573c2b895e21bb2	Cisco Unified Wireless IP Phone 7921G - Cisco	Certified for operation: 0 to 6,500 ft (0 to 2 km)
119273	SW-CCME-UL-7921G	collaboration-endpoints	software	non-hardware	temp_operating	e573c2b895e21bb2	Cisco Unified Wireless IP Phone 7921G - Cisco	32 to 104°F (0 to 40°C)
119275	SW-CCME-UL-7921G	collaboration-endpoints	software	non-hardware	humidity_operating	e573c2b895e21bb2	Cisco Unified Wireless IP Phone 7921G - Cisco	10 to 95% (noncondensing)
182974	SW-CCME-UL-7921G	collaboration-endpoints	software	non-hardware	ui_languages	e573c2b895e21bb2	Cisco Unified Wireless IP Phone 7921G - Cisco	Bulgarian, Catalan, Chinese, Croatian, Czech, Danish, Dutch, English, Finnish, F
205129	SW-CCME-UL-7921G	collaboration-endpoints	software	non-hardware	supported_protocols	e573c2b895e21bb2	Cisco Unified Wireless IP Phone 7921G - Cisco	● Cisco Discovery Protocol ● Transparent secure roaming ● Provisioning of networ
98661	L-C3650-48-L-S	switches	license	non-hardware	temp_storage	9b8d61bd4600b0da	Cisco Catalyst 3650 Series Switches Data Sheet - Cisco	-40 to 158°F (-40 to 70°C)
98663	L-C3650-48-L-S	switches	license	non-hardware	temp_operating	9b8d61bd4600b0da	Cisco Catalyst 3650 Series Switches Data Sheet - Cisco	23 to 113°F (-5 to 45°C)
205995	L-C3650-48-L-S	switches	license	non-hardware	certifications	9b8d61bd4600b0da	Cisco Catalyst 3650 Series Switches Data Sheet - Cisco	UL 60950-1 Second Edition CAN/CSA-C22.2 No. 60950-1 Second Edition EN 60950-1 Se
98677	L-C3650-RTU=	switches	license	non-hardware	temp_storage	9b8d61bd4600b0da	Cisco Catalyst 3650 Series Switches Data Sheet - Cisco	-40 to 158°F (-40 to 70°C)
98679	L-C3650-RTU=	switches	license	non-hardware	temp_operating	9b8d61bd4600b0da	Cisco Catalyst 3650 Series Switches Data Sheet - Cisco	23 to 113°F (-5 to 45°C)
205998	L-C3650-RTU=	switches	license	non-hardware	certifications	9b8d61bd4600b0da	Cisco Catalyst 3650 Series Switches Data Sheet - Cisco	UL 60950-1 Second Edition CAN/CSA-C22.2 No. 60950-1 Second Edition EN 60950-1 Se
99076	L-LIC-CTIOS-1A	switches	license	non-hardware	temp_operating	9b8d61bd4600b0da	Cisco Catalyst 3650 Series Switches Data Sheet - Cisco	23 to 113°F (-5 to 45°C)
99074	L-LIC-CTIOS-1A	switches	license	non-hardware	temp_storage	9b8d61bd4600b0da	Cisco Catalyst 3650 Series Switches Data Sheet - Cisco	-40 to 158°F (-40 to 70°C)
99099	L-LIC-CT3650-UPG	switches	license	non-hardware	temp_storage	9b8d61bd4600b0da	Cisco Catalyst 3650 Series Switches Data Sheet - Cisco	-40 to 158°F (-40 to 70°C)
99101	L-LIC-CT3650-UPG	switches	license	non-hardware	temp_operating	9b8d61bd4600b0da	Cisco Catalyst 3650 Series Switches Data Sheet - Cisco	23 to 113°F (-5 to 45°C)
206013	L-LIC-CT3650-UPG	switches	license	non-hardware	certifications	9b8d61bd4600b0da	Cisco Catalyst 3650 Series Switches Data Sheet - Cisco	UL 60950-1 Second Edition CAN/CSA-C22.2 No. 60950-1 Second Edition EN 60950-1 Se
141059	C9200L-24-E-A-7	switches	license	non-hardware	humidity_storage	de692de8d2c8f641	Cisco Catalyst 9200 Series Switches Data Sheet - Cisco	5% to 90% noncondensing
79441	C9200L-24-E-A-7	switches	license	non-hardware	temp_operating	de692de8d2c8f641	Cisco Catalyst 9200 Series Switches Data Sheet - Cisco	Normal operating temperature * and altitudes: ● -5°C to +45°C, up to 5000 feet (
79442	C9200L-24-E-A-7	switches	license	non-hardware	temp_storage	de692de8d2c8f641	Cisco Catalyst 9200 Series Switches Data Sheet - Cisco	-40° to 158°F (-40° to 70°C)
158401	C9200L-24-E-A-7	switches	license	non-hardware	altitude_max	de692de8d2c8f641	Cisco Catalyst 9200 Series Switches Data Sheet - Cisco	10,000 ft. (3000 meters), up to 45°C
147045	C9200L-24-E-A-7	switches	license	non-hardware	ieee_standards	de692de8d2c8f641	Cisco Catalyst 9200 Series Switches Data Sheet - Cisco	EEE 802.1s ; RMON I and II standards ; IEEE 802.1w ; SNMPv1, v2c, and v3 ; IEEE 
147046	C9200L-24-E-A-7	switches	license	non-hardware	certifications	de692de8d2c8f641	Cisco Catalyst 9200 Series Switches Data Sheet - Cisco	● 47 CFR Part 15 ● CISPR 32 Class A ● CNS 13438 ● EN 300 386 * ● EN 55032 Class 
98828	L-FP3900-TAM-3Y	routers	license	non-hardware	dram	e539825af78bd0b5	Cisco Integrated Services Routers Generation 2 Ordering Guide - Cisco	None available; Fixed 512MB DRAM only
98829	L-FP3900-TAM-3Y	routers	license	non-hardware	flash	e539825af78bd0b5	Cisco Integrated Services Routers Generation 2 Ordering Guide - Cisco	None available; Fixed internal 256MB eUSB Flash only
140636	ADN2-100G-SIA-5	ios-nx-os-software	license	(no axis)	humidity_storage	2362772905997ea1	Cisco Network Convergence System 5700 Series: NCS-57C1 Fixed Chassis Data Sheet - Cisco	5% to 95% at 40C per NEBS GR-63-Core
73375	ADN2-100G-SIA-5	ios-nx-os-software	license	(no axis)	humidity_operating	2362772905997ea1	Cisco Network Convergence System 5700 Series: NCS-57C1 Fixed Chassis Data Sheet - Cisco	Normal: 5% RH to 85% RH Short term: 5% to 95% RH Should not exceed 0.026 kg wate
73378	ADN2-100G-SIA-5	ios-nx-os-software	license	(no axis)	emc_emissions	07ac5acc909a3e58	Cisco Network Convergence System 5500 Series Modular Chassis - Cisco	● 47CFR Part 15 (CFR 47) Class A ● AS/NZS CISPR22 Class A ● CISPR22 Class A ● EN
73379	ADN2-100G-SIA-5	ios-nx-os-software	license	(no axis)	segment_routing_features	2362772905997ea1	Cisco Network Convergence System 5700 Series: NCS-57C1 Fixed Chassis Data Sheet - Cisco	● Segment routing–based transport ● ISIS extensions to segment routing ● OSPF ex
73374	ADN2-100G-SIA-5	ios-nx-os-software	license	(no axis)	programming_interfaces	2362772905997ea1	Cisco Network Convergence System 5700 Series: NCS-57C1 Fixed Chassis Data Sheet - Cisco	● Zero-Touch Provisioning (ZTP), iPXE ● Configuration management ● Network Confi
130418	ADN2-100G-SIA-5	ios-nx-os-software	license	(no axis)	altitude_max	2362772905997ea1	Cisco Network Convergence System 5700 Series: NCS-57C1 Fixed Chassis Data Sheet - Cisco	0 to 9842 ft (0 to 3000 m)
152386	XR-NC55-P-07.01	routers	software	non-hardware	emc_immunity	163e8998487b6873	Cisco Network Convergence System 5500 Series: 55A2 Chassis Data Sheet - Cisco	EN55024 CISPR24 EN300386 KN35 TCVN 7317 ; EN55024 CISPR24 EN300386 KN35 TCVN 731
143105	XR-NC55-P-07.01	routers	software	non-hardware	qos_features	163e8998487b6873	Cisco Network Convergence System 5500 Series: 55A2 Chassis Data Sheet - Cisco	Hierarchical QoS Ingress classification based on Class of Service (L2), IP diffe
143106	XR-NC55-P-07.01	routers	software	non-hardware	humidity_storage	163e8998487b6873	Cisco Network Convergence System 5500 Series: 55A2 Chassis Data Sheet - Cisco	5% to 95% at 40C per NEBS GR-63-Core
205204	XR-NC55-P-07.01	routers	software	non-hardware	supported_protocols	163e8998487b6873	Cisco Network Convergence System 5500 Series: 55A2 Chassis Data Sheet - Cisco	Layer 2 switch ports IEEE 802.1Q VLAN encapsulation/Q-in-Q encapsulation IEEE 80
152383	XR-NC55-P-07.01	routers	software	non-hardware	programming_interfaces	163e8998487b6873	Cisco Network Convergence System 5500 Series: 55A2 Chassis Data Sheet - Cisco	Zero-Touch Provisioning (ZTP), iPXE Configuration management Network Configurati
152384	XR-NC55-P-07.01	routers	software	non-hardware	temp_operating	163e8998487b6873	Cisco Network Convergence System 5500 Series: 55A2 Chassis Data Sheet - Cisco	Industrial Temperature –40C to +70C (1000 feet), +65C (6000 feet), +55C (13,000 
152387	XR-NC55-P-07.01	routers	software	non-hardware	emc_emissions	07ac5acc909a3e58	Cisco Network Convergence System 5500 Series Modular Chassis - Cisco	● 47CFR Part 15 (CFR 47) Class A ● AS/NZS CISPR22 Class A ● CISPR22 Class A ● EN
131548	XR-NC55-P-07.01	routers	software	non-hardware	altitude_max	163e8998487b6873	Cisco Network Convergence System 5500 Series: 55A2 Chassis Data Sheet - Cisco	0 to 13,000 ft
128694	XR-NC55-P-07.01	routers	software	non-hardware	dram	163e8998487b6873	Cisco Network Convergence System 5500 Series: 55A2 Chassis Data Sheet - Cisco	32GB
128697	XR-NC55-P-07.01	routers	software	non-hardware	humidity_operating	163e8998487b6873	Cisco Network Convergence System 5500 Series: 55A2 Chassis Data Sheet - Cisco	5% to 95% (noncondensing)
128701	XR-NC55-P-07.01	routers	software	non-hardware	segment_routing_features	163e8998487b6873	Cisco Network Convergence System 5500 Series: 55A2 Chassis Data Sheet - Cisco	Segment routing–based transport ISIS extensions to segment routing OSPF extensio
207462	XR-NC55-P-07.01	routers	software	non-hardware	certifications	163e8998487b6873	Cisco Network Convergence System 5500 Series: 55A2 Chassis Data Sheet - Cisco	GR-63-CORE GR-1089-CORE ; 47CFR Part 15 (CFR 47) Class A CISPR32 Class A EN55032
116031	SC-SVC-WVPN-11-K9=	interfaces-modules	software	non-hardware	supported_protocols	0466bccd9caaa412	WebVPN Services Module for Catalyst 6500 Series Switches & 7600 Series Routers - Cisco	SSL 3.0 and 3.1; TLS 1.0
197445	LIC-CT2504-1A	wireless	license	non-hardware	supported_protocols	b1af204fcb361dd1	Cisco 2500 Series Wireless Controllers Data Sheet - Cisco	● IEEE 802.1X ● RFC 2548 Microsoft Vendor-Specific RADIUS Attributes ● RFC 2716 
99554	LIC-CT2504-1A	wireless	license	non-hardware	programming_interfaces	b1af204fcb361dd1	Cisco 2500 Series Wireless Controllers Data Sheet - Cisco	● Designed for use with Cisco Wireless Control System ● Web-based: HTTP/HTTPS in
99555	LIC-CT2504-1A	wireless	license	non-hardware	encryption	b1af204fcb361dd1	Cisco 2500 Series Wireless Controllers Data Sheet - Cisco	● WEP and Temporal Key Integrity Protocol-Message Integrity Check (TKIP-MIC): RC
99306	L-RFGW1-SWLIC=	video	license	non-hardware	temp_operating	211f9513a8451065	Cisco RF Gateway 1 - Cisco	32 to 122°F (0 to 50°C)
157813	L-RFGW1-SWLIC=	video	license	non-hardware	temp_storage	211f9513a8451065	Cisco RF Gateway 1 - Cisco	–30 to 158°F (–22 to 70°C)
99305	L-RFGW1-SWLIC=	video	license	non-hardware	supported_protocols	211f9513a8451065	Cisco RF Gateway 1 - Cisco	HTTP, SNMP, FTP, RPC
99307	L-RFGW1-SWLIC=	video	license	non-hardware	humidity_operating	211f9513a8451065	Cisco RF Gateway 1 - Cisco	5% to 95%, non-condensing
196847	LIC-CT5508-LPE-K9	wireless	license	non-hardware	ieee_standards	130a86e38467d870	Cisco 5500 Series Wireless Controllers Data Sheet - Cisco	IEEE 802.11a, 802.11b, 802.11g, 802.11d, WMM/802.11e, 802.11h, 802.11k, 802.11n,
99611	LIC-CT5508-LPE-K9	wireless	license	non-hardware	programming_interfaces	130a86e38467d870	Cisco 5500 Series Wireless Controllers Data Sheet - Cisco	● Web-based: HTTP/HTTPS ● Command-line interface: Telnet, Secure Shell (SSH) Pro
99612	LIC-CT5508-LPE-K9	wireless	license	non-hardware	encryption	130a86e38467d870	Cisco 5500 Series Wireless Controllers Data Sheet - Cisco	● WEP and TKIP-MIC: RC4 40, 104 and 128 bits (both static and shared keys) ● AES
197451	LIC-CT5508-LPE-K9	wireless	license	non-hardware	supported_protocols	130a86e38467d870	Cisco 5500 Series Wireless Controllers Data Sheet - Cisco	● IEEE 802.1X ● RFC 2548 Microsoft Vendor-Specific RADIUS Attributes ● RFC 2716 
144489	M91VXK9-P-3Y	storage-networking	license	non-hardware	diagnostics	b1c4eb1b17106929	MDS 9124V 64-Gbps 24-Port Fibre Channel Switch Data Sheet - Cisco	● Power-On-Self-Test (POST) diagnostics ● Online Health Management System (OHMS)
144490	M91VXK9-P-3Y	storage-networking	license	non-hardware	programming_interfaces	b1c4eb1b17106929	MDS 9124V 64-Gbps 24-Port Fibre Channel Switch Data Sheet - Cisco	● Scriptable CLI ● Cisco DCNM/NDFC web services API ● NX-API HTTP/HTTPS interfac
144491	M91VXK9-P-3Y	storage-networking	license	non-hardware	certifications	b1c4eb1b17106929	MDS 9124V 64-Gbps 24-Port Fibre Channel Switch Data Sheet - Cisco	● Safety compliance ● CE Marking ● UL 60950 ● CAN/CSA-C22.2 No. 60950 ● EN 60950
144492	M91VXK9-P-3Y	storage-networking	license	non-hardware	fabric_services	b1c4eb1b17106929	MDS 9124V 64-Gbps 24-Port Fibre Channel Switch Data Sheet - Cisco	● Name server ● Registered State Change Notification (RSCN) ● Login services ● F
99797	M91VXK9-P-3Y	storage-networking	license	non-hardware	temp_operating	b1c4eb1b17106929	MDS 9124V 64-Gbps 24-Port Fibre Channel Switch Data Sheet - Cisco	● Temperature, ambient operating: ◦ 32 to 104°F (0 to 40°C) with port-side exhau
144488	M91VXK9-P-3Y	storage-networking	license	non-hardware	supported_protocols	b1c4eb1b17106929	MDS 9124V 64-Gbps 24-Port Fibre Channel Switch Data Sheet - Cisco	● Fibre Channel standards ● FC-PI-6 (INCITS 512-2015) ● FC-PI-7 (INCITS 543-2019
150474	M97FIC1K9=	storage-networking	license	non-hardware	fabric_services	52e4eaf997c5a20b	Cisco MDS 9700 Series Supervisor 1E Data Sheet - Cisco	● Name server ● Registered State Change Notification (RSCN) ● Login services ● F
150475	M97FIC1K9=	storage-networking	license	non-hardware	diagnostics	52e4eaf997c5a20b	Cisco MDS 9700 Series Supervisor 1E Data Sheet - Cisco	● POST diagnostics ● Online diagnostics ● Internal port loopbacks ● SPAN and RSP
150473	M97FIC1K9=	storage-networking	license	non-hardware	supported_protocols	52e4eaf997c5a20b	Cisco MDS 9700 Series Supervisor 1E Data Sheet - Cisco	● Fibre Channel standards ● FC-PH, Revision 4.3 (ANSI INCITS 230-1994) ● FC-PH, 
150476	M97FIC1K9=	storage-networking	license	non-hardware	certifications	52e4eaf997c5a20b	Cisco MDS 9700 Series Supervisor 1E Data Sheet - Cisco	● Safety compliance ◦ CE Marking ◦ UL 60950 ◦ CAN/CSA-C22.2 No. 60950 ◦ EN 60950
100950	M97XK9-P-5Y	storage-networking	license	non-hardware	fabric_services	61bd6bf87846eebe	Cisco MDS 9706 Multilayer Director Data Sheet - Cisco	● Name server ● Registered State Change Notification (RSCN) ● Login services ● F
98848	L-FP3900-TAMC-3Y	routers	license	non-hardware	dram	e539825af78bd0b5	Cisco Integrated Services Routers Generation 2 Ordering Guide - Cisco	None available; Fixed 512MB DRAM only
98849	L-FP3900-TAMC-3Y	routers	license	non-hardware	flash	e539825af78bd0b5	Cisco Integrated Services Routers Generation 2 Ordering Guide - Cisco	None available; Fixed internal 256MB eUSB Flash only
145982	M95EXTSSNK9	storage-networking	license	non-hardware	fabric_services	21031fae4600573e	Cisco MDS 9509 Multilayer Director Data Sheet - Cisco	● Name server ● Registered State Change Notification (RSCN) ● Login services ● F
145984	M95EXTSSNK9	storage-networking	license	non-hardware	programming_interfaces	21031fae4600573e	Cisco MDS 9509 Multilayer Director Data Sheet - Cisco	● Scriptable CLI ● Data Center Network Manager web services API ● Device Manager
145981	M95EXTSSNK9	storage-networking	license	non-hardware	supported_protocols	21031fae4600573e	Cisco MDS 9509 Multilayer Director Data Sheet - Cisco	● Fibre Channel standards ◦ FC-PH, Revision 4.3 (ANSI INCITS 230-1994) ◦ FC-PH, 
145983	M95EXTSSNK9	storage-networking	license	non-hardware	diagnostics	21031fae4600573e	Cisco MDS 9509 Multilayer Director Data Sheet - Cisco	● Power-on-self-test (POST) diagnostics ● Online diagnostics ● Internal port loo
145985	M95EXTSSNK9	storage-networking	license	non-hardware	certifications	21031fae4600573e	Cisco MDS 9509 Multilayer Director Data Sheet - Cisco	● Safety compliance ◦ CE Marking ◦ UL 60950 ◦ CAN/CSA-C22.2 No. 60950 ◦ EN 60950
145016	M9500ENT1K9=	storage-networking	license	non-hardware	diagnostics	21031fae4600573e	Cisco MDS 9509 Multilayer Director Data Sheet - Cisco	● Power-on-self-test (POST) diagnostics ● Online diagnostics ● Internal port loo
145018	M9500ENT1K9=	storage-networking	license	non-hardware	certifications	21031fae4600573e	Cisco MDS 9509 Multilayer Director Data Sheet - Cisco	● Safety compliance ◦ CE Marking ◦ UL 60950 ◦ CAN/CSA-C22.2 No. 60950 ◦ EN 60950
145015	M9500ENT1K9=	storage-networking	license	non-hardware	fabric_services	21031fae4600573e	Cisco MDS 9509 Multilayer Director Data Sheet - Cisco	● Name server ● Registered State Change Notification (RSCN) ● Login services ● F
145017	M9500ENT1K9=	storage-networking	license	non-hardware	programming_interfaces	21031fae4600573e	Cisco MDS 9509 Multilayer Director Data Sheet - Cisco	● Scriptable CLI ● Data Center Network Manager web services API ● Device Manager
145014	M9500ENT1K9=	storage-networking	license	non-hardware	supported_protocols	21031fae4600573e	Cisco MDS 9509 Multilayer Director Data Sheet - Cisco	● Fibre Channel standards ◦ FC-PH, Revision 4.3 (ANSI INCITS 230-1994) ◦ FC-PH, 
145980	M95DMM184TSK9=	storage-networking	license	non-hardware	certifications	21031fae4600573e	Cisco MDS 9509 Multilayer Director Data Sheet - Cisco	● Safety compliance ◦ CE Marking ◦ UL 60950 ◦ CAN/CSA-C22.2 No. 60950 ◦ EN 60950
145979	M95DMM184TSK9=	storage-networking	license	non-hardware	programming_interfaces	21031fae4600573e	Cisco MDS 9509 Multilayer Director Data Sheet - Cisco	● Scriptable CLI ● Data Center Network Manager web services API ● Device Manager
145977	M95DMM184TSK9=	storage-networking	license	non-hardware	fabric_services	21031fae4600573e	Cisco MDS 9509 Multilayer Director Data Sheet - Cisco	● Name server ● Registered State Change Notification (RSCN) ● Login services ● F
145978	M95DMM184TSK9=	storage-networking	license	non-hardware	diagnostics	21031fae4600573e	Cisco MDS 9509 Multilayer Director Data Sheet - Cisco	● Power-on-self-test (POST) diagnostics ● Online diagnostics ● Internal port loo
145976	M95DMM184TSK9=	storage-networking	license	non-hardware	supported_protocols	21031fae4600573e	Cisco MDS 9509 Multilayer Director Data Sheet - Cisco	● Fibre Channel standards ◦ FC-PH, Revision 4.3 (ANSI INCITS 230-1994) ◦ FC-PH, 
113638	QSFP-200-CUxM	transceiver	non_product	non-hardware	temp_storage	2e6f3ad86d6f7c1e	Cisco 200G QSFP56 Cables and Transceiver Modules Data Sheet - Cisco	-40 to 85°C
145040	M9500FIC1K9=	storage-networking	license	non-hardware	supported_protocols	21031fae4600573e	Cisco MDS 9509 Multilayer Director Data Sheet - Cisco	● Fibre Channel standards ◦ FC-PH, Revision 4.3 (ANSI INCITS 230-1994) ◦ FC-PH, 
145041	M9500FIC1K9=	storage-networking	license	non-hardware	fabric_services	21031fae4600573e	Cisco MDS 9509 Multilayer Director Data Sheet - Cisco	● Name server ● Registered State Change Notification (RSCN) ● Login services ● F
145043	M9500FIC1K9=	storage-networking	license	non-hardware	programming_interfaces	21031fae4600573e	Cisco MDS 9509 Multilayer Director Data Sheet - Cisco	● Scriptable CLI ● Data Center Network Manager web services API ● Device Manager
145042	M9500FIC1K9=	storage-networking	license	non-hardware	diagnostics	21031fae4600573e	Cisco MDS 9509 Multilayer Director Data Sheet - Cisco	● Power-on-self-test (POST) diagnostics ● Online diagnostics ● Internal port loo
145044	M9500FIC1K9=	storage-networking	license	non-hardware	certifications	21031fae4600573e	Cisco MDS 9509 Multilayer Director Data Sheet - Cisco	● Safety compliance ◦ CE Marking ◦ UL 60950 ◦ CAN/CSA-C22.2 No. 60950 ◦ EN 60950
196845	LIC-CT8500-UPG	wireless	license	non-hardware	ieee_standards	68b62e5c1a803d3c	Cisco 8500 Series Wireless Controllers Data Sheet - Cisco	IEEE 802.11a, 802.11b, 802.11g, 802.11d, WMM/802.11e, 802.11h, 802.11n , 802.11k
197447	LIC-CT8500-UPG	wireless	license	non-hardware	supported_protocols	68b62e5c1a803d3c	Cisco 8500 Series Wireless Controllers Data Sheet - Cisco	● IEEE 802.1X ● RFC 2548 Microsoft Vendor-Specific RADIUS Attributes ● RFC 2716 
99573	LIC-CT8500-UPG	wireless	license	non-hardware	programming_interfaces	68b62e5c1a803d3c	Cisco 8500 Series Wireless Controllers Data Sheet - Cisco	● Web-based: HTTP/HTTPS ● Command-line interface: Telnet, Secure Shell (SSH) Pro
99574	LIC-CT8500-UPG	wireless	license	non-hardware	encryption	68b62e5c1a803d3c	Cisco 8500 Series Wireless Controllers Data Sheet - Cisco	● Wired Equivalent Privacy (WEP) and Temporal Key Integrity Protocol-Message Int
197962	M9200EXT12K9	interfaces-modules	license	non-hardware	supported_protocols	1b98b1a44bc94014	Cisco MDS 9000 Family Multiprotocol Services Module - Cisco	• Fibre Channel standards · FC-PH, Revision 4.3 (ANSI/INCITS 230-1994) · FC-PH, 
152568	M9200EXT12K9	interfaces-modules	license	non-hardware	fabric_services	1b98b1a44bc94014	Cisco MDS 9000 Family Multiprotocol Services Module - Cisco	• Name server · Internet Storage Name Server (iSNS) · Registered State Change No
152569	M9200EXT12K9	interfaces-modules	license	non-hardware	programming_interfaces	1b98b1a44bc94014	Cisco MDS 9000 Family Multiprotocol Services Module - Cisco	• Scriptable CLI • Fabric Manager GUI • Device Manager GUI
207471	M9200EXT12K9	interfaces-modules	license	non-hardware	certifications	1b98b1a44bc94014	Cisco MDS 9000 Family Multiprotocol Services Module - Cisco	• Safety compliance · CE Marking · UL 60950 · CAN/CSA-C22.2 No. 60950 · EN 60950
144461	M91VXK9-A-3Y-OSM	storage-networking	license	non-hardware	certifications	b1c4eb1b17106929	MDS 9124V 64-Gbps 24-Port Fibre Channel Switch Data Sheet - Cisco	● Safety compliance ● CE Marking ● UL 60950 ● CAN/CSA-C22.2 No. 60950 ● EN 60950
144458	M91VXK9-A-3Y-OSM	storage-networking	license	non-hardware	supported_protocols	b1c4eb1b17106929	MDS 9124V 64-Gbps 24-Port Fibre Channel Switch Data Sheet - Cisco	● Fibre Channel standards ● FC-PI-6 (INCITS 512-2015) ● FC-PI-7 (INCITS 543-2019
144459	M91VXK9-A-3Y-OSM	storage-networking	license	non-hardware	diagnostics	b1c4eb1b17106929	MDS 9124V 64-Gbps 24-Port Fibre Channel Switch Data Sheet - Cisco	● Power-On-Self-Test (POST) diagnostics ● Online Health Management System (OHMS)
144460	M91VXK9-A-3Y-OSM	storage-networking	license	non-hardware	programming_interfaces	b1c4eb1b17106929	MDS 9124V 64-Gbps 24-Port Fibre Channel Switch Data Sheet - Cisco	● Scriptable CLI ● Cisco DCNM/NDFC web services API ● NX-API HTTP/HTTPS interfac
144462	M91VXK9-A-3Y-OSM	storage-networking	license	non-hardware	fabric_services	b1c4eb1b17106929	MDS 9124V 64-Gbps 24-Port Fibre Channel Switch Data Sheet - Cisco	● Name server ● Registered State Change Notification (RSCN) ● Login services ● F
100042	M91VXK9-A-3Y-OSM	storage-networking	license	non-hardware	temp_operating	b1c4eb1b17106929	MDS 9124V 64-Gbps 24-Port Fibre Channel Switch Data Sheet - Cisco	● Temperature, ambient operating: ◦ 32 to 104°F (0 to 40°C) with port-side exhau
100989	M97XK9-P-3Y	storage-networking	license	non-hardware	fabric_services	61bd6bf87846eebe	Cisco MDS 9706 Multilayer Director Data Sheet - Cisco	● Name server ● Registered State Change Notification (RSCN) ● Login services ● F
149328	UCS-FI-6664-SW	interfaces-modules	license	non-hardware	emc_emissions	92921346140836b8	Cisco UCS 6600 Series Fabric Interconnects Data Sheet - Cisco	● 47CFR Part 15 (CFR 47) Class A ● AS/NZS CISPR22 Class A ● CISPR22 Class A ● EN
149329	UCS-FI-6664-SW	interfaces-modules	license	non-hardware	emc_immunity	92921346140836b8	Cisco UCS 6600 Series Fabric Interconnects Data Sheet - Cisco	● EN55024 ● CISPR24 ● EN300386 ● KN 61000-4 series
151939	M9220I-UPGK9-SL=	storage-networking	license	non-hardware	supported_protocols	cdd5c57512d3c672	Cisco MDS 9220i Multiservice Fabric Switch Data Sheet - Cisco	● Fibre Channel standards ◦ FC-PH, Revision 4.3 (ANSI INCITS 230-1994) ◦ FC-PH, 
151940	M9220I-UPGK9-SL=	storage-networking	license	non-hardware	fabric_services	cdd5c57512d3c672	Cisco MDS 9220i Multiservice Fabric Switch Data Sheet - Cisco	● Name server ● Registered State Change Notification (RSCN) ● Login services ● F
151941	M9220I-UPGK9-SL=	storage-networking	license	non-hardware	diagnostics	cdd5c57512d3c672	Cisco MDS 9220i Multiservice Fabric Switch Data Sheet - Cisco	● POST diagnostics ● Cisco Online Health Management System (OHMS) ● Internal por
151942	M9220I-UPGK9-SL=	storage-networking	license	non-hardware	programming_interfaces	cdd5c57512d3c672	Cisco MDS 9220i Multiservice Fabric Switch Data Sheet - Cisco	● Scriptable CLI ● NX-API ● Cisco DCNM web services API ● On-board Python interp
151943	M9220I-UPGK9-SL=	storage-networking	license	non-hardware	certifications	cdd5c57512d3c672	Cisco MDS 9220i Multiservice Fabric Switch Data Sheet - Cisco	● Safety compliance ● CE Marking ● UL 60950 ● CAN/CSA-C22.2 No. 60950 ● EN 60950
151933	M9220I-UPGK9	storage-networking	license	non-hardware	supported_protocols	cdd5c57512d3c672	Cisco MDS 9220i Multiservice Fabric Switch Data Sheet - Cisco	● Fibre Channel standards ◦ FC-PH, Revision 4.3 (ANSI INCITS 230-1994) ◦ FC-PH, 
151934	M9220I-UPGK9	storage-networking	license	non-hardware	fabric_services	cdd5c57512d3c672	Cisco MDS 9220i Multiservice Fabric Switch Data Sheet - Cisco	● Name server ● Registered State Change Notification (RSCN) ● Login services ● F
151935	M9220I-UPGK9	storage-networking	license	non-hardware	diagnostics	cdd5c57512d3c672	Cisco MDS 9220i Multiservice Fabric Switch Data Sheet - Cisco	● POST diagnostics ● Cisco Online Health Management System (OHMS) ● Internal por
151936	M9220I-UPGK9	storage-networking	license	non-hardware	programming_interfaces	cdd5c57512d3c672	Cisco MDS 9220i Multiservice Fabric Switch Data Sheet - Cisco	● Scriptable CLI ● NX-API ● Cisco DCNM web services API ● On-board Python interp
151937	M9220I-UPGK9	storage-networking	license	non-hardware	certifications	cdd5c57512d3c672	Cisco MDS 9220i Multiservice Fabric Switch Data Sheet - Cisco	● Safety compliance ● CE Marking ● UL 60950 ● CAN/CSA-C22.2 No. 60950 ● EN 60950
205571	C3560CX2-DNAC1P=	switches	license	non-hardware	certifications	9bc7de771f909454	Cisco Catalyst 3560-CX and 2960-CX Series Compact Switches Data Sheet - Cisco	● UL 60950-1 ● CAN/CSA 22.2 No. 60950-1 ● EN 60950-1 ● IEC 60950-1 ● CE Marking 
205573	C3560CX-DNA-P-12=	switches	license	non-hardware	certifications	9bc7de771f909454	Cisco Catalyst 3560-CX and 2960-CX Series Compact Switches Data Sheet - Cisco	● UL 60950-1 ● CAN/CSA 22.2 No. 60950-1 ● EN 60950-1 ● IEC 60950-1 ● CE Marking 
205574	C3560CX-DNA-E-8=	switches	license	non-hardware	certifications	9bc7de771f909454	Cisco Catalyst 3560-CX and 2960-CX Series Compact Switches Data Sheet - Cisco	● UL 60950-1 ● CAN/CSA 22.2 No. 60950-1 ● EN 60950-1 ● IEC 60950-1 ● CE Marking 
205576	C3560CX-RTU=	switches	license	non-hardware	certifications	9bc7de771f909454	Cisco Catalyst 3560-CX and 2960-CX Series Compact Switches Data Sheet - Cisco	● UL 60950-1 ● CAN/CSA 22.2 No. 60950-1 ● EN 60950-1 ● IEC 60950-1 ● CE Marking 
205579	C3560CX-DNA-A-12=	switches	license	non-hardware	certifications	9bc7de771f909454	Cisco Catalyst 3560-CX and 2960-CX Series Compact Switches Data Sheet - Cisco	● UL 60950-1 ● CAN/CSA 22.2 No. 60950-1 ● EN 60950-1 ● IEC 60950-1 ● CE Marking 
76815	C3650-RTU=	switches	license	non-hardware	temp_storage	9b8d61bd4600b0da	Cisco Catalyst 3650 Series Switches Data Sheet - Cisco	-40 to 158°F (-40 to 70°C)
76817	C3650-RTU=	switches	license	non-hardware	temp_operating	9b8d61bd4600b0da	Cisco Catalyst 3650 Series Switches Data Sheet - Cisco	23 to 113°F (-5 to 45°C)
205577	C3650-RTU=	switches	license	non-hardware	certifications	9b8d61bd4600b0da	Cisco Catalyst 3650 Series Switches Data Sheet - Cisco	UL 60950-1 Second Edition CAN/CSA-C22.2 No. 60950-1 Second Edition EN 60950-1 Se
205580	C3560CX-DNA-E-12=	switches	license	non-hardware	certifications	9bc7de771f909454	Cisco Catalyst 3560-CX and 2960-CX Series Compact Switches Data Sheet - Cisco	● UL 60950-1 ● CAN/CSA 22.2 No. 60950-1 ● EN 60950-1 ● IEC 60950-1 ● CE Marking 
205581	C3560CX2-DNAC1E=	switches	license	non-hardware	certifications	9bc7de771f909454	Cisco Catalyst 3560-CX and 2960-CX Series Compact Switches Data Sheet - Cisco	● UL 60950-1 ● CAN/CSA 22.2 No. 60950-1 ● EN 60950-1 ● IEC 60950-1 ● CE Marking 
140938	C9200-DNA-A-24	switches	license	non-hardware	humidity_storage	de692de8d2c8f641	Cisco Catalyst 9200 Series Switches Data Sheet - Cisco	5% to 90% noncondensing
78655	C9200-DNA-A-24	switches	license	non-hardware	temp_operating	de692de8d2c8f641	Cisco Catalyst 9200 Series Switches Data Sheet - Cisco	Normal operating temperature * and altitudes: ● -5°C to +45°C, up to 5000 feet (
78656	C9200-DNA-A-24	switches	license	non-hardware	temp_storage	de692de8d2c8f641	Cisco Catalyst 9200 Series Switches Data Sheet - Cisco	-40° to 158°F (-40° to 70°C)
205662	C9200-DNA-A-24	switches	license	non-hardware	certifications	de692de8d2c8f641	Cisco Catalyst 9200 Series Switches Data Sheet - Cisco	● 47 CFR Part 15 ● CISPR 32 Class A ● CNS 13438 ● EN 300 386 * ● EN 55032 Class 
140941	C9200-DNA-A-24-7Y	switches	license	non-hardware	humidity_storage	de692de8d2c8f641	Cisco Catalyst 9200 Series Switches Data Sheet - Cisco	5% to 90% noncondensing
78704	C9200-DNA-A-24-7Y	switches	license	non-hardware	temp_operating	de692de8d2c8f641	Cisco Catalyst 9200 Series Switches Data Sheet - Cisco	Normal operating temperature * and altitudes: ● -5°C to +45°C, up to 5000 feet (
78705	C9200-DNA-A-24-7Y	switches	license	non-hardware	temp_storage	de692de8d2c8f641	Cisco Catalyst 9200 Series Switches Data Sheet - Cisco	-40° to 158°F (-40° to 70°C)
205663	C9200-DNA-A-24-7Y	switches	license	non-hardware	certifications	de692de8d2c8f641	Cisco Catalyst 9200 Series Switches Data Sheet - Cisco	● 47 CFR Part 15 ● CISPR 32 Class A ● CNS 13438 ● EN 300 386 * ● EN 55032 Class 
140947	C9200L-DNA-E-48-3Y	switches	license	non-hardware	humidity_storage	de692de8d2c8f641	Cisco Catalyst 9200 Series Switches Data Sheet - Cisco	5% to 90% noncondensing
78760	C9200L-DNA-E-48-3Y	switches	license	non-hardware	temp_operating	de692de8d2c8f641	Cisco Catalyst 9200 Series Switches Data Sheet - Cisco	Normal operating temperature * and altitudes: ● -5°C to +45°C, up to 5000 feet (
78761	C9200L-DNA-E-48-3Y	switches	license	non-hardware	temp_storage	de692de8d2c8f641	Cisco Catalyst 9200 Series Switches Data Sheet - Cisco	-40° to 158°F (-40° to 70°C)
205666	C9200L-DNA-E-48-3Y	switches	license	non-hardware	certifications	de692de8d2c8f641	Cisco Catalyst 9200 Series Switches Data Sheet - Cisco	● 47 CFR Part 15 ● CISPR 32 Class A ● CNS 13438 ● EN 300 386 * ● EN 55032 Class 
140948	C9200L-DNX-A-24-7Y	switches	license	non-hardware	humidity_storage	de692de8d2c8f641	Cisco Catalyst 9200 Series Switches Data Sheet - Cisco	5% to 90% noncondensing
78766	C9200L-DNX-A-24-7Y	switches	license	non-hardware	temp_operating	de692de8d2c8f641	Cisco Catalyst 9200 Series Switches Data Sheet - Cisco	Normal operating temperature * and altitudes: ● -5°C to +45°C, up to 5000 feet (
78767	C9200L-DNX-A-24-7Y	switches	license	non-hardware	temp_storage	de692de8d2c8f641	Cisco Catalyst 9200 Series Switches Data Sheet - Cisco	-40° to 158°F (-40° to 70°C)
205667	C9200L-DNX-A-24-7Y	switches	license	non-hardware	certifications	de692de8d2c8f641	Cisco Catalyst 9200 Series Switches Data Sheet - Cisco	● 47 CFR Part 15 ● CISPR 32 Class A ● CNS 13438 ● EN 300 386 * ● EN 55032 Class 
140949	C9200L-DNX-E-24-3Y	switches	license	non-hardware	humidity_storage	de692de8d2c8f641	Cisco Catalyst 9200 Series Switches Data Sheet - Cisco	5% to 90% noncondensing
78772	C9200L-DNX-E-24-3Y	switches	license	non-hardware	temp_operating	de692de8d2c8f641	Cisco Catalyst 9200 Series Switches Data Sheet - Cisco	Normal operating temperature * and altitudes: ● -5°C to +45°C, up to 5000 feet (
78773	C9200L-DNX-E-24-3Y	switches	license	non-hardware	temp_storage	de692de8d2c8f641	Cisco Catalyst 9200 Series Switches Data Sheet - Cisco	-40° to 158°F (-40° to 70°C)
205668	C9200L-DNX-E-24-3Y	switches	license	non-hardware	certifications	de692de8d2c8f641	Cisco Catalyst 9200 Series Switches Data Sheet - Cisco	● 47 CFR Part 15 ● CISPR 32 Class A ● CNS 13438 ● EN 300 386 * ● EN 55032 Class 
140960	C9200-DNA-A-48-7Y	switches	license	non-hardware	humidity_storage	de692de8d2c8f641	Cisco Catalyst 9200 Series Switches Data Sheet - Cisco	5% to 90% noncondensing
78841	C9200-DNA-A-48-7Y	switches	license	non-hardware	temp_operating	de692de8d2c8f641	Cisco Catalyst 9200 Series Switches Data Sheet - Cisco	Normal operating temperature * and altitudes: ● -5°C to +45°C, up to 5000 feet (
78842	C9200-DNA-A-48-7Y	switches	license	non-hardware	temp_storage	de692de8d2c8f641	Cisco Catalyst 9200 Series Switches Data Sheet - Cisco	-40° to 158°F (-40° to 70°C)
205671	C9200-DNA-A-48-7Y	switches	license	non-hardware	certifications	de692de8d2c8f641	Cisco Catalyst 9200 Series Switches Data Sheet - Cisco	● 47 CFR Part 15 ● CISPR 32 Class A ● CNS 13438 ● EN 300 386 * ● EN 55032 Class 
140974	C9200-DNA-E-24-5Y	switches	license	non-hardware	humidity_storage	de692de8d2c8f641	Cisco Catalyst 9200 Series Switches Data Sheet - Cisco	5% to 90% noncondensing
78934	C9200-DNA-E-24-5Y	switches	license	non-hardware	temp_operating	de692de8d2c8f641	Cisco Catalyst 9200 Series Switches Data Sheet - Cisco	Normal operating temperature * and altitudes: ● -5°C to +45°C, up to 5000 feet (
78935	C9200-DNA-E-24-5Y	switches	license	non-hardware	temp_storage	de692de8d2c8f641	Cisco Catalyst 9200 Series Switches Data Sheet - Cisco	-40° to 158°F (-40° to 70°C)
205676	C9200-DNA-E-24-5Y	switches	license	non-hardware	certifications	de692de8d2c8f641	Cisco Catalyst 9200 Series Switches Data Sheet - Cisco	● 47 CFR Part 15 ● CISPR 32 Class A ● CNS 13438 ● EN 300 386 * ● EN 55032 Class 
140975	C9200-DNX-E-24-5Y	switches	license	non-hardware	humidity_storage	de692de8d2c8f641	Cisco Catalyst 9200 Series Switches Data Sheet - Cisco	5% to 90% noncondensing
78940	C9200-DNX-E-24-5Y	switches	license	non-hardware	temp_operating	de692de8d2c8f641	Cisco Catalyst 9200 Series Switches Data Sheet - Cisco	Normal operating temperature * and altitudes: ● -5°C to +45°C, up to 5000 feet (
78941	C9200-DNX-E-24-5Y	switches	license	non-hardware	temp_storage	de692de8d2c8f641	Cisco Catalyst 9200 Series Switches Data Sheet - Cisco	-40° to 158°F (-40° to 70°C)
205677	C9200-DNX-E-24-5Y	switches	license	non-hardware	certifications	de692de8d2c8f641	Cisco Catalyst 9200 Series Switches Data Sheet - Cisco	● 47 CFR Part 15 ● CISPR 32 Class A ● CNS 13438 ● EN 300 386 * ● EN 55032 Class 
140978	C9200L-DNA-A-48-3Y	switches	license	non-hardware	humidity_storage	de692de8d2c8f641	Cisco Catalyst 9200 Series Switches Data Sheet - Cisco	5% to 90% noncondensing
78958	C9200L-DNA-A-48-3Y	switches	license	non-hardware	temp_operating	de692de8d2c8f641	Cisco Catalyst 9200 Series Switches Data Sheet - Cisco	Normal operating temperature * and altitudes: ● -5°C to +45°C, up to 5000 feet (
78959	C9200L-DNA-A-48-3Y	switches	license	non-hardware	temp_storage	de692de8d2c8f641	Cisco Catalyst 9200 Series Switches Data Sheet - Cisco	-40° to 158°F (-40° to 70°C)
205679	C9200L-DNA-A-48-3Y	switches	license	non-hardware	certifications	de692de8d2c8f641	Cisco Catalyst 9200 Series Switches Data Sheet - Cisco	● 47 CFR Part 15 ● CISPR 32 Class A ● CNS 13438 ● EN 300 386 * ● EN 55032 Class 
140979	C9200L-DNA-A-48-5Y	switches	license	non-hardware	humidity_storage	de692de8d2c8f641	Cisco Catalyst 9200 Series Switches Data Sheet - Cisco	5% to 90% noncondensing
78964	C9200L-DNA-A-48-5Y	switches	license	non-hardware	temp_operating	de692de8d2c8f641	Cisco Catalyst 9200 Series Switches Data Sheet - Cisco	Normal operating temperature * and altitudes: ● -5°C to +45°C, up to 5000 feet (
78965	C9200L-DNA-A-48-5Y	switches	license	non-hardware	temp_storage	de692de8d2c8f641	Cisco Catalyst 9200 Series Switches Data Sheet - Cisco	-40° to 158°F (-40° to 70°C)
205680	C9200L-DNA-A-48-5Y	switches	license	non-hardware	certifications	de692de8d2c8f641	Cisco Catalyst 9200 Series Switches Data Sheet - Cisco	● 47 CFR Part 15 ● CISPR 32 Class A ● CNS 13438 ● EN 300 386 * ● EN 55032 Class 
140993	C9200CX-DNAE-8-3Y	switches	license	non-hardware	humidity_storage	de692de8d2c8f641	Cisco Catalyst 9200 Series Switches Data Sheet - Cisco	5% to 90% noncondensing
79049	C9200CX-DNAE-8-3Y	switches	license	non-hardware	temp_operating	de692de8d2c8f641	Cisco Catalyst 9200 Series Switches Data Sheet - Cisco	Normal operating temperature * and altitudes: ● -5°C to +45°C, up to 5000 feet (
79050	C9200CX-DNAE-8-3Y	switches	license	non-hardware	temp_storage	de692de8d2c8f641	Cisco Catalyst 9200 Series Switches Data Sheet - Cisco	-40° to 158°F (-40° to 70°C)
205688	C9200CX-DNAE-8-3Y	switches	license	non-hardware	certifications	de692de8d2c8f641	Cisco Catalyst 9200 Series Switches Data Sheet - Cisco	● 47 CFR Part 15 ● CISPR 32 Class A ● CNS 13438 ● EN 300 386 * ● EN 55032 Class 
141005	C9200CX-DNAA-8-3Y	switches	license	non-hardware	humidity_storage	de692de8d2c8f641	Cisco Catalyst 9200 Series Switches Data Sheet - Cisco	5% to 90% noncondensing
79122	C9200CX-DNAA-8-3Y	switches	license	non-hardware	temp_operating	de692de8d2c8f641	Cisco Catalyst 9200 Series Switches Data Sheet - Cisco	Normal operating temperature * and altitudes: ● -5°C to +45°C, up to 5000 feet (
79123	C9200CX-DNAA-8-3Y	switches	license	non-hardware	temp_storage	de692de8d2c8f641	Cisco Catalyst 9200 Series Switches Data Sheet - Cisco	-40° to 158°F (-40° to 70°C)
205693	C9200CX-DNAA-8-3Y	switches	license	non-hardware	certifications	de692de8d2c8f641	Cisco Catalyst 9200 Series Switches Data Sheet - Cisco	● 47 CFR Part 15 ● CISPR 32 Class A ● CNS 13438 ● EN 300 386 * ● EN 55032 Class 
141015	C9200-DNX-A-24-7Y	switches	license	non-hardware	humidity_storage	de692de8d2c8f641	Cisco Catalyst 9200 Series Switches Data Sheet - Cisco	5% to 90% noncondensing
79179	C9200-DNX-A-24-7Y	switches	license	non-hardware	temp_operating	de692de8d2c8f641	Cisco Catalyst 9200 Series Switches Data Sheet - Cisco	Normal operating temperature * and altitudes: ● -5°C to +45°C, up to 5000 feet (
79180	C9200-DNX-A-24-7Y	switches	license	non-hardware	temp_storage	de692de8d2c8f641	Cisco Catalyst 9200 Series Switches Data Sheet - Cisco	-40° to 158°F (-40° to 70°C)
205698	C9200-DNX-A-24-7Y	switches	license	non-hardware	certifications	de692de8d2c8f641	Cisco Catalyst 9200 Series Switches Data Sheet - Cisco	● 47 CFR Part 15 ● CISPR 32 Class A ● CNS 13438 ● EN 300 386 * ● EN 55032 Class 
141018	C9200CX-DNAE-8-7Y	switches	license	non-hardware	humidity_storage	de692de8d2c8f641	Cisco Catalyst 9200 Series Switches Data Sheet - Cisco	5% to 90% noncondensing
79197	C9200CX-DNAE-8-7Y	switches	license	non-hardware	temp_operating	de692de8d2c8f641	Cisco Catalyst 9200 Series Switches Data Sheet - Cisco	Normal operating temperature * and altitudes: ● -5°C to +45°C, up to 5000 feet (
79198	C9200CX-DNAE-8-7Y	switches	license	non-hardware	temp_storage	de692de8d2c8f641	Cisco Catalyst 9200 Series Switches Data Sheet - Cisco	-40° to 158°F (-40° to 70°C)
205701	C9200CX-DNAE-8-7Y	switches	license	non-hardware	certifications	de692de8d2c8f641	Cisco Catalyst 9200 Series Switches Data Sheet - Cisco	● 47 CFR Part 15 ● CISPR 32 Class A ● CNS 13438 ● EN 300 386 * ● EN 55032 Class 
141028	C9200-DNX-E-48-7Y	switches	license	non-hardware	humidity_storage	de692de8d2c8f641	Cisco Catalyst 9200 Series Switches Data Sheet - Cisco	5% to 90% noncondensing
79256	C9200-DNX-E-48-7Y	switches	license	non-hardware	temp_operating	de692de8d2c8f641	Cisco Catalyst 9200 Series Switches Data Sheet - Cisco	Normal operating temperature * and altitudes: ● -5°C to +45°C, up to 5000 feet (
79257	C9200-DNX-E-48-7Y	switches	license	non-hardware	temp_storage	de692de8d2c8f641	Cisco Catalyst 9200 Series Switches Data Sheet - Cisco	-40° to 158°F (-40° to 70°C)
205705	C9200-DNX-E-48-7Y	switches	license	non-hardware	certifications	de692de8d2c8f641	Cisco Catalyst 9200 Series Switches Data Sheet - Cisco	● 47 CFR Part 15 ● CISPR 32 Class A ● CNS 13438 ● EN 300 386 * ● EN 55032 Class 
141033	C9200L-DNA-A-48-7Y	switches	license	non-hardware	humidity_storage	de692de8d2c8f641	Cisco Catalyst 9200 Series Switches Data Sheet - Cisco	5% to 90% noncondensing
79286	C9200L-DNA-A-48-7Y	switches	license	non-hardware	temp_operating	de692de8d2c8f641	Cisco Catalyst 9200 Series Switches Data Sheet - Cisco	Normal operating temperature * and altitudes: ● -5°C to +45°C, up to 5000 feet (
79287	C9200L-DNA-A-48-7Y	switches	license	non-hardware	temp_storage	de692de8d2c8f641	Cisco Catalyst 9200 Series Switches Data Sheet - Cisco	-40° to 158°F (-40° to 70°C)
205708	C9200L-DNA-A-48-7Y	switches	license	non-hardware	certifications	de692de8d2c8f641	Cisco Catalyst 9200 Series Switches Data Sheet - Cisco	● 47 CFR Part 15 ● CISPR 32 Class A ● CNS 13438 ● EN 300 386 * ● EN 55032 Class 
141040	C9200-DNX-A-24-3Y	switches	license	non-hardware	humidity_storage	de692de8d2c8f641	Cisco Catalyst 9200 Series Switches Data Sheet - Cisco	5% to 90% noncondensing
79326	C9200-DNX-A-24-3Y	switches	license	non-hardware	temp_operating	de692de8d2c8f641	Cisco Catalyst 9200 Series Switches Data Sheet - Cisco	Normal operating temperature * and altitudes: ● -5°C to +45°C, up to 5000 feet (
79327	C9200-DNX-A-24-3Y	switches	license	non-hardware	temp_storage	de692de8d2c8f641	Cisco Catalyst 9200 Series Switches Data Sheet - Cisco	-40° to 158°F (-40° to 70°C)
205713	C9200-DNX-A-24-3Y	switches	license	non-hardware	certifications	de692de8d2c8f641	Cisco Catalyst 9200 Series Switches Data Sheet - Cisco	● 47 CFR Part 15 ● CISPR 32 Class A ● CNS 13438 ● EN 300 386 * ● EN 55032 Class 
141046	C9200L-DNX-E-24-7Y	switches	license	non-hardware	humidity_storage	de692de8d2c8f641	Cisco Catalyst 9200 Series Switches Data Sheet - Cisco	5% to 90% noncondensing
79362	C9200L-DNX-E-24-7Y	switches	license	non-hardware	temp_operating	de692de8d2c8f641	Cisco Catalyst 9200 Series Switches Data Sheet - Cisco	Normal operating temperature * and altitudes: ● -5°C to +45°C, up to 5000 feet (
79363	C9200L-DNX-E-24-7Y	switches	license	non-hardware	temp_storage	de692de8d2c8f641	Cisco Catalyst 9200 Series Switches Data Sheet - Cisco	-40° to 158°F (-40° to 70°C)
205717	C9200L-DNX-E-24-7Y	switches	license	non-hardware	certifications	de692de8d2c8f641	Cisco Catalyst 9200 Series Switches Data Sheet - Cisco	● 47 CFR Part 15 ● CISPR 32 Class A ● CNS 13438 ● EN 300 386 * ● EN 55032 Class 
141060	C9200L-DNA-A-24	switches	license	non-hardware	humidity_storage	de692de8d2c8f641	Cisco Catalyst 9200 Series Switches Data Sheet - Cisco	5% to 90% noncondensing
79447	C9200L-DNA-A-24	switches	license	non-hardware	temp_operating	de692de8d2c8f641	Cisco Catalyst 9200 Series Switches Data Sheet - Cisco	Normal operating temperature * and altitudes: ● -5°C to +45°C, up to 5000 feet (
79448	C9200L-DNA-A-24	switches	license	non-hardware	temp_storage	de692de8d2c8f641	Cisco Catalyst 9200 Series Switches Data Sheet - Cisco	-40° to 158°F (-40° to 70°C)
205720	C9200L-DNA-A-24	switches	license	non-hardware	certifications	de692de8d2c8f641	Cisco Catalyst 9200 Series Switches Data Sheet - Cisco	● 47 CFR Part 15 ● CISPR 32 Class A ● CNS 13438 ● EN 300 386 * ● EN 55032 Class 
141061	C9200L-DNX-E-48-5Y	switches	license	non-hardware	humidity_storage	de692de8d2c8f641	Cisco Catalyst 9200 Series Switches Data Sheet - Cisco	5% to 90% noncondensing
79453	C9200L-DNX-E-48-5Y	switches	license	non-hardware	temp_operating	de692de8d2c8f641	Cisco Catalyst 9200 Series Switches Data Sheet - Cisco	Normal operating temperature * and altitudes: ● -5°C to +45°C, up to 5000 feet (
79454	C9200L-DNX-E-48-5Y	switches	license	non-hardware	temp_storage	de692de8d2c8f641	Cisco Catalyst 9200 Series Switches Data Sheet - Cisco	-40° to 158°F (-40° to 70°C)
205721	C9200L-DNX-E-48-5Y	switches	license	non-hardware	certifications	de692de8d2c8f641	Cisco Catalyst 9200 Series Switches Data Sheet - Cisco	● 47 CFR Part 15 ● CISPR 32 Class A ● CNS 13438 ● EN 300 386 * ● EN 55032 Class 
141065	C9200L-DNA-A-24-5Y	switches	license	non-hardware	humidity_storage	de692de8d2c8f641	Cisco Catalyst 9200 Series Switches Data Sheet - Cisco	5% to 90% noncondensing
79478	C9200L-DNA-A-24-5Y	switches	license	non-hardware	temp_operating	de692de8d2c8f641	Cisco Catalyst 9200 Series Switches Data Sheet - Cisco	Normal operating temperature * and altitudes: ● -5°C to +45°C, up to 5000 feet (
79479	C9200L-DNA-A-24-5Y	switches	license	non-hardware	temp_storage	de692de8d2c8f641	Cisco Catalyst 9200 Series Switches Data Sheet - Cisco	-40° to 158°F (-40° to 70°C)
205723	C9200L-DNA-A-24-5Y	switches	license	non-hardware	certifications	de692de8d2c8f641	Cisco Catalyst 9200 Series Switches Data Sheet - Cisco	● 47 CFR Part 15 ● CISPR 32 Class A ● CNS 13438 ● EN 300 386 * ● EN 55032 Class 
141067	C9200L-DNX-A-48-5Y	switches	license	non-hardware	humidity_storage	de692de8d2c8f641	Cisco Catalyst 9200 Series Switches Data Sheet - Cisco	5% to 90% noncondensing
79490	C9200L-DNX-A-48-5Y	switches	license	non-hardware	temp_operating	de692de8d2c8f641	Cisco Catalyst 9200 Series Switches Data Sheet - Cisco	Normal operating temperature * and altitudes: ● -5°C to +45°C, up to 5000 feet (
79491	C9200L-DNX-A-48-5Y	switches	license	non-hardware	temp_storage	de692de8d2c8f641	Cisco Catalyst 9200 Series Switches Data Sheet - Cisco	-40° to 158°F (-40° to 70°C)
205725	C9200L-DNX-A-48-5Y	switches	license	non-hardware	certifications	de692de8d2c8f641	Cisco Catalyst 9200 Series Switches Data Sheet - Cisco	● 47 CFR Part 15 ● CISPR 32 Class A ● CNS 13438 ● EN 300 386 * ● EN 55032 Class 
141074	C9200CX-DNAA-12-7Y	switches	license	non-hardware	humidity_storage	de692de8d2c8f641	Cisco Catalyst 9200 Series Switches Data Sheet - Cisco	5% to 90% noncondensing
79539	C9200CX-DNAA-12-7Y	switches	license	non-hardware	temp_storage	de692de8d2c8f641	Cisco Catalyst 9200 Series Switches Data Sheet - Cisco	-40° to 158°F (-40° to 70°C)
79538	C9200CX-DNAA-12-7Y	switches	license	non-hardware	temp_operating	de692de8d2c8f641	Cisco Catalyst 9200 Series Switches Data Sheet - Cisco	Normal operating temperature * and altitudes: ● -5°C to +45°C, up to 5000 feet (
205729	C9200CX-DNAA-12-7Y	switches	license	non-hardware	certifications	de692de8d2c8f641	Cisco Catalyst 9200 Series Switches Data Sheet - Cisco	● 47 CFR Part 15 ● CISPR 32 Class A ● CNS 13438 ● EN 300 386 * ● EN 55032 Class 
141094	C9200L-DNA-A-24-7Y	switches	license	non-hardware	humidity_storage	de692de8d2c8f641	Cisco Catalyst 9200 Series Switches Data Sheet - Cisco	5% to 90% noncondensing
79661	C9200L-DNA-A-24-7Y	switches	license	non-hardware	temp_operating	de692de8d2c8f641	Cisco Catalyst 9200 Series Switches Data Sheet - Cisco	Normal operating temperature * and altitudes: ● -5°C to +45°C, up to 5000 feet (
79662	C9200L-DNA-A-24-7Y	switches	license	non-hardware	temp_storage	de692de8d2c8f641	Cisco Catalyst 9200 Series Switches Data Sheet - Cisco	-40° to 158°F (-40° to 70°C)
205736	C9200L-DNA-A-24-7Y	switches	license	non-hardware	certifications	de692de8d2c8f641	Cisco Catalyst 9200 Series Switches Data Sheet - Cisco	● 47 CFR Part 15 ● CISPR 32 Class A ● CNS 13438 ● EN 300 386 * ● EN 55032 Class 
141121	C9200CX-DNAE-12-7Y	switches	license	non-hardware	humidity_storage	de692de8d2c8f641	Cisco Catalyst 9200 Series Switches Data Sheet - Cisco	5% to 90% noncondensing
79845	C9200CX-DNAE-12-7Y	switches	license	non-hardware	temp_operating	de692de8d2c8f641	Cisco Catalyst 9200 Series Switches Data Sheet - Cisco	Normal operating temperature * and altitudes: ● -5°C to +45°C, up to 5000 feet (
79846	C9200CX-DNAE-12-7Y	switches	license	non-hardware	temp_storage	de692de8d2c8f641	Cisco Catalyst 9200 Series Switches Data Sheet - Cisco	-40° to 158°F (-40° to 70°C)
205744	C9200CX-DNAE-12-7Y	switches	license	non-hardware	certifications	de692de8d2c8f641	Cisco Catalyst 9200 Series Switches Data Sheet - Cisco	● 47 CFR Part 15 ● CISPR 32 Class A ● CNS 13438 ● EN 300 386 * ● EN 55032 Class 
141131	C9200-DNA-E-48-3Y	switches	license	non-hardware	humidity_storage	de692de8d2c8f641	Cisco Catalyst 9200 Series Switches Data Sheet - Cisco	5% to 90% noncondensing
79907	C9200-DNA-E-48-3Y	switches	license	non-hardware	temp_operating	de692de8d2c8f641	Cisco Catalyst 9200 Series Switches Data Sheet - Cisco	Normal operating temperature * and altitudes: ● -5°C to +45°C, up to 5000 feet (
79908	C9200-DNA-E-48-3Y	switches	license	non-hardware	temp_storage	de692de8d2c8f641	Cisco Catalyst 9200 Series Switches Data Sheet - Cisco	-40° to 158°F (-40° to 70°C)
205749	C9200-DNA-E-48-3Y	switches	license	non-hardware	certifications	de692de8d2c8f641	Cisco Catalyst 9200 Series Switches Data Sheet - Cisco	● 47 CFR Part 15 ● CISPR 32 Class A ● CNS 13438 ● EN 300 386 * ● EN 55032 Class 
141133	C9200CX-DNAA-8-7Y	switches	license	non-hardware	humidity_storage	de692de8d2c8f641	Cisco Catalyst 9200 Series Switches Data Sheet - Cisco	5% to 90% noncondensing
79919	C9200CX-DNAA-8-7Y	switches	license	non-hardware	temp_operating	de692de8d2c8f641	Cisco Catalyst 9200 Series Switches Data Sheet - Cisco	Normal operating temperature * and altitudes: ● -5°C to +45°C, up to 5000 feet (
79920	C9200CX-DNAA-8-7Y	switches	license	non-hardware	temp_storage	de692de8d2c8f641	Cisco Catalyst 9200 Series Switches Data Sheet - Cisco	-40° to 158°F (-40° to 70°C)
205751	C9200CX-DNAA-8-7Y	switches	license	non-hardware	certifications	de692de8d2c8f641	Cisco Catalyst 9200 Series Switches Data Sheet - Cisco	● 47 CFR Part 15 ● CISPR 32 Class A ● CNS 13438 ● EN 300 386 * ● EN 55032 Class 
141146	C9200-DNA-E-24	switches	license	non-hardware	humidity_storage	de692de8d2c8f641	Cisco Catalyst 9200 Series Switches Data Sheet - Cisco	5% to 90% noncondensing
79994	C9200-DNA-E-24	switches	license	non-hardware	temp_operating	de692de8d2c8f641	Cisco Catalyst 9200 Series Switches Data Sheet - Cisco	Normal operating temperature * and altitudes: ● -5°C to +45°C, up to 5000 feet (
79995	C9200-DNA-E-24	switches	license	non-hardware	temp_storage	de692de8d2c8f641	Cisco Catalyst 9200 Series Switches Data Sheet - Cisco	-40° to 158°F (-40° to 70°C)
205755	C9200-DNA-E-24	switches	license	non-hardware	certifications	de692de8d2c8f641	Cisco Catalyst 9200 Series Switches Data Sheet - Cisco	● 47 CFR Part 15 ● CISPR 32 Class A ● CNS 13438 ● EN 300 386 * ● EN 55032 Class 
130780	E-NCS1K4-LIC-SEA=	optical-networking	license	non-hardware	temp_storage	8fa767ab35358fe9	Cisco Network Convergence System 1004 C-Band 1.2T Transponder Line Card Data Sheet - Cisco	-40 ́̕ °C to 85°C (-40°F to 185°F)
91072	E-NCS1K4-LIC-SEA=	optical-networking	license	non-hardware	regions_supported	8fa767ab35358fe9	Cisco Network Convergence System 1004 C-Band 1.2T Transponder Line Card Data Sheet - Cisco	● European Union ● Africa ● CSI ● Australia ● New Zealand ● China ● Korea ● Indi
91073	E-NCS1K4-LIC-SEA=	optical-networking	license	non-hardware	humidity_operating	8fa767ab35358fe9	Cisco Network Convergence System 1004 C-Band 1.2T Transponder Line Card Data Sheet - Cisco	5% to 85%, noncondensing 5% to 90% but not to exceed 0.024 kg water/kg of dry ai
91074	E-NCS1K4-LIC-SEA=	optical-networking	license	non-hardware	laser_safety_class	8fa767ab35358fe9	Cisco Network Convergence System 1004 C-Band 1.2T Transponder Line Card Data Sheet - Cisco	1
205923	E-NCS1K4-LIC-SEA=	optical-networking	license	non-hardware	certifications	8fa767ab35358fe9	Cisco Network Convergence System 1004 C-Band 1.2T Transponder Line Card Data Sheet - Cisco	● IEC 60950-1 Information technology equipment Safety Part 1: General requiremen
88413	DN4-HW-APL-L-LIC	cloud-systems-management	license	(no axis)	emc_immunity	aebf428024d574ba	Cisco Catalyst Center (Formerly Cisco DNA Center) DN4 Appliance Ordering Guide - Cisco	EN55035 EN55024 CISPR24/35 EN300386 KS C 9835 IEC/EN61000-6-1
141542	IE3400H-DNA-E-5Y	switches	license	non-hardware	qos_features	08a17028631b331a	Cisco Catalyst IE3400 Heavy Duty Series Data Sheet - Cisco	Ingress policing, rate limit, egress queuing/shaping, auto QoS
96330	IE3400H-DNA-E-5Y	switches	license	non-hardware	programming_interfaces	08a17028631b331a	Cisco Catalyst IE3400 Heavy Duty Series Data Sheet - Cisco	YANG, NETCONF, RESTCONF
96331	IE3400H-DNA-E-5Y	switches	license	non-hardware	emc_emissions	08a17028631b331a	Cisco Catalyst IE3400 Heavy Duty Series Data Sheet - Cisco	Emissions (Class A): FCC 47 CFR Part 15 subpart B ICES-003 EN 55011 EN 55032/ CI
96332	IE3400H-DNA-E-5Y	switches	license	non-hardware	temp_operating	08a17028631b331a	Cisco Catalyst IE3400 Heavy Duty Series Data Sheet - Cisco	-40°C to +75°C (-40F to 167F) (with airflow) with 200 LFM airflow -40°C to +70°C
96333	IE3400H-DNA-E-5Y	switches	license	non-hardware	temp_storage	08a17028631b331a	Cisco Catalyst IE3400 Heavy Duty Series Data Sheet - Cisco	-40°C to +85°C (-40F to 185F) IEC 60068-2-14 Altitude: Up to 13,800 feet (4,200 
96337	IE3400H-DNA-E-5Y	switches	license	non-hardware	shock	08a17028631b331a	Cisco Catalyst IE3400 Heavy Duty Series Data Sheet - Cisco	IEC 60068-2-6 Vibration: IEC 60068-2-6, IEC 255 21.1 Class 1 Vibration Test IEC 
205964	IE3400H-DNA-E-5Y	switches	license	non-hardware	certifications	08a17028631b331a	Cisco Catalyst IE3400 Heavy Duty Series Data Sheet - Cisco	EN 61000-6-1 Immunity standards for light industrial ENV EN 61000-6-2 Immunity s
141583	IE3400H-DNA-E-7Y	switches	license	non-hardware	qos_features	08a17028631b331a	Cisco Catalyst IE3400 Heavy Duty Series Data Sheet - Cisco	Ingress policing, rate limit, egress queuing/shaping, auto QoS
96714	IE3400H-DNA-E-7Y	switches	license	non-hardware	programming_interfaces	08a17028631b331a	Cisco Catalyst IE3400 Heavy Duty Series Data Sheet - Cisco	YANG, NETCONF, RESTCONF
96715	IE3400H-DNA-E-7Y	switches	license	non-hardware	emc_emissions	08a17028631b331a	Cisco Catalyst IE3400 Heavy Duty Series Data Sheet - Cisco	Emissions (Class A): FCC 47 CFR Part 15 subpart B ICES-003 EN 55011 EN 55032/ CI
96716	IE3400H-DNA-E-7Y	switches	license	non-hardware	temp_operating	08a17028631b331a	Cisco Catalyst IE3400 Heavy Duty Series Data Sheet - Cisco	-40°C to +75°C (-40F to 167F) (with airflow) with 200 LFM airflow -40°C to +70°C
96717	IE3400H-DNA-E-7Y	switches	license	non-hardware	temp_storage	08a17028631b331a	Cisco Catalyst IE3400 Heavy Duty Series Data Sheet - Cisco	-40°C to +85°C (-40F to 185F) IEC 60068-2-14 Altitude: Up to 13,800 feet (4,200 
96721	IE3400H-DNA-E-7Y	switches	license	non-hardware	shock	08a17028631b331a	Cisco Catalyst IE3400 Heavy Duty Series Data Sheet - Cisco	IEC 60068-2-6 Vibration: IEC 60068-2-6, IEC 255 21.1 Class 1 Vibration Test IEC 
205967	IE3400H-DNA-E-7Y	switches	license	non-hardware	certifications	08a17028631b331a	Cisco Catalyst IE3400 Heavy Duty Series Data Sheet - Cisco	EN 61000-6-1 Immunity standards for light industrial ENV EN 61000-6-2 Immunity s
96812	IE3000-DNA-E-L-5Y	switches	license	non-hardware	humidity_operating	f290019c77b19140	Cisco Industrial Ethernet 3000 Layer 2/Layer 3 Series Switches Data Sheet - Cisco	● Relative humidity: 5% to 95% non-condensing
96811	IE3000-DNA-E-L-5Y	switches	license	non-hardware	temp_storage	f290019c77b19140	Cisco Industrial Ethernet 3000 Layer 2/Layer 3 Series Switches Data Sheet - Cisco	● -40 C to +85 C (storage temperature) ● Storage altitude: Up to 15,000 ft
205969	IE3000-DNA-E-L-5Y	switches	license	non-hardware	certifications	f290019c77b19140	Cisco Industrial Ethernet 3000 Layer 2/Layer 3 Series Switches Data Sheet - Cisco	● UL 60950-1 ● CSA C22.2 No. 60950-1 ● TUV/GS to EN 60950-1 ● CB to IEC 60950-1 
141636	IE3400H-DNA-A-5Y	switches	license	non-hardware	qos_features	08a17028631b331a	Cisco Catalyst IE3400 Heavy Duty Series Data Sheet - Cisco	Ingress policing, rate limit, egress queuing/shaping, auto QoS
97184	IE3400H-DNA-A-5Y	switches	license	non-hardware	programming_interfaces	08a17028631b331a	Cisco Catalyst IE3400 Heavy Duty Series Data Sheet - Cisco	YANG, NETCONF, RESTCONF
97185	IE3400H-DNA-A-5Y	switches	license	non-hardware	emc_emissions	08a17028631b331a	Cisco Catalyst IE3400 Heavy Duty Series Data Sheet - Cisco	Emissions (Class A): FCC 47 CFR Part 15 subpart B ICES-003 EN 55011 EN 55032/ CI
97186	IE3400H-DNA-A-5Y	switches	license	non-hardware	temp_operating	08a17028631b331a	Cisco Catalyst IE3400 Heavy Duty Series Data Sheet - Cisco	-40°C to +75°C (-40F to 167F) (with airflow) with 200 LFM airflow -40°C to +70°C
97187	IE3400H-DNA-A-5Y	switches	license	non-hardware	temp_storage	08a17028631b331a	Cisco Catalyst IE3400 Heavy Duty Series Data Sheet - Cisco	-40°C to +85°C (-40F to 185F) IEC 60068-2-14 Altitude: Up to 13,800 feet (4,200 
97191	IE3400H-DNA-A-5Y	switches	license	non-hardware	shock	08a17028631b331a	Cisco Catalyst IE3400 Heavy Duty Series Data Sheet - Cisco	IEC 60068-2-6 Vibration: IEC 60068-2-6, IEC 255 21.1 Class 1 Vibration Test IEC 
205973	IE3400H-DNA-A-5Y	switches	license	non-hardware	certifications	08a17028631b331a	Cisco Catalyst IE3400 Heavy Duty Series Data Sheet - Cisco	EN 61000-6-1 Immunity standards for light industrial ENV EN 61000-6-2 Immunity s
141668	IE3400H-DNA-E	switches	license	non-hardware	qos_features	08a17028631b331a	Cisco Catalyst IE3400 Heavy Duty Series Data Sheet - Cisco	Ingress policing, rate limit, egress queuing/shaping, auto QoS
97467	IE3400H-DNA-E	switches	license	non-hardware	programming_interfaces	08a17028631b331a	Cisco Catalyst IE3400 Heavy Duty Series Data Sheet - Cisco	YANG, NETCONF, RESTCONF
97468	IE3400H-DNA-E	switches	license	non-hardware	emc_emissions	08a17028631b331a	Cisco Catalyst IE3400 Heavy Duty Series Data Sheet - Cisco	Emissions (Class A): FCC 47 CFR Part 15 subpart B ICES-003 EN 55011 EN 55032/ CI
97469	IE3400H-DNA-E	switches	license	non-hardware	temp_operating	08a17028631b331a	Cisco Catalyst IE3400 Heavy Duty Series Data Sheet - Cisco	-40°C to +75°C (-40F to 167F) (with airflow) with 200 LFM airflow -40°C to +70°C
97470	IE3400H-DNA-E	switches	license	non-hardware	temp_storage	08a17028631b331a	Cisco Catalyst IE3400 Heavy Duty Series Data Sheet - Cisco	-40°C to +85°C (-40F to 185F) IEC 60068-2-14 Altitude: Up to 13,800 feet (4,200 
97474	IE3400H-DNA-E	switches	license	non-hardware	shock	08a17028631b331a	Cisco Catalyst IE3400 Heavy Duty Series Data Sheet - Cisco	IEC 60068-2-6 Vibration: IEC 60068-2-6, IEC 255 21.1 Class 1 Vibration Test IEC 
205979	IE3400H-DNA-E	switches	license	non-hardware	certifications	08a17028631b331a	Cisco Catalyst IE3400 Heavy Duty Series Data Sheet - Cisco	EN 61000-6-1 Immunity standards for light industrial ENV EN 61000-6-2 Immunity s
205994	L-C3560CX-RTU=	switches	license	non-hardware	certifications	9bc7de771f909454	Cisco Catalyst 3560-CX and 2960-CX Series Compact Switches Data Sheet - Cisco	● UL 60950-1 ● CAN/CSA 22.2 No. 60950-1 ● EN 60950-1 ● IEC 60950-1 ● CE Marking 
98673	L-C4500X-IP-ES	switches	license	non-hardware	jumbo_mtu	bc0a2b219bf6a190	Cisco Catalyst 4500-X Series Fixed 10 Gigabit Ethernet Aggregation Switch Data Sheet - Cis	Up to 9216 bytes
205997	L-C4500X-IP-ES	switches	license	non-hardware	certifications	bc0a2b219bf6a190	Cisco Catalyst 4500-X Series Fixed 10 Gigabit Ethernet Aggregation Switch Data Sheet - Cis	UL 60950-1 Second Edition CAN/CSA-C22.2 No. 60950-1 Second Edition EN 60950-1 Se
141753	L-C3850-48-S-E	switches	license	non-hardware	humidity_storage	5664cf3b037d513b	Cisco Catalyst 3850 Series Switches Data Sheet - Cisco	5 to 90% noncondensing
98683	L-C3850-48-S-E	switches	license	non-hardware	temp_operating	5664cf3b037d513b	Cisco Catalyst 3850 Series Switches Data Sheet - Cisco	23 to 113°F (-5 to 45°C)
98684	L-C3850-48-S-E	switches	license	non-hardware	temp_storage	5664cf3b037d513b	Cisco Catalyst 3850 Series Switches Data Sheet - Cisco	-40 to 158°F (-40 to 70°C)
205999	L-C3850-48-S-E	switches	license	non-hardware	certifications	5664cf3b037d513b	Cisco Catalyst 3850 Series Switches Data Sheet - Cisco	UL 60950-1 Second Edition CAN/CSA-C22.2 No. 60950-1 Second Edition EN 60950-1 Se
98689	L-C4500X-16P-IP-ES	switches	license	non-hardware	jumbo_mtu	bc0a2b219bf6a190	Cisco Catalyst 4500-X Series Fixed 10 Gigabit Ethernet Aggregation Switch Data Sheet - Cis	Up to 9216 bytes
206000	L-C4500X-16P-IP-ES	switches	license	non-hardware	certifications	bc0a2b219bf6a190	Cisco Catalyst 4500-X Series Fixed 10 Gigabit Ethernet Aggregation Switch Data Sheet - Cis	UL 60950-1 Second Edition CAN/CSA-C22.2 No. 60950-1 Second Edition EN 60950-1 Se
98692	L-C3650-24-L-E	switches	license	non-hardware	temp_storage	9b8d61bd4600b0da	Cisco Catalyst 3650 Series Switches Data Sheet - Cisco	-40 to 158°F (-40 to 70°C)
98694	L-C3650-24-L-E	switches	license	non-hardware	temp_operating	9b8d61bd4600b0da	Cisco Catalyst 3650 Series Switches Data Sheet - Cisco	23 to 113°F (-5 to 45°C)
206001	L-C3650-24-L-E	switches	license	non-hardware	certifications	9b8d61bd4600b0da	Cisco Catalyst 3650 Series Switches Data Sheet - Cisco	UL 60950-1 Second Edition CAN/CSA-C22.2 No. 60950-1 Second Edition EN 60950-1 Se
141754	L-C3850-24-L-S	switches	license	non-hardware	humidity_storage	5664cf3b037d513b	Cisco Catalyst 3850 Series Switches Data Sheet - Cisco	5 to 90% noncondensing
98704	L-C3850-24-L-S	switches	license	non-hardware	temp_operating	5664cf3b037d513b	Cisco Catalyst 3850 Series Switches Data Sheet - Cisco	23 to 113°F (-5 to 45°C)
98705	L-C3850-24-L-S	switches	license	non-hardware	temp_storage	5664cf3b037d513b	Cisco Catalyst 3850 Series Switches Data Sheet - Cisco	-40 to 158°F (-40 to 70°C)
206003	L-C3850-24-L-S	switches	license	non-hardware	certifications	5664cf3b037d513b	Cisco Catalyst 3850 Series Switches Data Sheet - Cisco	UL 60950-1 Second Edition CAN/CSA-C22.2 No. 60950-1 Second Edition EN 60950-1 Se
98729	L-C4500X-IPB	switches	license	non-hardware	jumbo_mtu	bc0a2b219bf6a190	Cisco Catalyst 4500-X Series Fixed 10 Gigabit Ethernet Aggregation Switch Data Sheet - Cis	Up to 9216 bytes
206007	L-C4500X-IPB	switches	license	non-hardware	certifications	bc0a2b219bf6a190	Cisco Catalyst 4500-X Series Fixed 10 Gigabit Ethernet Aggregation Switch Data Sheet - Cis	UL 60950-1 Second Edition CAN/CSA-C22.2 No. 60950-1 Second Edition EN 60950-1 Se
98738	L-C3650-48-S-E	switches	license	non-hardware	temp_storage	9b8d61bd4600b0da	Cisco Catalyst 3650 Series Switches Data Sheet - Cisco	-40 to 158°F (-40 to 70°C)
98740	L-C3650-48-S-E	switches	license	non-hardware	temp_operating	9b8d61bd4600b0da	Cisco Catalyst 3650 Series Switches Data Sheet - Cisco	23 to 113°F (-5 to 45°C)
206009	L-C3650-48-S-E	switches	license	non-hardware	certifications	9b8d61bd4600b0da	Cisco Catalyst 3650 Series Switches Data Sheet - Cisco	UL 60950-1 Second Edition CAN/CSA-C22.2 No. 60950-1 Second Edition EN 60950-1 Se
98751	L-C4500X-LIC=	switches	license	non-hardware	jumbo_mtu	bc0a2b219bf6a190	Cisco Catalyst 4500-X Series Fixed 10 Gigabit Ethernet Aggregation Switch Data Sheet - Cis	Up to 9216 bytes
206011	L-C4500X-LIC=	switches	license	non-hardware	certifications	bc0a2b219bf6a190	Cisco Catalyst 4500-X Series Fixed 10 Gigabit Ethernet Aggregation Switch Data Sheet - Cis	UL 60950-1 Second Edition CAN/CSA-C22.2 No. 60950-1 Second Edition EN 60950-1 Se
99200	L-NCS2K-100G-10G=	optical-networking	license	non-hardware	humidity_operating	e92a5b29cf9798d0	Cisco Network Convergence System 2000 Series Data Sheet - Cisco	5 to 85%, noncondensing 5 to 90% but not to exceed 0.024 kg water/kg of dry air
99201	L-NCS2K-100G-10G=	optical-networking	license	non-hardware	regions_supported	e92a5b29cf9798d0	Cisco Network Convergence System 2000 Series Data Sheet - Cisco	● Europe ● Latin America ● Japan ● Asia Pacific ● Middle East and Africa
99202	L-NCS2K-100G-10G=	optical-networking	license	non-hardware	temp_storage	e92a5b29cf9798d0	Cisco Network Convergence System 2000 Series Data Sheet - Cisco	-40 to 158ºF (-40 to 70ºC)
99203	L-NCS2K-100G-10G=	optical-networking	license	non-hardware	temp_operating	e92a5b29cf9798d0	Cisco Network Convergence System 2000 Series Data Sheet - Cisco	32 to 131ºF (0 to 55ºC) 23 to 131ºF (-5 to 55ºC)
206018	L-NCS2K-100G-10G=	optical-networking	license	non-hardware	certifications	e92a5b29cf9798d0	Cisco Network Convergence System 2000 Series Data Sheet - Cisco	● UL/CSA 60950-1 2 nd Ed. 2011 ● IEC 60950-1 2 nd Ed. + Amendment 1:2009, EN 609
99247	L-NCS2K-100G-FFU=	optical-networking	license	non-hardware	humidity_operating	e92a5b29cf9798d0	Cisco Network Convergence System 2000 Series Data Sheet - Cisco	5 to 85%, noncondensing 5 to 90% but not to exceed 0.024 kg water/kg of dry air
99248	L-NCS2K-100G-FFU=	optical-networking	license	non-hardware	regions_supported	e92a5b29cf9798d0	Cisco Network Convergence System 2000 Series Data Sheet - Cisco	● Europe ● Latin America ● Japan ● Asia Pacific ● Middle East and Africa
99249	L-NCS2K-100G-FFU=	optical-networking	license	non-hardware	temp_storage	e92a5b29cf9798d0	Cisco Network Convergence System 2000 Series Data Sheet - Cisco	-40 to 158ºF (-40 to 70ºC)
99250	L-NCS2K-100G-FFU=	optical-networking	license	non-hardware	temp_operating	e92a5b29cf9798d0	Cisco Network Convergence System 2000 Series Data Sheet - Cisco	32 to 131ºF (0 to 55ºC) 23 to 131ºF (-5 to 55ºC)
206019	L-NCS2K-100G-FFU=	optical-networking	license	non-hardware	certifications	e92a5b29cf9798d0	Cisco Network Convergence System 2000 Series Data Sheet - Cisco	● UL/CSA 60950-1 2 nd Ed. 2011 ● IEC 60950-1 2 nd Ed. + Amendment 1:2009, EN 609
99561	LIC-CT3650-UPG	switches	license	non-hardware	temp_storage	9b8d61bd4600b0da	Cisco Catalyst 3650 Series Switches Data Sheet - Cisco	-40 to 158°F (-40 to 70°C)
99563	LIC-CT3650-UPG	switches	license	non-hardware	temp_operating	9b8d61bd4600b0da	Cisco Catalyst 3650 Series Switches Data Sheet - Cisco	23 to 113°F (-5 to 45°C)
206023	LIC-CT3650-UPG	switches	license	non-hardware	certifications	9b8d61bd4600b0da	Cisco Catalyst 3650 Series Switches Data Sheet - Cisco	UL 60950-1 Second Edition CAN/CSA-C22.2 No. 60950-1 Second Edition EN 60950-1 Se
105966	NCS1002-LIC-K9=	optical-networking	license	non-hardware	regions_supported	0cad8ed867ff5e6a	Cisco Network Convergence System 1002 Data Sheet - Cisco	● European Union ● Africa ● CSI ● Australia ● New Zealand ● China ● Korea ● Indi
105967	NCS1002-LIC-K9=	optical-networking	license	non-hardware	laser_safety_class	0cad8ed867ff5e6a	Cisco Network Convergence System 1002 Data Sheet - Cisco	1
206051	NCS1002-LIC-K9=	optical-networking	license	non-hardware	certifications	0cad8ed867ff5e6a	Cisco Network Convergence System 1002 Data Sheet - Cisco	● IEC 60950-1 Information technology equipment Safety Part 1: General requiremen
91303	ESS-ED-100G-RTU1	routers	license	non-hardware	temp_storage	b8b4ec84e4a93e32	Cisco ASR 9901 Router Data Sheet - Cisco	-40 to 158°F (-40 to 70°C)
91301	ESS-ED-100G-RTU1	routers	license	non-hardware	humidity_operating	b8b4ec84e4a93e32	Cisco ASR 9901 Router Data Sheet - Cisco	10 to 85%
206451	ESS-ED-100G-RTU1	routers	license	non-hardware	certifications	b8b4ec84e4a93e32	Cisco ASR 9901 Router Data Sheet - Cisco	Cisco ASR 9901 is designed to meet: ● SR-3580: NEBS Criteria Levels (Level 3) ● 
130788	S-NCS1K4-LIC-LH=	optical-networking	license	non-hardware	temp_storage	8fa767ab35358fe9	Cisco Network Convergence System 1004 C-Band 1.2T Transponder Line Card Data Sheet - Cisco	-40 ́̕ °C to 85°C (-40°F to 185°F)
115476	S-NCS1K4-LIC-LH=	optical-networking	license	non-hardware	laser_safety_class	8fa767ab35358fe9	Cisco Network Convergence System 1004 C-Band 1.2T Transponder Line Card Data Sheet - Cisco	1
115474	S-NCS1K4-LIC-LH=	optical-networking	license	non-hardware	regions_supported	8fa767ab35358fe9	Cisco Network Convergence System 1004 C-Band 1.2T Transponder Line Card Data Sheet - Cisco	● European Union ● Africa ● CSI ● Australia ● New Zealand ● China ● Korea ● Indi
115475	S-NCS1K4-LIC-LH=	optical-networking	license	non-hardware	humidity_operating	8fa767ab35358fe9	Cisco Network Convergence System 1004 C-Band 1.2T Transponder Line Card Data Sheet - Cisco	5% to 85%, noncondensing 5% to 90% but not to exceed 0.024 kg water/kg of dry ai
206205	S-NCS1K4-LIC-LH=	optical-networking	license	non-hardware	certifications	8fa767ab35358fe9	Cisco Network Convergence System 1004 C-Band 1.2T Transponder Line Card Data Sheet - Cisco	● IEC 60950-1 Information technology equipment Safety Part 1: General requiremen
130787	S-NCS1K4-LIC-100X=	optical-networking	license	non-hardware	temp_storage	8fa767ab35358fe9	Cisco Network Convergence System 1004 C-Band 1.2T Transponder Line Card Data Sheet - Cisco	-40 ́̕ °C to 85°C (-40°F to 185°F)
115482	S-NCS1K4-LIC-100X=	optical-networking	license	non-hardware	regions_supported	8fa767ab35358fe9	Cisco Network Convergence System 1004 C-Band 1.2T Transponder Line Card Data Sheet - Cisco	● European Union ● Africa ● CSI ● Australia ● New Zealand ● China ● Korea ● Indi
115483	S-NCS1K4-LIC-100X=	optical-networking	license	non-hardware	humidity_operating	8fa767ab35358fe9	Cisco Network Convergence System 1004 C-Band 1.2T Transponder Line Card Data Sheet - Cisco	5% to 85%, noncondensing 5% to 90% but not to exceed 0.024 kg water/kg of dry ai
115484	S-NCS1K4-LIC-100X=	optical-networking	license	non-hardware	laser_safety_class	8fa767ab35358fe9	Cisco Network Convergence System 1004 C-Band 1.2T Transponder Line Card Data Sheet - Cisco	1
206206	S-NCS1K4-LIC-100X=	optical-networking	license	non-hardware	certifications	8fa767ab35358fe9	Cisco Network Convergence System 1004 C-Band 1.2T Transponder Line Card Data Sheet - Cisco	● IEC 60950-1 Information technology equipment Safety Part 1: General requiremen
130789	S-NCS1K4-LIC-SEA=	optical-networking	license	non-hardware	temp_storage	8fa767ab35358fe9	Cisco Network Convergence System 1004 C-Band 1.2T Transponder Line Card Data Sheet - Cisco	-40 ́̕ °C to 85°C (-40°F to 185°F)
115519	S-NCS1K4-LIC-SEA=	optical-networking	license	non-hardware	regions_supported	8fa767ab35358fe9	Cisco Network Convergence System 1004 C-Band 1.2T Transponder Line Card Data Sheet - Cisco	● European Union ● Africa ● CSI ● Australia ● New Zealand ● China ● Korea ● Indi
115520	S-NCS1K4-LIC-SEA=	optical-networking	license	non-hardware	humidity_operating	8fa767ab35358fe9	Cisco Network Convergence System 1004 C-Band 1.2T Transponder Line Card Data Sheet - Cisco	5% to 85%, noncondensing 5% to 90% but not to exceed 0.024 kg water/kg of dry ai
115521	S-NCS1K4-LIC-SEA=	optical-networking	license	non-hardware	laser_safety_class	8fa767ab35358fe9	Cisco Network Convergence System 1004 C-Band 1.2T Transponder Line Card Data Sheet - Cisco	1
206208	S-NCS1K4-LIC-SEA=	optical-networking	license	non-hardware	certifications	8fa767ab35358fe9	Cisco Network Convergence System 1004 C-Band 1.2T Transponder Line Card Data Sheet - Cisco	● IEC 60950-1 Information technology equipment Safety Part 1: General requiremen
204284	XR-NC57-P-07.05	routers	software	non-hardware	supported_protocols	2362772905997ea1	Cisco Network Convergence System 5700 Series: NCS-57C1 Fixed Chassis Data Sheet - Cisco	● Layer 2 switch ports ● IEEE 802.1Q VLAN encapsulation/Q-in-Q encapsulation ● I
143117	XR-NC57-P-07.05	routers	software	non-hardware	qos_features	2362772905997ea1	Cisco Network Convergence System 5700 Series: NCS-57C1 Fixed Chassis Data Sheet - Cisco	● Hierarchical QoS ● Ingress classification based on Class of Service (L2), IP d
143118	XR-NC57-P-07.05	routers	software	non-hardware	humidity_storage	2362772905997ea1	Cisco Network Convergence System 5700 Series: NCS-57C1 Fixed Chassis Data Sheet - Cisco	5% to 95% at 40C per NEBS GR-63-Core
144600	XR-NC57-P-07.05	routers	software	non-hardware	programming_interfaces	2362772905997ea1	Cisco Network Convergence System 5700 Series: NCS-57C1 Fixed Chassis Data Sheet - Cisco	● Zero-Touch Provisioning (ZTP), iPXE ● Configuration management ● Network Confi
144602	XR-NC57-P-07.05	routers	software	non-hardware	emc_immunity	2362772905997ea1	Cisco Network Convergence System 5700 Series: NCS-57C1 Fixed Chassis Data Sheet - Cisco	IEC/EN61000-4-2 IEC/EN61000-4-3 IEC/EN61000-4-4 IEC/EN61000-4-5 IEC/EN61000-4-6 
130445	XR-NC57-P-07.05	routers	software	non-hardware	altitude_max	2362772905997ea1	Cisco Network Convergence System 5700 Series: NCS-57C1 Fixed Chassis Data Sheet - Cisco	0 to 9842 ft (0 to 3000 m)
128808	XR-NC57-P-07.05	routers	software	non-hardware	humidity_operating	2362772905997ea1	Cisco Network Convergence System 5700 Series: NCS-57C1 Fixed Chassis Data Sheet - Cisco	Normal: 5% RH to 85% RH Short term: 5% to 95% RH Should not exceed 0.026 kg wate
128811	XR-NC57-P-07.05	routers	software	non-hardware	segment_routing_features	2362772905997ea1	Cisco Network Convergence System 5700 Series: NCS-57C1 Fixed Chassis Data Sheet - Cisco	● Segment routing–based transport ● ISIS extensions to segment routing ● OSPF ex
206443	XR-NC57-P-07.05	routers	software	non-hardware	certifications	2362772905997ea1	Cisco Network Convergence System 5700 Series: NCS-57C1 Fixed Chassis Data Sheet - Cisco	Designed to meet: ● GR-63-CORE ● GR-1089-CORE ; FCC 47CFR15 AS/NZS CISPR 32 EN55
204038	A9K-200G-IVRF	routers	license	non-hardware	ieee_standards	632e9bc4f7295fbe	Cisco ASR 9000 Series 400G and 200G Modular Line Cards Data Sheet - Cisco	● IEEE 802.3 compliant ● 10 Gigabit Ethernet PHY monitoring ● IEEE 802.x flow co
72142	A9K-200G-IVRF	routers	license	non-hardware	humidity_operating	632e9bc4f7295fbe	Cisco ASR 9000 Series 400G and 200G Modular Line Cards Data Sheet - Cisco	10 to 85%
140502	A9K-200G-IVRF	routers	license	non-hardware	humidity_storage	632e9bc4f7295fbe	Cisco ASR 9000 Series 400G and 200G Modular Line Cards Data Sheet - Cisco	5 to 95% Note: Not to exceed 0.024 kg of water per kg of dry air
144656	A9K-200G-IVRF	routers	license	non-hardware	etsi_standards	632e9bc4f7295fbe	Cisco ASR 9000 Series 400G and 200G Modular Line Cards Data Sheet - Cisco	Cisco ASR 9000 Series Routers are designed to meet: ● EN300 386: Telecommunicati
144655	A9K-200G-IVRF	routers	license	non-hardware	temp_operating	632e9bc4f7295fbe	Cisco ASR 9000 Series 400G and 200G Modular Line Cards Data Sheet - Cisco	23 to 131°F (-5 to 55°C)
72143	A9K-200G-IVRF	routers	license	non-hardware	temp_storage	632e9bc4f7295fbe	Cisco ASR 9000 Series 400G and 200G Modular Line Cards Data Sheet - Cisco	-40 to 158°F (-40 to 70°C)
130490	A9K-200G-IVRF	routers	license	non-hardware	altitude_max	632e9bc4f7295fbe	Cisco ASR 9000 Series 400G and 200G Modular Line Cards Data Sheet - Cisco	-60 to 4000m (up to 2000m conforms to IEC, EN, UL, and CSA 60950 requirements)
206456	A9K-200G-IVRF	routers	license	non-hardware	certifications	632e9bc4f7295fbe	Cisco ASR 9000 Series 400G and 200G Modular Line Cards Data Sheet - Cisco	Cisco ASR 9000 Series Routers are designed to meet: ● SR-3580: NEBS Criteria Lev
140603	A9K-200G-AIP-SE	routers	license	non-hardware	humidity_storage	632e9bc4f7295fbe	Cisco ASR 9000 Series 400G and 200G Modular Line Cards Data Sheet - Cisco	5 to 95% Note: Not to exceed 0.024 kg of water per kg of dry air
72940	A9K-200G-AIP-SE	routers	license	non-hardware	humidity_operating	632e9bc4f7295fbe	Cisco ASR 9000 Series 400G and 200G Modular Line Cards Data Sheet - Cisco	10 to 85%
72941	A9K-200G-AIP-SE	routers	license	non-hardware	temp_storage	632e9bc4f7295fbe	Cisco ASR 9000 Series 400G and 200G Modular Line Cards Data Sheet - Cisco	-40 to 158°F (-40 to 70°C)
144644	A9K-200G-AIP-SE	routers	license	non-hardware	etsi_standards	632e9bc4f7295fbe	Cisco ASR 9000 Series 400G and 200G Modular Line Cards Data Sheet - Cisco	Cisco ASR 9000 Series Routers are designed to meet: ● EN300 386: Telecommunicati
144643	A9K-200G-AIP-SE	routers	license	non-hardware	temp_operating	632e9bc4f7295fbe	Cisco ASR 9000 Series 400G and 200G Modular Line Cards Data Sheet - Cisco	23 to 131°F (-5 to 55°C)
130487	A9K-200G-AIP-SE	routers	license	non-hardware	altitude_max	632e9bc4f7295fbe	Cisco ASR 9000 Series 400G and 200G Modular Line Cards Data Sheet - Cisco	-60 to 4000m (up to 2000m conforms to IEC, EN, UL, and CSA 60950 requirements)
204035	A9K-200G-AIP-SE	routers	license	non-hardware	ieee_standards	632e9bc4f7295fbe	Cisco ASR 9000 Series 400G and 200G Modular Line Cards Data Sheet - Cisco	● IEEE 802.3 compliant ● 10 Gigabit Ethernet PHY monitoring ● IEEE 802.x flow co
206453	A9K-200G-AIP-SE	routers	license	non-hardware	certifications	632e9bc4f7295fbe	Cisco ASR 9000 Series 400G and 200G Modular Line Cards Data Sheet - Cisco	Cisco ASR 9000 Series Routers are designed to meet: ● SR-3580: NEBS Criteria Lev
206512	FL-VG4XX-CC	unified-communications	license	non-hardware	certifications	774e530e0777bf8a	Cisco VG420 Analog Voice Gateway Data Sheet - Cisco	● UL 62368-1 ● CAN/CSA C22.2 No. 62368-1 ● EN 62368-1 ● IEC 62368-1 ● IEC/EN/UL/
206513	FL-VG4XX-CC=	unified-communications	license	non-hardware	certifications	774e530e0777bf8a	Cisco VG420 Analog Voice Gateway Data Sheet - Cisco	● UL 62368-1 ● CAN/CSA C22.2 No. 62368-1 ● EN 62368-1 ● IEC 62368-1 ● IEC/EN/UL/
145046	M9500FMS1K9=	storage-networking	license	non-hardware	fabric_services	62c99820b328a814	Cisco MDS 9500 Series Supervisor-2 Module - Cisco	• Name server • Registered State Change Notification (RSCN) • Login services • F
145047	M9500FMS1K9=	storage-networking	license	non-hardware	programming_interfaces	62c99820b328a814	Cisco MDS 9500 Series Supervisor-2 Module - Cisco	• Scriptable CLI • Fabric Manager GUI • Device Manager GUI
197858	M9500FMS1K9=	storage-networking	license	non-hardware	supported_protocols	62c99820b328a814	Cisco MDS 9500 Series Supervisor-2 Module - Cisco	• Fibre Channel standards · FC-PH, Revision 4.3 (ANSI/INCITS 230-1994) · FC-PH, 
206528	M9500FMS1K9=	storage-networking	license	non-hardware	certifications	62c99820b328a814	Cisco MDS 9500 Series Supervisor-2 Module - Cisco	• Safety compliance · CE marking · UL 60950 · CAN/CSA-C22.2 No. 60950 · EN 60950
142693	S-A9K-9901-120AIP	routers	license	non-hardware	humidity_storage	b8b4ec84e4a93e32	Cisco ASR 9901 Router Data Sheet - Cisco	5 to 95% Note: Not to exceed 0.024 kg water or dry air
115302	S-A9K-9901-120AIP	routers	license	non-hardware	humidity_operating	b8b4ec84e4a93e32	Cisco ASR 9901 Router Data Sheet - Cisco	10 to 85%
115304	S-A9K-9901-120AIP	routers	license	non-hardware	temp_storage	b8b4ec84e4a93e32	Cisco ASR 9901 Router Data Sheet - Cisco	-40 to 158°F (-40 to 70°C)
206562	S-A9K-9901-120AIP	routers	license	non-hardware	certifications	b8b4ec84e4a93e32	Cisco ASR 9901 Router Data Sheet - Cisco	Cisco ASR 9901 is designed to meet: ● SR-3580: NEBS Criteria Levels (Level 3) ● 
142613	S-A9K-9901-AIP-LC	routers	license	non-hardware	humidity_storage	b8b4ec84e4a93e32	Cisco ASR 9901 Router Data Sheet - Cisco	5 to 95% Note: Not to exceed 0.024 kg water or dry air
114643	S-A9K-9901-AIP-LC	routers	license	non-hardware	humidity_operating	b8b4ec84e4a93e32	Cisco ASR 9901 Router Data Sheet - Cisco	10 to 85%
114645	S-A9K-9901-AIP-LC	routers	license	non-hardware	temp_storage	b8b4ec84e4a93e32	Cisco ASR 9901 Router Data Sheet - Cisco	-40 to 158°F (-40 to 70°C)
206564	S-A9K-9901-AIP-LC	routers	license	non-hardware	certifications	b8b4ec84e4a93e32	Cisco ASR 9901 Router Data Sheet - Cisco	Cisco ASR 9901 is designed to meet: ● SR-3580: NEBS Criteria Levels (Level 3) ● 
142595	S-A9K-BNG-8K-FC	routers	license	non-hardware	humidity_storage	b8b4ec84e4a93e32	Cisco ASR 9901 Router Data Sheet - Cisco	5 to 95% Note: Not to exceed 0.024 kg water or dry air
114481	S-A9K-BNG-8K-FC	routers	license	non-hardware	humidity_operating	b8b4ec84e4a93e32	Cisco ASR 9901 Router Data Sheet - Cisco	10 to 85%
114483	S-A9K-BNG-8K-FC	routers	license	non-hardware	temp_storage	b8b4ec84e4a93e32	Cisco ASR 9901 Router Data Sheet - Cisco	-40 to 158°F (-40 to 70°C)
206566	S-A9K-BNG-8K-FC	routers	license	non-hardware	certifications	b8b4ec84e4a93e32	Cisco ASR 9901 Router Data Sheet - Cisco	Cisco ASR 9901 is designed to meet: ● SR-3580: NEBS Criteria Levels (Level 3) ● 
142662	S-A9K-SESSION-128K	routers	license	non-hardware	humidity_storage	b8b4ec84e4a93e32	Cisco ASR 9901 Router Data Sheet - Cisco	5 to 95% Note: Not to exceed 0.024 kg water or dry air
115060	S-A9K-SESSION-128K	routers	license	non-hardware	humidity_operating	b8b4ec84e4a93e32	Cisco ASR 9901 Router Data Sheet - Cisco	10 to 85%
115062	S-A9K-SESSION-128K	routers	license	non-hardware	temp_storage	b8b4ec84e4a93e32	Cisco ASR 9901 Router Data Sheet - Cisco	-40 to 158°F (-40 to 70°C)
206573	S-A9K-SESSION-128K	routers	license	non-hardware	certifications	b8b4ec84e4a93e32	Cisco ASR 9901 Router Data Sheet - Cisco	Cisco ASR 9901 is designed to meet: ● SR-3580: NEBS Criteria Levels (Level 3) ● 
203877	S-A9K-LI-LIC	routers	license	non-hardware	ieee_standards	2b56b0b7c4e8c61a	Cisco ASR 9903 Compact High-Performance Router Data Sheet - Cisco	● 10 Gbps IEEE 802.3ae compliant ● 40/100-Gbps IEEE 802.3ba compliant ● 100 Giga
114490	S-A9K-LI-LIC	routers	license	non-hardware	supported_protocols	2b56b0b7c4e8c61a	Cisco ASR 9903 Compact High-Performance Router Data Sheet - Cisco	NetFlow, IEEE 802.1ag, IEEE 802.3ah, ITU Y.1731, IP Service-Level Agreement (IP 
114487	S-A9K-LI-LIC	routers	license	non-hardware	temp_storage	b8b4ec84e4a93e32	Cisco ASR 9901 Router Data Sheet - Cisco	-40 to 158°F (-40 to 70°C)
145498	S-A9K-LI-LIC	routers	license	non-hardware	altitude_max	2b56b0b7c4e8c61a	Cisco ASR 9903 Compact High-Performance Router Data Sheet - Cisco	–60 to 1800 m
114489	S-A9K-LI-LIC	routers	license	non-hardware	temp_operating	2b56b0b7c4e8c61a	Cisco ASR 9903 Compact High-Performance Router Data Sheet - Cisco	41 to 104°F (5 to 40°C) Note: Limitations may apply when using high-power optics
114485	S-A9K-LI-LIC	routers	license	non-hardware	humidity_operating	b8b4ec84e4a93e32	Cisco ASR 9901 Router Data Sheet - Cisco	10 to 85%
142596	S-A9K-LI-LIC	routers	license	non-hardware	humidity_storage	2b56b0b7c4e8c61a	Cisco ASR 9903 Compact High-Performance Router Data Sheet - Cisco	5 to 95% Note: Not to exceed 0.024 kg of water per kg of dry air
206568	S-A9K-LI-LIC	routers	license	non-hardware	certifications	b8b4ec84e4a93e32	Cisco ASR 9901 Router Data Sheet - Cisco	Cisco ASR 9901 is designed to meet: ● SR-3580: NEBS Criteria Levels (Level 3) ● 
146182	XR-NCS4K-651K9	optical-networking	license	non-hardware	emc_immunity	eb3c07e3df2e7960	Cisco Network Convergence System 4000 Multi-Chassis System Data Sheet - Cisco	● IEC/EN-61000-4-2: Electrostatic Discharge Immunity (8-kV contact, 15-kV air) ●
146183	XR-NCS4K-651K9	optical-networking	license	non-hardware	etsi_standards	eb3c07e3df2e7960	Cisco Network Convergence System 4000 Multi-Chassis System Data Sheet - Cisco	● EN300 386: Telecommunications Network Equipment (EMC) ● EN55022: Information T
206677	XR-NCS4K-651K9	optical-networking	license	non-hardware	certifications	eb3c07e3df2e7960	Cisco Network Convergence System 4000 Multi-Chassis System Data Sheet - Cisco	● UL/CSA/IEC/EN 60950-1 ● IEC/EN 60825 Laser Safety ● FDA: Code of Federal Regul
146185	XR-NCS4K-651K9=	optical-networking	license	non-hardware	emc_immunity	eb3c07e3df2e7960	Cisco Network Convergence System 4000 Multi-Chassis System Data Sheet - Cisco	● IEC/EN-61000-4-2: Electrostatic Discharge Immunity (8-kV contact, 15-kV air) ●
146186	XR-NCS4K-651K9=	optical-networking	license	non-hardware	etsi_standards	eb3c07e3df2e7960	Cisco Network Convergence System 4000 Multi-Chassis System Data Sheet - Cisco	● EN300 386: Telecommunications Network Equipment (EMC) ● EN55022: Information T
206678	XR-NCS4K-651K9=	optical-networking	license	non-hardware	certifications	eb3c07e3df2e7960	Cisco Network Convergence System 4000 Multi-Chassis System Data Sheet - Cisco	● UL/CSA/IEC/EN 60950-1 ● IEC/EN 60825 Laser Safety ● FDA: Code of Federal Regul
203903	S-A9903-IVRF	routers	license	non-hardware	ieee_standards	2b56b0b7c4e8c61a	Cisco ASR 9903 Compact High-Performance Router Data Sheet - Cisco	● 10 Gbps IEEE 802.3ae compliant ● 40/100-Gbps IEEE 802.3ba compliant ● 100 Giga
147242	S-A9903-IVRF	routers	license	non-hardware	temp_storage	2b56b0b7c4e8c61a	Cisco ASR 9903 Compact High-Performance Router Data Sheet - Cisco	–40 to 158°F (–40 to 70°C)
142647	S-A9903-IVRF	routers	license	non-hardware	humidity_storage	2b56b0b7c4e8c61a	Cisco ASR 9903 Compact High-Performance Router Data Sheet - Cisco	5 to 95% Note: Not to exceed 0.024 kg of water per kg of dry air
114951	S-A9903-IVRF	routers	license	non-hardware	supported_protocols	2b56b0b7c4e8c61a	Cisco ASR 9903 Compact High-Performance Router Data Sheet - Cisco	NetFlow, IEEE 802.1ag, IEEE 802.3ah, ITU Y.1731, IP Service-Level Agreement (IP 
147243	S-A9903-IVRF	routers	license	non-hardware	altitude_max	2b56b0b7c4e8c61a	Cisco ASR 9903 Compact High-Performance Router Data Sheet - Cisco	–60 to 1800 m
114947	S-A9903-IVRF	routers	license	non-hardware	temp_operating	2b56b0b7c4e8c61a	Cisco ASR 9903 Compact High-Performance Router Data Sheet - Cisco	41 to 104°F (5 to 40°C) Note: Limitations may apply when using high-power optics
114948	S-A9903-IVRF	routers	license	non-hardware	humidity_operating	2b56b0b7c4e8c61a	Cisco ASR 9903 Compact High-Performance Router Data Sheet - Cisco	10 to 85%
206785	S-A9903-IVRF	routers	license	non-hardware	certifications	2b56b0b7c4e8c61a	Cisco ASR 9903 Compact High-Performance Router Data Sheet - Cisco	The Cisco ASR 9903 Router is designed to meet: ● FCC Class A ● ICES 003 Class A 
203904	S-A9K-400G-F-ENBL	routers	license	non-hardware	ieee_standards	2b56b0b7c4e8c61a	Cisco ASR 9903 Compact High-Performance Router Data Sheet - Cisco	● 10 Gbps IEEE 802.3ae compliant ● 40/100-Gbps IEEE 802.3ba compliant ● 100 Giga
114565	S-A9K-400G-F-ENBL	routers	license	non-hardware	supported_protocols	2b56b0b7c4e8c61a	Cisco ASR 9903 Compact High-Performance Router Data Sheet - Cisco	NetFlow, IEEE 802.1ag, IEEE 802.3ah, ITU Y.1731, IP Service-Level Agreement (IP 
147246	S-A9K-400G-F-ENBL	routers	license	non-hardware	temp_storage	2b56b0b7c4e8c61a	Cisco ASR 9903 Compact High-Performance Router Data Sheet - Cisco	–40 to 158°F (–40 to 70°C)
147247	S-A9K-400G-F-ENBL	routers	license	non-hardware	altitude_max	2b56b0b7c4e8c61a	Cisco ASR 9903 Compact High-Performance Router Data Sheet - Cisco	–60 to 1800 m
142604	S-A9K-400G-F-ENBL	routers	license	non-hardware	humidity_storage	2b56b0b7c4e8c61a	Cisco ASR 9903 Compact High-Performance Router Data Sheet - Cisco	5 to 95% Note: Not to exceed 0.024 kg of water per kg of dry air
114561	S-A9K-400G-F-ENBL	routers	license	non-hardware	temp_operating	2b56b0b7c4e8c61a	Cisco ASR 9903 Compact High-Performance Router Data Sheet - Cisco	41 to 104°F (5 to 40°C) Note: Limitations may apply when using high-power optics
114562	S-A9K-400G-F-ENBL	routers	license	non-hardware	humidity_operating	2b56b0b7c4e8c61a	Cisco ASR 9903 Compact High-Performance Router Data Sheet - Cisco	10 to 85%
206786	S-A9K-400G-F-ENBL	routers	license	non-hardware	certifications	2b56b0b7c4e8c61a	Cisco ASR 9903 Compact High-Performance Router Data Sheet - Cisco	The Cisco ASR 9903 Router is designed to meet: ● FCC Class A ● ICES 003 Class A 
203969	A9K-36X10G-AIP-SE	routers	license	non-hardware	ieee_standards	3c9ae1d45778a2c6	Cisco ASR 9000 Series 36-Port 10 Gigabit Ethernet Line Cards Data Sheet - Cisco	● 10-Gbps IEEE 802.3 compliant ● 10 Gigabit Ethernet PHY monitoring ● IEEE 802.x
140620	A9K-36X10G-AIP-SE	routers	license	non-hardware	humidity_storage	3c9ae1d45778a2c6	Cisco ASR 9000 Series 36-Port 10 Gigabit Ethernet Line Cards Data Sheet - Cisco	5 to 95% Note: Not to exceed 0.024 kg of water per kg of dry air
73080	A9K-36X10G-AIP-SE	routers	license	non-hardware	humidity_operating	3c9ae1d45778a2c6	Cisco ASR 9000 Series 36-Port 10 Gigabit Ethernet Line Cards Data Sheet - Cisco	10 to 85%
147391	A9K-36X10G-AIP-SE	routers	license	non-hardware	temp_operating	3c9ae1d45778a2c6	Cisco ASR 9000 Series 36-Port 10 Gigabit Ethernet Line Cards Data Sheet - Cisco	23 to 131ºF (–5 to 55ºC) Note: Short-term refers to a period of not more than 96
147394	A9K-36X10G-AIP-SE	routers	license	non-hardware	etsi_standards	3c9ae1d45778a2c6	Cisco ASR 9000 Series 36-Port 10 Gigabit Ethernet Line Cards Data Sheet - Cisco	Cisco ASR 9000 Series Routers are designed to meet: ● EN300 386: Telecommunicati
147392	A9K-36X10G-AIP-SE	routers	license	non-hardware	temp_storage	3c9ae1d45778a2c6	Cisco ASR 9000 Series 36-Port 10 Gigabit Ethernet Line Cards Data Sheet - Cisco	–40 to 158ºF (–40 to 70ºC)
147393	A9K-36X10G-AIP-SE	routers	license	non-hardware	altitude_max	3c9ae1d45778a2c6	Cisco ASR 9000 Series 36-Port 10 Gigabit Ethernet Line Cards Data Sheet - Cisco	–60 to 4000m (up to 2000m conforms to IEC, EN, UL, and CSA 60950 requirements)
206807	A9K-36X10G-AIP-SE	routers	license	non-hardware	certifications	3c9ae1d45778a2c6	Cisco ASR 9000 Series 36-Port 10 Gigabit Ethernet Line Cards Data Sheet - Cisco	Cisco ASR 9000 Series Routers are designed to meet: ● SR-3580: NEBS Criteria Lev
199207	C3650-24-L-E	switches	license	non-hardware	ieee_standards	9b8d61bd4600b0da	Cisco Catalyst 3650 Series Switches Data Sheet - Cisco	IEEE 802.1as IEEE 802.1s IEEE 802.1w IEEE 802.11 IEEE 802.1x IEEE 802.1x-Rev IEE
76949	C3650-24-L-E	switches	license	non-hardware	temp_storage	9b8d61bd4600b0da	Cisco Catalyst 3650 Series Switches Data Sheet - Cisco	-40 to 158°F (-40 to 70°C)
76951	C3650-24-L-E	switches	license	non-hardware	temp_operating	9b8d61bd4600b0da	Cisco Catalyst 3650 Series Switches Data Sheet - Cisco	23 to 113°F (-5 to 45°C)
149544	C3650-24-L-E	switches	license	non-hardware	humidity_storage	9b8d61bd4600b0da	Cisco Catalyst 3650 Series Switches Data Sheet - Cisco	5 to 90% noncondensing
149545	C3650-24-L-E	switches	license	non-hardware	altitude_max	9b8d61bd4600b0da	Cisco Catalyst 3650 Series Switches Data Sheet - Cisco	10,000 ft. (3000 meters), up to 45°C
206973	C3650-24-L-E	switches	license	non-hardware	certifications	9b8d61bd4600b0da	Cisco Catalyst 3650 Series Switches Data Sheet - Cisco	UL 60950-1 Second Edition CAN/CSA-C22.2 No. 60950-1 Second Edition EN 60950-1 Se
72278	A9K-800G-IVRF	routers	license	non-hardware	supported_protocols	76ee894fc554be6b	Cisco ASR 9000 Series 4-Port and 8-Port 100 Gigabit Ethernet Line Cards Data Sheet - Cisco	NetFlow, IEEE 802.1ag, IEEE 802.3ah, ITU Y.1731, IP service-level agreement (IP 
72273	A9K-800G-IVRF	routers	license	non-hardware	temp_operating	76ee894fc554be6b	Cisco ASR 9000 Series 4-Port and 8-Port 100 Gigabit Ethernet Line Cards Data Sheet - Cisco	41 to 104°F (5 to 40°C)
72274	A9K-800G-IVRF	routers	license	non-hardware	humidity_operating	76ee894fc554be6b	Cisco ASR 9000 Series 4-Port and 8-Port 100 Gigabit Ethernet Line Cards Data Sheet - Cisco	10 to 85%
140518	A9K-800G-IVRF	routers	license	non-hardware	humidity_storage	76ee894fc554be6b	Cisco ASR 9000 Series 4-Port and 8-Port 100 Gigabit Ethernet Line Cards Data Sheet - Cisco	5 to 95% Note: Not to exceed 0.024 kg of water per kg of dry air
150255	A9K-800G-IVRF	routers	license	non-hardware	etsi_standards	76ee894fc554be6b	Cisco ASR 9000 Series 4-Port and 8-Port 100 Gigabit Ethernet Line Cards Data Sheet - Cisco	Cisco ASR 9000 Series Routers are designed to meet: ● EN300 386: Telecommunicati
150254	A9K-800G-IVRF	routers	license	non-hardware	temp_storage	76ee894fc554be6b	Cisco ASR 9000 Series 4-Port and 8-Port 100 Gigabit Ethernet Line Cards Data Sheet - Cisco	–40 to 158°F (–40 to 70°C)
130770	A9K-800G-IVRF	routers	license	non-hardware	altitude_max	b2bda04df1c5ea67	Cisco ASR 9900 Series 8-Port 100 Gigabit Ethernet Line Cards with 7-Fabric Support Data Sh	-60 to 4000 m (up to 2000 m conforms to IEC, EN, UL, and CSA 60950 requirements)
204069	A9K-800G-IVRF	routers	license	non-hardware	ieee_standards	76ee894fc554be6b	Cisco ASR 9000 Series 4-Port and 8-Port 100 Gigabit Ethernet Line Cards Data Sheet - Cisco	● 100-Gbps IEEE 802.3ba compliant ● 100 Gigabit Ethernet PHY monitoring ● IEEE 8
207097	A9K-800G-IVRF	routers	license	non-hardware	certifications	76ee894fc554be6b	Cisco ASR 9000 Series 4-Port and 8-Port 100 Gigabit Ethernet Line Cards Data Sheet - Cisco	Cisco ASR 9000 Series Routers are designed to meet: ● FCC Class A ● ICES 003 Cla
118446	SL-39-DATA-K9	routers	license	non-hardware	dram	e539825af78bd0b5	Cisco Integrated Services Routers Generation 2 Ordering Guide - Cisco	None available; Fixed 512MB DRAM only
118447	SL-39-DATA-K9	routers	license	non-hardware	flash	e539825af78bd0b5	Cisco Integrated Services Routers Generation 2 Ordering Guide - Cisco	None available; Fixed internal 256MB eUSB Flash only
115534	S19UK9-15014M	routers	software	non-hardware	dram	e539825af78bd0b5	Cisco Integrated Services Routers Generation 2 Ordering Guide - Cisco	None available; Fixed 512MB DRAM only
115535	S19UK9-15014M	routers	software	non-hardware	flash	e539825af78bd0b5	Cisco Integrated Services Routers Generation 2 Ordering Guide - Cisco	None available; Fixed internal 256MB eUSB Flash only
203975	A9K-24P10G-IVRF	routers	license	non-hardware	ieee_standards	3eb3330b2b6be911	Cisco ASR 9000 Series 24-Port and 48-Port Dual-Rate 10GE/1GE Line Card Data Sheet - Cisco	● 10-Gbps IEEE 802.3ba compliant ● 10 Gigabit Ethernet PHY monitoring ● IEEE 802
140560	A9K-24P10G-IVRF	routers	license	non-hardware	humidity_storage	3eb3330b2b6be911	Cisco ASR 9000 Series 24-Port and 48-Port Dual-Rate 10GE/1GE Line Card Data Sheet - Cisco	5 to 95% Note: Not to exceed 0.024 kg of water per kg of dry air
72602	A9K-24P10G-IVRF	routers	license	non-hardware	temp_operating	3eb3330b2b6be911	Cisco ASR 9000 Series 24-Port and 48-Port Dual-Rate 10GE/1GE Line Card Data Sheet - Cisco	41 to 104°F (5 to 40°C)
72603	A9K-24P10G-IVRF	routers	license	non-hardware	humidity_operating	3eb3330b2b6be911	Cisco ASR 9000 Series 24-Port and 48-Port Dual-Rate 10GE/1GE Line Card Data Sheet - Cisco	10 to 85%
152054	A9K-24P10G-IVRF	routers	license	non-hardware	temp_storage	3eb3330b2b6be911	Cisco ASR 9000 Series 24-Port and 48-Port Dual-Rate 10GE/1GE Line Card Data Sheet - Cisco	–40 to 158°F (–40 to 70°C)
152056	A9K-24P10G-IVRF	routers	license	non-hardware	etsi_standards	3eb3330b2b6be911	Cisco ASR 9000 Series 24-Port and 48-Port Dual-Rate 10GE/1GE Line Card Data Sheet - Cisco	Cisco ASR 9000 Series Routers are designed to meet: ● EN300 386: Telecommunicati
152055	A9K-24P10G-IVRF	routers	license	non-hardware	altitude_max	3eb3330b2b6be911	Cisco ASR 9000 Series 24-Port and 48-Port Dual-Rate 10GE/1GE Line Card Data Sheet - Cisco	–60 to 4000 m (up to 2000 m conforms to IEC, EN, UL, and CSA 60950 requirements)
72607	A9K-24P10G-IVRF	routers	license	non-hardware	supported_protocols	3eb3330b2b6be911	Cisco ASR 9000 Series 24-Port and 48-Port Dual-Rate 10GE/1GE Line Card Data Sheet - Cisco	NetFlow, IEEE 802.1ag, IEEE 802.3ah, ITU Y.1731, IP Service-Level Agreement (IP 
207407	A9K-24P10G-IVRF	routers	license	non-hardware	certifications	3eb3330b2b6be911	Cisco ASR 9000 Series 24-Port and 48-Port Dual-Rate 10GE/1GE Line Card Data Sheet - Cisco	Cisco ASR 9000 Series Routers are designed to meet: ● FCC Class A ● ICES 003 Cla
203978	A9K-48P10G-AIP-SE	routers	license	non-hardware	ieee_standards	3eb3330b2b6be911	Cisco ASR 9000 Series 24-Port and 48-Port Dual-Rate 10GE/1GE Line Card Data Sheet - Cisco	● 10-Gbps IEEE 802.3ba compliant ● 10 Gigabit Ethernet PHY monitoring ● IEEE 802
140593	A9K-48P10G-AIP-SE	routers	license	non-hardware	humidity_storage	3eb3330b2b6be911	Cisco ASR 9000 Series 24-Port and 48-Port Dual-Rate 10GE/1GE Line Card Data Sheet - Cisco	5 to 95% Note: Not to exceed 0.024 kg of water per kg of dry air
72852	A9K-48P10G-AIP-SE	routers	license	non-hardware	temp_operating	3eb3330b2b6be911	Cisco ASR 9000 Series 24-Port and 48-Port Dual-Rate 10GE/1GE Line Card Data Sheet - Cisco	41 to 104°F (5 to 40°C)
72853	A9K-48P10G-AIP-SE	routers	license	non-hardware	humidity_operating	3eb3330b2b6be911	Cisco ASR 9000 Series 24-Port and 48-Port Dual-Rate 10GE/1GE Line Card Data Sheet - Cisco	10 to 85%
72857	A9K-48P10G-AIP-SE	routers	license	non-hardware	supported_protocols	3eb3330b2b6be911	Cisco ASR 9000 Series 24-Port and 48-Port Dual-Rate 10GE/1GE Line Card Data Sheet - Cisco	NetFlow, IEEE 802.1ag, IEEE 802.3ah, ITU Y.1731, IP Service-Level Agreement (IP 
152069	A9K-48P10G-AIP-SE	routers	license	non-hardware	temp_storage	3eb3330b2b6be911	Cisco ASR 9000 Series 24-Port and 48-Port Dual-Rate 10GE/1GE Line Card Data Sheet - Cisco	–40 to 158°F (–40 to 70°C)
152071	A9K-48P10G-AIP-SE	routers	license	non-hardware	etsi_standards	3eb3330b2b6be911	Cisco ASR 9000 Series 24-Port and 48-Port Dual-Rate 10GE/1GE Line Card Data Sheet - Cisco	Cisco ASR 9000 Series Routers are designed to meet: ● EN300 386: Telecommunicati
152070	A9K-48P10G-AIP-SE	routers	license	non-hardware	altitude_max	3eb3330b2b6be911	Cisco ASR 9000 Series 24-Port and 48-Port Dual-Rate 10GE/1GE Line Card Data Sheet - Cisco	–60 to 4000 m (up to 2000 m conforms to IEC, EN, UL, and CSA 60950 requirements)
207410	A9K-48P10G-AIP-SE	routers	license	non-hardware	certifications	3eb3330b2b6be911	Cisco ASR 9000 Series 24-Port and 48-Port Dual-Rate 10GE/1GE Line Card Data Sheet - Cisco	Cisco ASR 9000 Series Routers are designed to meet: ● FCC Class A ● ICES 003 Cla
97960	IE3000-DNA-E-L-3Y	switches	license	non-hardware	temp_storage	f290019c77b19140	Cisco Industrial Ethernet 3000 Layer 2/Layer 3 Series Switches Data Sheet - Cisco	● -40 C to +85 C (storage temperature) ● Storage altitude: Up to 15,000 ft
97961	IE3000-DNA-E-L-3Y	switches	license	non-hardware	humidity_operating	f290019c77b19140	Cisco Industrial Ethernet 3000 Layer 2/Layer 3 Series Switches Data Sheet - Cisco	● Relative humidity: 5% to 95% non-condensing
205986	IE3000-DNA-E-L-3Y	switches	license	non-hardware	certifications	f290019c77b19140	Cisco Industrial Ethernet 3000 Layer 2/Layer 3 Series Switches Data Sheet - Cisco	● UL 60950-1 ● CSA C22.2 No. 60950-1 ● TUV/GS to EN 60950-1 ● CB to IEC 60950-1 
141531	IE3300-DNA-A-3Y	switches	license	non-hardware	qos_features	7b24beb93905621c	Cisco Catalyst IE3300 Rugged Series Data Sheet - Cisco	Ingress policing, rate limit, egress queuing and shaping, auto QoS
96233	IE3300-DNA-A-3Y	switches	license	non-hardware	programming_interfaces	7b24beb93905621c	Cisco Catalyst IE3300 Rugged Series Data Sheet - Cisco	YANG, NETCONF, RESTCONF
96235	IE3300-DNA-A-3Y	switches	license	non-hardware	humidity_operating	7b24beb93905621c	Cisco Catalyst IE3300 Rugged Series Data Sheet - Cisco	Relative humidity of 5% to 95% non-condensing IEC 60068-2-78 IEC 60068-2-30
96239	IE3300-DNA-A-3Y	switches	license	non-hardware	temp_operating	7b24beb93905621c	Cisco Catalyst IE3300 Rugged Series Data Sheet - Cisco	Operating temperature: -40°C to +70°C (40 LFM vented enclosure) -40°C to +60°C (
96240	IE3300-DNA-A-3Y	switches	license	non-hardware	temp_storage	7b24beb93905621c	Cisco Catalyst IE3300 Rugged Series Data Sheet - Cisco	Temperature: -40°C to +85°C degrees Altitude: 15,000 feet IEC 60068-2-14
96241	IE3300-DNA-A-3Y	switches	license	non-hardware	shock	7b24beb93905621c	Cisco Catalyst IE3300 Rugged Series Data Sheet - Cisco	IEC 60068-2-27 (operational shock, 50G, 3ms, half sine) IEC 60068-2-27 (non-oper
141681	IE9300-DNA-E-3Y	switches	license	non-hardware	qos_features	1b91e980e48bf2c7	Cisco Catalyst IE9300 Rugged Series Data Sheet - Cisco	802.1p, priority queuing, Modular QoS command-line interface (MQC), class-based 
97607	IE9300-DNA-E-3Y	switches	license	non-hardware	programming_interfaces	1b91e980e48bf2c7	Cisco Catalyst IE9300 Rugged Series Data Sheet - Cisco	YANG, NETCONF, RESTCONF, Cisco Plug and Play (PnP), Day-0 Zero Touch Provisionin
97609	IE9300-DNA-E-3Y	switches	license	non-hardware	humidity_operating	1b91e980e48bf2c7	Cisco Catalyst IE9300 Rugged Series Data Sheet - Cisco	Relative humidity of 5% to 95% noncondensing IEC 60068-2-3 IEC 60068-2-30
97613	IE9300-DNA-E-3Y	switches	license	non-hardware	temp_operating	1b91e980e48bf2c7	Cisco Catalyst IE9300 Rugged Series Data Sheet - Cisco	Operating temperature: -40° to 75°C (-40° to 167°F) (blower-equipped cabinet) -4
97614	IE9300-DNA-E-3Y	switches	license	non-hardware	shock	1b91e980e48bf2c7	Cisco Catalyst IE9300 Rugged Series Data Sheet - Cisco	IEC 60068-2-6 (Vibration) IEC 60068-2-27 (Shock) IEC 60068-2-31 (Shock) IEC 6006
131641	IE9300-DNA-E-3Y	switches	license	non-hardware	temp_storage	1b91e980e48bf2c7	Cisco Catalyst IE9300 Rugged Series Data Sheet - Cisco	Temperature: -40° to 85°C (-40° to 185°F) Altitude: 15,000 feet (4572 m) IEC 600
97568	IE2000-DNA-E-M	switches	license	non-hardware	temp_storage	7be5a7c2ffcf5234	Cisco Industrial Ethernet 2000 Series Switches Data Sheet - Cisco	● -40 C to +85 C (storage temperature) ● IEC 60068-2-14 ● Storage altitude: Up t
97564	IE2000-DNA-E-M	switches	license	non-hardware	programming_interfaces	7be5a7c2ffcf5234	Cisco Industrial Ethernet 2000 Series Switches Data Sheet - Cisco	Cisco Network Plug-and-Play application
143148	XR-NC55-P-07.03	routers	software	non-hardware	qos_features	163e8998487b6873	Cisco Network Convergence System 5500 Series: 55A2 Chassis Data Sheet - Cisco	Hierarchical QoS Ingress classification based on Class of Service (L2), IP diffe
143149	XR-NC55-P-07.03	routers	software	non-hardware	humidity_storage	163e8998487b6873	Cisco Network Convergence System 5500 Series: 55A2 Chassis Data Sheet - Cisco	5% to 95% at 40C per NEBS GR-63-Core
205205	XR-NC55-P-07.03	routers	software	non-hardware	supported_protocols	163e8998487b6873	Cisco Network Convergence System 5500 Series: 55A2 Chassis Data Sheet - Cisco	Layer 2 switch ports IEEE 802.1Q VLAN encapsulation/Q-in-Q encapsulation IEEE 80
152389	XR-NC55-P-07.03	routers	software	non-hardware	programming_interfaces	163e8998487b6873	Cisco Network Convergence System 5500 Series: 55A2 Chassis Data Sheet - Cisco	Zero-Touch Provisioning (ZTP), iPXE Configuration management Network Configurati
152390	XR-NC55-P-07.03	routers	software	non-hardware	temp_operating	163e8998487b6873	Cisco Network Convergence System 5500 Series: 55A2 Chassis Data Sheet - Cisco	Industrial Temperature –40C to +70C (1000 feet), +65C (6000 feet), +55C (13,000 
152393	XR-NC55-P-07.03	routers	software	non-hardware	emc_emissions	07ac5acc909a3e58	Cisco Network Convergence System 5500 Series Modular Chassis - Cisco	● 47CFR Part 15 (CFR 47) Class A ● AS/NZS CISPR22 Class A ● CISPR22 Class A ● EN
152392	XR-NC55-P-07.03	routers	software	non-hardware	emc_immunity	163e8998487b6873	Cisco Network Convergence System 5500 Series: 55A2 Chassis Data Sheet - Cisco	EN55024 CISPR24 EN300386 KN35 TCVN 7317 ; EN55024 CISPR24 EN300386 KN35 TCVN 731
131549	XR-NC55-P-07.03	routers	software	non-hardware	altitude_max	163e8998487b6873	Cisco Network Convergence System 5500 Series: 55A2 Chassis Data Sheet - Cisco	0 to 13,000 ft
129112	XR-NC55-P-07.03	routers	software	non-hardware	dram	163e8998487b6873	Cisco Network Convergence System 5500 Series: 55A2 Chassis Data Sheet - Cisco	32GB
129115	XR-NC55-P-07.03	routers	software	non-hardware	humidity_operating	163e8998487b6873	Cisco Network Convergence System 5500 Series: 55A2 Chassis Data Sheet - Cisco	5% to 95% (noncondensing)
129119	XR-NC55-P-07.03	routers	software	non-hardware	segment_routing_features	163e8998487b6873	Cisco Network Convergence System 5500 Series: 55A2 Chassis Data Sheet - Cisco	Segment routing–based transport ISIS extensions to segment routing OSPF extensio
207463	XR-NC55-P-07.03	routers	software	non-hardware	certifications	163e8998487b6873	Cisco Network Convergence System 5500 Series: 55A2 Chassis Data Sheet - Cisco	GR-63-CORE GR-1089-CORE ; 47CFR Part 15 (CFR 47) Class A CISPR32 Class A EN55032
143131	XR-NC55-PK9-07.00	routers	software	non-hardware	qos_features	163e8998487b6873	Cisco Network Convergence System 5500 Series: 55A2 Chassis Data Sheet - Cisco	Hierarchical QoS Ingress classification based on Class of Service (L2), IP diffe
143132	XR-NC55-PK9-07.00	routers	software	non-hardware	humidity_storage	163e8998487b6873	Cisco Network Convergence System 5500 Series: 55A2 Chassis Data Sheet - Cisco	5% to 95% at 40C per NEBS GR-63-Core
205206	XR-NC55-PK9-07.00	routers	software	non-hardware	supported_protocols	163e8998487b6873	Cisco Network Convergence System 5500 Series: 55A2 Chassis Data Sheet - Cisco	Layer 2 switch ports IEEE 802.1Q VLAN encapsulation/Q-in-Q encapsulation IEEE 80
152404	XR-NC55-PK9-07.00	routers	software	non-hardware	emc_immunity	163e8998487b6873	Cisco Network Convergence System 5500 Series: 55A2 Chassis Data Sheet - Cisco	EN55024 CISPR24 EN300386 KN35 TCVN 7317 ; EN55024 CISPR24 EN300386 KN35 TCVN 731
152401	XR-NC55-PK9-07.00	routers	software	non-hardware	programming_interfaces	163e8998487b6873	Cisco Network Convergence System 5500 Series: 55A2 Chassis Data Sheet - Cisco	Zero-Touch Provisioning (ZTP), iPXE Configuration management Network Configurati
152402	XR-NC55-PK9-07.00	routers	software	non-hardware	temp_operating	163e8998487b6873	Cisco Network Convergence System 5500 Series: 55A2 Chassis Data Sheet - Cisco	Industrial Temperature –40C to +70C (1000 feet), +65C (6000 feet), +55C (13,000 
152405	XR-NC55-PK9-07.00	routers	software	non-hardware	emc_emissions	07ac5acc909a3e58	Cisco Network Convergence System 5500 Series Modular Chassis - Cisco	● 47CFR Part 15 (CFR 47) Class A ● AS/NZS CISPR22 Class A ● CISPR22 Class A ● EN
131551	XR-NC55-PK9-07.00	routers	software	non-hardware	altitude_max	163e8998487b6873	Cisco Network Convergence System 5500 Series: 55A2 Chassis Data Sheet - Cisco	0 to 13,000 ft
128934	XR-NC55-PK9-07.00	routers	software	non-hardware	dram	163e8998487b6873	Cisco Network Convergence System 5500 Series: 55A2 Chassis Data Sheet - Cisco	32GB
128937	XR-NC55-PK9-07.00	routers	software	non-hardware	humidity_operating	163e8998487b6873	Cisco Network Convergence System 5500 Series: 55A2 Chassis Data Sheet - Cisco	5% to 95% (noncondensing)
128941	XR-NC55-PK9-07.00	routers	software	non-hardware	segment_routing_features	163e8998487b6873	Cisco Network Convergence System 5500 Series: 55A2 Chassis Data Sheet - Cisco	Segment routing–based transport ISIS extensions to segment routing OSPF extensio
207465	XR-NC55-PK9-07.00	routers	software	non-hardware	certifications	163e8998487b6873	Cisco Network Convergence System 5500 Series: 55A2 Chassis Data Sheet - Cisco	GR-63-CORE GR-1089-CORE ; 47CFR Part 15 (CFR 47) Class A CISPR32 Class A EN55032
102441	N3548-BAS1K9	switches	license	non-hardware	emc_emissions	3a6079cc99f8bc30	Cisco Nexus 3548-X, 3524-X, 3548-XL, and 3524-XL Switches Data Sheet - Cisco	● 47CFR Part 15 (CFR 47) Class A ● AS/NZS CISPR22 Class A ● CISPR22 Class A ● EN
102442	N3548-BAS1K9	switches	license	non-hardware	emc_immunity	3a6079cc99f8bc30	Cisco Nexus 3548-X, 3524-X, 3548-XL, and 3524-XL Switches Data Sheet - Cisco	● EN55024 ● CISPR24 ● EN300386 ● KN24
143123	XR-NC55-PK9-07.01	routers	software	non-hardware	qos_features	163e8998487b6873	Cisco Network Convergence System 5500 Series: 55A2 Chassis Data Sheet - Cisco	Hierarchical QoS Ingress classification based on Class of Service (L2), IP diffe
143124	XR-NC55-PK9-07.01	routers	software	non-hardware	humidity_storage	163e8998487b6873	Cisco Network Convergence System 5500 Series: 55A2 Chassis Data Sheet - Cisco	5% to 95% at 40C per NEBS GR-63-Core
152407	XR-NC55-PK9-07.01	routers	software	non-hardware	programming_interfaces	163e8998487b6873	Cisco Network Convergence System 5500 Series: 55A2 Chassis Data Sheet - Cisco	Zero-Touch Provisioning (ZTP), iPXE Configuration management Network Configurati
152408	XR-NC55-PK9-07.01	routers	software	non-hardware	temp_operating	163e8998487b6873	Cisco Network Convergence System 5500 Series: 55A2 Chassis Data Sheet - Cisco	Industrial Temperature –40C to +70C (1000 feet), +65C (6000 feet), +55C (13,000 
152411	XR-NC55-PK9-07.01	routers	software	non-hardware	emc_emissions	07ac5acc909a3e58	Cisco Network Convergence System 5500 Series Modular Chassis - Cisco	● 47CFR Part 15 (CFR 47) Class A ● AS/NZS CISPR22 Class A ● CISPR22 Class A ● EN
152410	XR-NC55-PK9-07.01	routers	software	non-hardware	emc_immunity	163e8998487b6873	Cisco Network Convergence System 5500 Series: 55A2 Chassis Data Sheet - Cisco	EN55024 CISPR24 EN300386 KN35 TCVN 7317 ; EN55024 CISPR24 EN300386 KN35 TCVN 731
131552	XR-NC55-PK9-07.01	routers	software	non-hardware	altitude_max	163e8998487b6873	Cisco Network Convergence System 5500 Series: 55A2 Chassis Data Sheet - Cisco	0 to 13,000 ft
128850	XR-NC55-PK9-07.01	routers	software	non-hardware	dram	163e8998487b6873	Cisco Network Convergence System 5500 Series: 55A2 Chassis Data Sheet - Cisco	32GB
128853	XR-NC55-PK9-07.01	routers	software	non-hardware	humidity_operating	163e8998487b6873	Cisco Network Convergence System 5500 Series: 55A2 Chassis Data Sheet - Cisco	5% to 95% (noncondensing)
128857	XR-NC55-PK9-07.01	routers	software	non-hardware	segment_routing_features	163e8998487b6873	Cisco Network Convergence System 5500 Series: 55A2 Chassis Data Sheet - Cisco	Segment routing–based transport ISIS extensions to segment routing OSPF extensio
205207	XR-NC55-PK9-07.01	routers	software	non-hardware	supported_protocols	163e8998487b6873	Cisco Network Convergence System 5500 Series: 55A2 Chassis Data Sheet - Cisco	Layer 2 switch ports IEEE 802.1Q VLAN encapsulation/Q-in-Q encapsulation IEEE 80
207466	XR-NC55-PK9-07.01	routers	software	non-hardware	certifications	163e8998487b6873	Cisco Network Convergence System 5500 Series: 55A2 Chassis Data Sheet - Cisco	GR-63-CORE GR-1089-CORE ; 47CFR Part 15 (CFR 47) Class A CISPR32 Class A EN55032
197963	M9200EXT12K9=	interfaces-modules	license	non-hardware	supported_protocols	1b98b1a44bc94014	Cisco MDS 9000 Family Multiprotocol Services Module - Cisco	• Fibre Channel standards · FC-PH, Revision 4.3 (ANSI/INCITS 230-1994) · FC-PH, 
152572	M9200EXT12K9=	interfaces-modules	license	non-hardware	fabric_services	1b98b1a44bc94014	Cisco MDS 9000 Family Multiprotocol Services Module - Cisco	• Name server · Internet Storage Name Server (iSNS) · Registered State Change No
152573	M9200EXT12K9=	interfaces-modules	license	non-hardware	programming_interfaces	1b98b1a44bc94014	Cisco MDS 9000 Family Multiprotocol Services Module - Cisco	• Scriptable CLI • Fabric Manager GUI • Device Manager GUI
207472	M9200EXT12K9=	interfaces-modules	license	non-hardware	certifications	1b98b1a44bc94014	Cisco MDS 9000 Family Multiprotocol Services Module - Cisco	• Safety compliance · CE Marking · UL 60950 · CAN/CSA-C22.2 No. 60950 · EN 60950
99320	L-SL-39-UC-K9=	routers	license	non-hardware	dram	e539825af78bd0b5	Cisco Integrated Services Routers Generation 2 Ordering Guide - Cisco	None available; Fixed 512MB DRAM only
99321	L-SL-39-UC-K9=	routers	license	non-hardware	flash	e539825af78bd0b5	Cisco Integrated Services Routers Generation 2 Ordering Guide - Cisco	None available; Fixed internal 256MB eUSB Flash only
142011	NC55-50G-DWDM-LIC	routers	license	non-hardware	qos_features	19e03350ca929dbf	Cisco Network Convergence System 5500 Series: 1.2-Tbps IPoDWDM Modular Line Card Data Shee	● Quality of Service (QoS) ● Ingress classification based on class of service (L
204366	NC55-50G-DWDM-LIC	routers	license	non-hardware	supported_protocols	19e03350ca929dbf	Cisco Network Convergence System 5500 Series: 1.2-Tbps IPoDWDM Modular Line Card Data Shee	● Layer 2 switch ports ● IEEE 802.1Q VLAN encapsulation/Q-in-Q encapsulation ● I
146036	NC55-50G-DWDM-LIC	routers	license	non-hardware	optical_pm	19e03350ca929dbf	Cisco Network Convergence System 5500 Series: 1.2-Tbps IPoDWDM Modular Line Card Data Shee	Transmit optical power ; Transmitter laser bias current ; Receiver optical signa
146038	NC55-50G-DWDM-LIC	routers	license	non-hardware	programming_interfaces	19e03350ca929dbf	Cisco Network Convergence System 5500 Series: 1.2-Tbps IPoDWDM Modular Line Card Data Shee	● Zero-Touch Provisioning (ZTP), iPXE ● Configuration management ● Network Confi
146040	NC55-50G-DWDM-LIC	routers	license	non-hardware	emc_immunity	19e03350ca929dbf	Cisco Network Convergence System 5500 Series: 1.2-Tbps IPoDWDM Modular Line Card Data Shee	● EN55024 ● CISPR24 ● EN300386 ● KN 61000-4 series
104263	NC55-50G-DWDM-LIC	routers	license	non-hardware	segment_routing_features	19e03350ca929dbf	Cisco Network Convergence System 5500 Series: 1.2-Tbps IPoDWDM Modular Line Card Data Shee	● Segment routing–based transport ● ISIS extensions to segment routing ● OSPF ex
206650	NC55-50G-DWDM-LIC	routers	license	non-hardware	certifications	19e03350ca929dbf	Cisco Network Convergence System 5500 Series: 1.2-Tbps IPoDWDM Modular Line Card Data Shee	Designed to meet GR-63-CORE and GR-1089-CORE 55C short term operation per GR63-C
140746	C3850-48-S-E	switches	license	non-hardware	humidity_storage	5664cf3b037d513b	Cisco Catalyst 3850 Series Switches Data Sheet - Cisco	5 to 90% noncondensing
76469	C3850-48-S-E	switches	license	non-hardware	temp_operating	5664cf3b037d513b	Cisco Catalyst 3850 Series Switches Data Sheet - Cisco	23 to 113°F (-5 to 45°C)
76470	C3850-48-S-E	switches	license	non-hardware	temp_storage	5664cf3b037d513b	Cisco Catalyst 3850 Series Switches Data Sheet - Cisco	-40 to 158°F (-40 to 70°C)
199309	C3850-48-S-E	switches	license	non-hardware	ieee_standards	5664cf3b037d513b	Cisco Catalyst 3850 Series Switches Data Sheet - Cisco	IEEE 802.1as IEEE 802.1s IEEE 802.1w IEEE 802.11 IEEE 802.1x IEEE 802.1x-Rev IEE
158346	C3850-48-S-E	switches	license	non-hardware	altitude_max	5664cf3b037d513b	Cisco Catalyst 3850 Series Switches Data Sheet - Cisco	10,000 ft. (3000 meters), up to 45°C
207543	C3850-48-S-E	switches	license	non-hardware	certifications	5664cf3b037d513b	Cisco Catalyst 3850 Series Switches Data Sheet - Cisco	UL 60950-1 Second Edition CAN/CSA-C22.2 No. 60950-1 Second Edition EN 60950-1 Se
174807	HX-DCPMM-AD	hyperconverged-systems	non_product	non-hardware	humidity_operating	52fdd2003a38bfef	Cisco HyperFlex HX240C M6 LFF Server Node Spec Sheet	10% to 90% and 28°C (82.4°F) maximum dew-point temperature,
174808	HX-DCPMM-AD	hyperconverged-systems	non_product	non-hardware	humidity_storage	52fdd2003a38bfef	Cisco HyperFlex HX240C M6 LFF Server Node Spec Sheet	5% to 93% relative humidity, non-condensing, with a maximum
157348	HX-DCPMM-AD	hyperconverged-systems	non_product	non-hardware	emc_emissions	52fdd2003a38bfef	Cisco HyperFlex HX240C M6 LFF Server Node Spec Sheet	47CFR Part 15 (CFR 47) Class A  AS/NZS CISPR32 Class A  CISPR32 Class A EN550
157349	HX-DCPMM-AD	hyperconverged-systems	non_product	non-hardware	emc_immunity	52fdd2003a38bfef	Cisco HyperFlex HX240C M6 LFF Server Node Spec Sheet	EN55024 CISPR24 EN300386 KN35
204118	A9K-MOD80-AIP-SE	routers	license	non-hardware	ieee_standards	8ca1749c46484a31	Cisco ASR 9000 Series Modular Line Cards Data Sheet - Cisco	● IEEE 802.3 compliant ● 10 Gigabit Ethernet PHY monitoring ● IEEE 802.x flow co
140512	A9K-MOD80-AIP-SE	routers	license	non-hardware	humidity_storage	8ca1749c46484a31	Cisco ASR 9000 Series Modular Line Cards Data Sheet - Cisco	5 to 95% Note: Not to exceed 0.024 kg of water per kg of dry air
72223	A9K-MOD80-AIP-SE	routers	license	non-hardware	humidity_operating	8ca1749c46484a31	Cisco ASR 9000 Series Modular Line Cards Data Sheet - Cisco	10 to 85%
153331	A9K-MOD80-AIP-SE	routers	license	non-hardware	temp_storage	8ca1749c46484a31	Cisco ASR 9000 Series Modular Line Cards Data Sheet - Cisco	–40 to 158ºF (–40 to 70ºC)
153330	A9K-MOD80-AIP-SE	routers	license	non-hardware	temp_operating	8ca1749c46484a31	Cisco ASR 9000 Series Modular Line Cards Data Sheet - Cisco	23 to 131ºF (–5 to 55ºC)
153333	A9K-MOD80-AIP-SE	routers	license	non-hardware	etsi_standards	8ca1749c46484a31	Cisco ASR 9000 Series Modular Line Cards Data Sheet - Cisco	Cisco ASR 9000 Series Routers are designed to meet: ● EN300 386: Telecommunicati
153332	A9K-MOD80-AIP-SE	routers	license	non-hardware	altitude_max	8ca1749c46484a31	Cisco ASR 9000 Series Modular Line Cards Data Sheet - Cisco	–60 to 4000m (up to 2000m conforms to IEC, EN, UL, and CSA 60950 requirements)
207674	A9K-MOD80-AIP-SE	routers	license	non-hardware	certifications	8ca1749c46484a31	Cisco ASR 9000 Series Modular Line Cards Data Sheet - Cisco	Cisco ASR 9000 Series Routers are designed to meet: ● SR-3580: NEBS Criteria Lev
114291	R-XRV9000-601	routers	software	non-hardware	segment_routing_features	cad9e5016e8f34c6	Cisco IOS XR Release 6.1.2 for Cisco ASR 9000 Series Routers Product Bulletin - Cisco	Auto-route Destination The auto-route destination feature allows you to automati
144454	M91VXK9-A-3Y	storage-networking	license	non-hardware	diagnostics	b1c4eb1b17106929	MDS 9124V 64-Gbps 24-Port Fibre Channel Switch Data Sheet - Cisco	● Power-On-Self-Test (POST) diagnostics ● Online Health Management System (OHMS)
144455	M91VXK9-A-3Y	storage-networking	license	non-hardware	programming_interfaces	b1c4eb1b17106929	MDS 9124V 64-Gbps 24-Port Fibre Channel Switch Data Sheet - Cisco	● Scriptable CLI ● Cisco DCNM/NDFC web services API ● NX-API HTTP/HTTPS interfac
144457	M91VXK9-A-3Y	storage-networking	license	non-hardware	fabric_services	b1c4eb1b17106929	MDS 9124V 64-Gbps 24-Port Fibre Channel Switch Data Sheet - Cisco	● Name server ● Registered State Change Notification (RSCN) ● Login services ● F
144456	M91VXK9-A-3Y	storage-networking	license	non-hardware	certifications	b1c4eb1b17106929	MDS 9124V 64-Gbps 24-Port Fibre Channel Switch Data Sheet - Cisco	● Safety compliance ● CE Marking ● UL 60950 ● CAN/CSA-C22.2 No. 60950 ● EN 60950
144453	M91VXK9-A-3Y	storage-networking	license	non-hardware	supported_protocols	b1c4eb1b17106929	MDS 9124V 64-Gbps 24-Port Fibre Channel Switch Data Sheet - Cisco	● Fibre Channel standards ● FC-PI-6 (INCITS 512-2015) ● FC-PI-7 (INCITS 543-2019
99791	M91VXK9-A-3Y	storage-networking	license	non-hardware	temp_operating	b1c4eb1b17106929	MDS 9124V 64-Gbps 24-Port Fibre Channel Switch Data Sheet - Cisco	● Temperature, ambient operating: ◦ 32 to 104°F (0 to 40°C) with port-side exhau
144493	M91VXK9-P-3Y-OSM	storage-networking	license	non-hardware	supported_protocols	b1c4eb1b17106929	MDS 9124V 64-Gbps 24-Port Fibre Channel Switch Data Sheet - Cisco	● Fibre Channel standards ● FC-PI-6 (INCITS 512-2015) ● FC-PI-7 (INCITS 543-2019
144494	M91VXK9-P-3Y-OSM	storage-networking	license	non-hardware	diagnostics	b1c4eb1b17106929	MDS 9124V 64-Gbps 24-Port Fibre Channel Switch Data Sheet - Cisco	● Power-On-Self-Test (POST) diagnostics ● Online Health Management System (OHMS)
144495	M91VXK9-P-3Y-OSM	storage-networking	license	non-hardware	programming_interfaces	b1c4eb1b17106929	MDS 9124V 64-Gbps 24-Port Fibre Channel Switch Data Sheet - Cisco	● Scriptable CLI ● Cisco DCNM/NDFC web services API ● NX-API HTTP/HTTPS interfac
144496	M91VXK9-P-3Y-OSM	storage-networking	license	non-hardware	certifications	b1c4eb1b17106929	MDS 9124V 64-Gbps 24-Port Fibre Channel Switch Data Sheet - Cisco	● Safety compliance ● CE Marking ● UL 60950 ● CAN/CSA-C22.2 No. 60950 ● EN 60950
144497	M91VXK9-P-3Y-OSM	storage-networking	license	non-hardware	fabric_services	b1c4eb1b17106929	MDS 9124V 64-Gbps 24-Port Fibre Channel Switch Data Sheet - Cisco	● Name server ● Registered State Change Notification (RSCN) ● Login services ● F
100178	M91VXK9-P-3Y-OSM	storage-networking	license	non-hardware	temp_operating	b1c4eb1b17106929	MDS 9124V 64-Gbps 24-Port Fibre Channel Switch Data Sheet - Cisco	● Temperature, ambient operating: ◦ 32 to 104°F (0 to 40°C) with port-side exhau
150168	M9396V-PL16	storage-networking	license	non-hardware	diagnostics	ebe72ba693522dab	Cisco MDS 9396V 64-Gbps 96-Port Fibre Channel Switch Data Sheet - Cisco	● Power-On-Self-Test (POST) diagnostics ● Online Health Management System (OHMS)
150169	M9396V-PL16	storage-networking	license	non-hardware	programming_interfaces	ebe72ba693522dab	Cisco MDS 9396V 64-Gbps 96-Port Fibre Channel Switch Data Sheet - Cisco	● Scriptable CLI ● Cisco NDFC web services API ● NX-API HTTP/HTTPS interfaces ● 
150171	M9396V-PL16	storage-networking	license	non-hardware	fabric_services	ebe72ba693522dab	Cisco MDS 9396V 64-Gbps 96-Port Fibre Channel Switch Data Sheet - Cisco	● Name server ● Registered State Change Notification (RSCN) ● Login services ● F
100920	M9396V-PL16	storage-networking	license	non-hardware	temp_operating	ebe72ba693522dab	Cisco MDS 9396V 64-Gbps 96-Port Fibre Channel Switch Data Sheet - Cisco	● Temperature, ambient operating: ◦ 32 to 104°F (0 to 40°C) with port-side exhau
150170	M9396V-PL16	storage-networking	license	non-hardware	certifications	ebe72ba693522dab	Cisco MDS 9396V 64-Gbps 96-Port Fibre Channel Switch Data Sheet - Cisco	● Safety compliance ● CE Marking ● UL 60950 ● CAN/CSA-C22.2 No. 60950 ● EN 60950
151945	M9220I-UPGK9=	storage-networking	license	non-hardware	supported_protocols	cdd5c57512d3c672	Cisco MDS 9220i Multiservice Fabric Switch Data Sheet - Cisco	● Fibre Channel standards ◦ FC-PH, Revision 4.3 (ANSI INCITS 230-1994) ◦ FC-PH, 
151946	M9220I-UPGK9=	storage-networking	license	non-hardware	fabric_services	cdd5c57512d3c672	Cisco MDS 9220i Multiservice Fabric Switch Data Sheet - Cisco	● Name server ● Registered State Change Notification (RSCN) ● Login services ● F
151947	M9220I-UPGK9=	storage-networking	license	non-hardware	diagnostics	cdd5c57512d3c672	Cisco MDS 9220i Multiservice Fabric Switch Data Sheet - Cisco	● POST diagnostics ● Cisco Online Health Management System (OHMS) ● Internal por
151948	M9220I-UPGK9=	storage-networking	license	non-hardware	programming_interfaces	cdd5c57512d3c672	Cisco MDS 9220i Multiservice Fabric Switch Data Sheet - Cisco	● Scriptable CLI ● NX-API ● Cisco DCNM web services API ● On-board Python interp
151949	M9220I-UPGK9=	storage-networking	license	non-hardware	certifications	cdd5c57512d3c672	Cisco MDS 9220i Multiservice Fabric Switch Data Sheet - Cisco	● Safety compliance ● CE Marking ● UL 60950 ● CAN/CSA-C22.2 No. 60950 ● EN 60950
144464	M91VXK9-A-5Y	storage-networking	license	non-hardware	diagnostics	b1c4eb1b17106929	MDS 9124V 64-Gbps 24-Port Fibre Channel Switch Data Sheet - Cisco	● Power-On-Self-Test (POST) diagnostics ● Online Health Management System (OHMS)
144465	M91VXK9-A-5Y	storage-networking	license	non-hardware	programming_interfaces	b1c4eb1b17106929	MDS 9124V 64-Gbps 24-Port Fibre Channel Switch Data Sheet - Cisco	● Scriptable CLI ● Cisco DCNM/NDFC web services API ● NX-API HTTP/HTTPS interfac
144466	M91VXK9-A-5Y	storage-networking	license	non-hardware	certifications	b1c4eb1b17106929	MDS 9124V 64-Gbps 24-Port Fibre Channel Switch Data Sheet - Cisco	● Safety compliance ● CE Marking ● UL 60950 ● CAN/CSA-C22.2 No. 60950 ● EN 60950
144467	M91VXK9-A-5Y	storage-networking	license	non-hardware	fabric_services	b1c4eb1b17106929	MDS 9124V 64-Gbps 24-Port Fibre Channel Switch Data Sheet - Cisco	● Name server ● Registered State Change Notification (RSCN) ● Login services ● F
144463	M91VXK9-A-5Y	storage-networking	license	non-hardware	supported_protocols	b1c4eb1b17106929	MDS 9124V 64-Gbps 24-Port Fibre Channel Switch Data Sheet - Cisco	● Fibre Channel standards ● FC-PI-6 (INCITS 512-2015) ● FC-PI-7 (INCITS 543-2019
100269	M91VXK9-A-5Y	storage-networking	license	non-hardware	temp_operating	b1c4eb1b17106929	MDS 9124V 64-Gbps 24-Port Fibre Channel Switch Data Sheet - Cisco	● Temperature, ambient operating: ◦ 32 to 104°F (0 to 40°C) with port-side exhau
151595	WS-C4900-SW-LIC	switches	license	non-hardware	certifications	4fc9df164f1cbe14	Cisco Catalyst 4948 10 Gigabit Ethernet Switch Data Sheet - Cisco	● GR-63-Core NEBS Level 3 ● GR-1089-Core NEBS Level 3
128957	XR-NCS1K4-721K9	optical-networking	license	non-hardware	regions_supported	807edec259fb340d	Cisco Network Convergence System 1004 Data Sheet - Cisco	● European Union ● Africa ● CSI ● Australia ● New Zealand ● China ● Korea ● Indi
152520	XR-NCS1K4-721K9	optical-networking	license	non-hardware	certifications	807edec259fb340d	Cisco Network Convergence System 1004 Data Sheet - Cisco	● IEC 60950-1 Information technology equipment Safety Part 1: General requiremen
144439	M9124V-PL8=	storage-networking	license	non-hardware	diagnostics	b1c4eb1b17106929	MDS 9124V 64-Gbps 24-Port Fibre Channel Switch Data Sheet - Cisco	● Power-On-Self-Test (POST) diagnostics ● Online Health Management System (OHMS)
144440	M9124V-PL8=	storage-networking	license	non-hardware	programming_interfaces	b1c4eb1b17106929	MDS 9124V 64-Gbps 24-Port Fibre Channel Switch Data Sheet - Cisco	● Scriptable CLI ● Cisco DCNM/NDFC web services API ● NX-API HTTP/HTTPS interfac
144441	M9124V-PL8=	storage-networking	license	non-hardware	certifications	b1c4eb1b17106929	MDS 9124V 64-Gbps 24-Port Fibre Channel Switch Data Sheet - Cisco	● Safety compliance ● CE Marking ● UL 60950 ● CAN/CSA-C22.2 No. 60950 ● EN 60950
144442	M9124V-PL8=	storage-networking	license	non-hardware	fabric_services	b1c4eb1b17106929	MDS 9124V 64-Gbps 24-Port Fibre Channel Switch Data Sheet - Cisco	● Name server ● Registered State Change Notification (RSCN) ● Login services ● F
144438	M9124V-PL8=	storage-networking	license	non-hardware	supported_protocols	b1c4eb1b17106929	MDS 9124V 64-Gbps 24-Port Fibre Channel Switch Data Sheet - Cisco	● Fibre Channel standards ● FC-PI-6 (INCITS 512-2015) ● FC-PI-7 (INCITS 543-2019
99930	M9124V-PL8=	storage-networking	license	non-hardware	temp_operating	b1c4eb1b17106929	MDS 9124V 64-Gbps 24-Port Fibre Channel Switch Data Sheet - Cisco	● Temperature, ambient operating: ◦ 32 to 104°F (0 to 40°C) with port-side exhau
141151	C9200CX-DNXE-8-7Y	switches	license	non-hardware	humidity_storage	de692de8d2c8f641	Cisco Catalyst 9200 Series Switches Data Sheet - Cisco	5% to 90% noncondensing
80025	C9200CX-DNXE-8-7Y	switches	license	non-hardware	temp_storage	de692de8d2c8f641	Cisco Catalyst 9200 Series Switches Data Sheet - Cisco	-40° to 158°F (-40° to 70°C)
80024	C9200CX-DNXE-8-7Y	switches	license	non-hardware	temp_operating	de692de8d2c8f641	Cisco Catalyst 9200 Series Switches Data Sheet - Cisco	Normal operating temperature * and altitudes: ● -5°C to +45°C, up to 5000 feet (
147035	C9200CX-DNXE-8-7Y	switches	license	non-hardware	ieee_standards	de692de8d2c8f641	Cisco Catalyst 9200 Series Switches Data Sheet - Cisco	EEE 802.1s ; RMON I and II standards ; IEEE 802.1w ; SNMPv1, v2c, and v3 ; IEEE 
158423	C9200CX-DNXE-8-7Y	switches	license	non-hardware	altitude_max	de692de8d2c8f641	Cisco Catalyst 9200 Series Switches Data Sheet - Cisco	10,000 ft. (3000 meters), up to 45°C
147036	C9200CX-DNXE-8-7Y	switches	license	non-hardware	certifications	de692de8d2c8f641	Cisco Catalyst 9200 Series Switches Data Sheet - Cisco	● 47 CFR Part 15 ● CISPR 32 Class A ● CNS 13438 ● EN 300 386 * ● EN 55032 Class 
112302	PM-8QAM	optical-networking	non_product	non-hardware	regions_supported	1a1ab3e54571da24	Cisco Network Convergence System 1004 L-Band Transponder Line Card Data Sheet - Cisco	● European Union ● Africa ● CSI ● Australia ● New Zealand ● China ● Korea ● Indi
112303	PM-8QAM	optical-networking	non_product	non-hardware	temp_storage	1a1ab3e54571da24	Cisco Network Convergence System 1004 L-Band Transponder Line Card Data Sheet - Cisco	-28°C to 70°C (-20°F to 158°F)
112304	PM-8QAM	optical-networking	non_product	non-hardware	humidity_operating	1a1ab3e54571da24	Cisco Network Convergence System 1004 L-Band Transponder Line Card Data Sheet - Cisco	● 5% to 85%, noncondensing ● 5% to 90% but not to exceed 0.024 kg water/kg of dr
112305	PM-8QAM	optical-networking	non_product	non-hardware	laser_safety_class	1a1ab3e54571da24	Cisco Network Convergence System 1004 L-Band Transponder Line Card Data Sheet - Cisco	1
146281	PM-8QAM	optical-networking	non_product	non-hardware	optical_pm	1a1ab3e54571da24	Cisco Network Convergence System 1004 L-Band Transponder Line Card Data Sheet - Cisco	Transmitter optical power ; Transmitter laser bias current ; Receiver optical po
146280	PM-8QAM	optical-networking	non_product	non-hardware	certifications	1a1ab3e54571da24	Cisco Network Convergence System 1004 L-Band Transponder Line Card Data Sheet - Cisco	● IEC 60950-1 Information technology equipment Safety Part 1: General requiremen
141160	C9300L-LIC=	switches	license	non-hardware	humidity_storage	638d72c59601332b	Cisco Catalyst 9300 Series Switches Data Sheet - Cisco	5% to 90% noncondensing
198537	C9300L-LIC=	switches	license	non-hardware	ieee_standards	638d72c59601332b	Cisco Catalyst 9300 Series Switches Data Sheet - Cisco	IEEE 802.1s IEEE 802.1w IEEE 802.1x IEEE 802.1x-Rev IEEE 802.3ad IEEE 802.3ae IE
80079	C9300L-LIC=	switches	license	non-hardware	temp_operating	638d72c59601332b	Cisco Catalyst 9300 Series Switches Data Sheet - Cisco	Normal operating temperature * and altitudes: -5°C to +45°C, up to 5000 feet (15
80080	C9300L-LIC=	switches	license	non-hardware	temp_storage	638d72c59601332b	Cisco Catalyst 9300 Series Switches Data Sheet - Cisco	-40° to 158°F (-40° to 70°C)
158426	C9300L-LIC=	switches	license	non-hardware	altitude_max	638d72c59601332b	Cisco Catalyst 9300 Series Switches Data Sheet - Cisco	10,000 ft. (3000 meters), up to 45°C
149493	C9300L-LIC=	switches	license	non-hardware	certifications	638d72c59601332b	Cisco Catalyst 9300 Series Switches Data Sheet - Cisco	● UL 60950-1 ● CAN/CSA-C222.2 No. 60950-1 ● EN 60950-1 ● IEC 60950-1 ● AS/NZS 60
113860	QDD-4ZQ100-CUxM	transceiver	non_product	non-hardware	temp_storage	da3cfbb69aa6bc9f	Cisco 400G QSFP-DD Cable and Transceiver Modules Data Sheet - Cisco	-40 to 85°C
140946	C9200-24-E-A-5	switches	license	non-hardware	humidity_storage	de692de8d2c8f641	Cisco Catalyst 9200 Series Switches Data Sheet - Cisco	5% to 90% noncondensing
78739	C9200-24-E-A-5	switches	license	non-hardware	temp_operating	de692de8d2c8f641	Cisco Catalyst 9200 Series Switches Data Sheet - Cisco	Normal operating temperature * and altitudes: ● -5°C to +45°C, up to 5000 feet (
78740	C9200-24-E-A-5	switches	license	non-hardware	temp_storage	de692de8d2c8f641	Cisco Catalyst 9200 Series Switches Data Sheet - Cisco	-40° to 158°F (-40° to 70°C)
146915	C9200-24-E-A-5	switches	license	non-hardware	ieee_standards	de692de8d2c8f641	Cisco Catalyst 9200 Series Switches Data Sheet - Cisco	EEE 802.1s ; RMON I and II standards ; IEEE 802.1w ; SNMPv1, v2c, and v3 ; IEEE 
158373	C9200-24-E-A-5	switches	license	non-hardware	altitude_max	de692de8d2c8f641	Cisco Catalyst 9200 Series Switches Data Sheet - Cisco	10,000 ft. (3000 meters), up to 45°C
146916	C9200-24-E-A-5	switches	license	non-hardware	certifications	de692de8d2c8f641	Cisco Catalyst 9200 Series Switches Data Sheet - Cisco	● 47 CFR Part 15 ● CISPR 32 Class A ● CNS 13438 ● EN 300 386 * ● EN 55032 Class 
98842	L-FP2900-TA-1Y	routers	license	non-hardware	dram	e539825af78bd0b5	Cisco Integrated Services Routers Generation 2 Ordering Guide - Cisco	None available; Fixed 512MB DRAM only
98843	L-FP2900-TA-1Y	routers	license	non-hardware	flash	e539825af78bd0b5	Cisco Integrated Services Routers Generation 2 Ordering Guide - Cisco	None available; Fixed internal 256MB eUSB Flash only
98854	L-FP3945E-TAMC-1Y	routers	license	non-hardware	dram	e539825af78bd0b5	Cisco Integrated Services Routers Generation 2 Ordering Guide - Cisco	None available; Fixed 512MB DRAM only
98855	L-FP3945E-TAMC-1Y	routers	license	non-hardware	flash	e539825af78bd0b5	Cisco Integrated Services Routers Generation 2 Ordering Guide - Cisco	None available; Fixed internal 256MB eUSB Flash only
98866	L-FP2900-TAMC-1Y	routers	license	non-hardware	dram	e539825af78bd0b5	Cisco Integrated Services Routers Generation 2 Ordering Guide - Cisco	None available; Fixed 512MB DRAM only
98867	L-FP2900-TAMC-1Y	routers	license	non-hardware	flash	e539825af78bd0b5	Cisco Integrated Services Routers Generation 2 Ordering Guide - Cisco	None available; Fixed internal 256MB eUSB Flash only
203755	A9K-2T-SE-LIC	routers	license	non-hardware	ieee_standards	af64a934603f2213	Cisco ASR 9000 Series 40 and 56 Gigabit Ethernet Line Cards Data Sheet - Cisco	● 1- and 10-Gbps IEEE 802.3 compliant ● 1 and 10 Gigabit Ethernet PHY monitoring
72550	A9K-2T-SE-LIC	routers	license	non-hardware	temp_storage	af64a934603f2213	Cisco ASR 9000 Series 40 and 56 Gigabit Ethernet Line Cards Data Sheet - Cisco	-40 to 158ºF (-40 to 70ºC)
145700	A9K-2T-SE-LIC	routers	license	non-hardware	etsi_standards	af64a934603f2213	Cisco ASR 9000 Series 40 and 56 Gigabit Ethernet Line Cards Data Sheet - Cisco	Cisco ASR 9000 Series Routers are designed to meet: ● EN300 386: Telecommunicati
145699	A9K-2T-SE-LIC	routers	license	non-hardware	temp_operating	af64a934603f2213	Cisco ASR 9000 Series 40 and 56 Gigabit Ethernet Line Cards Data Sheet - Cisco	23 to 131ºF (-5 to 55ºC)
130674	A9K-2T-SE-LIC	routers	license	non-hardware	altitude_max	af64a934603f2213	Cisco ASR 9000 Series 40 and 56 Gigabit Ethernet Line Cards Data Sheet - Cisco	-60 to 4000m (up to 2000m conforms to IEC, EN, UL, and CSA 60950 requirements)
207780	A9K-2T-SE-LIC	routers	license	non-hardware	certifications	af64a934603f2213	Cisco ASR 9000 Series 40 and 56 Gigabit Ethernet Line Cards Data Sheet - Cisco	Cisco ASR 9000 Series Routers are designed to meet: ● SR-3580: NEBS Criteria Lev
203764	A9K-4T16GE-AIP-TR	routers	license	non-hardware	ieee_standards	af64a934603f2213	Cisco ASR 9000 Series 40 and 56 Gigabit Ethernet Line Cards Data Sheet - Cisco	● 1- and 10-Gbps IEEE 802.3 compliant ● 1 and 10 Gigabit Ethernet PHY monitoring
72773	A9K-4T16GE-AIP-TR	routers	license	non-hardware	temp_storage	af64a934603f2213	Cisco ASR 9000 Series 40 and 56 Gigabit Ethernet Line Cards Data Sheet - Cisco	-40 to 158ºF (-40 to 70ºC)
145736	A9K-4T16GE-AIP-TR	routers	license	non-hardware	etsi_standards	af64a934603f2213	Cisco ASR 9000 Series 40 and 56 Gigabit Ethernet Line Cards Data Sheet - Cisco	Cisco ASR 9000 Series Routers are designed to meet: ● EN300 386: Telecommunicati
145735	A9K-4T16GE-AIP-TR	routers	license	non-hardware	temp_operating	af64a934603f2213	Cisco ASR 9000 Series 40 and 56 Gigabit Ethernet Line Cards Data Sheet - Cisco	23 to 131ºF (-5 to 55ºC)
130683	A9K-4T16GE-AIP-TR	routers	license	non-hardware	altitude_max	af64a934603f2213	Cisco ASR 9000 Series 40 and 56 Gigabit Ethernet Line Cards Data Sheet - Cisco	-60 to 4000m (up to 2000m conforms to IEC, EN, UL, and CSA 60950 requirements)
207783	A9K-4T16GE-AIP-TR	routers	license	non-hardware	certifications	af64a934603f2213	Cisco ASR 9000 Series 40 and 56 Gigabit Ethernet Line Cards Data Sheet - Cisco	Cisco ASR 9000 Series Routers are designed to meet: ● SR-3580: NEBS Criteria Lev
88586	DN4-HW-APL-XL-LIC	cloud-systems-management	license	(no axis)	emc_immunity	aebf428024d574ba	Cisco Catalyst Center (Formerly Cisco DNA Center) DN4 Appliance Ordering Guide - Cisco	EN55035 EN55024 CISPR24/35 EN300386 KS C 9835 IEC/EN61000-6-1
145385	C9500-LIC=	switches	license	non-hardware	temp_storage	34939fb4527bb127	Cisco Catalyst 9500 Series Switches Data Sheet - Cisco	-4° to 149°F (-20° to 65°C)
145384	C9500-LIC=	switches	license	non-hardware	altitude_max	34939fb4527bb127	Cisco Catalyst 9500 Series Switches Data Sheet - Cisco	Operation up to 10,000 feet at 40°C; up to 6,000 feet at 45°C
145383	C9500-LIC=	switches	license	non-hardware	temp_operating	34939fb4527bb127	Cisco Catalyst 9500 Series Switches Data Sheet - Cisco	32° to 104°F (0° to 40°C) up to altitude of 10,000 feet
145386	C9500-LIC=	switches	license	non-hardware	humidity_storage	34939fb4527bb127	Cisco Catalyst 9500 Series Switches Data Sheet - Cisco	Ambient (noncondensing) operating: 5% to 90% Ambient (noncondensing) nonoperatin
207795	C9500-LIC=	switches	license	non-hardware	certifications	34939fb4527bb127	Cisco Catalyst 9500 Series Switches Data Sheet - Cisco	NEBS: ● ETSI 300-019 Requirements are covered under GR-63-CORE with some deviati
90627	E-NCS1K4-400G-RG=	optical-networking	license	non-hardware	certifications	ff39869cb21589cd	Cisco Network Convergence System 1004 OTN-Xponder Data Sheet - Cisco	IEC 60950-1 Information technology equipment Safety Part 1: General requirements
98832	L-FP2900-TAMC-3Y	routers	license	non-hardware	dram	e539825af78bd0b5	Cisco Integrated Services Routers Generation 2 Ordering Guide - Cisco	None available; Fixed 512MB DRAM only
98833	L-FP2900-TAMC-3Y	routers	license	non-hardware	flash	e539825af78bd0b5	Cisco Integrated Services Routers Generation 2 Ordering Guide - Cisco	None available; Fixed internal 256MB eUSB Flash only
90979	E-NCS1K4-400G-CL=	optical-networking	license	non-hardware	certifications	ff39869cb21589cd	Cisco Network Convergence System 1004 OTN-Xponder Data Sheet - Cisco	IEC 60950-1 Information technology equipment Safety Part 1: General requirements
119226	SW-CCME-UL-7970	collaboration-endpoints	software	non-hardware	temp_operating	c4403bac330cbff3	Cisco Unified IP Phone 7970G - Cisco	32 to 104°F (0 to 40°C)
119227	SW-CCME-UL-7970	collaboration-endpoints	software	non-hardware	humidity_operating	c4403bac330cbff3	Cisco Unified IP Phone 7970G - Cisco	10 to 95% (noncondensing)
119228	SW-CCME-UL-7970	collaboration-endpoints	software	non-hardware	temp_storage	c4403bac330cbff3	Cisco Unified IP Phone 7970G - Cisco	14 to 140°F (-10 to 60°C)
129035	XR-A9K-X64-06.1	routers	software	non-hardware	segment_routing_features	cad9e5016e8f34c6	Cisco IOS XR Release 6.1.2 for Cisco ASR 9000 Series Routers Product Bulletin - Cisco	Auto-route Destination The auto-route destination feature allows you to automati
149940	C1E1TN9300XF-3Y	switches	license	non-hardware	emc_emissions	9dde779f6314c438	Cisco N9300-FX3S Series Switch Data Sheet - Cisco	● 47CFR Part 15 (CFR 47) Class A ● AS/NZS CISPR22 Class A ● CISPR22 Class A ● EN
149941	C1E1TN9300XF-3Y	switches	license	non-hardware	emc_immunity	9dde779f6314c438	Cisco N9300-FX3S Series Switch Data Sheet - Cisco	● EN55024 ● CISPR24 ● EN300386 ● KN 61000-4 series
130584	C1E1TN9300XF-3Y	switches	license	non-hardware	altitude_max	d27ae43f2e280e20	Cisco N9300-FX2 Series Switches Data Sheet - Cisco	0 to 13,123 ft (0 to 4000m)
76333	C1E1TN9300XF-3Y	switches	license	non-hardware	temp_operating	9dde779f6314c438	Cisco N9300-FX3S Series Switch Data Sheet - Cisco	32 to 104°F (0 to 40°C)
76335	C1E1TN9300XF-3Y	switches	license	non-hardware	humidity_operating	9dde779f6314c438	Cisco N9300-FX3S Series Switch Data Sheet - Cisco	5 to 95% (noncondensing)
149939	C1E1TN9300XF-3Y	switches	license	non-hardware	temp_storage	9dde779f6314c438	Cisco N9300-FX3S Series Switch Data Sheet - Cisco	–40 to 158°F (–40 to 70°C)
149942	C1E1TN9300XF-5Y	switches	license	non-hardware	temp_storage	9dde779f6314c438	Cisco N9300-FX3S Series Switch Data Sheet - Cisco	–40 to 158°F (–40 to 70°C)
149943	C1E1TN9300XF-5Y	switches	license	non-hardware	emc_emissions	9dde779f6314c438	Cisco N9300-FX3S Series Switch Data Sheet - Cisco	● 47CFR Part 15 (CFR 47) Class A ● AS/NZS CISPR22 Class A ● CISPR22 Class A ● EN
149944	C1E1TN9300XF-5Y	switches	license	non-hardware	emc_immunity	9dde779f6314c438	Cisco N9300-FX3S Series Switch Data Sheet - Cisco	● EN55024 ● CISPR24 ● EN300386 ● KN 61000-4 series
130585	C1E1TN9300XF-5Y	switches	license	non-hardware	altitude_max	d27ae43f2e280e20	Cisco N9300-FX2 Series Switches Data Sheet - Cisco	0 to 13,123 ft (0 to 4000m)
76440	C1E1TN9300XF-5Y	switches	license	non-hardware	temp_operating	9dde779f6314c438	Cisco N9300-FX3S Series Switch Data Sheet - Cisco	32 to 104°F (0 to 40°C)
76442	C1E1TN9300XF-5Y	switches	license	non-hardware	humidity_operating	9dde779f6314c438	Cisco N9300-FX3S Series Switch Data Sheet - Cisco	5 to 95% (noncondensing)
129036	XR-A9K-X64K9-06.1	routers	software	non-hardware	segment_routing_features	cad9e5016e8f34c6	Cisco IOS XR Release 6.1.2 for Cisco ASR 9000 Series Routers Product Bulletin - Cisco	Auto-route Destination The auto-route destination feature allows you to automati
140992	C9200CX-DNAA-12-3Y	switches	license	non-hardware	humidity_storage	de692de8d2c8f641	Cisco Catalyst 9200 Series Switches Data Sheet - Cisco	5% to 90% noncondensing
79043	C9200CX-DNAA-12-3Y	switches	license	non-hardware	temp_operating	de692de8d2c8f641	Cisco Catalyst 9200 Series Switches Data Sheet - Cisco	Normal operating temperature * and altitudes: ● -5°C to +45°C, up to 5000 feet (
79044	C9200CX-DNAA-12-3Y	switches	license	non-hardware	temp_storage	de692de8d2c8f641	Cisco Catalyst 9200 Series Switches Data Sheet - Cisco	-40° to 158°F (-40° to 70°C)
205687	C9200CX-DNAA-12-3Y	switches	license	non-hardware	certifications	de692de8d2c8f641	Cisco Catalyst 9200 Series Switches Data Sheet - Cisco	● 47 CFR Part 15 ● CISPR 32 Class A ● CNS 13438 ● EN 300 386 * ● EN 55032 Class 
141058	C9200L-24-E-A-5	switches	license	non-hardware	humidity_storage	de692de8d2c8f641	Cisco Catalyst 9200 Series Switches Data Sheet - Cisco	5% to 90% noncondensing
147044	C9200L-24-E-A-5	switches	license	non-hardware	certifications	de692de8d2c8f641	Cisco Catalyst 9200 Series Switches Data Sheet - Cisco	● 47 CFR Part 15 ● CISPR 32 Class A ● CNS 13438 ● EN 300 386 * ● EN 55032 Class 
79435	C9200L-24-E-A-5	switches	license	non-hardware	temp_operating	de692de8d2c8f641	Cisco Catalyst 9200 Series Switches Data Sheet - Cisco	Normal operating temperature * and altitudes: ● -5°C to +45°C, up to 5000 feet (
79436	C9200L-24-E-A-5	switches	license	non-hardware	temp_storage	de692de8d2c8f641	Cisco Catalyst 9200 Series Switches Data Sheet - Cisco	-40° to 158°F (-40° to 70°C)
147043	C9200L-24-E-A-5	switches	license	non-hardware	ieee_standards	de692de8d2c8f641	Cisco Catalyst 9200 Series Switches Data Sheet - Cisco	EEE 802.1s ; RMON I and II standards ; IEEE 802.1w ; SNMPv1, v2c, and v3 ; IEEE 
158400	C9200L-24-E-A-5	switches	license	non-hardware	altitude_max	de692de8d2c8f641	Cisco Catalyst 9200 Series Switches Data Sheet - Cisco	10,000 ft. (3000 meters), up to 45°C
141057	C9200CX-12-E-A-3	switches	license	non-hardware	humidity_storage	de692de8d2c8f641	Cisco Catalyst 9200 Series Switches Data Sheet - Cisco	5% to 90% noncondensing
146968	C9200CX-12-E-A-3	switches	license	non-hardware	certifications	de692de8d2c8f641	Cisco Catalyst 9200 Series Switches Data Sheet - Cisco	● 47 CFR Part 15 ● CISPR 32 Class A ● CNS 13438 ● EN 300 386 * ● EN 55032 Class 
79429	C9200CX-12-E-A-3	switches	license	non-hardware	temp_operating	de692de8d2c8f641	Cisco Catalyst 9200 Series Switches Data Sheet - Cisco	Normal operating temperature * and altitudes: ● -5°C to +45°C, up to 5000 feet (
79430	C9200CX-12-E-A-3	switches	license	non-hardware	temp_storage	de692de8d2c8f641	Cisco Catalyst 9200 Series Switches Data Sheet - Cisco	-40° to 158°F (-40° to 70°C)
146967	C9200CX-12-E-A-3	switches	license	non-hardware	ieee_standards	de692de8d2c8f641	Cisco Catalyst 9200 Series Switches Data Sheet - Cisco	EEE 802.1s ; RMON I and II standards ; IEEE 802.1w ; SNMPv1, v2c, and v3 ; IEEE 
158399	C9200CX-12-E-A-3	switches	license	non-hardware	altitude_max	de692de8d2c8f641	Cisco Catalyst 9200 Series Switches Data Sheet - Cisco	10,000 ft. (3000 meters), up to 45°C
141076	C9200L-DNA-E-24-3Y	switches	license	non-hardware	humidity_storage	de692de8d2c8f641	Cisco Catalyst 9200 Series Switches Data Sheet - Cisco	5% to 90% noncondensing
79550	C9200L-DNA-E-24-3Y	switches	license	non-hardware	temp_operating	de692de8d2c8f641	Cisco Catalyst 9200 Series Switches Data Sheet - Cisco	Normal operating temperature * and altitudes: ● -5°C to +45°C, up to 5000 feet (
79551	C9200L-DNA-E-24-3Y	switches	license	non-hardware	temp_storage	de692de8d2c8f641	Cisco Catalyst 9200 Series Switches Data Sheet - Cisco	-40° to 158°F (-40° to 70°C)
205730	C9200L-DNA-E-24-3Y	switches	license	non-hardware	certifications	de692de8d2c8f641	Cisco Catalyst 9200 Series Switches Data Sheet - Cisco	● 47 CFR Part 15 ● CISPR 32 Class A ● CNS 13438 ● EN 300 386 * ● EN 55032 Class 
141077	C9200L-DNA-E-24-7Y	switches	license	non-hardware	humidity_storage	de692de8d2c8f641	Cisco Catalyst 9200 Series Switches Data Sheet - Cisco	5% to 90% noncondensing
79556	C9200L-DNA-E-24-7Y	switches	license	non-hardware	temp_operating	de692de8d2c8f641	Cisco Catalyst 9200 Series Switches Data Sheet - Cisco	Normal operating temperature * and altitudes: ● -5°C to +45°C, up to 5000 feet (
79557	C9200L-DNA-E-24-7Y	switches	license	non-hardware	temp_storage	de692de8d2c8f641	Cisco Catalyst 9200 Series Switches Data Sheet - Cisco	-40° to 158°F (-40° to 70°C)
205731	C9200L-DNA-E-24-7Y	switches	license	non-hardware	certifications	de692de8d2c8f641	Cisco Catalyst 9200 Series Switches Data Sheet - Cisco	● 47 CFR Part 15 ● CISPR 32 Class A ● CNS 13438 ● EN 300 386 * ● EN 55032 Class 
141091	C9200CX-DNA-A-8	switches	license	non-hardware	humidity_storage	de692de8d2c8f641	Cisco Catalyst 9200 Series Switches Data Sheet - Cisco	5% to 90% noncondensing
79643	C9200CX-DNA-A-8	switches	license	non-hardware	temp_operating	de692de8d2c8f641	Cisco Catalyst 9200 Series Switches Data Sheet - Cisco	Normal operating temperature * and altitudes: ● -5°C to +45°C, up to 5000 feet (
79644	C9200CX-DNA-A-8	switches	license	non-hardware	temp_storage	de692de8d2c8f641	Cisco Catalyst 9200 Series Switches Data Sheet - Cisco	-40° to 158°F (-40° to 70°C)
205734	C9200CX-DNA-A-8	switches	license	non-hardware	certifications	de692de8d2c8f641	Cisco Catalyst 9200 Series Switches Data Sheet - Cisco	● 47 CFR Part 15 ● CISPR 32 Class A ● CNS 13438 ● EN 300 386 * ● EN 55032 Class 
141092	C9200CX-DNA-E-12	switches	license	non-hardware	humidity_storage	de692de8d2c8f641	Cisco Catalyst 9200 Series Switches Data Sheet - Cisco	5% to 90% noncondensing
79649	C9200CX-DNA-E-12	switches	license	non-hardware	temp_operating	de692de8d2c8f641	Cisco Catalyst 9200 Series Switches Data Sheet - Cisco	Normal operating temperature * and altitudes: ● -5°C to +45°C, up to 5000 feet (
79650	C9200CX-DNA-E-12	switches	license	non-hardware	temp_storage	de692de8d2c8f641	Cisco Catalyst 9200 Series Switches Data Sheet - Cisco	-40° to 158°F (-40° to 70°C)
205735	C9200CX-DNA-E-12	switches	license	non-hardware	certifications	de692de8d2c8f641	Cisco Catalyst 9200 Series Switches Data Sheet - Cisco	● 47 CFR Part 15 ● CISPR 32 Class A ● CNS 13438 ● EN 300 386 * ● EN 55032 Class 
141109	C9300-DNA-L-A-3Y	switches	license	non-hardware	humidity_storage	638d72c59601332b	Cisco Catalyst 9300 Series Switches Data Sheet - Cisco	5% to 90% noncondensing
198517	C9300-DNA-L-A-3Y	switches	license	non-hardware	ieee_standards	638d72c59601332b	Cisco Catalyst 9300 Series Switches Data Sheet - Cisco	IEEE 802.1s IEEE 802.1w IEEE 802.1x IEEE 802.1x-Rev IEEE 802.3ad IEEE 802.3ae IE
79760	C9300-DNA-L-A-3Y	switches	license	non-hardware	temp_operating	638d72c59601332b	Cisco Catalyst 9300 Series Switches Data Sheet - Cisco	Normal operating temperature * and altitudes: -5°C to +45°C, up to 5000 feet (15
79761	C9300-DNA-L-A-3Y	switches	license	non-hardware	temp_storage	638d72c59601332b	Cisco Catalyst 9300 Series Switches Data Sheet - Cisco	-40° to 158°F (-40° to 70°C)
141105	C9200-DNA-E-48-5Y	switches	license	non-hardware	humidity_storage	de692de8d2c8f641	Cisco Catalyst 9200 Series Switches Data Sheet - Cisco	5% to 90% noncondensing
79734	C9200-DNA-E-48-5Y	switches	license	non-hardware	temp_operating	de692de8d2c8f641	Cisco Catalyst 9200 Series Switches Data Sheet - Cisco	Normal operating temperature * and altitudes: ● -5°C to +45°C, up to 5000 feet (
79735	C9200-DNA-E-48-5Y	switches	license	non-hardware	temp_storage	de692de8d2c8f641	Cisco Catalyst 9200 Series Switches Data Sheet - Cisco	-40° to 158°F (-40° to 70°C)
205738	C9200-DNA-E-48-5Y	switches	license	non-hardware	certifications	de692de8d2c8f641	Cisco Catalyst 9200 Series Switches Data Sheet - Cisco	● 47 CFR Part 15 ● CISPR 32 Class A ● CNS 13438 ● EN 300 386 * ● EN 55032 Class 
141152	C9200L-48-E-A-3	switches	license	non-hardware	humidity_storage	de692de8d2c8f641	Cisco Catalyst 9200 Series Switches Data Sheet - Cisco	5% to 90% noncondensing
80030	C9200L-48-E-A-3	switches	license	non-hardware	temp_operating	de692de8d2c8f641	Cisco Catalyst 9200 Series Switches Data Sheet - Cisco	Normal operating temperature * and altitudes: ● -5°C to +45°C, up to 5000 feet (
80031	C9200L-48-E-A-3	switches	license	non-hardware	temp_storage	de692de8d2c8f641	Cisco Catalyst 9200 Series Switches Data Sheet - Cisco	-40° to 158°F (-40° to 70°C)
147081	C9200L-48-E-A-3	switches	license	non-hardware	ieee_standards	de692de8d2c8f641	Cisco Catalyst 9200 Series Switches Data Sheet - Cisco	EEE 802.1s ; RMON I and II standards ; IEEE 802.1w ; SNMPv1, v2c, and v3 ; IEEE 
158424	C9200L-48-E-A-3	switches	license	non-hardware	altitude_max	de692de8d2c8f641	Cisco Catalyst 9200 Series Switches Data Sheet - Cisco	10,000 ft. (3000 meters), up to 45°C
147082	C9200L-48-E-A-3	switches	license	non-hardware	certifications	de692de8d2c8f641	Cisco Catalyst 9200 Series Switches Data Sheet - Cisco	● 47 CFR Part 15 ● CISPR 32 Class A ● CNS 13438 ● EN 300 386 * ● EN 55032 Class 
115544	S2951NPEK9-15014M	routers	software	non-hardware	dram	e539825af78bd0b5	Cisco Integrated Services Routers Generation 2 Ordering Guide - Cisco	None available; Fixed 512MB DRAM only
115545	S2951NPEK9-15014M	routers	software	non-hardware	flash	e539825af78bd0b5	Cisco Integrated Services Routers Generation 2 Ordering Guide - Cisco	None available; Fixed internal 256MB eUSB Flash only
98067	IE2000-DNA-E-L-5Y	switches	license	non-hardware	programming_interfaces	7be5a7c2ffcf5234	Cisco Industrial Ethernet 2000 Series Switches Data Sheet - Cisco	Cisco Network Plug-and-Play application
98071	IE2000-DNA-E-L-5Y	switches	license	non-hardware	temp_storage	7be5a7c2ffcf5234	Cisco Industrial Ethernet 2000 Series Switches Data Sheet - Cisco	● -40 C to +85 C (storage temperature) ● IEC 60068-2-14 ● Storage altitude: Up t
98846	L-FP3900-TA-1Y	routers	license	non-hardware	dram	e539825af78bd0b5	Cisco Integrated Services Routers Generation 2 Ordering Guide - Cisco	None available; Fixed 512MB DRAM only
98847	L-FP3900-TA-1Y	routers	license	non-hardware	flash	e539825af78bd0b5	Cisco Integrated Services Routers Generation 2 Ordering Guide - Cisco	None available; Fixed internal 256MB eUSB Flash only
141568	IE9300-DNA-A	switches	license	non-hardware	qos_features	1b91e980e48bf2c7	Cisco Catalyst IE9300 Rugged Series Data Sheet - Cisco	802.1p, priority queuing, Modular QoS command-line interface (MQC), class-based 
96582	IE9300-DNA-A	switches	license	non-hardware	temp_operating	1b91e980e48bf2c7	Cisco Catalyst IE9300 Rugged Series Data Sheet - Cisco	Operating temperature: -40° to 75°C (-40° to 167°F) (blower-equipped cabinet) -4
96576	IE9300-DNA-A	switches	license	non-hardware	programming_interfaces	1b91e980e48bf2c7	Cisco Catalyst IE9300 Rugged Series Data Sheet - Cisco	YANG, NETCONF, RESTCONF, Cisco Plug and Play (PnP), Day-0 Zero Touch Provisionin
96578	IE9300-DNA-A	switches	license	non-hardware	humidity_operating	1b91e980e48bf2c7	Cisco Catalyst IE9300 Rugged Series Data Sheet - Cisco	Relative humidity of 5% to 95% noncondensing IEC 60068-2-3 IEC 60068-2-30
96583	IE9300-DNA-A	switches	license	non-hardware	shock	1b91e980e48bf2c7	Cisco Catalyst IE9300 Rugged Series Data Sheet - Cisco	IEC 60068-2-6 (Vibration) IEC 60068-2-27 (Shock) IEC 60068-2-31 (Shock) IEC 6006
131636	IE9300-DNA-A	switches	license	non-hardware	temp_storage	1b91e980e48bf2c7	Cisco Catalyst IE9300 Rugged Series Data Sheet - Cisco	Temperature: -40° to 85°C (-40° to 185°F) Altitude: 15,000 feet (4572 m) IEC 600
141414	DCO-100G-RTU	routers	license	non-hardware	humidity_storage	2362772905997ea1	Cisco Network Convergence System 5700 Series: NCS-57C1 Fixed Chassis Data Sheet - Cisco	5% to 95% at 40C per NEBS GR-63-Core
88113	DCO-100G-RTU	routers	license	non-hardware	humidity_operating	2362772905997ea1	Cisco Network Convergence System 5700 Series: NCS-57C1 Fixed Chassis Data Sheet - Cisco	Normal: 5% RH to 85% RH Short term: 5% to 95% RH Should not exceed 0.026 kg wate
88116	DCO-100G-RTU	routers	license	non-hardware	segment_routing_features	2362772905997ea1	Cisco Network Convergence System 5700 Series: NCS-57C1 Fixed Chassis Data Sheet - Cisco	● Segment routing–based transport ● ISIS extensions to segment routing ● OSPF ex
88112	DCO-100G-RTU	routers	license	non-hardware	programming_interfaces	2362772905997ea1	Cisco Network Convergence System 5700 Series: NCS-57C1 Fixed Chassis Data Sheet - Cisco	● Zero-Touch Provisioning (ZTP), iPXE ● Configuration management ● Network Confi
130419	DCO-100G-RTU	routers	license	non-hardware	altitude_max	2362772905997ea1	Cisco Network Convergence System 5700 Series: NCS-57C1 Fixed Chassis Data Sheet - Cisco	0 to 9842 ft (0 to 3000 m)
141605	IE9300-DNA-A-3Y	switches	license	non-hardware	qos_features	1b91e980e48bf2c7	Cisco Catalyst IE9300 Rugged Series Data Sheet - Cisco	802.1p, priority queuing, Modular QoS command-line interface (MQC), class-based 
96897	IE9300-DNA-A-3Y	switches	license	non-hardware	programming_interfaces	1b91e980e48bf2c7	Cisco Catalyst IE9300 Rugged Series Data Sheet - Cisco	YANG, NETCONF, RESTCONF, Cisco Plug and Play (PnP), Day-0 Zero Touch Provisionin
96899	IE9300-DNA-A-3Y	switches	license	non-hardware	humidity_operating	1b91e980e48bf2c7	Cisco Catalyst IE9300 Rugged Series Data Sheet - Cisco	Relative humidity of 5% to 95% noncondensing IEC 60068-2-3 IEC 60068-2-30
96903	IE9300-DNA-A-3Y	switches	license	non-hardware	temp_operating	1b91e980e48bf2c7	Cisco Catalyst IE9300 Rugged Series Data Sheet - Cisco	Operating temperature: -40° to 75°C (-40° to 167°F) (blower-equipped cabinet) -4
96904	IE9300-DNA-A-3Y	switches	license	non-hardware	shock	1b91e980e48bf2c7	Cisco Catalyst IE9300 Rugged Series Data Sheet - Cisco	IEC 60068-2-6 (Vibration) IEC 60068-2-27 (Shock) IEC 60068-2-31 (Shock) IEC 6006
131637	IE9300-DNA-A-3Y	switches	license	non-hardware	temp_storage	1b91e980e48bf2c7	Cisco Catalyst IE9300 Rugged Series Data Sheet - Cisco	Temperature: -40° to 85°C (-40° to 185°F) Altitude: 15,000 feet (4572 m) IEC 600
141633	IE3400-DNA-A-5Y	switches	license	non-hardware	qos_features	2ea8fc17200677fa	Cisco Catalyst IE3400 Rugged Series Data Sheet - Cisco	Ingress policing, rate limit, egress queuing/shaping, auto QoS
97164	IE3400-DNA-A-5Y	switches	license	non-hardware	humidity_operating	2ea8fc17200677fa	Cisco Catalyst IE3400 Rugged Series Data Sheet - Cisco	Relative humidity of 5% to 95% non-condensing IEC 60068-2-78 IEC 60068-2-30
97162	IE3400-DNA-A-5Y	switches	license	non-hardware	programming_interfaces	2ea8fc17200677fa	Cisco Catalyst IE3400 Rugged Series Data Sheet - Cisco	YANG, NETCONF, RESTCONF
97168	IE3400-DNA-A-5Y	switches	license	non-hardware	temp_operating	2ea8fc17200677fa	Cisco Catalyst IE3400 Rugged Series Data Sheet - Cisco	Operating temperature: -40°C to +70°C (40 LFM vented enclosure) -40°C to +60°C (
97169	IE3400-DNA-A-5Y	switches	license	non-hardware	temp_storage	2ea8fc17200677fa	Cisco Catalyst IE3400 Rugged Series Data Sheet - Cisco	Temperature: - 40°C to +85°C Altitude: 15,000 feet IEC 60068-2-14
97170	IE3400-DNA-A-5Y	switches	license	non-hardware	shock	2ea8fc17200677fa	Cisco Catalyst IE3400 Rugged Series Data Sheet - Cisco	IEC 60068-2-27 (operational shock, 50G, 3ms, half sine) IEC 60068-2-27 (non-oper
141652	IE3300-DNA-A	switches	license	non-hardware	qos_features	7b24beb93905621c	Cisco Catalyst IE3300 Rugged Series Data Sheet - Cisco	Ingress policing, rate limit, egress queuing and shaping, auto QoS
97337	IE3300-DNA-A	switches	license	non-hardware	temp_operating	7b24beb93905621c	Cisco Catalyst IE3300 Rugged Series Data Sheet - Cisco	Operating temperature: -40°C to +70°C (40 LFM vented enclosure) -40°C to +60°C (
97338	IE3300-DNA-A	switches	license	non-hardware	temp_storage	7b24beb93905621c	Cisco Catalyst IE3300 Rugged Series Data Sheet - Cisco	Temperature: -40°C to +85°C degrees Altitude: 15,000 feet IEC 60068-2-14
97331	IE3300-DNA-A	switches	license	non-hardware	programming_interfaces	7b24beb93905621c	Cisco Catalyst IE3300 Rugged Series Data Sheet - Cisco	YANG, NETCONF, RESTCONF
97333	IE3300-DNA-A	switches	license	non-hardware	humidity_operating	7b24beb93905621c	Cisco Catalyst IE3300 Rugged Series Data Sheet - Cisco	Relative humidity of 5% to 95% non-condensing IEC 60068-2-78 IEC 60068-2-30
97339	IE3300-DNA-A	switches	license	non-hardware	shock	7b24beb93905621c	Cisco Catalyst IE3300 Rugged Series Data Sheet - Cisco	IEC 60068-2-27 (operational shock, 50G, 3ms, half sine) IEC 60068-2-27 (non-oper
141653	IE3400-DNA-A-3Y	switches	license	non-hardware	qos_features	2ea8fc17200677fa	Cisco Catalyst IE3400 Rugged Series Data Sheet - Cisco	Ingress policing, rate limit, egress queuing/shaping, auto QoS
97342	IE3400-DNA-A-3Y	switches	license	non-hardware	programming_interfaces	2ea8fc17200677fa	Cisco Catalyst IE3400 Rugged Series Data Sheet - Cisco	YANG, NETCONF, RESTCONF
97344	IE3400-DNA-A-3Y	switches	license	non-hardware	humidity_operating	2ea8fc17200677fa	Cisco Catalyst IE3400 Rugged Series Data Sheet - Cisco	Relative humidity of 5% to 95% non-condensing IEC 60068-2-78 IEC 60068-2-30
97348	IE3400-DNA-A-3Y	switches	license	non-hardware	temp_operating	2ea8fc17200677fa	Cisco Catalyst IE3400 Rugged Series Data Sheet - Cisco	Operating temperature: -40°C to +70°C (40 LFM vented enclosure) -40°C to +60°C (
97349	IE3400-DNA-A-3Y	switches	license	non-hardware	temp_storage	2ea8fc17200677fa	Cisco Catalyst IE3400 Rugged Series Data Sheet - Cisco	Temperature: - 40°C to +85°C Altitude: 15,000 feet IEC 60068-2-14
97350	IE3400-DNA-A-3Y	switches	license	non-hardware	shock	2ea8fc17200677fa	Cisco Catalyst IE3400 Rugged Series Data Sheet - Cisco	IEC 60068-2-27 (operational shock, 50G, 3ms, half sine) IEC 60068-2-27 (non-oper
141717	IE9300-DNA-A-5Y	switches	license	non-hardware	qos_features	1b91e980e48bf2c7	Cisco Catalyst IE9300 Rugged Series Data Sheet - Cisco	802.1p, priority queuing, Modular QoS command-line interface (MQC), class-based 
98015	IE9300-DNA-A-5Y	switches	license	non-hardware	programming_interfaces	1b91e980e48bf2c7	Cisco Catalyst IE9300 Rugged Series Data Sheet - Cisco	YANG, NETCONF, RESTCONF, Cisco Plug and Play (PnP), Day-0 Zero Touch Provisionin
98017	IE9300-DNA-A-5Y	switches	license	non-hardware	humidity_operating	1b91e980e48bf2c7	Cisco Catalyst IE9300 Rugged Series Data Sheet - Cisco	Relative humidity of 5% to 95% noncondensing IEC 60068-2-3 IEC 60068-2-30
98021	IE9300-DNA-A-5Y	switches	license	non-hardware	temp_operating	1b91e980e48bf2c7	Cisco Catalyst IE9300 Rugged Series Data Sheet - Cisco	Operating temperature: -40° to 75°C (-40° to 167°F) (blower-equipped cabinet) -4
98022	IE9300-DNA-A-5Y	switches	license	non-hardware	shock	1b91e980e48bf2c7	Cisco Catalyst IE9300 Rugged Series Data Sheet - Cisco	IEC 60068-2-6 (Vibration) IEC 60068-2-27 (Shock) IEC 60068-2-31 (Shock) IEC 6006
131638	IE9300-DNA-A-5Y	switches	license	non-hardware	temp_storage	1b91e980e48bf2c7	Cisco Catalyst IE9300 Rugged Series Data Sheet - Cisco	Temperature: -40° to 85°C (-40° to 185°F) Altitude: 15,000 feet (4572 m) IEC 600
103116	N6KUK9-602N1.2A	switches	software	non-hardware	emc_immunity	df62c7424eff7d1f	Cisco Nexus 6001 Switch Data Sheet - Cisco	● EN55024 ● CISPR24 ● EN300386 ● KN 61000-4 series
103115	N6KUK9-602N1.2A	switches	software	non-hardware	emc_emissions	df62c7424eff7d1f	Cisco Nexus 6001 Switch Data Sheet - Cisco	● 47CFR Part 15 (CFR 47) Class A ● AS/NZS CISPR22 Class A ● CISPR22 Class A ● EN
103481	N6KUK9-602N1.2=	switches	software	non-hardware	emc_emissions	df62c7424eff7d1f	Cisco Nexus 6001 Switch Data Sheet - Cisco	● 47CFR Part 15 (CFR 47) Class A ● AS/NZS CISPR22 Class A ● CISPR22 Class A ● EN
103482	N6KUK9-602N1.2=	switches	software	non-hardware	emc_immunity	df62c7424eff7d1f	Cisco Nexus 6001 Switch Data Sheet - Cisco	● EN55024 ● CISPR24 ● EN300386 ● KN 61000-4 series
103442	N6KUK9-710N1.1=	switches	software	non-hardware	emc_emissions	4acf1239580e3ae6	Cisco Nexus 6004 Extensible Fixed Switch Data Sheet - Cisco	● 47CFR Part 15 (CFR 47) Class A ● AS/NZS CISPR22 Class A ● CISPR22 Class A ● EN
103443	N6KUK9-710N1.1=	switches	software	non-hardware	emc_immunity	4acf1239580e3ae6	Cisco Nexus 6004 Extensible Fixed Switch Data Sheet - Cisco	● EN55024 ● CISPR24 ● EN300386 ● KN 61000-4 series
174809	HX-DCPMM-MM	hyperconverged-systems	non_product	non-hardware	humidity_operating	52fdd2003a38bfef	Cisco HyperFlex HX240C M6 LFF Server Node Spec Sheet	10% to 90% and 28°C (82.4°F) maximum dew-point temperature,
174810	HX-DCPMM-MM	hyperconverged-systems	non_product	non-hardware	humidity_storage	52fdd2003a38bfef	Cisco HyperFlex HX240C M6 LFF Server Node Spec Sheet	5% to 93% relative humidity, non-condensing, with a maximum
157350	HX-DCPMM-MM	hyperconverged-systems	non_product	non-hardware	emc_emissions	52fdd2003a38bfef	Cisco HyperFlex HX240C M6 LFF Server Node Spec Sheet	47CFR Part 15 (CFR 47) Class A  AS/NZS CISPR32 Class A  CISPR32 Class A EN550
157351	HX-DCPMM-MM	hyperconverged-systems	non_product	non-hardware	emc_immunity	52fdd2003a38bfef	Cisco HyperFlex HX240C M6 LFF Server Node Spec Sheet	EN55024 CISPR24 EN300386 KN35
73650	ADN-100G-RTU-1	ios-nx-os-software	license	(no axis)	humidity_operating	163e8998487b6873	Cisco Network Convergence System 5500 Series: 55A2 Chassis Data Sheet - Cisco	5% to 95% (noncondensing)
73653	ADN-100G-RTU-1	ios-nx-os-software	license	(no axis)	emc_emissions	10f44aa4d91b0c5d	Cisco Network Convergence System 5500 Series: Dense 25G Fixed Chassis Data Sheet - Cisco	● 47CFR Part 15 (CFR 47) Class A ● AS/NZS CISPR22 Class A ● CISPR22 Class A ● EN
73647	ADN-100G-RTU-1	ios-nx-os-software	license	(no axis)	dram	163e8998487b6873	Cisco Network Convergence System 5500 Series: 55A2 Chassis Data Sheet - Cisco	32GB
197965	M9500FMS1K9	interfaces-modules	license	non-hardware	supported_protocols	1b98b1a44bc94014	Cisco MDS 9000 Family Multiprotocol Services Module - Cisco	• Fibre Channel standards · FC-PH, Revision 4.3 (ANSI/INCITS 230-1994) · FC-PH, 
152583	M9500FMS1K9	interfaces-modules	license	non-hardware	fabric_services	1b98b1a44bc94014	Cisco MDS 9000 Family Multiprotocol Services Module - Cisco	• Name server · Internet Storage Name Server (iSNS) · Registered State Change No
152584	M9500FMS1K9	interfaces-modules	license	non-hardware	programming_interfaces	1b98b1a44bc94014	Cisco MDS 9000 Family Multiprotocol Services Module - Cisco	• Scriptable CLI • Fabric Manager GUI • Device Manager GUI
207476	M9500FMS1K9	interfaces-modules	license	non-hardware	certifications	1b98b1a44bc94014	Cisco MDS 9000 Family Multiprotocol Services Module - Cisco	• Safety compliance · CE Marking · UL 60950 · CAN/CSA-C22.2 No. 60950 · EN 60950
95694	HX-DCPMM-MM3	hyperconverged-systems	non_product	non-hardware	emc_emissions	52fdd2003a38bfef	Cisco HyperFlex HX240C M6 LFF Server Node Spec Sheet	47CFR Part 15 (CFR 47) Class A  AS/NZS CISPR32 Class A  CISPR32 Class A EN550
95695	HX-DCPMM-MM3	hyperconverged-systems	non_product	non-hardware	emc_immunity	52fdd2003a38bfef	Cisco HyperFlex HX240C M6 LFF Server Node Spec Sheet	EN55024 CISPR24 EN300386 KN35
99264	L-NCS2K-SD-FEC=	optical-networking	license	non-hardware	humidity_operating	e92a5b29cf9798d0	Cisco Network Convergence System 2000 Series Data Sheet - Cisco	5 to 85%, noncondensing 5 to 90% but not to exceed 0.024 kg water/kg of dry air
99265	L-NCS2K-SD-FEC=	optical-networking	license	non-hardware	temp_storage	e92a5b29cf9798d0	Cisco Network Convergence System 2000 Series Data Sheet - Cisco	-40 to 158ºF (-40 to 70ºC)
99266	L-NCS2K-SD-FEC=	optical-networking	license	non-hardware	emc_emissions	6a25925c2b12b1e1	Cisco NCS 2000 200-Gbps Multirate DWDM Line Card Data Sheet - Cisco	● ETSI EN 300 386 V1.4.1 (2008-04) Telecommunication network equipment EMC requi
99267	L-NCS2K-SD-FEC=	optical-networking	license	non-hardware	laser_safety_class	6a25925c2b12b1e1	Cisco NCS 2000 200-Gbps Multirate DWDM Line Card Data Sheet - Cisco	1
99269	L-NCS2K-SD-FEC=	optical-networking	license	non-hardware	temp_operating	e92a5b29cf9798d0	Cisco Network Convergence System 2000 Series Data Sheet - Cisco	32 to 131ºF (0 to 55ºC) 23 to 131ºF (-5 to 55ºC)
174759	HX-VSP-ENT-DL	hyperconverged-systems	license	non-hardware	humidity_operating	ec05e2313d88cb1a	Cisco HyperFlex HX240c M5 LFF Spec Sheet	10% to 90% and 28°C (82.4°F) maximum dew-point temperature,
174760	HX-VSP-ENT-DL	hyperconverged-systems	license	non-hardware	humidity_storage	ec05e2313d88cb1a	Cisco HyperFlex HX240c M5 LFF Spec Sheet	5% to 93% relative humidity, non-condensing, with a maximum
174761	HX-VSP-ENT-DL	hyperconverged-systems	license	non-hardware	certifications	ec05e2313d88cb1a	Cisco HyperFlex HX240c M5 LFF Spec Sheet	60950-1 Second Edition
174762	HX-VSP-ENT-DL	hyperconverged-systems	license	non-hardware	emc_emissions	ec05e2313d88cb1a	Cisco HyperFlex HX240c M5 LFF Spec Sheet	47CFR Part 15 (CFR 47) Class A
208041	S84GUK9-15502T	routers	software	non-hardware	supported_protocols	f3c2e4e7292410f4	Cisco 819 Non-Hardened 4G LTE 2.0 Machine-to-Machine Integrated Services Routers with Wi-F	● IPv6 addressing architecture ● IPv6 name resolution ● IPv6 statistics ● IPv6 t
115606	S84GUK9-15502T	routers	software	non-hardware	emc_emissions	f3c2e4e7292410f4	Cisco 819 Non-Hardened 4G LTE 2.0 Machine-to-Machine Integrated Services Routers with Wi-F	EN55022/CISPR22, CFR 47 Part 15, ICES003, VCCI-V-3, AS/NZS CISPR22, CNS13438, EN
115598	S84GUK9-15502T	routers	software	non-hardware	programming_interfaces	f3c2e4e7292410f4	Cisco 819 Non-Hardened 4G LTE 2.0 Machine-to-Machine Integrated Services Routers with Wi-F	● Cisco IOS Software CLI
115600	S84GUK9-15502T	routers	software	non-hardware	dram	f3c2e4e7292410f4	Cisco 819 Non-Hardened 4G LTE 2.0 Machine-to-Machine Integrated Services Routers with Wi-F	1 GB
115601	S84GUK9-15502T	routers	software	non-hardware	flash	f3c2e4e7292410f4	Cisco 819 Non-Hardened 4G LTE 2.0 Machine-to-Machine Integrated Services Routers with Wi-F	1 GB
115603	S84GUK9-15502T	routers	software	non-hardware	emc_immunity	f3c2e4e7292410f4	Cisco 819 Non-Hardened 4G LTE 2.0 Machine-to-Machine Integrated Services Routers with Wi-F	EN55024/CISPR24, (EN61000-4-2, EN61000-4-3, EN61000-4-4, EN61000-4-5, EN61000-4-
99551	LIC-CTIOS-1A	switches	license	non-hardware	temp_operating	9b8d61bd4600b0da	Cisco Catalyst 3650 Series Switches Data Sheet - Cisco	23 to 113°F (-5 to 45°C)
99549	LIC-CTIOS-1A	switches	license	non-hardware	temp_storage	9b8d61bd4600b0da	Cisco Catalyst 3650 Series Switches Data Sheet - Cisco	-40 to 158°F (-40 to 70°C)
153944	SWLIC-RFGW1-DVB	video	license	non-hardware	temp_storage	211f9513a8451065	Cisco RF Gateway 1 - Cisco	–30 to 158°F (–22 to 70°C)
119466	SWLIC-RFGW1-DVB	video	license	non-hardware	supported_protocols	211f9513a8451065	Cisco RF Gateway 1 - Cisco	HTTP, SNMP, FTP, RPC
119467	SWLIC-RFGW1-DVB	video	license	non-hardware	temp_operating	211f9513a8451065	Cisco RF Gateway 1 - Cisco	32 to 122°F (0 to 50°C)
119468	SWLIC-RFGW1-DVB	video	license	non-hardware	humidity_operating	211f9513a8451065	Cisco RF Gateway 1 - Cisco	5% to 95%, non-condensing
98891	L-IE2000-L-B=	switches	license	non-hardware	programming_interfaces	7be5a7c2ffcf5234	Cisco Industrial Ethernet 2000 Series Switches Data Sheet - Cisco	Cisco Network Plug-and-Play application
98893	L-IE2000-L-B=	switches	license	non-hardware	emc_emissions	7be5a7c2ffcf5234	Cisco Industrial Ethernet 2000 Series Switches Data Sheet - Cisco	● FCC 47 CFR Part 15 Class A ● EN 55022A Class A ● VCCI Class A ● RoHS complianc
98894	L-IE2000-L-B=	switches	license	non-hardware	temp_operating	7be5a7c2ffcf5234	Cisco Industrial Ethernet 2000 Series Switches Data Sheet - Cisco	● -40C to +70C (vented enclosure - 40 LFM Air Flow) ● -40C to +60C (sealed enclo
98895	L-IE2000-L-B=	switches	license	non-hardware	temp_storage	7be5a7c2ffcf5234	Cisco Industrial Ethernet 2000 Series Switches Data Sheet - Cisco	● -40 C to +85 C (storage temperature) ● IEC 60068-2-14 ● Storage altitude: Up t
98898	L-IE2000-L-B=	switches	license	non-hardware	shock	7be5a7c2ffcf5234	Cisco Industrial Ethernet 2000 Series Switches Data Sheet - Cisco	● IEC 60068-2-27 (Operational Shock: 30G 11ms, half sine) ● IEC 60068-2-27 (Non-
114303	R-XRV9000-601-RR	routers	software	non-hardware	segment_routing_features	cad9e5016e8f34c6	Cisco IOS XR Release 6.1.2 for Cisco ASR 9000 Series Routers Product Bulletin - Cisco	Auto-route Destination The auto-route destination feature allows you to automati
118048	SL-19-DATA-K9	routers	license	non-hardware	dram	e539825af78bd0b5	Cisco Integrated Services Routers Generation 2 Ordering Guide - Cisco	None available; Fixed 512MB DRAM only
118049	SL-19-DATA-K9	routers	license	non-hardware	flash	e539825af78bd0b5	Cisco Integrated Services Routers Generation 2 Ordering Guide - Cisco	None available; Fixed internal 256MB eUSB Flash only
118118	SL-29-IPB-K9	interfaces-modules	license	non-hardware	dram	e539825af78bd0b5	Cisco Integrated Services Routers Generation 2 Ordering Guide - Cisco	None available; Fixed 512MB DRAM only
118119	SL-29-IPB-K9	interfaces-modules	license	non-hardware	flash	e539825af78bd0b5	Cisco Integrated Services Routers Generation 2 Ordering Guide - Cisco	None available; Fixed internal 256MB eUSB Flash only
118007	SL-19-SEC-K9	routers	license	non-hardware	dram	e539825af78bd0b5	Cisco Integrated Services Routers Generation 2 Ordering Guide - Cisco	None available; Fixed 512MB DRAM only
118008	SL-19-SEC-K9	routers	license	non-hardware	flash	e539825af78bd0b5	Cisco Integrated Services Routers Generation 2 Ordering Guide - Cisco	None available; Fixed internal 256MB eUSB Flash only
117924	SL-29-SECNPE-K9	interfaces-modules	license	non-hardware	flash	e539825af78bd0b5	Cisco Integrated Services Routers Generation 2 Ordering Guide - Cisco	None available; Fixed internal 256MB eUSB Flash only
117923	SL-29-SECNPE-K9	interfaces-modules	license	non-hardware	dram	e539825af78bd0b5	Cisco Integrated Services Routers Generation 2 Ordering Guide - Cisco	None available; Fixed 512MB DRAM only
130603	LIC-CS-CO-MO-A-3Y	switches	license	non-hardware	altitude_max	96fb93ee616e7d73	Cisco C9610 Series Smart Switches Data Sheet - Cisco	-197 to 9843 ft (-60 to 3000 m)
99615	LIC-CS-CO-MO-A-3Y	switches	license	non-hardware	temp_operating	96fb93ee616e7d73	Cisco C9610 Series Smart Switches Data Sheet - Cisco	23° to 113°F (-5° to 45°C) at sea level 23° to 104°F (-5° to 40°C) up to 6,000 f
118440	SL-39-IPB-K9	interfaces-modules	license	non-hardware	dram	e539825af78bd0b5	Cisco Integrated Services Routers Generation 2 Ordering Guide - Cisco	None available; Fixed 512MB DRAM only
118441	SL-39-IPB-K9	interfaces-modules	license	non-hardware	flash	e539825af78bd0b5	Cisco Integrated Services Routers Generation 2 Ordering Guide - Cisco	None available; Fixed internal 256MB eUSB Flash only
118455	SL-39-SEC-K9	interfaces-modules	license	non-hardware	dram	e539825af78bd0b5	Cisco Integrated Services Routers Generation 2 Ordering Guide - Cisco	None available; Fixed 512MB DRAM only
118456	SL-39-SEC-K9	interfaces-modules	license	non-hardware	flash	e539825af78bd0b5	Cisco Integrated Services Routers Generation 2 Ordering Guide - Cisco	None available; Fixed internal 256MB eUSB Flash only
115717	S45XU-34-1512SG	switches	software	non-hardware	jumbo_mtu	bc0a2b219bf6a190	Cisco Catalyst 4500-X Series Fixed 10 Gigabit Ethernet Aggregation Switch Data Sheet - Cis	Up to 9216 bytes
207378	S45XU-34-1512SG	switches	software	non-hardware	certifications	bc0a2b219bf6a190	Cisco Catalyst 4500-X Series Fixed 10 Gigabit Ethernet Aggregation Switch Data Sheet - Cis	UL 60950-1 Second Edition CAN/CSA-C22.2 No. 60950-1 Second Edition EN 60950-1 Se
140693	BBE-SM	optical-networking	non_product	non-hardware	humidity_storage	e61c2ca5fbc3869a	Cisco ONS 15454 Any Rate Enhanced Xponder Card - Cisco	5 to 95% noncondensing
75598	BBE-SM	optical-networking	non_product	non-hardware	regions_supported	e61c2ca5fbc3869a	Cisco ONS 15454 Any Rate Enhanced Xponder Card - Cisco	● European Union ● Australia ● New Zealand ● Singapore ● China ● Mexico ● Hong K
76303	C1F1PIE40001K9	switches	license	non-hardware	mac_table	5101115dc17605ec	Cisco Industrial Ethernet 5000 Series Switches Data Sheet - Cisco	16,000
99208	L-NCS2K-8QAM=	optical-networking	license	non-hardware	humidity_operating	e92a5b29cf9798d0	Cisco Network Convergence System 2000 Series Data Sheet - Cisco	5 to 85%, noncondensing 5 to 90% but not to exceed 0.024 kg water/kg of dry air
99209	L-NCS2K-8QAM=	optical-networking	license	non-hardware	temp_storage	e92a5b29cf9798d0	Cisco Network Convergence System 2000 Series Data Sheet - Cisco	-40 to 158ºF (-40 to 70ºC)
99210	L-NCS2K-8QAM=	optical-networking	license	non-hardware	emc_emissions	daee68aac49c1c7a	Cisco NCS 2000 400 Gbps XPonder Line Card Data Sheet - Cisco	● ETSI EN 300 386 V1.4.1 (2008-04) Telecommunication network equipment EMC requi
99212	L-NCS2K-8QAM=	optical-networking	license	non-hardware	temp_operating	e92a5b29cf9798d0	Cisco Network Convergence System 2000 Series Data Sheet - Cisco	32 to 131ºF (0 to 55ºC) 23 to 131ºF (-5 to 55ºC)
96736	IE4000-DNA-A-M	switches	license	non-hardware	mac_table	4bc5727c94dae842	Cisco Industrial Ethernet 4000 Series Switches Data Sheet - Cisco	16,000
96737	IE4000-DNA-A-M	switches	license	non-hardware	vlan_max	4bc5727c94dae842	Cisco Industrial Ethernet 4000 Series Switches Data Sheet - Cisco	1,000
97718	IE4000-DNA-A-L-7Y	switches	license	non-hardware	mac_table	4bc5727c94dae842	Cisco Industrial Ethernet 4000 Series Switches Data Sheet - Cisco	16,000
97719	IE4000-DNA-A-L-7Y	switches	license	non-hardware	vlan_max	4bc5727c94dae842	Cisco Industrial Ethernet 4000 Series Switches Data Sheet - Cisco	1,000
96884	IE4000-DNA-E-L-3Y	switches	license	non-hardware	mac_table	4bc5727c94dae842	Cisco Industrial Ethernet 4000 Series Switches Data Sheet - Cisco	16,000
96885	IE4000-DNA-E-L-3Y	switches	license	non-hardware	vlan_max	4bc5727c94dae842	Cisco Industrial Ethernet 4000 Series Switches Data Sheet - Cisco	1,000
97600	IE4000-DNA-E-L	switches	license	non-hardware	mac_table	4bc5727c94dae842	Cisco Industrial Ethernet 4000 Series Switches Data Sheet - Cisco	16,000
97601	IE4000-DNA-E-L	switches	license	non-hardware	vlan_max	4bc5727c94dae842	Cisco Industrial Ethernet 4000 Series Switches Data Sheet - Cisco	1,000
97724	IE4000-DNA-E-L-5Y	switches	license	non-hardware	mac_table	4bc5727c94dae842	Cisco Industrial Ethernet 4000 Series Switches Data Sheet - Cisco	16,000
97725	IE4000-DNA-E-L-5Y	switches	license	non-hardware	vlan_max	4bc5727c94dae842	Cisco Industrial Ethernet 4000 Series Switches Data Sheet - Cisco	1,000
98008	IE4000-DNA-E-M-5Y	switches	license	non-hardware	mac_table	4bc5727c94dae842	Cisco Industrial Ethernet 4000 Series Switches Data Sheet - Cisco	16,000
98009	IE4000-DNA-E-M-5Y	switches	license	non-hardware	vlan_max	4bc5727c94dae842	Cisco Industrial Ethernet 4000 Series Switches Data Sheet - Cisco	1,000
115538	S19NPEK9-15014M	routers	software	non-hardware	dram	e539825af78bd0b5	Cisco Integrated Services Routers Generation 2 Ordering Guide - Cisco	None available; Fixed 512MB DRAM only
115539	S19NPEK9-15014M	routers	software	non-hardware	flash	e539825af78bd0b5	Cisco Integrated Services Routers Generation 2 Ordering Guide - Cisco	None available; Fixed internal 256MB eUSB Flash only
145993	M95IOA184	storage-networking	license	non-hardware	diagnostics	21031fae4600573e	Cisco MDS 9509 Multilayer Director Data Sheet - Cisco	● Power-on-self-test (POST) diagnostics ● Online diagnostics ● Internal port loo
145994	M95IOA184	storage-networking	license	non-hardware	programming_interfaces	21031fae4600573e	Cisco MDS 9509 Multilayer Director Data Sheet - Cisco	● Scriptable CLI ● Data Center Network Manager web services API ● Device Manager
145991	M95IOA184	storage-networking	license	non-hardware	supported_protocols	21031fae4600573e	Cisco MDS 9509 Multilayer Director Data Sheet - Cisco	● Fibre Channel standards ◦ FC-PH, Revision 4.3 (ANSI INCITS 230-1994) ◦ FC-PH, 
145992	M95IOA184	storage-networking	license	non-hardware	fabric_services	21031fae4600573e	Cisco MDS 9509 Multilayer Director Data Sheet - Cisco	● Name server ● Registered State Change Notification (RSCN) ● Login services ● F
145995	M95IOA184	storage-networking	license	non-hardware	certifications	21031fae4600573e	Cisco MDS 9509 Multilayer Director Data Sheet - Cisco	● Safety compliance ◦ CE Marking ◦ UL 60950 ◦ CAN/CSA-C22.2 No. 60950 ◦ EN 60950
115679	S39NPEK9-15014M	routers	software	non-hardware	dram	e539825af78bd0b5	Cisco Integrated Services Routers Generation 2 Ordering Guide - Cisco	None available; Fixed 512MB DRAM only
115680	S39NPEK9-15014M	routers	software	non-hardware	flash	e539825af78bd0b5	Cisco Integrated Services Routers Generation 2 Ordering Guide - Cisco	None available; Fixed internal 256MB eUSB Flash only
141007	C9200CX-DNXA-8-5Y	switches	license	non-hardware	humidity_storage	de692de8d2c8f641	Cisco Catalyst 9200 Series Switches Data Sheet - Cisco	5% to 90% noncondensing
79134	C9200CX-DNXA-8-5Y	switches	license	non-hardware	temp_operating	de692de8d2c8f641	Cisco Catalyst 9200 Series Switches Data Sheet - Cisco	Normal operating temperature * and altitudes: ● -5°C to +45°C, up to 5000 feet (
79135	C9200CX-DNXA-8-5Y	switches	license	non-hardware	temp_storage	de692de8d2c8f641	Cisco Catalyst 9200 Series Switches Data Sheet - Cisco	-40° to 158°F (-40° to 70°C)
147022	C9200CX-DNXA-8-5Y	switches	license	non-hardware	certifications	de692de8d2c8f641	Cisco Catalyst 9200 Series Switches Data Sheet - Cisco	● 47 CFR Part 15 ● CISPR 32 Class A ● CNS 13438 ● EN 300 386 * ● EN 55032 Class 
147021	C9200CX-DNXA-8-5Y	switches	license	non-hardware	ieee_standards	de692de8d2c8f641	Cisco Catalyst 9200 Series Switches Data Sheet - Cisco	EEE 802.1s ; RMON I and II standards ; IEEE 802.1w ; SNMPv1, v2c, and v3 ; IEEE 
158388	C9200CX-DNXA-8-5Y	switches	license	non-hardware	altitude_max	de692de8d2c8f641	Cisco Catalyst 9200 Series Switches Data Sheet - Cisco	10,000 ft. (3000 meters), up to 45°C
141689	IE3200-DNA-E-5Y	switches	license	non-hardware	qos_features	37808a639001f3c5	Cisco Catalyst IE3200 Rugged Series Data Sheet - Cisco	Ingress policing, rate limit, egress queuing and shaping, auto QoS
97710	IE3200-DNA-E-5Y	switches	license	non-hardware	humidity_operating	37808a639001f3c5	Cisco Catalyst IE3200 Rugged Series Data Sheet - Cisco	Relative humidity of 5% to 95% non-condensing IEC 60068-2-78 IEC 60068-2-30
97714	IE3200-DNA-E-5Y	switches	license	non-hardware	temp_operating	37808a639001f3c5	Cisco Catalyst IE3200 Rugged Series Data Sheet - Cisco	Operating temperature: -40°C to +70°C (40 LFM vented enclosure) -40°C to +60°C (
97715	IE3200-DNA-E-5Y	switches	license	non-hardware	temp_storage	37808a639001f3c5	Cisco Catalyst IE3200 Rugged Series Data Sheet - Cisco	Temperature: -40°C to +85°C Altitude: 15,000 feet IEC 60068-2-14
97716	IE3200-DNA-E-5Y	switches	license	non-hardware	shock	37808a639001f3c5	Cisco Catalyst IE3200 Rugged Series Data Sheet - Cisco	IEC 60068-2-27 (operational shock, 50G, 3ms, half sine) IEC 60068-2-27 (non-oper
141516	IE3300-DNA-A-7Y	switches	license	non-hardware	qos_features	7b24beb93905621c	Cisco Catalyst IE3300 Rugged Series Data Sheet - Cisco	Ingress policing, rate limit, egress queuing and shaping, auto QoS
96093	IE3300-DNA-A-7Y	switches	license	non-hardware	temp_storage	7b24beb93905621c	Cisco Catalyst IE3300 Rugged Series Data Sheet - Cisco	Temperature: -40°C to +85°C degrees Altitude: 15,000 feet IEC 60068-2-14
96086	IE3300-DNA-A-7Y	switches	license	non-hardware	programming_interfaces	7b24beb93905621c	Cisco Catalyst IE3300 Rugged Series Data Sheet - Cisco	YANG, NETCONF, RESTCONF
96088	IE3300-DNA-A-7Y	switches	license	non-hardware	humidity_operating	7b24beb93905621c	Cisco Catalyst IE3300 Rugged Series Data Sheet - Cisco	Relative humidity of 5% to 95% non-condensing IEC 60068-2-78 IEC 60068-2-30
96092	IE3300-DNA-A-7Y	switches	license	non-hardware	temp_operating	7b24beb93905621c	Cisco Catalyst IE3300 Rugged Series Data Sheet - Cisco	Operating temperature: -40°C to +70°C (40 LFM vented enclosure) -40°C to +60°C (
96094	IE3300-DNA-A-7Y	switches	license	non-hardware	shock	7b24beb93905621c	Cisco Catalyst IE3300 Rugged Series Data Sheet - Cisco	IEC 60068-2-27 (operational shock, 50G, 3ms, half sine) IEC 60068-2-27 (non-oper
118479	SL-39-SECNPE-K9	routers	license	non-hardware	dram	e539825af78bd0b5	Cisco Integrated Services Routers Generation 2 Ordering Guide - Cisco	None available; Fixed 512MB DRAM only
118480	SL-39-SECNPE-K9	routers	license	non-hardware	flash	e539825af78bd0b5	Cisco Integrated Services Routers Generation 2 Ordering Guide - Cisco	None available; Fixed internal 256MB eUSB Flash only
118253	SL-29-SEC-K9	routers	license	non-hardware	dram	e539825af78bd0b5	Cisco Integrated Services Routers Generation 2 Ordering Guide - Cisco	None available; Fixed 512MB DRAM only
118254	SL-29-SEC-K9	routers	license	non-hardware	flash	e539825af78bd0b5	Cisco Integrated Services Routers Generation 2 Ordering Guide - Cisco	None available; Fixed internal 256MB eUSB Flash only
118050	SL-19-IPB-K9	interfaces-modules	license	non-hardware	dram	e539825af78bd0b5	Cisco Integrated Services Routers Generation 2 Ordering Guide - Cisco	None available; Fixed 512MB DRAM only
118051	SL-19-IPB-K9	interfaces-modules	license	non-hardware	flash	e539825af78bd0b5	Cisco Integrated Services Routers Generation 2 Ordering Guide - Cisco	None available; Fixed internal 256MB eUSB Flash only
91519	ESS-AC-10G-SIA-5	ios-nx-os-software	license	(no axis)	emc_immunity	588e4668c14a7aa0	Cisco Network Convergence System 540 Fronthaul Routers Data Sheet - Cisco	EN55024 CISPR24 EN300386 KN 61000-4 series
204324	NC55-100G-SE-LIC	routers	license	non-hardware	supported_protocols	e2b64cc81b6f40f6	Cisco Network Convergence System 5500 Series: Modular Line Cards NC55-24H12F-SE Data Sheet	● Layer 2 switch ports ● IEEE 802.1Q VLAN encapsulation/Q-in-Q encapsulation ● I
142039	NC55-100G-SE-LIC	routers	license	non-hardware	qos_features	e2b64cc81b6f40f6	Cisco Network Convergence System 5500 Series: Modular Line Cards NC55-24H12F-SE Data Sheet	● Quality of Service (QoS) ● Ingress classification based on class of service (L
144816	NC55-100G-SE-LIC	routers	license	non-hardware	programming_interfaces	e2b64cc81b6f40f6	Cisco Network Convergence System 5500 Series: Modular Line Cards NC55-24H12F-SE Data Sheet	● Zero-Touch Provisioning (ZTP), iPXE ● Configuration management ● Network Confi
144818	NC55-100G-SE-LIC	routers	license	non-hardware	emc_immunity	e2b64cc81b6f40f6	Cisco Network Convergence System 5500 Series: Modular Line Cards NC55-24H12F-SE Data Sheet	● EN55024 ● CISPR24 ● EN300386 ● KN 61000-4 series
104565	NC55-100G-SE-LIC	routers	license	non-hardware	segment_routing_features	e2b64cc81b6f40f6	Cisco Network Convergence System 5500 Series: Modular Line Cards NC55-24H12F-SE Data Sheet	● Segment routing–based transport ● ISIS extensions to segment routing ● OSPF ex
144817	NC55-100G-SE-LIC	routers	license	non-hardware	certifications	e2b64cc81b6f40f6	Cisco Network Convergence System 5500 Series: Modular Line Cards NC55-24H12F-SE Data Sheet	Designed to meet GR-63-CORE and GR-1089-CORE ; ● 47CFR Part 15 (CFR 47) Class A 
150652	XR-NC55-P-06.01	routers	software	non-hardware	emc_emissions	07ac5acc909a3e58	Cisco Network Convergence System 5500 Series Modular Chassis - Cisco	● 47CFR Part 15 (CFR 47) Class A ● AS/NZS CISPR22 Class A ● CISPR22 Class A ● EN
142942	UAS-SM	optical-networking	non_product	non-hardware	humidity_storage	e61c2ca5fbc3869a	Cisco ONS 15454 Any Rate Enhanced Xponder Card - Cisco	5 to 95% noncondensing
119518	UAS-SM	optical-networking	non_product	non-hardware	regions_supported	e61c2ca5fbc3869a	Cisco ONS 15454 Any Rate Enhanced Xponder Card - Cisco	● European Union ● Australia ● New Zealand ● Singapore ● China ● Mexico ● Hong K
205578	C2960CX-DNA-E-8=	switches	license	non-hardware	certifications	9bc7de771f909454	Cisco Catalyst 3560-CX and 2960-CX Series Compact Switches Data Sheet - Cisco	● UL 60950-1 ● CAN/CSA 22.2 No. 60950-1 ● EN 60950-1 ● IEC 60950-1 ● CE Marking 
205584	C3560CX2-DNAC1A=	switches	license	non-hardware	certifications	9bc7de771f909454	Cisco Catalyst 3560-CX and 2960-CX Series Compact Switches Data Sheet - Cisco	● UL 60950-1 ● CAN/CSA 22.2 No. 60950-1 ● EN 60950-1 ● IEC 60950-1 ● CE Marking 
153545	XR-NC55-P-06.03	routers	software	non-hardware	emc_emissions	07ac5acc909a3e58	Cisco Network Convergence System 5500 Series Modular Chassis - Cisco	● 47CFR Part 15 (CFR 47) Class A ● AS/NZS CISPR22 Class A ● CISPR22 Class A ● EN
95634	HX-DCPMM-AD2	hyperconverged-systems	non_product	non-hardware	emc_emissions	52fdd2003a38bfef	Cisco HyperFlex HX240C M6 LFF Server Node Spec Sheet	47CFR Part 15 (CFR 47) Class A  AS/NZS CISPR32 Class A  CISPR32 Class A EN550
95635	HX-DCPMM-AD2	hyperconverged-systems	non_product	non-hardware	emc_immunity	52fdd2003a38bfef	Cisco HyperFlex HX240C M6 LFF Server Node Spec Sheet	EN55024 CISPR24 EN300386 KN35
77119	C4500E-IPB-S	interfaces-modules	license	non-hardware	ipv6_routes	18989e0127e9ce20	Cisco Catalyst 4500E Supervisor Engine 9-E Data Sheet - Cisco	128,000
141097	C9300-DNA-L-E-3Y	switches	license	non-hardware	humidity_storage	638d72c59601332b	Cisco Catalyst 9300 Series Switches Data Sheet - Cisco	5% to 90% noncondensing
79677	C9300-DNA-L-E-3Y	switches	license	non-hardware	temp_operating	638d72c59601332b	Cisco Catalyst 9300 Series Switches Data Sheet - Cisco	Normal operating temperature * and altitudes: -5°C to +45°C, up to 5000 feet (15
79678	C9300-DNA-L-E-3Y	switches	license	non-hardware	temp_storage	638d72c59601332b	Cisco Catalyst 9300 Series Switches Data Sheet - Cisco	-40° to 158°F (-40° to 70°C)
198510	C9300-DNA-L-E-3Y	switches	license	non-hardware	ieee_standards	638d72c59601332b	Cisco Catalyst 9300 Series Switches Data Sheet - Cisco	IEEE 802.1s IEEE 802.1w IEEE 802.1x IEEE 802.1x-Rev IEEE 802.3ad IEEE 802.3ae IE
99326	L-SL-39-SEC-K9=	routers	license	non-hardware	dram	e539825af78bd0b5	Cisco Integrated Services Routers Generation 2 Ordering Guide - Cisco	None available; Fixed 512MB DRAM only
99327	L-SL-39-SEC-K9=	routers	license	non-hardware	flash	e539825af78bd0b5	Cisco Integrated Services Routers Generation 2 Ordering Guide - Cisco	None available; Fixed internal 256MB eUSB Flash only
98831	L-FP2900-TAC-3Y	routers	license	non-hardware	flash	e539825af78bd0b5	Cisco Integrated Services Routers Generation 2 Ordering Guide - Cisco	None available; Fixed internal 256MB eUSB Flash only
98830	L-FP2900-TAC-3Y	routers	license	non-hardware	dram	e539825af78bd0b5	Cisco Integrated Services Routers Generation 2 Ordering Guide - Cisco	None available; Fixed 512MB DRAM only
73672	ADN-ED-100G-SIA5	routers	license	non-hardware	humidity_operating	b8b4ec84e4a93e32	Cisco ASR 9901 Router Data Sheet - Cisco	10 to 85%
143122	XR-NC55-P-06.06	routers	software	non-hardware	humidity_storage	92b1ee16755274c1	Cisco Network Convergence System 5500 Series: NCS-55A1-24Q6H-S and NCS-55A1-24Q6H-SS Fixed	5% to 95% at 40°C per NEBS GR-63-Core
204492	XR-NC55-P-06.06	routers	software	non-hardware	supported_protocols	10f44aa4d91b0c5d	Cisco Network Convergence System 5500 Series: Dense 25G Fixed Chassis Data Sheet - Cisco	● Layer 2 switch ports ● IEEE 802.1Q VLAN encapsulation/Q-in-Q encapsulation ● I
147627	XR-NC55-P-06.06	routers	software	non-hardware	emc_emissions	10f44aa4d91b0c5d	Cisco Network Convergence System 5500 Series: Dense 25G Fixed Chassis Data Sheet - Cisco	● 47CFR Part 15 (CFR 47) Class A ● AS/NZS CISPR22 Class A ● CISPR22 Class A ● EN
147626	XR-NC55-P-06.06	routers	software	non-hardware	programming_interfaces	10f44aa4d91b0c5d	Cisco Network Convergence System 5500 Series: Dense 25G Fixed Chassis Data Sheet - Cisco	● Zero-Touch Provisioning (ZTP), iPXE ● Configuration management ● Network Confi
143121	XR-NC55-P-06.06	routers	software	non-hardware	qos_features	10f44aa4d91b0c5d	Cisco Network Convergence System 5500 Series: Dense 25G Fixed Chassis Data Sheet - Cisco	● Hierarchical QoS ● Ingress classification based on Class of Service (L2), IP d
128840	XR-NC55-P-06.06	routers	software	non-hardware	dram	10f44aa4d91b0c5d	Cisco Network Convergence System 5500 Series: Dense 25G Fixed Chassis Data Sheet - Cisco	32 GB
131371	XR-NC55-P-06.06	routers	software	non-hardware	altitude_max	92b1ee16755274c1	Cisco Network Convergence System 5500 Series: NCS-55A1-24Q6H-S and NCS-55A1-24Q6H-SS Fixed	0 to 9842 ft (0 to 3000 m)
128844	XR-NC55-P-06.06	routers	software	non-hardware	temp_storage	92b1ee16755274c1	Cisco Network Convergence System 5500 Series: NCS-55A1-24Q6H-S and NCS-55A1-24Q6H-SS Fixed	-40° to 158°F (-40° to 70°C)
128845	XR-NC55-P-06.06	routers	software	non-hardware	humidity_operating	92b1ee16755274c1	Cisco Network Convergence System 5500 Series: NCS-55A1-24Q6H-S and NCS-55A1-24Q6H-SS Fixed	5% to 95% (noncondensing)
128848	XR-NC55-P-06.06	routers	software	non-hardware	temp_operating	92b1ee16755274c1	Cisco Network Convergence System 5500 Series: NCS-55A1-24Q6H-S and NCS-55A1-24Q6H-SS Fixed	Port-S intake supply: 32° to 104°F (0° to 40°C); Port-S exhaust supply: 32° to 9
128846	XR-NC55-P-06.06	routers	software	non-hardware	segment_routing_features	10f44aa4d91b0c5d	Cisco Network Convergence System 5500 Series: Dense 25G Fixed Chassis Data Sheet - Cisco	● Segment routing–based transport ● ISIS extensions to segment routing ● OSPF ex
143128	XR-NC55-PK9-06.06	routers	software	non-hardware	humidity_storage	92b1ee16755274c1	Cisco Network Convergence System 5500 Series: NCS-55A1-24Q6H-S and NCS-55A1-24Q6H-SS Fixed	5% to 95% at 40°C per NEBS GR-63-Core
204493	XR-NC55-PK9-06.06	routers	software	non-hardware	supported_protocols	10f44aa4d91b0c5d	Cisco Network Convergence System 5500 Series: Dense 25G Fixed Chassis Data Sheet - Cisco	● Layer 2 switch ports ● IEEE 802.1Q VLAN encapsulation/Q-in-Q encapsulation ● I
147630	XR-NC55-PK9-06.06	routers	software	non-hardware	emc_emissions	10f44aa4d91b0c5d	Cisco Network Convergence System 5500 Series: Dense 25G Fixed Chassis Data Sheet - Cisco	● 47CFR Part 15 (CFR 47) Class A ● AS/NZS CISPR22 Class A ● CISPR22 Class A ● EN
143127	XR-NC55-PK9-06.06	routers	software	non-hardware	qos_features	10f44aa4d91b0c5d	Cisco Network Convergence System 5500 Series: Dense 25G Fixed Chassis Data Sheet - Cisco	● Hierarchical QoS ● Ingress classification based on Class of Service (L2), IP d
147629	XR-NC55-PK9-06.06	routers	software	non-hardware	programming_interfaces	10f44aa4d91b0c5d	Cisco Network Convergence System 5500 Series: Dense 25G Fixed Chassis Data Sheet - Cisco	● Zero-Touch Provisioning (ZTP), iPXE ● Configuration management ● Network Confi
128888	XR-NC55-PK9-06.06	routers	software	non-hardware	dram	10f44aa4d91b0c5d	Cisco Network Convergence System 5500 Series: Dense 25G Fixed Chassis Data Sheet - Cisco	32 GB
131373	XR-NC55-PK9-06.06	routers	software	non-hardware	altitude_max	92b1ee16755274c1	Cisco Network Convergence System 5500 Series: NCS-55A1-24Q6H-S and NCS-55A1-24Q6H-SS Fixed	0 to 9842 ft (0 to 3000 m)
128892	XR-NC55-PK9-06.06	routers	software	non-hardware	temp_storage	92b1ee16755274c1	Cisco Network Convergence System 5500 Series: NCS-55A1-24Q6H-S and NCS-55A1-24Q6H-SS Fixed	-40° to 158°F (-40° to 70°C)
128893	XR-NC55-PK9-06.06	routers	software	non-hardware	humidity_operating	92b1ee16755274c1	Cisco Network Convergence System 5500 Series: NCS-55A1-24Q6H-S and NCS-55A1-24Q6H-SS Fixed	5% to 95% (noncondensing)
128896	XR-NC55-PK9-06.06	routers	software	non-hardware	temp_operating	92b1ee16755274c1	Cisco Network Convergence System 5500 Series: NCS-55A1-24Q6H-S and NCS-55A1-24Q6H-SS Fixed	Port-S intake supply: 32° to 104°F (0° to 40°C); Port-S exhaust supply: 32° to 9
128894	XR-NC55-PK9-06.06	routers	software	non-hardware	segment_routing_features	10f44aa4d91b0c5d	Cisco Network Convergence System 5500 Series: Dense 25G Fixed Chassis Data Sheet - Cisco	● Segment routing–based transport ● ISIS extensions to segment routing ● OSPF ex
140934	C9200-DNA-A-24-3Y	switches	license	non-hardware	humidity_storage	de692de8d2c8f641	Cisco Catalyst 9200 Series Switches Data Sheet - Cisco	5% to 90% noncondensing
78579	C9200-DNA-A-24-3Y	switches	license	non-hardware	temp_operating	de692de8d2c8f641	Cisco Catalyst 9200 Series Switches Data Sheet - Cisco	Normal operating temperature * and altitudes: ● -5°C to +45°C, up to 5000 feet (
78580	C9200-DNA-A-24-3Y	switches	license	non-hardware	temp_storage	de692de8d2c8f641	Cisco Catalyst 9200 Series Switches Data Sheet - Cisco	-40° to 158°F (-40° to 70°C)
205661	C9200-DNA-A-24-3Y	switches	license	non-hardware	certifications	de692de8d2c8f641	Cisco Catalyst 9200 Series Switches Data Sheet - Cisco	● 47 CFR Part 15 ● CISPR 32 Class A ● CNS 13438 ● EN 300 386 * ● EN 55032 Class 
208070	N3K-C3048-BAS1K9	switches	license	non-hardware	supported_protocols	f7a79b15dd1af88a	Cisco Nexus 3048 Switch Data Sheet - Cisco	● Layer 2 switch ports and VLAN trunks ● IEEE 802.1Q VLAN encapsulation ● Suppor
141848	N3K-C3048-BAS1K9	switches	license	non-hardware	qos_features	f7a79b15dd1af88a	Cisco Nexus 3048 Switch Data Sheet - Cisco	Layer 2 IEEE 802.1p (Class of Service [CoS]) 8 hardware queues per port Per-port
146410	N3K-C3048-BAS1K9	switches	license	non-hardware	emc_emissions	f7a79b15dd1af88a	Cisco Nexus 3048 Switch Data Sheet - Cisco	● 47CFR Part 15 (CFR 47) Class A ● AS/NZS CISPR22 Class A ● CISPR22 Class A ● EN
146411	N3K-C3048-BAS1K9	switches	license	non-hardware	emc_immunity	f7a79b15dd1af88a	Cisco Nexus 3048 Switch Data Sheet - Cisco	● EN55024 ● CISPR24 ● EN300386 ● KN24
146409	N3K-C3048-BAS1K9	switches	license	non-hardware	ieee_standards	f7a79b15dd1af88a	Cisco Nexus 3048 Switch Data Sheet - Cisco	● IEEE 802.1D: Spanning Tree Protocol ● IEEE 802.1p: CoS Prioritization ● IEEE 8
154583	N3K-C3048-BAS1K9	switches	license	non-hardware	snmp_mibs	f7a79b15dd1af88a	Cisco Nexus 3048 Switch Data Sheet - Cisco	Generic MIBs ● SNMPv2-SMI ● CISCO-SMI ● SNMPv2-TM ● SNMPv2-TC ● IANA-ADDRESS-FAM
206095	OAS-COSM-MLCL	optical-networking	license	non-hardware	certifications	3f28bb26f69eb57b	Cisco NCS 2000 Shelf Virtualization Orchestrator Data Sheet - Cisco	ETS 300-019-2-1 V2.1.2 (Storage, Class 1.1) ETS 300-019-2-2 V2.1.2 (1999-09): Tr
112359	PRM-8KE-400G-RTU	routers	license	non-hardware	emc_immunity	a2ea20301422d099	Cisco 8404 Router Data Sheet - Cisco	EN 300 386 EN55035 CISPR 35 EN61000-6-1 KS C 9835
112358	PRM-8KE-400G-RTU	routers	license	non-hardware	emc_emissions	a2ea20301422d099	Cisco 8404 Router Data Sheet - Cisco	FCC 47 CFR Part 15 Class A AS/NZS CISPR 32 Class A EN55032 Class A CISPR 32 Clas
140981	C9200L-DNX-A-48-7Y	switches	license	non-hardware	humidity_storage	de692de8d2c8f641	Cisco Catalyst 9200 Series Switches Data Sheet - Cisco	5% to 90% noncondensing
78976	C9200L-DNX-A-48-7Y	switches	license	non-hardware	temp_operating	de692de8d2c8f641	Cisco Catalyst 9200 Series Switches Data Sheet - Cisco	Normal operating temperature * and altitudes: ● -5°C to +45°C, up to 5000 feet (
78977	C9200L-DNX-A-48-7Y	switches	license	non-hardware	temp_storage	de692de8d2c8f641	Cisco Catalyst 9200 Series Switches Data Sheet - Cisco	-40° to 158°F (-40° to 70°C)
205682	C9200L-DNX-A-48-7Y	switches	license	non-hardware	certifications	de692de8d2c8f641	Cisco Catalyst 9200 Series Switches Data Sheet - Cisco	● 47 CFR Part 15 ● CISPR 32 Class A ● CNS 13438 ● EN 300 386 * ● EN 55032 Class 
73760	ADV-ED-100G-SIA3	routers	license	non-hardware	humidity_operating	b8b4ec84e4a93e32	Cisco ASR 9901 Router Data Sheet - Cisco	10 to 85%
99967	M9250IPD20-8GSFP=	storage-networking	license	non-hardware	programming_interfaces	f33a76d7c2c030f9	Cisco MDS 9250i Multiservice Fabric Switch Data Sheet - Cisco	● Scriptable CLI ● Cisco Prime DCNM web services API ● Cisco Device Manager GUI
91725	ESS-8KE-400G-RTU	routers	license	non-hardware	emc_emissions	a2ea20301422d099	Cisco 8404 Router Data Sheet - Cisco	FCC 47 CFR Part 15 Class A AS/NZS CISPR 32 Class A EN55032 Class A CISPR 32 Clas
91726	ESS-8KE-400G-RTU	routers	license	non-hardware	emc_immunity	a2ea20301422d099	Cisco 8404 Router Data Sheet - Cisco	EN 300 386 EN55035 CISPR 35 EN61000-6-1 KS C 9835
98844	L-FP3945E-TA-3Y	routers	license	non-hardware	dram	e539825af78bd0b5	Cisco Integrated Services Routers Generation 2 Ordering Guide - Cisco	None available; Fixed 512MB DRAM only
98845	L-FP3945E-TA-3Y	routers	license	non-hardware	flash	e539825af78bd0b5	Cisco Integrated Services Routers Generation 2 Ordering Guide - Cisco	None available; Fixed internal 256MB eUSB Flash only
98826	L-FP2900-TA-3Y	routers	license	non-hardware	dram	e539825af78bd0b5	Cisco Integrated Services Routers Generation 2 Ordering Guide - Cisco	None available; Fixed 512MB DRAM only
98827	L-FP2900-TA-3Y	routers	license	non-hardware	flash	e539825af78bd0b5	Cisco Integrated Services Routers Generation 2 Ordering Guide - Cisco	None available; Fixed internal 256MB eUSB Flash only
205165	XR-NC55-PK9-07.02	routers	software	non-hardware	supported_protocols	163e8998487b6873	Cisco Network Convergence System 5500 Series: 55A2 Chassis Data Sheet - Cisco	Layer 2 switch ports IEEE 802.1Q VLAN encapsulation/Q-in-Q encapsulation IEEE 80
143142	XR-NC55-PK9-07.02	routers	software	non-hardware	humidity_storage	163e8998487b6873	Cisco Network Convergence System 5500 Series: 55A2 Chassis Data Sheet - Cisco	5% to 95% at 40C per NEBS GR-63-Core
129046	XR-NC55-PK9-07.02	routers	software	non-hardware	segment_routing_features	163e8998487b6873	Cisco Network Convergence System 5500 Series: 55A2 Chassis Data Sheet - Cisco	Segment routing–based transport ISIS extensions to segment routing OSPF extensio
143141	XR-NC55-PK9-07.02	routers	software	non-hardware	qos_features	163e8998487b6873	Cisco Network Convergence System 5500 Series: 55A2 Chassis Data Sheet - Cisco	Hierarchical QoS Ingress classification based on Class of Service (L2), IP diffe
150632	XR-NC55-PK9-07.02	routers	software	non-hardware	programming_interfaces	163e8998487b6873	Cisco Network Convergence System 5500 Series: 55A2 Chassis Data Sheet - Cisco	Zero-Touch Provisioning (ZTP), iPXE Configuration management Network Configurati
150634	XR-NC55-PK9-07.02	routers	software	non-hardware	emc_immunity	163e8998487b6873	Cisco Network Convergence System 5500 Series: 55A2 Chassis Data Sheet - Cisco	EN55024 CISPR24 EN300386 KN35 TCVN 7317 ; EN55024 CISPR24 EN300386 KN35 TCVN 731
150629	XR-NC55-PK9-07.02	routers	software	non-hardware	emc_emissions	92b1ee16755274c1	Cisco Network Convergence System 5500 Series: NCS-55A1-24Q6H-S and NCS-55A1-24Q6H-SS Fixed	● 47CFR Part 15 (CFR 47) Class A ● AS/NZS CISPR22 Class A ● CISPR22 Class A ● EN
129037	XR-NC55-PK9-07.02	routers	software	non-hardware	dram	163e8998487b6873	Cisco Network Convergence System 5500 Series: 55A2 Chassis Data Sheet - Cisco	32GB
131374	XR-NC55-PK9-07.02	routers	software	non-hardware	altitude_max	92b1ee16755274c1	Cisco Network Convergence System 5500 Series: NCS-55A1-24Q6H-S and NCS-55A1-24Q6H-SS Fixed	0 to 9842 ft (0 to 3000 m)
129040	XR-NC55-PK9-07.02	routers	software	non-hardware	humidity_operating	163e8998487b6873	Cisco Network Convergence System 5500 Series: 55A2 Chassis Data Sheet - Cisco	5% to 95% (noncondensing)
207125	XR-NC55-PK9-07.02	routers	software	non-hardware	certifications	163e8998487b6873	Cisco Network Convergence System 5500 Series: 55A2 Chassis Data Sheet - Cisco	GR-63-CORE GR-1089-CORE ; 47CFR Part 15 (CFR 47) Class A CISPR32 Class A EN55032
98834	L-FP3900-TAMC-1Y	routers	license	non-hardware	dram	e539825af78bd0b5	Cisco Integrated Services Routers Generation 2 Ordering Guide - Cisco	None available; Fixed 512MB DRAM only
98835	L-FP3900-TAMC-1Y	routers	license	non-hardware	flash	e539825af78bd0b5	Cisco Integrated Services Routers Generation 2 Ordering Guide - Cisco	None available; Fixed internal 256MB eUSB Flash only
144224	8KSW-PRM-B-P	routers	license	non-hardware	emc_immunity	a5dbf1f67727ca95	Cisco 8700 Series Routers Data Sheet - Cisco	CISPR35 EN 55035 EN IEC 61000-6-1 EN IEC 61000-6-2 EN 300 386 V2.1.23 KS C 9835 
144223	8KSW-PRM-B-P	routers	license	non-hardware	programming_interfaces	a5dbf1f67727ca95	Cisco 8700 Series Routers Data Sheet - Cisco	RS-232 serial ports: 1 x RJ45 Management ports: 1 x RJ45(1G) USB 3.0 ports: 1 x 
205516	8KSW-PRM-B-P	routers	license	non-hardware	certifications	a5dbf1f67727ca95	Cisco 8700 Series Routers Data Sheet - Cisco	Emissions: CISPR32 EN 55032 EN 61000-3-3 EN IEC 61000-3-2 EN 300 386 V2.1.23 47 
112323	PRM-8KE-100G-RTU	routers	license	non-hardware	emc_emissions	a2ea20301422d099	Cisco 8404 Router Data Sheet - Cisco	FCC 47 CFR Part 15 Class A AS/NZS CISPR 32 Class A EN55032 Class A CISPR 32 Clas
206109	PRM-8KE-100G-RTU	routers	license	non-hardware	certifications	a5dbf1f67727ca95	Cisco 8700 Series Routers Data Sheet - Cisco	Emissions: CISPR32 EN 55032 EN 61000-3-3 EN IEC 61000-3-2 EN 300 386 V2.1.23 47 
98838	L-FP3945E-TAMC-3Y	routers	license	non-hardware	dram	e539825af78bd0b5	Cisco Integrated Services Routers Generation 2 Ordering Guide - Cisco	None available; Fixed 512MB DRAM only
98839	L-FP3945E-TAMC-3Y	routers	license	non-hardware	flash	e539825af78bd0b5	Cisco Integrated Services Routers Generation 2 Ordering Guide - Cisco	None available; Fixed internal 256MB eUSB Flash only
98862	L-FP3900-TA-3Y	routers	license	non-hardware	dram	e539825af78bd0b5	Cisco Integrated Services Routers Generation 2 Ordering Guide - Cisco	None available; Fixed 512MB DRAM only
98863	L-FP3900-TA-3Y	routers	license	non-hardware	flash	e539825af78bd0b5	Cisco Integrated Services Routers Generation 2 Ordering Guide - Cisco	None available; Fixed internal 256MB eUSB Flash only
73465	ADN-ED-100G-RTU1	routers	license	non-hardware	temp_storage	b8b4ec84e4a93e32	Cisco ASR 9901 Router Data Sheet - Cisco	-40 to 158°F (-40 to 70°C)
73463	ADN-ED-100G-RTU1	routers	license	non-hardware	humidity_operating	b8b4ec84e4a93e32	Cisco ASR 9901 Router Data Sheet - Cisco	10 to 85%
206449	ADN-ED-100G-RTU1	routers	license	non-hardware	certifications	b8b4ec84e4a93e32	Cisco ASR 9901 Router Data Sheet - Cisco	Cisco ASR 9901 is designed to meet: ● SR-3580: NEBS Criteria Levels (Level 3) ● 
115047	S-A9K-BNG-ADV-8K	routers	license	non-hardware	temp_storage	b8b4ec84e4a93e32	Cisco ASR 9901 Router Data Sheet - Cisco	-40 to 158°F (-40 to 70°C)
115045	S-A9K-BNG-ADV-8K	routers	license	non-hardware	humidity_operating	b8b4ec84e4a93e32	Cisco ASR 9901 Router Data Sheet - Cisco	10 to 85%
206473	S-A9K-BNG-ADV-8K	routers	license	non-hardware	certifications	b8b4ec84e4a93e32	Cisco ASR 9901 Router Data Sheet - Cisco	Cisco ASR 9901 is designed to meet: ● SR-3580: NEBS Criteria Levels (Level 3) ● 
99324	L-SL-19-SEC-K9=	routers	license	non-hardware	dram	e539825af78bd0b5	Cisco Integrated Services Routers Generation 2 Ordering Guide - Cisco	None available; Fixed 512MB DRAM only
99325	L-SL-19-SEC-K9=	routers	license	non-hardware	flash	e539825af78bd0b5	Cisco Integrated Services Routers Generation 2 Ordering Guide - Cisco	None available; Fixed internal 256MB eUSB Flash only
98864	L-FP3945E-TAC-1Y	routers	license	non-hardware	dram	e539825af78bd0b5	Cisco Integrated Services Routers Generation 2 Ordering Guide - Cisco	None available; Fixed 512MB DRAM only
98865	L-FP3945E-TAC-1Y	routers	license	non-hardware	flash	e539825af78bd0b5	Cisco Integrated Services Routers Generation 2 Ordering Guide - Cisco	None available; Fixed internal 256MB eUSB Flash only
113609	QSFP-4S50-CUxM	transceiver	non_product	non-hardware	temp_storage	2e6f3ad86d6f7c1e	Cisco 200G QSFP56 Cables and Transceiver Modules Data Sheet - Cisco	-40 to 85°C
114304	R-XRV9000-601-VG	routers	software	non-hardware	segment_routing_features	cad9e5016e8f34c6	Cisco IOS XR Release 6.1.2 for Cisco ASR 9000 Series Routers Product Bulletin - Cisco	Auto-route Destination The auto-route destination feature allows you to automati
205164	XR-NC55-P-07.02	routers	software	non-hardware	supported_protocols	163e8998487b6873	Cisco Network Convergence System 5500 Series: 55A2 Chassis Data Sheet - Cisco	Layer 2 switch ports IEEE 802.1Q VLAN encapsulation/Q-in-Q encapsulation IEEE 80
143146	XR-NC55-P-07.02	routers	software	non-hardware	qos_features	163e8998487b6873	Cisco Network Convergence System 5500 Series: 55A2 Chassis Data Sheet - Cisco	Hierarchical QoS Ingress classification based on Class of Service (L2), IP diffe
150624	XR-NC55-P-07.02	routers	software	non-hardware	programming_interfaces	163e8998487b6873	Cisco Network Convergence System 5500 Series: 55A2 Chassis Data Sheet - Cisco	Zero-Touch Provisioning (ZTP), iPXE Configuration management Network Configurati
150626	XR-NC55-P-07.02	routers	software	non-hardware	emc_immunity	163e8998487b6873	Cisco Network Convergence System 5500 Series: 55A2 Chassis Data Sheet - Cisco	EN55024 CISPR24 EN300386 KN35 TCVN 7317 ; EN55024 CISPR24 EN300386 KN35 TCVN 731
150621	XR-NC55-P-07.02	routers	software	non-hardware	emc_emissions	92b1ee16755274c1	Cisco Network Convergence System 5500 Series: NCS-55A1-24Q6H-S and NCS-55A1-24Q6H-SS Fixed	● 47CFR Part 15 (CFR 47) Class A ● AS/NZS CISPR22 Class A ● CISPR22 Class A ● EN
131372	XR-NC55-P-07.02	routers	software	non-hardware	altitude_max	92b1ee16755274c1	Cisco Network Convergence System 5500 Series: NCS-55A1-24Q6H-S and NCS-55A1-24Q6H-SS Fixed	0 to 9842 ft (0 to 3000 m)
129100	XR-NC55-P-07.02	routers	software	non-hardware	dram	163e8998487b6873	Cisco Network Convergence System 5500 Series: 55A2 Chassis Data Sheet - Cisco	32GB
129103	XR-NC55-P-07.02	routers	software	non-hardware	humidity_operating	163e8998487b6873	Cisco Network Convergence System 5500 Series: 55A2 Chassis Data Sheet - Cisco	5% to 95% (noncondensing)
129109	XR-NC55-P-07.02	routers	software	non-hardware	segment_routing_features	163e8998487b6873	Cisco Network Convergence System 5500 Series: 55A2 Chassis Data Sheet - Cisco	Segment routing–based transport ISIS extensions to segment routing OSPF extensio
143147	XR-NC55-P-07.02	routers	software	non-hardware	humidity_storage	163e8998487b6873	Cisco Network Convergence System 5500 Series: 55A2 Chassis Data Sheet - Cisco	5% to 95% at 40C per NEBS GR-63-Core
207124	XR-NC55-P-07.02	routers	software	non-hardware	certifications	163e8998487b6873	Cisco Network Convergence System 5500 Series: 55A2 Chassis Data Sheet - Cisco	GR-63-CORE GR-1089-CORE ; 47CFR Part 15 (CFR 47) Class A CISPR32 Class A EN55032
98824	L-FP2900-TAM-3Y	routers	license	non-hardware	dram	e539825af78bd0b5	Cisco Integrated Services Routers Generation 2 Ordering Guide - Cisco	None available; Fixed 512MB DRAM only
98825	L-FP2900-TAM-3Y	routers	license	non-hardware	flash	e539825af78bd0b5	Cisco Integrated Services Routers Generation 2 Ordering Guide - Cisco	None available; Fixed internal 256MB eUSB Flash only
205859	CP-QPSK	optical-networking	non_product	non-hardware	certifications	7ec8ef38de098198	Cisco NCS 4000 400 Gbps DWDM/OTN/Packet Universal Line Card Data Sheet - Cisco	● ETS 300-019-2-1 V2.1.2 (Storage, Class 1.1) ● ETS 300-019-2-2 V2.1.2 (1999-09)
88376	DN4-HW-APL-LIC	cloud-systems-management	license	(no axis)	emc_immunity	aebf428024d574ba	Cisco Catalyst Center (Formerly Cisco DNA Center) DN4 Appliance Ordering Guide - Cisco	EN55035 EN55024 CISPR24/35 EN300386 KS C 9835 IEC/EN61000-6-1
203759	A9K-40G-VID-LIC	routers	license	non-hardware	ieee_standards	af64a934603f2213	Cisco ASR 9000 Series 40 and 56 Gigabit Ethernet Line Cards Data Sheet - Cisco	● 1- and 10-Gbps IEEE 802.3 compliant ● 1 and 10 Gigabit Ethernet PHY monitoring
72848	A9K-40G-VID-LIC	routers	license	non-hardware	temp_storage	af64a934603f2213	Cisco ASR 9000 Series 40 and 56 Gigabit Ethernet Line Cards Data Sheet - Cisco	-40 to 158ºF (-40 to 70ºC)
145716	A9K-40G-VID-LIC	routers	license	non-hardware	etsi_standards	af64a934603f2213	Cisco ASR 9000 Series 40 and 56 Gigabit Ethernet Line Cards Data Sheet - Cisco	Cisco ASR 9000 Series Routers are designed to meet: ● EN300 386: Telecommunicati
145715	A9K-40G-VID-LIC	routers	license	non-hardware	temp_operating	af64a934603f2213	Cisco ASR 9000 Series 40 and 56 Gigabit Ethernet Line Cards Data Sheet - Cisco	23 to 131ºF (-5 to 55ºC)
130678	A9K-40G-VID-LIC	routers	license	non-hardware	altitude_max	af64a934603f2213	Cisco ASR 9000 Series 40 and 56 Gigabit Ethernet Line Cards Data Sheet - Cisco	-60 to 4000m (up to 2000m conforms to IEC, EN, UL, and CSA 60950 requirements)
207785	A9K-40G-VID-LIC	routers	license	non-hardware	certifications	af64a934603f2213	Cisco ASR 9000 Series 40 and 56 Gigabit Ethernet Line Cards Data Sheet - Cisco	Cisco ASR 9000 Series Routers are designed to meet: ● SR-3580: NEBS Criteria Lev
140629	A9K9901-UP120-256G	routers	license	non-hardware	humidity_storage	b8b4ec84e4a93e32	Cisco ASR 9901 Router Data Sheet - Cisco	5 to 95% Note: Not to exceed 0.024 kg water or dry air
73152	A9K9901-UP120-256G	routers	license	non-hardware	humidity_operating	b8b4ec84e4a93e32	Cisco ASR 9901 Router Data Sheet - Cisco	10 to 85%
73154	A9K9901-UP120-256G	routers	license	non-hardware	temp_storage	b8b4ec84e4a93e32	Cisco ASR 9901 Router Data Sheet - Cisco	-40 to 158°F (-40 to 70°C)
206553	A9K9901-UP120-256G	routers	license	non-hardware	certifications	b8b4ec84e4a93e32	Cisco ASR 9901 Router Data Sheet - Cisco	Cisco ASR 9901 is designed to meet: ● SR-3580: NEBS Criteria Levels (Level 3) ● 
140632	A9K9901-UP256-456G	routers	license	non-hardware	humidity_storage	b8b4ec84e4a93e32	Cisco ASR 9901 Router Data Sheet - Cisco	5 to 95% Note: Not to exceed 0.024 kg water or dry air
73206	A9K9901-UP256-456G	routers	license	non-hardware	humidity_operating	b8b4ec84e4a93e32	Cisco ASR 9901 Router Data Sheet - Cisco	10 to 85%
73208	A9K9901-UP256-456G	routers	license	non-hardware	temp_storage	b8b4ec84e4a93e32	Cisco ASR 9901 Router Data Sheet - Cisco	-40 to 158°F (-40 to 70°C)
206554	A9K9901-UP256-456G	routers	license	non-hardware	certifications	b8b4ec84e4a93e32	Cisco ASR 9901 Router Data Sheet - Cisco	Cisco ASR 9901 is designed to meet: ● SR-3580: NEBS Criteria Levels (Level 3) ● 
98858	L-FP3900-TAC-3Y	routers	license	non-hardware	dram	e539825af78bd0b5	Cisco Integrated Services Routers Generation 2 Ordering Guide - Cisco	None available; Fixed 512MB DRAM only
98859	L-FP3900-TAC-3Y	routers	license	non-hardware	flash	e539825af78bd0b5	Cisco Integrated Services Routers Generation 2 Ordering Guide - Cisco	None available; Fixed internal 256MB eUSB Flash only
98852	L-FP3945E-TAM-3Y	routers	license	non-hardware	dram	e539825af78bd0b5	Cisco Integrated Services Routers Generation 2 Ordering Guide - Cisco	None available; Fixed 512MB DRAM only
98853	L-FP3945E-TAM-3Y	routers	license	non-hardware	flash	e539825af78bd0b5	Cisco Integrated Services Routers Generation 2 Ordering Guide - Cisco	None available; Fixed internal 256MB eUSB Flash only
203756	A9K-2T-TR-LIC	routers	license	non-hardware	ieee_standards	af64a934603f2213	Cisco ASR 9000 Series 40 and 56 Gigabit Ethernet Line Cards Data Sheet - Cisco	● 1- and 10-Gbps IEEE 802.3 compliant ● 1 and 10 Gigabit Ethernet PHY monitoring
72401	A9K-2T-TR-LIC	routers	license	non-hardware	temp_storage	af64a934603f2213	Cisco ASR 9000 Series 40 and 56 Gigabit Ethernet Line Cards Data Sheet - Cisco	-40 to 158ºF (-40 to 70ºC)
145704	A9K-2T-TR-LIC	routers	license	non-hardware	etsi_standards	af64a934603f2213	Cisco ASR 9000 Series 40 and 56 Gigabit Ethernet Line Cards Data Sheet - Cisco	Cisco ASR 9000 Series Routers are designed to meet: ● EN300 386: Telecommunicati
145703	A9K-2T-TR-LIC	routers	license	non-hardware	temp_operating	af64a934603f2213	Cisco ASR 9000 Series 40 and 56 Gigabit Ethernet Line Cards Data Sheet - Cisco	23 to 131ºF (-5 to 55ºC)
130675	A9K-2T-TR-LIC	routers	license	non-hardware	altitude_max	af64a934603f2213	Cisco ASR 9000 Series 40 and 56 Gigabit Ethernet Line Cards Data Sheet - Cisco	-60 to 4000m (up to 2000m conforms to IEC, EN, UL, and CSA 60950 requirements)
207779	A9K-2T-TR-LIC	routers	license	non-hardware	certifications	af64a934603f2213	Cisco ASR 9000 Series 40 and 56 Gigabit Ethernet Line Cards Data Sheet - Cisco	Cisco ASR 9000 Series Routers are designed to meet: ● SR-3580: NEBS Criteria Lev
77975	C4500E-LIC-PAK	interfaces-modules	license	non-hardware	ipv6_routes	18989e0127e9ce20	Cisco Catalyst 4500E Supervisor Engine 9-E Data Sheet - Cisco	128,000
204186	S-A9902-AIP	routers	license	non-hardware	ieee_standards	e981c199c3b16224	Cisco ASR 9902 Compact High-Performance Router Data Sheet - Cisco	● 10-Gbps IEEE 802.3ae compliant ● 25-Gbps IEEE 802.3by and IEEE 802.3cc complia
142710	S-A9902-AIP	routers	license	non-hardware	humidity_storage	e981c199c3b16224	Cisco ASR 9902 Compact High-Performance Router Data Sheet - Cisco	5 to 95% Note: Not to exceed 0.024 kg of water per kg of dry air
115450	S-A9902-AIP	routers	license	non-hardware	supported_protocols	e981c199c3b16224	Cisco ASR 9902 Compact High-Performance Router Data Sheet - Cisco	NetFlow, IEEE 802.1ag, IEEE 802.3ah, ITU Y.1731, IP Service-Level Agreement (IP 
150002	S-A9902-AIP	routers	license	non-hardware	temp_storage	e981c199c3b16224	Cisco ASR 9902 Compact High-Performance Router Data Sheet - Cisco	–40 to 158°F (–40 to 70°C)
115446	S-A9902-AIP	routers	license	non-hardware	temp_operating	e981c199c3b16224	Cisco ASR 9902 Compact High-Performance Router Data Sheet - Cisco	41 to 104°F (5 to 40°C) Note: Limitations may apply when using high-power optics
115447	S-A9902-AIP	routers	license	non-hardware	humidity_operating	e981c199c3b16224	Cisco ASR 9902 Compact High-Performance Router Data Sheet - Cisco	10 to 85%
207079	S-A9902-AIP	routers	license	non-hardware	certifications	e981c199c3b16224	Cisco ASR 9902 Compact High-Performance Router Data Sheet - Cisco	The Cisco ASR 9902 Router is designed to meet: ● FCC Class A ● ICES 003 Class A 
204188	S-A9902-IVRF	routers	license	non-hardware	ieee_standards	e981c199c3b16224	Cisco ASR 9902 Compact High-Performance Router Data Sheet - Cisco	● 10-Gbps IEEE 802.3ae compliant ● 25-Gbps IEEE 802.3by and IEEE 802.3cc complia
142658	S-A9902-IVRF	routers	license	non-hardware	humidity_storage	e981c199c3b16224	Cisco ASR 9902 Compact High-Performance Router Data Sheet - Cisco	5 to 95% Note: Not to exceed 0.024 kg of water per kg of dry air
115035	S-A9902-IVRF	routers	license	non-hardware	supported_protocols	e981c199c3b16224	Cisco ASR 9902 Compact High-Performance Router Data Sheet - Cisco	NetFlow, IEEE 802.1ag, IEEE 802.3ah, ITU Y.1731, IP Service-Level Agreement (IP 
150008	S-A9902-IVRF	routers	license	non-hardware	temp_storage	e981c199c3b16224	Cisco ASR 9902 Compact High-Performance Router Data Sheet - Cisco	–40 to 158°F (–40 to 70°C)
115031	S-A9902-IVRF	routers	license	non-hardware	temp_operating	e981c199c3b16224	Cisco ASR 9902 Compact High-Performance Router Data Sheet - Cisco	41 to 104°F (5 to 40°C) Note: Limitations may apply when using high-power optics
115032	S-A9902-IVRF	routers	license	non-hardware	humidity_operating	e981c199c3b16224	Cisco ASR 9902 Compact High-Performance Router Data Sheet - Cisco	10 to 85%
207081	S-A9902-IVRF	routers	license	non-hardware	certifications	e981c199c3b16224	Cisco ASR 9902 Compact High-Performance Router Data Sheet - Cisco	The Cisco ASR 9902 Router is designed to meet: ● FCC Class A ● ICES 003 Class A 
141670	IE3500-NW-A=	switches	license	non-hardware	qos_features	de20866285786429	Cisco IE3500 Heavy Duty Series Data Sheet - Cisco	Ingress policing, rate limit, egress queuing/shaping, auto QoS
204600	IE3500-NW-A=	switches	license	non-hardware	supported_protocols	de20866285786429	Cisco IE3500 Heavy Duty Series Data Sheet - Cisco	IEEE 802.1Q, 802.1w,802.1ab,802.1s, 802.3ad, NTP, UDLD, CDP, LLDP, unicast MAC f
150090	IE3500-NW-A=	switches	license	non-hardware	emc_emissions	de20866285786429	Cisco IE3500 Heavy Duty Series Data Sheet - Cisco	Emissions (Class A): FCC 47 CFR Part 15 subpart B ICES-003 EN 55011 EN 55032/ CI
97492	IE3500-NW-A=	switches	license	non-hardware	temp_operating	de20866285786429	Cisco IE3500 Heavy Duty Series Data Sheet - Cisco	-40°C to +75°C (-40F to 167F) with 200 LFM airflow -40°C to +70°C (-40F to 158F)
97493	IE3500-NW-A=	switches	license	non-hardware	temp_storage	de20866285786429	Cisco IE3500 Heavy Duty Series Data Sheet - Cisco	-40°C to +85°C (-40F to 185F) IEC 60068-2-14 Altitude: Up to 40,000 feet (12.19 
150095	IE3500-NW-A=	switches	license	non-hardware	snmp_mibs	b8622078cd3085fd	Cisco IE3500 Rugged Series Data Sheet - Cisco	CISCO-DHCP-SNOOPING-MIB CISCO-UDLDP-MIB CISCO-ENVMON-MIB CISCO-PRIVATE-VLAN-MIB 
150091	IE3500-NW-A=	switches	license	non-hardware	shock	de20866285786429	Cisco IE3500 Heavy Duty Series Data Sheet - Cisco	IEC 60068-2-6 Vibration: IEC 60068-2-6, IEC60255-21-1 (Vibration) Class 1 Vibrat
97497	IE3500-NW-A=	switches	license	non-hardware	humidity_operating	b8622078cd3085fd	Cisco IE3500 Rugged Series Data Sheet - Cisco	Relative humidity of 5% to 95% non-condensing IEC 60068-2-78 IEC 60068-2-30
97490	IE3500-NW-A=	switches	license	non-hardware	programming_interfaces	de20866285786429	Cisco IE3500 Heavy Duty Series Data Sheet - Cisco	YANG, NETCONF, RESTCONF
199301	IE3500-NW-A=	switches	license	non-hardware	ieee_standards	de20866285786429	Cisco IE3500 Heavy Duty Series Data Sheet - Cisco	IEEE 802.1D MAC Bridges, STP IEEE 802.1p Layer 2 COS prioritization IEEE 802.1q 
199444	IE3500-NW-A=	switches	license	non-hardware	rfc_compliance	de20866285786429	Cisco IE3500 Heavy Duty Series Data Sheet - Cisco	RFC 768: UDP RFC 783: TFTP RFC 791: IPv4 protocol RFC 792: ICMP RFC 793: TCP RFC
207834	IE3500-NW-A=	switches	license	non-hardware	certifications	b8622078cd3085fd	Cisco IE3500 Rugged Series Data Sheet - Cisco	EN 61000-6-2 Industrial Immunity EN 61000-6-4 Industrial Emissions EN 61000-6-1 
141130	C9200-DNA-E-24-3Y	switches	license	non-hardware	humidity_storage	de692de8d2c8f641	Cisco Catalyst 9200 Series Switches Data Sheet - Cisco	5% to 90% noncondensing
79902	C9200-DNA-E-24-3Y	switches	license	non-hardware	temp_storage	de692de8d2c8f641	Cisco Catalyst 9200 Series Switches Data Sheet - Cisco	-40° to 158°F (-40° to 70°C)
79901	C9200-DNA-E-24-3Y	switches	license	non-hardware	temp_operating	de692de8d2c8f641	Cisco Catalyst 9200 Series Switches Data Sheet - Cisco	Normal operating temperature * and altitudes: ● -5°C to +45°C, up to 5000 feet (
205748	C9200-DNA-E-24-3Y	switches	license	non-hardware	certifications	de692de8d2c8f641	Cisco Catalyst 9200 Series Switches Data Sheet - Cisco	● 47 CFR Part 15 ● CISPR 32 Class A ● CNS 13438 ● EN 300 386 * ● EN 55032 Class 
91814	FL-WEBVPN-10-K9	routers	license	non-hardware	flash	7c08e3422c82ba65	Cisco 880VA Series Integrated Services Routers Data Sheet - Cisco	● 128 MB on Cisco 880 Series data models
207930	FL-WEBVPN-10-K9	routers	license	non-hardware	supported_protocols	7c08e3422c82ba65	Cisco 880VA Series Integrated Services Routers Data Sheet - Cisco	● IPv6 addressing architecture ● IPv6 name resolution ● IPv6 statistics ● IPv6 t
147802	FL-WEBVPN-10-K9	routers	license	non-hardware	qos_features	7c08e3422c82ba65	Cisco 880VA Series Integrated Services Routers Data Sheet - Cisco	● Low-Latency Queuing (LLQ) ● Weighted Fair Queuing (WFQ) ● Class-Based WFQ (CBW
206814	FL-WEBVPN-10-K9	routers	license	non-hardware	certifications	7c08e3422c82ba65	Cisco 880VA Series Integrated Services Routers Data Sheet - Cisco	Emissions: ● 47 CFR Part 15: 2006 ● CISPR22: 2005 ● EN300386: V1.3.3: 2005 ● EN5
204651	IE3400-NW-A=	switches	license	non-hardware	supported_protocols	2ea8fc17200677fa	Cisco Catalyst IE3400 Rugged Series Data Sheet - Cisco	IEEE 802.1Q, 802.1w,802.1ab,802.1s, 802.3ad standard, NTP, UDLD, CDP, LLDP, unic
141634	IE3400-NW-A=	switches	license	non-hardware	qos_features	2ea8fc17200677fa	Cisco Catalyst IE3400 Rugged Series Data Sheet - Cisco	Ingress policing, rate limit, egress queuing/shaping, auto QoS
199302	IE3400-NW-A=	switches	license	non-hardware	ieee_standards	2ea8fc17200677fa	Cisco Catalyst IE3400 Rugged Series Data Sheet - Cisco	IEEE 802.1D MAC Bridges, STP IEEE 802.1p Layer2 COS prioritization IEEE 802.1q V
151828	IE3400-NW-A=	switches	license	non-hardware	shock	2ea8fc17200677fa	Cisco Catalyst IE3400 Rugged Series Data Sheet - Cisco	IEC 60068-2-27 (operational shock, 50G, 3ms, half sine) IEC 60068-2-27 (non-oper
97173	IE3400-NW-A=	switches	license	non-hardware	programming_interfaces	2ea8fc17200677fa	Cisco Catalyst IE3400 Rugged Series Data Sheet - Cisco	YANG, NETCONF, RESTCONF
97175	IE3400-NW-A=	switches	license	non-hardware	humidity_operating	2ea8fc17200677fa	Cisco Catalyst IE3400 Rugged Series Data Sheet - Cisco	Relative humidity of 5% to 95% non-condensing IEC 60068-2-78 IEC 60068-2-30
97179	IE3400-NW-A=	switches	license	non-hardware	temp_operating	2ea8fc17200677fa	Cisco Catalyst IE3400 Rugged Series Data Sheet - Cisco	Operating temperature: -40°C to +70°C (40 LFM vented enclosure) -40°C to +60°C (
97180	IE3400-NW-A=	switches	license	non-hardware	temp_storage	2ea8fc17200677fa	Cisco Catalyst IE3400 Rugged Series Data Sheet - Cisco	Temperature: - 40°C to +85°C Altitude: 15,000 feet IEC 60068-2-14
199445	IE3400-NW-A=	switches	license	non-hardware	rfc_compliance	2ea8fc17200677fa	Cisco Catalyst IE3400 Rugged Series Data Sheet - Cisco	RFC 768: UDP RFC 783: TFTP RFC 791: IPv4 protocol RFC 792: ICMP RFC 793: TCP RFC
151831	IE3400-NW-A=	switches	license	non-hardware	snmp_mibs	2ea8fc17200677fa	Cisco Catalyst IE3400 Rugged Series Data Sheet - Cisco	802.1X MIB CISCO-DHCP-SNOOPING-MIB CISCO-UDLDP-MIB CISCO-ENVMON-MIB CISCO-PRIVAT
207827	IE3400-NW-A=	switches	license	non-hardware	certifications	2ea8fc17200677fa	Cisco Catalyst IE3400 Rugged Series Data Sheet - Cisco	EN 61000-6-2 Industrial Immunity EN 61000-6-4 Industrial Emissions EN 61000-6-1 
141614	IE4010-DNA-A-H-3Y	switches	license	non-hardware	qos_features	eb10389c7a6d377f	Cisco Industrial Ethernet 4010 Series Switches Data Sheet - Cisco	Ingress Policing, Rate-Limit, Egress Queueing/shaping, AutoQoS, Modular QoS CLI 
96987	IE4010-DNA-A-H-3Y	switches	license	non-hardware	mac_table	eb10389c7a6d377f	Cisco Industrial Ethernet 4010 Series Switches Data Sheet - Cisco	16,000
96988	IE4010-DNA-A-H-3Y	switches	license	non-hardware	vlan_max	eb10389c7a6d377f	Cisco Industrial Ethernet 4010 Series Switches Data Sheet - Cisco	1000
141680	IE3400H-DNA-A-3Y	switches	license	non-hardware	qos_features	08a17028631b331a	Cisco Catalyst IE3400 Heavy Duty Series Data Sheet - Cisco	Ingress policing, rate limit, egress queuing/shaping, auto QoS
97587	IE3400H-DNA-A-3Y	switches	license	non-hardware	temp_storage	08a17028631b331a	Cisco Catalyst IE3400 Heavy Duty Series Data Sheet - Cisco	-40°C to +85°C (-40F to 185F) IEC 60068-2-14 Altitude: Up to 13,800 feet (4,200 
97584	IE3400H-DNA-A-3Y	switches	license	non-hardware	programming_interfaces	08a17028631b331a	Cisco Catalyst IE3400 Heavy Duty Series Data Sheet - Cisco	YANG, NETCONF, RESTCONF
97585	IE3400H-DNA-A-3Y	switches	license	non-hardware	emc_emissions	08a17028631b331a	Cisco Catalyst IE3400 Heavy Duty Series Data Sheet - Cisco	Emissions (Class A): FCC 47 CFR Part 15 subpart B ICES-003 EN 55011 EN 55032/ CI
97586	IE3400H-DNA-A-3Y	switches	license	non-hardware	temp_operating	08a17028631b331a	Cisco Catalyst IE3400 Heavy Duty Series Data Sheet - Cisco	-40°C to +75°C (-40F to 167F) (with airflow) with 200 LFM airflow -40°C to +70°C
97591	IE3400H-DNA-A-3Y	switches	license	non-hardware	shock	08a17028631b331a	Cisco Catalyst IE3400 Heavy Duty Series Data Sheet - Cisco	IEC 60068-2-6 Vibration: IEC 60068-2-6, IEC 255 21.1 Class 1 Vibration Test IEC 
205980	IE3400H-DNA-A-3Y	switches	license	non-hardware	certifications	08a17028631b331a	Cisco Catalyst IE3400 Heavy Duty Series Data Sheet - Cisco	EN 61000-6-1 Immunity standards for light industrial ENV EN 61000-6-2 Immunity s
208078	N3K-BAS1K9	switches	license	non-hardware	supported_protocols	7d3441ccefa9812b	Cisco Nexus 3016 Switch Data Sheet - Cisco	● Layer 2 switch ports and VLAN trunks ● IEEE 802.1Q VLAN encapsulation ● Suppor
141940	N3K-BAS1K9	switches	license	non-hardware	qos_features	7d3441ccefa9812b	Cisco Nexus 3016 Switch Data Sheet - Cisco	Layer 2 IEEE 802.1p (Class of Service [CoS]) 8 unicast and 4 multicast hardware 
151485	N3K-BAS1K9	switches	license	non-hardware	ieee_standards	7d3441ccefa9812b	Cisco Nexus 3016 Switch Data Sheet - Cisco	● IEEE 802.1D: Spanning Tree Protocol ● IEEE 802.1p: CoS Prioritization ● IEEE 8
151486	N3K-BAS1K9	switches	license	non-hardware	emc_emissions	7d3441ccefa9812b	Cisco Nexus 3016 Switch Data Sheet - Cisco	● 47CFR Part 15 (CFR 47) Class A ● AS/NZS CISPR22 Class A ● CISPR22 Class A ● EN
151487	N3K-BAS1K9	switches	license	non-hardware	emc_immunity	7d3441ccefa9812b	Cisco Nexus 3016 Switch Data Sheet - Cisco	● EN55024 ● CISPR24 ● EN300386 ● KN24
154614	N3K-BAS1K9	switches	license	non-hardware	snmp_mibs	7d3441ccefa9812b	Cisco Nexus 3016 Switch Data Sheet - Cisco	Generic MIBs ● SNMPv2-SMI ● CISCO-SMI ● SNMPv2-TM ● SNMPv2-TC ● IANA-ADDRESS-FAM
103309	N6KUK9-704N1.1	switches	software	non-hardware	emc_emissions	4acf1239580e3ae6	Cisco Nexus 6004 Extensible Fixed Switch Data Sheet - Cisco	● 47CFR Part 15 (CFR 47) Class A ● AS/NZS CISPR22 Class A ● CISPR22 Class A ● EN
103310	N6KUK9-704N1.1	switches	software	non-hardware	emc_immunity	4acf1239580e3ae6	Cisco Nexus 6004 Extensible Fixed Switch Data Sheet - Cisco	● EN55024 ● CISPR24 ● EN300386 ● KN 61000-4 series
103243	N6KUK9-705N1.1	switches	software	non-hardware	emc_emissions	4acf1239580e3ae6	Cisco Nexus 6004 Extensible Fixed Switch Data Sheet - Cisco	● 47CFR Part 15 (CFR 47) Class A ● AS/NZS CISPR22 Class A ● CISPR22 Class A ● EN
103244	N6KUK9-705N1.1	switches	software	non-hardware	emc_immunity	4acf1239580e3ae6	Cisco Nexus 6004 Extensible Fixed Switch Data Sheet - Cisco	● EN55024 ● CISPR24 ● EN300386 ● KN 61000-4 series
88402	DN3-HW-APL-LIC	cloud-systems-management	license	(no axis)	emc_immunity	5725282b77cab858	Cisco Catalyst Center (Formerly Cisco DNA Center) Gen 3 Appliance Ordering Guide - Cisco	EN55024 CISPR24 EN300386 KN35
88403	DN3-HW-APL-LIC	cloud-systems-management	license	(no axis)	emc_emissions	5725282b77cab858	Cisco Catalyst Center (Formerly Cisco DNA Center) Gen 3 Appliance Ordering Guide - Cisco	47CFR Part 15 (CFR 47) Class A AS/NZS CISPR32 Class A CISPR32 Class A EN55032 Cl
115557	S45XU-331-1511SG	switches	software	non-hardware	jumbo_mtu	bc0a2b219bf6a190	Cisco Catalyst 4500-X Series Fixed 10 Gigabit Ethernet Aggregation Switch Data Sheet - Cis	Up to 9216 bytes
207377	S45XU-331-1511SG	switches	software	non-hardware	certifications	bc0a2b219bf6a190	Cisco Catalyst 4500-X Series Fixed 10 Gigabit Ethernet Aggregation Switch Data Sheet - Cis	UL 60950-1 Second Edition CAN/CSA-C22.2 No. 60950-1 Second Edition EN 60950-1 Se
103551	N6KUK9-706N1.1	switches	software	non-hardware	emc_emissions	6808d677ec50358c	Cisco Nexus 5600 Platform 40-Gbps Switches Data Sheet - Cisco	● 47CFR Part 15 (CFR 47) Class A ● AS/NZS CISPR22 Class A ● CISPR22 Class A ● EN
103552	N6KUK9-706N1.1	switches	software	non-hardware	emc_immunity	6808d677ec50358c	Cisco Nexus 5600 Platform 40-Gbps Switches Data Sheet - Cisco	● EN55024 ● CISPR24 ● EN300386 ● KN 61000-4 series
204037	A9K-200G-CGN-LIC	routers	license	non-hardware	ieee_standards	632e9bc4f7295fbe	Cisco ASR 9000 Series 400G and 200G Modular Line Cards Data Sheet - Cisco	● IEEE 802.3 compliant ● 10 Gigabit Ethernet PHY monitoring ● IEEE 802.x flow co
140547	A9K-200G-CGN-LIC	routers	license	non-hardware	humidity_storage	632e9bc4f7295fbe	Cisco ASR 9000 Series 400G and 200G Modular Line Cards Data Sheet - Cisco	5 to 95% Note: Not to exceed 0.024 kg of water per kg of dry air
72496	A9K-200G-CGN-LIC	routers	license	non-hardware	humidity_operating	632e9bc4f7295fbe	Cisco ASR 9000 Series 400G and 200G Modular Line Cards Data Sheet - Cisco	10 to 85%
72497	A9K-200G-CGN-LIC	routers	license	non-hardware	temp_storage	632e9bc4f7295fbe	Cisco ASR 9000 Series 400G and 200G Modular Line Cards Data Sheet - Cisco	-40 to 158°F (-40 to 70°C)
144652	A9K-200G-CGN-LIC	routers	license	non-hardware	etsi_standards	632e9bc4f7295fbe	Cisco ASR 9000 Series 400G and 200G Modular Line Cards Data Sheet - Cisco	Cisco ASR 9000 Series Routers are designed to meet: ● EN300 386: Telecommunicati
144651	A9K-200G-CGN-LIC	routers	license	non-hardware	temp_operating	632e9bc4f7295fbe	Cisco ASR 9000 Series 400G and 200G Modular Line Cards Data Sheet - Cisco	23 to 131°F (-5 to 55°C)
130489	A9K-200G-CGN-LIC	routers	license	non-hardware	altitude_max	632e9bc4f7295fbe	Cisco ASR 9000 Series 400G and 200G Modular Line Cards Data Sheet - Cisco	-60 to 4000m (up to 2000m conforms to IEC, EN, UL, and CSA 60950 requirements)
206455	A9K-200G-CGN-LIC	routers	license	non-hardware	certifications	632e9bc4f7295fbe	Cisco ASR 9000 Series 400G and 200G Modular Line Cards Data Sheet - Cisco	Cisco ASR 9000 Series Routers are designed to meet: ● SR-3580: NEBS Criteria Lev
152380	XR-NC55-P-07.00	routers	software	non-hardware	emc_immunity	163e8998487b6873	Cisco Network Convergence System 5500 Series: 55A2 Chassis Data Sheet - Cisco	EN55024 CISPR24 EN300386 KN35 TCVN 7317 ; EN55024 CISPR24 EN300386 KN35 TCVN 731
143135	XR-NC55-P-07.00	routers	software	non-hardware	qos_features	163e8998487b6873	Cisco Network Convergence System 5500 Series: 55A2 Chassis Data Sheet - Cisco	Hierarchical QoS Ingress classification based on Class of Service (L2), IP diffe
143136	XR-NC55-P-07.00	routers	software	non-hardware	humidity_storage	163e8998487b6873	Cisco Network Convergence System 5500 Series: 55A2 Chassis Data Sheet - Cisco	5% to 95% at 40C per NEBS GR-63-Core
205203	XR-NC55-P-07.00	routers	software	non-hardware	supported_protocols	163e8998487b6873	Cisco Network Convergence System 5500 Series: 55A2 Chassis Data Sheet - Cisco	Layer 2 switch ports IEEE 802.1Q VLAN encapsulation/Q-in-Q encapsulation IEEE 80
152377	XR-NC55-P-07.00	routers	software	non-hardware	programming_interfaces	163e8998487b6873	Cisco Network Convergence System 5500 Series: 55A2 Chassis Data Sheet - Cisco	Zero-Touch Provisioning (ZTP), iPXE Configuration management Network Configurati
152378	XR-NC55-P-07.00	routers	software	non-hardware	temp_operating	163e8998487b6873	Cisco Network Convergence System 5500 Series: 55A2 Chassis Data Sheet - Cisco	Industrial Temperature –40C to +70C (1000 feet), +65C (6000 feet), +55C (13,000 
152381	XR-NC55-P-07.00	routers	software	non-hardware	emc_emissions	07ac5acc909a3e58	Cisco Network Convergence System 5500 Series Modular Chassis - Cisco	● 47CFR Part 15 (CFR 47) Class A ● AS/NZS CISPR22 Class A ● CISPR22 Class A ● EN
131547	XR-NC55-P-07.00	routers	software	non-hardware	altitude_max	163e8998487b6873	Cisco Network Convergence System 5500 Series: 55A2 Chassis Data Sheet - Cisco	0 to 13,000 ft
128973	XR-NC55-P-07.00	routers	software	non-hardware	dram	163e8998487b6873	Cisco Network Convergence System 5500 Series: 55A2 Chassis Data Sheet - Cisco	32GB
128976	XR-NC55-P-07.00	routers	software	non-hardware	humidity_operating	163e8998487b6873	Cisco Network Convergence System 5500 Series: 55A2 Chassis Data Sheet - Cisco	5% to 95% (noncondensing)
128980	XR-NC55-P-07.00	routers	software	non-hardware	segment_routing_features	163e8998487b6873	Cisco Network Convergence System 5500 Series: 55A2 Chassis Data Sheet - Cisco	Segment routing–based transport ISIS extensions to segment routing OSPF extensio
207461	XR-NC55-P-07.00	routers	software	non-hardware	certifications	163e8998487b6873	Cisco Network Convergence System 5500 Series: 55A2 Chassis Data Sheet - Cisco	GR-63-CORE GR-1089-CORE ; 47CFR Part 15 (CFR 47) Class A CISPR32 Class A EN55032
143137	XR-NC55-PK9-07.04	routers	software	non-hardware	qos_features	1ad0b794548c594e	Network Convergence System 5700 Series: NCS-57C3 Chassis Data Sheet - Cisco	● Hierarchical QoS ● Ingress classification based on Class of Service (L2), IP d
143138	XR-NC55-PK9-07.04	routers	software	non-hardware	humidity_storage	1ad0b794548c594e	Network Convergence System 5700 Series: NCS-57C3 Chassis Data Sheet - Cisco	5% to 95% at 40C per NEBS GR-63-Core
204687	XR-NC55-PK9-07.04	routers	software	non-hardware	supported_protocols	1ad0b794548c594e	Network Convergence System 5700 Series: NCS-57C3 Chassis Data Sheet - Cisco	● Layer 2 switch ports ● IEEE 802.1Q VLAN encapsulation/Q-in-Q encapsulation ● I
152418	XR-NC55-PK9-07.04	routers	software	non-hardware	temp_operating	163e8998487b6873	Cisco Network Convergence System 5500 Series: 55A2 Chassis Data Sheet - Cisco	Industrial Temperature –40C to +70C (1000 feet), +65C (6000 feet), +55C (13,000 
152420	XR-NC55-PK9-07.04	routers	software	non-hardware	programming_interfaces	1ad0b794548c594e	Network Convergence System 5700 Series: NCS-57C3 Chassis Data Sheet - Cisco	● Zero-Touch Provisioning (ZTP), iPXE ● Configuration management ● Network Confi
152423	XR-NC55-PK9-07.04	routers	software	non-hardware	emc_emissions	07ac5acc909a3e58	Cisco Network Convergence System 5500 Series Modular Chassis - Cisco	● 47CFR Part 15 (CFR 47) Class A ● AS/NZS CISPR22 Class A ● CISPR22 Class A ● EN
152422	XR-NC55-PK9-07.04	routers	software	non-hardware	emc_immunity	1ad0b794548c594e	Network Convergence System 5700 Series: NCS-57C3 Chassis Data Sheet - Cisco	IEC/EN61000-4-2 IEC/EN61000-4-3 IEC/EN61000-4-4 IEC/EN61000-4-5 IEC/EN61000-4-6 
131554	XR-NC55-PK9-07.04	routers	software	non-hardware	altitude_max	163e8998487b6873	Cisco Network Convergence System 5500 Series: 55A2 Chassis Data Sheet - Cisco	0 to 13,000 ft
128986	XR-NC55-PK9-07.04	routers	software	non-hardware	humidity_operating	1ad0b794548c594e	Network Convergence System 5700 Series: NCS-57C3 Chassis Data Sheet - Cisco	Normal: 5% RH to 85% RH Short term: 5% to 95% RH Should not exceed 0.026 kg wate
128989	XR-NC55-PK9-07.04	routers	software	non-hardware	dram	163e8998487b6873	Cisco Network Convergence System 5500 Series: 55A2 Chassis Data Sheet - Cisco	32GB
128991	XR-NC55-PK9-07.04	routers	software	non-hardware	segment_routing_features	1ad0b794548c594e	Network Convergence System 5700 Series: NCS-57C3 Chassis Data Sheet - Cisco	● Segment routing–based transport ● ISIS extensions to segment routing ● OSPF ex
207468	XR-NC55-PK9-07.04	routers	software	non-hardware	certifications	1ad0b794548c594e	Network Convergence System 5700 Series: NCS-57C3 Chassis Data Sheet - Cisco	Designed to meet: ● GR-63-CORE ● GR-1089-CORE ; FCC 47CFR15 AS/NZS CISPR 32 EN55
152533	N3K-LAN1K9XL	switches	license	non-hardware	ieee_standards	df0c5bbbd23dc363	Cisco Nexus 3636C-R Switch Data Sheet - Cisco	● IEEE 802.1D: Spanning Tree Protocol ● IEEE 802.1p: Class-of-Service (CoS) Prio
152534	N3K-LAN1K9XL	switches	license	non-hardware	emc_emissions	df0c5bbbd23dc363	Cisco Nexus 3636C-R Switch Data Sheet - Cisco	● 47CFR Part 15 (CFR 47) Class A ● AS/NZS CISPR22 Class A ● CISPR22 Class A ● EN
152535	N3K-LAN1K9XL	switches	license	non-hardware	emc_immunity	df0c5bbbd23dc363	Cisco Nexus 3636C-R Switch Data Sheet - Cisco	● EN50082-1 ● EN61000-6-1 ● EN55024 ● CISPR24 ● EN300386 ● KN 61000-4 series
154601	N3K-LAN1K9XL	switches	license	non-hardware	snmp_mibs	df0c5bbbd23dc363	Cisco Nexus 3636C-R Switch Data Sheet - Cisco	Generic MIBs ● SNMPv2-SMI ● CISCO-SMI ● SNMPv2-TM ● SNMPv2-TC ● IANA-ADDRESS-FAM
152541	N3K-LAN2K9	switches	license	non-hardware	ieee_standards	33630b5ad2720b30	Cisco Nexus 3264C-E Switch Data Sheet - Cisco	● IEEE 802.1D: Spanning Tree Protocol ● IEEE 802.1p: CoS Prioritization ● IEEE 8
147731	N3K-LAN2K9	switches	license	non-hardware	emc_emissions	dc3694c51d8de1a7	Cisco Nexus 34180YC and 3464C Programmable Switches Data Sheet - Cisco	● 47CFR Part 15 (CFR 47) Class A ● AS/NZS CISPR22 Class A ● CISPR22 Class A ● EN
147732	N3K-LAN2K9	switches	license	non-hardware	emc_immunity	dc3694c51d8de1a7	Cisco Nexus 34180YC and 3464C Programmable Switches Data Sheet - Cisco	● EN55024 ● CISPR24 ● EN300386 ● KN 61000-4 series
103035	N3K-LAN2K9	switches	license	non-hardware	temp_operating	dc3694c51d8de1a7	Cisco Nexus 34180YC and 3464C Programmable Switches Data Sheet - Cisco	32 to 104°F (0 to 40°C)
103036	N3K-LAN2K9	switches	license	non-hardware	humidity_operating	dc3694c51d8de1a7	Cisco Nexus 34180YC and 3464C Programmable Switches Data Sheet - Cisco	5 to 95% (noncondensing)
103037	N3K-LAN2K9	switches	license	non-hardware	altitude_max	dc3694c51d8de1a7	Cisco Nexus 34180YC and 3464C Programmable Switches Data Sheet - Cisco	Up to 13,123 ft.
103041	N3K-LAN2K9	switches	license	non-hardware	altitude_storage	dc3694c51d8de1a7	Cisco Nexus 34180YC and 3464C Programmable Switches Data Sheet - Cisco	Up to 16,000 ft.
154618	N3K-LAN2K9	switches	license	non-hardware	snmp_mibs	33630b5ad2720b30	Cisco Nexus 3264C-E Switch Data Sheet - Cisco	Generic MIBs ● SNMPv2-SMI ● CISCO-SMI ● SNMPv2-TM ● SNMPv2-TC ● IANA-ADDRESS-FAM
145010	M9500ENT1K9	storage-networking	license	non-hardware	fabric_services	21031fae4600573e	Cisco MDS 9509 Multilayer Director Data Sheet - Cisco	● Name server ● Registered State Change Notification (RSCN) ● Login services ● F
145011	M9500ENT1K9	storage-networking	license	non-hardware	diagnostics	21031fae4600573e	Cisco MDS 9509 Multilayer Director Data Sheet - Cisco	● Power-on-self-test (POST) diagnostics ● Online diagnostics ● Internal port loo
145012	M9500ENT1K9	storage-networking	license	non-hardware	programming_interfaces	21031fae4600573e	Cisco MDS 9509 Multilayer Director Data Sheet - Cisco	● Scriptable CLI ● Data Center Network Manager web services API ● Device Manager
145013	M9500ENT1K9	storage-networking	license	non-hardware	certifications	21031fae4600573e	Cisco MDS 9509 Multilayer Director Data Sheet - Cisco	● Safety compliance ◦ CE Marking ◦ UL 60950 ◦ CAN/CSA-C22.2 No. 60950 ◦ EN 60950
145009	M9500ENT1K9	storage-networking	license	non-hardware	supported_protocols	21031fae4600573e	Cisco MDS 9509 Multilayer Director Data Sheet - Cisco	● Fibre Channel standards ◦ FC-PH, Revision 4.3 (ANSI INCITS 230-1994) ◦ FC-PH, 
91826	FL-SSLVPN10-K9	routers	license	non-hardware	flash	7c08e3422c82ba65	Cisco 880VA Series Integrated Services Routers Data Sheet - Cisco	● 128 MB on Cisco 880 Series data models
207929	FL-SSLVPN10-K9	routers	license	non-hardware	supported_protocols	7c08e3422c82ba65	Cisco 880VA Series Integrated Services Routers Data Sheet - Cisco	● IPv6 addressing architecture ● IPv6 name resolution ● IPv6 statistics ● IPv6 t
147799	FL-SSLVPN10-K9	routers	license	non-hardware	qos_features	7c08e3422c82ba65	Cisco 880VA Series Integrated Services Routers Data Sheet - Cisco	● Low-Latency Queuing (LLQ) ● Weighted Fair Queuing (WFQ) ● Class-Based WFQ (CBW
206813	FL-SSLVPN10-K9	routers	license	non-hardware	certifications	7c08e3422c82ba65	Cisco 880VA Series Integrated Services Routers Data Sheet - Cisco	Emissions: ● 47 CFR Part 15: 2006 ● CISPR22: 2005 ● EN300386: V1.3.3: 2005 ● EN5
85394	CP-16-QAM	optical-networking	non_product	non-hardware	regions_supported	6a25925c2b12b1e1	Cisco NCS 2000 200-Gbps Multirate DWDM Line Card Data Sheet - Cisco	● European Union ● Africa ● CSI ● Australia ● New Zealand ● China ● Korea ● Indi
85395	CP-16-QAM	optical-networking	non_product	non-hardware	emc_emissions	6a25925c2b12b1e1	Cisco NCS 2000 200-Gbps Multirate DWDM Line Card Data Sheet - Cisco	● ETSI EN 300 386 V1.4.1 (2008-04) Telecommunication network equipment EMC requi
85396	CP-16-QAM	optical-networking	non_product	non-hardware	laser_safety_class	6a25925c2b12b1e1	Cisco NCS 2000 200-Gbps Multirate DWDM Line Card Data Sheet - Cisco	1
99194	L-NCS2K-SFEC-16Q=	optical-networking	license	non-hardware	humidity_operating	e92a5b29cf9798d0	Cisco Network Convergence System 2000 Series Data Sheet - Cisco	5 to 85%, noncondensing 5 to 90% but not to exceed 0.024 kg water/kg of dry air
99195	L-NCS2K-SFEC-16Q=	optical-networking	license	non-hardware	temp_storage	e92a5b29cf9798d0	Cisco Network Convergence System 2000 Series Data Sheet - Cisco	-40 to 158ºF (-40 to 70ºC)
99196	L-NCS2K-SFEC-16Q=	optical-networking	license	non-hardware	emc_emissions	6a25925c2b12b1e1	Cisco NCS 2000 200-Gbps Multirate DWDM Line Card Data Sheet - Cisco	● ETSI EN 300 386 V1.4.1 (2008-04) Telecommunication network equipment EMC requi
99197	L-NCS2K-SFEC-16Q=	optical-networking	license	non-hardware	laser_safety_class	6a25925c2b12b1e1	Cisco NCS 2000 200-Gbps Multirate DWDM Line Card Data Sheet - Cisco	1
99199	L-NCS2K-SFEC-16Q=	optical-networking	license	non-hardware	temp_operating	e92a5b29cf9798d0	Cisco Network Convergence System 2000 Series Data Sheet - Cisco	32 to 131ºF (0 to 55ºC) 23 to 131ºF (-5 to 55ºC)
73512	ADN-8KE-400G-RTU	routers	license	non-hardware	emc_emissions	a2ea20301422d099	Cisco 8404 Router Data Sheet - Cisco	FCC 47 CFR Part 15 Class A AS/NZS CISPR 32 Class A EN55032 Class A CISPR 32 Clas
73513	ADN-8KE-400G-RTU	routers	license	non-hardware	emc_immunity	a2ea20301422d099	Cisco 8404 Router Data Sheet - Cisco	EN 300 386 EN55035 CISPR 35 EN61000-6-1 KS C 9835
150653	XR-NC55-PK9-06.01	routers	software	non-hardware	emc_emissions	07ac5acc909a3e58	Cisco Network Convergence System 5500 Series Modular Chassis - Cisco	● 47CFR Part 15 (CFR 47) Class A ● AS/NZS CISPR22 Class A ● CISPR22 Class A ● EN
76454	C3650-24-S-E	switches	license	non-hardware	temp_storage	9b8d61bd4600b0da	Cisco Catalyst 3650 Series Switches Data Sheet - Cisco	-40 to 158°F (-40 to 70°C)
76456	C3650-24-S-E	switches	license	non-hardware	temp_operating	9b8d61bd4600b0da	Cisco Catalyst 3650 Series Switches Data Sheet - Cisco	23 to 113°F (-5 to 45°C)
149552	C3650-24-S-E	switches	license	non-hardware	humidity_storage	9b8d61bd4600b0da	Cisco Catalyst 3650 Series Switches Data Sheet - Cisco	5 to 90% noncondensing
149553	C3650-24-S-E	switches	license	non-hardware	altitude_max	9b8d61bd4600b0da	Cisco Catalyst 3650 Series Switches Data Sheet - Cisco	10,000 ft. (3000 meters), up to 45°C
199209	C3650-24-S-E	switches	license	non-hardware	ieee_standards	9b8d61bd4600b0da	Cisco Catalyst 3650 Series Switches Data Sheet - Cisco	IEEE 802.1as IEEE 802.1s IEEE 802.1w IEEE 802.11 IEEE 802.1x IEEE 802.1x-Rev IEE
206975	C3650-24-S-E	switches	license	non-hardware	certifications	9b8d61bd4600b0da	Cisco Catalyst 3650 Series Switches Data Sheet - Cisco	UL 60950-1 Second Edition CAN/CSA-C22.2 No. 60950-1 Second Edition EN 60950-1 Se
199210	C3650-48-L-E	switches	license	non-hardware	ieee_standards	9b8d61bd4600b0da	Cisco Catalyst 3650 Series Switches Data Sheet - Cisco	IEEE 802.1as IEEE 802.1s IEEE 802.1w IEEE 802.11 IEEE 802.1x IEEE 802.1x-Rev IEE
76593	C3650-48-L-E	switches	license	non-hardware	temp_storage	9b8d61bd4600b0da	Cisco Catalyst 3650 Series Switches Data Sheet - Cisco	-40 to 158°F (-40 to 70°C)
76595	C3650-48-L-E	switches	license	non-hardware	temp_operating	9b8d61bd4600b0da	Cisco Catalyst 3650 Series Switches Data Sheet - Cisco	23 to 113°F (-5 to 45°C)
149556	C3650-48-L-E	switches	license	non-hardware	humidity_storage	9b8d61bd4600b0da	Cisco Catalyst 3650 Series Switches Data Sheet - Cisco	5 to 90% noncondensing
149557	C3650-48-L-E	switches	license	non-hardware	altitude_max	9b8d61bd4600b0da	Cisco Catalyst 3650 Series Switches Data Sheet - Cisco	10,000 ft. (3000 meters), up to 45°C
206976	C3650-48-L-E	switches	license	non-hardware	certifications	9b8d61bd4600b0da	Cisco Catalyst 3650 Series Switches Data Sheet - Cisco	UL 60950-1 Second Edition CAN/CSA-C22.2 No. 60950-1 Second Edition EN 60950-1 Se
199212	C3650-48-S-E	switches	license	non-hardware	ieee_standards	9b8d61bd4600b0da	Cisco Catalyst 3650 Series Switches Data Sheet - Cisco	IEEE 802.1as IEEE 802.1s IEEE 802.1w IEEE 802.11 IEEE 802.1x IEEE 802.1x-Rev IEE
149564	C3650-48-S-E	switches	license	non-hardware	humidity_storage	9b8d61bd4600b0da	Cisco Catalyst 3650 Series Switches Data Sheet - Cisco	5 to 90% noncondensing
149565	C3650-48-S-E	switches	license	non-hardware	altitude_max	9b8d61bd4600b0da	Cisco Catalyst 3650 Series Switches Data Sheet - Cisco	10,000 ft. (3000 meters), up to 45°C
76684	C3650-48-S-E	switches	license	non-hardware	temp_storage	9b8d61bd4600b0da	Cisco Catalyst 3650 Series Switches Data Sheet - Cisco	-40 to 158°F (-40 to 70°C)
76686	C3650-48-S-E	switches	license	non-hardware	temp_operating	9b8d61bd4600b0da	Cisco Catalyst 3650 Series Switches Data Sheet - Cisco	23 to 113°F (-5 to 45°C)
206978	C3650-48-S-E	switches	license	non-hardware	certifications	9b8d61bd4600b0da	Cisco Catalyst 3650 Series Switches Data Sheet - Cisco	UL 60950-1 Second Edition CAN/CSA-C22.2 No. 60950-1 Second Edition EN 60950-1 Se
98732	L-C3650-24-L-S	switches	license	non-hardware	temp_storage	9b8d61bd4600b0da	Cisco Catalyst 3650 Series Switches Data Sheet - Cisco	-40 to 158°F (-40 to 70°C)
98734	L-C3650-24-L-S	switches	license	non-hardware	temp_operating	9b8d61bd4600b0da	Cisco Catalyst 3650 Series Switches Data Sheet - Cisco	23 to 113°F (-5 to 45°C)
206008	L-C3650-24-L-S	switches	license	non-hardware	certifications	9b8d61bd4600b0da	Cisco Catalyst 3650 Series Switches Data Sheet - Cisco	UL 60950-1 Second Edition CAN/CSA-C22.2 No. 60950-1 Second Edition EN 60950-1 Se
99318	L-SL-29-SEC-K9=	routers	license	non-hardware	dram	e539825af78bd0b5	Cisco Integrated Services Routers Generation 2 Ordering Guide - Cisco	None available; Fixed 512MB DRAM only
99319	L-SL-29-SEC-K9=	routers	license	non-hardware	flash	e539825af78bd0b5	Cisco Integrated Services Routers Generation 2 Ordering Guide - Cisco	None available; Fixed internal 256MB eUSB Flash only
144216	8KSW-ADN-B-P	routers	license	non-hardware	emc_immunity	a5dbf1f67727ca95	Cisco 8700 Series Routers Data Sheet - Cisco	CISPR35 EN 55035 EN IEC 61000-6-1 EN IEC 61000-6-2 EN 300 386 V2.1.23 KS C 9835 
144215	8KSW-ADN-B-P	routers	license	non-hardware	programming_interfaces	a5dbf1f67727ca95	Cisco 8700 Series Routers Data Sheet - Cisco	RS-232 serial ports: 1 x RJ45 Management ports: 1 x RJ45(1G) USB 3.0 ports: 1 x 
205499	8KSW-ADN-B-P	routers	license	non-hardware	certifications	a5dbf1f67727ca95	Cisco 8700 Series Routers Data Sheet - Cisco	Emissions: CISPR32 EN 55032 EN 61000-3-3 EN IEC 61000-3-2 EN 300 386 V2.1.23 47 
103375	N5624Q-SBUN-P1=	switches	license	non-hardware	emc_emissions	6808d677ec50358c	Cisco Nexus 5600 Platform 40-Gbps Switches Data Sheet - Cisco	● 47CFR Part 15 (CFR 47) Class A ● AS/NZS CISPR22 Class A ● CISPR22 Class A ● EN
103376	N5624Q-SBUN-P1=	switches	license	non-hardware	emc_immunity	6808d677ec50358c	Cisco Nexus 5600 Platform 40-Gbps Switches Data Sheet - Cisco	● EN55024 ● CISPR24 ● EN300386 ● KN 61000-4 series
153555	XR-NC55-PK9-06.02	routers	software	non-hardware	emc_emissions	07ac5acc909a3e58	Cisco Network Convergence System 5500 Series Modular Chassis - Cisco	● 47CFR Part 15 (CFR 47) Class A ● AS/NZS CISPR22 Class A ● CISPR22 Class A ● EN
144220	8KSW-ESS-B-P	routers	license	non-hardware	emc_immunity	a5dbf1f67727ca95	Cisco 8700 Series Routers Data Sheet - Cisco	CISPR35 EN 55035 EN IEC 61000-6-1 EN IEC 61000-6-2 EN 300 386 V2.1.23 KS C 9835 
144219	8KSW-ESS-B-P	routers	license	non-hardware	programming_interfaces	a5dbf1f67727ca95	Cisco 8700 Series Routers Data Sheet - Cisco	RS-232 serial ports: 1 x RJ45 Management ports: 1 x RJ45(1G) USB 3.0 ports: 1 x 
205513	8KSW-ESS-B-P	routers	license	non-hardware	certifications	a5dbf1f67727ca95	Cisco 8700 Series Routers Data Sheet - Cisco	Emissions: CISPR32 EN 55032 EN 61000-3-3 EN IEC 61000-3-2 EN 300 386 V2.1.23 47 
71569	8KSW-B-SIA-5	routers	license	non-hardware	emc_immunity	a5dbf1f67727ca95	Cisco 8700 Series Routers Data Sheet - Cisco	CISPR35 EN 55035 EN IEC 61000-6-1 EN IEC 61000-6-2 EN 300 386 V2.1.23 KS C 9835 
205529	8KSW-B-SIA-5	routers	license	non-hardware	certifications	a5dbf1f67727ca95	Cisco 8700 Series Routers Data Sheet - Cisco	Emissions: CISPR32 EN 55032 EN 61000-3-3 EN IEC 61000-3-2 EN 300 386 V2.1.23 47 
73826	ADN-8KE-100G-RTU	routers	license	non-hardware	emc_emissions	a2ea20301422d099	Cisco 8404 Router Data Sheet - Cisco	FCC 47 CFR Part 15 Class A AS/NZS CISPR 32 Class A EN55032 Class A CISPR 32 Clas
205560	ADN-8KE-100G-RTU	routers	license	non-hardware	certifications	a5dbf1f67727ca95	Cisco 8700 Series Routers Data Sheet - Cisco	Emissions: CISPR32 EN 55032 EN 61000-3-3 EN IEC 61000-3-2 EN 300 386 V2.1.23 47 
91508	ESS-8KE-100G-RTU	routers	license	non-hardware	emc_emissions	a2ea20301422d099	Cisco 8404 Router Data Sheet - Cisco	FCC 47 CFR Part 15 Class A AS/NZS CISPR 32 Class A EN55032 Class A CISPR 32 Clas
205936	ESS-8KE-100G-RTU	routers	license	non-hardware	certifications	a5dbf1f67727ca95	Cisco 8700 Series Routers Data Sheet - Cisco	Emissions: CISPR32 EN 55032 EN 61000-3-3 EN IEC 61000-3-2 EN 300 386 V2.1.23 47 
153557	XR-NC55-PK9-06.05	routers	software	non-hardware	emc_emissions	07ac5acc909a3e58	Cisco Network Convergence System 5500 Series Modular Chassis - Cisco	● 47CFR Part 15 (CFR 47) Class A ● AS/NZS CISPR22 Class A ● CISPR22 Class A ● EN
153546	XR-NC55-P-06.05	routers	software	non-hardware	emc_emissions	07ac5acc909a3e58	Cisco Network Convergence System 5500 Series Modular Chassis - Cisco	● 47CFR Part 15 (CFR 47) Class A ● AS/NZS CISPR22 Class A ● CISPR22 Class A ● EN
98856	L-FP3945E-TAC-3Y	routers	license	non-hardware	dram	e539825af78bd0b5	Cisco Integrated Services Routers Generation 2 Ordering Guide - Cisco	None available; Fixed 512MB DRAM only
98857	L-FP3945E-TAC-3Y	routers	license	non-hardware	flash	e539825af78bd0b5	Cisco Integrated Services Routers Generation 2 Ordering Guide - Cisco	None available; Fixed internal 256MB eUSB Flash only
91386	ESS-ED-100G-SIA5	routers	license	non-hardware	humidity_operating	b8b4ec84e4a93e32	Cisco ASR 9901 Router Data Sheet - Cisco	10 to 85%
99577	LIC-CS-CO-MO-A-5Y	switches	license	non-hardware	temp_operating	96fb93ee616e7d73	Cisco C9610 Series Smart Switches Data Sheet - Cisco	23° to 113°F (-5° to 45°C) at sea level 23° to 104°F (-5° to 40°C) up to 6,000 f
130604	LIC-CS-CO-MO-A-5Y	switches	license	non-hardware	altitude_max	96fb93ee616e7d73	Cisco C9610 Series Smart Switches Data Sheet - Cisco	-197 to 9843 ft (-60 to 3000 m)
196378	IE3100-DNA-E-L-1Y	switches	license	non-hardware	rfc_compliance	b27536663b823c7b	Cisco Catalyst IE3100 Rugged Series Data Sheet - Cisco	● RFC 768: User Datagram Protocol (UDP) ● RFC 783: Trivial File Transfer Protoco
141663	IE3100-DNA-E-L-1Y	switches	license	non-hardware	qos_features	33c8227f4f6a69ca	Cisco Catalyst IE3100 Heavy Duty Series Data Sheet - Cisco	802.1p, priority queuing, Modular QoS command-line interface (MQC), class-based 
130632	IE3100-DNA-E-L-1Y	switches	license	non-hardware	temp_storage	b27536663b823c7b	Cisco Catalyst IE3100 Rugged Series Data Sheet - Cisco	Temperature: -40° to 85°C (-40° to 185°F) Altitude: 40,000 feet (12,192 m) IEC 6
97433	IE3100-DNA-E-L-1Y	switches	license	non-hardware	temp_operating	b27536663b823c7b	Cisco Catalyst IE3100 Rugged Series Data Sheet - Cisco	Operating temperature: -40° to 75°C (-40° to 167°F) (blower-equipped cabinet) -4
97434	IE3100-DNA-E-L-1Y	switches	license	non-hardware	shock	b27536663b823c7b	Cisco Catalyst IE3100 Rugged Series Data Sheet - Cisco	IEC 60068-2-27 (Operational Shock: 30G 11ms, half sine) IEC 60068-2-27 (Non-Oper
97427	IE3100-DNA-E-L-1Y	switches	license	non-hardware	programming_interfaces	33c8227f4f6a69ca	Cisco Catalyst IE3100 Heavy Duty Series Data Sheet - Cisco	YANG, NETCONF, RESTCONF
115487	S-N1K-QXP-TRK-L=	optical-networking	license	non-hardware	certifications	c5ea409dcbb5f5ca	Cisco Network Convergence System 1004 High-Density QSFP-DD Transponder Data Sheet - Cisco	IEC 60950-1 Information technology equipment Safety Part 1: General requirements
153544	XR-NC55-P-06.02	routers	software	non-hardware	emc_emissions	07ac5acc909a3e58	Cisco Network Convergence System 5500 Series Modular Chassis - Cisco	● 47CFR Part 15 (CFR 47) Class A ● AS/NZS CISPR22 Class A ● CISPR22 Class A ● EN
71203	8KSW-B-SIA-3	routers	license	non-hardware	emc_immunity	a5dbf1f67727ca95	Cisco 8700 Series Routers Data Sheet - Cisco	CISPR35 EN 55035 EN IEC 61000-6-1 EN IEC 61000-6-2 EN 300 386 V2.1.23 KS C 9835 
205507	8KSW-B-SIA-3	routers	license	non-hardware	certifications	a5dbf1f67727ca95	Cisco 8700 Series Routers Data Sheet - Cisco	Emissions: CISPR32 EN 55032 EN 61000-3-3 EN IEC 61000-3-2 EN 300 386 V2.1.23 47 
152484	XR-NC55-PK9-06.00	routers	software	non-hardware	emc_emissions	07ac5acc909a3e58	Cisco Network Convergence System 5500 Series Modular Chassis - Cisco	● 47CFR Part 15 (CFR 47) Class A ● AS/NZS CISPR22 Class A ● CISPR22 Class A ● EN
152479	XR-NC55-P-06.00	routers	software	non-hardware	emc_emissions	07ac5acc909a3e58	Cisco Network Convergence System 5500 Series Modular Chassis - Cisco	● 47CFR Part 15 (CFR 47) Class A ● AS/NZS CISPR22 Class A ● CISPR22 Class A ● EN
153556	XR-NC55-PK9-06.03	routers	software	non-hardware	emc_emissions	07ac5acc909a3e58	Cisco Network Convergence System 5500 Series Modular Chassis - Cisco	● 47CFR Part 15 (CFR 47) Class A ● AS/NZS CISPR22 Class A ● CISPR22 Class A ● EN
130713	N93-LAN1K9	switches	license	non-hardware	altitude_max	66f24c36fabebf74	Cisco N9200 Platform Switches Data Sheet - Cisco	0 to 13,123 ft (0 to 4000m)
103599	N93-LAN1K9	switches	license	non-hardware	temp_operating	025ed93f1b5e9c8a	Cisco N9300 Platform Switches Data Sheet - Cisco	32 to 104°F (0 to 40°C)
103600	N93-LAN1K9	switches	license	non-hardware	temp_storage	025ed93f1b5e9c8a	Cisco N9300 Platform Switches Data Sheet - Cisco	-40 to 158°F (-40 to 70°C)
103601	N93-LAN1K9	switches	license	non-hardware	humidity_operating	025ed93f1b5e9c8a	Cisco N9300 Platform Switches Data Sheet - Cisco	5 to 95% (noncondensing)
151418	N93-LAN1K9	switches	license	non-hardware	emc_emissions	025ed93f1b5e9c8a	Cisco N9300 Platform Switches Data Sheet - Cisco	● 47CFR Part 15 (CFR 47) Class A ● AS/NZS CISPR22 Class A ● CISPR22 Class A ● EN
151419	N93-LAN1K9	switches	license	non-hardware	emc_immunity	025ed93f1b5e9c8a	Cisco N9300 Platform Switches Data Sheet - Cisco	● EN55024 ● CISPR24 ● EN300386 ● KN 61000-4 series
96347	IE4000-DNA-E-L-7Y	switches	license	non-hardware	vlan_max	4bc5727c94dae842	Cisco Industrial Ethernet 4000 Series Switches Data Sheet - Cisco	1,000
96346	IE4000-DNA-E-L-7Y	switches	license	non-hardware	mac_table	4bc5727c94dae842	Cisco Industrial Ethernet 4000 Series Switches Data Sheet - Cisco	16,000
140982	C9200L-DNX-E-24-5Y	switches	license	non-hardware	humidity_storage	de692de8d2c8f641	Cisco Catalyst 9200 Series Switches Data Sheet - Cisco	5% to 90% noncondensing
78983	C9200L-DNX-E-24-5Y	switches	license	non-hardware	temp_storage	de692de8d2c8f641	Cisco Catalyst 9200 Series Switches Data Sheet - Cisco	-40° to 158°F (-40° to 70°C)
78982	C9200L-DNX-E-24-5Y	switches	license	non-hardware	temp_operating	de692de8d2c8f641	Cisco Catalyst 9200 Series Switches Data Sheet - Cisco	Normal operating temperature * and altitudes: ● -5°C to +45°C, up to 5000 feet (
205683	C9200L-DNX-E-24-5Y	switches	license	non-hardware	certifications	de692de8d2c8f641	Cisco Catalyst 9200 Series Switches Data Sheet - Cisco	● 47 CFR Part 15 ● CISPR 32 Class A ● CNS 13438 ● EN 300 386 * ● EN 55032 Class 
141632	IE3200-DNA-E-3Y	switches	license	non-hardware	qos_features	37808a639001f3c5	Cisco Catalyst IE3200 Rugged Series Data Sheet - Cisco	Ingress policing, rate limit, egress queuing and shaping, auto QoS
97158	IE3200-DNA-E-3Y	switches	license	non-hardware	temp_storage	37808a639001f3c5	Cisco Catalyst IE3200 Rugged Series Data Sheet - Cisco	Temperature: -40°C to +85°C Altitude: 15,000 feet IEC 60068-2-14
97153	IE3200-DNA-E-3Y	switches	license	non-hardware	humidity_operating	37808a639001f3c5	Cisco Catalyst IE3200 Rugged Series Data Sheet - Cisco	Relative humidity of 5% to 95% non-condensing IEC 60068-2-78 IEC 60068-2-30
97157	IE3200-DNA-E-3Y	switches	license	non-hardware	temp_operating	37808a639001f3c5	Cisco Catalyst IE3200 Rugged Series Data Sheet - Cisco	Operating temperature: -40°C to +70°C (40 LFM vented enclosure) -40°C to +60°C (
97159	IE3200-DNA-E-3Y	switches	license	non-hardware	shock	37808a639001f3c5	Cisco Catalyst IE3200 Rugged Series Data Sheet - Cisco	IEC 60068-2-27 (operational shock, 50G, 3ms, half sine) IEC 60068-2-27 (non-oper
205110	SL-1800-NE/UNC-K9	routers	license	non-hardware	supported_protocols	8e3a62fc89fc76f1	Cisco Catalyst IR1800 Rugged Series Routers Data Sheet - Cisco	● IPv6 addressing architecture ● IPv6 unicast and multicast forwarding ● IPv6 AC
196867	SL-1800-NE/UNC-K9	routers	license	non-hardware	ieee_standards	8e3a62fc89fc76f1	Cisco Catalyst IR1800 Rugged Series Routers Data Sheet - Cisco	● NMEA, RTCM 104
118222	SL-1800-NE/UNC-K9	routers	license	non-hardware	dram	8e3a62fc89fc76f1	Cisco Catalyst IR1800 Rugged Series Routers Data Sheet - Cisco	● 4 GB (IR1833) ● 8 GB (IR1835)
118223	SL-1800-NE/UNC-K9	routers	license	non-hardware	flash	8e3a62fc89fc76f1	Cisco Catalyst IR1800 Rugged Series Routers Data Sheet - Cisco	● 4 GB (IR1833) ● 8 GB (IR1835)
118224	SL-1800-NE/UNC-K9	routers	license	non-hardware	temp_operating	8e3a62fc89fc76f1	Cisco Catalyst IR1800 Rugged Series Routers Data Sheet - Cisco	● –40° to 140°F (–40° to 60°C) in a sealed NEMA cabinet with no airflow ● –40° t
182504	SL-1800-NE/UNC-K9	routers	license	non-hardware	mounting	8e3a62fc89fc76f1	Cisco Catalyst IR1800 Rugged Series Routers Data Sheet - Cisco	● DIN rail ● Panel mount
141167	C9600-DNX-A-3Y	switches	license	non-hardware	humidity_storage	0a941374bbe508f6	Cisco Catalyst 9600 Series Switches Data Sheet - Cisco	10% to 95%, Non-condensing
80146	C9600-DNX-A-3Y	switches	license	non-hardware	humidity_operating	0a941374bbe508f6	Cisco Catalyst 9600 Series Switches Data Sheet - Cisco	10% to 95%, noncondensing
130357	C9600-DNX-A-3Y	switches	license	non-hardware	altitude_max	35296d62eb0a83b6	Cisco Catalyst 9600 Series Switches Data Sheet - Cisco	-60 to 3000 meter (-197 to 9843 feet)
199045	C9600-DNX-A-3Y	switches	license	non-hardware	ieee_standards	0a941374bbe508f6	Cisco Catalyst 9600 Series Switches Data Sheet - Cisco	Gigabit Ethernet: IEEE 802.3z, IEEE 802.3x, IEEE 802.3ab
118301	SL-900-IPB	routers	license	non-hardware	dram	8b8d5c15984e51ef	Cisco 900 Series Integrated Services Routers Data Sheet - Cisco	● Default 1 GB
118302	SL-900-IPB	routers	license	non-hardware	flash	8b8d5c15984e51ef	Cisco 900 Series Integrated Services Routers Data Sheet - Cisco	● 2 GB on all Cisco 900 Series ISR models; not upgradable
117616	SL-19-SECNPE-K9	interfaces-modules	license	non-hardware	dram	e539825af78bd0b5	Cisco Integrated Services Routers Generation 2 Ordering Guide - Cisco	None available; Fixed 512MB DRAM only
117617	SL-19-SECNPE-K9	interfaces-modules	license	non-hardware	flash	e539825af78bd0b5	Cisco Integrated Services Routers Generation 2 Ordering Guide - Cisco	None available; Fixed internal 256MB eUSB Flash only
130420	ESS-100G-RTU-2	ios-nx-os-software	license	(no axis)	altitude_max	2362772905997ea1	Cisco Network Convergence System 5700 Series: NCS-57C1 Fixed Chassis Data Sheet - Cisco	0 to 9842 ft (0 to 3000 m)
91559	ESS-100G-RTU-2	ios-nx-os-software	license	(no axis)	temp_operating	f6f4765f11d958c1	Cisco Network Convergence System 5700 Series: NCS-57D2-18DD Fixed Chassis Data Sheet - Cis	PortSE intake supply: 32° to 104°F (0° to 40°C) at sea level Port-S Exhaust supp
91554	ESS-100G-RTU-2	ios-nx-os-software	license	(no axis)	temp_storage	f6f4765f11d958c1	Cisco Network Convergence System 5700 Series: NCS-57D2-18DD Fixed Chassis Data Sheet - Cis	-40° to 158°F (-40° to 70°C)
91551	ESS-100G-RTU-2	ios-nx-os-software	license	(no axis)	humidity_operating	1ad0b794548c594e	Network Convergence System 5700 Series: NCS-57C3 Chassis Data Sheet - Cisco	Normal: 5% RH to 85% RH Short term: 5% to 95% RH Should not exceed 0.026 kg wate
91555	ESS-100G-RTU-2	ios-nx-os-software	license	(no axis)	emc_emissions	f6f4765f11d958c1	Cisco Network Convergence System 5700 Series: NCS-57D2-18DD Fixed Chassis Data Sheet - Cis	● 47CFR Part 15 (CFR 47) Class A ● AS/NZS CISPR22 Class A ● CISPR22 Class A ● EN
99028	L-M9250IDMMT6M=	storage-networking	license	non-hardware	programming_interfaces	f33a76d7c2c030f9	Cisco MDS 9250i Multiservice Fabric Switch Data Sheet - Cisco	● Scriptable CLI ● Cisco Prime DCNM web services API ● Cisco Device Manager GUI
99062	L-M9250IP20-16G=	storage-networking	license	non-hardware	programming_interfaces	f33a76d7c2c030f9	Cisco MDS 9250i Multiservice Fabric Switch Data Sheet - Cisco	● Scriptable CLI ● Cisco Prime DCNM web services API ● Cisco Device Manager GUI
100018	M9250IIOA=	storage-networking	license	non-hardware	programming_interfaces	f33a76d7c2c030f9	Cisco MDS 9250i Multiservice Fabric Switch Data Sheet - Cisco	● Scriptable CLI ● Cisco Prime DCNM web services API ● Cisco Device Manager GUI
99308	L-SL-39-DATA-K9=	routers	license	non-hardware	dram	e539825af78bd0b5	Cisco Integrated Services Routers Generation 2 Ordering Guide - Cisco	None available; Fixed 512MB DRAM only
99309	L-SL-39-DATA-K9=	routers	license	non-hardware	flash	e539825af78bd0b5	Cisco Integrated Services Routers Generation 2 Ordering Guide - Cisco	None available; Fixed internal 256MB eUSB Flash only
99332	L-SL-39-SECNPE-K9=	routers	license	non-hardware	dram	e539825af78bd0b5	Cisco Integrated Services Routers Generation 2 Ordering Guide - Cisco	None available; Fixed 512MB DRAM only
99333	L-SL-39-SECNPE-K9=	routers	license	non-hardware	flash	e539825af78bd0b5	Cisco Integrated Services Routers Generation 2 Ordering Guide - Cisco	None available; Fixed internal 256MB eUSB Flash only
99316	L-SL-29-DATA-K9=	routers	license	non-hardware	dram	e539825af78bd0b5	Cisco Integrated Services Routers Generation 2 Ordering Guide - Cisco	None available; Fixed 512MB DRAM only
99317	L-SL-29-DATA-K9=	routers	license	non-hardware	flash	e539825af78bd0b5	Cisco Integrated Services Routers Generation 2 Ordering Guide - Cisco	None available; Fixed internal 256MB eUSB Flash only
103328	N56-4Q-P-SSK9=	switches	license	non-hardware	emc_emissions	6808d677ec50358c	Cisco Nexus 5600 Platform 40-Gbps Switches Data Sheet - Cisco	● 47CFR Part 15 (CFR 47) Class A ● AS/NZS CISPR22 Class A ● CISPR22 Class A ● EN
103329	N56-4Q-P-SSK9=	switches	license	non-hardware	emc_immunity	6808d677ec50358c	Cisco Nexus 5600 Platform 40-Gbps Switches Data Sheet - Cisco	● EN55024 ● CISPR24 ● EN300386 ● KN 61000-4 series
143109	XR-NC57-P-07.03	routers	software	non-hardware	qos_features	5485d38d87b5628d	Cisco Network Convergence System 5700 Series: NCS-57B1 Fixed Chassis Data Sheet - Cisco	● Hierarchical QoS ● Ingress classification based on Class of Service (Layer 2),
143110	XR-NC57-P-07.03	routers	software	non-hardware	humidity_storage	5485d38d87b5628d	Cisco Network Convergence System 5700 Series: NCS-57B1 Fixed Chassis Data Sheet - Cisco	5% to 95% at 40°C per NEBS GR-63-Core
130659	XR-NC57-P-07.03	routers	software	non-hardware	altitude_max	5485d38d87b5628d	Cisco Network Convergence System 5700 Series: NCS-57B1 Fixed Chassis Data Sheet - Cisco	0 to 9842 ft (0 to 3000 m)
128731	XR-NC57-P-07.03	routers	software	non-hardware	programming_interfaces	5485d38d87b5628d	Cisco Network Convergence System 5700 Series: NCS-57B1 Fixed Chassis Data Sheet - Cisco	● Zero-Touch Provisioning (ZTP), iPXE ● Configuration management ● Network Confi
128732	XR-NC57-P-07.03	routers	software	non-hardware	temp_storage	5485d38d87b5628d	Cisco Network Convergence System 5700 Series: NCS-57B1 Fixed Chassis Data Sheet - Cisco	-40° to 158°F (-40° to 70°C)
128733	XR-NC57-P-07.03	routers	software	non-hardware	humidity_operating	5485d38d87b5628d	Cisco Network Convergence System 5700 Series: NCS-57B1 Fixed Chassis Data Sheet - Cisco	5% to 95% (noncondensing)
128734	XR-NC57-P-07.03	routers	software	non-hardware	emc_emissions	5485d38d87b5628d	Cisco Network Convergence System 5700 Series: NCS-57B1 Fixed Chassis Data Sheet - Cisco	● 47CFR Part 15 (CFR 47) Class A ● AS/NZS CISPR22 Class A ● CISPR22 Class A ● EN
128735	XR-NC57-P-07.03	routers	software	non-hardware	emc_immunity	5485d38d87b5628d	Cisco Network Convergence System 5700 Series: NCS-57B1 Fixed Chassis Data Sheet - Cisco	● EN55024 ● CISPR24 ● EN300386 ● KN 61000-4 series
128736	XR-NC57-P-07.03	routers	software	non-hardware	segment_routing_features	5485d38d87b5628d	Cisco Network Convergence System 5700 Series: NCS-57B1 Fixed Chassis Data Sheet - Cisco	● Segment routing–based transport ● IS-IS extensions to segment routing ● OSPF e
128738	XR-NC57-P-07.03	routers	software	non-hardware	temp_operating	5485d38d87b5628d	Cisco Network Convergence System 5700 Series: NCS-57B1 Fixed Chassis Data Sheet - Cisco	PortSE intake supply: 32° to 104°F (0° to 40°C) at sea level
153564	XR-NC55-PK9-07.06	routers	software	non-hardware	emc_emissions	07ac5acc909a3e58	Cisco Network Convergence System 5500 Series Modular Chassis - Cisco	● 47CFR Part 15 (CFR 47) Class A ● AS/NZS CISPR22 Class A ● CISPR22 Class A ● EN
153565	XR-NC55-PK9-07.06	routers	software	non-hardware	emc_immunity	07ac5acc909a3e58	Cisco Network Convergence System 5500 Series Modular Chassis - Cisco	● EN55024 ● CISPR24 ● EN300386 ● KN 61000-4 series
129022	XR-NCS1K-621K9=	optical-networking	license	non-hardware	regions_supported	0cad8ed867ff5e6a	Cisco Network Convergence System 1002 Data Sheet - Cisco	● European Union ● Africa ● CSI ● Australia ● New Zealand ● China ● Korea ● Indi
129023	XR-NCS1K-621K9=	optical-networking	license	non-hardware	laser_safety_class	0cad8ed867ff5e6a	Cisco Network Convergence System 1002 Data Sheet - Cisco	1
144878	XR-NCS1K-621K9=	optical-networking	license	non-hardware	optical_pm	0cad8ed867ff5e6a	Cisco Network Convergence System 1002 Data Sheet - Cisco	Transmitter optical power ; Transmitter laser bias current ; Receiver optical po
144877	XR-NCS1K-621K9=	optical-networking	license	non-hardware	certifications	0cad8ed867ff5e6a	Cisco Network Convergence System 1002 Data Sheet - Cisco	● IEC 60950-1 Information technology equipment Safety Part 1: General requiremen
141761	L-LIC-CT3850-UPG	switches	license	non-hardware	humidity_storage	5664cf3b037d513b	Cisco Catalyst 3850 Series Switches Data Sheet - Cisco	5 to 90% noncondensing
99105	L-LIC-CT3850-UPG	switches	license	non-hardware	temp_operating	5664cf3b037d513b	Cisco Catalyst 3850 Series Switches Data Sheet - Cisco	23 to 113°F (-5 to 45°C)
99106	L-LIC-CT3850-UPG	switches	license	non-hardware	temp_storage	5664cf3b037d513b	Cisco Catalyst 3850 Series Switches Data Sheet - Cisco	-40 to 158°F (-40 to 70°C)
206014	L-LIC-CT3850-UPG	switches	license	non-hardware	certifications	5664cf3b037d513b	Cisco Catalyst 3850 Series Switches Data Sheet - Cisco	UL 60950-1 Second Edition CAN/CSA-C22.2 No. 60950-1 Second Edition EN 60950-1 Se
98840	L-FP2900-TAM-1Y	routers	license	non-hardware	dram	e539825af78bd0b5	Cisco Integrated Services Routers Generation 2 Ordering Guide - Cisco	None available; Fixed 512MB DRAM only
98841	L-FP2900-TAM-1Y	routers	license	non-hardware	flash	e539825af78bd0b5	Cisco Integrated Services Routers Generation 2 Ordering Guide - Cisco	None available; Fixed internal 256MB eUSB Flash only
103192	N5696-DFA-BUN-P1=	switches	license	non-hardware	emc_emissions	6808d677ec50358c	Cisco Nexus 5600 Platform 40-Gbps Switches Data Sheet - Cisco	● 47CFR Part 15 (CFR 47) Class A ● AS/NZS CISPR22 Class A ● CISPR22 Class A ● EN
103193	N5696-DFA-BUN-P1=	switches	license	non-hardware	emc_immunity	6808d677ec50358c	Cisco Nexus 5600 Platform 40-Gbps Switches Data Sheet - Cisco	● EN55024 ● CISPR24 ● EN300386 ● KN 61000-4 series
103265	N5624Q-DFA-BUN-P1=	switches	license	non-hardware	emc_emissions	6808d677ec50358c	Cisco Nexus 5600 Platform 40-Gbps Switches Data Sheet - Cisco	● 47CFR Part 15 (CFR 47) Class A ● AS/NZS CISPR22 Class A ● CISPR22 Class A ● EN
103266	N5624Q-DFA-BUN-P1=	switches	license	non-hardware	emc_immunity	6808d677ec50358c	Cisco Nexus 5600 Platform 40-Gbps Switches Data Sheet - Cisco	● EN55024 ● CISPR24 ● EN300386 ● KN 61000-4 series
205075	L-ISA3000T-TC-3Y	security	license	non-hardware	supported_protocols	ebce9a0dbe4b1ace	Cisco Secure Firewall ISA3000 Data Sheet - Cisco	● IPv4 static routing ● Dynamic routing (Routing Information Protocol [RIP], Enh
199026	L-ISA3000T-TC-3Y	security	license	non-hardware	ieee_standards	ebce9a0dbe4b1ace	Cisco Secure Firewall ISA3000 Data Sheet - Cisco	● IEEE 802.1D MAC Bridges, Spanning Tree Protocol (STP) ● IEEE 802.1p Layer2 cla
196415	L-ISA3000T-TC-3Y	security	license	non-hardware	rfc_compliance	ebce9a0dbe4b1ace	Cisco Secure Firewall ISA3000 Data Sheet - Cisco	● RFC 768: User Datagram Protocol (UDP) ● RFC 783: Trivial FTP (TFTP) ● RFC 791:
99907	M9250IDMMK9	storage-networking	license	non-hardware	programming_interfaces	f33a76d7c2c030f9	Cisco MDS 9250i Multiservice Fabric Switch Data Sheet - Cisco	● Scriptable CLI ● Cisco Prime DCNM web services API ● Cisco Device Manager GUI
141000	C9300L-DNA-E-24-7Y	switches	license	non-hardware	humidity_storage	638d72c59601332b	Cisco Catalyst 9300 Series Switches Data Sheet - Cisco	5% to 90% noncondensing
79093	C9300L-DNA-E-24-7Y	switches	license	non-hardware	temp_operating	638d72c59601332b	Cisco Catalyst 9300 Series Switches Data Sheet - Cisco	Normal operating temperature * and altitudes: -5°C to +45°C, up to 5000 feet (15
79094	C9300L-DNA-E-24-7Y	switches	license	non-hardware	temp_storage	638d72c59601332b	Cisco Catalyst 9300 Series Switches Data Sheet - Cisco	-40° to 158°F (-40° to 70°C)
198476	C9300L-DNA-E-24-7Y	switches	license	non-hardware	ieee_standards	638d72c59601332b	Cisco Catalyst 9300 Series Switches Data Sheet - Cisco	IEEE 802.1s IEEE 802.1w IEEE 802.1x IEEE 802.1x-Rev IEEE 802.3ad IEEE 802.3ae IE
205058	L-ISA3000-TC-3Y	security	license	non-hardware	supported_protocols	ebce9a0dbe4b1ace	Cisco Secure Firewall ISA3000 Data Sheet - Cisco	● IPv4 static routing ● Dynamic routing (Routing Information Protocol [RIP], Enh
199009	L-ISA3000-TC-3Y	security	license	non-hardware	ieee_standards	ebce9a0dbe4b1ace	Cisco Secure Firewall ISA3000 Data Sheet - Cisco	● IEEE 802.1D MAC Bridges, Spanning Tree Protocol (STP) ● IEEE 802.1p Layer2 cla
196398	L-ISA3000-TC-3Y	security	license	non-hardware	rfc_compliance	ebce9a0dbe4b1ace	Cisco Secure Firewall ISA3000 Data Sheet - Cisco	● RFC 768: User Datagram Protocol (UDP) ● RFC 783: Trivial FTP (TFTP) ● RFC 791:
114685	S-A9K-LI-LIC-FC	routers	license	non-hardware	supported_protocols	2b56b0b7c4e8c61a	Cisco ASR 9903 Compact High-Performance Router Data Sheet - Cisco	NetFlow, IEEE 802.1ag, IEEE 802.3ah, ITU Y.1731, IP Service-Level Agreement (IP 
114684	S-A9K-LI-LIC-FC	routers	license	non-hardware	temp_operating	2b56b0b7c4e8c61a	Cisco ASR 9903 Compact High-Performance Router Data Sheet - Cisco	41 to 104°F (5 to 40°C) Note: Limitations may apply when using high-power optics
114680	S-A9K-LI-LIC-FC	routers	license	non-hardware	humidity_operating	b8b4ec84e4a93e32	Cisco ASR 9901 Router Data Sheet - Cisco	10 to 85%
99257	L-NCS2K-MRE-100G=	optical-networking	license	non-hardware	humidity_operating	e92a5b29cf9798d0	Cisco Network Convergence System 2000 Series Data Sheet - Cisco	5 to 85%, noncondensing 5 to 90% but not to exceed 0.024 kg water/kg of dry air
99258	L-NCS2K-MRE-100G=	optical-networking	license	non-hardware	regions_supported	e92a5b29cf9798d0	Cisco Network Convergence System 2000 Series Data Sheet - Cisco	● Europe ● Latin America ● Japan ● Asia Pacific ● Middle East and Africa
99259	L-NCS2K-MRE-100G=	optical-networking	license	non-hardware	temp_storage	e92a5b29cf9798d0	Cisco Network Convergence System 2000 Series Data Sheet - Cisco	-40 to 158ºF (-40 to 70ºC)
99260	L-NCS2K-MRE-100G=	optical-networking	license	non-hardware	temp_operating	e92a5b29cf9798d0	Cisco Network Convergence System 2000 Series Data Sheet - Cisco	32 to 131ºF (0 to 55ºC) 23 to 131ºF (-5 to 55ºC)
206021	L-NCS2K-MRE-100G=	optical-networking	license	non-hardware	certifications	e92a5b29cf9798d0	Cisco Network Convergence System 2000 Series Data Sheet - Cisco	● UL/CSA 60950-1 2 nd Ed. 2011 ● IEC 60950-1 2 nd Ed. + Amendment 1:2009, EN 609
144213	8KSW-ADN-A-P	routers	license	non-hardware	programming_interfaces	a5dbf1f67727ca95	Cisco 8700 Series Routers Data Sheet - Cisco	RS-232 serial ports: 1 x RJ45 Management ports: 1 x RJ45(1G) USB 3.0 ports: 1 x 
144214	8KSW-ADN-A-P	routers	license	non-hardware	emc_immunity	a5dbf1f67727ca95	Cisco 8700 Series Routers Data Sheet - Cisco	CISPR35 EN 55035 EN IEC 61000-6-1 EN IEC 61000-6-2 EN 300 386 V2.1.23 KS C 9835 
205533	8KSW-ADN-A-P	routers	license	non-hardware	certifications	a5dbf1f67727ca95	Cisco 8700 Series Routers Data Sheet - Cisco	Emissions: CISPR32 EN 55032 EN 61000-3-3 EN IEC 61000-3-2 EN 300 386 V2.1.23 47 
100471	M97XK9-A-3Y	storage-networking	license	non-hardware	fabric_services	61bd6bf87846eebe	Cisco MDS 9706 Multilayer Director Data Sheet - Cisco	● Name server ● Registered State Change Notification (RSCN) ● Login services ● F
141775	LIC-C9300-48E-5Y	switches	license	non-hardware	humidity_storage	638d72c59601332b	Cisco Catalyst 9300 Series Switches Data Sheet - Cisco	5% to 90% noncondensing
198554	LIC-C9300-48E-5Y	switches	license	non-hardware	ieee_standards	638d72c59601332b	Cisco Catalyst 9300 Series Switches Data Sheet - Cisco	IEEE 802.1s IEEE 802.1w IEEE 802.1x IEEE 802.1x-Rev IEEE 802.3ad IEEE 802.3ae IE
99476	LIC-C9300-48E-5Y	switches	license	non-hardware	temp_operating	638d72c59601332b	Cisco Catalyst 9300 Series Switches Data Sheet - Cisco	Normal operating temperature * and altitudes: -5°C to +45°C, up to 5000 feet (15
99477	LIC-C9300-48E-5Y	switches	license	non-hardware	temp_storage	638d72c59601332b	Cisco Catalyst 9300 Series Switches Data Sheet - Cisco	-40° to 158°F (-40° to 70°C)
141149	C9200CX-8-E-A	switches	license	non-hardware	humidity_storage	de692de8d2c8f641	Cisco Catalyst 9200 Series Switches Data Sheet - Cisco	5% to 90% noncondensing
146986	C9200CX-8-E-A	switches	license	non-hardware	certifications	de692de8d2c8f641	Cisco Catalyst 9200 Series Switches Data Sheet - Cisco	● 47 CFR Part 15 ● CISPR 32 Class A ● CNS 13438 ● EN 300 386 * ● EN 55032 Class 
80012	C9200CX-8-E-A	switches	license	non-hardware	temp_operating	de692de8d2c8f641	Cisco Catalyst 9200 Series Switches Data Sheet - Cisco	Normal operating temperature * and altitudes: ● -5°C to +45°C, up to 5000 feet (
80013	C9200CX-8-E-A	switches	license	non-hardware	temp_storage	de692de8d2c8f641	Cisco Catalyst 9200 Series Switches Data Sheet - Cisco	-40° to 158°F (-40° to 70°C)
146985	C9200CX-8-E-A	switches	license	non-hardware	ieee_standards	de692de8d2c8f641	Cisco Catalyst 9200 Series Switches Data Sheet - Cisco	EEE 802.1s ; RMON I and II standards ; IEEE 802.1w ; SNMPv1, v2c, and v3 ; IEEE 
158421	C9200CX-8-E-A	switches	license	non-hardware	altitude_max	de692de8d2c8f641	Cisco Catalyst 9200 Series Switches Data Sheet - Cisco	10,000 ft. (3000 meters), up to 45°C
141027	C9200-DNX-A-48-7Y	switches	license	non-hardware	humidity_storage	de692de8d2c8f641	Cisco Catalyst 9200 Series Switches Data Sheet - Cisco	5% to 90% noncondensing
79250	C9200-DNX-A-48-7Y	switches	license	non-hardware	temp_operating	de692de8d2c8f641	Cisco Catalyst 9200 Series Switches Data Sheet - Cisco	Normal operating temperature * and altitudes: ● -5°C to +45°C, up to 5000 feet (
79251	C9200-DNX-A-48-7Y	switches	license	non-hardware	temp_storage	de692de8d2c8f641	Cisco Catalyst 9200 Series Switches Data Sheet - Cisco	-40° to 158°F (-40° to 70°C)
205704	C9200-DNX-A-48-7Y	switches	license	non-hardware	certifications	de692de8d2c8f641	Cisco Catalyst 9200 Series Switches Data Sheet - Cisco	● 47 CFR Part 15 ● CISPR 32 Class A ● CNS 13438 ● EN 300 386 * ● EN 55032 Class 
144448	M91VXK9-A-1Y-OSM	storage-networking	license	non-hardware	supported_protocols	b1c4eb1b17106929	MDS 9124V 64-Gbps 24-Port Fibre Channel Switch Data Sheet - Cisco	● Fibre Channel standards ● FC-PI-6 (INCITS 512-2015) ● FC-PI-7 (INCITS 543-2019
144449	M91VXK9-A-1Y-OSM	storage-networking	license	non-hardware	diagnostics	b1c4eb1b17106929	MDS 9124V 64-Gbps 24-Port Fibre Channel Switch Data Sheet - Cisco	● Power-On-Self-Test (POST) diagnostics ● Online Health Management System (OHMS)
144450	M91VXK9-A-1Y-OSM	storage-networking	license	non-hardware	programming_interfaces	b1c4eb1b17106929	MDS 9124V 64-Gbps 24-Port Fibre Channel Switch Data Sheet - Cisco	● Scriptable CLI ● Cisco DCNM/NDFC web services API ● NX-API HTTP/HTTPS interfac
144451	M91VXK9-A-1Y-OSM	storage-networking	license	non-hardware	certifications	b1c4eb1b17106929	MDS 9124V 64-Gbps 24-Port Fibre Channel Switch Data Sheet - Cisco	● Safety compliance ● CE Marking ● UL 60950 ● CAN/CSA-C22.2 No. 60950 ● EN 60950
144452	M91VXK9-A-1Y-OSM	storage-networking	license	non-hardware	fabric_services	b1c4eb1b17106929	MDS 9124V 64-Gbps 24-Port Fibre Channel Switch Data Sheet - Cisco	● Name server ● Registered State Change Notification (RSCN) ● Login services ● F
99945	M91VXK9-A-1Y-OSM	storage-networking	license	non-hardware	temp_operating	b1c4eb1b17106929	MDS 9124V 64-Gbps 24-Port Fibre Channel Switch Data Sheet - Cisco	● Temperature, ambient operating: ◦ 32 to 104°F (0 to 40°C) with port-side exhau
141141	C9300-DNX-E-24-7Y	switches	license	non-hardware	humidity_storage	638d72c59601332b	Cisco Catalyst 9300 Series Switches Data Sheet - Cisco	5% to 90% noncondensing
198530	C9300-DNX-E-24-7Y	switches	license	non-hardware	ieee_standards	638d72c59601332b	Cisco Catalyst 9300 Series Switches Data Sheet - Cisco	IEEE 802.1s IEEE 802.1w IEEE 802.1x IEEE 802.1x-Rev IEEE 802.3ad IEEE 802.3ae IE
79965	C9300-DNX-E-24-7Y	switches	license	non-hardware	temp_operating	638d72c59601332b	Cisco Catalyst 9300 Series Switches Data Sheet - Cisco	Normal operating temperature * and altitudes: -5°C to +45°C, up to 5000 feet (15
79966	C9300-DNX-E-24-7Y	switches	license	non-hardware	temp_storage	638d72c59601332b	Cisco Catalyst 9300 Series Switches Data Sheet - Cisco	-40° to 158°F (-40° to 70°C)
68920	15454-M-LIC-100G=	optical-networking	license	non-hardware	laser_safety_class	ac37a16b11d60129	Cisco ONS 15454 100-Gbps CP-DQPSK Full C-Band Tunable DWDM Trunk Card Data Sheet - Cisco	1
68917	15454-M-LIC-100G=	optical-networking	license	non-hardware	regions_supported	ac37a16b11d60129	Cisco ONS 15454 100-Gbps CP-DQPSK Full C-Band Tunable DWDM Trunk Card Data Sheet - Cisco	● European Union ● Africa ● CSI ● Australia ● New Zealand ● China ● Korea ● Indi
208077	N3064T-32T-LIC	switches	license	non-hardware	supported_protocols	6726824f789aecc6	Cisco Nexus 3064-X, 3064-T, and 3064-32T Switches Data Sheet - Cisco	● Layer 2 switch ports and VLAN trunks ● IEEE 802.1Q VLAN encapsulation ● Suppor
141938	N3064T-32T-LIC	switches	license	non-hardware	qos_features	6726824f789aecc6	Cisco Nexus 3064-X, 3064-T, and 3064-32T Switches Data Sheet - Cisco	Layer 2 IEEE 802.1p (Class of Service [CoS]) 8 hardware queues per port Per-port
151481	N3064T-32T-LIC	switches	license	non-hardware	emc_emissions	6726824f789aecc6	Cisco Nexus 3064-X, 3064-T, and 3064-32T Switches Data Sheet - Cisco	● 47CFR Part 15 (CFR 47) Class A ● AS/NZS CISPR22 Class A ● CISPR22 Class A ● EN
151482	N3064T-32T-LIC	switches	license	non-hardware	emc_immunity	6726824f789aecc6	Cisco Nexus 3064-X, 3064-T, and 3064-32T Switches Data Sheet - Cisco	● EN55024 ● CISPR24 ● EN300386 ● KN24
151480	N3064T-32T-LIC	switches	license	non-hardware	ieee_standards	6726824f789aecc6	Cisco Nexus 3064-X, 3064-T, and 3064-32T Switches Data Sheet - Cisco	● IEEE 802.1D: Spanning Tree Protocol ● IEEE 802.1p: CoS Prioritization ● IEEE 8
154613	N3064T-32T-LIC	switches	license	non-hardware	snmp_mibs	6726824f789aecc6	Cisco Nexus 3064-X, 3064-T, and 3064-32T Switches Data Sheet - Cisco	Generic MIBs ● SNMPv2-SMI ● CISCO-SMI ● SNMPv2-TM ● SNMPv2-TC ● IANA-ADDRESS-FAM
196399	L-ISA3000T-TC-5Y	security	license	non-hardware	rfc_compliance	ebce9a0dbe4b1ace	Cisco Secure Firewall ISA3000 Data Sheet - Cisco	● RFC 768: User Datagram Protocol (UDP) ● RFC 783: Trivial FTP (TFTP) ● RFC 791:
205059	L-ISA3000T-TC-5Y	security	license	non-hardware	supported_protocols	ebce9a0dbe4b1ace	Cisco Secure Firewall ISA3000 Data Sheet - Cisco	● IPv4 static routing ● Dynamic routing (Routing Information Protocol [RIP], Enh
199010	L-ISA3000T-TC-5Y	security	license	non-hardware	ieee_standards	ebce9a0dbe4b1ace	Cisco Secure Firewall ISA3000 Data Sheet - Cisco	● IEEE 802.1D MAC Bridges, Spanning Tree Protocol (STP) ● IEEE 802.1p Layer2 cla
197436	L-LIC-CT25-DTLS-K9	wireless	license	non-hardware	supported_protocols	b1af204fcb361dd1	Cisco 2500 Series Wireless Controllers Data Sheet - Cisco	● IEEE 802.1X ● RFC 2548 Microsoft Vendor-Specific RADIUS Attributes ● RFC 2716 
99032	L-LIC-CT25-DTLS-K9	wireless	license	non-hardware	programming_interfaces	b1af204fcb361dd1	Cisco 2500 Series Wireless Controllers Data Sheet - Cisco	● Designed for use with Cisco Wireless Control System ● Web-based: HTTP/HTTPS in
99033	L-LIC-CT25-DTLS-K9	wireless	license	non-hardware	encryption	b1af204fcb361dd1	Cisco 2500 Series Wireless Controllers Data Sheet - Cisco	● WEP and Temporal Key Integrity Protocol-Message Integrity Check (TKIP-MIC): RC
197450	LIC-CT2504-25A	wireless	license	non-hardware	supported_protocols	b1af204fcb361dd1	Cisco 2500 Series Wireless Controllers Data Sheet - Cisco	● IEEE 802.1X ● RFC 2548 Microsoft Vendor-Specific RADIUS Attributes ● RFC 2716 
99607	LIC-CT2504-25A	wireless	license	non-hardware	programming_interfaces	b1af204fcb361dd1	Cisco 2500 Series Wireless Controllers Data Sheet - Cisco	● Designed for use with Cisco Wireless Control System ● Web-based: HTTP/HTTPS in
99608	LIC-CT2504-25A	wireless	license	non-hardware	encryption	b1af204fcb361dd1	Cisco 2500 Series Wireless Controllers Data Sheet - Cisco	● WEP and Temporal Key Integrity Protocol-Message Integrity Check (TKIP-MIC): RC
199028	L-ISA3000T-TMC-1Y	security	license	non-hardware	ieee_standards	ebce9a0dbe4b1ace	Cisco Secure Firewall ISA3000 Data Sheet - Cisco	● IEEE 802.1D MAC Bridges, Spanning Tree Protocol (STP) ● IEEE 802.1p Layer2 cla
196417	L-ISA3000T-TMC-1Y	security	license	non-hardware	rfc_compliance	ebce9a0dbe4b1ace	Cisco Secure Firewall ISA3000 Data Sheet - Cisco	● RFC 768: User Datagram Protocol (UDP) ● RFC 783: Trivial FTP (TFTP) ● RFC 791:
205077	L-ISA3000T-TMC-1Y	security	license	non-hardware	supported_protocols	ebce9a0dbe4b1ace	Cisco Secure Firewall ISA3000 Data Sheet - Cisco	● IPv4 static routing ● Dynamic routing (Routing Information Protocol [RIP], Enh
140759	C3850-48-L-S	switches	license	non-hardware	humidity_storage	5664cf3b037d513b	Cisco Catalyst 3850 Series Switches Data Sheet - Cisco	5 to 90% noncondensing
199308	C3850-48-L-S	switches	license	non-hardware	ieee_standards	5664cf3b037d513b	Cisco Catalyst 3850 Series Switches Data Sheet - Cisco	IEEE 802.1as IEEE 802.1s IEEE 802.1w IEEE 802.11 IEEE 802.1x IEEE 802.1x-Rev IEE
76740	C3850-48-L-S	switches	license	non-hardware	temp_operating	5664cf3b037d513b	Cisco Catalyst 3850 Series Switches Data Sheet - Cisco	23 to 113°F (-5 to 45°C)
76741	C3850-48-L-S	switches	license	non-hardware	temp_storage	5664cf3b037d513b	Cisco Catalyst 3850 Series Switches Data Sheet - Cisco	-40 to 158°F (-40 to 70°C)
158355	C3850-48-L-S	switches	license	non-hardware	altitude_max	5664cf3b037d513b	Cisco Catalyst 3850 Series Switches Data Sheet - Cisco	10,000 ft. (3000 meters), up to 45°C
207542	C3850-48-L-S	switches	license	non-hardware	certifications	5664cf3b037d513b	Cisco Catalyst 3850 Series Switches Data Sheet - Cisco	UL 60950-1 Second Edition CAN/CSA-C22.2 No. 60950-1 Second Edition EN 60950-1 Se
98822	L-FP2900-TAC-1Y	routers	license	non-hardware	dram	e539825af78bd0b5	Cisco Integrated Services Routers Generation 2 Ordering Guide - Cisco	None available; Fixed 512MB DRAM only
98823	L-FP2900-TAC-1Y	routers	license	non-hardware	flash	e539825af78bd0b5	Cisco Integrated Services Routers Generation 2 Ordering Guide - Cisco	None available; Fixed internal 256MB eUSB Flash only
141517	IE3500-DNA-A-7Y	switches	license	non-hardware	qos_features	de20866285786429	Cisco IE3500 Heavy Duty Series Data Sheet - Cisco	Ingress policing, rate limit, egress queuing/shaping, auto QoS
96098	IE3500-DNA-A-7Y	switches	license	non-hardware	emc_emissions	de20866285786429	Cisco IE3500 Heavy Duty Series Data Sheet - Cisco	Emissions (Class A): FCC 47 CFR Part 15 subpart B ICES-003 EN 55011 EN 55032/ CI
96104	IE3500-DNA-A-7Y	switches	license	non-hardware	humidity_operating	b8622078cd3085fd	Cisco IE3500 Rugged Series Data Sheet - Cisco	Relative humidity of 5% to 95% non-condensing IEC 60068-2-78 IEC 60068-2-30
204040	A9K-400G-AIP-SE	routers	license	non-hardware	ieee_standards	632e9bc4f7295fbe	Cisco ASR 9000 Series 400G and 200G Modular Line Cards Data Sheet - Cisco	● IEEE 802.3 compliant ● 10 Gigabit Ethernet PHY monitoring ● IEEE 802.x flow co
140604	A9K-400G-AIP-SE	routers	license	non-hardware	humidity_storage	632e9bc4f7295fbe	Cisco ASR 9000 Series 400G and 200G Modular Line Cards Data Sheet - Cisco	5 to 95% Note: Not to exceed 0.024 kg of water per kg of dry air
72948	A9K-400G-AIP-SE	routers	license	non-hardware	humidity_operating	632e9bc4f7295fbe	Cisco ASR 9000 Series 400G and 200G Modular Line Cards Data Sheet - Cisco	10 to 85%
72949	A9K-400G-AIP-SE	routers	license	non-hardware	temp_storage	632e9bc4f7295fbe	Cisco ASR 9000 Series 400G and 200G Modular Line Cards Data Sheet - Cisco	-40 to 158°F (-40 to 70°C)
144664	A9K-400G-AIP-SE	routers	license	non-hardware	etsi_standards	632e9bc4f7295fbe	Cisco ASR 9000 Series 400G and 200G Modular Line Cards Data Sheet - Cisco	Cisco ASR 9000 Series Routers are designed to meet: ● EN300 386: Telecommunicati
144663	A9K-400G-AIP-SE	routers	license	non-hardware	temp_operating	632e9bc4f7295fbe	Cisco ASR 9000 Series 400G and 200G Modular Line Cards Data Sheet - Cisco	23 to 131°F (-5 to 55°C)
130492	A9K-400G-AIP-SE	routers	license	non-hardware	altitude_max	632e9bc4f7295fbe	Cisco ASR 9000 Series 400G and 200G Modular Line Cards Data Sheet - Cisco	-60 to 4000m (up to 2000m conforms to IEC, EN, UL, and CSA 60950 requirements)
206458	A9K-400G-AIP-SE	routers	license	non-hardware	certifications	632e9bc4f7295fbe	Cisco ASR 9000 Series 400G and 200G Modular Line Cards Data Sheet - Cisco	Cisco ASR 9000 Series Routers are designed to meet: ● SR-3580: NEBS Criteria Lev
198999	L-ISA3000-TM-1Y	security	license	non-hardware	ieee_standards	ebce9a0dbe4b1ace	Cisco Secure Firewall ISA3000 Data Sheet - Cisco	● IEEE 802.1D MAC Bridges, Spanning Tree Protocol (STP) ● IEEE 802.1p Layer2 cla
196388	L-ISA3000-TM-1Y	security	license	non-hardware	rfc_compliance	ebce9a0dbe4b1ace	Cisco Secure Firewall ISA3000 Data Sheet - Cisco	● RFC 768: User Datagram Protocol (UDP) ● RFC 783: Trivial FTP (TFTP) ● RFC 791:
205048	L-ISA3000-TM-1Y	security	license	non-hardware	supported_protocols	ebce9a0dbe4b1ace	Cisco Secure Firewall ISA3000 Data Sheet - Cisco	● IPv4 static routing ● Dynamic routing (Routing Information Protocol [RIP], Enh
205078	L-ISA3000T-URL-3Y	security	license	non-hardware	supported_protocols	ebce9a0dbe4b1ace	Cisco Secure Firewall ISA3000 Data Sheet - Cisco	● IPv4 static routing ● Dynamic routing (Routing Information Protocol [RIP], Enh
199029	L-ISA3000T-URL-3Y	security	license	non-hardware	ieee_standards	ebce9a0dbe4b1ace	Cisco Secure Firewall ISA3000 Data Sheet - Cisco	● IEEE 802.1D MAC Bridges, Spanning Tree Protocol (STP) ● IEEE 802.1p Layer2 cla
196418	L-ISA3000T-URL-3Y	security	license	non-hardware	rfc_compliance	ebce9a0dbe4b1ace	Cisco Secure Firewall ISA3000 Data Sheet - Cisco	● RFC 768: User Datagram Protocol (UDP) ● RFC 783: Trivial FTP (TFTP) ● RFC 791:
208033	L-SL-800-SEC-K9	routers	license	non-hardware	supported_protocols	4fb41a26e3dd6255	Cisco 880 Series Integrated Services Routers - Data Sheet - Cisco	● IPv6 addressing architecture ● IPv6 name resolution ● IPv6 statistics ● IPv6 t
99329	L-SL-800-SEC-K9	routers	license	non-hardware	flash	4fb41a26e3dd6255	Cisco 880 Series Integrated Services Routers - Data Sheet - Cisco	● 128 MB on Cisco 880 Series data, embedded 3G Wireless WAN (WWAN), and Cisco Un
206022	L-SL-800-SEC-K9	routers	license	non-hardware	certifications	4fb41a26e3dd6255	Cisco 880 Series Integrated Services Routers - Data Sheet - Cisco	Emissions: ● 47 CFR Part 15: 2006 ● CISPR22: 2005 ● EN300386: V1.3.3: 2005 ● EN5
99738	LS-FNM-KAS-50-1Y=	cloud-systems-management	license	(no axis)	dram	305890c0102c2549	Cisco FindIT Network Manager Data Sheet - Cisco	Manager: 4GB Probe: 512MB
99739	LS-FNM-KAS-50-1Y=	cloud-systems-management	license	(no axis)	host_os_support	305890c0102c2549	Cisco FindIT Network Manager Data Sheet - Cisco	Ubuntu Linux version 16.04.x Raspbian Stretch Linux
197461	LS-FNM-KAS-50-1Y=	cloud-systems-management	license	(no axis)	supported_protocols	305890c0102c2549	Cisco FindIT Network Manager Data Sheet - Cisco	Cisco Discovery Protocol (CDP) Link-Layer Discovery Protocol (LLDP) Multicast DN
146830	R-ISE-VMS-K9=	security	license	non-hardware	ieee_standards	033c971dfd026e21	Cisco ISE Licensing Guide - Cisco	Posture ; Mobile Device Management (MDM) Compliance ; Threat-Centric Network Acc
199090	IE3400H-NW-A=	switches	license	non-hardware	ieee_standards	08a17028631b331a	Cisco Catalyst IE3400 Heavy Duty Series Data Sheet - Cisco	IEEE 802.1D MAC Bridges, STP IEEE 802.1p Layer 2 COS prioritization IEEE 802.1q 
141601	IE3400H-NW-A=	switches	license	non-hardware	qos_features	08a17028631b331a	Cisco Catalyst IE3400 Heavy Duty Series Data Sheet - Cisco	Ingress policing, rate limit, egress queuing/shaping, auto QoS
204266	IE3400H-NW-A=	switches	license	non-hardware	supported_protocols	08a17028631b331a	Cisco Catalyst IE3400 Heavy Duty Series Data Sheet - Cisco	IEEE 802.1Q, 802.1w,802.1ab,802.1s, 802.3ad standard, NTP, UDLD, CDP, LLDP, unic
144324	IE3400H-NW-A=	switches	license	non-hardware	emc_emissions	08a17028631b331a	Cisco Catalyst IE3400 Heavy Duty Series Data Sheet - Cisco	Emissions (Class A): FCC 47 CFR Part 15 subpart B ICES-003 EN 55011 EN 55032/ CI
144325	IE3400H-NW-A=	switches	license	non-hardware	shock	08a17028631b331a	Cisco Catalyst IE3400 Heavy Duty Series Data Sheet - Cisco	IEC 60068-2-6 Vibration: IEC 60068-2-6, IEC 255 21.1 Class 1 Vibration Test IEC 
144328	IE3400H-NW-A=	switches	license	non-hardware	snmp_mibs	08a17028631b331a	Cisco Catalyst IE3400 Heavy Duty Series Data Sheet - Cisco	802.1X MIB CISCO-DHCP-SNOOPING-MIB CISCO-UDLDP-MIB CISCO-ENVMON-MIB CISCO-PRIVAT
96862	IE3400H-NW-A=	switches	license	non-hardware	programming_interfaces	08a17028631b331a	Cisco Catalyst IE3400 Heavy Duty Series Data Sheet - Cisco	YANG, NETCONF, RESTCONF
96864	IE3400H-NW-A=	switches	license	non-hardware	temp_operating	08a17028631b331a	Cisco Catalyst IE3400 Heavy Duty Series Data Sheet - Cisco	-40°C to +75°C (-40F to 167F) (with airflow) with 200 LFM airflow -40°C to +70°C
96865	IE3400H-NW-A=	switches	license	non-hardware	temp_storage	08a17028631b331a	Cisco Catalyst IE3400 Heavy Duty Series Data Sheet - Cisco	-40°C to +85°C (-40F to 185F) IEC 60068-2-14 Altitude: Up to 13,800 feet (4,200 
199382	IE3400H-NW-A=	switches	license	non-hardware	rfc_compliance	08a17028631b331a	Cisco Catalyst IE3400 Heavy Duty Series Data Sheet - Cisco	RFC 768: UDP RFC 783: TFTP RFC 791: IPv4 protocol RFC 792: ICMP RFC 793: TCP RFC
205970	IE3400H-NW-A=	switches	license	non-hardware	certifications	08a17028631b331a	Cisco Catalyst IE3400 Heavy Duty Series Data Sheet - Cisco	EN 61000-6-1 Immunity standards for light industrial ENV EN 61000-6-2 Immunity s
205062	L-ISA3000T-AMP-3Y	security	license	non-hardware	supported_protocols	ebce9a0dbe4b1ace	Cisco Secure Firewall ISA3000 Data Sheet - Cisco	● IPv4 static routing ● Dynamic routing (Routing Information Protocol [RIP], Enh
196402	L-ISA3000T-AMP-3Y	security	license	non-hardware	rfc_compliance	ebce9a0dbe4b1ace	Cisco Secure Firewall ISA3000 Data Sheet - Cisco	● RFC 768: User Datagram Protocol (UDP) ● RFC 783: Trivial FTP (TFTP) ● RFC 791:
199013	L-ISA3000T-AMP-3Y	security	license	non-hardware	ieee_standards	ebce9a0dbe4b1ace	Cisco Secure Firewall ISA3000 Data Sheet - Cisco	● IEEE 802.1D MAC Bridges, Spanning Tree Protocol (STP) ● IEEE 802.1p Layer2 cla
116079	SF-NCS1K4-R720LK9	optical-networking	software	non-hardware	temp_storage	1a1ab3e54571da24	Cisco Network Convergence System 1004 L-Band Transponder Line Card Data Sheet - Cisco	-28°C to 70°C (-20°F to 158°F)
116078	SF-NCS1K4-R720LK9	optical-networking	software	non-hardware	regions_supported	1a1ab3e54571da24	Cisco Network Convergence System 1004 L-Band Transponder Line Card Data Sheet - Cisco	● European Union ● Africa ● CSI ● Australia ● New Zealand ● China ● Korea ● Indi
116080	SF-NCS1K4-R720LK9	optical-networking	software	non-hardware	humidity_operating	1a1ab3e54571da24	Cisco Network Convergence System 1004 L-Band Transponder Line Card Data Sheet - Cisco	● 5% to 85%, noncondensing ● 5% to 90% but not to exceed 0.024 kg water/kg of dr
116081	SF-NCS1K4-R720LK9	optical-networking	software	non-hardware	laser_safety_class	1a1ab3e54571da24	Cisco Network Convergence System 1004 L-Band Transponder Line Card Data Sheet - Cisco	1
146283	SF-NCS1K4-R720LK9	optical-networking	software	non-hardware	optical_pm	1a1ab3e54571da24	Cisco Network Convergence System 1004 L-Band Transponder Line Card Data Sheet - Cisco	Transmitter optical power ; Transmitter laser bias current ; Receiver optical po
146282	SF-NCS1K4-R720LK9	optical-networking	software	non-hardware	certifications	1a1ab3e54571da24	Cisco Network Convergence System 1004 L-Band Transponder Line Card Data Sheet - Cisco	● IEC 60950-1 Information technology equipment Safety Part 1: General requiremen
198957	CD-3750G-48EMI=	switches	software	non-hardware	ieee_standards	e9c4b3e3d162af12	Cisco Catalyst 3750 Series Switches Data Sheet - Cisco	● IEEE 802.1s ● IEEE 802.1w ● IEEE 802.1x ● IEEE 802.3ad ● IEEE 802.3af ● IEEE 8
206818	CD-3750G-48EMI=	switches	software	non-hardware	certifications	e9c4b3e3d162af12	Cisco Catalyst 3750 Series Switches Data Sheet - Cisco	● UL to UL 60950, Third Edition ● C-UL to CAN/CSA C22.2 No. 60950-00, Third Edit
103164	N6KUK9-700N1.1	switches	software	non-hardware	emc_emissions	df62c7424eff7d1f	Cisco Nexus 6001 Switch Data Sheet - Cisco	● 47CFR Part 15 (CFR 47) Class A ● AS/NZS CISPR22 Class A ● CISPR22 Class A ● EN
103165	N6KUK9-700N1.1	switches	software	non-hardware	emc_immunity	df62c7424eff7d1f	Cisco Nexus 6001 Switch Data Sheet - Cisco	● EN55024 ● CISPR24 ● EN300386 ● KN 61000-4 series
197448	LIC-CT2504-5A	wireless	license	non-hardware	supported_protocols	b1af204fcb361dd1	Cisco 2500 Series Wireless Controllers Data Sheet - Cisco	● IEEE 802.1X ● RFC 2548 Microsoft Vendor-Specific RADIUS Attributes ● RFC 2716 
99582	LIC-CT2504-5A	wireless	license	non-hardware	programming_interfaces	b1af204fcb361dd1	Cisco 2500 Series Wireless Controllers Data Sheet - Cisco	● Designed for use with Cisco Wireless Control System ● Web-based: HTTP/HTTPS in
99583	LIC-CT2504-5A	wireless	license	non-hardware	encryption	b1af204fcb361dd1	Cisco 2500 Series Wireless Controllers Data Sheet - Cisco	● WEP and Temporal Key Integrity Protocol-Message Integrity Check (TKIP-MIC): RC
144433	M9124V-PL8	storage-networking	license	non-hardware	supported_protocols	b1c4eb1b17106929	MDS 9124V 64-Gbps 24-Port Fibre Channel Switch Data Sheet - Cisco	● Fibre Channel standards ● FC-PI-6 (INCITS 512-2015) ● FC-PI-7 (INCITS 543-2019
144434	M9124V-PL8	storage-networking	license	non-hardware	diagnostics	b1c4eb1b17106929	MDS 9124V 64-Gbps 24-Port Fibre Channel Switch Data Sheet - Cisco	● Power-On-Self-Test (POST) diagnostics ● Online Health Management System (OHMS)
144435	M9124V-PL8	storage-networking	license	non-hardware	programming_interfaces	b1c4eb1b17106929	MDS 9124V 64-Gbps 24-Port Fibre Channel Switch Data Sheet - Cisco	● Scriptable CLI ● Cisco DCNM/NDFC web services API ● NX-API HTTP/HTTPS interfac
144437	M9124V-PL8	storage-networking	license	non-hardware	fabric_services	b1c4eb1b17106929	MDS 9124V 64-Gbps 24-Port Fibre Channel Switch Data Sheet - Cisco	● Name server ● Registered State Change Notification (RSCN) ● Login services ● F
100138	M9124V-PL8	storage-networking	license	non-hardware	temp_operating	b1c4eb1b17106929	MDS 9124V 64-Gbps 24-Port Fibre Channel Switch Data Sheet - Cisco	● Temperature, ambient operating: ◦ 32 to 104°F (0 to 40°C) with port-side exhau
144436	M9124V-PL8	storage-networking	license	non-hardware	certifications	b1c4eb1b17106929	MDS 9124V 64-Gbps 24-Port Fibre Channel Switch Data Sheet - Cisco	● Safety compliance ● CE Marking ● UL 60950 ● CAN/CSA-C22.2 No. 60950 ● EN 60950
144468	M91VXK9-A-5Y-OSM	storage-networking	license	non-hardware	supported_protocols	b1c4eb1b17106929	MDS 9124V 64-Gbps 24-Port Fibre Channel Switch Data Sheet - Cisco	● Fibre Channel standards ● FC-PI-6 (INCITS 512-2015) ● FC-PI-7 (INCITS 543-2019
144469	M91VXK9-A-5Y-OSM	storage-networking	license	non-hardware	diagnostics	b1c4eb1b17106929	MDS 9124V 64-Gbps 24-Port Fibre Channel Switch Data Sheet - Cisco	● Power-On-Self-Test (POST) diagnostics ● Online Health Management System (OHMS)
144470	M91VXK9-A-5Y-OSM	storage-networking	license	non-hardware	programming_interfaces	b1c4eb1b17106929	MDS 9124V 64-Gbps 24-Port Fibre Channel Switch Data Sheet - Cisco	● Scriptable CLI ● Cisco DCNM/NDFC web services API ● NX-API HTTP/HTTPS interfac
144471	M91VXK9-A-5Y-OSM	storage-networking	license	non-hardware	certifications	b1c4eb1b17106929	MDS 9124V 64-Gbps 24-Port Fibre Channel Switch Data Sheet - Cisco	● Safety compliance ● CE Marking ● UL 60950 ● CAN/CSA-C22.2 No. 60950 ● EN 60950
144472	M91VXK9-A-5Y-OSM	storage-networking	license	non-hardware	fabric_services	b1c4eb1b17106929	MDS 9124V 64-Gbps 24-Port Fibre Channel Switch Data Sheet - Cisco	● Name server ● Registered State Change Notification (RSCN) ● Login services ● F
100109	M91VXK9-A-5Y-OSM	storage-networking	license	non-hardware	temp_operating	b1c4eb1b17106929	MDS 9124V 64-Gbps 24-Port Fibre Channel Switch Data Sheet - Cisco	● Temperature, ambient operating: ◦ 32 to 104°F (0 to 40°C) with port-side exhau
144478	M91VXK9-P-1Y	storage-networking	license	non-hardware	supported_protocols	b1c4eb1b17106929	MDS 9124V 64-Gbps 24-Port Fibre Channel Switch Data Sheet - Cisco	● Fibre Channel standards ● FC-PI-6 (INCITS 512-2015) ● FC-PI-7 (INCITS 543-2019
144479	M91VXK9-P-1Y	storage-networking	license	non-hardware	diagnostics	b1c4eb1b17106929	MDS 9124V 64-Gbps 24-Port Fibre Channel Switch Data Sheet - Cisco	● Power-On-Self-Test (POST) diagnostics ● Online Health Management System (OHMS)
144480	M91VXK9-P-1Y	storage-networking	license	non-hardware	programming_interfaces	b1c4eb1b17106929	MDS 9124V 64-Gbps 24-Port Fibre Channel Switch Data Sheet - Cisco	● Scriptable CLI ● Cisco DCNM/NDFC web services API ● NX-API HTTP/HTTPS interfac
144481	M91VXK9-P-1Y	storage-networking	license	non-hardware	certifications	b1c4eb1b17106929	MDS 9124V 64-Gbps 24-Port Fibre Channel Switch Data Sheet - Cisco	● Safety compliance ● CE Marking ● UL 60950 ● CAN/CSA-C22.2 No. 60950 ● EN 60950
144482	M91VXK9-P-1Y	storage-networking	license	non-hardware	fabric_services	b1c4eb1b17106929	MDS 9124V 64-Gbps 24-Port Fibre Channel Switch Data Sheet - Cisco	● Name server ● Registered State Change Notification (RSCN) ● Login services ● F
100172	M91VXK9-P-1Y	storage-networking	license	non-hardware	temp_operating	b1c4eb1b17106929	MDS 9124V 64-Gbps 24-Port Fibre Channel Switch Data Sheet - Cisco	● Temperature, ambient operating: ◦ 32 to 104°F (0 to 40°C) with port-side exhau
204328	NC55-L3VPN-LIC	routers	license	non-hardware	supported_protocols	e2b64cc81b6f40f6	Cisco Network Convergence System 5500 Series: Modular Line Cards NC55-24H12F-SE Data Sheet	● Layer 2 switch ports ● IEEE 802.1Q VLAN encapsulation/Q-in-Q encapsulation ● I
144832	NC55-L3VPN-LIC	routers	license	non-hardware	programming_interfaces	e2b64cc81b6f40f6	Cisco Network Convergence System 5500 Series: Modular Line Cards NC55-24H12F-SE Data Sheet	● Zero-Touch Provisioning (ZTP), iPXE ● Configuration management ● Network Confi
144834	NC55-L3VPN-LIC	routers	license	non-hardware	emc_immunity	e2b64cc81b6f40f6	Cisco Network Convergence System 5500 Series: Modular Line Cards NC55-24H12F-SE Data Sheet	● EN55024 ● CISPR24 ● EN300386 ● KN 61000-4 series
142065	NC55-L3VPN-LIC	routers	license	non-hardware	qos_features	e2b64cc81b6f40f6	Cisco Network Convergence System 5500 Series: Modular Line Cards NC55-24H12F-SE Data Sheet	● Quality of Service (QoS) ● Ingress classification based on class of service (L
104828	NC55-L3VPN-LIC	routers	license	non-hardware	segment_routing_features	e2b64cc81b6f40f6	Cisco Network Convergence System 5500 Series: Modular Line Cards NC55-24H12F-SE Data Sheet	● Segment routing–based transport ● ISIS extensions to segment routing ● OSPF ex
144833	NC55-L3VPN-LIC	routers	license	non-hardware	certifications	e2b64cc81b6f40f6	Cisco Network Convergence System 5500 Series: Modular Line Cards NC55-24H12F-SE Data Sheet	Designed to meet GR-63-CORE and GR-1089-CORE ; ● 47CFR Part 15 (CFR 47) Class A 
104504	NC55-100G-LIC	routers	license	non-hardware	segment_routing_features	d27dc68a8df5f0ac	Cisco Network Convergence System 5500 Series: Modular Line Cards NC55-18H18F Data Sheet - 	● Segment routing–based transport ● ISIS extensions to segment routing ● OSPF ex
142035	NC55-100G-LIC	routers	license	non-hardware	qos_features	d27dc68a8df5f0ac	Cisco Network Convergence System 5500 Series: Modular Line Cards NC55-18H18F Data Sheet - 	● Quality of Service (QoS) ● Ingress classification based on class of service (L
204688	NC55-100G-LIC	routers	license	non-hardware	supported_protocols	d27dc68a8df5f0ac	Cisco Network Convergence System 5500 Series: Modular Line Cards NC55-18H18F Data Sheet - 	● Layer 2 switch ports ● IEEE 802.1Q VLAN encapsulation/Q-in-Q encapsulation ● I
152463	NC55-100G-LIC	routers	license	non-hardware	emc_immunity	d27dc68a8df5f0ac	Cisco Network Convergence System 5500 Series: Modular Line Cards NC55-18H18F Data Sheet - 	● EN55024 ● CISPR24 ● EN300386 ● KN 61000-4 series
152462	NC55-100G-LIC	routers	license	non-hardware	certifications	d27dc68a8df5f0ac	Cisco Network Convergence System 5500 Series: Modular Line Cards NC55-18H18F Data Sheet - 	Designed to meet GR-63-CORE and GR-1089-CORE ; ● 47CFR Part 15 (CFR 47) Class A 
152461	NC55-100G-LIC	routers	license	non-hardware	programming_interfaces	d27dc68a8df5f0ac	Cisco Network Convergence System 5500 Series: Modular Line Cards NC55-18H18F Data Sheet - 	● Zero-Touch Provisioning (ZTP), iPXE ● Configuration management ● Network Confi
100837	M97XK9-P-1Y	storage-networking	license	non-hardware	fabric_services	61bd6bf87846eebe	Cisco MDS 9706 Multilayer Director Data Sheet - Cisco	● Name server ● Registered State Change Notification (RSCN) ● Login services ● F
73728	ADV-100G-RTU-1	ios-nx-os-software	license	(no axis)	temp_operating	e33a8f229661109d	Cisco Network Convergence System 5500 Series: 48 x 1/10/25G Line Card Data Sheet - Cisco	32 to 104°F (0 to 40°C)
73730	ADV-100G-RTU-1	ios-nx-os-software	license	(no axis)	humidity_operating	e33a8f229661109d	Cisco Network Convergence System 5500 Series: 48 x 1/10/25G Line Card Data Sheet - Cisco	5% to 95% (noncondensing) Note: Not to exceed 0.024 kg water or dry air
73726	ADV-100G-RTU-1	ios-nx-os-software	license	(no axis)	dram	10f44aa4d91b0c5d	Cisco Network Convergence System 5500 Series: Dense 25G Fixed Chassis Data Sheet - Cisco	32 GB
73727	ADV-100G-RTU-1	ios-nx-os-software	license	(no axis)	emc_emissions	10f44aa4d91b0c5d	Cisco Network Convergence System 5500 Series: Dense 25G Fixed Chassis Data Sheet - Cisco	● 47CFR Part 15 (CFR 47) Class A ● AS/NZS CISPR22 Class A ● CISPR22 Class A ● EN
131354	ADV-100G-RTU-1	ios-nx-os-software	license	(no axis)	altitude_max	92b1ee16755274c1	Cisco Network Convergence System 5500 Series: NCS-55A1-24Q6H-S and NCS-55A1-24Q6H-SS Fixed	0 to 9842 ft (0 to 3000 m)
196409	L-ISA3000T-TMC-3Y	security	license	non-hardware	rfc_compliance	ebce9a0dbe4b1ace	Cisco Secure Firewall ISA3000 Data Sheet - Cisco	● RFC 768: User Datagram Protocol (UDP) ● RFC 783: Trivial FTP (TFTP) ● RFC 791:
205069	L-ISA3000T-TMC-3Y	security	license	non-hardware	supported_protocols	ebce9a0dbe4b1ace	Cisco Secure Firewall ISA3000 Data Sheet - Cisco	● IPv4 static routing ● Dynamic routing (Routing Information Protocol [RIP], Enh
199020	L-ISA3000T-TMC-3Y	security	license	non-hardware	ieee_standards	ebce9a0dbe4b1ace	Cisco Secure Firewall ISA3000 Data Sheet - Cisco	● IEEE 802.1D MAC Bridges, Spanning Tree Protocol (STP) ● IEEE 802.1p Layer2 cla
145024	M9500EXT14K9=	storage-networking	license	non-hardware	fabric_services	62c99820b328a814	Cisco MDS 9500 Series Supervisor-2 Module - Cisco	• Name server • Registered State Change Notification (RSCN) • Login services • F
145025	M9500EXT14K9=	storage-networking	license	non-hardware	programming_interfaces	62c99820b328a814	Cisco MDS 9500 Series Supervisor-2 Module - Cisco	• Scriptable CLI • Fabric Manager GUI • Device Manager GUI
197855	M9500EXT14K9=	storage-networking	license	non-hardware	supported_protocols	62c99820b328a814	Cisco MDS 9500 Series Supervisor-2 Module - Cisco	• Fibre Channel standards · FC-PH, Revision 4.3 (ANSI/INCITS 230-1994) · FC-PH, 
206525	M9500EXT14K9=	storage-networking	license	non-hardware	certifications	62c99820b328a814	Cisco MDS 9500 Series Supervisor-2 Module - Cisco	• Safety compliance · CE marking · UL 60950 · CAN/CSA-C22.2 No. 60950 · EN 60950
203878	S-A9K-MOBILE-LIC	routers	license	non-hardware	ieee_standards	2b56b0b7c4e8c61a	Cisco ASR 9903 Compact High-Performance Router Data Sheet - Cisco	● 10 Gbps IEEE 802.3ae compliant ● 40/100-Gbps IEEE 802.3ba compliant ● 100 Giga
142684	S-A9K-MOBILE-LIC	routers	license	non-hardware	humidity_storage	2b56b0b7c4e8c61a	Cisco ASR 9903 Compact High-Performance Router Data Sheet - Cisco	5 to 95% Note: Not to exceed 0.024 kg of water per kg of dry air
145501	S-A9K-MOBILE-LIC	routers	license	non-hardware	altitude_max	2b56b0b7c4e8c61a	Cisco ASR 9903 Compact High-Performance Router Data Sheet - Cisco	–60 to 1800 m
115224	S-A9K-MOBILE-LIC	routers	license	non-hardware	temp_operating	2b56b0b7c4e8c61a	Cisco ASR 9903 Compact High-Performance Router Data Sheet - Cisco	41 to 104°F (5 to 40°C) Note: Limitations may apply when using high-power optics
115220	S-A9K-MOBILE-LIC	routers	license	non-hardware	humidity_operating	b8b4ec84e4a93e32	Cisco ASR 9901 Router Data Sheet - Cisco	10 to 85%
115225	S-A9K-MOBILE-LIC	routers	license	non-hardware	supported_protocols	2b56b0b7c4e8c61a	Cisco ASR 9903 Compact High-Performance Router Data Sheet - Cisco	NetFlow, IEEE 802.1ag, IEEE 802.3ah, ITU Y.1731, IP Service-Level Agreement (IP 
115222	S-A9K-MOBILE-LIC	routers	license	non-hardware	temp_storage	b8b4ec84e4a93e32	Cisco ASR 9901 Router Data Sheet - Cisco	-40 to 158°F (-40 to 70°C)
206569	S-A9K-MOBILE-LIC	routers	license	non-hardware	certifications	b8b4ec84e4a93e32	Cisco ASR 9901 Router Data Sheet - Cisco	Cisco ASR 9901 is designed to meet: ● SR-3580: NEBS Criteria Levels (Level 3) ● 
205583	C3560CX-DNA-A-8=	switches	license	non-hardware	certifications	9bc7de771f909454	Cisco Catalyst 3560-CX and 2960-CX Series Compact Switches Data Sheet - Cisco	● UL 60950-1 ● CAN/CSA 22.2 No. 60950-1 ● EN 60950-1 ● IEC 60950-1 ● CE Marking 
205067	L-ISA3000T-TC-1Y	security	license	non-hardware	supported_protocols	ebce9a0dbe4b1ace	Cisco Secure Firewall ISA3000 Data Sheet - Cisco	● IPv4 static routing ● Dynamic routing (Routing Information Protocol [RIP], Enh
199018	L-ISA3000T-TC-1Y	security	license	non-hardware	ieee_standards	ebce9a0dbe4b1ace	Cisco Secure Firewall ISA3000 Data Sheet - Cisco	● IEEE 802.1D MAC Bridges, Spanning Tree Protocol (STP) ● IEEE 802.1p Layer2 cla
196407	L-ISA3000T-TC-1Y	security	license	non-hardware	rfc_compliance	ebce9a0dbe4b1ace	Cisco Secure Firewall ISA3000 Data Sheet - Cisco	● RFC 768: User Datagram Protocol (UDP) ● RFC 783: Trivial FTP (TFTP) ● RFC 791:
204008	S340XA-12244EY	switches	software	non-hardware	ieee_standards	52ae06cf3a1eae4a	Cisco ME 3400E Series Ethernet Access Switches Data Sheet - Cisco	● IEEE 802.1s ● IEEE 802.1w ● IEEE 802.1x ● IEEE 802.3ad ● IEEE 802.3ah ● IEEE 8
140590	A9K-200G-AIP-TR	routers	license	non-hardware	humidity_storage	632e9bc4f7295fbe	Cisco ASR 9000 Series 400G and 200G Modular Line Cards Data Sheet - Cisco	5 to 95% Note: Not to exceed 0.024 kg of water per kg of dry air
72832	A9K-200G-AIP-TR	routers	license	non-hardware	humidity_operating	632e9bc4f7295fbe	Cisco ASR 9000 Series 400G and 200G Modular Line Cards Data Sheet - Cisco	10 to 85%
72833	A9K-200G-AIP-TR	routers	license	non-hardware	temp_storage	632e9bc4f7295fbe	Cisco ASR 9000 Series 400G and 200G Modular Line Cards Data Sheet - Cisco	-40 to 158°F (-40 to 70°C)
144648	A9K-200G-AIP-TR	routers	license	non-hardware	etsi_standards	632e9bc4f7295fbe	Cisco ASR 9000 Series 400G and 200G Modular Line Cards Data Sheet - Cisco	Cisco ASR 9000 Series Routers are designed to meet: ● EN300 386: Telecommunicati
144647	A9K-200G-AIP-TR	routers	license	non-hardware	temp_operating	632e9bc4f7295fbe	Cisco ASR 9000 Series 400G and 200G Modular Line Cards Data Sheet - Cisco	23 to 131°F (-5 to 55°C)
130488	A9K-200G-AIP-TR	routers	license	non-hardware	altitude_max	632e9bc4f7295fbe	Cisco ASR 9000 Series 400G and 200G Modular Line Cards Data Sheet - Cisco	-60 to 4000m (up to 2000m conforms to IEC, EN, UL, and CSA 60950 requirements)
204036	A9K-200G-AIP-TR	routers	license	non-hardware	ieee_standards	632e9bc4f7295fbe	Cisco ASR 9000 Series 400G and 200G Modular Line Cards Data Sheet - Cisco	● IEEE 802.3 compliant ● 10 Gigabit Ethernet PHY monitoring ● IEEE 802.x flow co
206454	A9K-200G-AIP-TR	routers	license	non-hardware	certifications	632e9bc4f7295fbe	Cisco ASR 9000 Series 400G and 200G Modular Line Cards Data Sheet - Cisco	Cisco ASR 9000 Series Routers are designed to meet: ● SR-3580: NEBS Criteria Lev
91805	FL-C810-WAASX	routers	license	non-hardware	temp_operating	561c0f07d63e8571	Cisco 812 CiFi Integrated Services Routers (3G-3.7G Cellular and Wi-Fi) Data Sheet - Cisco	All Cisco 812G models: -13 to 140 F ( -25 to 60 C) IP 20 per IEC 60529
91807	FL-C810-WAASX	routers	license	non-hardware	humidity_operating	561c0f07d63e8571	Cisco 812 CiFi Integrated Services Routers (3G-3.7G Cellular and Wi-Fi) Data Sheet - Cisco	Maximum 85% non-condensing RH
153784	FL-C810-WAASX	routers	license	non-hardware	certifications	561c0f07d63e8571	Cisco 812 CiFi Integrated Services Routers (3G-3.7G Cellular and Wi-Fi) Data Sheet - Cisco	● UL 60950-1, 2nd edition ● CAN/CSA C22.2 No. 60950-1, 2nd edition ● EN 60950-1,
153785	FL-C810-WAASX	routers	license	non-hardware	emc_emissions	561c0f07d63e8571	Cisco 812 CiFi Integrated Services Routers (3G-3.7G Cellular and Wi-Fi) Data Sheet - Cisco	EN55022/CISPR22, CFR 47 Part 15, ICES003, VCCI-V-3, AS/NZS CISPR22, CNS13438, EN
207936	FL-C810-WAASX	routers	license	non-hardware	supported_protocols	561c0f07d63e8571	Cisco 812 CiFi Integrated Services Routers (3G-3.7G Cellular and Wi-Fi) Data Sheet - Cisco	● IPv6 addressing architecture ● IPv6 name resolution ● IPv6 statistics ● IPv6 t
91808	FL-C810-WAASX	routers	license	non-hardware	altitude_max	eeedf4783e30b825	Cisco 819 Integrated Services Routers with 3G and Wi-Fi Data Sheet - Cisco	Above 5000 ft derate maximum operating temperature 1.50C per 1000 feet Maximum a
153782	FL-C810-WAASX	routers	license	non-hardware	qos_features	561c0f07d63e8571	Cisco 812 CiFi Integrated Services Routers (3G-3.7G Cellular and Wi-Fi) Data Sheet - Cisco	● Provides traffic precedence to delay-sensitive or prioritized applications. ● 
153786	FL-C810-WAASX	routers	license	non-hardware	emc_immunity	561c0f07d63e8571	Cisco 812 CiFi Integrated Services Routers (3G-3.7G Cellular and Wi-Fi) Data Sheet - Cisco	EN55024/CISPR24, (EN61000-4-2, EN61000-4-3, EN61000-4-4, EN61000-4-5, EN61000-4-
91803	FL-C810-WAASX	routers	license	non-hardware	programming_interfaces	561c0f07d63e8571	Cisco 812 CiFi Integrated Services Routers (3G-3.7G Cellular and Wi-Fi) Data Sheet - Cisco	Cisco IOS Software CLI
145958	M9500SSE184K9=	storage-networking	license	non-hardware	diagnostics	21031fae4600573e	Cisco MDS 9509 Multilayer Director Data Sheet - Cisco	● Power-on-self-test (POST) diagnostics ● Online diagnostics ● Internal port loo
145959	M9500SSE184K9=	storage-networking	license	non-hardware	programming_interfaces	21031fae4600573e	Cisco MDS 9509 Multilayer Director Data Sheet - Cisco	● Scriptable CLI ● Data Center Network Manager web services API ● Device Manager
145957	M9500SSE184K9=	storage-networking	license	non-hardware	fabric_services	21031fae4600573e	Cisco MDS 9509 Multilayer Director Data Sheet - Cisco	● Name server ● Registered State Change Notification (RSCN) ● Login services ● F
145956	M9500SSE184K9=	storage-networking	license	non-hardware	supported_protocols	21031fae4600573e	Cisco MDS 9509 Multilayer Director Data Sheet - Cisco	● Fibre Channel standards ◦ FC-PH, Revision 4.3 (ANSI INCITS 230-1994) ◦ FC-PH, 
145960	M9500SSE184K9=	storage-networking	license	non-hardware	certifications	21031fae4600573e	Cisco MDS 9509 Multilayer Director Data Sheet - Cisco	● Safety compliance ◦ CE Marking ◦ UL 60950 ◦ CAN/CSA-C22.2 No. 60950 ◦ EN 60950
99166	L-NCS2K-SMR-FS	optical-networking	license	non-hardware	humidity_operating	56937684986728c2	Cisco NCS 2000 Flex Spectrum Single Module ROADM Line Cards Data Sheet - Cisco	5 to 95%
99167	L-NCS2K-SMR-FS	optical-networking	license	non-hardware	regions_supported	56937684986728c2	Cisco NCS 2000 Flex Spectrum Single Module ROADM Line Cards Data Sheet - Cisco	● European Union ● Africa ● CSI ● Australia ● New Zealand ● China ● Korea ● Indi
99168	L-NCS2K-SMR-FS	optical-networking	license	non-hardware	temp_operating	56937684986728c2	Cisco NCS 2000 Flex Spectrum Single Module ROADM Line Cards Data Sheet - Cisco	23 to 131°F (-5 to 55°C)
99169	L-NCS2K-SMR-FS	optical-networking	license	non-hardware	emc_emissions	56937684986728c2	Cisco NCS 2000 Flex Spectrum Single Module ROADM Line Cards Data Sheet - Cisco	● ETSI EN 300 386 V1.4.1 (2008-04) Telecommunication network equipment EMC requi
205074	L-ISA3000-TM-5Y	security	license	non-hardware	supported_protocols	ebce9a0dbe4b1ace	Cisco Secure Firewall ISA3000 Data Sheet - Cisco	● IPv4 static routing ● Dynamic routing (Routing Information Protocol [RIP], Enh
196414	L-ISA3000-TM-5Y	security	license	non-hardware	rfc_compliance	ebce9a0dbe4b1ace	Cisco Secure Firewall ISA3000 Data Sheet - Cisco	● RFC 768: User Datagram Protocol (UDP) ● RFC 783: Trivial FTP (TFTP) ● RFC 791:
199025	L-ISA3000-TM-5Y	security	license	non-hardware	ieee_standards	ebce9a0dbe4b1ace	Cisco Secure Firewall ISA3000 Data Sheet - Cisco	● IEEE 802.1D MAC Bridges, Spanning Tree Protocol (STP) ● IEEE 802.1p Layer2 cla
205044	L-DS384-SWLIC=	video	license	non-hardware	supported_protocols	407cb5b0246dcf3d	Cisco RF Gateway Downstream 384 Universal Edge QAM Line Card Data Sheet - Cisco	● IP multicast routing protocols: Protocol Independent Multicast (PIM), includin
99066	L-M97FIC1K9=	storage-networking	license	non-hardware	fabric_services	52e4eaf997c5a20b	Cisco MDS 9700 Series Supervisor 1E Data Sheet - Cisco	● Name server ● Registered State Change Notification (RSCN) ● Login services ● F
197440	L-M97FIC1K9=	storage-networking	license	non-hardware	supported_protocols	52e4eaf997c5a20b	Cisco MDS 9700 Series Supervisor 1E Data Sheet - Cisco	● Fibre Channel standards ● FC-PH, Revision 4.3 (ANSI INCITS 230-1994) ● FC-PH, 
205043	L-DS384	video	license	non-hardware	supported_protocols	407cb5b0246dcf3d	Cisco RF Gateway Downstream 384 Universal Edge QAM Line Card Data Sheet - Cisco	● IP multicast routing protocols: Protocol Independent Multicast (PIM), includin
205046	L-ISA3000SEC+-K9	security	license	non-hardware	supported_protocols	ebce9a0dbe4b1ace	Cisco Secure Firewall ISA3000 Data Sheet - Cisco	● IPv4 static routing ● Dynamic routing (Routing Information Protocol [RIP], Enh
198997	L-ISA3000SEC+-K9	security	license	non-hardware	ieee_standards	ebce9a0dbe4b1ace	Cisco Secure Firewall ISA3000 Data Sheet - Cisco	● IEEE 802.1D MAC Bridges, Spanning Tree Protocol (STP) ● IEEE 802.1p Layer2 cla
196386	L-ISA3000SEC+-K9	security	license	non-hardware	rfc_compliance	ebce9a0dbe4b1ace	Cisco Secure Firewall ISA3000 Data Sheet - Cisco	● RFC 768: User Datagram Protocol (UDP) ● RFC 783: Trivial FTP (TFTP) ● RFC 791:
141541	IE3400-DNA-A	switches	license	non-hardware	qos_features	2ea8fc17200677fa	Cisco Catalyst IE3400 Rugged Series Data Sheet - Cisco	Ingress policing, rate limit, egress queuing/shaping, auto QoS
96319	IE3400-DNA-A	switches	license	non-hardware	programming_interfaces	2ea8fc17200677fa	Cisco Catalyst IE3400 Rugged Series Data Sheet - Cisco	YANG, NETCONF, RESTCONF
96321	IE3400-DNA-A	switches	license	non-hardware	humidity_operating	2ea8fc17200677fa	Cisco Catalyst IE3400 Rugged Series Data Sheet - Cisco	Relative humidity of 5% to 95% non-condensing IEC 60068-2-78 IEC 60068-2-30
96325	IE3400-DNA-A	switches	license	non-hardware	temp_operating	2ea8fc17200677fa	Cisco Catalyst IE3400 Rugged Series Data Sheet - Cisco	Operating temperature: -40°C to +70°C (40 LFM vented enclosure) -40°C to +60°C (
96326	IE3400-DNA-A	switches	license	non-hardware	temp_storage	2ea8fc17200677fa	Cisco Catalyst IE3400 Rugged Series Data Sheet - Cisco	Temperature: - 40°C to +85°C Altitude: 15,000 feet IEC 60068-2-14
96327	IE3400-DNA-A	switches	license	non-hardware	shock	2ea8fc17200677fa	Cisco Catalyst IE3400 Rugged Series Data Sheet - Cisco	IEC 60068-2-27 (operational shock, 50G, 3ms, half sine) IEC 60068-2-27 (non-oper
197446	LIC-CT2504-UPG	wireless	license	non-hardware	supported_protocols	b1af204fcb361dd1	Cisco 2500 Series Wireless Controllers Data Sheet - Cisco	● IEEE 802.1X ● RFC 2548 Microsoft Vendor-Specific RADIUS Attributes ● RFC 2716 
99557	LIC-CT2504-UPG	wireless	license	non-hardware	programming_interfaces	b1af204fcb361dd1	Cisco 2500 Series Wireless Controllers Data Sheet - Cisco	● Designed for use with Cisco Wireless Control System ● Web-based: HTTP/HTTPS in
99558	LIC-CT2504-UPG	wireless	license	non-hardware	encryption	b1af204fcb361dd1	Cisco 2500 Series Wireless Controllers Data Sheet - Cisco	● WEP and Temporal Key Integrity Protocol-Message Integrity Check (TKIP-MIC): RC
145813	DCNM-SAN-M95-K9	storage-networking	software	non-hardware	diagnostics	21031fae4600573e	Cisco MDS 9509 Multilayer Director Data Sheet - Cisco	● Power-on-self-test (POST) diagnostics ● Online diagnostics ● Internal port loo
145812	DCNM-SAN-M95-K9	storage-networking	software	non-hardware	fabric_services	21031fae4600573e	Cisco MDS 9509 Multilayer Director Data Sheet - Cisco	● Name server ● Registered State Change Notification (RSCN) ● Login services ● F
145811	DCNM-SAN-M95-K9	storage-networking	software	non-hardware	supported_protocols	21031fae4600573e	Cisco MDS 9509 Multilayer Director Data Sheet - Cisco	● Fibre Channel standards ◦ FC-PH, Revision 4.3 (ANSI INCITS 230-1994) ◦ FC-PH, 
145814	DCNM-SAN-M95-K9	storage-networking	software	non-hardware	programming_interfaces	21031fae4600573e	Cisco MDS 9509 Multilayer Director Data Sheet - Cisco	● Scriptable CLI ● Data Center Network Manager web services API ● Device Manager
145815	DCNM-SAN-M95-K9	storage-networking	software	non-hardware	certifications	21031fae4600573e	Cisco MDS 9509 Multilayer Director Data Sheet - Cisco	● Safety compliance ◦ CE Marking ◦ UL 60950 ◦ CAN/CSA-C22.2 No. 60950 ◦ EN 60950
147647	S-CFP2-WDM-LIC=	optical-networking	license	non-hardware	emc_emissions	7ec8ef38de098198	Cisco NCS 4000 400 Gbps DWDM/OTN/Packet Universal Line Card Data Sheet - Cisco	● ETSI EN 300 386 V1.4.1 (2008-04) Telecommunication network equipment EMC requi
147649	S-CFP2-WDM-LIC=	optical-networking	license	non-hardware	optical_pm	7ec8ef38de098198	Cisco NCS 4000 400 Gbps DWDM/OTN/Packet Universal Line Card Data Sheet - Cisco	Transmitter optical power ; Transmitter laser bias current ; Receiver optical po
150844	S-CFP2-WDM-LIC=	optical-networking	license	non-hardware	supported_protocols	7c17829d2a8a1cff	Cisco Network Convergence System 4000 Series Data Sheet - Cisco	Control plane: ● Simple Network Management Protocol (SNMP) ● Programmatic interf
147648	S-CFP2-WDM-LIC=	optical-networking	license	non-hardware	certifications	7ec8ef38de098198	Cisco NCS 4000 400 Gbps DWDM/OTN/Packet Universal Line Card Data Sheet - Cisco	● ETS 300-019-2-1 V2.1.2 (Storage, Class 1.1) ● ETS 300-019-2-2 V2.1.2 (1999-09)
150845	S-CFP2-WDM-LIC=	optical-networking	license	non-hardware	emc_immunity	7c17829d2a8a1cff	Cisco Network Convergence System 4000 Series Data Sheet - Cisco	● IEC/EN-61000-4-2: Electrostatic Discharge Immunity ● IEC/EN-61000-4-3: Radiate
150846	S-CFP2-WDM-LIC=	optical-networking	license	non-hardware	etsi_standards	7c17829d2a8a1cff	Cisco Network Convergence System 4000 Series Data Sheet - Cisco	● EN300 386: Telecommunications Network Equipment (EMC) ● EN55022: Information T
115322	S-CFP2-WDM-LIC=	optical-networking	license	non-hardware	regions_supported	7ec8ef38de098198	Cisco NCS 4000 400 Gbps DWDM/OTN/Packet Universal Line Card Data Sheet - Cisco	● European Union ● Africa ● CSI ● Australia ● New Zealand ● China ● Korea ● Indi
115324	S-CFP2-WDM-LIC=	optical-networking	license	non-hardware	temp_storage	7ec8ef38de098198	Cisco NCS 4000 400 Gbps DWDM/OTN/Packet Universal Line Card Data Sheet - Cisco	-40°C to 70°C (-40°F to 158°F)
115325	S-CFP2-WDM-LIC=	optical-networking	license	non-hardware	humidity_operating	7ec8ef38de098198	Cisco NCS 4000 400 Gbps DWDM/OTN/Packet Universal Line Card Data Sheet - Cisco	5% to 85%, noncondensing 5% to 90% but not to exceed 0.024 kg water/kg of dry ai
140976	C9200-DNX-E-48-5Y	switches	license	non-hardware	humidity_storage	de692de8d2c8f641	Cisco Catalyst 9200 Series Switches Data Sheet - Cisco	5% to 90% noncondensing
78946	C9200-DNX-E-48-5Y	switches	license	non-hardware	temp_operating	de692de8d2c8f641	Cisco Catalyst 9200 Series Switches Data Sheet - Cisco	Normal operating temperature * and altitudes: ● -5°C to +45°C, up to 5000 feet (
78947	C9200-DNX-E-48-5Y	switches	license	non-hardware	temp_storage	de692de8d2c8f641	Cisco Catalyst 9200 Series Switches Data Sheet - Cisco	-40° to 158°F (-40° to 70°C)
205678	C9200-DNX-E-48-5Y	switches	license	non-hardware	certifications	de692de8d2c8f641	Cisco Catalyst 9200 Series Switches Data Sheet - Cisco	● 47 CFR Part 15 ● CISPR 32 Class A ● CNS 13438 ● EN 300 386 * ● EN 55032 Class 
140980	C9200L-DNX-A-48-3Y	switches	license	non-hardware	humidity_storage	de692de8d2c8f641	Cisco Catalyst 9200 Series Switches Data Sheet - Cisco	5% to 90% noncondensing
78970	C9200L-DNX-A-48-3Y	switches	license	non-hardware	temp_operating	de692de8d2c8f641	Cisco Catalyst 9200 Series Switches Data Sheet - Cisco	Normal operating temperature * and altitudes: ● -5°C to +45°C, up to 5000 feet (
78971	C9200L-DNX-A-48-3Y	switches	license	non-hardware	temp_storage	de692de8d2c8f641	Cisco Catalyst 9200 Series Switches Data Sheet - Cisco	-40° to 158°F (-40° to 70°C)
205681	C9200L-DNX-A-48-3Y	switches	license	non-hardware	certifications	de692de8d2c8f641	Cisco Catalyst 9200 Series Switches Data Sheet - Cisco	● 47 CFR Part 15 ● CISPR 32 Class A ● CNS 13438 ● EN 300 386 * ● EN 55032 Class 
140995	C9200L-DNA-E-48-7Y	switches	license	non-hardware	humidity_storage	de692de8d2c8f641	Cisco Catalyst 9200 Series Switches Data Sheet - Cisco	5% to 90% noncondensing
79061	C9200L-DNA-E-48-7Y	switches	license	non-hardware	temp_operating	de692de8d2c8f641	Cisco Catalyst 9200 Series Switches Data Sheet - Cisco	Normal operating temperature * and altitudes: ● -5°C to +45°C, up to 5000 feet (
79062	C9200L-DNA-E-48-7Y	switches	license	non-hardware	temp_storage	de692de8d2c8f641	Cisco Catalyst 9200 Series Switches Data Sheet - Cisco	-40° to 158°F (-40° to 70°C)
205689	C9200L-DNA-E-48-7Y	switches	license	non-hardware	certifications	de692de8d2c8f641	Cisco Catalyst 9200 Series Switches Data Sheet - Cisco	● 47 CFR Part 15 ● CISPR 32 Class A ● CNS 13438 ● EN 300 386 * ● EN 55032 Class 
141022	C9300L-DNA-A-48-5Y	switches	license	non-hardware	humidity_storage	638d72c59601332b	Cisco Catalyst 9300 Series Switches Data Sheet - Cisco	5% to 90% noncondensing
198483	C9300L-DNA-A-48-5Y	switches	license	non-hardware	ieee_standards	638d72c59601332b	Cisco Catalyst 9300 Series Switches Data Sheet - Cisco	IEEE 802.1s IEEE 802.1w IEEE 802.1x IEEE 802.1x-Rev IEEE 802.3ad IEEE 802.3ae IE
79221	C9300L-DNA-A-48-5Y	switches	license	non-hardware	temp_operating	638d72c59601332b	Cisco Catalyst 9300 Series Switches Data Sheet - Cisco	Normal operating temperature * and altitudes: -5°C to +45°C, up to 5000 feet (15
79222	C9300L-DNA-A-48-5Y	switches	license	non-hardware	temp_storage	638d72c59601332b	Cisco Catalyst 9300 Series Switches Data Sheet - Cisco	-40° to 158°F (-40° to 70°C)
141050	C9300-DNX-A-24S-3Y	switches	license	non-hardware	humidity_storage	638d72c59601332b	Cisco Catalyst 9300 Series Switches Data Sheet - Cisco	5% to 90% noncondensing
79387	C9300-DNX-A-24S-3Y	switches	license	non-hardware	temp_operating	638d72c59601332b	Cisco Catalyst 9300 Series Switches Data Sheet - Cisco	Normal operating temperature * and altitudes: -5°C to +45°C, up to 5000 feet (15
79388	C9300-DNX-A-24S-3Y	switches	license	non-hardware	temp_storage	638d72c59601332b	Cisco Catalyst 9300 Series Switches Data Sheet - Cisco	-40° to 158°F (-40° to 70°C)
198489	C9300-DNX-A-24S-3Y	switches	license	non-hardware	ieee_standards	638d72c59601332b	Cisco Catalyst 9300 Series Switches Data Sheet - Cisco	IEEE 802.1s IEEE 802.1w IEEE 802.1x IEEE 802.1x-Rev IEEE 802.3ad IEEE 802.3ae IE
141154	C9200L-DNA-E-24-5Y	switches	license	non-hardware	humidity_storage	de692de8d2c8f641	Cisco Catalyst 9200 Series Switches Data Sheet - Cisco	5% to 90% noncondensing
80042	C9200L-DNA-E-24-5Y	switches	license	non-hardware	temp_operating	de692de8d2c8f641	Cisco Catalyst 9200 Series Switches Data Sheet - Cisco	Normal operating temperature * and altitudes: ● -5°C to +45°C, up to 5000 feet (
80043	C9200L-DNA-E-24-5Y	switches	license	non-hardware	temp_storage	de692de8d2c8f641	Cisco Catalyst 9200 Series Switches Data Sheet - Cisco	-40° to 158°F (-40° to 70°C)
205757	C9200L-DNA-E-24-5Y	switches	license	non-hardware	certifications	de692de8d2c8f641	Cisco Catalyst 9200 Series Switches Data Sheet - Cisco	● 47 CFR Part 15 ● CISPR 32 Class A ● CNS 13438 ● EN 300 386 * ● EN 55032 Class 
141186	C9600-DNX-A-7Y	switches	license	non-hardware	humidity_storage	0a941374bbe508f6	Cisco Catalyst 9600 Series Switches Data Sheet - Cisco	10% to 95%, Non-condensing
130359	C9600-DNX-A-7Y	switches	license	non-hardware	altitude_max	35296d62eb0a83b6	Cisco Catalyst 9600 Series Switches Data Sheet - Cisco	-60 to 3000 meter (-197 to 9843 feet)
80386	C9600-DNX-A-7Y	switches	license	non-hardware	humidity_operating	0a941374bbe508f6	Cisco Catalyst 9600 Series Switches Data Sheet - Cisco	10% to 95%, noncondensing
199052	C9600-DNX-A-7Y	switches	license	non-hardware	ieee_standards	0a941374bbe508f6	Cisco Catalyst 9600 Series Switches Data Sheet - Cisco	Gigabit Ethernet: IEEE 802.3z, IEEE 802.3x, IEEE 802.3ab
141782	LIC-CT3850-UPG	switches	license	non-hardware	humidity_storage	5664cf3b037d513b	Cisco Catalyst 3850 Series Switches Data Sheet - Cisco	5 to 90% noncondensing
99567	LIC-CT3850-UPG	switches	license	non-hardware	temp_operating	5664cf3b037d513b	Cisco Catalyst 3850 Series Switches Data Sheet - Cisco	23 to 113°F (-5 to 45°C)
99568	LIC-CT3850-UPG	switches	license	non-hardware	temp_storage	5664cf3b037d513b	Cisco Catalyst 3850 Series Switches Data Sheet - Cisco	-40 to 158°F (-40 to 70°C)
206024	LIC-CT3850-UPG	switches	license	non-hardware	certifications	5664cf3b037d513b	Cisco Catalyst 3850 Series Switches Data Sheet - Cisco	UL 60950-1 Second Edition CAN/CSA-C22.2 No. 60950-1 Second Edition EN 60950-1 Se
140935	C9200-24-E-A-3	switches	license	non-hardware	humidity_storage	de692de8d2c8f641	Cisco Catalyst 9200 Series Switches Data Sheet - Cisco	5% to 90% noncondensing
78603	C9200-24-E-A-3	switches	license	non-hardware	temp_operating	de692de8d2c8f641	Cisco Catalyst 9200 Series Switches Data Sheet - Cisco	Normal operating temperature * and altitudes: ● -5°C to +45°C, up to 5000 feet (
146914	C9200-24-E-A-3	switches	license	non-hardware	certifications	de692de8d2c8f641	Cisco Catalyst 9200 Series Switches Data Sheet - Cisco	● 47 CFR Part 15 ● CISPR 32 Class A ● CNS 13438 ● EN 300 386 * ● EN 55032 Class 
78604	C9200-24-E-A-3	switches	license	non-hardware	temp_storage	de692de8d2c8f641	Cisco Catalyst 9200 Series Switches Data Sheet - Cisco	-40° to 158°F (-40° to 70°C)
146913	C9200-24-E-A-3	switches	license	non-hardware	ieee_standards	de692de8d2c8f641	Cisco Catalyst 9200 Series Switches Data Sheet - Cisco	EEE 802.1s ; RMON I and II standards ; IEEE 802.1w ; SNMPv1, v2c, and v3 ; IEEE 
158366	C9200-24-E-A-3	switches	license	non-hardware	altitude_max	de692de8d2c8f641	Cisco Catalyst 9200 Series Switches Data Sheet - Cisco	10,000 ft. (3000 meters), up to 45°C
204039	A9K-200G-OPT-LIC	routers	license	non-hardware	ieee_standards	632e9bc4f7295fbe	Cisco ASR 9000 Series 400G and 200G Modular Line Cards Data Sheet - Cisco	● IEEE 802.3 compliant ● 10 Gigabit Ethernet PHY monitoring ● IEEE 802.x flow co
140572	A9K-200G-OPT-LIC	routers	license	non-hardware	humidity_storage	632e9bc4f7295fbe	Cisco ASR 9000 Series 400G and 200G Modular Line Cards Data Sheet - Cisco	5 to 95% Note: Not to exceed 0.024 kg of water per kg of dry air
72697	A9K-200G-OPT-LIC	routers	license	non-hardware	humidity_operating	632e9bc4f7295fbe	Cisco ASR 9000 Series 400G and 200G Modular Line Cards Data Sheet - Cisco	10 to 85%
72698	A9K-200G-OPT-LIC	routers	license	non-hardware	temp_storage	632e9bc4f7295fbe	Cisco ASR 9000 Series 400G and 200G Modular Line Cards Data Sheet - Cisco	-40 to 158°F (-40 to 70°C)
144660	A9K-200G-OPT-LIC	routers	license	non-hardware	etsi_standards	632e9bc4f7295fbe	Cisco ASR 9000 Series 400G and 200G Modular Line Cards Data Sheet - Cisco	Cisco ASR 9000 Series Routers are designed to meet: ● EN300 386: Telecommunicati
144659	A9K-200G-OPT-LIC	routers	license	non-hardware	temp_operating	632e9bc4f7295fbe	Cisco ASR 9000 Series 400G and 200G Modular Line Cards Data Sheet - Cisco	23 to 131°F (-5 to 55°C)
130491	A9K-200G-OPT-LIC	routers	license	non-hardware	altitude_max	632e9bc4f7295fbe	Cisco ASR 9000 Series 400G and 200G Modular Line Cards Data Sheet - Cisco	-60 to 4000m (up to 2000m conforms to IEC, EN, UL, and CSA 60950 requirements)
206457	A9K-200G-OPT-LIC	routers	license	non-hardware	certifications	632e9bc4f7295fbe	Cisco ASR 9000 Series 400G and 200G Modular Line Cards Data Sheet - Cisco	Cisco ASR 9000 Series Routers are designed to meet: ● SR-3580: NEBS Criteria Lev
203898	S-A9903-8HG-AIP	routers	license	non-hardware	ieee_standards	2b56b0b7c4e8c61a	Cisco ASR 9903 Compact High-Performance Router Data Sheet - Cisco	● 10 Gbps IEEE 802.3ae compliant ● 40/100-Gbps IEEE 802.3ba compliant ● 100 Giga
142617	S-A9903-8HG-AIP	routers	license	non-hardware	humidity_storage	2b56b0b7c4e8c61a	Cisco ASR 9903 Compact High-Performance Router Data Sheet - Cisco	5 to 95% Note: Not to exceed 0.024 kg of water per kg of dry air
147222	S-A9903-8HG-AIP	routers	license	non-hardware	temp_storage	2b56b0b7c4e8c61a	Cisco ASR 9903 Compact High-Performance Router Data Sheet - Cisco	–40 to 158°F (–40 to 70°C)
114678	S-A9903-8HG-AIP	routers	license	non-hardware	supported_protocols	2b56b0b7c4e8c61a	Cisco ASR 9903 Compact High-Performance Router Data Sheet - Cisco	NetFlow, IEEE 802.1ag, IEEE 802.3ah, ITU Y.1731, IP Service-Level Agreement (IP 
147223	S-A9903-8HG-AIP	routers	license	non-hardware	altitude_max	2b56b0b7c4e8c61a	Cisco ASR 9903 Compact High-Performance Router Data Sheet - Cisco	–60 to 1800 m
114674	S-A9903-8HG-AIP	routers	license	non-hardware	temp_operating	2b56b0b7c4e8c61a	Cisco ASR 9903 Compact High-Performance Router Data Sheet - Cisco	41 to 104°F (5 to 40°C) Note: Limitations may apply when using high-power optics
114675	S-A9903-8HG-AIP	routers	license	non-hardware	humidity_operating	2b56b0b7c4e8c61a	Cisco ASR 9903 Compact High-Performance Router Data Sheet - Cisco	10 to 85%
206780	S-A9903-8HG-AIP	routers	license	non-hardware	certifications	2b56b0b7c4e8c61a	Cisco ASR 9903 Compact High-Performance Router Data Sheet - Cisco	The Cisco ASR 9903 Router is designed to meet: ● FCC Class A ● ICES 003 Class A 
90903	E-NCS1K4-400GUPGL=	optical-networking	license	non-hardware	certifications	ff39869cb21589cd	Cisco Network Convergence System 1004 OTN-Xponder Data Sheet - Cisco	IEC 60950-1 Information technology equipment Safety Part 1: General requirements
146004	M95IOASSN	storage-networking	license	non-hardware	programming_interfaces	21031fae4600573e	Cisco MDS 9509 Multilayer Director Data Sheet - Cisco	● Scriptable CLI ● Data Center Network Manager web services API ● Device Manager
146001	M95IOASSN	storage-networking	license	non-hardware	supported_protocols	21031fae4600573e	Cisco MDS 9509 Multilayer Director Data Sheet - Cisco	● Fibre Channel standards ◦ FC-PH, Revision 4.3 (ANSI INCITS 230-1994) ◦ FC-PH, 
146003	M95IOASSN	storage-networking	license	non-hardware	diagnostics	21031fae4600573e	Cisco MDS 9509 Multilayer Director Data Sheet - Cisco	● Power-on-self-test (POST) diagnostics ● Online diagnostics ● Internal port loo
146005	M95IOASSN	storage-networking	license	non-hardware	certifications	21031fae4600573e	Cisco MDS 9509 Multilayer Director Data Sheet - Cisco	● Safety compliance ◦ CE Marking ◦ UL 60950 ◦ CAN/CSA-C22.2 No. 60950 ◦ EN 60950
146002	M95IOASSN	storage-networking	license	non-hardware	fabric_services	21031fae4600573e	Cisco MDS 9509 Multilayer Director Data Sheet - Cisco	● Name server ● Registered State Change Notification (RSCN) ● Login services ● F
146007	M95IOASSN=	storage-networking	license	non-hardware	fabric_services	21031fae4600573e	Cisco MDS 9509 Multilayer Director Data Sheet - Cisco	● Name server ● Registered State Change Notification (RSCN) ● Login services ● F
146009	M95IOASSN=	storage-networking	license	non-hardware	programming_interfaces	21031fae4600573e	Cisco MDS 9509 Multilayer Director Data Sheet - Cisco	● Scriptable CLI ● Data Center Network Manager web services API ● Device Manager
146010	M95IOASSN=	storage-networking	license	non-hardware	certifications	21031fae4600573e	Cisco MDS 9509 Multilayer Director Data Sheet - Cisco	● Safety compliance ◦ CE Marking ◦ UL 60950 ◦ CAN/CSA-C22.2 No. 60950 ◦ EN 60950
146008	M95IOASSN=	storage-networking	license	non-hardware	diagnostics	21031fae4600573e	Cisco MDS 9509 Multilayer Director Data Sheet - Cisco	● Power-on-self-test (POST) diagnostics ● Online diagnostics ● Internal port loo
146006	M95IOASSN=	storage-networking	license	non-hardware	supported_protocols	21031fae4600573e	Cisco MDS 9509 Multilayer Director Data Sheet - Cisco	● Fibre Channel standards ◦ FC-PH, Revision 4.3 (ANSI INCITS 230-1994) ◦ FC-PH, 
146014	M95SMESSNK9	storage-networking	license	non-hardware	programming_interfaces	21031fae4600573e	Cisco MDS 9509 Multilayer Director Data Sheet - Cisco	● Scriptable CLI ● Data Center Network Manager web services API ● Device Manager
146011	M95SMESSNK9	storage-networking	license	non-hardware	supported_protocols	21031fae4600573e	Cisco MDS 9509 Multilayer Director Data Sheet - Cisco	● Fibre Channel standards ◦ FC-PH, Revision 4.3 (ANSI INCITS 230-1994) ◦ FC-PH, 
146012	M95SMESSNK9	storage-networking	license	non-hardware	fabric_services	21031fae4600573e	Cisco MDS 9509 Multilayer Director Data Sheet - Cisco	● Name server ● Registered State Change Notification (RSCN) ● Login services ● F
146015	M95SMESSNK9	storage-networking	license	non-hardware	certifications	21031fae4600573e	Cisco MDS 9509 Multilayer Director Data Sheet - Cisco	● Safety compliance ◦ CE Marking ◦ UL 60950 ◦ CAN/CSA-C22.2 No. 60950 ◦ EN 60950
146013	M95SMESSNK9	storage-networking	license	non-hardware	diagnostics	21031fae4600573e	Cisco MDS 9509 Multilayer Director Data Sheet - Cisco	● Power-on-self-test (POST) diagnostics ● Online diagnostics ● Internal port loo
141655	IE3400H-DNA-A	switches	license	non-hardware	qos_features	08a17028631b331a	Cisco Catalyst IE3400 Heavy Duty Series Data Sheet - Cisco	Ingress policing, rate limit, egress queuing/shaping, auto QoS
97364	IE3400H-DNA-A	switches	license	non-hardware	programming_interfaces	08a17028631b331a	Cisco Catalyst IE3400 Heavy Duty Series Data Sheet - Cisco	YANG, NETCONF, RESTCONF
97365	IE3400H-DNA-A	switches	license	non-hardware	emc_emissions	08a17028631b331a	Cisco Catalyst IE3400 Heavy Duty Series Data Sheet - Cisco	Emissions (Class A): FCC 47 CFR Part 15 subpart B ICES-003 EN 55011 EN 55032/ CI
97366	IE3400H-DNA-A	switches	license	non-hardware	temp_operating	08a17028631b331a	Cisco Catalyst IE3400 Heavy Duty Series Data Sheet - Cisco	-40°C to +75°C (-40F to 167F) (with airflow) with 200 LFM airflow -40°C to +70°C
97367	IE3400H-DNA-A	switches	license	non-hardware	temp_storage	08a17028631b331a	Cisco Catalyst IE3400 Heavy Duty Series Data Sheet - Cisco	-40°C to +85°C (-40F to 185F) IEC 60068-2-14 Altitude: Up to 13,800 feet (4,200 
97371	IE3400H-DNA-A	switches	license	non-hardware	shock	08a17028631b331a	Cisco Catalyst IE3400 Heavy Duty Series Data Sheet - Cisco	IEC 60068-2-6 Vibration: IEC 60068-2-6, IEC 255 21.1 Class 1 Vibration Test IEC 
205977	IE3400H-DNA-A	switches	license	non-hardware	certifications	08a17028631b331a	Cisco Catalyst IE3400 Heavy Duty Series Data Sheet - Cisco	EN 61000-6-1 Immunity standards for light industrial ENV EN 61000-6-2 Immunity s
141682	IE9300-DNA-E-7Y	switches	license	non-hardware	qos_features	1b91e980e48bf2c7	Cisco Catalyst IE9300 Rugged Series Data Sheet - Cisco	802.1p, priority queuing, Modular QoS command-line interface (MQC), class-based 
97617	IE9300-DNA-E-7Y	switches	license	non-hardware	programming_interfaces	1b91e980e48bf2c7	Cisco Catalyst IE9300 Rugged Series Data Sheet - Cisco	YANG, NETCONF, RESTCONF, Cisco Plug and Play (PnP), Day-0 Zero Touch Provisionin
97619	IE9300-DNA-E-7Y	switches	license	non-hardware	humidity_operating	1b91e980e48bf2c7	Cisco Catalyst IE9300 Rugged Series Data Sheet - Cisco	Relative humidity of 5% to 95% noncondensing IEC 60068-2-3 IEC 60068-2-30
97623	IE9300-DNA-E-7Y	switches	license	non-hardware	temp_operating	1b91e980e48bf2c7	Cisco Catalyst IE9300 Rugged Series Data Sheet - Cisco	Operating temperature: -40° to 75°C (-40° to 167°F) (blower-equipped cabinet) -4
97624	IE9300-DNA-E-7Y	switches	license	non-hardware	shock	1b91e980e48bf2c7	Cisco Catalyst IE9300 Rugged Series Data Sheet - Cisco	IEC 60068-2-6 (Vibration) IEC 60068-2-27 (Shock) IEC 60068-2-31 (Shock) IEC 6006
131643	IE9300-DNA-E-7Y	switches	license	non-hardware	temp_storage	1b91e980e48bf2c7	Cisco Catalyst IE9300 Rugged Series Data Sheet - Cisco	Temperature: -40° to 85°C (-40° to 185°F) Altitude: 15,000 feet (4572 m) IEC 600
142030	NC55-50G-MAC-LIC	routers	license	non-hardware	qos_features	19e03350ca929dbf	Cisco Network Convergence System 5500 Series: 1.2-Tbps IPoDWDM Modular Line Card Data Shee	● Quality of Service (QoS) ● Ingress classification based on class of service (L
204367	NC55-50G-MAC-LIC	routers	license	non-hardware	supported_protocols	19e03350ca929dbf	Cisco Network Convergence System 5500 Series: 1.2-Tbps IPoDWDM Modular Line Card Data Shee	● Layer 2 switch ports ● IEEE 802.1Q VLAN encapsulation/Q-in-Q encapsulation ● I
146043	NC55-50G-MAC-LIC	routers	license	non-hardware	programming_interfaces	19e03350ca929dbf	Cisco Network Convergence System 5500 Series: 1.2-Tbps IPoDWDM Modular Line Card Data Shee	● Zero-Touch Provisioning (ZTP), iPXE ● Configuration management ● Network Confi
146045	NC55-50G-MAC-LIC	routers	license	non-hardware	emc_immunity	19e03350ca929dbf	Cisco Network Convergence System 5500 Series: 1.2-Tbps IPoDWDM Modular Line Card Data Shee	● EN55024 ● CISPR24 ● EN300386 ● KN 61000-4 series
146041	NC55-50G-MAC-LIC	routers	license	non-hardware	optical_pm	19e03350ca929dbf	Cisco Network Convergence System 5500 Series: 1.2-Tbps IPoDWDM Modular Line Card Data Shee	Transmit optical power ; Transmitter laser bias current ; Receiver optical signa
104443	NC55-50G-MAC-LIC	routers	license	non-hardware	segment_routing_features	19e03350ca929dbf	Cisco Network Convergence System 5500 Series: 1.2-Tbps IPoDWDM Modular Line Card Data Shee	● Segment routing–based transport ● ISIS extensions to segment routing ● OSPF ex
206651	NC55-50G-MAC-LIC	routers	license	non-hardware	certifications	19e03350ca929dbf	Cisco Network Convergence System 5500 Series: 1.2-Tbps IPoDWDM Modular Line Card Data Shee	Designed to meet GR-63-CORE and GR-1089-CORE 55C short term operation per GR63-C
141716	IE3500-DNA-A	switches	license	non-hardware	qos_features	de20866285786429	Cisco IE3500 Heavy Duty Series Data Sheet - Cisco	Ingress policing, rate limit, egress queuing/shaping, auto QoS
97986	IE3500-DNA-A	switches	license	non-hardware	emc_emissions	de20866285786429	Cisco IE3500 Heavy Duty Series Data Sheet - Cisco	Emissions (Class A): FCC 47 CFR Part 15 subpart B ICES-003 EN 55011 EN 55032/ CI
97992	IE3500-DNA-A	switches	license	non-hardware	humidity_operating	b8622078cd3085fd	Cisco IE3500 Rugged Series Data Sheet - Cisco	Relative humidity of 5% to 95% non-condensing IEC 60068-2-78 IEC 60068-2-30
140769	C3850-12-S-E	switches	license	non-hardware	humidity_storage	5664cf3b037d513b	Cisco Catalyst 3850 Series Switches Data Sheet - Cisco	5 to 90% noncondensing
77073	C3850-12-S-E	switches	license	non-hardware	temp_operating	5664cf3b037d513b	Cisco Catalyst 3850 Series Switches Data Sheet - Cisco	23 to 113°F (-5 to 45°C)
77074	C3850-12-S-E	switches	license	non-hardware	temp_storage	5664cf3b037d513b	Cisco Catalyst 3850 Series Switches Data Sheet - Cisco	-40 to 158°F (-40 to 70°C)
199303	C3850-12-S-E	switches	license	non-hardware	ieee_standards	5664cf3b037d513b	Cisco Catalyst 3850 Series Switches Data Sheet - Cisco	IEEE 802.1as IEEE 802.1s IEEE 802.1w IEEE 802.11 IEEE 802.1x IEEE 802.1x-Rev IEE
158363	C3850-12-S-E	switches	license	non-hardware	altitude_max	5664cf3b037d513b	Cisco Catalyst 3850 Series Switches Data Sheet - Cisco	10,000 ft. (3000 meters), up to 45°C
207537	C3850-12-S-E	switches	license	non-hardware	certifications	5664cf3b037d513b	Cisco Catalyst 3850 Series Switches Data Sheet - Cisco	UL 60950-1 Second Edition CAN/CSA-C22.2 No. 60950-1 Second Edition EN 60950-1 Se
77604	C4500E-LB-ES	interfaces-modules	license	non-hardware	ipv6_routes	18989e0127e9ce20	Cisco Catalyst 4500E Supervisor Engine 9-E Data Sheet - Cisco	128,000
99913	M9250IIOA	storage-networking	license	non-hardware	programming_interfaces	f33a76d7c2c030f9	Cisco MDS 9250i Multiservice Fabric Switch Data Sheet - Cisco	● Scriptable CLI ● Cisco Prime DCNM web services API ● Cisco Device Manager GUI
203899	S-A9903-8HG-CGN	routers	license	non-hardware	ieee_standards	2b56b0b7c4e8c61a	Cisco ASR 9903 Compact High-Performance Router Data Sheet - Cisco	● 10 Gbps IEEE 802.3ae compliant ● 40/100-Gbps IEEE 802.3ba compliant ● 100 Giga
142682	S-A9903-8HG-CGN	routers	license	non-hardware	humidity_storage	2b56b0b7c4e8c61a	Cisco ASR 9903 Compact High-Performance Router Data Sheet - Cisco	5 to 95% Note: Not to exceed 0.024 kg of water per kg of dry air
147226	S-A9903-8HG-CGN	routers	license	non-hardware	temp_storage	2b56b0b7c4e8c61a	Cisco ASR 9903 Compact High-Performance Router Data Sheet - Cisco	–40 to 158°F (–40 to 70°C)
115211	S-A9903-8HG-CGN	routers	license	non-hardware	supported_protocols	2b56b0b7c4e8c61a	Cisco ASR 9903 Compact High-Performance Router Data Sheet - Cisco	NetFlow, IEEE 802.1ag, IEEE 802.3ah, ITU Y.1731, IP Service-Level Agreement (IP 
147227	S-A9903-8HG-CGN	routers	license	non-hardware	altitude_max	2b56b0b7c4e8c61a	Cisco ASR 9903 Compact High-Performance Router Data Sheet - Cisco	–60 to 1800 m
115208	S-A9903-8HG-CGN	routers	license	non-hardware	humidity_operating	2b56b0b7c4e8c61a	Cisco ASR 9903 Compact High-Performance Router Data Sheet - Cisco	10 to 85%
115207	S-A9903-8HG-CGN	routers	license	non-hardware	temp_operating	2b56b0b7c4e8c61a	Cisco ASR 9903 Compact High-Performance Router Data Sheet - Cisco	41 to 104°F (5 to 40°C) Note: Limitations may apply when using high-power optics
206781	S-A9903-8HG-CGN	routers	license	non-hardware	certifications	2b56b0b7c4e8c61a	Cisco ASR 9903 Compact High-Performance Router Data Sheet - Cisco	The Cisco ASR 9903 Router is designed to meet: ● FCC Class A ● ICES 003 Class A 
115730	S812DNPK9-15204M	routers	software	non-hardware	humidity_operating	561c0f07d63e8571	Cisco 812 CiFi Integrated Services Routers (3G-3.7G Cellular and Wi-Fi) Data Sheet - Cisco	Maximum 85% non-condensing RH
153800	S812DNPK9-15204M	routers	software	non-hardware	emc_emissions	561c0f07d63e8571	Cisco 812 CiFi Integrated Services Routers (3G-3.7G Cellular and Wi-Fi) Data Sheet - Cisco	EN55022/CISPR22, CFR 47 Part 15, ICES003, VCCI-V-3, AS/NZS CISPR22, CNS13438, EN
153801	S812DNPK9-15204M	routers	software	non-hardware	emc_immunity	561c0f07d63e8571	Cisco 812 CiFi Integrated Services Routers (3G-3.7G Cellular and Wi-Fi) Data Sheet - Cisco	EN55024/CISPR24, (EN61000-4-2, EN61000-4-3, EN61000-4-4, EN61000-4-5, EN61000-4-
153799	S812DNPK9-15204M	routers	software	non-hardware	certifications	561c0f07d63e8571	Cisco 812 CiFi Integrated Services Routers (3G-3.7G Cellular and Wi-Fi) Data Sheet - Cisco	● UL 60950-1, 2nd edition ● CAN/CSA C22.2 No. 60950-1, 2nd edition ● EN 60950-1,
207939	S812DNPK9-15204M	routers	software	non-hardware	supported_protocols	561c0f07d63e8571	Cisco 812 CiFi Integrated Services Routers (3G-3.7G Cellular and Wi-Fi) Data Sheet - Cisco	● IPv6 addressing architecture ● IPv6 name resolution ● IPv6 statistics ● IPv6 t
115726	S812DNPK9-15204M	routers	software	non-hardware	programming_interfaces	561c0f07d63e8571	Cisco 812 CiFi Integrated Services Routers (3G-3.7G Cellular and Wi-Fi) Data Sheet - Cisco	Cisco IOS Software CLI
115728	S812DNPK9-15204M	routers	software	non-hardware	temp_operating	561c0f07d63e8571	Cisco 812 CiFi Integrated Services Routers (3G-3.7G Cellular and Wi-Fi) Data Sheet - Cisco	All Cisco 812G models: -13 to 140 F ( -25 to 60 C) IP 20 per IEC 60529
153797	S812DNPK9-15204M	routers	software	non-hardware	qos_features	561c0f07d63e8571	Cisco 812 CiFi Integrated Services Routers (3G-3.7G Cellular and Wi-Fi) Data Sheet - Cisco	● Provides traffic precedence to delay-sensitive or prioritized applications. ● 
140990	C9200-LIC=	switches	license	non-hardware	humidity_storage	de692de8d2c8f641	Cisco Catalyst 9200 Series Switches Data Sheet - Cisco	5% to 90% noncondensing
79031	C9200-LIC=	switches	license	non-hardware	temp_operating	de692de8d2c8f641	Cisco Catalyst 9200 Series Switches Data Sheet - Cisco	Normal operating temperature * and altitudes: ● -5°C to +45°C, up to 5000 feet (
79032	C9200-LIC=	switches	license	non-hardware	temp_storage	de692de8d2c8f641	Cisco Catalyst 9200 Series Switches Data Sheet - Cisco	-40° to 158°F (-40° to 70°C)
146959	C9200-LIC=	switches	license	non-hardware	ieee_standards	de692de8d2c8f641	Cisco Catalyst 9200 Series Switches Data Sheet - Cisco	EEE 802.1s ; RMON I and II standards ; IEEE 802.1w ; SNMPv1, v2c, and v3 ; IEEE 
158384	C9200-LIC=	switches	license	non-hardware	altitude_max	de692de8d2c8f641	Cisco Catalyst 9200 Series Switches Data Sheet - Cisco	10,000 ft. (3000 meters), up to 45°C
146960	C9200-LIC=	switches	license	non-hardware	certifications	de692de8d2c8f641	Cisco Catalyst 9200 Series Switches Data Sheet - Cisco	● 47 CFR Part 15 ● CISPR 32 Class A ● CNS 13438 ● EN 300 386 * ● EN 55032 Class 
141044	C9200CX-DNXE-12-3Y	switches	license	non-hardware	humidity_storage	de692de8d2c8f641	Cisco Catalyst 9200 Series Switches Data Sheet - Cisco	5% to 90% noncondensing
79350	C9200CX-DNXE-12-3Y	switches	license	non-hardware	temp_operating	de692de8d2c8f641	Cisco Catalyst 9200 Series Switches Data Sheet - Cisco	Normal operating temperature * and altitudes: ● -5°C to +45°C, up to 5000 feet (
79351	C9200CX-DNXE-12-3Y	switches	license	non-hardware	temp_storage	de692de8d2c8f641	Cisco Catalyst 9200 Series Switches Data Sheet - Cisco	-40° to 158°F (-40° to 70°C)
147025	C9200CX-DNXE-12-3Y	switches	license	non-hardware	ieee_standards	de692de8d2c8f641	Cisco Catalyst 9200 Series Switches Data Sheet - Cisco	EEE 802.1s ; RMON I and II standards ; IEEE 802.1w ; SNMPv1, v2c, and v3 ; IEEE 
158397	C9200CX-DNXE-12-3Y	switches	license	non-hardware	altitude_max	de692de8d2c8f641	Cisco Catalyst 9200 Series Switches Data Sheet - Cisco	10,000 ft. (3000 meters), up to 45°C
147026	C9200CX-DNXE-12-3Y	switches	license	non-hardware	certifications	de692de8d2c8f641	Cisco Catalyst 9200 Series Switches Data Sheet - Cisco	● 47 CFR Part 15 ● CISPR 32 Class A ● CNS 13438 ● EN 300 386 * ● EN 55032 Class 
141008	C9200CX-DNXA-8-7Y	switches	license	non-hardware	humidity_storage	de692de8d2c8f641	Cisco Catalyst 9200 Series Switches Data Sheet - Cisco	5% to 90% noncondensing
79140	C9200CX-DNXA-8-7Y	switches	license	non-hardware	temp_operating	de692de8d2c8f641	Cisco Catalyst 9200 Series Switches Data Sheet - Cisco	Normal operating temperature * and altitudes: ● -5°C to +45°C, up to 5000 feet (
79141	C9200CX-DNXA-8-7Y	switches	license	non-hardware	temp_storage	de692de8d2c8f641	Cisco Catalyst 9200 Series Switches Data Sheet - Cisco	-40° to 158°F (-40° to 70°C)
147023	C9200CX-DNXA-8-7Y	switches	license	non-hardware	ieee_standards	de692de8d2c8f641	Cisco Catalyst 9200 Series Switches Data Sheet - Cisco	EEE 802.1s ; RMON I and II standards ; IEEE 802.1w ; SNMPv1, v2c, and v3 ; IEEE 
158389	C9200CX-DNXA-8-7Y	switches	license	non-hardware	altitude_max	de692de8d2c8f641	Cisco Catalyst 9200 Series Switches Data Sheet - Cisco	10,000 ft. (3000 meters), up to 45°C
147024	C9200CX-DNXA-8-7Y	switches	license	non-hardware	certifications	de692de8d2c8f641	Cisco Catalyst 9200 Series Switches Data Sheet - Cisco	● 47 CFR Part 15 ● CISPR 32 Class A ● CNS 13438 ● EN 300 386 * ● EN 55032 Class 
140977	C9200CX-8-E-A-5	switches	license	non-hardware	humidity_storage	de692de8d2c8f641	Cisco Catalyst 9200 Series Switches Data Sheet - Cisco	5% to 90% noncondensing
78952	C9200CX-8-E-A-5	switches	license	non-hardware	temp_operating	de692de8d2c8f641	Cisco Catalyst 9200 Series Switches Data Sheet - Cisco	Normal operating temperature * and altitudes: ● -5°C to +45°C, up to 5000 feet (
78953	C9200CX-8-E-A-5	switches	license	non-hardware	temp_storage	de692de8d2c8f641	Cisco Catalyst 9200 Series Switches Data Sheet - Cisco	-40° to 158°F (-40° to 70°C)
146989	C9200CX-8-E-A-5	switches	license	non-hardware	ieee_standards	de692de8d2c8f641	Cisco Catalyst 9200 Series Switches Data Sheet - Cisco	EEE 802.1s ; RMON I and II standards ; IEEE 802.1w ; SNMPv1, v2c, and v3 ; IEEE 
158382	C9200CX-8-E-A-5	switches	license	non-hardware	altitude_max	de692de8d2c8f641	Cisco Catalyst 9200 Series Switches Data Sheet - Cisco	10,000 ft. (3000 meters), up to 45°C
146990	C9200CX-8-E-A-5	switches	license	non-hardware	certifications	de692de8d2c8f641	Cisco Catalyst 9200 Series Switches Data Sheet - Cisco	● 47 CFR Part 15 ● CISPR 32 Class A ● CNS 13438 ● EN 300 386 * ● EN 55032 Class 
203900	S-A9903-8HG-IVRF	routers	license	non-hardware	ieee_standards	2b56b0b7c4e8c61a	Cisco ASR 9903 Compact High-Performance Router Data Sheet - Cisco	● 10 Gbps IEEE 802.3ae compliant ● 40/100-Gbps IEEE 802.3ba compliant ● 100 Giga
147230	S-A9903-8HG-IVRF	routers	license	non-hardware	temp_storage	2b56b0b7c4e8c61a	Cisco ASR 9903 Compact High-Performance Router Data Sheet - Cisco	–40 to 158°F (–40 to 70°C)
142673	S-A9903-8HG-IVRF	routers	license	non-hardware	humidity_storage	2b56b0b7c4e8c61a	Cisco ASR 9903 Compact High-Performance Router Data Sheet - Cisco	5 to 95% Note: Not to exceed 0.024 kg of water per kg of dry air
147231	S-A9903-8HG-IVRF	routers	license	non-hardware	altitude_max	2b56b0b7c4e8c61a	Cisco ASR 9903 Compact High-Performance Router Data Sheet - Cisco	–60 to 1800 m
115140	S-A9903-8HG-IVRF	routers	license	non-hardware	temp_operating	2b56b0b7c4e8c61a	Cisco ASR 9903 Compact High-Performance Router Data Sheet - Cisco	41 to 104°F (5 to 40°C) Note: Limitations may apply when using high-power optics
115141	S-A9903-8HG-IVRF	routers	license	non-hardware	humidity_operating	2b56b0b7c4e8c61a	Cisco ASR 9903 Compact High-Performance Router Data Sheet - Cisco	10 to 85%
115144	S-A9903-8HG-IVRF	routers	license	non-hardware	supported_protocols	2b56b0b7c4e8c61a	Cisco ASR 9903 Compact High-Performance Router Data Sheet - Cisco	NetFlow, IEEE 802.1ag, IEEE 802.3ah, ITU Y.1731, IP Service-Level Agreement (IP 
206782	S-A9903-8HG-IVRF	routers	license	non-hardware	certifications	2b56b0b7c4e8c61a	Cisco ASR 9903 Compact High-Performance Router Data Sheet - Cisco	The Cisco ASR 9903 Router is designed to meet: ● FCC Class A ● ICES 003 Class A 
203895	S-A9903-20HG-AIP	routers	license	non-hardware	ieee_standards	2b56b0b7c4e8c61a	Cisco ASR 9903 Compact High-Performance Router Data Sheet - Cisco	● 10 Gbps IEEE 802.3ae compliant ● 40/100-Gbps IEEE 802.3ba compliant ● 100 Giga
147211	S-A9903-20HG-AIP	routers	license	non-hardware	altitude_max	2b56b0b7c4e8c61a	Cisco ASR 9903 Compact High-Performance Router Data Sheet - Cisco	–60 to 1800 m
142627	S-A9903-20HG-AIP	routers	license	non-hardware	humidity_storage	2b56b0b7c4e8c61a	Cisco ASR 9903 Compact High-Performance Router Data Sheet - Cisco	5 to 95% Note: Not to exceed 0.024 kg of water per kg of dry air
147210	S-A9903-20HG-AIP	routers	license	non-hardware	temp_storage	2b56b0b7c4e8c61a	Cisco ASR 9903 Compact High-Performance Router Data Sheet - Cisco	–40 to 158°F (–40 to 70°C)
114770	S-A9903-20HG-AIP	routers	license	non-hardware	temp_operating	2b56b0b7c4e8c61a	Cisco ASR 9903 Compact High-Performance Router Data Sheet - Cisco	41 to 104°F (5 to 40°C) Note: Limitations may apply when using high-power optics
114771	S-A9903-20HG-AIP	routers	license	non-hardware	humidity_operating	2b56b0b7c4e8c61a	Cisco ASR 9903 Compact High-Performance Router Data Sheet - Cisco	10 to 85%
114774	S-A9903-20HG-AIP	routers	license	non-hardware	supported_protocols	2b56b0b7c4e8c61a	Cisco ASR 9903 Compact High-Performance Router Data Sheet - Cisco	NetFlow, IEEE 802.1ag, IEEE 802.3ah, ITU Y.1731, IP Service-Level Agreement (IP 
206777	S-A9903-20HG-AIP	routers	license	non-hardware	certifications	2b56b0b7c4e8c61a	Cisco ASR 9903 Compact High-Performance Router Data Sheet - Cisco	The Cisco ASR 9903 Router is designed to meet: ● FCC Class A ● ICES 003 Class A 
147300	SISR11BEUK9-174	routers	software	non-hardware	qos_features	585ea334a738d76f	Cisco ISR1100 and ISR1100X Series Routers Data Sheet - Cisco	Quality of Service (QoS), COS marking, Per Tunnel QOS, app-aware routing, Weight
147301	SISR11BEUK9-174	routers	software	non-hardware	crypto_algorithms	585ea334a738d76f	Cisco ISR1100 and ISR1100X Series Routers Data Sheet - Cisco	Encryption: AES-256 (in CBC and GCM modes), Internet Key Exchange (IKE), Cisco P
147303	SISR11BEUK9-174	routers	software	non-hardware	emc_emissions	585ea334a738d76f	Cisco ISR1100 and ISR1100X Series Routers Data Sheet - Cisco	● EN55022/CISPR22, CFR 47 Part 15, ICES003, VCCI-V-3, AS/NZS CISPR22, CNS13438, 
147304	SISR11BEUK9-174	routers	software	non-hardware	emc_immunity	585ea334a738d76f	Cisco ISR1100 and ISR1100X Series Routers Data Sheet - Cisco	● EN55024/CISPR24, (EN61000-4-2, EN61000-4-3, EN61000-4-4, EN61000-4-5, EN61000-
197896	SISR11BEUK9-174	routers	software	non-hardware	supported_protocols	585ea334a738d76f	Cisco ISR1100 and ISR1100X Series Routers Data Sheet - Cisco	Open Shortest Path First (OSPF), Border Gateway Protocol (BGP), eBGP, iBGP, BGP 
117737	SISR11BEUK9-174	routers	software	non-hardware	temp_operating	585ea334a738d76f	Cisco ISR1100 and ISR1100X Series Routers Data Sheet - Cisco	● Operating temperature: 0 to 40°C (32 to 104°F) at sea level (temperature derat
117740	SISR11BEUK9-174	routers	software	non-hardware	wireless_security	585ea334a738d76f	Cisco ISR1100 and ISR1100X Series Routers Data Sheet - Cisco	● TACACS+ ● RADIUS ● Local, role-based access control
206791	SISR11BEUK9-174	routers	software	non-hardware	certifications	585ea334a738d76f	Cisco ISR1100 and ISR1100X Series Routers Data Sheet - Cisco	● UL 60950-1, second edition ● CAN/CSA C22.2 No. 60950-1, second edition ● EN 60
122799	UCS-L-6400-25G	servers-unified-computing	license	non-hardware	emc_emissions	5a9237a2a8623e2a	Cisco UCS 6400 Series Fabric Interconnects Data Sheet - Cisco	● 47CFR Part 15 (CFR 47) Class A ● AS/NZS CISPR22 Class A ● CISPR22 Class A ● EN
122800	UCS-L-6400-25G	servers-unified-computing	license	non-hardware	emc_immunity	5a9237a2a8623e2a	Cisco UCS 6400 Series Fabric Interconnects Data Sheet - Cisco	● EN55024 ● CISPR24 ● EN300386 ● KN 61000-4 series
90902	E-NCS1K4-100G-CL=	optical-networking	license	non-hardware	certifications	ff39869cb21589cd	Cisco Network Convergence System 1004 OTN-Xponder Data Sheet - Cisco	IEC 60950-1 Information technology equipment Safety Part 1: General requirements
71139	8KSW-A-SIA-3	routers	license	non-hardware	emc_emissions	a2ea20301422d099	Cisco 8404 Router Data Sheet - Cisco	FCC 47 CFR Part 15 Class A AS/NZS CISPR 32 Class A EN55032 Class A CISPR 32 Clas
205505	8KSW-A-SIA-3	routers	license	non-hardware	certifications	a5dbf1f67727ca95	Cisco 8700 Series Routers Data Sheet - Cisco	Emissions: CISPR32 EN 55032 EN 61000-3-3 EN IEC 61000-3-2 EN 300 386 V2.1.23 47 
73522	ADN-AC-10G-SIA-3	ios-nx-os-software	license	(no axis)	emc_immunity	588e4668c14a7aa0	Cisco Network Convergence System 540 Fronthaul Routers Data Sheet - Cisco	EN55024 CISPR24 EN300386 KN 61000-4 series
145020	M9500EXT14K9	storage-networking	license	non-hardware	fabric_services	62c99820b328a814	Cisco MDS 9500 Series Supervisor-2 Module - Cisco	• Name server • Registered State Change Notification (RSCN) • Login services • F
145021	M9500EXT14K9	storage-networking	license	non-hardware	programming_interfaces	62c99820b328a814	Cisco MDS 9500 Series Supervisor-2 Module - Cisco	• Scriptable CLI • Fabric Manager GUI • Device Manager GUI
197854	M9500EXT14K9	storage-networking	license	non-hardware	supported_protocols	62c99820b328a814	Cisco MDS 9500 Series Supervisor-2 Module - Cisco	• Fibre Channel standards · FC-PH, Revision 4.3 (ANSI/INCITS 230-1994) · FC-PH, 
206524	M9500EXT14K9	storage-networking	license	non-hardware	certifications	62c99820b328a814	Cisco MDS 9500 Series Supervisor-2 Module - Cisco	• Safety compliance · CE marking · UL 60950 · CAN/CSA-C22.2 No. 60950 · EN 60950
73601	ADN-AC-10G-RTU-1	ios-nx-os-software	license	(no axis)	emc_immunity	588e4668c14a7aa0	Cisco Network Convergence System 540 Fronthaul Routers Data Sheet - Cisco	EN55024 CISPR24 EN300386 KN 61000-4 series
142607	S-A9K-9901-VRF-LC	routers	license	non-hardware	humidity_storage	b8b4ec84e4a93e32	Cisco ASR 9901 Router Data Sheet - Cisco	5 to 95% Note: Not to exceed 0.024 kg water or dry air
114581	S-A9K-9901-VRF-LC	routers	license	non-hardware	humidity_operating	b8b4ec84e4a93e32	Cisco ASR 9901 Router Data Sheet - Cisco	10 to 85%
114583	S-A9K-9901-VRF-LC	routers	license	non-hardware	temp_storage	b8b4ec84e4a93e32	Cisco ASR 9901 Router Data Sheet - Cisco	-40 to 158°F (-40 to 70°C)
206565	S-A9K-9901-VRF-LC	routers	license	non-hardware	certifications	b8b4ec84e4a93e32	Cisco ASR 9901 Router Data Sheet - Cisco	Cisco ASR 9901 is designed to meet: ● SR-3580: NEBS Criteria Levels (Level 3) ● 
196374	IE3100-DNA-E-M-5Y	switches	license	non-hardware	rfc_compliance	b27536663b823c7b	Cisco Catalyst IE3100 Rugged Series Data Sheet - Cisco	● RFC 768: User Datagram Protocol (UDP) ● RFC 783: Trivial File Transfer Protoco
198867	IE3100-DNA-E-M-5Y	switches	license	non-hardware	ieee_standards	b27536663b823c7b	Cisco Catalyst IE3100 Rugged Series Data Sheet - Cisco	● IEEE 802.1D MAC Bridges, STP ● IEEE 802.1p Layer2 COS prioritization ● IEEE 80
141596	IE3100-DNA-E-M-5Y	switches	license	non-hardware	qos_features	b27536663b823c7b	Cisco Catalyst IE3100 Rugged Series Data Sheet - Cisco	802.1p, priority queuing, Modular QoS command-line interface (MQC), class-based 
141597	IE3100-DNA-E-M-5Y	switches	license	non-hardware	snmp_mibs	b27536663b823c7b	Cisco Catalyst IE3100 Rugged Series Data Sheet - Cisco	● BRIDGE-MIB ● CALISTA-DPA-MIB ● CISCO-ACCESS-ENVMON-MIB ● CISCO-ADMISSION-POLIC
130640	IE3100-DNA-E-M-5Y	switches	license	non-hardware	temp_storage	b27536663b823c7b	Cisco Catalyst IE3100 Rugged Series Data Sheet - Cisco	Temperature: -40° to 85°C (-40° to 185°F) Altitude: 40,000 feet (12,192 m) IEC 6
96833	IE3100-DNA-E-M-5Y	switches	license	non-hardware	programming_interfaces	b27536663b823c7b	Cisco Catalyst IE3100 Rugged Series Data Sheet - Cisco	YANG, NETCONF, RESTCONF
96838	IE3100-DNA-E-M-5Y	switches	license	non-hardware	temp_operating	b27536663b823c7b	Cisco Catalyst IE3100 Rugged Series Data Sheet - Cisco	Operating temperature: -40° to 75°C (-40° to 167°F) (blower-equipped cabinet) -4
96839	IE3100-DNA-E-M-5Y	switches	license	non-hardware	shock	b27536663b823c7b	Cisco Catalyst IE3100 Rugged Series Data Sheet - Cisco	IEC 60068-2-27 (Operational Shock: 30G 11ms, half sine) IEC 60068-2-27 (Non-Oper
92159	FR-SVC-WVPN-8000	interfaces-modules	license	non-hardware	supported_protocols	0466bccd9caaa412	WebVPN Services Module for Catalyst 6500 Series Switches & 7600 Series Routers - Cisco	SSL 3.0 and 3.1; TLS 1.0
115505	S-NCS1K4-400G-RG=	optical-networking	license	non-hardware	certifications	ff39869cb21589cd	Cisco Network Convergence System 1004 OTN-Xponder Data Sheet - Cisco	IEC 60950-1 Information technology equipment Safety Part 1: General requirements
147708	S-NCS1K4-ULIC-100=	optical-networking	license	non-hardware	certifications	8fa767ab35358fe9	Cisco Network Convergence System 1004 C-Band 1.2T Transponder Line Card Data Sheet - Cisco	● IEC 60950-1 Information technology equipment Safety Part 1: General requiremen
130790	S-NCS1K4-ULIC-100=	optical-networking	license	non-hardware	temp_storage	8fa767ab35358fe9	Cisco Network Convergence System 1004 C-Band 1.2T Transponder Line Card Data Sheet - Cisco	-40 ́̕ °C to 85°C (-40°F to 185°F)
115524	S-NCS1K4-ULIC-100=	optical-networking	license	non-hardware	regions_supported	8fa767ab35358fe9	Cisco Network Convergence System 1004 C-Band 1.2T Transponder Line Card Data Sheet - Cisco	● European Union ● Africa ● CSI ● Australia ● New Zealand ● China ● Korea ● Indi
115525	S-NCS1K4-ULIC-100=	optical-networking	license	non-hardware	humidity_operating	8fa767ab35358fe9	Cisco Network Convergence System 1004 C-Band 1.2T Transponder Line Card Data Sheet - Cisco	5% to 85%, noncondensing 5% to 90% but not to exceed 0.024 kg water/kg of dry ai
115526	S-NCS1K4-ULIC-100=	optical-networking	license	non-hardware	laser_safety_class	8fa767ab35358fe9	Cisco Network Convergence System 1004 C-Band 1.2T Transponder Line Card Data Sheet - Cisco	1
147709	S-NCS1K4-ULIC-100=	optical-networking	license	non-hardware	optical_pm	8fa767ab35358fe9	Cisco Network Convergence System 1004 C-Band 1.2T Transponder Line Card Data Sheet - Cisco	Transmitter optical power ; Transmitter laser bias current ; Receiver optical po
115552	S29NPEK9-15014M	routers	software	non-hardware	dram	e539825af78bd0b5	Cisco Integrated Services Routers Generation 2 Ordering Guide - Cisco	None available; Fixed 512MB DRAM only
115553	S29NPEK9-15014M	routers	software	non-hardware	flash	e539825af78bd0b5	Cisco Integrated Services Routers Generation 2 Ordering Guide - Cisco	None available; Fixed internal 256MB eUSB Flash only
203762	A9K-4T16G-VID-LIC	routers	license	non-hardware	ieee_standards	af64a934603f2213	Cisco ASR 9000 Series 40 and 56 Gigabit Ethernet Line Cards Data Sheet - Cisco	● 1- and 10-Gbps IEEE 802.3 compliant ● 1 and 10 Gigabit Ethernet PHY monitoring
145728	A9K-4T16G-VID-LIC	routers	license	non-hardware	etsi_standards	af64a934603f2213	Cisco ASR 9000 Series 40 and 56 Gigabit Ethernet Line Cards Data Sheet - Cisco	Cisco ASR 9000 Series Routers are designed to meet: ● EN300 386: Telecommunicati
145727	A9K-4T16G-VID-LIC	routers	license	non-hardware	temp_operating	af64a934603f2213	Cisco ASR 9000 Series 40 and 56 Gigabit Ethernet Line Cards Data Sheet - Cisco	23 to 131ºF (-5 to 55ºC)
73035	A9K-4T16G-VID-LIC	routers	license	non-hardware	temp_storage	af64a934603f2213	Cisco ASR 9000 Series 40 and 56 Gigabit Ethernet Line Cards Data Sheet - Cisco	-40 to 158ºF (-40 to 70ºC)
130681	A9K-4T16G-VID-LIC	routers	license	non-hardware	altitude_max	af64a934603f2213	Cisco ASR 9000 Series 40 and 56 Gigabit Ethernet Line Cards Data Sheet - Cisco	-60 to 4000m (up to 2000m conforms to IEC, EN, UL, and CSA 60950 requirements)
207788	A9K-4T16G-VID-LIC	routers	license	non-hardware	certifications	af64a934603f2213	Cisco ASR 9000 Series 40 and 56 Gigabit Ethernet Line Cards Data Sheet - Cisco	Cisco ASR 9000 Series Routers are designed to meet: ● SR-3580: NEBS Criteria Lev
141519	IE9300-DNA-E	switches	license	non-hardware	qos_features	1b91e980e48bf2c7	Cisco Catalyst IE9300 Rugged Series Data Sheet - Cisco	802.1p, priority queuing, Modular QoS command-line interface (MQC), class-based 
96121	IE9300-DNA-E	switches	license	non-hardware	programming_interfaces	1b91e980e48bf2c7	Cisco Catalyst IE9300 Rugged Series Data Sheet - Cisco	YANG, NETCONF, RESTCONF, Cisco Plug and Play (PnP), Day-0 Zero Touch Provisionin
96123	IE9300-DNA-E	switches	license	non-hardware	humidity_operating	1b91e980e48bf2c7	Cisco Catalyst IE9300 Rugged Series Data Sheet - Cisco	Relative humidity of 5% to 95% noncondensing IEC 60068-2-3 IEC 60068-2-30
96127	IE9300-DNA-E	switches	license	non-hardware	temp_operating	1b91e980e48bf2c7	Cisco Catalyst IE9300 Rugged Series Data Sheet - Cisco	Operating temperature: -40° to 75°C (-40° to 167°F) (blower-equipped cabinet) -4
96128	IE9300-DNA-E	switches	license	non-hardware	shock	1b91e980e48bf2c7	Cisco Catalyst IE9300 Rugged Series Data Sheet - Cisco	IEC 60068-2-6 (Vibration) IEC 60068-2-27 (Shock) IEC 60068-2-31 (Shock) IEC 6006
131640	IE9300-DNA-E	switches	license	non-hardware	temp_storage	1b91e980e48bf2c7	Cisco Catalyst IE9300 Rugged Series Data Sheet - Cisco	Temperature: -40° to 85°C (-40° to 185°F) Altitude: 15,000 feet (4572 m) IEC 600
145972	M95DMM184K9=	storage-networking	license	non-hardware	fabric_services	21031fae4600573e	Cisco MDS 9509 Multilayer Director Data Sheet - Cisco	● Name server ● Registered State Change Notification (RSCN) ● Login services ● F
145974	M95DMM184K9=	storage-networking	license	non-hardware	programming_interfaces	21031fae4600573e	Cisco MDS 9509 Multilayer Director Data Sheet - Cisco	● Scriptable CLI ● Data Center Network Manager web services API ● Device Manager
145971	M95DMM184K9=	storage-networking	license	non-hardware	supported_protocols	21031fae4600573e	Cisco MDS 9509 Multilayer Director Data Sheet - Cisco	● Fibre Channel standards ◦ FC-PH, Revision 4.3 (ANSI INCITS 230-1994) ◦ FC-PH, 
145973	M95DMM184K9=	storage-networking	license	non-hardware	diagnostics	21031fae4600573e	Cisco MDS 9509 Multilayer Director Data Sheet - Cisco	● Power-on-self-test (POST) diagnostics ● Online diagnostics ● Internal port loo
145975	M95DMM184K9=	storage-networking	license	non-hardware	certifications	21031fae4600573e	Cisco MDS 9509 Multilayer Director Data Sheet - Cisco	● Safety compliance ◦ CE Marking ◦ UL 60950 ◦ CAN/CSA-C22.2 No. 60950 ◦ EN 60950
98607	IW9167-URWB-NW-A	routers	license	non-hardware	dram	48483805d0c74f83	Cisco Catalyst IW9167 Heavy Duty Series Data Sheet - Cisco	● 2048 MB DRAM ● 1024 MB flash
98815	L-ESS-2020-L-B=	switches	license	non-hardware	temp_operating	27064ac37717ab43	Cisco Embedded Service 2020 Series Switches Data Sheet - Cisco	● -40C to +85C (-40F to +185F) for conduction cooled SKUs as measured at the cen
98816	L-ESS-2020-L-B=	switches	license	non-hardware	temp_storage	27064ac37717ab43	Cisco Embedded Service 2020 Series Switches Data Sheet - Cisco	● -40C to +85C (-40F to +185F)
98820	L-ESS-2020-L-B=	switches	license	non-hardware	altitude_storage	27064ac37717ab43	Cisco Embedded Service 2020 Series Switches Data Sheet - Cisco	● 12,200m (40,000ft)
99232	L-NCS2K-CK-CL=	optical-networking	license	non-hardware	temp_operating	e92a5b29cf9798d0	Cisco Network Convergence System 2000 Series Data Sheet - Cisco	32 to 131ºF (0 to 55ºC) 23 to 131ºF (-5 to 55ºC)
99227	L-NCS2K-CK-CL=	optical-networking	license	non-hardware	humidity_operating	e92a5b29cf9798d0	Cisco Network Convergence System 2000 Series Data Sheet - Cisco	5 to 85%, noncondensing 5 to 90% but not to exceed 0.024 kg water/kg of dry air
99228	L-NCS2K-CK-CL=	optical-networking	license	non-hardware	temp_storage	e92a5b29cf9798d0	Cisco Network Convergence System 2000 Series Data Sheet - Cisco	-40 to 158ºF (-40 to 70ºC)
99229	L-NCS2K-CK-CL=	optical-networking	license	non-hardware	emc_emissions	6a25925c2b12b1e1	Cisco NCS 2000 200-Gbps Multirate DWDM Line Card Data Sheet - Cisco	● ETSI EN 300 386 V1.4.1 (2008-04) Telecommunication network equipment EMC requi
99230	L-NCS2K-CK-CL=	optical-networking	license	non-hardware	laser_safety_class	6a25925c2b12b1e1	Cisco NCS 2000 200-Gbps Multirate DWDM Line Card Data Sheet - Cisco	1
99222	L-NCS2K-100G-LIC=	optical-networking	license	non-hardware	emc_emissions	daee68aac49c1c7a	Cisco NCS 2000 400 Gbps XPonder Line Card Data Sheet - Cisco	● ETSI EN 300 386 V1.4.1 (2008-04) Telecommunication network equipment EMC requi
99270	L-NCS2K-WSE-1=	optical-networking	license	non-hardware	regions_supported	badde776820cb0ac	10Gbps Optical Encryption Line Card for the Cisco NCS 2000 Series and Cisco ONS 15454 MSTP	● European Union ● Africa ● CSI ● Australia ● New Zealand ● China ● Korea ● Indi
99271	L-NCS2K-WSE-1=	optical-networking	license	non-hardware	emc_emissions	badde776820cb0ac	10Gbps Optical Encryption Line Card for the Cisco NCS 2000 Series and Cisco ONS 15454 MSTP	● ETSI EN 300 386 V1.4.1 (2008-04) Telecommunication network equipment EMC requi
149930	C1A1TN9300XF-5Y	switches	license	non-hardware	temp_storage	9dde779f6314c438	Cisco N9300-FX3S Series Switch Data Sheet - Cisco	–40 to 158°F (–40 to 70°C)
130583	C1A1TN9300XF-5Y	switches	license	non-hardware	altitude_max	d27ae43f2e280e20	Cisco N9300-FX2 Series Switches Data Sheet - Cisco	0 to 13,123 ft (0 to 4000m)
76228	C1A1TN9300XF-5Y	switches	license	non-hardware	temp_operating	9dde779f6314c438	Cisco N9300-FX3S Series Switch Data Sheet - Cisco	32 to 104°F (0 to 40°C)
76230	C1A1TN9300XF-5Y	switches	license	non-hardware	humidity_operating	9dde779f6314c438	Cisco N9300-FX3S Series Switch Data Sheet - Cisco	5 to 95% (noncondensing)
149931	C1A1TN9300XF-5Y	switches	license	non-hardware	emc_emissions	9dde779f6314c438	Cisco N9300-FX3S Series Switch Data Sheet - Cisco	● 47CFR Part 15 (CFR 47) Class A ● AS/NZS CISPR22 Class A ● CISPR22 Class A ● EN
149932	C1A1TN9300XF-5Y	switches	license	non-hardware	emc_immunity	9dde779f6314c438	Cisco N9300-FX3S Series Switch Data Sheet - Cisco	● EN55024 ● CISPR24 ● EN300386 ● KN 61000-4 series
140955	C9300L-DNX-A-48-7Y	switches	license	non-hardware	humidity_storage	638d72c59601332b	Cisco Catalyst 9300 Series Switches Data Sheet - Cisco	5% to 90% noncondensing
198465	C9300L-DNX-A-48-7Y	switches	license	non-hardware	ieee_standards	638d72c59601332b	Cisco Catalyst 9300 Series Switches Data Sheet - Cisco	IEEE 802.1s IEEE 802.1w IEEE 802.1x IEEE 802.1x-Rev IEEE 802.3ad IEEE 802.3ae IE
78810	C9300L-DNX-A-48-7Y	switches	license	non-hardware	temp_operating	638d72c59601332b	Cisco Catalyst 9300 Series Switches Data Sheet - Cisco	Normal operating temperature * and altitudes: -5°C to +45°C, up to 5000 feet (15
78811	C9300L-DNX-A-48-7Y	switches	license	non-hardware	temp_storage	638d72c59601332b	Cisco Catalyst 9300 Series Switches Data Sheet - Cisco	-40° to 158°F (-40° to 70°C)
140991	C9200CX-DNA-A-12	switches	license	non-hardware	humidity_storage	de692de8d2c8f641	Cisco Catalyst 9200 Series Switches Data Sheet - Cisco	5% to 90% noncondensing
79037	C9200CX-DNA-A-12	switches	license	non-hardware	temp_operating	de692de8d2c8f641	Cisco Catalyst 9200 Series Switches Data Sheet - Cisco	Normal operating temperature * and altitudes: ● -5°C to +45°C, up to 5000 feet (
79038	C9200CX-DNA-A-12	switches	license	non-hardware	temp_storage	de692de8d2c8f641	Cisco Catalyst 9200 Series Switches Data Sheet - Cisco	-40° to 158°F (-40° to 70°C)
205686	C9200CX-DNA-A-12	switches	license	non-hardware	certifications	de692de8d2c8f641	Cisco Catalyst 9200 Series Switches Data Sheet - Cisco	● 47 CFR Part 15 ● CISPR 32 Class A ● CNS 13438 ● EN 300 386 * ● EN 55032 Class 
141026	C9200-DNX-A-24-5Y	switches	license	non-hardware	humidity_storage	de692de8d2c8f641	Cisco Catalyst 9200 Series Switches Data Sheet - Cisco	5% to 90% noncondensing
79244	C9200-DNX-A-24-5Y	switches	license	non-hardware	temp_operating	de692de8d2c8f641	Cisco Catalyst 9200 Series Switches Data Sheet - Cisco	Normal operating temperature * and altitudes: ● -5°C to +45°C, up to 5000 feet (
79245	C9200-DNX-A-24-5Y	switches	license	non-hardware	temp_storage	de692de8d2c8f641	Cisco Catalyst 9200 Series Switches Data Sheet - Cisco	-40° to 158°F (-40° to 70°C)
205703	C9200-DNX-A-24-5Y	switches	license	non-hardware	certifications	de692de8d2c8f641	Cisco Catalyst 9200 Series Switches Data Sheet - Cisco	● 47 CFR Part 15 ● CISPR 32 Class A ● CNS 13438 ● EN 300 386 * ● EN 55032 Class 
100283	M9250IP20-16G-SL=	storage-networking	license	non-hardware	programming_interfaces	f33a76d7c2c030f9	Cisco MDS 9250i Multiservice Fabric Switch Data Sheet - Cisco	● Scriptable CLI ● Cisco Prime DCNM web services API ● Cisco Device Manager GUI
141029	C9200CX-DNXE-12-7Y	switches	license	non-hardware	humidity_storage	de692de8d2c8f641	Cisco Catalyst 9200 Series Switches Data Sheet - Cisco	5% to 90% noncondensing
79262	C9200CX-DNXE-12-7Y	switches	license	non-hardware	temp_operating	de692de8d2c8f641	Cisco Catalyst 9200 Series Switches Data Sheet - Cisco	Normal operating temperature * and altitudes: ● -5°C to +45°C, up to 5000 feet (
79263	C9200CX-DNXE-12-7Y	switches	license	non-hardware	temp_storage	de692de8d2c8f641	Cisco Catalyst 9200 Series Switches Data Sheet - Cisco	-40° to 158°F (-40° to 70°C)
147029	C9200CX-DNXE-12-7Y	switches	license	non-hardware	ieee_standards	de692de8d2c8f641	Cisco Catalyst 9200 Series Switches Data Sheet - Cisco	EEE 802.1s ; RMON I and II standards ; IEEE 802.1w ; SNMPv1, v2c, and v3 ; IEEE 
158394	C9200CX-DNXE-12-7Y	switches	license	non-hardware	altitude_max	de692de8d2c8f641	Cisco Catalyst 9200 Series Switches Data Sheet - Cisco	10,000 ft. (3000 meters), up to 45°C
147030	C9200CX-DNXE-12-7Y	switches	license	non-hardware	certifications	de692de8d2c8f641	Cisco Catalyst 9200 Series Switches Data Sheet - Cisco	● 47 CFR Part 15 ● CISPR 32 Class A ● CNS 13438 ● EN 300 386 * ● EN 55032 Class 
141056	C9200-DNA-E-24-7Y	switches	license	non-hardware	humidity_storage	de692de8d2c8f641	Cisco Catalyst 9200 Series Switches Data Sheet - Cisco	5% to 90% noncondensing
79423	C9200-DNA-E-24-7Y	switches	license	non-hardware	temp_operating	de692de8d2c8f641	Cisco Catalyst 9200 Series Switches Data Sheet - Cisco	Normal operating temperature * and altitudes: ● -5°C to +45°C, up to 5000 feet (
79424	C9200-DNA-E-24-7Y	switches	license	non-hardware	temp_storage	de692de8d2c8f641	Cisco Catalyst 9200 Series Switches Data Sheet - Cisco	-40° to 158°F (-40° to 70°C)
205719	C9200-DNA-E-24-7Y	switches	license	non-hardware	certifications	de692de8d2c8f641	Cisco Catalyst 9200 Series Switches Data Sheet - Cisco	● 47 CFR Part 15 ● CISPR 32 Class A ● CNS 13438 ● EN 300 386 * ● EN 55032 Class 
147712	SF-NCS1K4-R731K9	optical-networking	software	non-hardware	certifications	8fa767ab35358fe9	Cisco Network Convergence System 1004 C-Band 1.2T Transponder Line Card Data Sheet - Cisco	● IEC 60950-1 Information technology equipment Safety Part 1: General requiremen
130792	SF-NCS1K4-R731K9	optical-networking	software	non-hardware	temp_storage	8fa767ab35358fe9	Cisco Network Convergence System 1004 C-Band 1.2T Transponder Line Card Data Sheet - Cisco	-40 ́̕ °C to 85°C (-40°F to 185°F)
116115	SF-NCS1K4-R731K9	optical-networking	software	non-hardware	regions_supported	8fa767ab35358fe9	Cisco Network Convergence System 1004 C-Band 1.2T Transponder Line Card Data Sheet - Cisco	● European Union ● Africa ● CSI ● Australia ● New Zealand ● China ● Korea ● Indi
116116	SF-NCS1K4-R731K9	optical-networking	software	non-hardware	humidity_operating	8fa767ab35358fe9	Cisco Network Convergence System 1004 C-Band 1.2T Transponder Line Card Data Sheet - Cisco	5% to 85%, noncondensing 5% to 90% but not to exceed 0.024 kg water/kg of dry ai
116117	SF-NCS1K4-R731K9	optical-networking	software	non-hardware	laser_safety_class	8fa767ab35358fe9	Cisco Network Convergence System 1004 C-Band 1.2T Transponder Line Card Data Sheet - Cisco	1
147713	SF-NCS1K4-R731K9	optical-networking	software	non-hardware	optical_pm	8fa767ab35358fe9	Cisco Network Convergence System 1004 C-Band 1.2T Transponder Line Card Data Sheet - Cisco	Transmitter optical power ; Transmitter laser bias current ; Receiver optical po
147640	CP-16QAM	optical-networking	non_product	non-hardware	optical_pm	7ec8ef38de098198	Cisco NCS 4000 400 Gbps DWDM/OTN/Packet Universal Line Card Data Sheet - Cisco	Transmitter optical power ; Transmitter laser bias current ; Receiver optical po
85383	CP-16QAM	optical-networking	non_product	non-hardware	temp_storage	7ec8ef38de098198	Cisco NCS 4000 400 Gbps DWDM/OTN/Packet Universal Line Card Data Sheet - Cisco	-40°C to 70°C (-40°F to 158°F)
85384	CP-16QAM	optical-networking	non_product	non-hardware	humidity_operating	7ec8ef38de098198	Cisco NCS 4000 400 Gbps DWDM/OTN/Packet Universal Line Card Data Sheet - Cisco	5% to 85%, noncondensing 5% to 90% but not to exceed 0.024 kg water/kg of dry ai
85382	CP-16QAM	optical-networking	non_product	non-hardware	regions_supported	daee68aac49c1c7a	Cisco NCS 2000 400 Gbps XPonder Line Card Data Sheet - Cisco	● European Union ● Africa ● CSI ● Australia ● New Zealand ● China ● Korea ● Indi
147639	CP-16QAM	optical-networking	non_product	non-hardware	certifications	7ec8ef38de098198	Cisco NCS 4000 400 Gbps DWDM/OTN/Packet Universal Line Card Data Sheet - Cisco	● ETS 300-019-2-1 V2.1.2 (Storage, Class 1.1) ● ETS 300-019-2-2 V2.1.2 (1999-09)
141122	C9200L-48-E-A	switches	license	non-hardware	humidity_storage	de692de8d2c8f641	Cisco Catalyst 9200 Series Switches Data Sheet - Cisco	5% to 90% noncondensing
79851	C9200L-48-E-A	switches	license	non-hardware	temp_operating	de692de8d2c8f641	Cisco Catalyst 9200 Series Switches Data Sheet - Cisco	Normal operating temperature * and altitudes: ● -5°C to +45°C, up to 5000 feet (
79852	C9200L-48-E-A	switches	license	non-hardware	temp_storage	de692de8d2c8f641	Cisco Catalyst 9200 Series Switches Data Sheet - Cisco	-40° to 158°F (-40° to 70°C)
147079	C9200L-48-E-A	switches	license	non-hardware	ieee_standards	de692de8d2c8f641	Cisco Catalyst 9200 Series Switches Data Sheet - Cisco	EEE 802.1s ; RMON I and II standards ; IEEE 802.1w ; SNMPv1, v2c, and v3 ; IEEE 
158415	C9200L-48-E-A	switches	license	non-hardware	altitude_max	de692de8d2c8f641	Cisco Catalyst 9200 Series Switches Data Sheet - Cisco	10,000 ft. (3000 meters), up to 45°C
147080	C9200L-48-E-A	switches	license	non-hardware	certifications	de692de8d2c8f641	Cisco Catalyst 9200 Series Switches Data Sheet - Cisco	● 47 CFR Part 15 ● CISPR 32 Class A ● CNS 13438 ● EN 300 386 * ● EN 55032 Class 
141120	C9200CX-8-E-A-7	switches	license	non-hardware	humidity_storage	de692de8d2c8f641	Cisco Catalyst 9200 Series Switches Data Sheet - Cisco	5% to 90% noncondensing
146992	C9200CX-8-E-A-7	switches	license	non-hardware	certifications	de692de8d2c8f641	Cisco Catalyst 9200 Series Switches Data Sheet - Cisco	● 47 CFR Part 15 ● CISPR 32 Class A ● CNS 13438 ● EN 300 386 * ● EN 55032 Class 
79839	C9200CX-8-E-A-7	switches	license	non-hardware	temp_operating	de692de8d2c8f641	Cisco Catalyst 9200 Series Switches Data Sheet - Cisco	Normal operating temperature * and altitudes: ● -5°C to +45°C, up to 5000 feet (
79840	C9200CX-8-E-A-7	switches	license	non-hardware	temp_storage	de692de8d2c8f641	Cisco Catalyst 9200 Series Switches Data Sheet - Cisco	-40° to 158°F (-40° to 70°C)
146991	C9200CX-8-E-A-7	switches	license	non-hardware	ieee_standards	de692de8d2c8f641	Cisco Catalyst 9200 Series Switches Data Sheet - Cisco	EEE 802.1s ; RMON I and II standards ; IEEE 802.1w ; SNMPv1, v2c, and v3 ; IEEE 
158414	C9200CX-8-E-A-7	switches	license	non-hardware	altitude_max	de692de8d2c8f641	Cisco Catalyst 9200 Series Switches Data Sheet - Cisco	10,000 ft. (3000 meters), up to 45°C
141147	C9200-DNA-E-48-7Y	switches	license	non-hardware	humidity_storage	de692de8d2c8f641	Cisco Catalyst 9200 Series Switches Data Sheet - Cisco	5% to 90% noncondensing
80000	C9200-DNA-E-48-7Y	switches	license	non-hardware	temp_operating	de692de8d2c8f641	Cisco Catalyst 9200 Series Switches Data Sheet - Cisco	Normal operating temperature * and altitudes: ● -5°C to +45°C, up to 5000 feet (
80001	C9200-DNA-E-48-7Y	switches	license	non-hardware	temp_storage	de692de8d2c8f641	Cisco Catalyst 9200 Series Switches Data Sheet - Cisco	-40° to 158°F (-40° to 70°C)
205756	C9200-DNA-E-48-7Y	switches	license	non-hardware	certifications	de692de8d2c8f641	Cisco Catalyst 9200 Series Switches Data Sheet - Cisco	● 47 CFR Part 15 ● CISPR 32 Class A ● CNS 13438 ● EN 300 386 * ● EN 55032 Class 
141157	C9300-DNX-A-24-7Y	switches	license	non-hardware	humidity_storage	638d72c59601332b	Cisco Catalyst 9300 Series Switches Data Sheet - Cisco	5% to 90% noncondensing
198534	C9300-DNX-A-24-7Y	switches	license	non-hardware	ieee_standards	638d72c59601332b	Cisco Catalyst 9300 Series Switches Data Sheet - Cisco	IEEE 802.1s IEEE 802.1w IEEE 802.1x IEEE 802.1x-Rev IEEE 802.3ad IEEE 802.3ae IE
80061	C9300-DNX-A-24-7Y	switches	license	non-hardware	temp_operating	638d72c59601332b	Cisco Catalyst 9300 Series Switches Data Sheet - Cisco	Normal operating temperature * and altitudes: -5°C to +45°C, up to 5000 feet (15
80062	C9300-DNX-A-24-7Y	switches	license	non-hardware	temp_storage	638d72c59601332b	Cisco Catalyst 9300 Series Switches Data Sheet - Cisco	-40° to 158°F (-40° to 70°C)
100791	M9500SSE1K9=	interfaces-modules	license	non-hardware	fabric_services	62c99820b328a814	Cisco MDS 9500 Series Supervisor-2 Module - Cisco	• Name server • Registered State Change Notification (RSCN) • Login services • F
100792	M9500SSE1K9=	interfaces-modules	license	non-hardware	programming_interfaces	62c99820b328a814	Cisco MDS 9500 Series Supervisor-2 Module - Cisco	• Scriptable CLI • Fabric Manager GUI • Device Manager GUI
150172	M9396V-PL16=	storage-networking	license	non-hardware	diagnostics	ebe72ba693522dab	Cisco MDS 9396V 64-Gbps 96-Port Fibre Channel Switch Data Sheet - Cisco	● Power-On-Self-Test (POST) diagnostics ● Online Health Management System (OHMS)
150173	M9396V-PL16=	storage-networking	license	non-hardware	programming_interfaces	ebe72ba693522dab	Cisco MDS 9396V 64-Gbps 96-Port Fibre Channel Switch Data Sheet - Cisco	● Scriptable CLI ● Cisco NDFC web services API ● NX-API HTTP/HTTPS interfaces ● 
150175	M9396V-PL16=	storage-networking	license	non-hardware	fabric_services	ebe72ba693522dab	Cisco MDS 9396V 64-Gbps 96-Port Fibre Channel Switch Data Sheet - Cisco	● Name server ● Registered State Change Notification (RSCN) ● Login services ● F
100847	M9396V-PL16=	storage-networking	license	non-hardware	temp_operating	ebe72ba693522dab	Cisco MDS 9396V 64-Gbps 96-Port Fibre Channel Switch Data Sheet - Cisco	● Temperature, ambient operating: ◦ 32 to 104°F (0 to 40°C) with port-side exhau
150174	M9396V-PL16=	storage-networking	license	non-hardware	certifications	ebe72ba693522dab	Cisco MDS 9396V 64-Gbps 96-Port Fibre Channel Switch Data Sheet - Cisco	● Safety compliance ● CE Marking ● UL 60950 ● CAN/CSA-C22.2 No. 60950 ● EN 60950
118318	SL-39-UC-K9	interfaces-modules	license	non-hardware	dram	e539825af78bd0b5	Cisco Integrated Services Routers Generation 2 Ordering Guide - Cisco	None available; Fixed 512MB DRAM only
118319	SL-39-UC-K9	interfaces-modules	license	non-hardware	flash	e539825af78bd0b5	Cisco Integrated Services Routers Generation 2 Ordering Guide - Cisco	None available; Fixed internal 256MB eUSB Flash only
150192	M93VXK9-P-3Y	storage-networking	license	non-hardware	diagnostics	ebe72ba693522dab	Cisco MDS 9396V 64-Gbps 96-Port Fibre Channel Switch Data Sheet - Cisco	● Power-On-Self-Test (POST) diagnostics ● Online Health Management System (OHMS)
150193	M93VXK9-P-3Y	storage-networking	license	non-hardware	programming_interfaces	ebe72ba693522dab	Cisco MDS 9396V 64-Gbps 96-Port Fibre Channel Switch Data Sheet - Cisco	● Scriptable CLI ● Cisco NDFC web services API ● NX-API HTTP/HTTPS interfaces ● 
150195	M93VXK9-P-3Y	storage-networking	license	non-hardware	fabric_services	ebe72ba693522dab	Cisco MDS 9396V 64-Gbps 96-Port Fibre Channel Switch Data Sheet - Cisco	● Name server ● Registered State Change Notification (RSCN) ● Login services ● F
100741	M93VXK9-P-3Y	storage-networking	license	non-hardware	temp_operating	ebe72ba693522dab	Cisco MDS 9396V 64-Gbps 96-Port Fibre Channel Switch Data Sheet - Cisco	● Temperature, ambient operating: ◦ 32 to 104°F (0 to 40°C) with port-side exhau
150194	M93VXK9-P-3Y	storage-networking	license	non-hardware	certifications	ebe72ba693522dab	Cisco MDS 9396V 64-Gbps 96-Port Fibre Channel Switch Data Sheet - Cisco	● Safety compliance ● CE Marking ● UL 60950 ● CAN/CSA-C22.2 No. 60950 ● EN 60950
150184	M93VXK9-A-5Y	storage-networking	license	non-hardware	diagnostics	ebe72ba693522dab	Cisco MDS 9396V 64-Gbps 96-Port Fibre Channel Switch Data Sheet - Cisco	● Power-On-Self-Test (POST) diagnostics ● Online Health Management System (OHMS)
150185	M93VXK9-A-5Y	storage-networking	license	non-hardware	programming_interfaces	ebe72ba693522dab	Cisco MDS 9396V 64-Gbps 96-Port Fibre Channel Switch Data Sheet - Cisco	● Scriptable CLI ● Cisco NDFC web services API ● NX-API HTTP/HTTPS interfaces ● 
150187	M93VXK9-A-5Y	storage-networking	license	non-hardware	fabric_services	ebe72ba693522dab	Cisco MDS 9396V 64-Gbps 96-Port Fibre Channel Switch Data Sheet - Cisco	● Name server ● Registered State Change Notification (RSCN) ● Login services ● F
100449	M93VXK9-A-5Y	storage-networking	license	non-hardware	temp_operating	ebe72ba693522dab	Cisco MDS 9396V 64-Gbps 96-Port Fibre Channel Switch Data Sheet - Cisco	● Temperature, ambient operating: ◦ 32 to 104°F (0 to 40°C) with port-side exhau
150186	M93VXK9-A-5Y	storage-networking	license	non-hardware	certifications	ebe72ba693522dab	Cisco MDS 9396V 64-Gbps 96-Port Fibre Channel Switch Data Sheet - Cisco	● Safety compliance ● CE Marking ● UL 60950 ● CAN/CSA-C22.2 No. 60950 ● EN 60950
150200	M93VXK9-P-7Y	storage-networking	license	non-hardware	diagnostics	ebe72ba693522dab	Cisco MDS 9396V 64-Gbps 96-Port Fibre Channel Switch Data Sheet - Cisco	● Power-On-Self-Test (POST) diagnostics ● Online Health Management System (OHMS)
150201	M93VXK9-P-7Y	storage-networking	license	non-hardware	programming_interfaces	ebe72ba693522dab	Cisco MDS 9396V 64-Gbps 96-Port Fibre Channel Switch Data Sheet - Cisco	● Scriptable CLI ● Cisco NDFC web services API ● NX-API HTTP/HTTPS interfaces ● 
150203	M93VXK9-P-7Y	storage-networking	license	non-hardware	fabric_services	ebe72ba693522dab	Cisco MDS 9396V 64-Gbps 96-Port Fibre Channel Switch Data Sheet - Cisco	● Name server ● Registered State Change Notification (RSCN) ● Login services ● F
100628	M93VXK9-P-7Y	storage-networking	license	non-hardware	temp_operating	ebe72ba693522dab	Cisco MDS 9396V 64-Gbps 96-Port Fibre Channel Switch Data Sheet - Cisco	● Temperature, ambient operating: ◦ 32 to 104°F (0 to 40°C) with port-side exhau
150202	M93VXK9-P-7Y	storage-networking	license	non-hardware	certifications	ebe72ba693522dab	Cisco MDS 9396V 64-Gbps 96-Port Fibre Channel Switch Data Sheet - Cisco	● Safety compliance ● CE Marking ● UL 60950 ● CAN/CSA-C22.2 No. 60950 ● EN 60950
204144	A9K-24X10-OPT-LIC	routers	license	non-hardware	ieee_standards	bc806044b9be3fc2	Cisco ASR 9000 Series 24-Port 10 Gigabit Ethernet Line Cards Data Sheet - Cisco	● 10-Gbps IEEE 802.3 compliant ● 10 Gigabit Ethernet PHY monitoring ● IEEE 802.x
140618	A9K-24X10-OPT-LIC	routers	license	non-hardware	humidity_storage	bc806044b9be3fc2	Cisco ASR 9000 Series 24-Port 10 Gigabit Ethernet Line Cards Data Sheet - Cisco	5 to 95% Note: Not to exceed 0.024 kg of water per kg of dry air
73065	A9K-24X10-OPT-LIC	routers	license	non-hardware	humidity_operating	bc806044b9be3fc2	Cisco ASR 9000 Series 24-Port 10 Gigabit Ethernet Line Cards Data Sheet - Cisco	10 to 85%
150318	A9K-24X10-OPT-LIC	routers	license	non-hardware	temp_storage	bc806044b9be3fc2	Cisco ASR 9000 Series 24-Port 10 Gigabit Ethernet Line Cards Data Sheet - Cisco	–40 to 158ºF (–40 to 70ºC)
150320	A9K-24X10-OPT-LIC	routers	license	non-hardware	etsi_standards	bc806044b9be3fc2	Cisco ASR 9000 Series 24-Port 10 Gigabit Ethernet Line Cards Data Sheet - Cisco	Cisco ASR 9000 Series Routers are designed to meet: ● EN300 386: Telecommunicati
150317	A9K-24X10-OPT-LIC	routers	license	non-hardware	temp_operating	bc806044b9be3fc2	Cisco ASR 9000 Series 24-Port 10 Gigabit Ethernet Line Cards Data Sheet - Cisco	23 to 131ºF (–5 to 55ºC) Note: Short-term refers to a period of not more than 96
150319	A9K-24X10-OPT-LIC	routers	license	non-hardware	altitude_max	bc806044b9be3fc2	Cisco ASR 9000 Series 24-Port 10 Gigabit Ethernet Line Cards Data Sheet - Cisco	–60 to 4000m (up to 2000m conforms to IEC, EN, UL, and CSA 60950 requirements)
207111	A9K-24X10-OPT-LIC	routers	license	non-hardware	certifications	bc806044b9be3fc2	Cisco ASR 9000 Series 24-Port 10 Gigabit Ethernet Line Cards Data Sheet - Cisco	Cisco ASR 9000 Series Routers are designed to meet: ● SR-3580: NEBS Criteria Lev
203882	S-A9K-TUNNEL-ENT	routers	license	non-hardware	ieee_standards	2b56b0b7c4e8c61a	Cisco ASR 9903 Compact High-Performance Router Data Sheet - Cisco	● 10 Gbps IEEE 802.3ae compliant ● 40/100-Gbps IEEE 802.3ba compliant ● 100 Giga
142685	S-A9K-TUNNEL-ENT	routers	license	non-hardware	humidity_storage	2b56b0b7c4e8c61a	Cisco ASR 9903 Compact High-Performance Router Data Sheet - Cisco	5 to 95% Note: Not to exceed 0.024 kg of water per kg of dry air
145514	S-A9K-TUNNEL-ENT	routers	license	non-hardware	altitude_max	2b56b0b7c4e8c61a	Cisco ASR 9903 Compact High-Performance Router Data Sheet - Cisco	–60 to 1800 m
115232	S-A9K-TUNNEL-ENT	routers	license	non-hardware	supported_protocols	2b56b0b7c4e8c61a	Cisco ASR 9903 Compact High-Performance Router Data Sheet - Cisco	NetFlow, IEEE 802.1ag, IEEE 802.3ah, ITU Y.1731, IP Service-Level Agreement (IP 
115231	S-A9K-TUNNEL-ENT	routers	license	non-hardware	temp_operating	2b56b0b7c4e8c61a	Cisco ASR 9903 Compact High-Performance Router Data Sheet - Cisco	41 to 104°F (5 to 40°C) Note: Limitations may apply when using high-power optics
115227	S-A9K-TUNNEL-ENT	routers	license	non-hardware	humidity_operating	b8b4ec84e4a93e32	Cisco ASR 9901 Router Data Sheet - Cisco	10 to 85%
115229	S-A9K-TUNNEL-ENT	routers	license	non-hardware	temp_storage	b8b4ec84e4a93e32	Cisco ASR 9901 Router Data Sheet - Cisco	-40 to 158°F (-40 to 70°C)
206574	S-A9K-TUNNEL-ENT	routers	license	non-hardware	certifications	b8b4ec84e4a93e32	Cisco ASR 9901 Router Data Sheet - Cisco	Cisco ASR 9901 is designed to meet: ● SR-3580: NEBS Criteria Levels (Level 3) ● 
141052	C9300L-DNA-A-48-7Y	switches	license	non-hardware	humidity_storage	638d72c59601332b	Cisco Catalyst 9300 Series Switches Data Sheet - Cisco	5% to 90% noncondensing
198491	C9300L-DNA-A-48-7Y	switches	license	non-hardware	ieee_standards	638d72c59601332b	Cisco Catalyst 9300 Series Switches Data Sheet - Cisco	IEEE 802.1s IEEE 802.1w IEEE 802.1x IEEE 802.1x-Rev IEEE 802.3ad IEEE 802.3ae IE
79399	C9300L-DNA-A-48-7Y	switches	license	non-hardware	temp_operating	638d72c59601332b	Cisco Catalyst 9300 Series Switches Data Sheet - Cisco	Normal operating temperature * and altitudes: -5°C to +45°C, up to 5000 feet (15
79400	C9300L-DNA-A-48-7Y	switches	license	non-hardware	temp_storage	638d72c59601332b	Cisco Catalyst 9300 Series Switches Data Sheet - Cisco	-40° to 158°F (-40° to 70°C)
196368	IE5000-DNA-A-H-7Y	switches	license	non-hardware	rfc_compliance	5101115dc17605ec	Cisco Industrial Ethernet 5000 Series Switches Data Sheet - Cisco	● RFC 768: UDP ● RFC 783: TFTP ● RFC 791: IPv4 protocol ● RFC 792: ICMP ● RFC 79
198232	IE5000-DNA-A-H-7Y	switches	license	non-hardware	ieee_standards	5101115dc17605ec	Cisco Industrial Ethernet 5000 Series Switches Data Sheet - Cisco	● IEEE 802.1D MAC Bridges, STP ● IEEE 802.1p Layer2 COS prioritization ● IEEE 80
141545	IE5000-DNA-A-H-7Y	switches	license	non-hardware	snmp_mibs	5101115dc17605ec	Cisco Industrial Ethernet 5000 Series Switches Data Sheet - Cisco	● BRIDGE-MIB ● CALISTA-DPA-MIB ● CISCO-ACCESS-ENVMON-MIB ● CISCO-ADMISSION-POLIC
96371	IE5000-DNA-A-H-7Y	switches	license	non-hardware	mac_table	5101115dc17605ec	Cisco Industrial Ethernet 5000 Series Switches Data Sheet - Cisco	16,000
96372	IE5000-DNA-A-H-7Y	switches	license	non-hardware	vlan_max	5101115dc17605ec	Cisco Industrial Ethernet 5000 Series Switches Data Sheet - Cisco	1,005
196367	IE5000-DNA-A-H-3Y	switches	license	non-hardware	rfc_compliance	5101115dc17605ec	Cisco Industrial Ethernet 5000 Series Switches Data Sheet - Cisco	● RFC 768: UDP ● RFC 783: TFTP ● RFC 791: IPv4 protocol ● RFC 792: ICMP ● RFC 79
198231	IE5000-DNA-A-H-3Y	switches	license	non-hardware	ieee_standards	5101115dc17605ec	Cisco Industrial Ethernet 5000 Series Switches Data Sheet - Cisco	● IEEE 802.1D MAC Bridges, STP ● IEEE 802.1p Layer2 COS prioritization ● IEEE 80
141544	IE5000-DNA-A-H-3Y	switches	license	non-hardware	snmp_mibs	5101115dc17605ec	Cisco Industrial Ethernet 5000 Series Switches Data Sheet - Cisco	● BRIDGE-MIB ● CALISTA-DPA-MIB ● CISCO-ACCESS-ENVMON-MIB ● CISCO-ADMISSION-POLIC
96365	IE5000-DNA-A-H-3Y	switches	license	non-hardware	mac_table	5101115dc17605ec	Cisco Industrial Ethernet 5000 Series Switches Data Sheet - Cisco	16,000
96366	IE5000-DNA-A-H-3Y	switches	license	non-hardware	vlan_max	5101115dc17605ec	Cisco Industrial Ethernet 5000 Series Switches Data Sheet - Cisco	1,005
141556	IE3300-DNA-E-7Y	switches	license	non-hardware	qos_features	7b24beb93905621c	Cisco Catalyst IE3300 Rugged Series Data Sheet - Cisco	Ingress policing, rate limit, egress queuing and shaping, auto QoS
96464	IE3300-DNA-E-7Y	switches	license	non-hardware	programming_interfaces	7b24beb93905621c	Cisco Catalyst IE3300 Rugged Series Data Sheet - Cisco	YANG, NETCONF, RESTCONF
96466	IE3300-DNA-E-7Y	switches	license	non-hardware	humidity_operating	7b24beb93905621c	Cisco Catalyst IE3300 Rugged Series Data Sheet - Cisco	Relative humidity of 5% to 95% non-condensing IEC 60068-2-78 IEC 60068-2-30
96470	IE3300-DNA-E-7Y	switches	license	non-hardware	temp_operating	7b24beb93905621c	Cisco Catalyst IE3300 Rugged Series Data Sheet - Cisco	Operating temperature: -40°C to +70°C (40 LFM vented enclosure) -40°C to +60°C (
96471	IE3300-DNA-E-7Y	switches	license	non-hardware	temp_storage	7b24beb93905621c	Cisco Catalyst IE3300 Rugged Series Data Sheet - Cisco	Temperature: -40°C to +85°C degrees Altitude: 15,000 feet IEC 60068-2-14
96472	IE3300-DNA-E-7Y	switches	license	non-hardware	shock	7b24beb93905621c	Cisco Catalyst IE3300 Rugged Series Data Sheet - Cisco	IEC 60068-2-27 (operational shock, 50G, 3ms, half sine) IEC 60068-2-27 (non-oper
141555	IE3300-DNA-E-5Y	switches	license	non-hardware	qos_features	7b24beb93905621c	Cisco Catalyst IE3300 Rugged Series Data Sheet - Cisco	Ingress policing, rate limit, egress queuing and shaping, auto QoS
96459	IE3300-DNA-E-5Y	switches	license	non-hardware	temp_operating	7b24beb93905621c	Cisco Catalyst IE3300 Rugged Series Data Sheet - Cisco	Operating temperature: -40°C to +70°C (40 LFM vented enclosure) -40°C to +60°C (
96453	IE3300-DNA-E-5Y	switches	license	non-hardware	programming_interfaces	7b24beb93905621c	Cisco Catalyst IE3300 Rugged Series Data Sheet - Cisco	YANG, NETCONF, RESTCONF
96455	IE3300-DNA-E-5Y	switches	license	non-hardware	humidity_operating	7b24beb93905621c	Cisco Catalyst IE3300 Rugged Series Data Sheet - Cisco	Relative humidity of 5% to 95% non-condensing IEC 60068-2-78 IEC 60068-2-30
96460	IE3300-DNA-E-5Y	switches	license	non-hardware	temp_storage	7b24beb93905621c	Cisco Catalyst IE3300 Rugged Series Data Sheet - Cisco	Temperature: -40°C to +85°C degrees Altitude: 15,000 feet IEC 60068-2-14
96461	IE3300-DNA-E-5Y	switches	license	non-hardware	shock	7b24beb93905621c	Cisco Catalyst IE3300 Rugged Series Data Sheet - Cisco	IEC 60068-2-27 (operational shock, 50G, 3ms, half sine) IEC 60068-2-27 (non-oper
141582	IE3400H-DNA-A-7Y	switches	license	non-hardware	qos_features	08a17028631b331a	Cisco Catalyst IE3400 Heavy Duty Series Data Sheet - Cisco	Ingress policing, rate limit, egress queuing/shaping, auto QoS
96703	IE3400H-DNA-A-7Y	switches	license	non-hardware	programming_interfaces	08a17028631b331a	Cisco Catalyst IE3400 Heavy Duty Series Data Sheet - Cisco	YANG, NETCONF, RESTCONF
96704	IE3400H-DNA-A-7Y	switches	license	non-hardware	emc_emissions	08a17028631b331a	Cisco Catalyst IE3400 Heavy Duty Series Data Sheet - Cisco	Emissions (Class A): FCC 47 CFR Part 15 subpart B ICES-003 EN 55011 EN 55032/ CI
96705	IE3400H-DNA-A-7Y	switches	license	non-hardware	temp_operating	08a17028631b331a	Cisco Catalyst IE3400 Heavy Duty Series Data Sheet - Cisco	-40°C to +75°C (-40F to 167F) (with airflow) with 200 LFM airflow -40°C to +70°C
96706	IE3400H-DNA-A-7Y	switches	license	non-hardware	temp_storage	08a17028631b331a	Cisco Catalyst IE3400 Heavy Duty Series Data Sheet - Cisco	-40°C to +85°C (-40F to 185F) IEC 60068-2-14 Altitude: Up to 13,800 feet (4,200 
96710	IE3400H-DNA-A-7Y	switches	license	non-hardware	shock	08a17028631b331a	Cisco Catalyst IE3400 Heavy Duty Series Data Sheet - Cisco	IEC 60068-2-6 Vibration: IEC 60068-2-6, IEC 255 21.1 Class 1 Vibration Test IEC 
205966	IE3400H-DNA-A-7Y	switches	license	non-hardware	certifications	08a17028631b331a	Cisco Catalyst IE3400 Heavy Duty Series Data Sheet - Cisco	EN 61000-6-1 Immunity standards for light industrial ENV EN 61000-6-2 Immunity s
205051	L-ISA3000T-TM-5Y	security	license	non-hardware	supported_protocols	ebce9a0dbe4b1ace	Cisco Secure Firewall ISA3000 Data Sheet - Cisco	● IPv4 static routing ● Dynamic routing (Routing Information Protocol [RIP], Enh
199002	L-ISA3000T-TM-5Y	security	license	non-hardware	ieee_standards	ebce9a0dbe4b1ace	Cisco Secure Firewall ISA3000 Data Sheet - Cisco	● IEEE 802.1D MAC Bridges, Spanning Tree Protocol (STP) ● IEEE 802.1p Layer2 cla
196391	L-ISA3000T-TM-5Y	security	license	non-hardware	rfc_compliance	ebce9a0dbe4b1ace	Cisco Secure Firewall ISA3000 Data Sheet - Cisco	● RFC 768: User Datagram Protocol (UDP) ● RFC 783: Trivial FTP (TFTP) ● RFC 791:
141669	IE3500-DNA-E	switches	license	non-hardware	qos_features	de20866285786429	Cisco IE3500 Heavy Duty Series Data Sheet - Cisco	Ingress policing, rate limit, egress queuing/shaping, auto QoS
97479	IE3500-DNA-E	switches	license	non-hardware	emc_emissions	de20866285786429	Cisco IE3500 Heavy Duty Series Data Sheet - Cisco	Emissions (Class A): FCC 47 CFR Part 15 subpart B ICES-003 EN 55011 EN 55032/ CI
97485	IE3500-DNA-E	switches	license	non-hardware	humidity_operating	b8622078cd3085fd	Cisco IE3500 Rugged Series Data Sheet - Cisco	Relative humidity of 5% to 95% non-condensing IEC 60068-2-78 IEC 60068-2-30
141720	IE3400-DNA-E-3Y	switches	license	non-hardware	qos_features	2ea8fc17200677fa	Cisco Catalyst IE3400 Rugged Series Data Sheet - Cisco	Ingress policing, rate limit, egress queuing/shaping, auto QoS
98078	IE3400-DNA-E-3Y	switches	license	non-hardware	programming_interfaces	2ea8fc17200677fa	Cisco Catalyst IE3400 Rugged Series Data Sheet - Cisco	YANG, NETCONF, RESTCONF
98080	IE3400-DNA-E-3Y	switches	license	non-hardware	humidity_operating	2ea8fc17200677fa	Cisco Catalyst IE3400 Rugged Series Data Sheet - Cisco	Relative humidity of 5% to 95% non-condensing IEC 60068-2-78 IEC 60068-2-30
98084	IE3400-DNA-E-3Y	switches	license	non-hardware	temp_operating	2ea8fc17200677fa	Cisco Catalyst IE3400 Rugged Series Data Sheet - Cisco	Operating temperature: -40°C to +70°C (40 LFM vented enclosure) -40°C to +60°C (
98085	IE3400-DNA-E-3Y	switches	license	non-hardware	temp_storage	2ea8fc17200677fa	Cisco Catalyst IE3400 Rugged Series Data Sheet - Cisco	Temperature: - 40°C to +85°C Altitude: 15,000 feet IEC 60068-2-14
98086	IE3400-DNA-E-3Y	switches	license	non-hardware	shock	2ea8fc17200677fa	Cisco Catalyst IE3400 Rugged Series Data Sheet - Cisco	IEC 60068-2-27 (operational shock, 50G, 3ms, half sine) IEC 60068-2-27 (non-oper
141722	IE9300-DNA-A-7Y	switches	license	non-hardware	qos_features	1b91e980e48bf2c7	Cisco Catalyst IE9300 Rugged Series Data Sheet - Cisco	802.1p, priority queuing, Modular QoS command-line interface (MQC), class-based 
98100	IE9300-DNA-A-7Y	switches	license	non-hardware	programming_interfaces	1b91e980e48bf2c7	Cisco Catalyst IE9300 Rugged Series Data Sheet - Cisco	YANG, NETCONF, RESTCONF, Cisco Plug and Play (PnP), Day-0 Zero Touch Provisionin
98102	IE9300-DNA-A-7Y	switches	license	non-hardware	humidity_operating	1b91e980e48bf2c7	Cisco Catalyst IE9300 Rugged Series Data Sheet - Cisco	Relative humidity of 5% to 95% noncondensing IEC 60068-2-3 IEC 60068-2-30
98106	IE9300-DNA-A-7Y	switches	license	non-hardware	temp_operating	1b91e980e48bf2c7	Cisco Catalyst IE9300 Rugged Series Data Sheet - Cisco	Operating temperature: -40° to 75°C (-40° to 167°F) (blower-equipped cabinet) -4
98107	IE9300-DNA-A-7Y	switches	license	non-hardware	shock	1b91e980e48bf2c7	Cisco Catalyst IE9300 Rugged Series Data Sheet - Cisco	IEC 60068-2-6 (Vibration) IEC 60068-2-27 (Shock) IEC 60068-2-31 (Shock) IEC 6006
131639	IE9300-DNA-A-7Y	switches	license	non-hardware	temp_storage	1b91e980e48bf2c7	Cisco Catalyst IE9300 Rugged Series Data Sheet - Cisco	Temperature: -40° to 85°C (-40° to 185°F) Altitude: 15,000 feet (4572 m) IEC 600
102546	N3548-LAN1K9	switches	license	non-hardware	emc_emissions	3a6079cc99f8bc30	Cisco Nexus 3548-X, 3524-X, 3548-XL, and 3524-XL Switches Data Sheet - Cisco	● 47CFR Part 15 (CFR 47) Class A ● AS/NZS CISPR22 Class A ● CISPR22 Class A ● EN
102547	N3548-LAN1K9	switches	license	non-hardware	emc_immunity	3a6079cc99f8bc30	Cisco Nexus 3548-X, 3524-X, 3548-XL, and 3524-XL Switches Data Sheet - Cisco	● EN55024 ● CISPR24 ● EN300386 ● KN24
102784	N3524-LAN1K9	switches	license	non-hardware	emc_emissions	3a6079cc99f8bc30	Cisco Nexus 3548-X, 3524-X, 3548-XL, and 3524-XL Switches Data Sheet - Cisco	● 47CFR Part 15 (CFR 47) Class A ● AS/NZS CISPR22 Class A ● CISPR22 Class A ● EN
102785	N3524-LAN1K9	switches	license	non-hardware	emc_immunity	3a6079cc99f8bc30	Cisco Nexus 3548-X, 3524-X, 3548-XL, and 3524-XL Switches Data Sheet - Cisco	● EN55024 ● CISPR24 ● EN300386 ● KN24
102885	N3548-ALGK9	switches	license	non-hardware	emc_emissions	3a6079cc99f8bc30	Cisco Nexus 3548-X, 3524-X, 3548-XL, and 3524-XL Switches Data Sheet - Cisco	● 47CFR Part 15 (CFR 47) Class A ● AS/NZS CISPR22 Class A ● CISPR22 Class A ● EN
102886	N3548-ALGK9	switches	license	non-hardware	emc_immunity	3a6079cc99f8bc30	Cisco Nexus 3548-X, 3524-X, 3548-XL, and 3524-XL Switches Data Sheet - Cisco	● EN55024 ● CISPR24 ● EN300386 ● KN24
141763	LIC-C9300-24E-10Y	switches	license	non-hardware	humidity_storage	638d72c59601332b	Cisco Catalyst 9300 Series Switches Data Sheet - Cisco	5% to 90% noncondensing
198542	LIC-C9300-24E-10Y	switches	license	non-hardware	ieee_standards	638d72c59601332b	Cisco Catalyst 9300 Series Switches Data Sheet - Cisco	IEEE 802.1s IEEE 802.1w IEEE 802.1x IEEE 802.1x-Rev IEEE 802.3ad IEEE 802.3ae IE
99348	LIC-C9300-24E-10Y	switches	license	non-hardware	temp_operating	638d72c59601332b	Cisco Catalyst 9300 Series Switches Data Sheet - Cisco	Normal operating temperature * and altitudes: -5°C to +45°C, up to 5000 feet (15
99349	LIC-C9300-24E-10Y	switches	license	non-hardware	temp_storage	638d72c59601332b	Cisco Catalyst 9300 Series Switches Data Sheet - Cisco	-40° to 158°F (-40° to 70°C)
141767	LIC-C9300-48E-10Y	switches	license	non-hardware	humidity_storage	638d72c59601332b	Cisco Catalyst 9300 Series Switches Data Sheet - Cisco	5% to 90% noncondensing
198546	LIC-C9300-48E-10Y	switches	license	non-hardware	ieee_standards	638d72c59601332b	Cisco Catalyst 9300 Series Switches Data Sheet - Cisco	IEEE 802.1s IEEE 802.1w IEEE 802.1x IEEE 802.1x-Rev IEEE 802.3ad IEEE 802.3ae IE
99396	LIC-C9300-48E-10Y	switches	license	non-hardware	temp_operating	638d72c59601332b	Cisco Catalyst 9300 Series Switches Data Sheet - Cisco	Normal operating temperature * and altitudes: -5°C to +45°C, up to 5000 feet (15
99397	LIC-C9300-48E-10Y	switches	license	non-hardware	temp_storage	638d72c59601332b	Cisco Catalyst 9300 Series Switches Data Sheet - Cisco	-40° to 158°F (-40° to 70°C)
141774	LIC-C9300-24E-1Y	switches	license	non-hardware	humidity_storage	638d72c59601332b	Cisco Catalyst 9300 Series Switches Data Sheet - Cisco	5% to 90% noncondensing
198553	LIC-C9300-24E-1Y	switches	license	non-hardware	ieee_standards	638d72c59601332b	Cisco Catalyst 9300 Series Switches Data Sheet - Cisco	IEEE 802.1s IEEE 802.1w IEEE 802.1x IEEE 802.1x-Rev IEEE 802.3ad IEEE 802.3ae IE
99470	LIC-C9300-24E-1Y	switches	license	non-hardware	temp_operating	638d72c59601332b	Cisco Catalyst 9300 Series Switches Data Sheet - Cisco	Normal operating temperature * and altitudes: -5°C to +45°C, up to 5000 feet (15
99471	LIC-C9300-24E-1Y	switches	license	non-hardware	temp_storage	638d72c59601332b	Cisco Catalyst 9300 Series Switches Data Sheet - Cisco	-40° to 158°F (-40° to 70°C)
141780	LIC-C9300-24E-3Y	switches	license	non-hardware	humidity_storage	638d72c59601332b	Cisco Catalyst 9300 Series Switches Data Sheet - Cisco	5% to 90% noncondensing
198559	LIC-C9300-24E-3Y	switches	license	non-hardware	ieee_standards	638d72c59601332b	Cisco Catalyst 9300 Series Switches Data Sheet - Cisco	IEEE 802.1s IEEE 802.1w IEEE 802.1x IEEE 802.1x-Rev IEEE 802.3ad IEEE 802.3ae IE
99534	LIC-C9300-24E-3Y	switches	license	non-hardware	temp_operating	638d72c59601332b	Cisco Catalyst 9300 Series Switches Data Sheet - Cisco	Normal operating temperature * and altitudes: -5°C to +45°C, up to 5000 feet (15
99535	LIC-C9300-24E-3Y	switches	license	non-hardware	temp_storage	638d72c59601332b	Cisco Catalyst 9300 Series Switches Data Sheet - Cisco	-40° to 158°F (-40° to 70°C)
76310	C1P1TN9300XF-5Y	switches	license	non-hardware	temp_operating	c294a6ef715a933d	Cisco N9300-EX, FX, and FX3 24 Port Series Switches Data Sheet - Cisco	32 to 104°F (0 to 40°C)
76312	C1P1TN9300XF-5Y	switches	license	non-hardware	humidity_operating	c294a6ef715a933d	Cisco N9300-EX, FX, and FX3 24 Port Series Switches Data Sheet - Cisco	5 to 95% (noncondensing)
151387	C1P1TN9300XF-5Y	switches	license	non-hardware	temp_storage	c294a6ef715a933d	Cisco N9300-EX, FX, and FX3 24 Port Series Switches Data Sheet - Cisco	–40 to 158°F (–40 to 70°C)
151388	C1P1TN9300XF-5Y	switches	license	non-hardware	emc_emissions	c294a6ef715a933d	Cisco N9300-EX, FX, and FX3 24 Port Series Switches Data Sheet - Cisco	● 47CFR Part 15 (CFR 47) Class A ● AS/NZS CISPR22 Class A ● CISPR22 Class A ● EN
151389	C1P1TN9300XF-5Y	switches	license	non-hardware	emc_immunity	c294a6ef715a933d	Cisco N9300-EX, FX, and FX3 24 Port Series Switches Data Sheet - Cisco	● EN55024 ● CISPR24 ● EN300386 ● KN 61000-4 series
131383	C1P1TN9300XF-5Y	switches	license	non-hardware	altitude_max	c294a6ef715a933d	Cisco N9300-EX, FX, and FX3 24 Port Series Switches Data Sheet - Cisco	0 to 13,123 ft (0 to 4000m)
152799	N6KUK9-730N1.1A	switches	software	non-hardware	emc_emissions	d4f2edad9ed4f1eb	Cisco Nexus 5600 Platform 10-Gbps Switches Data Sheet - Cisco	● 47CFR Part 15 (CFR 47) Class A ● AS/NZS CISPR22 Class A ● CISPR22 Class A ● EN
152800	N6KUK9-730N1.1A	switches	software	non-hardware	emc_immunity	d4f2edad9ed4f1eb	Cisco Nexus 5600 Platform 10-Gbps Switches Data Sheet - Cisco	● EN55024 ● CISPR24 ● EN300386 ● KN 61000-4 series
103356	N6KUK9-710N1.1A=	switches	software	non-hardware	emc_emissions	6808d677ec50358c	Cisco Nexus 5600 Platform 40-Gbps Switches Data Sheet - Cisco	● 47CFR Part 15 (CFR 47) Class A ● AS/NZS CISPR22 Class A ● CISPR22 Class A ● EN
103357	N6KUK9-710N1.1A=	switches	software	non-hardware	emc_immunity	6808d677ec50358c	Cisco Nexus 5600 Platform 40-Gbps Switches Data Sheet - Cisco	● EN55024 ● CISPR24 ● EN300386 ● KN 61000-4 series
152578	M9500EXT12K9	interfaces-modules	license	non-hardware	fabric_services	1b98b1a44bc94014	Cisco MDS 9000 Family Multiprotocol Services Module - Cisco	• Name server · Internet Storage Name Server (iSNS) · Registered State Change No
207474	M9500EXT12K9	interfaces-modules	license	non-hardware	certifications	1b98b1a44bc94014	Cisco MDS 9000 Family Multiprotocol Services Module - Cisco	• Safety compliance · CE Marking · UL 60950 · CAN/CSA-C22.2 No. 60950 · EN 60950
152580	M9500EXT12K9=	interfaces-modules	license	non-hardware	fabric_services	1b98b1a44bc94014	Cisco MDS 9000 Family Multiprotocol Services Module - Cisco	• Name server · Internet Storage Name Server (iSNS) · Registered State Change No
207475	M9500EXT12K9=	interfaces-modules	license	non-hardware	certifications	1b98b1a44bc94014	Cisco MDS 9000 Family Multiprotocol Services Module - Cisco	• Safety compliance · CE Marking · UL 60950 · CAN/CSA-C22.2 No. 60950 · EN 60950
142668	S-A9K-9901-256AIP	routers	license	non-hardware	humidity_storage	b8b4ec84e4a93e32	Cisco ASR 9901 Router Data Sheet - Cisco	5 to 95% Note: Not to exceed 0.024 kg water or dry air
115107	S-A9K-9901-256AIP	routers	license	non-hardware	humidity_operating	b8b4ec84e4a93e32	Cisco ASR 9901 Router Data Sheet - Cisco	10 to 85%
115109	S-A9K-9901-256AIP	routers	license	non-hardware	temp_storage	b8b4ec84e4a93e32	Cisco ASR 9901 Router Data Sheet - Cisco	-40 to 158°F (-40 to 70°C)
206563	S-A9K-9901-256AIP	routers	license	non-hardware	certifications	b8b4ec84e4a93e32	Cisco ASR 9901 Router Data Sheet - Cisco	Cisco ASR 9901 is designed to meet: ● SR-3580: NEBS Criteria Levels (Level 3) ● 
204113	A9K-MOD160-OPT-LIC	routers	license	non-hardware	ieee_standards	8ca1749c46484a31	Cisco ASR 9000 Series Modular Line Cards Data Sheet - Cisco	● IEEE 802.3 compliant ● 10 Gigabit Ethernet PHY monitoring ● IEEE 802.x flow co
140569	A9K-MOD160-OPT-LIC	routers	license	non-hardware	humidity_storage	8ca1749c46484a31	Cisco ASR 9000 Series Modular Line Cards Data Sheet - Cisco	5 to 95% Note: Not to exceed 0.024 kg of water per kg of dry air
72671	A9K-MOD160-OPT-LIC	routers	license	non-hardware	humidity_operating	8ca1749c46484a31	Cisco ASR 9000 Series Modular Line Cards Data Sheet - Cisco	10 to 85%
153301	A9K-MOD160-OPT-LIC	routers	license	non-hardware	temp_storage	8ca1749c46484a31	Cisco ASR 9000 Series Modular Line Cards Data Sheet - Cisco	–40 to 158ºF (–40 to 70ºC)
153300	A9K-MOD160-OPT-LIC	routers	license	non-hardware	temp_operating	8ca1749c46484a31	Cisco ASR 9000 Series Modular Line Cards Data Sheet - Cisco	23 to 131ºF (–5 to 55ºC)
153303	A9K-MOD160-OPT-LIC	routers	license	non-hardware	etsi_standards	8ca1749c46484a31	Cisco ASR 9000 Series Modular Line Cards Data Sheet - Cisco	Cisco ASR 9000 Series Routers are designed to meet: ● EN300 386: Telecommunicati
153302	A9K-MOD160-OPT-LIC	routers	license	non-hardware	altitude_max	8ca1749c46484a31	Cisco ASR 9000 Series Modular Line Cards Data Sheet - Cisco	–60 to 4000m (up to 2000m conforms to IEC, EN, UL, and CSA 60950 requirements)
207669	A9K-MOD160-OPT-LIC	routers	license	non-hardware	certifications	8ca1749c46484a31	Cisco ASR 9000 Series Modular Line Cards Data Sheet - Cisco	Cisco ASR 9000 Series Routers are designed to meet: ● SR-3580: NEBS Criteria Lev
204112	A9K-MOD160-AIP-SE	routers	license	non-hardware	ieee_standards	8ca1749c46484a31	Cisco ASR 9000 Series Modular Line Cards Data Sheet - Cisco	● IEEE 802.3 compliant ● 10 Gigabit Ethernet PHY monitoring ● IEEE 802.x flow co
140577	A9K-MOD160-AIP-SE	routers	license	non-hardware	humidity_storage	8ca1749c46484a31	Cisco ASR 9000 Series Modular Line Cards Data Sheet - Cisco	5 to 95% Note: Not to exceed 0.024 kg of water per kg of dry air
72734	A9K-MOD160-AIP-SE	routers	license	non-hardware	humidity_operating	8ca1749c46484a31	Cisco ASR 9000 Series Modular Line Cards Data Sheet - Cisco	10 to 85%
153295	A9K-MOD160-AIP-SE	routers	license	non-hardware	temp_storage	8ca1749c46484a31	Cisco ASR 9000 Series Modular Line Cards Data Sheet - Cisco	–40 to 158ºF (–40 to 70ºC)
153294	A9K-MOD160-AIP-SE	routers	license	non-hardware	temp_operating	8ca1749c46484a31	Cisco ASR 9000 Series Modular Line Cards Data Sheet - Cisco	23 to 131ºF (–5 to 55ºC)
153297	A9K-MOD160-AIP-SE	routers	license	non-hardware	etsi_standards	8ca1749c46484a31	Cisco ASR 9000 Series Modular Line Cards Data Sheet - Cisco	Cisco ASR 9000 Series Routers are designed to meet: ● EN300 386: Telecommunicati
153296	A9K-MOD160-AIP-SE	routers	license	non-hardware	altitude_max	8ca1749c46484a31	Cisco ASR 9000 Series Modular Line Cards Data Sheet - Cisco	–60 to 4000m (up to 2000m conforms to IEC, EN, UL, and CSA 60950 requirements)
207668	A9K-MOD160-AIP-SE	routers	license	non-hardware	certifications	8ca1749c46484a31	Cisco ASR 9000 Series Modular Line Cards Data Sheet - Cisco	Cisco ASR 9000 Series Routers are designed to meet: ● SR-3580: NEBS Criteria Lev
204124	A9K-MOD80-VID-LIC	routers	license	non-hardware	ieee_standards	8ca1749c46484a31	Cisco ASR 9000 Series Modular Line Cards Data Sheet - Cisco	● IEEE 802.3 compliant ● 10 Gigabit Ethernet PHY monitoring ● IEEE 802.x flow co
140616	A9K-MOD80-VID-LIC	routers	license	non-hardware	humidity_storage	8ca1749c46484a31	Cisco ASR 9000 Series Modular Line Cards Data Sheet - Cisco	5 to 95% Note: Not to exceed 0.024 kg of water per kg of dry air
73051	A9K-MOD80-VID-LIC	routers	license	non-hardware	humidity_operating	8ca1749c46484a31	Cisco ASR 9000 Series Modular Line Cards Data Sheet - Cisco	10 to 85%
153367	A9K-MOD80-VID-LIC	routers	license	non-hardware	temp_storage	8ca1749c46484a31	Cisco ASR 9000 Series Modular Line Cards Data Sheet - Cisco	–40 to 158ºF (–40 to 70ºC)
153369	A9K-MOD80-VID-LIC	routers	license	non-hardware	etsi_standards	8ca1749c46484a31	Cisco ASR 9000 Series Modular Line Cards Data Sheet - Cisco	Cisco ASR 9000 Series Routers are designed to meet: ● EN300 386: Telecommunicati
153366	A9K-MOD80-VID-LIC	routers	license	non-hardware	temp_operating	8ca1749c46484a31	Cisco ASR 9000 Series Modular Line Cards Data Sheet - Cisco	23 to 131ºF (–5 to 55ºC)
153368	A9K-MOD80-VID-LIC	routers	license	non-hardware	altitude_max	8ca1749c46484a31	Cisco ASR 9000 Series Modular Line Cards Data Sheet - Cisco	–60 to 4000m (up to 2000m conforms to IEC, EN, UL, and CSA 60950 requirements)
207680	A9K-MOD80-VID-LIC	routers	license	non-hardware	certifications	8ca1749c46484a31	Cisco ASR 9000 Series Modular Line Cards Data Sheet - Cisco	Cisco ASR 9000 Series Routers are designed to meet: ● SR-3580: NEBS Criteria Lev
142841	SL-8100-NE/BOOS-K9	routers	license	non-hardware	qos_features	3f4ba2d43e77a0e4	Cisco Catalyst IR8100 Heavy Duty Series Router Data Sheet - Cisco	● Provides LTE QoS with support for up to 8 concurrent bearers on each cellular 
118339	SL-8100-NE/BOOS-K9	routers	license	non-hardware	dram	3f4ba2d43e77a0e4	Cisco Catalyst IR8100 Heavy Duty Series Router Data Sheet - Cisco	8 GB
118340	SL-8100-NE/BOOS-K9	routers	license	non-hardware	flash	3f4ba2d43e77a0e4	Cisco Catalyst IR8100 Heavy Duty Series Router Data Sheet - Cisco	8 GB (usable)
182507	SL-8100-NE/BOOS-K9	routers	license	non-hardware	mounting	3f4ba2d43e77a0e4	Cisco Catalyst IR8100 Heavy Duty Series Router Data Sheet - Cisco	Wall, pole mount
205117	SL-8100-NE/BOOS-K9	routers	license	non-hardware	supported_protocols	3f4ba2d43e77a0e4	Cisco Catalyst IR8100 Heavy Duty Series Router Data Sheet - Cisco	● IPv6 addressing architecture ● IPv6 unicast and multicast forwarding ● IPv6 AC
111518	OTU4	optical-networking	non_product	non-hardware	regions_supported	ac37a16b11d60129	Cisco ONS 15454 100-Gbps CP-DQPSK Full C-Band Tunable DWDM Trunk Card Data Sheet - Cisco	● European Union ● Africa ● CSI ● Australia ● New Zealand ● China ● Korea ● Indi
153588	OTU4	optical-networking	non_product	non-hardware	emc_emissions	ac37a16b11d60129	Cisco ONS 15454 100-Gbps CP-DQPSK Full C-Band Tunable DWDM Trunk Card Data Sheet - Cisco	● ETSI EN 300 386 V1.4.1 (2008-04) Telecommunication network equipment EMC requi
111520	OTU4	optical-networking	non_product	non-hardware	laser_safety_class	ac37a16b11d60129	Cisco ONS 15454 100-Gbps CP-DQPSK Full C-Band Tunable DWDM Trunk Card Data Sheet - Cisco	1
153589	OTU4	optical-networking	non_product	non-hardware	optical_pm	ac37a16b11d60129	Cisco ONS 15454 100-Gbps CP-DQPSK Full C-Band Tunable DWDM Trunk Card Data Sheet - Cisco	Transmit Optical Power ; Transmitter Laser Bias Current ; Receiver Optical Power
208049	S84GNPEK9-15502T	routers	software	non-hardware	supported_protocols	f3c2e4e7292410f4	Cisco 819 Non-Hardened 4G LTE 2.0 Machine-to-Machine Integrated Services Routers with Wi-F	● IPv6 addressing architecture ● IPv6 name resolution ● IPv6 statistics ● IPv6 t
115734	S84GNPEK9-15502T	routers	software	non-hardware	programming_interfaces	f3c2e4e7292410f4	Cisco 819 Non-Hardened 4G LTE 2.0 Machine-to-Machine Integrated Services Routers with Wi-F	● Cisco IOS Software CLI
115736	S84GNPEK9-15502T	routers	software	non-hardware	dram	f3c2e4e7292410f4	Cisco 819 Non-Hardened 4G LTE 2.0 Machine-to-Machine Integrated Services Routers with Wi-F	1 GB
115737	S84GNPEK9-15502T	routers	software	non-hardware	flash	f3c2e4e7292410f4	Cisco 819 Non-Hardened 4G LTE 2.0 Machine-to-Machine Integrated Services Routers with Wi-F	1 GB
115742	S84GNPEK9-15502T	routers	software	non-hardware	emc_emissions	f3c2e4e7292410f4	Cisco 819 Non-Hardened 4G LTE 2.0 Machine-to-Machine Integrated Services Routers with Wi-F	EN55022/CISPR22, CFR 47 Part 15, ICES003, VCCI-V-3, AS/NZS CISPR22, CNS13438, EN
115739	S84GNPEK9-15502T	routers	software	non-hardware	emc_immunity	f3c2e4e7292410f4	Cisco 819 Non-Hardened 4G LTE 2.0 Machine-to-Machine Integrated Services Routers with Wi-F	EN55024/CISPR24, (EN61000-4-2, EN61000-4-3, EN61000-4-4, EN61000-4-5, EN61000-4-
203758	A9K-40G-AIP-TR	routers	license	non-hardware	ieee_standards	af64a934603f2213	Cisco ASR 9000 Series 40 and 56 Gigabit Ethernet Line Cards Data Sheet - Cisco	● 1- and 10-Gbps IEEE 802.3 compliant ● 1 and 10 Gigabit Ethernet PHY monitoring
72260	A9K-40G-AIP-TR	routers	license	non-hardware	temp_storage	af64a934603f2213	Cisco ASR 9000 Series 40 and 56 Gigabit Ethernet Line Cards Data Sheet - Cisco	-40 to 158ºF (-40 to 70ºC)
145712	A9K-40G-AIP-TR	routers	license	non-hardware	etsi_standards	af64a934603f2213	Cisco ASR 9000 Series 40 and 56 Gigabit Ethernet Line Cards Data Sheet - Cisco	Cisco ASR 9000 Series Routers are designed to meet: ● EN300 386: Telecommunicati
145711	A9K-40G-AIP-TR	routers	license	non-hardware	temp_operating	af64a934603f2213	Cisco ASR 9000 Series 40 and 56 Gigabit Ethernet Line Cards Data Sheet - Cisco	23 to 131ºF (-5 to 55ºC)
130677	A9K-40G-AIP-TR	routers	license	non-hardware	altitude_max	af64a934603f2213	Cisco ASR 9000 Series 40 and 56 Gigabit Ethernet Line Cards Data Sheet - Cisco	-60 to 4000m (up to 2000m conforms to IEC, EN, UL, and CSA 60950 requirements)
207777	A9K-40G-AIP-TR	routers	license	non-hardware	certifications	af64a934603f2213	Cisco ASR 9000 Series 40 and 56 Gigabit Ethernet Line Cards Data Sheet - Cisco	Cisco ASR 9000 Series Routers are designed to meet: ● SR-3580: NEBS Criteria Lev
91416	ESS-100G-RTU-1	ios-nx-os-software	license	(no axis)	humidity_operating	163e8998487b6873	Cisco Network Convergence System 5500 Series: 55A2 Chassis Data Sheet - Cisco	5% to 95% (noncondensing)
91413	ESS-100G-RTU-1	ios-nx-os-software	license	(no axis)	dram	163e8998487b6873	Cisco Network Convergence System 5500 Series: 55A2 Chassis Data Sheet - Cisco	32GB
91419	ESS-100G-RTU-1	ios-nx-os-software	license	(no axis)	emc_emissions	10f44aa4d91b0c5d	Cisco Network Convergence System 5500 Series: Dense 25G Fixed Chassis Data Sheet - Cisco	● 47CFR Part 15 (CFR 47) Class A ● AS/NZS CISPR22 Class A ● CISPR22 Class A ● EN
130786	S-NCS1K4-LIC-100G=	optical-networking	license	non-hardware	temp_storage	8fa767ab35358fe9	Cisco Network Convergence System 1004 C-Band 1.2T Transponder Line Card Data Sheet - Cisco	-40 ́̕ °C to 85°C (-40°F to 185°F)
115502	S-NCS1K4-LIC-100G=	optical-networking	license	non-hardware	laser_safety_class	8fa767ab35358fe9	Cisco Network Convergence System 1004 C-Band 1.2T Transponder Line Card Data Sheet - Cisco	1
115500	S-NCS1K4-LIC-100G=	optical-networking	license	non-hardware	regions_supported	8fa767ab35358fe9	Cisco Network Convergence System 1004 C-Band 1.2T Transponder Line Card Data Sheet - Cisco	● European Union ● Africa ● CSI ● Australia ● New Zealand ● China ● Korea ● Indi
115501	S-NCS1K4-LIC-100G=	optical-networking	license	non-hardware	humidity_operating	8fa767ab35358fe9	Cisco Network Convergence System 1004 C-Band 1.2T Transponder Line Card Data Sheet - Cisco	5% to 85%, noncondensing 5% to 90% but not to exceed 0.024 kg water/kg of dry ai
206207	S-NCS1K4-LIC-100G=	optical-networking	license	non-hardware	certifications	8fa767ab35358fe9	Cisco Network Convergence System 1004 C-Band 1.2T Transponder Line Card Data Sheet - Cisco	● IEC 60950-1 Information technology equipment Safety Part 1: General requiremen
116087	SF-NCS1K10-2431K9S	optical-networking	software	non-hardware	regions_supported	fadaf6b4f5674c4e	Cisco Network Convergence System (NCS) 1010 Data Sheet - Cisco	● European Union ● Africa ● CSI ● Australia ● New Zealand ● China ● Korea ● Indi
116088	SF-NCS1K10-2431K9S	optical-networking	software	non-hardware	emc_emissions	fadaf6b4f5674c4e	Cisco Network Convergence System (NCS) 1010 Data Sheet - Cisco	● VCCI Class A ● KN32 Class A ● CNS 13438 Class A ● EN61000-3-2 Power Line Harmo
206245	SF-NCS1K10-2431K9S	optical-networking	software	non-hardware	certifications	fadaf6b4f5674c4e	Cisco Network Convergence System (NCS) 1010 Data Sheet - Cisco	● IEC 60950-1 Information technology equipment Safety Part 1: General requiremen
196863	SL-1800-NE/DEF-K9=	routers	license	non-hardware	ieee_standards	8e3a62fc89fc76f1	Cisco Catalyst IR1800 Rugged Series Routers Data Sheet - Cisco	● NMEA, RTCM 104
117644	SL-1800-NE/DEF-K9=	routers	license	non-hardware	dram	8e3a62fc89fc76f1	Cisco Catalyst IR1800 Rugged Series Routers Data Sheet - Cisco	● 4 GB (IR1833) ● 8 GB (IR1835)
117645	SL-1800-NE/DEF-K9=	routers	license	non-hardware	flash	8e3a62fc89fc76f1	Cisco Catalyst IR1800 Rugged Series Routers Data Sheet - Cisco	● 4 GB (IR1833) ● 8 GB (IR1835)
117646	SL-1800-NE/DEF-K9=	routers	license	non-hardware	temp_operating	8e3a62fc89fc76f1	Cisco Catalyst IR1800 Rugged Series Routers Data Sheet - Cisco	● –40° to 140°F (–40° to 60°C) in a sealed NEMA cabinet with no airflow ● –40° t
182488	SL-1800-NE/DEF-K9=	routers	license	non-hardware	mounting	8e3a62fc89fc76f1	Cisco Catalyst IR1800 Rugged Series Routers Data Sheet - Cisco	● DIN rail ● Panel mount
205106	SL-1800-NE/DEF-K9=	routers	license	non-hardware	supported_protocols	8e3a62fc89fc76f1	Cisco Catalyst IR1800 Rugged Series Routers Data Sheet - Cisco	● IPv6 addressing architecture ● IPv6 unicast and multicast forwarding ● IPv6 AC
98791	L-D-M97S-AXK9=	interfaces-modules	license	non-hardware	fabric_services	ff371441ef93b0d5	Cisco MDS 9710 Multilayer Director Data Sheet - Cisco	● Name server ● Registered State Change Notification (RSCN) ● Login services ● F
98804	L-D-M97S-AXK9	interfaces-modules	license	non-hardware	fabric_services	ff371441ef93b0d5	Cisco MDS 9710 Multilayer Director Data Sheet - Cisco	● Name server ● Registered State Change Notification (RSCN) ● Login services ● F
145818	DCNM-SAN-M95-K9=	storage-networking	software	non-hardware	diagnostics	21031fae4600573e	Cisco MDS 9509 Multilayer Director Data Sheet - Cisco	● Power-on-self-test (POST) diagnostics ● Online diagnostics ● Internal port loo
145819	DCNM-SAN-M95-K9=	storage-networking	software	non-hardware	programming_interfaces	21031fae4600573e	Cisco MDS 9509 Multilayer Director Data Sheet - Cisco	● Scriptable CLI ● Data Center Network Manager web services API ● Device Manager
145820	DCNM-SAN-M95-K9=	storage-networking	software	non-hardware	certifications	21031fae4600573e	Cisco MDS 9509 Multilayer Director Data Sheet - Cisco	● Safety compliance ◦ CE Marking ◦ UL 60950 ◦ CAN/CSA-C22.2 No. 60950 ◦ EN 60950
145817	DCNM-SAN-M95-K9=	storage-networking	software	non-hardware	fabric_services	21031fae4600573e	Cisco MDS 9509 Multilayer Director Data Sheet - Cisco	● Name server ● Registered State Change Notification (RSCN) ● Login services ● F
145816	DCNM-SAN-M95-K9=	storage-networking	software	non-hardware	supported_protocols	21031fae4600573e	Cisco MDS 9509 Multilayer Director Data Sheet - Cisco	● Fibre Channel standards ◦ FC-PH, Revision 4.3 (ANSI INCITS 230-1994) ◦ FC-PH, 
141439	ESR-SM	optical-networking	non_product	non-hardware	humidity_storage	e61c2ca5fbc3869a	Cisco ONS 15454 Any Rate Enhanced Xponder Card - Cisco	5 to 95% noncondensing
91408	ESR-SM	optical-networking	non_product	non-hardware	regions_supported	e61c2ca5fbc3869a	Cisco ONS 15454 Any Rate Enhanced Xponder Card - Cisco	● European Union ● Australia ● New Zealand ● Singapore ● China ● Mexico ● Hong K
205108	SL-1800-NE/DEF-K9	routers	license	non-hardware	supported_protocols	8e3a62fc89fc76f1	Cisco Catalyst IR1800 Rugged Series Routers Data Sheet - Cisco	● IPv6 addressing architecture ● IPv6 unicast and multicast forwarding ● IPv6 AC
196865	SL-1800-NE/DEF-K9	routers	license	non-hardware	ieee_standards	8e3a62fc89fc76f1	Cisco Catalyst IR1800 Rugged Series Routers Data Sheet - Cisco	● NMEA, RTCM 104
117826	SL-1800-NE/DEF-K9	routers	license	non-hardware	dram	8e3a62fc89fc76f1	Cisco Catalyst IR1800 Rugged Series Routers Data Sheet - Cisco	● 4 GB (IR1833) ● 8 GB (IR1835)
117827	SL-1800-NE/DEF-K9	routers	license	non-hardware	flash	8e3a62fc89fc76f1	Cisco Catalyst IR1800 Rugged Series Routers Data Sheet - Cisco	● 4 GB (IR1833) ● 8 GB (IR1835)
117828	SL-1800-NE/DEF-K9	routers	license	non-hardware	temp_operating	8e3a62fc89fc76f1	Cisco Catalyst IR1800 Rugged Series Routers Data Sheet - Cisco	● –40° to 140°F (–40° to 60°C) in a sealed NEMA cabinet with no airflow ● –40° t
182493	SL-1800-NE/DEF-K9	routers	license	non-hardware	mounting	8e3a62fc89fc76f1	Cisco Catalyst IR1800 Rugged Series Routers Data Sheet - Cisco	● DIN rail ● Panel mount
119238	SW-CCM-UL-7970	collaboration-endpoints	software	non-hardware	temp_storage	c4403bac330cbff3	Cisco Unified IP Phone 7970G - Cisco	14 to 140°F (-10 to 60°C)
119236	SW-CCM-UL-7970	collaboration-endpoints	software	non-hardware	temp_operating	c4403bac330cbff3	Cisco Unified IP Phone 7970G - Cisco	32 to 104°F (0 to 40°C)
119237	SW-CCM-UL-7970	collaboration-endpoints	software	non-hardware	humidity_operating	c4403bac330cbff3	Cisco Unified IP Phone 7970G - Cisco	10 to 95% (noncondensing)
143133	XR-NC57-PK9-07.03	routers	software	non-hardware	qos_features	5485d38d87b5628d	Cisco Network Convergence System 5700 Series: NCS-57B1 Fixed Chassis Data Sheet - Cisco	● Hierarchical QoS ● Ingress classification based on Class of Service (Layer 2),
143134	XR-NC57-PK9-07.03	routers	software	non-hardware	humidity_storage	5485d38d87b5628d	Cisco Network Convergence System 5700 Series: NCS-57B1 Fixed Chassis Data Sheet - Cisco	5% to 95% at 40°C per NEBS GR-63-Core
128947	XR-NC57-PK9-07.03	routers	software	non-hardware	temp_storage	5485d38d87b5628d	Cisco Network Convergence System 5700 Series: NCS-57B1 Fixed Chassis Data Sheet - Cisco	-40° to 158°F (-40° to 70°C)
130660	XR-NC57-PK9-07.03	routers	software	non-hardware	altitude_max	5485d38d87b5628d	Cisco Network Convergence System 5700 Series: NCS-57B1 Fixed Chassis Data Sheet - Cisco	0 to 9842 ft (0 to 3000 m)
128946	XR-NC57-PK9-07.03	routers	software	non-hardware	programming_interfaces	5485d38d87b5628d	Cisco Network Convergence System 5700 Series: NCS-57B1 Fixed Chassis Data Sheet - Cisco	● Zero-Touch Provisioning (ZTP), iPXE ● Configuration management ● Network Confi
128948	XR-NC57-PK9-07.03	routers	software	non-hardware	humidity_operating	5485d38d87b5628d	Cisco Network Convergence System 5700 Series: NCS-57B1 Fixed Chassis Data Sheet - Cisco	5% to 95% (noncondensing)
128949	XR-NC57-PK9-07.03	routers	software	non-hardware	emc_emissions	5485d38d87b5628d	Cisco Network Convergence System 5700 Series: NCS-57B1 Fixed Chassis Data Sheet - Cisco	● 47CFR Part 15 (CFR 47) Class A ● AS/NZS CISPR22 Class A ● CISPR22 Class A ● EN
128950	XR-NC57-PK9-07.03	routers	software	non-hardware	emc_immunity	5485d38d87b5628d	Cisco Network Convergence System 5700 Series: NCS-57B1 Fixed Chassis Data Sheet - Cisco	● EN55024 ● CISPR24 ● EN300386 ● KN 61000-4 series
128951	XR-NC57-PK9-07.03	routers	software	non-hardware	segment_routing_features	5485d38d87b5628d	Cisco Network Convergence System 5700 Series: NCS-57B1 Fixed Chassis Data Sheet - Cisco	● Segment routing–based transport ● IS-IS extensions to segment routing ● OSPF e
128953	XR-NC57-PK9-07.03	routers	software	non-hardware	temp_operating	5485d38d87b5628d	Cisco Network Convergence System 5700 Series: NCS-57B1 Fixed Chassis Data Sheet - Cisco	PortSE intake supply: 32° to 104°F (0° to 40°C) at sea level
129051	XR-NCS1K4-720LK9	optical-networking	license	non-hardware	regions_supported	1a1ab3e54571da24	Cisco Network Convergence System 1004 L-Band Transponder Line Card Data Sheet - Cisco	● European Union ● Africa ● CSI ● Australia ● New Zealand ● China ● Korea ● Indi
129052	XR-NCS1K4-720LK9	optical-networking	license	non-hardware	temp_storage	1a1ab3e54571da24	Cisco Network Convergence System 1004 L-Band Transponder Line Card Data Sheet - Cisco	-28°C to 70°C (-20°F to 158°F)
129053	XR-NCS1K4-720LK9	optical-networking	license	non-hardware	humidity_operating	1a1ab3e54571da24	Cisco Network Convergence System 1004 L-Band Transponder Line Card Data Sheet - Cisco	● 5% to 85%, noncondensing ● 5% to 90% but not to exceed 0.024 kg water/kg of dr
129054	XR-NCS1K4-720LK9	optical-networking	license	non-hardware	laser_safety_class	1a1ab3e54571da24	Cisco Network Convergence System 1004 L-Band Transponder Line Card Data Sheet - Cisco	1
146285	XR-NCS1K4-720LK9	optical-networking	license	non-hardware	optical_pm	1a1ab3e54571da24	Cisco Network Convergence System 1004 L-Band Transponder Line Card Data Sheet - Cisco	Transmitter optical power ; Transmitter laser bias current ; Receiver optical po
146284	XR-NCS1K4-720LK9	optical-networking	license	non-hardware	certifications	1a1ab3e54571da24	Cisco Network Convergence System 1004 L-Band Transponder Line Card Data Sheet - Cisco	● IEC 60950-1 Information technology equipment Safety Part 1: General requiremen
153562	XR-NC55-PK9-07.05	routers	software	non-hardware	emc_emissions	07ac5acc909a3e58	Cisco Network Convergence System 5500 Series Modular Chassis - Cisco	● 47CFR Part 15 (CFR 47) Class A ● AS/NZS CISPR22 Class A ● CISPR22 Class A ● EN
153563	XR-NC55-PK9-07.05	routers	software	non-hardware	emc_immunity	07ac5acc909a3e58	Cisco Network Convergence System 5500 Series Modular Chassis - Cisco	● EN55024 ● CISPR24 ● EN300386 ● KN 61000-4 series
145161	IE2000-B-E=	switches	license	non-hardware	supported_protocols	40ba250b2d5c1f6e	Cisco Industrial Ethernet 2000 IP67 Series Switches Data Sheet - Cisco	IEEE 802.1, 802.3, 802.3at, 802.3af standard (see Table 8), VTPv2, NTP, UDLD, CD
145164	IE2000-B-E=	switches	license	non-hardware	emc_emissions	40ba250b2d5c1f6e	Cisco Industrial Ethernet 2000 IP67 Series Switches Data Sheet - Cisco	● FCC 47 CFR Part 15 Class A ● EN 55011 ● EN 55022A Class A ● VCCI Class A ● AS/
145165	IE2000-B-E=	switches	license	non-hardware	shock	40ba250b2d5c1f6e	Cisco Industrial Ethernet 2000 IP67 Series Switches Data Sheet - Cisco	● IEC 60068-2-6 Vibration: IEC 60068-2-6, IEC 255 21.1 Class 1 Vibration Test ● 
145163	IE2000-B-E=	switches	license	non-hardware	temp_operating	40ba250b2d5c1f6e	Cisco Industrial Ethernet 2000 IP67 Series Switches Data Sheet - Cisco	● Operating Temperature: -40C to +60C ● EN 60068-2-1 ● EN 60068-2-2 ● EN 61163 ●
96447	IE2000-B-E=	switches	license	non-hardware	temp_storage	40ba250b2d5c1f6e	Cisco Industrial Ethernet 2000 IP67 Series Switches Data Sheet - Cisco	● -40°C to +85°C ● IEC 60068-2-14 ● Altitude: Up to 13,800 feet or 4,200 meters
197067	IE2000-B-E=	switches	license	non-hardware	ieee_standards	40ba250b2d5c1f6e	Cisco Industrial Ethernet 2000 IP67 Series Switches Data Sheet - Cisco	● IEEE 802.1D MAC Bridges, STP ● IEEE 802.1p Layer2 COS Prioritization ● IEEE 80
96443	IE2000-B-E=	switches	license	non-hardware	programming_interfaces	40ba250b2d5c1f6e	Cisco Industrial Ethernet 2000 IP67 Series Switches Data Sheet - Cisco	Cisco Network Plug-and-Play application
196591	IE2000-B-E=	switches	license	non-hardware	rfc_compliance	40ba250b2d5c1f6e	Cisco Industrial Ethernet 2000 IP67 Series Switches Data Sheet - Cisco	● RFC 768: UDP ● RFC 783: TFTP ● RFC 791: IPv4 protocol ● RFC 792: ICMP ● RFC 79
154443	IE2000-B-E=	switches	license	non-hardware	snmp_mibs	40ba250b2d5c1f6e	Cisco Industrial Ethernet 2000 IP67 Series Switches Data Sheet - Cisco	● BRIDGE-MIB ● CALISTA-DPA-MIB ● CISCO-ACCESS-ENVMON-MIB ● CISCO-ADMISSION-POLIC
206545	IE2000-B-E=	switches	license	non-hardware	certifications	40ba250b2d5c1f6e	Cisco Industrial Ethernet 2000 IP67 Series Switches Data Sheet - Cisco	● UL/CSA 60950-1 ● EN 60950-1 ● CB to IEC 60950-1 with all country deviations ● 
77208	C4500E-LB-IPB	interfaces-modules	license	non-hardware	ipv6_routes	18989e0127e9ce20	Cisco Catalyst 4500E Supervisor Engine 9-E Data Sheet - Cisco	128,000
205055	L-ISA3000-TA-3Y	security	license	non-hardware	supported_protocols	ebce9a0dbe4b1ace	Cisco Secure Firewall ISA3000 Data Sheet - Cisco	● IPv4 static routing ● Dynamic routing (Routing Information Protocol [RIP], Enh
199006	L-ISA3000-TA-3Y	security	license	non-hardware	ieee_standards	ebce9a0dbe4b1ace	Cisco Secure Firewall ISA3000 Data Sheet - Cisco	● IEEE 802.1D MAC Bridges, Spanning Tree Protocol (STP) ● IEEE 802.1p Layer2 cla
196395	L-ISA3000-TA-3Y	security	license	non-hardware	rfc_compliance	ebce9a0dbe4b1ace	Cisco Secure Firewall ISA3000 Data Sheet - Cisco	● RFC 768: User Datagram Protocol (UDP) ● RFC 783: Trivial FTP (TFTP) ● RFC 791:
113459	QDD-400-CUxM	transceiver	non_product	non-hardware	temp_storage	da3cfbb69aa6bc9f	Cisco 400G QSFP-DD Cable and Transceiver Modules Data Sheet - Cisco	-40 to 85°C
140963	C9200CX-DNAA-12-5Y	switches	license	non-hardware	humidity_storage	de692de8d2c8f641	Cisco Catalyst 9200 Series Switches Data Sheet - Cisco	5% to 90% noncondensing
78859	C9200CX-DNAA-12-5Y	switches	license	non-hardware	temp_operating	de692de8d2c8f641	Cisco Catalyst 9200 Series Switches Data Sheet - Cisco	Normal operating temperature * and altitudes: ● -5°C to +45°C, up to 5000 feet (
78860	C9200CX-DNAA-12-5Y	switches	license	non-hardware	temp_storage	de692de8d2c8f641	Cisco Catalyst 9200 Series Switches Data Sheet - Cisco	-40° to 158°F (-40° to 70°C)
205672	C9200CX-DNAA-12-5Y	switches	license	non-hardware	certifications	de692de8d2c8f641	Cisco Catalyst 9200 Series Switches Data Sheet - Cisco	● 47 CFR Part 15 ● CISPR 32 Class A ● CNS 13438 ● EN 300 386 * ● EN 55032 Class 
144511	M91VXK9-P-7Y	storage-networking	license	non-hardware	certifications	b1c4eb1b17106929	MDS 9124V 64-Gbps 24-Port Fibre Channel Switch Data Sheet - Cisco	● Safety compliance ● CE Marking ● UL 60950 ● CAN/CSA-C22.2 No. 60950 ● EN 60950
144512	M91VXK9-P-7Y	storage-networking	license	non-hardware	fabric_services	b1c4eb1b17106929	MDS 9124V 64-Gbps 24-Port Fibre Channel Switch Data Sheet - Cisco	● Name server ● Registered State Change Notification (RSCN) ● Login services ● F
144508	M91VXK9-P-7Y	storage-networking	license	non-hardware	supported_protocols	b1c4eb1b17106929	MDS 9124V 64-Gbps 24-Port Fibre Channel Switch Data Sheet - Cisco	● Fibre Channel standards ● FC-PI-6 (INCITS 512-2015) ● FC-PI-7 (INCITS 543-2019
144509	M91VXK9-P-7Y	storage-networking	license	non-hardware	diagnostics	b1c4eb1b17106929	MDS 9124V 64-Gbps 24-Port Fibre Channel Switch Data Sheet - Cisco	● Power-On-Self-Test (POST) diagnostics ● Online Health Management System (OHMS)
144510	M91VXK9-P-7Y	storage-networking	license	non-hardware	programming_interfaces	b1c4eb1b17106929	MDS 9124V 64-Gbps 24-Port Fibre Channel Switch Data Sheet - Cisco	● Scriptable CLI ● Cisco DCNM/NDFC web services API ● NX-API HTTP/HTTPS interfac
100001	M91VXK9-P-7Y	storage-networking	license	non-hardware	temp_operating	b1c4eb1b17106929	MDS 9124V 64-Gbps 24-Port Fibre Channel Switch Data Sheet - Cisco	● Temperature, ambient operating: ◦ 32 to 104°F (0 to 40°C) with port-side exhau
205047	L-ISA3000-TC-5Y	security	license	non-hardware	supported_protocols	ebce9a0dbe4b1ace	Cisco Secure Firewall ISA3000 Data Sheet - Cisco	● IPv4 static routing ● Dynamic routing (Routing Information Protocol [RIP], Enh
198998	L-ISA3000-TC-5Y	security	license	non-hardware	ieee_standards	ebce9a0dbe4b1ace	Cisco Secure Firewall ISA3000 Data Sheet - Cisco	● IEEE 802.1D MAC Bridges, Spanning Tree Protocol (STP) ● IEEE 802.1p Layer2 cla
196387	L-ISA3000-TC-5Y	security	license	non-hardware	rfc_compliance	ebce9a0dbe4b1ace	Cisco Secure Firewall ISA3000 Data Sheet - Cisco	● RFC 768: User Datagram Protocol (UDP) ● RFC 783: Trivial FTP (TFTP) ● RFC 791:
145032	M9500EXT1K9=	storage-networking	license	non-hardware	fabric_services	62c99820b328a814	Cisco MDS 9500 Series Supervisor-2 Module - Cisco	• Name server • Registered State Change Notification (RSCN) • Login services • F
145033	M9500EXT1K9=	storage-networking	license	non-hardware	programming_interfaces	62c99820b328a814	Cisco MDS 9500 Series Supervisor-2 Module - Cisco	• Scriptable CLI • Fabric Manager GUI • Device Manager GUI
197857	M9500EXT1K9=	storage-networking	license	non-hardware	supported_protocols	62c99820b328a814	Cisco MDS 9500 Series Supervisor-2 Module - Cisco	• Fibre Channel standards · FC-PH, Revision 4.3 (ANSI/INCITS 230-1994) · FC-PH, 
206527	M9500EXT1K9=	storage-networking	license	non-hardware	certifications	62c99820b328a814	Cisco MDS 9500 Series Supervisor-2 Module - Cisco	• Safety compliance · CE marking · UL 60950 · CAN/CSA-C22.2 No. 60950 · EN 60950
205064	L-ISA3000T-TM-3Y	security	license	non-hardware	supported_protocols	ebce9a0dbe4b1ace	Cisco Secure Firewall ISA3000 Data Sheet - Cisco	● IPv4 static routing ● Dynamic routing (Routing Information Protocol [RIP], Enh
199015	L-ISA3000T-TM-3Y	security	license	non-hardware	ieee_standards	ebce9a0dbe4b1ace	Cisco Secure Firewall ISA3000 Data Sheet - Cisco	● IEEE 802.1D MAC Bridges, Spanning Tree Protocol (STP) ● IEEE 802.1p Layer2 cla
196404	L-ISA3000T-TM-3Y	security	license	non-hardware	rfc_compliance	ebce9a0dbe4b1ace	Cisco Secure Firewall ISA3000 Data Sheet - Cisco	● RFC 768: User Datagram Protocol (UDP) ● RFC 783: Trivial FTP (TFTP) ● RFC 791:
99042	L-M95EXTSSNK9=	storage-networking	license	non-hardware	programming_interfaces	21031fae4600573e	Cisco MDS 9509 Multilayer Director Data Sheet - Cisco	● Scriptable CLI ● Data Center Network Manager web services API ● Device Manager
99040	L-M95EXTSSNK9=	storage-networking	license	non-hardware	fabric_services	21031fae4600573e	Cisco MDS 9509 Multilayer Director Data Sheet - Cisco	● Name server ● Registered State Change Notification (RSCN) ● Login services ● F
197438	L-LIC-CT2504-5A	wireless	license	non-hardware	supported_protocols	b1af204fcb361dd1	Cisco 2500 Series Wireless Controllers Data Sheet - Cisco	● IEEE 802.1X ● RFC 2548 Microsoft Vendor-Specific RADIUS Attributes ● RFC 2716 
99052	L-LIC-CT2504-5A	wireless	license	non-hardware	programming_interfaces	b1af204fcb361dd1	Cisco 2500 Series Wireless Controllers Data Sheet - Cisco	● Designed for use with Cisco Wireless Control System ● Web-based: HTTP/HTTPS in
99053	L-LIC-CT2504-5A	wireless	license	non-hardware	encryption	b1af204fcb361dd1	Cisco 2500 Series Wireless Controllers Data Sheet - Cisco	● WEP and Temporal Key Integrity Protocol-Message Integrity Check (TKIP-MIC): RC
196419	L-ISA3000-URL-1Y	security	license	non-hardware	rfc_compliance	ebce9a0dbe4b1ace	Cisco Secure Firewall ISA3000 Data Sheet - Cisco	● RFC 768: User Datagram Protocol (UDP) ● RFC 783: Trivial FTP (TFTP) ● RFC 791:
205079	L-ISA3000-URL-1Y	security	license	non-hardware	supported_protocols	ebce9a0dbe4b1ace	Cisco Secure Firewall ISA3000 Data Sheet - Cisco	● IPv4 static routing ● Dynamic routing (Routing Information Protocol [RIP], Enh
199030	L-ISA3000-URL-1Y	security	license	non-hardware	ieee_standards	ebce9a0dbe4b1ace	Cisco Secure Firewall ISA3000 Data Sheet - Cisco	● IEEE 802.1D MAC Bridges, Spanning Tree Protocol (STP) ● IEEE 802.1p Layer2 cla
140936	C9200-48-E-A-3	switches	license	non-hardware	humidity_storage	de692de8d2c8f641	Cisco Catalyst 9200 Series Switches Data Sheet - Cisco	5% to 90% noncondensing
78627	C9200-48-E-A-3	switches	license	non-hardware	temp_operating	de692de8d2c8f641	Cisco Catalyst 9200 Series Switches Data Sheet - Cisco	Normal operating temperature * and altitudes: ● -5°C to +45°C, up to 5000 feet (
78628	C9200-48-E-A-3	switches	license	non-hardware	temp_storage	de692de8d2c8f641	Cisco Catalyst 9200 Series Switches Data Sheet - Cisco	-40° to 158°F (-40° to 70°C)
146935	C9200-48-E-A-3	switches	license	non-hardware	ieee_standards	de692de8d2c8f641	Cisco Catalyst 9200 Series Switches Data Sheet - Cisco	EEE 802.1s ; RMON I and II standards ; IEEE 802.1w ; SNMPv1, v2c, and v3 ; IEEE 
158367	C9200-48-E-A-3	switches	license	non-hardware	altitude_max	de692de8d2c8f641	Cisco Catalyst 9200 Series Switches Data Sheet - Cisco	10,000 ft. (3000 meters), up to 45°C
146936	C9200-48-E-A-3	switches	license	non-hardware	certifications	de692de8d2c8f641	Cisco Catalyst 9200 Series Switches Data Sheet - Cisco	● 47 CFR Part 15 ● CISPR 32 Class A ● CNS 13438 ● EN 300 386 * ● EN 55032 Class 
87811	DCNM-SAN-M92-K9	storage-networking	software	non-hardware	programming_interfaces	f33a76d7c2c030f9	Cisco MDS 9250i Multiservice Fabric Switch Data Sheet - Cisco	● Scriptable CLI ● Cisco Prime DCNM web services API ● Cisco Device Manager GUI
141045	C9200CX-DNXE-12-5Y	switches	license	non-hardware	humidity_storage	de692de8d2c8f641	Cisco Catalyst 9200 Series Switches Data Sheet - Cisco	5% to 90% noncondensing
79356	C9200CX-DNXE-12-5Y	switches	license	non-hardware	temp_operating	de692de8d2c8f641	Cisco Catalyst 9200 Series Switches Data Sheet - Cisco	Normal operating temperature * and altitudes: ● -5°C to +45°C, up to 5000 feet (
79357	C9200CX-DNXE-12-5Y	switches	license	non-hardware	temp_storage	de692de8d2c8f641	Cisco Catalyst 9200 Series Switches Data Sheet - Cisco	-40° to 158°F (-40° to 70°C)
147027	C9200CX-DNXE-12-5Y	switches	license	non-hardware	ieee_standards	de692de8d2c8f641	Cisco Catalyst 9200 Series Switches Data Sheet - Cisco	EEE 802.1s ; RMON I and II standards ; IEEE 802.1w ; SNMPv1, v2c, and v3 ; IEEE 
158398	C9200CX-DNXE-12-5Y	switches	license	non-hardware	altitude_max	de692de8d2c8f641	Cisco Catalyst 9200 Series Switches Data Sheet - Cisco	10,000 ft. (3000 meters), up to 45°C
147028	C9200CX-DNXE-12-5Y	switches	license	non-hardware	certifications	de692de8d2c8f641	Cisco Catalyst 9200 Series Switches Data Sheet - Cisco	● 47 CFR Part 15 ● CISPR 32 Class A ● CNS 13438 ● EN 300 386 * ● EN 55032 Class 
141112	C9300L-DNA-E-24-5Y	switches	license	non-hardware	humidity_storage	638d72c59601332b	Cisco Catalyst 9300 Series Switches Data Sheet - Cisco	5% to 90% noncondensing
198520	C9300L-DNA-E-24-5Y	switches	license	non-hardware	ieee_standards	638d72c59601332b	Cisco Catalyst 9300 Series Switches Data Sheet - Cisco	IEEE 802.1s IEEE 802.1w IEEE 802.1x IEEE 802.1x-Rev IEEE 802.3ad IEEE 802.3ae IE
79778	C9300L-DNA-E-24-5Y	switches	license	non-hardware	temp_operating	638d72c59601332b	Cisco Catalyst 9300 Series Switches Data Sheet - Cisco	Normal operating temperature * and altitudes: -5°C to +45°C, up to 5000 feet (15
79779	C9300L-DNA-E-24-5Y	switches	license	non-hardware	temp_storage	638d72c59601332b	Cisco Catalyst 9300 Series Switches Data Sheet - Cisco	-40° to 158°F (-40° to 70°C)
141102	C9300L-DNA-E-48-3Y	switches	license	non-hardware	humidity_storage	638d72c59601332b	Cisco Catalyst 9300 Series Switches Data Sheet - Cisco	5% to 90% noncondensing
198515	C9300L-DNA-E-48-3Y	switches	license	non-hardware	ieee_standards	638d72c59601332b	Cisco Catalyst 9300 Series Switches Data Sheet - Cisco	IEEE 802.1s IEEE 802.1w IEEE 802.1x IEEE 802.1x-Rev IEEE 802.3ad IEEE 802.3ae IE
79710	C9300L-DNA-E-48-3Y	switches	license	non-hardware	temp_operating	638d72c59601332b	Cisco Catalyst 9300 Series Switches Data Sheet - Cisco	Normal operating temperature * and altitudes: -5°C to +45°C, up to 5000 feet (15
79711	C9300L-DNA-E-48-3Y	switches	license	non-hardware	temp_storage	638d72c59601332b	Cisco Catalyst 9300 Series Switches Data Sheet - Cisco	-40° to 158°F (-40° to 70°C)
141208	C9600-DNA-A-7Y	switches	license	non-hardware	humidity_storage	0a941374bbe508f6	Cisco Catalyst 9600 Series Switches Data Sheet - Cisco	10% to 95%, Non-condensing
199059	C9600-DNA-A-7Y	switches	license	non-hardware	ieee_standards	0a941374bbe508f6	Cisco Catalyst 9600 Series Switches Data Sheet - Cisco	Gigabit Ethernet: IEEE 802.3z, IEEE 802.3x, IEEE 802.3ab
130356	C9600-DNA-A-7Y	switches	license	non-hardware	altitude_max	35296d62eb0a83b6	Cisco Catalyst 9600 Series Switches Data Sheet - Cisco	-60 to 3000 meter (-197 to 9843 feet)
80691	C9600-DNA-A-7Y	switches	license	non-hardware	humidity_operating	0a941374bbe508f6	Cisco Catalyst 9600 Series Switches Data Sheet - Cisco	10% to 95%, noncondensing
141777	LIC-C9300-24A-7Y	switches	license	non-hardware	humidity_storage	638d72c59601332b	Cisco Catalyst 9300 Series Switches Data Sheet - Cisco	5% to 90% noncondensing
99506	LIC-C9300-24A-7Y	switches	license	non-hardware	temp_operating	638d72c59601332b	Cisco Catalyst 9300 Series Switches Data Sheet - Cisco	Normal operating temperature * and altitudes: -5°C to +45°C, up to 5000 feet (15
99507	LIC-C9300-24A-7Y	switches	license	non-hardware	temp_storage	638d72c59601332b	Cisco Catalyst 9300 Series Switches Data Sheet - Cisco	-40° to 158°F (-40° to 70°C)
198556	LIC-C9300-24A-7Y	switches	license	non-hardware	ieee_standards	638d72c59601332b	Cisco Catalyst 9300 Series Switches Data Sheet - Cisco	IEEE 802.1s IEEE 802.1w IEEE 802.1x IEEE 802.1x-Rev IEEE 802.3ad IEEE 802.3ae IE
141771	LIC-C9300-48E-7Y	switches	license	non-hardware	humidity_storage	638d72c59601332b	Cisco Catalyst 9300 Series Switches Data Sheet - Cisco	5% to 90% noncondensing
198550	LIC-C9300-48E-7Y	switches	license	non-hardware	ieee_standards	638d72c59601332b	Cisco Catalyst 9300 Series Switches Data Sheet - Cisco	IEEE 802.1s IEEE 802.1w IEEE 802.1x IEEE 802.1x-Rev IEEE 802.3ad IEEE 802.3ae IE
99437	LIC-C9300-48E-7Y	switches	license	non-hardware	temp_operating	638d72c59601332b	Cisco Catalyst 9300 Series Switches Data Sheet - Cisco	Normal operating temperature * and altitudes: -5°C to +45°C, up to 5000 feet (15
99438	LIC-C9300-48E-7Y	switches	license	non-hardware	temp_storage	638d72c59601332b	Cisco Catalyst 9300 Series Switches Data Sheet - Cisco	-40° to 158°F (-40° to 70°C)
142414	OC-12/STM-4	interfaces-modules	non_product	non-hardware	qos_features	69e6b389c092d25a	Cisco Shared Port Adapters/SPA Interface Processors Cisco 1-Port OC-3c/STM-1c ATM SPA, 3-P	● CBR ● VBR-nrt ● VBR-rt ● UBR ● ATM and IP CoS ● Per-virtual circuit and per-vi
204340	OC-12/STM-4	interfaces-modules	non_product	non-hardware	supported_protocols	9169191a7ba5a0ee	Cisco 2-Port & 4-Port OC-3c/STM-1c ATM, & Cisco 1-Port OC-12c/STM-4c ATM SPA - Cisco	• IETF RFC 2684 (updated RFC 1483) support for multiple protocol encapsulations 
207504	OC-12/STM-4	interfaces-modules	non_product	non-hardware	certifications	69e6b389c092d25a	Cisco Shared Port Adapters/SPA Interface Processors Cisco 1-Port OC-3c/STM-1c ATM SPA, 3-P	CE Marking Safety ● UL 60950 ● CSA 22.2 No.60950 ● IEC 60950 ● EN 60950 ● AS/NZS
99010	L-LIC-CT2504-1A	wireless	license	non-hardware	programming_interfaces	b1af204fcb361dd1	Cisco 2500 Series Wireless Controllers Data Sheet - Cisco	● Designed for use with Cisco Wireless Control System ● Web-based: HTTP/HTTPS in
99011	L-LIC-CT2504-1A	wireless	license	non-hardware	encryption	b1af204fcb361dd1	Cisco 2500 Series Wireless Controllers Data Sheet - Cisco	● WEP and Temporal Key Integrity Protocol-Message Integrity Check (TKIP-MIC): RC
197434	L-LIC-CT2504-1A	wireless	license	non-hardware	supported_protocols	b1af204fcb361dd1	Cisco 2500 Series Wireless Controllers Data Sheet - Cisco	● IEEE 802.1X ● RFC 2548 Microsoft Vendor-Specific RADIUS Attributes ● RFC 2716 
142418	OC-3	interfaces-modules	non_product	non-hardware	qos_features	4265e08764f0cf42	Cisco 12000 Series ATM Line Cards - Cisco	• Traffic management · Constant bit rate (CBR) · Real-time variable bit rate (VB
205084	OC-3	interfaces-modules	non_product	non-hardware	supported_protocols	4265e08764f0cf42	Cisco 12000 Series ATM Line Cards - Cisco	• Classical IP over ATM; Client and Address Resolution Protocol (ARP) Server (RF
206096	OC-3	interfaces-modules	non_product	non-hardware	certifications	4265e08764f0cf42	Cisco 12000 Series ATM Line Cards - Cisco	This product is designed to meet the following requirements: • GR-1089-CORE EMC 
203897	S-A9903-20HG-IVRF	routers	license	non-hardware	ieee_standards	2b56b0b7c4e8c61a	Cisco ASR 9903 Compact High-Performance Router Data Sheet - Cisco	● 10 Gbps IEEE 802.3ae compliant ● 40/100-Gbps IEEE 802.3ba compliant ● 100 Giga
142681	S-A9903-20HG-IVRF	routers	license	non-hardware	humidity_storage	2b56b0b7c4e8c61a	Cisco ASR 9903 Compact High-Performance Router Data Sheet - Cisco	5 to 95% Note: Not to exceed 0.024 kg of water per kg of dry air
147218	S-A9903-20HG-IVRF	routers	license	non-hardware	temp_storage	2b56b0b7c4e8c61a	Cisco ASR 9903 Compact High-Performance Router Data Sheet - Cisco	–40 to 158°F (–40 to 70°C)
115204	S-A9903-20HG-IVRF	routers	license	non-hardware	supported_protocols	2b56b0b7c4e8c61a	Cisco ASR 9903 Compact High-Performance Router Data Sheet - Cisco	NetFlow, IEEE 802.1ag, IEEE 802.3ah, ITU Y.1731, IP Service-Level Agreement (IP 
115200	S-A9903-20HG-IVRF	routers	license	non-hardware	temp_operating	2b56b0b7c4e8c61a	Cisco ASR 9903 Compact High-Performance Router Data Sheet - Cisco	41 to 104°F (5 to 40°C) Note: Limitations may apply when using high-power optics
115201	S-A9903-20HG-IVRF	routers	license	non-hardware	humidity_operating	2b56b0b7c4e8c61a	Cisco ASR 9903 Compact High-Performance Router Data Sheet - Cisco	10 to 85%
147219	S-A9903-20HG-IVRF	routers	license	non-hardware	altitude_max	2b56b0b7c4e8c61a	Cisco ASR 9903 Compact High-Performance Router Data Sheet - Cisco	–60 to 1800 m
206779	S-A9903-20HG-IVRF	routers	license	non-hardware	certifications	2b56b0b7c4e8c61a	Cisco ASR 9903 Compact High-Performance Router Data Sheet - Cisco	The Cisco ASR 9903 Router is designed to meet: ● FCC Class A ● ICES 003 Class A 
71266	8KSW-A-SIA-5	routers	license	non-hardware	emc_emissions	a2ea20301422d099	Cisco 8404 Router Data Sheet - Cisco	FCC 47 CFR Part 15 Class A AS/NZS CISPR 32 Class A EN55032 Class A CISPR 32 Clas
205511	8KSW-A-SIA-5	routers	license	non-hardware	certifications	a5dbf1f67727ca95	Cisco 8700 Series Routers Data Sheet - Cisco	Emissions: CISPR32 EN 55032 EN 61000-3-3 EN IEC 61000-3-2 EN 300 386 V2.1.23 47 
100945	M97XK9-A-1Y	storage-networking	license	non-hardware	fabric_services	61bd6bf87846eebe	Cisco MDS 9706 Multilayer Director Data Sheet - Cisco	● Name server ● Registered State Change Notification (RSCN) ● Login services ● F
205045	L-ISA3000-AMP-1Y	security	license	non-hardware	supported_protocols	ebce9a0dbe4b1ace	Cisco Secure Firewall ISA3000 Data Sheet - Cisco	● IPv4 static routing ● Dynamic routing (Routing Information Protocol [RIP], Enh
198996	L-ISA3000-AMP-1Y	security	license	non-hardware	ieee_standards	ebce9a0dbe4b1ace	Cisco Secure Firewall ISA3000 Data Sheet - Cisco	● IEEE 802.1D MAC Bridges, Spanning Tree Protocol (STP) ● IEEE 802.1p Layer2 cla
196385	L-ISA3000-AMP-1Y	security	license	non-hardware	rfc_compliance	ebce9a0dbe4b1ace	Cisco Secure Firewall ISA3000 Data Sheet - Cisco	● RFC 768: User Datagram Protocol (UDP) ● RFC 783: Trivial FTP (TFTP) ● RFC 791:
196405	L-ISA3000-AMP-3Y	security	license	non-hardware	rfc_compliance	ebce9a0dbe4b1ace	Cisco Secure Firewall ISA3000 Data Sheet - Cisco	● RFC 768: User Datagram Protocol (UDP) ● RFC 783: Trivial FTP (TFTP) ● RFC 791:
205065	L-ISA3000-AMP-3Y	security	license	non-hardware	supported_protocols	ebce9a0dbe4b1ace	Cisco Secure Firewall ISA3000 Data Sheet - Cisco	● IPv4 static routing ● Dynamic routing (Routing Information Protocol [RIP], Enh
199016	L-ISA3000-AMP-3Y	security	license	non-hardware	ieee_standards	ebce9a0dbe4b1ace	Cisco Secure Firewall ISA3000 Data Sheet - Cisco	● IEEE 802.1D MAC Bridges, Spanning Tree Protocol (STP) ● IEEE 802.1p Layer2 cla
204044	A9K-400G-OPT-LIC	routers	license	non-hardware	ieee_standards	632e9bc4f7295fbe	Cisco ASR 9000 Series 400G and 200G Modular Line Cards Data Sheet - Cisco	● IEEE 802.3 compliant ● 10 Gigabit Ethernet PHY monitoring ● IEEE 802.x flow co
140555	A9K-400G-OPT-LIC	routers	license	non-hardware	humidity_storage	632e9bc4f7295fbe	Cisco ASR 9000 Series 400G and 200G Modular Line Cards Data Sheet - Cisco	5 to 95% Note: Not to exceed 0.024 kg of water per kg of dry air
72556	A9K-400G-OPT-LIC	routers	license	non-hardware	humidity_operating	632e9bc4f7295fbe	Cisco ASR 9000 Series 400G and 200G Modular Line Cards Data Sheet - Cisco	10 to 85%
72557	A9K-400G-OPT-LIC	routers	license	non-hardware	temp_storage	632e9bc4f7295fbe	Cisco ASR 9000 Series 400G and 200G Modular Line Cards Data Sheet - Cisco	-40 to 158°F (-40 to 70°C)
144682	A9K-400G-OPT-LIC	routers	license	non-hardware	etsi_standards	632e9bc4f7295fbe	Cisco ASR 9000 Series 400G and 200G Modular Line Cards Data Sheet - Cisco	Cisco ASR 9000 Series Routers are designed to meet: ● EN300 386: Telecommunicati
144681	A9K-400G-OPT-LIC	routers	license	non-hardware	temp_operating	632e9bc4f7295fbe	Cisco ASR 9000 Series 400G and 200G Modular Line Cards Data Sheet - Cisco	23 to 131°F (-5 to 55°C)
130496	A9K-400G-OPT-LIC	routers	license	non-hardware	altitude_max	632e9bc4f7295fbe	Cisco ASR 9000 Series 400G and 200G Modular Line Cards Data Sheet - Cisco	-60 to 4000m (up to 2000m conforms to IEC, EN, UL, and CSA 60950 requirements)
206462	A9K-400G-OPT-LIC	routers	license	non-hardware	certifications	632e9bc4f7295fbe	Cisco ASR 9000 Series 400G and 200G Modular Line Cards Data Sheet - Cisco	Cisco ASR 9000 Series Routers are designed to meet: ● SR-3580: NEBS Criteria Lev
204043	A9K-400G-IVRF	routers	license	non-hardware	ieee_standards	632e9bc4f7295fbe	Cisco ASR 9000 Series 400G and 200G Modular Line Cards Data Sheet - Cisco	● IEEE 802.3 compliant ● 10 Gigabit Ethernet PHY monitoring ● IEEE 802.x flow co
140562	A9K-400G-IVRF	routers	license	non-hardware	humidity_storage	632e9bc4f7295fbe	Cisco ASR 9000 Series 400G and 200G Modular Line Cards Data Sheet - Cisco	5 to 95% Note: Not to exceed 0.024 kg of water per kg of dry air
72625	A9K-400G-IVRF	routers	license	non-hardware	supported_protocols	b3ef6b67a12e773f	Cisco ASR 9000 Series 4-Port 100-Gigabit Ethernet LAN Line Card Data Sheet - Cisco	NetFlow, IEEE 802.1ag, IEEE 802.3ah, ITU Y.1731, IP Service-Level Agreement (IP 
144678	A9K-400G-IVRF	routers	license	non-hardware	optical_pm	8c63288a4996c1f3	Cisco ASR 9000 400-Gbps IPoDWDM Line Card Data Sheet - Cisco	Transmit optical power ; Transmitter laser bias current ; Receiver optical power
144677	A9K-400G-IVRF	routers	license	non-hardware	etsi_standards	632e9bc4f7295fbe	Cisco ASR 9000 Series 400G and 200G Modular Line Cards Data Sheet - Cisco	Cisco ASR 9000 Series Routers are designed to meet: ● EN300 386: Telecommunicati
144676	A9K-400G-IVRF	routers	license	non-hardware	temp_operating	632e9bc4f7295fbe	Cisco ASR 9000 Series 400G and 200G Modular Line Cards Data Sheet - Cisco	23 to 131°F (-5 to 55°C)
130495	A9K-400G-IVRF	routers	license	non-hardware	altitude_max	632e9bc4f7295fbe	Cisco ASR 9000 Series 400G and 200G Modular Line Cards Data Sheet - Cisco	-60 to 4000m (up to 2000m conforms to IEC, EN, UL, and CSA 60950 requirements)
72621	A9K-400G-IVRF	routers	license	non-hardware	temp_storage	632e9bc4f7295fbe	Cisco ASR 9000 Series 400G and 200G Modular Line Cards Data Sheet - Cisco	-40 to 158°F (-40 to 70°C)
72620	A9K-400G-IVRF	routers	license	non-hardware	humidity_operating	632e9bc4f7295fbe	Cisco ASR 9000 Series 400G and 200G Modular Line Cards Data Sheet - Cisco	10 to 85%
206461	A9K-400G-IVRF	routers	license	non-hardware	certifications	632e9bc4f7295fbe	Cisco ASR 9000 Series 400G and 200G Modular Line Cards Data Sheet - Cisco	Cisco ASR 9000 Series Routers are designed to meet: ● SR-3580: NEBS Criteria Lev
205063	L-ISA3000-TC-1Y	security	license	non-hardware	supported_protocols	ebce9a0dbe4b1ace	Cisco Secure Firewall ISA3000 Data Sheet - Cisco	● IPv4 static routing ● Dynamic routing (Routing Information Protocol [RIP], Enh
199014	L-ISA3000-TC-1Y	security	license	non-hardware	ieee_standards	ebce9a0dbe4b1ace	Cisco Secure Firewall ISA3000 Data Sheet - Cisco	● IEEE 802.1D MAC Bridges, Spanning Tree Protocol (STP) ● IEEE 802.1p Layer2 cla
196403	L-ISA3000-TC-1Y	security	license	non-hardware	rfc_compliance	ebce9a0dbe4b1ace	Cisco Secure Firewall ISA3000 Data Sheet - Cisco	● RFC 768: User Datagram Protocol (UDP) ● RFC 783: Trivial FTP (TFTP) ● RFC 791:
147714	XR-NCS1K4-731K9	optical-networking	license	non-hardware	certifications	8fa767ab35358fe9	Cisco Network Convergence System 1004 C-Band 1.2T Transponder Line Card Data Sheet - Cisco	● IEC 60950-1 Information technology equipment Safety Part 1: General requiremen
130793	XR-NCS1K4-731K9	optical-networking	license	non-hardware	temp_storage	8fa767ab35358fe9	Cisco Network Convergence System 1004 C-Band 1.2T Transponder Line Card Data Sheet - Cisco	-40 ́̕ °C to 85°C (-40°F to 185°F)
128996	XR-NCS1K4-731K9	optical-networking	license	non-hardware	regions_supported	8fa767ab35358fe9	Cisco Network Convergence System 1004 C-Band 1.2T Transponder Line Card Data Sheet - Cisco	● European Union ● Africa ● CSI ● Australia ● New Zealand ● China ● Korea ● Indi
128997	XR-NCS1K4-731K9	optical-networking	license	non-hardware	humidity_operating	8fa767ab35358fe9	Cisco Network Convergence System 1004 C-Band 1.2T Transponder Line Card Data Sheet - Cisco	5% to 85%, noncondensing 5% to 90% but not to exceed 0.024 kg water/kg of dry ai
128998	XR-NCS1K4-731K9	optical-networking	license	non-hardware	laser_safety_class	8fa767ab35358fe9	Cisco Network Convergence System 1004 C-Band 1.2T Transponder Line Card Data Sheet - Cisco	1
147715	XR-NCS1K4-731K9	optical-networking	license	non-hardware	optical_pm	8fa767ab35358fe9	Cisco Network Convergence System 1004 C-Band 1.2T Transponder Line Card Data Sheet - Cisco	Transmitter optical power ; Transmitter laser bias current ; Receiver optical po
141766	LIC-C9300-48A-1Y	switches	license	non-hardware	humidity_storage	638d72c59601332b	Cisco Catalyst 9300 Series Switches Data Sheet - Cisco	5% to 90% noncondensing
198545	LIC-C9300-48A-1Y	switches	license	non-hardware	ieee_standards	638d72c59601332b	Cisco Catalyst 9300 Series Switches Data Sheet - Cisco	IEEE 802.1s IEEE 802.1w IEEE 802.1x IEEE 802.1x-Rev IEEE 802.3ad IEEE 802.3ae IE
99376	LIC-C9300-48A-1Y	switches	license	non-hardware	temp_operating	638d72c59601332b	Cisco Catalyst 9300 Series Switches Data Sheet - Cisco	Normal operating temperature * and altitudes: -5°C to +45°C, up to 5000 feet (15
99377	LIC-C9300-48A-1Y	switches	license	non-hardware	temp_storage	638d72c59601332b	Cisco Catalyst 9300 Series Switches Data Sheet - Cisco	-40° to 158°F (-40° to 70°C)
116030	SC-SVC-WVPN-11-K9	interfaces-modules	software	non-hardware	supported_protocols	0466bccd9caaa412	WebVPN Services Module for Catalyst 6500 Series Switches & 7600 Series Routers - Cisco	SSL 3.0 and 3.1; TLS 1.0
73560	ADN-100G-SIA-3	ios-nx-os-software	license	(no axis)	humidity_operating	1ad0b794548c594e	Network Convergence System 5700 Series: NCS-57C3 Chassis Data Sheet - Cisco	Normal: 5% RH to 85% RH Short term: 5% to 95% RH Should not exceed 0.026 kg wate
73563	ADN-100G-SIA-3	ios-nx-os-software	license	(no axis)	dram	163e8998487b6873	Cisco Network Convergence System 5500 Series: 55A2 Chassis Data Sheet - Cisco	32GB
73564	ADN-100G-SIA-3	ios-nx-os-software	license	(no axis)	emc_emissions	10f44aa4d91b0c5d	Cisco Network Convergence System 5500 Series: Dense 25G Fixed Chassis Data Sheet - Cisco	● 47CFR Part 15 (CFR 47) Class A ● AS/NZS CISPR22 Class A ● CISPR22 Class A ● EN
73794	ADV-AC-10G-SIA-3	ios-nx-os-software	license	(no axis)	emc_immunity	588e4668c14a7aa0	Cisco Network Convergence System 540 Fronthaul Routers Data Sheet - Cisco	EN55024 CISPR24 EN300386 KN 61000-4 series
199008	L-ISA3000-URL-3Y	security	license	non-hardware	ieee_standards	ebce9a0dbe4b1ace	Cisco Secure Firewall ISA3000 Data Sheet - Cisco	● IEEE 802.1D MAC Bridges, Spanning Tree Protocol (STP) ● IEEE 802.1p Layer2 cla
196397	L-ISA3000-URL-3Y	security	license	non-hardware	rfc_compliance	ebce9a0dbe4b1ace	Cisco Secure Firewall ISA3000 Data Sheet - Cisco	● RFC 768: User Datagram Protocol (UDP) ● RFC 783: Trivial FTP (TFTP) ● RFC 791:
205057	L-ISA3000-URL-3Y	security	license	non-hardware	supported_protocols	ebce9a0dbe4b1ace	Cisco Secure Firewall ISA3000 Data Sheet - Cisco	● IPv4 static routing ● Dynamic routing (Routing Information Protocol [RIP], Enh
76423	C1F1PIE4K5K1K9	switches	license	non-hardware	mac_table	5101115dc17605ec	Cisco Industrial Ethernet 5000 Series Switches Data Sheet - Cisco	16,000
140770	C3850-24-S-E	switches	license	non-hardware	humidity_storage	5664cf3b037d513b	Cisco Catalyst 3850 Series Switches Data Sheet - Cisco	5 to 90% noncondensing
199306	C3850-24-S-E	switches	license	non-hardware	ieee_standards	5664cf3b037d513b	Cisco Catalyst 3850 Series Switches Data Sheet - Cisco	IEEE 802.1as IEEE 802.1s IEEE 802.1w IEEE 802.11 IEEE 802.1x IEEE 802.1x-Rev IEE
77079	C3850-24-S-E	switches	license	non-hardware	temp_operating	5664cf3b037d513b	Cisco Catalyst 3850 Series Switches Data Sheet - Cisco	23 to 113°F (-5 to 45°C)
77080	C3850-24-S-E	switches	license	non-hardware	temp_storage	5664cf3b037d513b	Cisco Catalyst 3850 Series Switches Data Sheet - Cisco	-40 to 158°F (-40 to 70°C)
158364	C3850-24-S-E	switches	license	non-hardware	altitude_max	5664cf3b037d513b	Cisco Catalyst 3850 Series Switches Data Sheet - Cisco	10,000 ft. (3000 meters), up to 45°C
207540	C3850-24-S-E	switches	license	non-hardware	certifications	5664cf3b037d513b	Cisco Catalyst 3850 Series Switches Data Sheet - Cisco	UL 60950-1 Second Edition CAN/CSA-C22.2 No. 60950-1 Second Edition EN 60950-1 Se
145028	M9500EXT1K9	storage-networking	license	non-hardware	fabric_services	62c99820b328a814	Cisco MDS 9500 Series Supervisor-2 Module - Cisco	• Name server • Registered State Change Notification (RSCN) • Login services • F
145029	M9500EXT1K9	storage-networking	license	non-hardware	programming_interfaces	62c99820b328a814	Cisco MDS 9500 Series Supervisor-2 Module - Cisco	• Scriptable CLI • Fabric Manager GUI • Device Manager GUI
197856	M9500EXT1K9	storage-networking	license	non-hardware	supported_protocols	62c99820b328a814	Cisco MDS 9500 Series Supervisor-2 Module - Cisco	• Fibre Channel standards · FC-PH, Revision 4.3 (ANSI/INCITS 230-1994) · FC-PH, 
206526	M9500EXT1K9	storage-networking	license	non-hardware	certifications	62c99820b328a814	Cisco MDS 9500 Series Supervisor-2 Module - Cisco	• Safety compliance · CE marking · UL 60950 · CAN/CSA-C22.2 No. 60950 · EN 60950
141043	C9200CX-DNAA-8-5Y	switches	license	non-hardware	humidity_storage	de692de8d2c8f641	Cisco Catalyst 9200 Series Switches Data Sheet - Cisco	5% to 90% noncondensing
79344	C9200CX-DNAA-8-5Y	switches	license	non-hardware	temp_operating	de692de8d2c8f641	Cisco Catalyst 9200 Series Switches Data Sheet - Cisco	Normal operating temperature * and altitudes: ● -5°C to +45°C, up to 5000 feet (
79345	C9200CX-DNAA-8-5Y	switches	license	non-hardware	temp_storage	de692de8d2c8f641	Cisco Catalyst 9200 Series Switches Data Sheet - Cisco	-40° to 158°F (-40° to 70°C)
205716	C9200CX-DNAA-8-5Y	switches	license	non-hardware	certifications	de692de8d2c8f641	Cisco Catalyst 9200 Series Switches Data Sheet - Cisco	● 47 CFR Part 15 ● CISPR 32 Class A ● CNS 13438 ● EN 300 386 * ● EN 55032 Class 
142428	OC-3/STM-1	interfaces-modules	non_product	non-hardware	qos_features	69e6b389c092d25a	Cisco Shared Port Adapters/SPA Interface Processors Cisco 1-Port OC-3c/STM-1c ATM SPA, 3-P	● CBR ● VBR-nrt ● VBR-rt ● UBR ● ATM and IP CoS ● Per-virtual circuit and per-vi
204341	OC-3/STM-1	interfaces-modules	non_product	non-hardware	supported_protocols	9169191a7ba5a0ee	Cisco 2-Port & 4-Port OC-3c/STM-1c ATM, & Cisco 1-Port OC-12c/STM-4c ATM SPA - Cisco	• IETF RFC 2684 (updated RFC 1483) support for multiple protocol encapsulations 
207505	OC-3/STM-1	interfaces-modules	non_product	non-hardware	certifications	69e6b389c092d25a	Cisco Shared Port Adapters/SPA Interface Processors Cisco 1-Port OC-3c/STM-1c ATM SPA, 3-P	CE Marking Safety ● UL 60950 ● CSA 22.2 No.60950 ● IEC 60950 ● EN 60950 ● AS/NZS
115632	S45XUK9-331-1511SG	switches	software	non-hardware	jumbo_mtu	bc0a2b219bf6a190	Cisco Catalyst 4500-X Series Fixed 10 Gigabit Ethernet Aggregation Switch Data Sheet - Cis	Up to 9216 bytes
207380	S45XUK9-331-1511SG	switches	software	non-hardware	certifications	bc0a2b219bf6a190	Cisco Catalyst 4500-X Series Fixed 10 Gigabit Ethernet Aggregation Switch Data Sheet - Cis	UL 60950-1 Second Edition CAN/CSA-C22.2 No. 60950-1 Second Edition EN 60950-1 Se
208040	S84GNPEK9-15602T	routers	software	non-hardware	supported_protocols	f202cd45fb36710d	Cisco 819 Non-Hardened 4G LTE 2.5 Machine-to-Machine Integrated Services Routers with Wi-F	● IPv6 addressing architecture ● IPv6 name resolution ● IPv6 statistics ● IPv6 t
115584	S84GNPEK9-15602T	routers	software	non-hardware	emc_immunity	f202cd45fb36710d	Cisco 819 Non-Hardened 4G LTE 2.5 Machine-to-Machine Integrated Services Routers with Wi-F	EN55024/CISPR24, (EN61000-4-2, EN61000-4-3, EN61000-4-4, EN61000-4-5, EN61000-4-
115582	S84GNPEK9-15602T	routers	software	non-hardware	flash	f202cd45fb36710d	Cisco 819 Non-Hardened 4G LTE 2.5 Machine-to-Machine Integrated Services Routers with Wi-F	1 GB
115583	S84GNPEK9-15602T	routers	software	non-hardware	temp_operating	f202cd45fb36710d	Cisco 819 Non-Hardened 4G LTE 2.5 Machine-to-Machine Integrated Services Routers with Wi-F	5° to 122°F (-15° to 50°C) (functional up to 131°F [55°C] non-3GPP compliant)
115579	S84GNPEK9-15602T	routers	software	non-hardware	programming_interfaces	f202cd45fb36710d	Cisco 819 Non-Hardened 4G LTE 2.5 Machine-to-Machine Integrated Services Routers with Wi-F	● Cisco IOS Software CLI
115581	S84GNPEK9-15602T	routers	software	non-hardware	dram	f202cd45fb36710d	Cisco 819 Non-Hardened 4G LTE 2.5 Machine-to-Machine Integrated Services Routers with Wi-F	1 GB
115587	S84GNPEK9-15602T	routers	software	non-hardware	emc_emissions	f202cd45fb36710d	Cisco 819 Non-Hardened 4G LTE 2.5 Machine-to-Machine Integrated Services Routers with Wi-F	EN55022/CISPR22, CFR 47 Part 15, ICES003, VCCI-V-3, AS/NZS CISPR22, CNS13438, EN
145965	M9500XRC=	storage-networking	license	non-hardware	certifications	21031fae4600573e	Cisco MDS 9509 Multilayer Director Data Sheet - Cisco	● Safety compliance ◦ CE Marking ◦ UL 60950 ◦ CAN/CSA-C22.2 No. 60950 ◦ EN 60950
145962	M9500XRC=	storage-networking	license	non-hardware	fabric_services	21031fae4600573e	Cisco MDS 9509 Multilayer Director Data Sheet - Cisco	● Name server ● Registered State Change Notification (RSCN) ● Login services ● F
145964	M9500XRC=	storage-networking	license	non-hardware	programming_interfaces	21031fae4600573e	Cisco MDS 9509 Multilayer Director Data Sheet - Cisco	● Scriptable CLI ● Data Center Network Manager web services API ● Device Manager
145961	M9500XRC=	storage-networking	license	non-hardware	supported_protocols	21031fae4600573e	Cisco MDS 9509 Multilayer Director Data Sheet - Cisco	● Fibre Channel standards ◦ FC-PH, Revision 4.3 (ANSI INCITS 230-1994) ◦ FC-PH, 
145963	M9500XRC=	storage-networking	license	non-hardware	diagnostics	21031fae4600573e	Cisco MDS 9509 Multilayer Director Data Sheet - Cisco	● Power-on-self-test (POST) diagnostics ● Online diagnostics ● Internal port loo
141533	IE3400H-DNA-E-3Y	switches	license	non-hardware	qos_features	08a17028631b331a	Cisco Catalyst IE3400 Heavy Duty Series Data Sheet - Cisco	Ingress policing, rate limit, egress queuing/shaping, auto QoS
96255	IE3400H-DNA-E-3Y	switches	license	non-hardware	programming_interfaces	08a17028631b331a	Cisco Catalyst IE3400 Heavy Duty Series Data Sheet - Cisco	YANG, NETCONF, RESTCONF
96256	IE3400H-DNA-E-3Y	switches	license	non-hardware	emc_emissions	08a17028631b331a	Cisco Catalyst IE3400 Heavy Duty Series Data Sheet - Cisco	Emissions (Class A): FCC 47 CFR Part 15 subpart B ICES-003 EN 55011 EN 55032/ CI
96257	IE3400H-DNA-E-3Y	switches	license	non-hardware	temp_operating	08a17028631b331a	Cisco Catalyst IE3400 Heavy Duty Series Data Sheet - Cisco	-40°C to +75°C (-40F to 167F) (with airflow) with 200 LFM airflow -40°C to +70°C
96258	IE3400H-DNA-E-3Y	switches	license	non-hardware	temp_storage	08a17028631b331a	Cisco Catalyst IE3400 Heavy Duty Series Data Sheet - Cisco	-40°C to +85°C (-40F to 185F) IEC 60068-2-14 Altitude: Up to 13,800 feet (4,200 
96262	IE3400H-DNA-E-3Y	switches	license	non-hardware	shock	08a17028631b331a	Cisco Catalyst IE3400 Heavy Duty Series Data Sheet - Cisco	IEC 60068-2-6 Vibration: IEC 60068-2-6, IEC 255 21.1 Class 1 Vibration Test IEC 
205963	IE3400H-DNA-E-3Y	switches	license	non-hardware	certifications	08a17028631b331a	Cisco Catalyst IE3400 Heavy Duty Series Data Sheet - Cisco	EN 61000-6-1 Immunity standards for light industrial ENV EN 61000-6-2 Immunity s
203881	S-A9K-NVSAT5-LIC	routers	license	non-hardware	ieee_standards	2b56b0b7c4e8c61a	Cisco ASR 9903 Compact High-Performance Router Data Sheet - Cisco	● 10 Gbps IEEE 802.3ae compliant ● 40/100-Gbps IEEE 802.3ba compliant ● 100 Giga
145510	S-A9K-NVSAT5-LIC	routers	license	non-hardware	altitude_max	2b56b0b7c4e8c61a	Cisco ASR 9903 Compact High-Performance Router Data Sheet - Cisco	–60 to 1800 m
114800	S-A9K-NVSAT5-LIC	routers	license	non-hardware	supported_protocols	2b56b0b7c4e8c61a	Cisco ASR 9903 Compact High-Performance Router Data Sheet - Cisco	NetFlow, IEEE 802.1ag, IEEE 802.3ah, ITU Y.1731, IP Service-Level Agreement (IP 
114799	S-A9K-NVSAT5-LIC	routers	license	non-hardware	temp_operating	2b56b0b7c4e8c61a	Cisco ASR 9903 Compact High-Performance Router Data Sheet - Cisco	41 to 104°F (5 to 40°C) Note: Limitations may apply when using high-power optics
114795	S-A9K-NVSAT5-LIC	routers	license	non-hardware	humidity_operating	b8b4ec84e4a93e32	Cisco ASR 9901 Router Data Sheet - Cisco	10 to 85%
114797	S-A9K-NVSAT5-LIC	routers	license	non-hardware	temp_storage	b8b4ec84e4a93e32	Cisco ASR 9901 Router Data Sheet - Cisco	-40 to 158°F (-40 to 70°C)
142631	S-A9K-NVSAT5-LIC	routers	license	non-hardware	humidity_storage	2b56b0b7c4e8c61a	Cisco ASR 9903 Compact High-Performance Router Data Sheet - Cisco	5 to 95% Note: Not to exceed 0.024 kg of water per kg of dry air
206572	S-A9K-NVSAT5-LIC	routers	license	non-hardware	certifications	b8b4ec84e4a93e32	Cisco ASR 9901 Router Data Sheet - Cisco	Cisco ASR 9901 is designed to meet: ● SR-3580: NEBS Criteria Levels (Level 3) ● 
141691	IE4010-DNA-E-H-7Y	switches	license	non-hardware	qos_features	eb10389c7a6d377f	Cisco Industrial Ethernet 4010 Series Switches Data Sheet - Cisco	Ingress Policing, Rate-Limit, Egress Queueing/shaping, AutoQoS, Modular QoS CLI 
97737	IE4010-DNA-E-H-7Y	switches	license	non-hardware	mac_table	eb10389c7a6d377f	Cisco Industrial Ethernet 4010 Series Switches Data Sheet - Cisco	16,000
97738	IE4010-DNA-E-H-7Y	switches	license	non-hardware	vlan_max	eb10389c7a6d377f	Cisco Industrial Ethernet 4010 Series Switches Data Sheet - Cisco	1000
97147	IE3000-DNA-E-L	switches	license	non-hardware	temp_storage	f290019c77b19140	Cisco Industrial Ethernet 3000 Layer 2/Layer 3 Series Switches Data Sheet - Cisco	● -40 C to +85 C (storage temperature) ● Storage altitude: Up to 15,000 ft
97148	IE3000-DNA-E-L	switches	license	non-hardware	humidity_operating	f290019c77b19140	Cisco Industrial Ethernet 3000 Layer 2/Layer 3 Series Switches Data Sheet - Cisco	● Relative humidity: 5% to 95% non-condensing
205972	IE3000-DNA-E-L	switches	license	non-hardware	certifications	f290019c77b19140	Cisco Industrial Ethernet 3000 Layer 2/Layer 3 Series Switches Data Sheet - Cisco	● UL 60950-1 ● CSA C22.2 No. 60950-1 ● TUV/GS to EN 60950-1 ● CB to IEC 60950-1 
97320	IE2000-DNA-E-L-3Y	switches	license	non-hardware	programming_interfaces	7be5a7c2ffcf5234	Cisco Industrial Ethernet 2000 Series Switches Data Sheet - Cisco	Cisco Network Plug-and-Play application
97324	IE2000-DNA-E-L-3Y	switches	license	non-hardware	temp_storage	7be5a7c2ffcf5234	Cisco Industrial Ethernet 2000 Series Switches Data Sheet - Cisco	● -40 C to +85 C (storage temperature) ● IEC 60068-2-14 ● Storage altitude: Up t
115722	S845EULPE-33-1511XO	switches	software	non-hardware	ipv6_routes	7b4dd5a26aec3f20	Cisco Catalyst 4500E Supervisor Engine 8-E: Wired and Wireless Convergence Data Sheet - Ci	128,000
196846	LIC-CT8510-DTLS-K9	wireless	license	non-hardware	ieee_standards	68b62e5c1a803d3c	Cisco 8500 Series Wireless Controllers Data Sheet - Cisco	IEEE 802.11a, 802.11b, 802.11g, 802.11d, WMM/802.11e, 802.11h, 802.11n , 802.11k
197449	LIC-CT8510-DTLS-K9	wireless	license	non-hardware	supported_protocols	68b62e5c1a803d3c	Cisco 8500 Series Wireless Controllers Data Sheet - Cisco	● IEEE 802.1X ● RFC 2548 Microsoft Vendor-Specific RADIUS Attributes ● RFC 2716 
99586	LIC-CT8510-DTLS-K9	wireless	license	non-hardware	programming_interfaces	68b62e5c1a803d3c	Cisco 8500 Series Wireless Controllers Data Sheet - Cisco	● Web-based: HTTP/HTTPS ● Command-line interface: Telnet, Secure Shell (SSH) Pro
99587	LIC-CT8510-DTLS-K9	wireless	license	non-hardware	encryption	68b62e5c1a803d3c	Cisco 8500 Series Wireless Controllers Data Sheet - Cisco	● Wired Equivalent Privacy (WEP) and Temporal Key Integrity Protocol-Message Int
196416	L-ISA3000-TMC-5Y	security	license	non-hardware	rfc_compliance	ebce9a0dbe4b1ace	Cisco Secure Firewall ISA3000 Data Sheet - Cisco	● RFC 768: User Datagram Protocol (UDP) ● RFC 783: Trivial FTP (TFTP) ● RFC 791:
205076	L-ISA3000-TMC-5Y	security	license	non-hardware	supported_protocols	ebce9a0dbe4b1ace	Cisco Secure Firewall ISA3000 Data Sheet - Cisco	● IPv4 static routing ● Dynamic routing (Routing Information Protocol [RIP], Enh
199027	L-ISA3000-TMC-5Y	security	license	non-hardware	ieee_standards	ebce9a0dbe4b1ace	Cisco Secure Firewall ISA3000 Data Sheet - Cisco	● IEEE 802.1D MAC Bridges, Spanning Tree Protocol (STP) ● IEEE 802.1p Layer2 cla
204285	XR-NC57-PK9-07.05	routers	software	non-hardware	supported_protocols	2362772905997ea1	Cisco Network Convergence System 5700 Series: NCS-57C1 Fixed Chassis Data Sheet - Cisco	● Layer 2 switch ports ● IEEE 802.1Q VLAN encapsulation/Q-in-Q encapsulation ● I
143111	XR-NC57-PK9-07.05	routers	software	non-hardware	qos_features	2362772905997ea1	Cisco Network Convergence System 5700 Series: NCS-57C1 Fixed Chassis Data Sheet - Cisco	● Hierarchical QoS ● Ingress classification based on Class of Service (L2), IP d
143112	XR-NC57-PK9-07.05	routers	software	non-hardware	humidity_storage	2362772905997ea1	Cisco Network Convergence System 5700 Series: NCS-57C1 Fixed Chassis Data Sheet - Cisco	5% to 95% at 40C per NEBS GR-63-Core
144604	XR-NC57-PK9-07.05	routers	software	non-hardware	programming_interfaces	2362772905997ea1	Cisco Network Convergence System 5700 Series: NCS-57C1 Fixed Chassis Data Sheet - Cisco	● Zero-Touch Provisioning (ZTP), iPXE ● Configuration management ● Network Confi
130446	XR-NC57-PK9-07.05	routers	software	non-hardware	altitude_max	2362772905997ea1	Cisco Network Convergence System 5700 Series: NCS-57C1 Fixed Chassis Data Sheet - Cisco	0 to 9842 ft (0 to 3000 m)
128763	XR-NC57-PK9-07.05	routers	software	non-hardware	humidity_operating	2362772905997ea1	Cisco Network Convergence System 5700 Series: NCS-57C1 Fixed Chassis Data Sheet - Cisco	Normal: 5% RH to 85% RH Short term: 5% to 95% RH Should not exceed 0.026 kg wate
128766	XR-NC57-PK9-07.05	routers	software	non-hardware	segment_routing_features	2362772905997ea1	Cisco Network Convergence System 5700 Series: NCS-57C1 Fixed Chassis Data Sheet - Cisco	● Segment routing–based transport ● ISIS extensions to segment routing ● OSPF ex
144606	XR-NC57-PK9-07.05	routers	software	non-hardware	emc_immunity	2362772905997ea1	Cisco Network Convergence System 5700 Series: NCS-57C1 Fixed Chassis Data Sheet - Cisco	IEC/EN61000-4-2 IEC/EN61000-4-3 IEC/EN61000-4-4 IEC/EN61000-4-5 IEC/EN61000-4-6 
206444	XR-NC57-PK9-07.05	routers	software	non-hardware	certifications	2362772905997ea1	Cisco Network Convergence System 5700 Series: NCS-57C1 Fixed Chassis Data Sheet - Cisco	Designed to meet: ● GR-63-CORE ● GR-1089-CORE ; FCC 47CFR15 AS/NZS CISPR 32 EN55
77721	C4500E-IP-ES-S	interfaces-modules	license	non-hardware	ipv6_routes	18989e0127e9ce20	Cisco Catalyst 4500E Supervisor Engine 9-E Data Sheet - Cisco	128,000
76369	C1E1TN9300GF-5Y	switches	license	non-hardware	temp_operating	3e6013a0dc9b94e5	Cisco N9300-FX Series Switches Data Sheet - Cisco	32 to 104°F (0 to 40°C)
76371	C1E1TN9300GF-5Y	switches	license	non-hardware	humidity_operating	3e6013a0dc9b94e5	Cisco N9300-FX Series Switches Data Sheet - Cisco	5 to 95% (noncondensing)
149936	C1E1TN9300GF-5Y	switches	license	non-hardware	temp_storage	3e6013a0dc9b94e5	Cisco N9300-FX Series Switches Data Sheet - Cisco	–40 to 158°F (–40 to 70°C)
149937	C1E1TN9300GF-5Y	switches	license	non-hardware	emc_emissions	3e6013a0dc9b94e5	Cisco N9300-FX Series Switches Data Sheet - Cisco	● 47CFR Part 15 (CFR 47) Class A ● AS/NZS CISPR22 Class A ● CISPR22 Class A ● EN
149938	C1E1TN9300GF-5Y	switches	license	non-hardware	emc_immunity	3e6013a0dc9b94e5	Cisco N9300-FX Series Switches Data Sheet - Cisco	● EN55024 ● CISPR24 ● EN300386 ● KN 61000-4 series
131309	C1E1TN9300GF-5Y	switches	license	non-hardware	altitude_max	3e6013a0dc9b94e5	Cisco N9300-FX Series Switches Data Sheet - Cisco	0 to 13,123 ft (0 to 4000m)
140943	C9200-DNA-A-24-5Y	switches	license	non-hardware	humidity_storage	de692de8d2c8f641	Cisco Catalyst 9200 Series Switches Data Sheet - Cisco	5% to 90% noncondensing
78720	C9200-DNA-A-24-5Y	switches	license	non-hardware	temp_operating	de692de8d2c8f641	Cisco Catalyst 9200 Series Switches Data Sheet - Cisco	Normal operating temperature * and altitudes: ● -5°C to +45°C, up to 5000 feet (
78721	C9200-DNA-A-24-5Y	switches	license	non-hardware	temp_storage	de692de8d2c8f641	Cisco Catalyst 9200 Series Switches Data Sheet - Cisco	-40° to 158°F (-40° to 70°C)
205664	C9200-DNA-A-24-5Y	switches	license	non-hardware	certifications	de692de8d2c8f641	Cisco Catalyst 9200 Series Switches Data Sheet - Cisco	● 47 CFR Part 15 ● CISPR 32 Class A ● CNS 13438 ● EN 300 386 * ● EN 55032 Class 
140950	C9300-DNX-A-24S-7Y	switches	license	non-hardware	humidity_storage	638d72c59601332b	Cisco Catalyst 9300 Series Switches Data Sheet - Cisco	5% to 90% noncondensing
78778	C9300-DNX-A-24S-7Y	switches	license	non-hardware	temp_operating	638d72c59601332b	Cisco Catalyst 9300 Series Switches Data Sheet - Cisco	Normal operating temperature * and altitudes: -5°C to +45°C, up to 5000 feet (15
78779	C9300-DNX-A-24S-7Y	switches	license	non-hardware	temp_storage	638d72c59601332b	Cisco Catalyst 9300 Series Switches Data Sheet - Cisco	-40° to 158°F (-40° to 70°C)
198460	C9300-DNX-A-24S-7Y	switches	license	non-hardware	ieee_standards	638d72c59601332b	Cisco Catalyst 9300 Series Switches Data Sheet - Cisco	IEEE 802.1s IEEE 802.1w IEEE 802.1x IEEE 802.1x-Rev IEEE 802.3ad IEEE 802.3ae IE
204042	A9K-400G-CGN-LIC	routers	license	non-hardware	ieee_standards	632e9bc4f7295fbe	Cisco ASR 9000 Series 400G and 200G Modular Line Cards Data Sheet - Cisco	● IEEE 802.3 compliant ● 10 Gigabit Ethernet PHY monitoring ● IEEE 802.x flow co
140535	A9K-400G-CGN-LIC	routers	license	non-hardware	humidity_storage	632e9bc4f7295fbe	Cisco ASR 9000 Series 400G and 200G Modular Line Cards Data Sheet - Cisco	5 to 95% Note: Not to exceed 0.024 kg of water per kg of dry air
72407	A9K-400G-CGN-LIC	routers	license	non-hardware	humidity_operating	632e9bc4f7295fbe	Cisco ASR 9000 Series 400G and 200G Modular Line Cards Data Sheet - Cisco	10 to 85%
72408	A9K-400G-CGN-LIC	routers	license	non-hardware	temp_storage	632e9bc4f7295fbe	Cisco ASR 9000 Series 400G and 200G Modular Line Cards Data Sheet - Cisco	-40 to 158°F (-40 to 70°C)
144673	A9K-400G-CGN-LIC	routers	license	non-hardware	etsi_standards	632e9bc4f7295fbe	Cisco ASR 9000 Series 400G and 200G Modular Line Cards Data Sheet - Cisco	Cisco ASR 9000 Series Routers are designed to meet: ● EN300 386: Telecommunicati
144672	A9K-400G-CGN-LIC	routers	license	non-hardware	temp_operating	632e9bc4f7295fbe	Cisco ASR 9000 Series 400G and 200G Modular Line Cards Data Sheet - Cisco	23 to 131°F (-5 to 55°C)
130494	A9K-400G-CGN-LIC	routers	license	non-hardware	altitude_max	632e9bc4f7295fbe	Cisco ASR 9000 Series 400G and 200G Modular Line Cards Data Sheet - Cisco	-60 to 4000m (up to 2000m conforms to IEC, EN, UL, and CSA 60950 requirements)
206460	A9K-400G-CGN-LIC	routers	license	non-hardware	certifications	632e9bc4f7295fbe	Cisco ASR 9000 Series 400G and 200G Modular Line Cards Data Sheet - Cisco	Cisco ASR 9000 Series Routers are designed to meet: ● SR-3580: NEBS Criteria Lev
140968	C9300-DNA-L-E-7Y	switches	license	non-hardware	humidity_storage	638d72c59601332b	Cisco Catalyst 9300 Series Switches Data Sheet - Cisco	5% to 90% noncondensing
78889	C9300-DNA-L-E-7Y	switches	license	non-hardware	temp_operating	638d72c59601332b	Cisco Catalyst 9300 Series Switches Data Sheet - Cisco	Normal operating temperature * and altitudes: -5°C to +45°C, up to 5000 feet (15
78890	C9300-DNA-L-E-7Y	switches	license	non-hardware	temp_storage	638d72c59601332b	Cisco Catalyst 9300 Series Switches Data Sheet - Cisco	-40° to 158°F (-40° to 70°C)
198468	C9300-DNA-L-E-7Y	switches	license	non-hardware	ieee_standards	638d72c59601332b	Cisco Catalyst 9300 Series Switches Data Sheet - Cisco	IEEE 802.1s IEEE 802.1w IEEE 802.1x IEEE 802.1x-Rev IEEE 802.3ad IEEE 802.3ae IE
140970	C9300L-DNX-E-48-5Y	switches	license	non-hardware	humidity_storage	638d72c59601332b	Cisco Catalyst 9300 Series Switches Data Sheet - Cisco	5% to 90% noncondensing
198470	C9300L-DNX-E-48-5Y	switches	license	non-hardware	ieee_standards	638d72c59601332b	Cisco Catalyst 9300 Series Switches Data Sheet - Cisco	IEEE 802.1s IEEE 802.1w IEEE 802.1x IEEE 802.1x-Rev IEEE 802.3ad IEEE 802.3ae IE
78901	C9300L-DNX-E-48-5Y	switches	license	non-hardware	temp_operating	638d72c59601332b	Cisco Catalyst 9300 Series Switches Data Sheet - Cisco	Normal operating temperature * and altitudes: -5°C to +45°C, up to 5000 feet (15
78902	C9300L-DNX-E-48-5Y	switches	license	non-hardware	temp_storage	638d72c59601332b	Cisco Catalyst 9300 Series Switches Data Sheet - Cisco	-40° to 158°F (-40° to 70°C)
140989	C9200-DNX-E-24-7Y	switches	license	non-hardware	humidity_storage	de692de8d2c8f641	Cisco Catalyst 9200 Series Switches Data Sheet - Cisco	5% to 90% noncondensing
79025	C9200-DNX-E-24-7Y	switches	license	non-hardware	temp_operating	de692de8d2c8f641	Cisco Catalyst 9200 Series Switches Data Sheet - Cisco	Normal operating temperature * and altitudes: ● -5°C to +45°C, up to 5000 feet (
79026	C9200-DNX-E-24-7Y	switches	license	non-hardware	temp_storage	de692de8d2c8f641	Cisco Catalyst 9200 Series Switches Data Sheet - Cisco	-40° to 158°F (-40° to 70°C)
205685	C9200-DNX-E-24-7Y	switches	license	non-hardware	certifications	de692de8d2c8f641	Cisco Catalyst 9200 Series Switches Data Sheet - Cisco	● 47 CFR Part 15 ● CISPR 32 Class A ● CNS 13438 ● EN 300 386 * ● EN 55032 Class 
141089	C9300L-DNX-A-24-7Y	switches	license	non-hardware	humidity_storage	638d72c59601332b	Cisco Catalyst 9300 Series Switches Data Sheet - Cisco	5% to 90% noncondensing
198508	C9300L-DNX-A-24-7Y	switches	license	non-hardware	ieee_standards	638d72c59601332b	Cisco Catalyst 9300 Series Switches Data Sheet - Cisco	IEEE 802.1s IEEE 802.1w IEEE 802.1x IEEE 802.1x-Rev IEEE 802.3ad IEEE 802.3ae IE
79631	C9300L-DNX-A-24-7Y	switches	license	non-hardware	temp_operating	638d72c59601332b	Cisco Catalyst 9300 Series Switches Data Sheet - Cisco	Normal operating temperature * and altitudes: -5°C to +45°C, up to 5000 feet (15
79632	C9300L-DNX-A-24-7Y	switches	license	non-hardware	temp_storage	638d72c59601332b	Cisco Catalyst 9300 Series Switches Data Sheet - Cisco	-40° to 158°F (-40° to 70°C)
141081	C9300-DNX-A-48-3Y	switches	license	non-hardware	humidity_storage	638d72c59601332b	Cisco Catalyst 9300 Series Switches Data Sheet - Cisco	5% to 90% noncondensing
198500	C9300-DNX-A-48-3Y	switches	license	non-hardware	ieee_standards	638d72c59601332b	Cisco Catalyst 9300 Series Switches Data Sheet - Cisco	IEEE 802.1s IEEE 802.1w IEEE 802.1x IEEE 802.1x-Rev IEEE 802.3ad IEEE 802.3ae IE
79581	C9300-DNX-A-48-3Y	switches	license	non-hardware	temp_operating	638d72c59601332b	Cisco Catalyst 9300 Series Switches Data Sheet - Cisco	Normal operating temperature * and altitudes: -5°C to +45°C, up to 5000 feet (15
79582	C9300-DNX-A-48-3Y	switches	license	non-hardware	temp_storage	638d72c59601332b	Cisco Catalyst 9300 Series Switches Data Sheet - Cisco	-40° to 158°F (-40° to 70°C)
141127	C9300L-DNX-A-48-3Y	switches	license	non-hardware	humidity_storage	638d72c59601332b	Cisco Catalyst 9300 Series Switches Data Sheet - Cisco	5% to 90% noncondensing
79882	C9300L-DNX-A-48-3Y	switches	license	non-hardware	temp_operating	638d72c59601332b	Cisco Catalyst 9300 Series Switches Data Sheet - Cisco	Normal operating temperature * and altitudes: -5°C to +45°C, up to 5000 feet (15
79883	C9300L-DNX-A-48-3Y	switches	license	non-hardware	temp_storage	638d72c59601332b	Cisco Catalyst 9300 Series Switches Data Sheet - Cisco	-40° to 158°F (-40° to 70°C)
198527	C9300L-DNX-A-48-3Y	switches	license	non-hardware	ieee_standards	638d72c59601332b	Cisco Catalyst 9300 Series Switches Data Sheet - Cisco	IEEE 802.1s IEEE 802.1w IEEE 802.1x IEEE 802.1x-Rev IEEE 802.3ad IEEE 802.3ae IE
141123	C9200L-DNA-E-48-5Y	switches	license	non-hardware	humidity_storage	de692de8d2c8f641	Cisco Catalyst 9200 Series Switches Data Sheet - Cisco	5% to 90% noncondensing
79857	C9200L-DNA-E-48-5Y	switches	license	non-hardware	temp_operating	de692de8d2c8f641	Cisco Catalyst 9200 Series Switches Data Sheet - Cisco	Normal operating temperature * and altitudes: ● -5°C to +45°C, up to 5000 feet (
79858	C9200L-DNA-E-48-5Y	switches	license	non-hardware	temp_storage	de692de8d2c8f641	Cisco Catalyst 9200 Series Switches Data Sheet - Cisco	-40° to 158°F (-40° to 70°C)
205745	C9200L-DNA-E-48-5Y	switches	license	non-hardware	certifications	de692de8d2c8f641	Cisco Catalyst 9200 Series Switches Data Sheet - Cisco	● 47 CFR Part 15 ● CISPR 32 Class A ● CNS 13438 ● EN 300 386 * ● EN 55032 Class 
141158	C9300-DNX-A-48-7Y	switches	license	non-hardware	humidity_storage	638d72c59601332b	Cisco Catalyst 9300 Series Switches Data Sheet - Cisco	5% to 90% noncondensing
80068	C9300-DNX-A-48-7Y	switches	license	non-hardware	temp_storage	638d72c59601332b	Cisco Catalyst 9300 Series Switches Data Sheet - Cisco	-40° to 158°F (-40° to 70°C)
80067	C9300-DNX-A-48-7Y	switches	license	non-hardware	temp_operating	638d72c59601332b	Cisco Catalyst 9300 Series Switches Data Sheet - Cisco	Normal operating temperature * and altitudes: -5°C to +45°C, up to 5000 feet (15
198535	C9300-DNX-A-48-7Y	switches	license	non-hardware	ieee_standards	638d72c59601332b	Cisco Catalyst 9300 Series Switches Data Sheet - Cisco	IEEE 802.1s IEEE 802.1w IEEE 802.1x IEEE 802.1x-Rev IEEE 802.3ad IEEE 802.3ae IE
141155	C9200L-DNX-A-24-5Y	switches	license	non-hardware	humidity_storage	de692de8d2c8f641	Cisco Catalyst 9200 Series Switches Data Sheet - Cisco	5% to 90% noncondensing
80048	C9200L-DNX-A-24-5Y	switches	license	non-hardware	temp_operating	de692de8d2c8f641	Cisco Catalyst 9200 Series Switches Data Sheet - Cisco	Normal operating temperature * and altitudes: ● -5°C to +45°C, up to 5000 feet (
80049	C9200L-DNX-A-24-5Y	switches	license	non-hardware	temp_storage	de692de8d2c8f641	Cisco Catalyst 9200 Series Switches Data Sheet - Cisco	-40° to 158°F (-40° to 70°C)
205758	C9200L-DNX-A-24-5Y	switches	license	non-hardware	certifications	de692de8d2c8f641	Cisco Catalyst 9200 Series Switches Data Sheet - Cisco	● 47 CFR Part 15 ● CISPR 32 Class A ● CNS 13438 ● EN 300 386 * ● EN 55032 Class 
140758	C3850-24-L-E	switches	license	non-hardware	humidity_storage	5664cf3b037d513b	Cisco Catalyst 3850 Series Switches Data Sheet - Cisco	5 to 90% noncondensing
76731	C3850-24-L-E	switches	license	non-hardware	temp_operating	5664cf3b037d513b	Cisco Catalyst 3850 Series Switches Data Sheet - Cisco	23 to 113°F (-5 to 45°C)
76732	C3850-24-L-E	switches	license	non-hardware	temp_storage	5664cf3b037d513b	Cisco Catalyst 3850 Series Switches Data Sheet - Cisco	-40 to 158°F (-40 to 70°C)
199304	C3850-24-L-E	switches	license	non-hardware	ieee_standards	5664cf3b037d513b	Cisco Catalyst 3850 Series Switches Data Sheet - Cisco	IEEE 802.1as IEEE 802.1s IEEE 802.1w IEEE 802.11 IEEE 802.1x IEEE 802.1x-Rev IEE
158354	C3850-24-L-E	switches	license	non-hardware	altitude_max	5664cf3b037d513b	Cisco Catalyst 3850 Series Switches Data Sheet - Cisco	10,000 ft. (3000 meters), up to 45°C
207538	C3850-24-L-E	switches	license	non-hardware	certifications	5664cf3b037d513b	Cisco Catalyst 3850 Series Switches Data Sheet - Cisco	UL 60950-1 Second Edition CAN/CSA-C22.2 No. 60950-1 Second Edition EN 60950-1 Se
141765	LIC-C9300-48E-3Y	switches	license	non-hardware	humidity_storage	638d72c59601332b	Cisco Catalyst 9300 Series Switches Data Sheet - Cisco	5% to 90% noncondensing
99367	LIC-C9300-48E-3Y	switches	license	non-hardware	temp_storage	638d72c59601332b	Cisco Catalyst 9300 Series Switches Data Sheet - Cisco	-40° to 158°F (-40° to 70°C)
99366	LIC-C9300-48E-3Y	switches	license	non-hardware	temp_operating	638d72c59601332b	Cisco Catalyst 9300 Series Switches Data Sheet - Cisco	Normal operating temperature * and altitudes: -5°C to +45°C, up to 5000 feet (15
198544	LIC-C9300-48E-3Y	switches	license	non-hardware	ieee_standards	638d72c59601332b	Cisco Catalyst 9300 Series Switches Data Sheet - Cisco	IEEE 802.1s IEEE 802.1w IEEE 802.1x IEEE 802.1x-Rev IEEE 802.3ad IEEE 802.3ae IE
141751	L-C3850-48-L-S	switches	license	non-hardware	humidity_storage	5664cf3b037d513b	Cisco Catalyst 3850 Series Switches Data Sheet - Cisco	5 to 90% noncondensing
98652	L-C3850-48-L-S	switches	license	non-hardware	temp_operating	5664cf3b037d513b	Cisco Catalyst 3850 Series Switches Data Sheet - Cisco	23 to 113°F (-5 to 45°C)
98653	L-C3850-48-L-S	switches	license	non-hardware	temp_storage	5664cf3b037d513b	Cisco Catalyst 3850 Series Switches Data Sheet - Cisco	-40 to 158°F (-40 to 70°C)
205993	L-C3850-48-L-S	switches	license	non-hardware	certifications	5664cf3b037d513b	Cisco Catalyst 3850 Series Switches Data Sheet - Cisco	UL 60950-1 Second Edition CAN/CSA-C22.2 No. 60950-1 Second Edition EN 60950-1 Se
141757	L-C3850-48-L-E	switches	license	non-hardware	humidity_storage	5664cf3b037d513b	Cisco Catalyst 3850 Series Switches Data Sheet - Cisco	5 to 90% noncondensing
98745	L-C3850-48-L-E	switches	license	non-hardware	temp_operating	5664cf3b037d513b	Cisco Catalyst 3850 Series Switches Data Sheet - Cisco	23 to 113°F (-5 to 45°C)
98746	L-C3850-48-L-E	switches	license	non-hardware	temp_storage	5664cf3b037d513b	Cisco Catalyst 3850 Series Switches Data Sheet - Cisco	-40 to 158°F (-40 to 70°C)
206010	L-C3850-48-L-E	switches	license	non-hardware	certifications	5664cf3b037d513b	Cisco Catalyst 3850 Series Switches Data Sheet - Cisco	UL 60950-1 Second Edition CAN/CSA-C22.2 No. 60950-1 Second Edition EN 60950-1 Se
145968	M95DMM184K9	storage-networking	license	non-hardware	diagnostics	21031fae4600573e	Cisco MDS 9509 Multilayer Director Data Sheet - Cisco	● Power-on-self-test (POST) diagnostics ● Online diagnostics ● Internal port loo
145967	M95DMM184K9	storage-networking	license	non-hardware	fabric_services	21031fae4600573e	Cisco MDS 9509 Multilayer Director Data Sheet - Cisco	● Name server ● Registered State Change Notification (RSCN) ● Login services ● F
145969	M95DMM184K9	storage-networking	license	non-hardware	programming_interfaces	21031fae4600573e	Cisco MDS 9509 Multilayer Director Data Sheet - Cisco	● Scriptable CLI ● Data Center Network Manager web services API ● Device Manager
145966	M95DMM184K9	storage-networking	license	non-hardware	supported_protocols	21031fae4600573e	Cisco MDS 9509 Multilayer Director Data Sheet - Cisco	● Fibre Channel standards ◦ FC-PH, Revision 4.3 (ANSI INCITS 230-1994) ◦ FC-PH, 
145970	M95DMM184K9	storage-networking	license	non-hardware	certifications	21031fae4600573e	Cisco MDS 9509 Multilayer Director Data Sheet - Cisco	● Safety compliance ◦ CE Marking ◦ UL 60950 ◦ CAN/CSA-C22.2 No. 60950 ◦ EN 60950
77781	C4500X-LIC=	switches	license	non-hardware	jumbo_mtu	bc0a2b219bf6a190	Cisco Catalyst 4500-X Series Fixed 10 Gigabit Ethernet Aggregation Switch Data Sheet - Cis	Up to 9216 bytes
207375	C4500X-LIC=	switches	license	non-hardware	certifications	bc0a2b219bf6a190	Cisco Catalyst 4500-X Series Fixed 10 Gigabit Ethernet Aggregation Switch Data Sheet - Cis	UL 60950-1 Second Edition CAN/CSA-C22.2 No. 60950-1 Second Edition EN 60950-1 Se
146000	M95IOA184=	storage-networking	license	non-hardware	certifications	21031fae4600573e	Cisco MDS 9509 Multilayer Director Data Sheet - Cisco	● Safety compliance ◦ CE Marking ◦ UL 60950 ◦ CAN/CSA-C22.2 No. 60950 ◦ EN 60950
145997	M95IOA184=	storage-networking	license	non-hardware	fabric_services	21031fae4600573e	Cisco MDS 9509 Multilayer Director Data Sheet - Cisco	● Name server ● Registered State Change Notification (RSCN) ● Login services ● F
145999	M95IOA184=	storage-networking	license	non-hardware	programming_interfaces	21031fae4600573e	Cisco MDS 9509 Multilayer Director Data Sheet - Cisco	● Scriptable CLI ● Data Center Network Manager web services API ● Device Manager
145996	M95IOA184=	storage-networking	license	non-hardware	supported_protocols	21031fae4600573e	Cisco MDS 9509 Multilayer Director Data Sheet - Cisco	● Fibre Channel standards ◦ FC-PH, Revision 4.3 (ANSI INCITS 230-1994) ◦ FC-PH, 
145998	M95IOA184=	storage-networking	license	non-hardware	diagnostics	21031fae4600573e	Cisco MDS 9509 Multilayer Director Data Sheet - Cisco	● Power-on-self-test (POST) diagnostics ● Online diagnostics ● Internal port loo
76315	C1P1TN9300XF-7Y	switches	license	non-hardware	temp_operating	c294a6ef715a933d	Cisco N9300-EX, FX, and FX3 24 Port Series Switches Data Sheet - Cisco	32 to 104°F (0 to 40°C)
76317	C1P1TN9300XF-7Y	switches	license	non-hardware	humidity_operating	c294a6ef715a933d	Cisco N9300-EX, FX, and FX3 24 Port Series Switches Data Sheet - Cisco	5 to 95% (noncondensing)
151390	C1P1TN9300XF-7Y	switches	license	non-hardware	temp_storage	c294a6ef715a933d	Cisco N9300-EX, FX, and FX3 24 Port Series Switches Data Sheet - Cisco	–40 to 158°F (–40 to 70°C)
151391	C1P1TN9300XF-7Y	switches	license	non-hardware	emc_emissions	c294a6ef715a933d	Cisco N9300-EX, FX, and FX3 24 Port Series Switches Data Sheet - Cisco	● 47CFR Part 15 (CFR 47) Class A ● AS/NZS CISPR22 Class A ● CISPR22 Class A ● EN
151392	C1P1TN9300XF-7Y	switches	license	non-hardware	emc_immunity	c294a6ef715a933d	Cisco N9300-EX, FX, and FX3 24 Port Series Switches Data Sheet - Cisco	● EN55024 ● CISPR24 ● EN300386 ● KN 61000-4 series
131384	C1P1TN9300XF-7Y	switches	license	non-hardware	altitude_max	c294a6ef715a933d	Cisco N9300-EX, FX, and FX3 24 Port Series Switches Data Sheet - Cisco	0 to 13,123 ft (0 to 4000m)
141603	IE3500-DNA-E-3Y	switches	license	non-hardware	qos_features	de20866285786429	Cisco IE3500 Heavy Duty Series Data Sheet - Cisco	Ingress policing, rate limit, egress queuing/shaping, auto QoS
96880	IE3500-DNA-E-3Y	switches	license	non-hardware	humidity_operating	b8622078cd3085fd	Cisco IE3500 Rugged Series Data Sheet - Cisco	Relative humidity of 5% to 95% non-condensing IEC 60068-2-78 IEC 60068-2-30
96874	IE3500-DNA-E-3Y	switches	license	non-hardware	emc_emissions	de20866285786429	Cisco IE3500 Heavy Duty Series Data Sheet - Cisco	Emissions (Class A): FCC 47 CFR Part 15 subpart B ICES-003 EN 55011 EN 55032/ CI
196376	IE5000-DNA-A-H	switches	license	non-hardware	rfc_compliance	5101115dc17605ec	Cisco Industrial Ethernet 5000 Series Switches Data Sheet - Cisco	● RFC 768: UDP ● RFC 783: TFTP ● RFC 791: IPv4 protocol ● RFC 792: ICMP ● RFC 79
198235	IE5000-DNA-A-H	switches	license	non-hardware	ieee_standards	5101115dc17605ec	Cisco Industrial Ethernet 5000 Series Switches Data Sheet - Cisco	● IEEE 802.1D MAC Bridges, STP ● IEEE 802.1p Layer2 COS prioritization ● IEEE 80
141604	IE5000-DNA-A-H	switches	license	non-hardware	snmp_mibs	5101115dc17605ec	Cisco Industrial Ethernet 5000 Series Switches Data Sheet - Cisco	● BRIDGE-MIB ● CALISTA-DPA-MIB ● CISCO-ACCESS-ENVMON-MIB ● CISCO-ADMISSION-POLIC
96890	IE5000-DNA-A-H	switches	license	non-hardware	mac_table	5101115dc17605ec	Cisco Industrial Ethernet 5000 Series Switches Data Sheet - Cisco	16,000
96891	IE5000-DNA-A-H	switches	license	non-hardware	vlan_max	5101115dc17605ec	Cisco Industrial Ethernet 5000 Series Switches Data Sheet - Cisco	1,005
141667	IE3300-DNA-E-3Y	switches	license	non-hardware	qos_features	7b24beb93905621c	Cisco Catalyst IE3300 Rugged Series Data Sheet - Cisco	Ingress policing, rate limit, egress queuing and shaping, auto QoS
97463	IE3300-DNA-E-3Y	switches	license	non-hardware	temp_storage	7b24beb93905621c	Cisco Catalyst IE3300 Rugged Series Data Sheet - Cisco	Temperature: -40°C to +85°C degrees Altitude: 15,000 feet IEC 60068-2-14
97456	IE3300-DNA-E-3Y	switches	license	non-hardware	programming_interfaces	7b24beb93905621c	Cisco Catalyst IE3300 Rugged Series Data Sheet - Cisco	YANG, NETCONF, RESTCONF
97458	IE3300-DNA-E-3Y	switches	license	non-hardware	humidity_operating	7b24beb93905621c	Cisco Catalyst IE3300 Rugged Series Data Sheet - Cisco	Relative humidity of 5% to 95% non-condensing IEC 60068-2-78 IEC 60068-2-30
97462	IE3300-DNA-E-3Y	switches	license	non-hardware	temp_operating	7b24beb93905621c	Cisco Catalyst IE3300 Rugged Series Data Sheet - Cisco	Operating temperature: -40°C to +70°C (40 LFM vented enclosure) -40°C to +60°C (
97464	IE3300-DNA-E-3Y	switches	license	non-hardware	shock	7b24beb93905621c	Cisco Catalyst IE3300 Rugged Series Data Sheet - Cisco	IEC 60068-2-27 (operational shock, 50G, 3ms, half sine) IEC 60068-2-27 (non-oper
146019	M95SMESSNK9=	storage-networking	license	non-hardware	programming_interfaces	21031fae4600573e	Cisco MDS 9509 Multilayer Director Data Sheet - Cisco	● Scriptable CLI ● Data Center Network Manager web services API ● Device Manager
146020	M95SMESSNK9=	storage-networking	license	non-hardware	certifications	21031fae4600573e	Cisco MDS 9509 Multilayer Director Data Sheet - Cisco	● Safety compliance ◦ CE Marking ◦ UL 60950 ◦ CAN/CSA-C22.2 No. 60950 ◦ EN 60950
146016	M95SMESSNK9=	storage-networking	license	non-hardware	supported_protocols	21031fae4600573e	Cisco MDS 9509 Multilayer Director Data Sheet - Cisco	● Fibre Channel standards ◦ FC-PH, Revision 4.3 (ANSI INCITS 230-1994) ◦ FC-PH, 
146018	M95SMESSNK9=	storage-networking	license	non-hardware	diagnostics	21031fae4600573e	Cisco MDS 9509 Multilayer Director Data Sheet - Cisco	● Power-on-self-test (POST) diagnostics ● Online diagnostics ● Internal port loo
146017	M95SMESSNK9=	storage-networking	license	non-hardware	fabric_services	21031fae4600573e	Cisco MDS 9509 Multilayer Director Data Sheet - Cisco	● Name server ● Registered State Change Notification (RSCN) ● Login services ● F
140581	A9K-400G-AIP-TR	routers	license	non-hardware	humidity_storage	632e9bc4f7295fbe	Cisco ASR 9000 Series 400G and 200G Modular Line Cards Data Sheet - Cisco	5 to 95% Note: Not to exceed 0.024 kg of water per kg of dry air
144669	A9K-400G-AIP-TR	routers	license	non-hardware	optical_pm	8c63288a4996c1f3	Cisco ASR 9000 400-Gbps IPoDWDM Line Card Data Sheet - Cisco	Transmit optical power ; Transmitter laser bias current ; Receiver optical power
144668	A9K-400G-AIP-TR	routers	license	non-hardware	etsi_standards	632e9bc4f7295fbe	Cisco ASR 9000 Series 400G and 200G Modular Line Cards Data Sheet - Cisco	Cisco ASR 9000 Series Routers are designed to meet: ● EN300 386: Telecommunicati
144667	A9K-400G-AIP-TR	routers	license	non-hardware	temp_operating	632e9bc4f7295fbe	Cisco ASR 9000 Series 400G and 200G Modular Line Cards Data Sheet - Cisco	23 to 131°F (-5 to 55°C)
130493	A9K-400G-AIP-TR	routers	license	non-hardware	altitude_max	632e9bc4f7295fbe	Cisco ASR 9000 Series 400G and 200G Modular Line Cards Data Sheet - Cisco	-60 to 4000m (up to 2000m conforms to IEC, EN, UL, and CSA 60950 requirements)
72765	A9K-400G-AIP-TR	routers	license	non-hardware	humidity_operating	632e9bc4f7295fbe	Cisco ASR 9000 Series 400G and 200G Modular Line Cards Data Sheet - Cisco	10 to 85%
72766	A9K-400G-AIP-TR	routers	license	non-hardware	temp_storage	632e9bc4f7295fbe	Cisco ASR 9000 Series 400G and 200G Modular Line Cards Data Sheet - Cisco	-40 to 158°F (-40 to 70°C)
204041	A9K-400G-AIP-TR	routers	license	non-hardware	ieee_standards	632e9bc4f7295fbe	Cisco ASR 9000 Series 400G and 200G Modular Line Cards Data Sheet - Cisco	● IEEE 802.3 compliant ● 10 Gigabit Ethernet PHY monitoring ● IEEE 802.x flow co
206459	A9K-400G-AIP-TR	routers	license	non-hardware	certifications	632e9bc4f7295fbe	Cisco ASR 9000 Series 400G and 200G Modular Line Cards Data Sheet - Cisco	Cisco ASR 9000 Series Routers are designed to meet: ● SR-3580: NEBS Criteria Lev
76338	C1E1TN9300XF-7Y	switches	license	non-hardware	temp_operating	c294a6ef715a933d	Cisco N9300-EX, FX, and FX3 24 Port Series Switches Data Sheet - Cisco	32 to 104°F (0 to 40°C)
76340	C1E1TN9300XF-7Y	switches	license	non-hardware	humidity_operating	c294a6ef715a933d	Cisco N9300-EX, FX, and FX3 24 Port Series Switches Data Sheet - Cisco	5 to 95% (noncondensing)
151381	C1E1TN9300XF-7Y	switches	license	non-hardware	temp_storage	c294a6ef715a933d	Cisco N9300-EX, FX, and FX3 24 Port Series Switches Data Sheet - Cisco	–40 to 158°F (–40 to 70°C)
151382	C1E1TN9300XF-7Y	switches	license	non-hardware	emc_emissions	c294a6ef715a933d	Cisco N9300-EX, FX, and FX3 24 Port Series Switches Data Sheet - Cisco	● 47CFR Part 15 (CFR 47) Class A ● AS/NZS CISPR22 Class A ● CISPR22 Class A ● EN
151383	C1E1TN9300XF-7Y	switches	license	non-hardware	emc_immunity	c294a6ef715a933d	Cisco N9300-EX, FX, and FX3 24 Port Series Switches Data Sheet - Cisco	● EN55024 ● CISPR24 ● EN300386 ● KN 61000-4 series
131381	C1E1TN9300XF-7Y	switches	license	non-hardware	altitude_max	c294a6ef715a933d	Cisco N9300-EX, FX, and FX3 24 Port Series Switches Data Sheet - Cisco	0 to 13,123 ft (0 to 4000m)
77901	C4500X-IPB	switches	license	non-hardware	jumbo_mtu	bc0a2b219bf6a190	Cisco Catalyst 4500-X Series Fixed 10 Gigabit Ethernet Aggregation Switch Data Sheet - Cis	Up to 9216 bytes
207374	C4500X-IPB	switches	license	non-hardware	certifications	bc0a2b219bf6a190	Cisco Catalyst 4500-X Series Fixed 10 Gigabit Ethernet Aggregation Switch Data Sheet - Cis	UL 60950-1 Second Edition CAN/CSA-C22.2 No. 60950-1 Second Edition EN 60950-1 Se
118721	SP-CP-860-EX-CARE=	collaboration-endpoints	service	non-hardware	call_control	eaf12b2609ebd802	Cisco Wireless Phone 800 Series Data Sheet - Cisco	Cisco Unified Communications Manager 11.5(1)SU8, 12.5(1)SU3, 14.0(1) Webex Calli
206710	SP-CP-860-EX-CARE=	collaboration-endpoints	service	non-hardware	certifications	eaf12b2609ebd802	Cisco Wireless Phone 800 Series Data Sheet - Cisco	47 CFR Part 15 Class B ICES-003 Class B EN 55035:2017 AS/NZS CISPR 35:2016 CISPR
103549	N6KUK9-602N1.2	switches	software	non-hardware	emc_emissions	df62c7424eff7d1f	Cisco Nexus 6001 Switch Data Sheet - Cisco	● 47CFR Part 15 (CFR 47) Class A ● AS/NZS CISPR22 Class A ● CISPR22 Class A ● EN
103550	N6KUK9-602N1.2	switches	software	non-hardware	emc_immunity	df62c7424eff7d1f	Cisco Nexus 6001 Switch Data Sheet - Cisco	● EN55024 ● CISPR24 ● EN300386 ● KN 61000-4 series
115516	S-NCS1K4-100G-CL=	optical-networking	license	non-hardware	certifications	ff39869cb21589cd	Cisco Network Convergence System 1004 OTN-Xponder Data Sheet - Cisco	IEC 60950-1 Information technology equipment Safety Part 1: General requirements
148969	C9800-CL-K9	wireless	software	non-hardware	programming_interfaces	dccb083c094c58ad	Cisco Catalyst 9800-CL Wireless Controller for Cloud Data sheet - Cisco	● Web-based: HTTP/HTTPS ● Command-line interface: Telnet, Secure Shell (SSH) Pro
80307	C9800-CL-K9	wireless	software	non-hardware	vlan_max	dccb083c094c58ad	Cisco Catalyst 9800-CL Wireless Controller for Cloud Data sheet - Cisco	4096
80309	C9800-CL-K9	wireless	software	non-hardware	max_wlans	dccb083c094c58ad	Cisco Catalyst 9800-CL Wireless Controller for Cloud Data sheet - Cisco	4096
80311	C9800-CL-K9	wireless	software	non-hardware	operating_system	dccb083c094c58ad	Cisco Catalyst 9800-CL Wireless Controller for Cloud Data sheet - Cisco	Cisco IOS XE Software
196864	SL-1800-NE/PERF-K9	routers	license	non-hardware	ieee_standards	8e3a62fc89fc76f1	Cisco Catalyst IR1800 Rugged Series Routers Data Sheet - Cisco	● NMEA, RTCM 104
117651	SL-1800-NE/PERF-K9	routers	license	non-hardware	dram	8e3a62fc89fc76f1	Cisco Catalyst IR1800 Rugged Series Routers Data Sheet - Cisco	● 4 GB (IR1833) ● 8 GB (IR1835)
117652	SL-1800-NE/PERF-K9	routers	license	non-hardware	flash	8e3a62fc89fc76f1	Cisco Catalyst IR1800 Rugged Series Routers Data Sheet - Cisco	● 4 GB (IR1833) ● 8 GB (IR1835)
117653	SL-1800-NE/PERF-K9	routers	license	non-hardware	temp_operating	8e3a62fc89fc76f1	Cisco Catalyst IR1800 Rugged Series Routers Data Sheet - Cisco	● –40° to 140°F (–40° to 60°C) in a sealed NEMA cabinet with no airflow ● –40° t
182489	SL-1800-NE/PERF-K9	routers	license	non-hardware	mounting	8e3a62fc89fc76f1	Cisco Catalyst IR1800 Rugged Series Routers Data Sheet - Cisco	● DIN rail ● Panel mount
205107	SL-1800-NE/PERF-K9	routers	license	non-hardware	supported_protocols	8e3a62fc89fc76f1	Cisco Catalyst IR1800 Rugged Series Routers Data Sheet - Cisco	● IPv6 addressing architecture ● IPv6 unicast and multicast forwarding ● IPv6 AC
115683	S802RK8W8-15202JA	routers	software	non-hardware	temp_operating	561c0f07d63e8571	Cisco 812 CiFi Integrated Services Routers (3G-3.7G Cellular and Wi-Fi) Data Sheet - Cisco	All Cisco 812G models: -13 to 140 F ( -25 to 60 C) IP 20 per IEC 60529
153789	S802RK8W8-15202JA	routers	software	non-hardware	certifications	561c0f07d63e8571	Cisco 812 CiFi Integrated Services Routers (3G-3.7G Cellular and Wi-Fi) Data Sheet - Cisco	● UL 60950-1, 2nd edition ● CAN/CSA C22.2 No. 60950-1, 2nd edition ● EN 60950-1,
153790	S802RK8W8-15202JA	routers	software	non-hardware	emc_emissions	561c0f07d63e8571	Cisco 812 CiFi Integrated Services Routers (3G-3.7G Cellular and Wi-Fi) Data Sheet - Cisco	EN55022/CISPR22, CFR 47 Part 15, ICES003, VCCI-V-3, AS/NZS CISPR22, CNS13438, EN
207937	S802RK8W8-15202JA	routers	software	non-hardware	supported_protocols	561c0f07d63e8571	Cisco 812 CiFi Integrated Services Routers (3G-3.7G Cellular and Wi-Fi) Data Sheet - Cisco	● IPv6 addressing architecture ● IPv6 name resolution ● IPv6 statistics ● IPv6 t
115685	S802RK8W8-15202JA	routers	software	non-hardware	humidity_operating	561c0f07d63e8571	Cisco 812 CiFi Integrated Services Routers (3G-3.7G Cellular and Wi-Fi) Data Sheet - Cisco	Maximum 85% non-condensing RH
115686	S802RK8W8-15202JA	routers	software	non-hardware	altitude_max	eeedf4783e30b825	Cisco 819 Integrated Services Routers with 3G and Wi-Fi Data Sheet - Cisco	Above 5000 ft derate maximum operating temperature 1.50C per 1000 feet Maximum a
153787	S802RK8W8-15202JA	routers	software	non-hardware	qos_features	561c0f07d63e8571	Cisco 812 CiFi Integrated Services Routers (3G-3.7G Cellular and Wi-Fi) Data Sheet - Cisco	● Provides traffic precedence to delay-sensitive or prioritized applications. ● 
153791	S802RK8W8-15202JA	routers	software	non-hardware	emc_immunity	561c0f07d63e8571	Cisco 812 CiFi Integrated Services Routers (3G-3.7G Cellular and Wi-Fi) Data Sheet - Cisco	EN55024/CISPR24, (EN61000-4-2, EN61000-4-3, EN61000-4-4, EN61000-4-5, EN61000-4-
115681	S802RK8W8-15202JA	routers	software	non-hardware	programming_interfaces	561c0f07d63e8571	Cisco 812 CiFi Integrated Services Routers (3G-3.7G Cellular and Wi-Fi) Data Sheet - Cisco	Cisco IOS Software CLI
115636	S802W7K9-12425JAX	routers	software	non-hardware	temp_operating	561c0f07d63e8571	Cisco 812 CiFi Integrated Services Routers (3G-3.7G Cellular and Wi-Fi) Data Sheet - Cisco	All Cisco 812G models: -13 to 140 F ( -25 to 60 C) IP 20 per IEC 60529
207938	S802W7K9-12425JAX	routers	software	non-hardware	supported_protocols	561c0f07d63e8571	Cisco 812 CiFi Integrated Services Routers (3G-3.7G Cellular and Wi-Fi) Data Sheet - Cisco	● IPv6 addressing architecture ● IPv6 name resolution ● IPv6 statistics ● IPv6 t
115638	S802W7K9-12425JAX	routers	software	non-hardware	humidity_operating	561c0f07d63e8571	Cisco 812 CiFi Integrated Services Routers (3G-3.7G Cellular and Wi-Fi) Data Sheet - Cisco	Maximum 85% non-condensing RH
115639	S802W7K9-12425JAX	routers	software	non-hardware	altitude_max	eeedf4783e30b825	Cisco 819 Integrated Services Routers with 3G and Wi-Fi Data Sheet - Cisco	Above 5000 ft derate maximum operating temperature 1.50C per 1000 feet Maximum a
153792	S802W7K9-12425JAX	routers	software	non-hardware	qos_features	561c0f07d63e8571	Cisco 812 CiFi Integrated Services Routers (3G-3.7G Cellular and Wi-Fi) Data Sheet - Cisco	● Provides traffic precedence to delay-sensitive or prioritized applications. ● 
153794	S802W7K9-12425JAX	routers	software	non-hardware	certifications	561c0f07d63e8571	Cisco 812 CiFi Integrated Services Routers (3G-3.7G Cellular and Wi-Fi) Data Sheet - Cisco	● UL 60950-1, 2nd edition ● CAN/CSA C22.2 No. 60950-1, 2nd edition ● EN 60950-1,
153795	S802W7K9-12425JAX	routers	software	non-hardware	emc_emissions	561c0f07d63e8571	Cisco 812 CiFi Integrated Services Routers (3G-3.7G Cellular and Wi-Fi) Data Sheet - Cisco	EN55022/CISPR22, CFR 47 Part 15, ICES003, VCCI-V-3, AS/NZS CISPR22, CNS13438, EN
153796	S802W7K9-12425JAX	routers	software	non-hardware	emc_immunity	561c0f07d63e8571	Cisco 812 CiFi Integrated Services Routers (3G-3.7G Cellular and Wi-Fi) Data Sheet - Cisco	EN55024/CISPR24, (EN61000-4-2, EN61000-4-3, EN61000-4-4, EN61000-4-5, EN61000-4-
115634	S802W7K9-12425JAX	routers	software	non-hardware	programming_interfaces	561c0f07d63e8571	Cisco 812 CiFi Integrated Services Routers (3G-3.7G Cellular and Wi-Fi) Data Sheet - Cisco	Cisco IOS Software CLI
99187	L-NCS2K-MRE10-40G=	optical-networking	license	non-hardware	humidity_operating	e92a5b29cf9798d0	Cisco Network Convergence System 2000 Series Data Sheet - Cisco	5 to 85%, noncondensing 5 to 90% but not to exceed 0.024 kg water/kg of dry air
99188	L-NCS2K-MRE10-40G=	optical-networking	license	non-hardware	regions_supported	e92a5b29cf9798d0	Cisco Network Convergence System 2000 Series Data Sheet - Cisco	● Europe ● Latin America ● Japan ● Asia Pacific ● Middle East and Africa
99189	L-NCS2K-MRE10-40G=	optical-networking	license	non-hardware	temp_storage	e92a5b29cf9798d0	Cisco Network Convergence System 2000 Series Data Sheet - Cisco	-40 to 158ºF (-40 to 70ºC)
99190	L-NCS2K-MRE10-40G=	optical-networking	license	non-hardware	temp_operating	e92a5b29cf9798d0	Cisco Network Convergence System 2000 Series Data Sheet - Cisco	32 to 131ºF (0 to 55ºC) 23 to 131ºF (-5 to 55ºC)
206017	L-NCS2K-MRE10-40G=	optical-networking	license	non-hardware	certifications	e92a5b29cf9798d0	Cisco Network Convergence System 2000 Series Data Sheet - Cisco	● UL/CSA 60950-1 2 nd Ed. 2011 ● IEC 60950-1 2 nd Ed. + Amendment 1:2009, EN 609
141148	C9200CX-12-E-A	switches	license	non-hardware	humidity_storage	de692de8d2c8f641	Cisco Catalyst 9200 Series Switches Data Sheet - Cisco	5% to 90% noncondensing
146966	C9200CX-12-E-A	switches	license	non-hardware	certifications	de692de8d2c8f641	Cisco Catalyst 9200 Series Switches Data Sheet - Cisco	● 47 CFR Part 15 ● CISPR 32 Class A ● CNS 13438 ● EN 300 386 * ● EN 55032 Class 
80006	C9200CX-12-E-A	switches	license	non-hardware	temp_operating	de692de8d2c8f641	Cisco Catalyst 9200 Series Switches Data Sheet - Cisco	Normal operating temperature * and altitudes: ● -5°C to +45°C, up to 5000 feet (
80007	C9200CX-12-E-A	switches	license	non-hardware	temp_storage	de692de8d2c8f641	Cisco Catalyst 9200 Series Switches Data Sheet - Cisco	-40° to 158°F (-40° to 70°C)
146965	C9200CX-12-E-A	switches	license	non-hardware	ieee_standards	de692de8d2c8f641	Cisco Catalyst 9200 Series Switches Data Sheet - Cisco	EEE 802.1s ; RMON I and II standards ; IEEE 802.1w ; SNMPv1, v2c, and v3 ; IEEE 
158420	C9200CX-12-E-A	switches	license	non-hardware	altitude_max	de692de8d2c8f641	Cisco Catalyst 9200 Series Switches Data Sheet - Cisco	10,000 ft. (3000 meters), up to 45°C
147086	C9200L-48-E-A-7	switches	license	non-hardware	certifications	de692de8d2c8f641	Cisco Catalyst 9200 Series Switches Data Sheet - Cisco	● 47 CFR Part 15 ● CISPR 32 Class A ● CNS 13438 ● EN 300 386 * ● EN 55032 Class 
141153	C9200L-48-E-A-7	switches	license	non-hardware	humidity_storage	de692de8d2c8f641	Cisco Catalyst 9200 Series Switches Data Sheet - Cisco	5% to 90% noncondensing
80036	C9200L-48-E-A-7	switches	license	non-hardware	temp_operating	de692de8d2c8f641	Cisco Catalyst 9200 Series Switches Data Sheet - Cisco	Normal operating temperature * and altitudes: ● -5°C to +45°C, up to 5000 feet (
80037	C9200L-48-E-A-7	switches	license	non-hardware	temp_storage	de692de8d2c8f641	Cisco Catalyst 9200 Series Switches Data Sheet - Cisco	-40° to 158°F (-40° to 70°C)
147085	C9200L-48-E-A-7	switches	license	non-hardware	ieee_standards	de692de8d2c8f641	Cisco Catalyst 9200 Series Switches Data Sheet - Cisco	EEE 802.1s ; RMON I and II standards ; IEEE 802.1w ; SNMPv1, v2c, and v3 ; IEEE 
158425	C9200L-48-E-A-7	switches	license	non-hardware	altitude_max	de692de8d2c8f641	Cisco Catalyst 9200 Series Switches Data Sheet - Cisco	10,000 ft. (3000 meters), up to 45°C
197455	LS-FNM-KAS-25-1Y=	cloud-systems-management	license	(no axis)	supported_protocols	305890c0102c2549	Cisco FindIT Network Manager Data Sheet - Cisco	Cisco Discovery Protocol (CDP) Link-Layer Discovery Protocol (LLDP) Multicast DN
99660	LS-FNM-KAS-25-1Y=	cloud-systems-management	license	(no axis)	host_os_support	305890c0102c2549	Cisco FindIT Network Manager Data Sheet - Cisco	Ubuntu Linux version 16.04.x Raspbian Stretch Linux
99659	LS-FNM-KAS-25-1Y=	cloud-systems-management	license	(no axis)	dram	305890c0102c2549	Cisco FindIT Network Manager Data Sheet - Cisco	Manager: 4GB Probe: 512MB
143150	XR-NC57-P-07.08	routers	software	non-hardware	qos_features	f6f4765f11d958c1	Cisco Network Convergence System 5700 Series: NCS-57D2-18DD Fixed Chassis Data Sheet - Cis	● Hierarchical QoS ● Ingress classification based on Class of Service (Layer 2),
143151	XR-NC57-P-07.08	routers	software	non-hardware	humidity_storage	f6f4765f11d958c1	Cisco Network Convergence System 5700 Series: NCS-57D2-18DD Fixed Chassis Data Sheet - Cis	5% to 95% at 40°C per NEBS GR-63-Core
131474	XR-NC57-P-07.08	routers	software	non-hardware	altitude_max	f6f4765f11d958c1	Cisco Network Convergence System 5700 Series: NCS-57D2-18DD Fixed Chassis Data Sheet - Cis	0 to 9842 ft (0 to 3000 m)
129126	XR-NC57-P-07.08	routers	software	non-hardware	programming_interfaces	f6f4765f11d958c1	Cisco Network Convergence System 5700 Series: NCS-57D2-18DD Fixed Chassis Data Sheet - Cis	● Zero-Touch Provisioning (ZTP), iPXE, SecureZTP ● Configuration management ● Ne
129127	XR-NC57-P-07.08	routers	software	non-hardware	temp_storage	f6f4765f11d958c1	Cisco Network Convergence System 5700 Series: NCS-57D2-18DD Fixed Chassis Data Sheet - Cis	-40° to 158°F (-40° to 70°C)
129128	XR-NC57-P-07.08	routers	software	non-hardware	humidity_operating	f6f4765f11d958c1	Cisco Network Convergence System 5700 Series: NCS-57D2-18DD Fixed Chassis Data Sheet - Cis	Normal: 5% RH to 85% RH Short term: 5% to 95% RH Should not exceed 0.026 kg wate
129129	XR-NC57-P-07.08	routers	software	non-hardware	emc_emissions	f6f4765f11d958c1	Cisco Network Convergence System 5700 Series: NCS-57D2-18DD Fixed Chassis Data Sheet - Cis	● 47CFR Part 15 (CFR 47) Class A ● AS/NZS CISPR22 Class A ● CISPR22 Class A ● EN
129130	XR-NC57-P-07.08	routers	software	non-hardware	emc_immunity	f6f4765f11d958c1	Cisco Network Convergence System 5700 Series: NCS-57D2-18DD Fixed Chassis Data Sheet - Cis	● EN55024 ● CISPR24 ● EN300386 ● KN 61000-4 series
129131	XR-NC57-P-07.08	routers	software	non-hardware	segment_routing_features	f6f4765f11d958c1	Cisco Network Convergence System 5700 Series: NCS-57D2-18DD Fixed Chassis Data Sheet - Cis	● Segment routing–based transport ● IS-IS extensions to segment routing ● OSPF e
129133	XR-NC57-P-07.08	routers	software	non-hardware	temp_operating	f6f4765f11d958c1	Cisco Network Convergence System 5700 Series: NCS-57D2-18DD Fixed Chassis Data Sheet - Cis	PortSE intake supply: 32° to 104°F (0° to 40°C) at sea level Port-S Exhaust supp
199211	C3650-48-L-S	switches	license	non-hardware	ieee_standards	9b8d61bd4600b0da	Cisco Catalyst 3650 Series Switches Data Sheet - Cisco	IEEE 802.1as IEEE 802.1s IEEE 802.1w IEEE 802.11 IEEE 802.1x IEEE 802.1x-Rev IEE
76656	C3650-48-L-S	switches	license	non-hardware	temp_storage	9b8d61bd4600b0da	Cisco Catalyst 3650 Series Switches Data Sheet - Cisco	-40 to 158°F (-40 to 70°C)
76658	C3650-48-L-S	switches	license	non-hardware	temp_operating	9b8d61bd4600b0da	Cisco Catalyst 3650 Series Switches Data Sheet - Cisco	23 to 113°F (-5 to 45°C)
149560	C3650-48-L-S	switches	license	non-hardware	humidity_storage	9b8d61bd4600b0da	Cisco Catalyst 3650 Series Switches Data Sheet - Cisco	5 to 90% noncondensing
149561	C3650-48-L-S	switches	license	non-hardware	altitude_max	9b8d61bd4600b0da	Cisco Catalyst 3650 Series Switches Data Sheet - Cisco	10,000 ft. (3000 meters), up to 45°C
206977	C3650-48-L-S	switches	license	non-hardware	certifications	9b8d61bd4600b0da	Cisco Catalyst 3650 Series Switches Data Sheet - Cisco	UL 60950-1 Second Edition CAN/CSA-C22.2 No. 60950-1 Second Edition EN 60950-1 Se
203968	A9K-36X10-VID-LIC	routers	license	non-hardware	ieee_standards	3c9ae1d45778a2c6	Cisco ASR 9000 Series 36-Port 10 Gigabit Ethernet Line Cards Data Sheet - Cisco	● 10-Gbps IEEE 802.3 compliant ● 10 Gigabit Ethernet PHY monitoring ● IEEE 802.x
140525	A9K-36X10-VID-LIC	routers	license	non-hardware	humidity_storage	3c9ae1d45778a2c6	Cisco ASR 9000 Series 36-Port 10 Gigabit Ethernet Line Cards Data Sheet - Cisco	5 to 95% Note: Not to exceed 0.024 kg of water per kg of dry air
147388	A9K-36X10-VID-LIC	routers	license	non-hardware	etsi_standards	3c9ae1d45778a2c6	Cisco ASR 9000 Series 36-Port 10 Gigabit Ethernet Line Cards Data Sheet - Cisco	Cisco ASR 9000 Series Routers are designed to meet: ● EN300 386: Telecommunicati
72334	A9K-36X10-VID-LIC	routers	license	non-hardware	humidity_operating	3c9ae1d45778a2c6	Cisco ASR 9000 Series 36-Port 10 Gigabit Ethernet Line Cards Data Sheet - Cisco	10 to 85%
147385	A9K-36X10-VID-LIC	routers	license	non-hardware	temp_operating	3c9ae1d45778a2c6	Cisco ASR 9000 Series 36-Port 10 Gigabit Ethernet Line Cards Data Sheet - Cisco	23 to 131ºF (–5 to 55ºC) Note: Short-term refers to a period of not more than 96
147386	A9K-36X10-VID-LIC	routers	license	non-hardware	temp_storage	3c9ae1d45778a2c6	Cisco ASR 9000 Series 36-Port 10 Gigabit Ethernet Line Cards Data Sheet - Cisco	–40 to 158ºF (–40 to 70ºC)
147387	A9K-36X10-VID-LIC	routers	license	non-hardware	altitude_max	3c9ae1d45778a2c6	Cisco ASR 9000 Series 36-Port 10 Gigabit Ethernet Line Cards Data Sheet - Cisco	–60 to 4000m (up to 2000m conforms to IEC, EN, UL, and CSA 60950 requirements)
206806	A9K-36X10-VID-LIC	routers	license	non-hardware	certifications	3c9ae1d45778a2c6	Cisco ASR 9000 Series 36-Port 10 Gigabit Ethernet Line Cards Data Sheet - Cisco	Cisco ASR 9000 Series Routers are designed to meet: ● SR-3580: NEBS Criteria Lev
203970	A9K-36X10G-AIP-TR	routers	license	non-hardware	ieee_standards	3c9ae1d45778a2c6	Cisco ASR 9000 Series 36-Port 10 Gigabit Ethernet Line Cards Data Sheet - Cisco	● 10-Gbps IEEE 802.3 compliant ● 10 Gigabit Ethernet PHY monitoring ● IEEE 802.x
140538	A9K-36X10G-AIP-TR	routers	license	non-hardware	humidity_storage	3c9ae1d45778a2c6	Cisco ASR 9000 Series 36-Port 10 Gigabit Ethernet Line Cards Data Sheet - Cisco	5 to 95% Note: Not to exceed 0.024 kg of water per kg of dry air
147398	A9K-36X10G-AIP-TR	routers	license	non-hardware	temp_storage	3c9ae1d45778a2c6	Cisco ASR 9000 Series 36-Port 10 Gigabit Ethernet Line Cards Data Sheet - Cisco	–40 to 158ºF (–40 to 70ºC)
147400	A9K-36X10G-AIP-TR	routers	license	non-hardware	etsi_standards	3c9ae1d45778a2c6	Cisco ASR 9000 Series 36-Port 10 Gigabit Ethernet Line Cards Data Sheet - Cisco	Cisco ASR 9000 Series Routers are designed to meet: ● EN300 386: Telecommunicati
72430	A9K-36X10G-AIP-TR	routers	license	non-hardware	humidity_operating	3c9ae1d45778a2c6	Cisco ASR 9000 Series 36-Port 10 Gigabit Ethernet Line Cards Data Sheet - Cisco	10 to 85%
147397	A9K-36X10G-AIP-TR	routers	license	non-hardware	temp_operating	3c9ae1d45778a2c6	Cisco ASR 9000 Series 36-Port 10 Gigabit Ethernet Line Cards Data Sheet - Cisco	23 to 131ºF (–5 to 55ºC) Note: Short-term refers to a period of not more than 96
147399	A9K-36X10G-AIP-TR	routers	license	non-hardware	altitude_max	3c9ae1d45778a2c6	Cisco ASR 9000 Series 36-Port 10 Gigabit Ethernet Line Cards Data Sheet - Cisco	–60 to 4000m (up to 2000m conforms to IEC, EN, UL, and CSA 60950 requirements)
206808	A9K-36X10G-AIP-TR	routers	license	non-hardware	certifications	3c9ae1d45778a2c6	Cisco ASR 9000 Series 36-Port 10 Gigabit Ethernet Line Cards Data Sheet - Cisco	Cisco ASR 9000 Series Routers are designed to meet: ● SR-3580: NEBS Criteria Lev
199007	L-ISA3000-TA-5Y	security	license	non-hardware	ieee_standards	ebce9a0dbe4b1ace	Cisco Secure Firewall ISA3000 Data Sheet - Cisco	● IEEE 802.1D MAC Bridges, Spanning Tree Protocol (STP) ● IEEE 802.1p Layer2 cla
205056	L-ISA3000-TA-5Y	security	license	non-hardware	supported_protocols	ebce9a0dbe4b1ace	Cisco Secure Firewall ISA3000 Data Sheet - Cisco	● IPv4 static routing ● Dynamic routing (Routing Information Protocol [RIP], Enh
196396	L-ISA3000-TA-5Y	security	license	non-hardware	rfc_compliance	ebce9a0dbe4b1ace	Cisco Secure Firewall ISA3000 Data Sheet - Cisco	● RFC 768: User Datagram Protocol (UDP) ● RFC 783: Trivial FTP (TFTP) ● RFC 791:
147650	S-NCS4K-100G-LIC=	optical-networking	license	non-hardware	emc_emissions	7ec8ef38de098198	Cisco NCS 4000 400 Gbps DWDM/OTN/Packet Universal Line Card Data Sheet - Cisco	● ETSI EN 300 386 V1.4.1 (2008-04) Telecommunication network equipment EMC requi
147651	S-NCS4K-100G-LIC=	optical-networking	license	non-hardware	certifications	7ec8ef38de098198	Cisco NCS 4000 400 Gbps DWDM/OTN/Packet Universal Line Card Data Sheet - Cisco	● ETS 300-019-2-1 V2.1.2 (Storage, Class 1.1) ● ETS 300-019-2-2 V2.1.2 (1999-09)
150847	S-NCS4K-100G-LIC=	optical-networking	license	non-hardware	supported_protocols	7c17829d2a8a1cff	Cisco Network Convergence System 4000 Series Data Sheet - Cisco	Control plane: ● Simple Network Management Protocol (SNMP) ● Programmatic interf
150848	S-NCS4K-100G-LIC=	optical-networking	license	non-hardware	emc_immunity	7c17829d2a8a1cff	Cisco Network Convergence System 4000 Series Data Sheet - Cisco	● IEC/EN-61000-4-2: Electrostatic Discharge Immunity ● IEC/EN-61000-4-3: Radiate
150849	S-NCS4K-100G-LIC=	optical-networking	license	non-hardware	etsi_standards	7c17829d2a8a1cff	Cisco Network Convergence System 4000 Series Data Sheet - Cisco	● EN300 386: Telecommunications Network Equipment (EMC) ● EN55022: Information T
115507	S-NCS4K-100G-LIC=	optical-networking	license	non-hardware	regions_supported	7ec8ef38de098198	Cisco NCS 4000 400 Gbps DWDM/OTN/Packet Universal Line Card Data Sheet - Cisco	● European Union ● Africa ● CSI ● Australia ● New Zealand ● China ● Korea ● Indi
115509	S-NCS4K-100G-LIC=	optical-networking	license	non-hardware	temp_storage	7ec8ef38de098198	Cisco NCS 4000 400 Gbps DWDM/OTN/Packet Universal Line Card Data Sheet - Cisco	-40°C to 70°C (-40°F to 158°F)
115510	S-NCS4K-100G-LIC=	optical-networking	license	non-hardware	humidity_operating	7ec8ef38de098198	Cisco NCS 4000 400 Gbps DWDM/OTN/Packet Universal Line Card Data Sheet - Cisco	5% to 85%, noncondensing 5% to 90% but not to exceed 0.024 kg water/kg of dry ai
147652	S-NCS4K-100G-LIC=	optical-networking	license	non-hardware	optical_pm	7ec8ef38de098198	Cisco NCS 4000 400 Gbps DWDM/OTN/Packet Universal Line Card Data Sheet - Cisco	Transmitter optical power ; Transmitter laser bias current ; Receiver optical po
204004	R-CD-ME3400-A2I=	switches	software	non-hardware	ieee_standards	52ae06cf3a1eae4a	Cisco ME 3400E Series Ethernet Access Switches Data Sheet - Cisco	● IEEE 802.1s ● IEEE 802.1w ● IEEE 802.1x ● IEEE 802.3ad ● IEEE 802.3ah ● IEEE 8
198956	CD-3750-EMI=	switches	software	non-hardware	ieee_standards	e9c4b3e3d162af12	Cisco Catalyst 3750 Series Switches Data Sheet - Cisco	● IEEE 802.1s ● IEEE 802.1w ● IEEE 802.1x ● IEEE 802.3ad ● IEEE 802.3af ● IEEE 8
206817	CD-3750-EMI=	switches	software	non-hardware	certifications	e9c4b3e3d162af12	Cisco Catalyst 3750 Series Switches Data Sheet - Cisco	● UL to UL 60950, Third Edition ● C-UL to CAN/CSA C22.2 No. 60950-00, Third Edit
130778	E-NCS1K4-LIC-100X=	optical-networking	license	non-hardware	temp_storage	8fa767ab35358fe9	Cisco Network Convergence System 1004 C-Band 1.2T Transponder Line Card Data Sheet - Cisco	-40 ́̕ °C to 85°C (-40°F to 185°F)
90629	E-NCS1K4-LIC-100X=	optical-networking	license	non-hardware	regions_supported	8fa767ab35358fe9	Cisco Network Convergence System 1004 C-Band 1.2T Transponder Line Card Data Sheet - Cisco	● European Union ● Africa ● CSI ● Australia ● New Zealand ● China ● Korea ● Indi
90630	E-NCS1K4-LIC-100X=	optical-networking	license	non-hardware	humidity_operating	8fa767ab35358fe9	Cisco Network Convergence System 1004 C-Band 1.2T Transponder Line Card Data Sheet - Cisco	5% to 85%, noncondensing 5% to 90% but not to exceed 0.024 kg water/kg of dry ai
90631	E-NCS1K4-LIC-100X=	optical-networking	license	non-hardware	laser_safety_class	8fa767ab35358fe9	Cisco Network Convergence System 1004 C-Band 1.2T Transponder Line Card Data Sheet - Cisco	1
205895	E-NCS1K4-LIC-100X=	optical-networking	license	non-hardware	certifications	8fa767ab35358fe9	Cisco Network Convergence System 1004 C-Band 1.2T Transponder Line Card Data Sheet - Cisco	● IEC 60950-1 Information technology equipment Safety Part 1: General requiremen
73216	ADV-AC-10G-RTU-1	ios-nx-os-software	license	(no axis)	emc_immunity	588e4668c14a7aa0	Cisco Network Convergence System 540 Fronthaul Routers Data Sheet - Cisco	EN55024 CISPR24 EN300386 KN 61000-4 series
73365	ADN-ED-100G-SIA3	routers	license	non-hardware	humidity_operating	b8b4ec84e4a93e32	Cisco ASR 9901 Router Data Sheet - Cisco	10 to 85%
73290	ADN-AC-10G-SIA-5	ios-nx-os-software	license	(no axis)	emc_immunity	588e4668c14a7aa0	Cisco Network Convergence System 540 Fronthaul Routers Data Sheet - Cisco	EN55024 CISPR24 EN300386 KN 61000-4 series
196372	IE3100-DNA-E-L-7Y	switches	license	non-hardware	rfc_compliance	b27536663b823c7b	Cisco Catalyst IE3100 Rugged Series Data Sheet - Cisco	● RFC 768: User Datagram Protocol (UDP) ● RFC 783: Trivial File Transfer Protoco
141579	IE3100-DNA-E-L-7Y	switches	license	non-hardware	qos_features	33c8227f4f6a69ca	Cisco Catalyst IE3100 Heavy Duty Series Data Sheet - Cisco	802.1p, priority queuing, Modular QoS command-line interface (MQC), class-based 
96689	IE3100-DNA-E-L-7Y	switches	license	non-hardware	temp_operating	b27536663b823c7b	Cisco Catalyst IE3100 Rugged Series Data Sheet - Cisco	Operating temperature: -40° to 75°C (-40° to 167°F) (blower-equipped cabinet) -4
130635	IE3100-DNA-E-L-7Y	switches	license	non-hardware	temp_storage	b27536663b823c7b	Cisco Catalyst IE3100 Rugged Series Data Sheet - Cisco	Temperature: -40° to 85°C (-40° to 185°F) Altitude: 40,000 feet (12,192 m) IEC 6
96690	IE3100-DNA-E-L-7Y	switches	license	non-hardware	shock	b27536663b823c7b	Cisco Catalyst IE3100 Rugged Series Data Sheet - Cisco	IEC 60068-2-27 (Operational Shock: 30G 11ms, half sine) IEC 60068-2-27 (Non-Oper
96683	IE3100-DNA-E-L-7Y	switches	license	non-hardware	programming_interfaces	33c8227f4f6a69ca	Cisco Catalyst IE3100 Heavy Duty Series Data Sheet - Cisco	YANG, NETCONF, RESTCONF
115479	S-NCS1K4-400GUPGL=	optical-networking	license	non-hardware	certifications	ff39869cb21589cd	Cisco Network Convergence System 1004 OTN-Xponder Data Sheet - Cisco	IEC 60950-1 Information technology equipment Safety Part 1: General requirements
203879	S-A9K-NVSAT1-LIC	routers	license	non-hardware	ieee_standards	2b56b0b7c4e8c61a	Cisco ASR 9903 Compact High-Performance Router Data Sheet - Cisco	● 10 Gbps IEEE 802.3ae compliant ● 40/100-Gbps IEEE 802.3ba compliant ● 100 Giga
145504	S-A9K-NVSAT1-LIC	routers	license	non-hardware	altitude_max	2b56b0b7c4e8c61a	Cisco ASR 9903 Compact High-Performance Router Data Sheet - Cisco	–60 to 1800 m
115053	S-A9K-NVSAT1-LIC	routers	license	non-hardware	humidity_operating	b8b4ec84e4a93e32	Cisco ASR 9901 Router Data Sheet - Cisco	10 to 85%
115058	S-A9K-NVSAT1-LIC	routers	license	non-hardware	supported_protocols	2b56b0b7c4e8c61a	Cisco ASR 9903 Compact High-Performance Router Data Sheet - Cisco	NetFlow, IEEE 802.1ag, IEEE 802.3ah, ITU Y.1731, IP Service-Level Agreement (IP 
115057	S-A9K-NVSAT1-LIC	routers	license	non-hardware	temp_operating	2b56b0b7c4e8c61a	Cisco ASR 9903 Compact High-Performance Router Data Sheet - Cisco	41 to 104°F (5 to 40°C) Note: Limitations may apply when using high-power optics
142661	S-A9K-NVSAT1-LIC	routers	license	non-hardware	humidity_storage	2b56b0b7c4e8c61a	Cisco ASR 9903 Compact High-Performance Router Data Sheet - Cisco	5 to 95% Note: Not to exceed 0.024 kg of water per kg of dry air
115055	S-A9K-NVSAT1-LIC	routers	license	non-hardware	temp_storage	b8b4ec84e4a93e32	Cisco ASR 9901 Router Data Sheet - Cisco	-40 to 158°F (-40 to 70°C)
206570	S-A9K-NVSAT1-LIC	routers	license	non-hardware	certifications	b8b4ec84e4a93e32	Cisco ASR 9901 Router Data Sheet - Cisco	Cisco ASR 9901 is designed to meet: ● SR-3580: NEBS Criteria Levels (Level 3) ● 
141407	CON-SBS-SVC1	collaboration-endpoints	service	non-hardware	humidity_storage	169bada1cb1309fc	Cisco SPA 303 3-Line IP Phone Data Sheet - Cisco	5% to 95% noncondensing
85389	CON-SBS-SVC1	collaboration-endpoints	service	non-hardware	humidity_operating	f5330664ed4e58f5	Cisco SPA525G 5-Line IP Phone with Color Display - Cisco	5% to 95% noncondensing, operating and nonoperating
87752	DCNM-SAN-M92-K9=	storage-networking	software	non-hardware	programming_interfaces	f33a76d7c2c030f9	Cisco MDS 9250i Multiservice Fabric Switch Data Sheet - Cisco	● Scriptable CLI ● Cisco Prime DCNM web services API ● Cisco Device Manager GUI
205081	L-ISA3000T-AMP-1Y	security	license	non-hardware	supported_protocols	ebce9a0dbe4b1ace	Cisco Secure Firewall ISA3000 Data Sheet - Cisco	● IPv4 static routing ● Dynamic routing (Routing Information Protocol [RIP], Enh
196421	L-ISA3000T-AMP-1Y	security	license	non-hardware	rfc_compliance	ebce9a0dbe4b1ace	Cisco Secure Firewall ISA3000 Data Sheet - Cisco	● RFC 768: User Datagram Protocol (UDP) ● RFC 783: Trivial FTP (TFTP) ● RFC 791:
199032	L-ISA3000T-AMP-1Y	security	license	non-hardware	ieee_standards	ebce9a0dbe4b1ace	Cisco Secure Firewall ISA3000 Data Sheet - Cisco	● IEEE 802.1D MAC Bridges, Spanning Tree Protocol (STP) ● IEEE 802.1p Layer2 cla
91067	E-NCS1K4-LIC-100G=	optical-networking	license	non-hardware	regions_supported	8fa767ab35358fe9	Cisco Network Convergence System 1004 C-Band 1.2T Transponder Line Card Data Sheet - Cisco	● European Union ● Africa ● CSI ● Australia ● New Zealand ● China ● Korea ● Indi
91068	E-NCS1K4-LIC-100G=	optical-networking	license	non-hardware	humidity_operating	8fa767ab35358fe9	Cisco Network Convergence System 1004 C-Band 1.2T Transponder Line Card Data Sheet - Cisco	5% to 85%, noncondensing 5% to 90% but not to exceed 0.024 kg water/kg of dry ai
91069	E-NCS1K4-LIC-100G=	optical-networking	license	non-hardware	laser_safety_class	8fa767ab35358fe9	Cisco Network Convergence System 1004 C-Band 1.2T Transponder Line Card Data Sheet - Cisco	1
130777	E-NCS1K4-LIC-100G=	optical-networking	license	non-hardware	temp_storage	8fa767ab35358fe9	Cisco Network Convergence System 1004 C-Band 1.2T Transponder Line Card Data Sheet - Cisco	-40 ́̕ °C to 85°C (-40°F to 185°F)
205922	E-NCS1K4-LIC-100G=	optical-networking	license	non-hardware	certifications	8fa767ab35358fe9	Cisco Network Convergence System 1004 C-Band 1.2T Transponder Line Card Data Sheet - Cisco	● IEC 60950-1 Information technology equipment Safety Part 1: General requiremen
98508	IW9165-URWB-NW-A	routers	license	non-hardware	dram	28043f6f56bd4fae	Cisco Catalyst IW9165 Series Data Sheet - Cisco	● 2048 MB DRAM ● 1024 MB flash
97996	IE4000-DNA-A-L-3Y	switches	license	non-hardware	mac_table	4bc5727c94dae842	Cisco Industrial Ethernet 4000 Series Switches Data Sheet - Cisco	16,000
97997	IE4000-DNA-A-L-3Y	switches	license	non-hardware	vlan_max	4bc5727c94dae842	Cisco Industrial Ethernet 4000 Series Switches Data Sheet - Cisco	1,000
99115	L-M95DMM184TSK9=	storage-networking	license	non-hardware	programming_interfaces	21031fae4600573e	Cisco MDS 9509 Multilayer Director Data Sheet - Cisco	● Scriptable CLI ● Data Center Network Manager web services API ● Device Manager
99113	L-M95DMM184TSK9=	storage-networking	license	non-hardware	fabric_services	21031fae4600573e	Cisco MDS 9509 Multilayer Director Data Sheet - Cisco	● Name server ● Registered State Change Notification (RSCN) ● Login services ● F
99241	L-NCS2K-FS=	optical-networking	license	non-hardware	humidity_operating	e92a5b29cf9798d0	Cisco Network Convergence System 2000 Series Data Sheet - Cisco	5 to 85%, noncondensing 5 to 90% but not to exceed 0.024 kg water/kg of dry air
99242	L-NCS2K-FS=	optical-networking	license	non-hardware	temp_storage	e92a5b29cf9798d0	Cisco Network Convergence System 2000 Series Data Sheet - Cisco	-40 to 158ºF (-40 to 70ºC)
99243	L-NCS2K-FS=	optical-networking	license	non-hardware	emc_emissions	6a25925c2b12b1e1	Cisco NCS 2000 200-Gbps Multirate DWDM Line Card Data Sheet - Cisco	● ETSI EN 300 386 V1.4.1 (2008-04) Telecommunication network equipment EMC requi
99244	L-NCS2K-FS=	optical-networking	license	non-hardware	laser_safety_class	6a25925c2b12b1e1	Cisco NCS 2000 200-Gbps Multirate DWDM Line Card Data Sheet - Cisco	1
99246	L-NCS2K-FS=	optical-networking	license	non-hardware	temp_operating	e92a5b29cf9798d0	Cisco Network Convergence System 2000 Series Data Sheet - Cisco	32 to 131ºF (0 to 55ºC) 23 to 131ºF (-5 to 55ºC)
107355	NCS4K-RTU-651K9	optical-networking	license	non-hardware	emc_immunity	eb3c07e3df2e7960	Cisco Network Convergence System 4000 Multi-Chassis System Data Sheet - Cisco	● IEC/EN-61000-4-2: Electrostatic Discharge Immunity (8-kV contact, 15-kV air) ●
107356	NCS4K-RTU-651K9	optical-networking	license	non-hardware	etsi_standards	eb3c07e3df2e7960	Cisco Network Convergence System 4000 Multi-Chassis System Data Sheet - Cisco	● EN300 386: Telecommunications Network Equipment (EMC) ● EN55022: Information T
208046	S81UK9-15204M	routers	software	non-hardware	supported_protocols	22dc609cb4fed267	Cisco 819 4G LTE M2M Gateway Integrated Service Routers Data Sheet - Cisco	● IPv6 addressing architecture ● IPv6 name resolution ● IPv6 statistics ● IPv6 t
115670	S81UK9-15204M	routers	software	non-hardware	dram	22dc609cb4fed267	Cisco 819 4G LTE M2M Gateway Integrated Service Routers Data Sheet - Cisco	1 GB
115668	S81UK9-15204M	routers	software	non-hardware	programming_interfaces	22dc609cb4fed267	Cisco 819 4G LTE M2M Gateway Integrated Service Routers Data Sheet - Cisco	● Cisco IOS Software CLI
115671	S81UK9-15204M	routers	software	non-hardware	flash	22dc609cb4fed267	Cisco 819 4G LTE M2M Gateway Integrated Service Routers Data Sheet - Cisco	1 GB
115673	S81UK9-15204M	routers	software	non-hardware	emc_immunity	22dc609cb4fed267	Cisco 819 4G LTE M2M Gateway Integrated Service Routers Data Sheet - Cisco	EN55024/CISPR24, (EN61000-4-2, EN61000-4-3, EN61000-4-4, EN61000-4-5, EN61000-4-
115676	S81UK9-15204M	routers	software	non-hardware	emc_emissions	22dc609cb4fed267	Cisco 819 4G LTE M2M Gateway Integrated Service Routers Data Sheet - Cisco	EN55022/CISPR22, CFR 47 Part 15, ICES003, VCCI-V-3, AS/NZS CISPR22, CNS13438, EN
208054	SL-CNFIL-88x-1Y	routers	license	non-hardware	supported_protocols	7c08e3422c82ba65	Cisco 880VA Series Integrated Services Routers Data Sheet - Cisco	● IPv6 addressing architecture ● IPv6 name resolution ● IPv6 statistics ● IPv6 t
118321	SL-CNFIL-88x-1Y	routers	license	non-hardware	flash	7c08e3422c82ba65	Cisco 880VA Series Integrated Services Routers Data Sheet - Cisco	● 128 MB on Cisco 880 Series data models
206249	SL-CNFIL-88x-1Y	routers	license	non-hardware	certifications	7c08e3422c82ba65	Cisco 880VA Series Integrated Services Routers Data Sheet - Cisco	Emissions: ● 47 CFR Part 15: 2006 ● CISPR22: 2005 ● EN300386: V1.3.3: 2005 ● EN5
119069	SW-IXM-LPWA-K9	routers	software	non-hardware	temp_operating	4409360cd034e872	Cisco Wireless Gateway for LoRaWAN Data Sheet - Cisco	● -40 to 158°F (-40 to 70°C) without solar load
119070	SW-IXM-LPWA-K9	routers	software	non-hardware	humidity_operating	4409360cd034e872	Cisco Wireless Gateway for LoRaWAN Data Sheet - Cisco	● 5 to 95%, noncondensing
119072	SW-IXM-LPWA-K9	routers	software	non-hardware	dram	4409360cd034e872	Cisco Wireless Gateway for LoRaWAN Data Sheet - Cisco	● 1 GB DDR4 RAM
119073	SW-IXM-LPWA-K9	routers	software	non-hardware	flash	4409360cd034e872	Cisco Wireless Gateway for LoRaWAN Data Sheet - Cisco	● 4 GB
196870	SW-IXM-LPWA-K9	routers	software	non-hardware	ieee_standards	4409360cd034e872	Cisco Wireless Gateway for LoRaWAN Data Sheet - Cisco	● 1x 10/100 Mbps Fast Ethernet (RJ-45) ● Support for PoE+ (802.3at) PD
182515	SW-IXM-LPWA-K9	routers	software	non-hardware	mounting	4409360cd034e872	Cisco Wireless Gateway for LoRaWAN Data Sheet - Cisco	● Wall and pole mount
206283	SW-IXM-LPWA-K9	routers	software	non-hardware	certifications	4409360cd034e872	Cisco Wireless Gateway for LoRaWAN Data Sheet - Cisco	● USA
69150	15454-M-LIC-10G=	optical-networking	license	non-hardware	laser_safety_class	ac37a16b11d60129	Cisco ONS 15454 100-Gbps CP-DQPSK Full C-Band Tunable DWDM Trunk Card Data Sheet - Cisco	1
69147	15454-M-LIC-10G=	optical-networking	license	non-hardware	regions_supported	ac37a16b11d60129	Cisco ONS 15454 100-Gbps CP-DQPSK Full C-Band Tunable DWDM Trunk Card Data Sheet - Cisco	● European Union ● Africa ● CSI ● Australia ● New Zealand ● China ● Korea ● Indi
205071	L-ISA3000-TMC-3Y	security	license	non-hardware	supported_protocols	ebce9a0dbe4b1ace	Cisco Secure Firewall ISA3000 Data Sheet - Cisco	● IPv4 static routing ● Dynamic routing (Routing Information Protocol [RIP], Enh
199022	L-ISA3000-TMC-3Y	security	license	non-hardware	ieee_standards	ebce9a0dbe4b1ace	Cisco Secure Firewall ISA3000 Data Sheet - Cisco	● IEEE 802.1D MAC Bridges, Spanning Tree Protocol (STP) ● IEEE 802.1p Layer2 cla
196411	L-ISA3000-TMC-3Y	security	license	non-hardware	rfc_compliance	ebce9a0dbe4b1ace	Cisco Secure Firewall ISA3000 Data Sheet - Cisco	● RFC 768: User Datagram Protocol (UDP) ● RFC 783: Trivial FTP (TFTP) ● RFC 791:
205068	L-ISA3000T-TM-1Y	security	license	non-hardware	supported_protocols	ebce9a0dbe4b1ace	Cisco Secure Firewall ISA3000 Data Sheet - Cisco	● IPv4 static routing ● Dynamic routing (Routing Information Protocol [RIP], Enh
199019	L-ISA3000T-TM-1Y	security	license	non-hardware	ieee_standards	ebce9a0dbe4b1ace	Cisco Secure Firewall ISA3000 Data Sheet - Cisco	● IEEE 802.1D MAC Bridges, Spanning Tree Protocol (STP) ● IEEE 802.1p Layer2 cla
196408	L-ISA3000T-TM-1Y	security	license	non-hardware	rfc_compliance	ebce9a0dbe4b1ace	Cisco Secure Firewall ISA3000 Data Sheet - Cisco	● RFC 768: User Datagram Protocol (UDP) ● RFC 783: Trivial FTP (TFTP) ● RFC 791:
99214	L-NCS2K-SMR-4P	optical-networking	license	non-hardware	humidity_operating	56937684986728c2	Cisco NCS 2000 Flex Spectrum Single Module ROADM Line Cards Data Sheet - Cisco	5 to 95%
99215	L-NCS2K-SMR-4P	optical-networking	license	non-hardware	regions_supported	56937684986728c2	Cisco NCS 2000 Flex Spectrum Single Module ROADM Line Cards Data Sheet - Cisco	● European Union ● Africa ● CSI ● Australia ● New Zealand ● China ● Korea ● Indi
99216	L-NCS2K-SMR-4P	optical-networking	license	non-hardware	temp_operating	56937684986728c2	Cisco NCS 2000 Flex Spectrum Single Module ROADM Line Cards Data Sheet - Cisco	23 to 131°F (-5 to 55°C)
99217	L-NCS2K-SMR-4P	optical-networking	license	non-hardware	emc_emissions	56937684986728c2	Cisco NCS 2000 Flex Spectrum Single Module ROADM Line Cards Data Sheet - Cisco	● ETSI EN 300 386 V1.4.1 (2008-04) Telecommunication network equipment EMC requi
96340	IE4000-DNA-A-L	switches	license	non-hardware	mac_table	4bc5727c94dae842	Cisco Industrial Ethernet 4000 Series Switches Data Sheet - Cisco	16,000
96341	IE4000-DNA-A-L	switches	license	non-hardware	vlan_max	4bc5727c94dae842	Cisco Industrial Ethernet 4000 Series Switches Data Sheet - Cisco	1,000
96742	IE4000-DNA-A-M-5Y	switches	license	non-hardware	mac_table	4bc5727c94dae842	Cisco Industrial Ethernet 4000 Series Switches Data Sheet - Cisco	16,000
96743	IE4000-DNA-A-M-5Y	switches	license	non-hardware	vlan_max	4bc5727c94dae842	Cisco Industrial Ethernet 4000 Series Switches Data Sheet - Cisco	1,000
96981	IE4000-DNA-A-L-5Y	switches	license	non-hardware	mac_table	4bc5727c94dae842	Cisco Industrial Ethernet 4000 Series Switches Data Sheet - Cisco	16,000
96982	IE4000-DNA-A-L-5Y	switches	license	non-hardware	vlan_max	4bc5727c94dae842	Cisco Industrial Ethernet 4000 Series Switches Data Sheet - Cisco	1,000
97206	IE4000-DNA-A-M-3Y	switches	license	non-hardware	mac_table	4bc5727c94dae842	Cisco Industrial Ethernet 4000 Series Switches Data Sheet - Cisco	16,000
97207	IE4000-DNA-A-M-3Y	switches	license	non-hardware	vlan_max	4bc5727c94dae842	Cisco Industrial Ethernet 4000 Series Switches Data Sheet - Cisco	1,000
204213	NME-NAM-SW-4.0	interfaces-modules	software	non-hardware	supported_protocols	6e416f6d3eb5f2a5	Cisco Branch Routers Series Network Analysis Module 4.0 - Cisco	Cisco NAM provides RMON2 statistics on several hundred unique protocols, includi
108003	NME-NAM-SW-4.0	interfaces-modules	software	non-hardware	temp_operating	6e416f6d3eb5f2a5	Cisco Branch Routers Series Network Analysis Module 4.0 - Cisco	Operating temperature: 41 to 104°F (5 to 40°C) Nonoperating and storage temperat
197444	LIC-CT25-DTLS-K9	wireless	license	non-hardware	supported_protocols	b1af204fcb361dd1	Cisco 2500 Series Wireless Controllers Data Sheet - Cisco	● IEEE 802.1X ● RFC 2548 Microsoft Vendor-Specific RADIUS Attributes ● RFC 2716 
99545	LIC-CT25-DTLS-K9	wireless	license	non-hardware	programming_interfaces	b1af204fcb361dd1	Cisco 2500 Series Wireless Controllers Data Sheet - Cisco	● Designed for use with Cisco Wireless Control System ● Web-based: HTTP/HTTPS in
99546	LIC-CT25-DTLS-K9	wireless	license	non-hardware	encryption	b1af204fcb361dd1	Cisco 2500 Series Wireless Controllers Data Sheet - Cisco	● WEP and Temporal Key Integrity Protocol-Message Integrity Check (TKIP-MIC): RC
99528	L5-D-M97S-AXK9	interfaces-modules	license	non-hardware	fabric_services	ff371441ef93b0d5	Cisco MDS 9710 Multilayer Director Data Sheet - Cisco	● Name server ● Registered State Change Notification (RSCN) ● Login services ● F
99901	M9200SSE1K9=	interfaces-modules	license	non-hardware	programming_interfaces	c5a39e8fa45c51b0	Cisco MDS 9000 Family Storage Services Module - Cisco	• Scriptable CLI • Fabric Manager GUI • Device Manager GUI
99811	M9200SSE1K9	interfaces-modules	license	non-hardware	programming_interfaces	c5a39e8fa45c51b0	Cisco MDS 9000 Family Storage Services Module - Cisco	• Scriptable CLI • Fabric Manager GUI • Device Manager GUI
99960	M9200EXT1AK9	storage-networking	license	non-hardware	programming_interfaces	e8b6b46a85541966	Cisco MDS 9000 18/4-Port Multiservice Module - Cisco	• Scriptable CLI • Fabric Manager GUI • Device Manager GUI
76253	C1A1TN9300GF-3Y	switches	license	non-hardware	temp_operating	3e6013a0dc9b94e5	Cisco N9300-FX Series Switches Data Sheet - Cisco	32 to 104°F (0 to 40°C)
76255	C1A1TN9300GF-3Y	switches	license	non-hardware	humidity_operating	3e6013a0dc9b94e5	Cisco N9300-FX Series Switches Data Sheet - Cisco	5 to 95% (noncondensing)
149921	C1A1TN9300GF-3Y	switches	license	non-hardware	temp_storage	3e6013a0dc9b94e5	Cisco N9300-FX Series Switches Data Sheet - Cisco	–40 to 158°F (–40 to 70°C)
149922	C1A1TN9300GF-3Y	switches	license	non-hardware	emc_emissions	3e6013a0dc9b94e5	Cisco N9300-FX Series Switches Data Sheet - Cisco	● 47CFR Part 15 (CFR 47) Class A ● AS/NZS CISPR22 Class A ● CISPR22 Class A ● EN
149923	C1A1TN9300GF-3Y	switches	license	non-hardware	emc_immunity	3e6013a0dc9b94e5	Cisco N9300-FX Series Switches Data Sheet - Cisco	● EN55024 ● CISPR24 ● EN300386 ● KN 61000-4 series
131306	C1A1TN9300GF-3Y	switches	license	non-hardware	altitude_max	3e6013a0dc9b94e5	Cisco N9300-FX Series Switches Data Sheet - Cisco	0 to 13,123 ft (0 to 4000m)
149927	C1A1TN9300XF-3Y	switches	license	non-hardware	temp_storage	9dde779f6314c438	Cisco N9300-FX3S Series Switch Data Sheet - Cisco	–40 to 158°F (–40 to 70°C)
149928	C1A1TN9300XF-3Y	switches	license	non-hardware	emc_emissions	9dde779f6314c438	Cisco N9300-FX3S Series Switch Data Sheet - Cisco	● 47CFR Part 15 (CFR 47) Class A ● AS/NZS CISPR22 Class A ● CISPR22 Class A ● EN
149929	C1A1TN9300XF-3Y	switches	license	non-hardware	emc_immunity	9dde779f6314c438	Cisco N9300-FX3S Series Switch Data Sheet - Cisco	● EN55024 ● CISPR24 ● EN300386 ● KN 61000-4 series
130582	C1A1TN9300XF-3Y	switches	license	non-hardware	altitude_max	d27ae43f2e280e20	Cisco N9300-FX2 Series Switches Data Sheet - Cisco	0 to 13,123 ft (0 to 4000m)
76287	C1A1TN9300XF-3Y	switches	license	non-hardware	temp_operating	9dde779f6314c438	Cisco N9300-FX3S Series Switch Data Sheet - Cisco	32 to 104°F (0 to 40°C)
76289	C1A1TN9300XF-3Y	switches	license	non-hardware	humidity_operating	9dde779f6314c438	Cisco N9300-FX3S Series Switch Data Sheet - Cisco	5 to 95% (noncondensing)
77723	C4500E-LIC=	interfaces-modules	license	non-hardware	ipv6_routes	18989e0127e9ce20	Cisco Catalyst 4500E Supervisor Engine 9-E Data Sheet - Cisco	128,000
144218	8KSW-ESS-A-P	routers	license	non-hardware	emc_immunity	a5dbf1f67727ca95	Cisco 8700 Series Routers Data Sheet - Cisco	CISPR35 EN 55035 EN IEC 61000-6-1 EN IEC 61000-6-2 EN 300 386 V2.1.23 KS C 9835 
205512	8KSW-ESS-A-P	routers	license	non-hardware	certifications	a5dbf1f67727ca95	Cisco 8700 Series Routers Data Sheet - Cisco	Emissions: CISPR32 EN 55032 EN 61000-3-3 EN IEC 61000-3-2 EN 300 386 V2.1.23 47 
144217	8KSW-ESS-A-P	routers	license	non-hardware	programming_interfaces	a5dbf1f67727ca95	Cisco 8700 Series Routers Data Sheet - Cisco	RS-232 serial ports: 1 x RJ45 Management ports: 1 x RJ45(1G) USB 3.0 ports: 1 x 
140944	C9200-DNA-A-48	switches	license	non-hardware	humidity_storage	de692de8d2c8f641	Cisco Catalyst 9200 Series Switches Data Sheet - Cisco	5% to 90% noncondensing
78726	C9200-DNA-A-48	switches	license	non-hardware	temp_operating	de692de8d2c8f641	Cisco Catalyst 9200 Series Switches Data Sheet - Cisco	Normal operating temperature * and altitudes: ● -5°C to +45°C, up to 5000 feet (
78727	C9200-DNA-A-48	switches	license	non-hardware	temp_storage	de692de8d2c8f641	Cisco Catalyst 9200 Series Switches Data Sheet - Cisco	-40° to 158°F (-40° to 70°C)
205665	C9200-DNA-A-48	switches	license	non-hardware	certifications	de692de8d2c8f641	Cisco Catalyst 9200 Series Switches Data Sheet - Cisco	● 47 CFR Part 15 ● CISPR 32 Class A ● CNS 13438 ● EN 300 386 * ● EN 55032 Class 
141016	C9200-DNX-E-24-3Y	switches	license	non-hardware	humidity_storage	de692de8d2c8f641	Cisco Catalyst 9200 Series Switches Data Sheet - Cisco	5% to 90% noncondensing
79185	C9200-DNX-E-24-3Y	switches	license	non-hardware	temp_operating	de692de8d2c8f641	Cisco Catalyst 9200 Series Switches Data Sheet - Cisco	Normal operating temperature * and altitudes: ● -5°C to +45°C, up to 5000 feet (
79186	C9200-DNX-E-24-3Y	switches	license	non-hardware	temp_storage	de692de8d2c8f641	Cisco Catalyst 9200 Series Switches Data Sheet - Cisco	-40° to 158°F (-40° to 70°C)
205699	C9200-DNX-E-24-3Y	switches	license	non-hardware	certifications	de692de8d2c8f641	Cisco Catalyst 9200 Series Switches Data Sheet - Cisco	● 47 CFR Part 15 ● CISPR 32 Class A ● CNS 13438 ● EN 300 386 * ● EN 55032 Class 
140994	C9200CX-DNXE-8-5Y	switches	license	non-hardware	humidity_storage	de692de8d2c8f641	Cisco Catalyst 9200 Series Switches Data Sheet - Cisco	5% to 90% noncondensing
79055	C9200CX-DNXE-8-5Y	switches	license	non-hardware	temp_operating	de692de8d2c8f641	Cisco Catalyst 9200 Series Switches Data Sheet - Cisco	Normal operating temperature * and altitudes: ● -5°C to +45°C, up to 5000 feet (
79056	C9200CX-DNXE-8-5Y	switches	license	non-hardware	temp_storage	de692de8d2c8f641	Cisco Catalyst 9200 Series Switches Data Sheet - Cisco	-40° to 158°F (-40° to 70°C)
147033	C9200CX-DNXE-8-5Y	switches	license	non-hardware	ieee_standards	de692de8d2c8f641	Cisco Catalyst 9200 Series Switches Data Sheet - Cisco	EEE 802.1s ; RMON I and II standards ; IEEE 802.1w ; SNMPv1, v2c, and v3 ; IEEE 
158385	C9200CX-DNXE-8-5Y	switches	license	non-hardware	altitude_max	de692de8d2c8f641	Cisco Catalyst 9200 Series Switches Data Sheet - Cisco	10,000 ft. (3000 meters), up to 45°C
147034	C9200CX-DNXE-8-5Y	switches	license	non-hardware	certifications	de692de8d2c8f641	Cisco Catalyst 9200 Series Switches Data Sheet - Cisco	● 47 CFR Part 15 ● CISPR 32 Class A ● CNS 13438 ● EN 300 386 * ● EN 55032 Class 
203896	S-A9903-20HG-CGN	routers	license	non-hardware	ieee_standards	2b56b0b7c4e8c61a	Cisco ASR 9903 Compact High-Performance Router Data Sheet - Cisco	● 10 Gbps IEEE 802.3ae compliant ● 40/100-Gbps IEEE 802.3ba compliant ● 100 Giga
114633	S-A9903-20HG-CGN	routers	license	non-hardware	supported_protocols	2b56b0b7c4e8c61a	Cisco ASR 9903 Compact High-Performance Router Data Sheet - Cisco	NetFlow, IEEE 802.1ag, IEEE 802.3ah, ITU Y.1731, IP Service-Level Agreement (IP 
147215	S-A9903-20HG-CGN	routers	license	non-hardware	altitude_max	2b56b0b7c4e8c61a	Cisco ASR 9903 Compact High-Performance Router Data Sheet - Cisco	–60 to 1800 m
142611	S-A9903-20HG-CGN	routers	license	non-hardware	humidity_storage	2b56b0b7c4e8c61a	Cisco ASR 9903 Compact High-Performance Router Data Sheet - Cisco	5 to 95% Note: Not to exceed 0.024 kg of water per kg of dry air
147214	S-A9903-20HG-CGN	routers	license	non-hardware	temp_storage	2b56b0b7c4e8c61a	Cisco ASR 9903 Compact High-Performance Router Data Sheet - Cisco	–40 to 158°F (–40 to 70°C)
114629	S-A9903-20HG-CGN	routers	license	non-hardware	temp_operating	2b56b0b7c4e8c61a	Cisco ASR 9903 Compact High-Performance Router Data Sheet - Cisco	41 to 104°F (5 to 40°C) Note: Limitations may apply when using high-power optics
114630	S-A9903-20HG-CGN	routers	license	non-hardware	humidity_operating	2b56b0b7c4e8c61a	Cisco ASR 9903 Compact High-Performance Router Data Sheet - Cisco	10 to 85%
206778	S-A9903-20HG-CGN	routers	license	non-hardware	certifications	2b56b0b7c4e8c61a	Cisco ASR 9903 Compact High-Performance Router Data Sheet - Cisco	The Cisco ASR 9903 Router is designed to meet: ● FCC Class A ● ICES 003 Class A 
100312	M9200XRC	storage-networking	license	non-hardware	programming_interfaces	f33a76d7c2c030f9	Cisco MDS 9250i Multiservice Fabric Switch Data Sheet - Cisco	● Scriptable CLI ● Cisco Prime DCNM web services API ● Cisco Device Manager GUI
141075	C9200L-24-E-A-3	switches	license	non-hardware	humidity_storage	de692de8d2c8f641	Cisco Catalyst 9200 Series Switches Data Sheet - Cisco	5% to 90% noncondensing
79544	C9200L-24-E-A-3	switches	license	non-hardware	temp_operating	de692de8d2c8f641	Cisco Catalyst 9200 Series Switches Data Sheet - Cisco	Normal operating temperature * and altitudes: ● -5°C to +45°C, up to 5000 feet (
79545	C9200L-24-E-A-3	switches	license	non-hardware	temp_storage	de692de8d2c8f641	Cisco Catalyst 9200 Series Switches Data Sheet - Cisco	-40° to 158°F (-40° to 70°C)
147041	C9200L-24-E-A-3	switches	license	non-hardware	ieee_standards	de692de8d2c8f641	Cisco Catalyst 9200 Series Switches Data Sheet - Cisco	EEE 802.1s ; RMON I and II standards ; IEEE 802.1w ; SNMPv1, v2c, and v3 ; IEEE 
158403	C9200L-24-E-A-3	switches	license	non-hardware	altitude_max	de692de8d2c8f641	Cisco Catalyst 9200 Series Switches Data Sheet - Cisco	10,000 ft. (3000 meters), up to 45°C
147042	C9200L-24-E-A-3	switches	license	non-hardware	certifications	de692de8d2c8f641	Cisco Catalyst 9200 Series Switches Data Sheet - Cisco	● 47 CFR Part 15 ● CISPR 32 Class A ● CNS 13438 ● EN 300 386 * ● EN 55032 Class 
130781	E-NCS1K4-ULIC-100=	optical-networking	license	non-hardware	temp_storage	8fa767ab35358fe9	Cisco Network Convergence System 1004 C-Band 1.2T Transponder Line Card Data Sheet - Cisco	-40 ́̕ °C to 85°C (-40°F to 185°F)
91043	E-NCS1K4-ULIC-100=	optical-networking	license	non-hardware	regions_supported	8fa767ab35358fe9	Cisco Network Convergence System 1004 C-Band 1.2T Transponder Line Card Data Sheet - Cisco	● European Union ● Africa ● CSI ● Australia ● New Zealand ● China ● Korea ● Indi
91044	E-NCS1K4-ULIC-100=	optical-networking	license	non-hardware	humidity_operating	8fa767ab35358fe9	Cisco Network Convergence System 1004 C-Band 1.2T Transponder Line Card Data Sheet - Cisco	5% to 85%, noncondensing 5% to 90% but not to exceed 0.024 kg water/kg of dry ai
91045	E-NCS1K4-ULIC-100=	optical-networking	license	non-hardware	laser_safety_class	8fa767ab35358fe9	Cisco Network Convergence System 1004 C-Band 1.2T Transponder Line Card Data Sheet - Cisco	1
205921	E-NCS1K4-ULIC-100=	optical-networking	license	non-hardware	certifications	8fa767ab35358fe9	Cisco Network Convergence System 1004 C-Band 1.2T Transponder Line Card Data Sheet - Cisco	● IEC 60950-1 Information technology equipment Safety Part 1: General requiremen
141118	C9200-DNA-E-48	switches	license	non-hardware	humidity_storage	de692de8d2c8f641	Cisco Catalyst 9200 Series Switches Data Sheet - Cisco	5% to 90% noncondensing
79827	C9200-DNA-E-48	switches	license	non-hardware	temp_operating	de692de8d2c8f641	Cisco Catalyst 9200 Series Switches Data Sheet - Cisco	Normal operating temperature * and altitudes: ● -5°C to +45°C, up to 5000 feet (
79828	C9200-DNA-E-48	switches	license	non-hardware	temp_storage	de692de8d2c8f641	Cisco Catalyst 9200 Series Switches Data Sheet - Cisco	-40° to 158°F (-40° to 70°C)
205743	C9200-DNA-E-48	switches	license	non-hardware	certifications	de692de8d2c8f641	Cisco Catalyst 9200 Series Switches Data Sheet - Cisco	● 47 CFR Part 15 ● CISPR 32 Class A ● CNS 13438 ● EN 300 386 * ● EN 55032 Class 
141132	C9200-DNX-A-48-5Y	switches	license	non-hardware	humidity_storage	de692de8d2c8f641	Cisco Catalyst 9200 Series Switches Data Sheet - Cisco	5% to 90% noncondensing
79913	C9200-DNX-A-48-5Y	switches	license	non-hardware	temp_operating	de692de8d2c8f641	Cisco Catalyst 9200 Series Switches Data Sheet - Cisco	Normal operating temperature * and altitudes: ● -5°C to +45°C, up to 5000 feet (
79914	C9200-DNX-A-48-5Y	switches	license	non-hardware	temp_storage	de692de8d2c8f641	Cisco Catalyst 9200 Series Switches Data Sheet - Cisco	-40° to 158°F (-40° to 70°C)
205750	C9200-DNX-A-48-5Y	switches	license	non-hardware	certifications	de692de8d2c8f641	Cisco Catalyst 9200 Series Switches Data Sheet - Cisco	● 47 CFR Part 15 ● CISPR 32 Class A ● CNS 13438 ● EN 300 386 * ● EN 55032 Class 
150196	M93VXK9-P-5Y	storage-networking	license	non-hardware	diagnostics	ebe72ba693522dab	Cisco MDS 9396V 64-Gbps 96-Port Fibre Channel Switch Data Sheet - Cisco	● Power-On-Self-Test (POST) diagnostics ● Online Health Management System (OHMS)
150197	M93VXK9-P-5Y	storage-networking	license	non-hardware	programming_interfaces	ebe72ba693522dab	Cisco MDS 9396V 64-Gbps 96-Port Fibre Channel Switch Data Sheet - Cisco	● Scriptable CLI ● Cisco NDFC web services API ● NX-API HTTP/HTTPS interfaces ● 
150199	M93VXK9-P-5Y	storage-networking	license	non-hardware	fabric_services	ebe72ba693522dab	Cisco MDS 9396V 64-Gbps 96-Port Fibre Channel Switch Data Sheet - Cisco	● Name server ● Registered State Change Notification (RSCN) ● Login services ● F
100960	M93VXK9-P-5Y	storage-networking	license	non-hardware	temp_operating	ebe72ba693522dab	Cisco MDS 9396V 64-Gbps 96-Port Fibre Channel Switch Data Sheet - Cisco	● Temperature, ambient operating: ◦ 32 to 104°F (0 to 40°C) with port-side exhau
150198	M93VXK9-P-5Y	storage-networking	license	non-hardware	certifications	ebe72ba693522dab	Cisco MDS 9396V 64-Gbps 96-Port Fibre Channel Switch Data Sheet - Cisco	● Safety compliance ● CE Marking ● UL 60950 ● CAN/CSA-C22.2 No. 60950 ● EN 60950
204145	A9K-24X10-VID-LIC	routers	license	non-hardware	ieee_standards	bc806044b9be3fc2	Cisco ASR 9000 Series 24-Port 10 Gigabit Ethernet Line Cards Data Sheet - Cisco	● 10-Gbps IEEE 802.3 compliant ● 10 Gigabit Ethernet PHY monitoring ● IEEE 802.x
140537	A9K-24X10-VID-LIC	routers	license	non-hardware	humidity_storage	bc806044b9be3fc2	Cisco ASR 9000 Series 24-Port 10 Gigabit Ethernet Line Cards Data Sheet - Cisco	5 to 95% Note: Not to exceed 0.024 kg of water per kg of dry air
72423	A9K-24X10-VID-LIC	routers	license	non-hardware	humidity_operating	bc806044b9be3fc2	Cisco ASR 9000 Series 24-Port 10 Gigabit Ethernet Line Cards Data Sheet - Cisco	10 to 85%
150324	A9K-24X10-VID-LIC	routers	license	non-hardware	temp_storage	bc806044b9be3fc2	Cisco ASR 9000 Series 24-Port 10 Gigabit Ethernet Line Cards Data Sheet - Cisco	–40 to 158ºF (–40 to 70ºC)
150325	A9K-24X10-VID-LIC	routers	license	non-hardware	altitude_max	bc806044b9be3fc2	Cisco ASR 9000 Series 24-Port 10 Gigabit Ethernet Line Cards Data Sheet - Cisco	–60 to 4000m (up to 2000m conforms to IEC, EN, UL, and CSA 60950 requirements)
150326	A9K-24X10-VID-LIC	routers	license	non-hardware	etsi_standards	bc806044b9be3fc2	Cisco ASR 9000 Series 24-Port 10 Gigabit Ethernet Line Cards Data Sheet - Cisco	Cisco ASR 9000 Series Routers are designed to meet: ● EN300 386: Telecommunicati
150323	A9K-24X10-VID-LIC	routers	license	non-hardware	temp_operating	bc806044b9be3fc2	Cisco ASR 9000 Series 24-Port 10 Gigabit Ethernet Line Cards Data Sheet - Cisco	23 to 131ºF (–5 to 55ºC) Note: Short-term refers to a period of not more than 96
207112	A9K-24X10-VID-LIC	routers	license	non-hardware	certifications	bc806044b9be3fc2	Cisco ASR 9000 Series 24-Port 10 Gigabit Ethernet Line Cards Data Sheet - Cisco	Cisco ASR 9000 Series Routers are designed to meet: ● SR-3580: NEBS Criteria Lev
208051	SL-880-ADVSEC-NPE	routers	license	non-hardware	supported_protocols	4fb41a26e3dd6255	Cisco 880 Series Integrated Services Routers - Data Sheet - Cisco	● IPv6 addressing architecture ● IPv6 name resolution ● IPv6 statistics ● IPv6 t
118272	SL-880-ADVSEC-NPE	routers	license	non-hardware	flash	4fb41a26e3dd6255	Cisco 880 Series Integrated Services Routers - Data Sheet - Cisco	● 128 MB on Cisco 880 Series data, embedded 3G Wireless WAN (WWAN), and Cisco Un
206248	SL-880-ADVSEC-NPE	routers	license	non-hardware	certifications	4fb41a26e3dd6255	Cisco 880 Series Integrated Services Routers - Data Sheet - Cisco	Emissions: ● 47 CFR Part 15: 2006 ● CISPR22: 2005 ● EN300386: V1.3.3: 2005 ● EN5
204147	A9K-24X10G-AIP-TR	routers	license	non-hardware	ieee_standards	bc806044b9be3fc2	Cisco ASR 9000 Series 24-Port 10 Gigabit Ethernet Line Cards Data Sheet - Cisco	● 10-Gbps IEEE 802.3 compliant ● 10 Gigabit Ethernet PHY monitoring ● IEEE 802.x
140508	A9K-24X10G-AIP-TR	routers	license	non-hardware	humidity_storage	bc806044b9be3fc2	Cisco ASR 9000 Series 24-Port 10 Gigabit Ethernet Line Cards Data Sheet - Cisco	5 to 95% Note: Not to exceed 0.024 kg of water per kg of dry air
72190	A9K-24X10G-AIP-TR	routers	license	non-hardware	humidity_operating	bc806044b9be3fc2	Cisco ASR 9000 Series 24-Port 10 Gigabit Ethernet Line Cards Data Sheet - Cisco	10 to 85%
150336	A9K-24X10G-AIP-TR	routers	license	non-hardware	temp_storage	bc806044b9be3fc2	Cisco ASR 9000 Series 24-Port 10 Gigabit Ethernet Line Cards Data Sheet - Cisco	–40 to 158ºF (–40 to 70ºC)
150337	A9K-24X10G-AIP-TR	routers	license	non-hardware	altitude_max	bc806044b9be3fc2	Cisco ASR 9000 Series 24-Port 10 Gigabit Ethernet Line Cards Data Sheet - Cisco	–60 to 4000m (up to 2000m conforms to IEC, EN, UL, and CSA 60950 requirements)
150338	A9K-24X10G-AIP-TR	routers	license	non-hardware	etsi_standards	bc806044b9be3fc2	Cisco ASR 9000 Series 24-Port 10 Gigabit Ethernet Line Cards Data Sheet - Cisco	Cisco ASR 9000 Series Routers are designed to meet: ● EN300 386: Telecommunicati
150335	A9K-24X10G-AIP-TR	routers	license	non-hardware	temp_operating	bc806044b9be3fc2	Cisco ASR 9000 Series 24-Port 10 Gigabit Ethernet Line Cards Data Sheet - Cisco	23 to 131ºF (–5 to 55ºC) Note: Short-term refers to a period of not more than 96
207114	A9K-24X10G-AIP-TR	routers	license	non-hardware	certifications	bc806044b9be3fc2	Cisco ASR 9000 Series 24-Port 10 Gigabit Ethernet Line Cards Data Sheet - Cisco	Cisco ASR 9000 Series Routers are designed to meet: ● SR-3580: NEBS Criteria Lev
198869	IE3100-DNA-E-M-1Y	switches	license	non-hardware	ieee_standards	b27536663b823c7b	Cisco Catalyst IE3100 Rugged Series Data Sheet - Cisco	● IEEE 802.1D MAC Bridges, STP ● IEEE 802.1p Layer2 COS prioritization ● IEEE 80
141664	IE3100-DNA-E-M-1Y	switches	license	non-hardware	qos_features	b27536663b823c7b	Cisco Catalyst IE3100 Rugged Series Data Sheet - Cisco	802.1p, priority queuing, Modular QoS command-line interface (MQC), class-based 
141665	IE3100-DNA-E-M-1Y	switches	license	non-hardware	snmp_mibs	b27536663b823c7b	Cisco Catalyst IE3100 Rugged Series Data Sheet - Cisco	● BRIDGE-MIB ● CALISTA-DPA-MIB ● CISCO-ACCESS-ENVMON-MIB ● CISCO-ADMISSION-POLIC
130638	IE3100-DNA-E-M-1Y	switches	license	non-hardware	temp_storage	b27536663b823c7b	Cisco Catalyst IE3100 Rugged Series Data Sheet - Cisco	Temperature: -40° to 85°C (-40° to 185°F) Altitude: 40,000 feet (12,192 m) IEC 6
97436	IE3100-DNA-E-M-1Y	switches	license	non-hardware	programming_interfaces	b27536663b823c7b	Cisco Catalyst IE3100 Rugged Series Data Sheet - Cisco	YANG, NETCONF, RESTCONF
97441	IE3100-DNA-E-M-1Y	switches	license	non-hardware	temp_operating	b27536663b823c7b	Cisco Catalyst IE3100 Rugged Series Data Sheet - Cisco	Operating temperature: -40° to 75°C (-40° to 167°F) (blower-equipped cabinet) -4
97442	IE3100-DNA-E-M-1Y	switches	license	non-hardware	shock	b27536663b823c7b	Cisco Catalyst IE3100 Rugged Series Data Sheet - Cisco	IEC 60068-2-27 (Operational Shock: 30G 11ms, half sine) IEC 60068-2-27 (Non-Oper
196379	IE3100-DNA-E-M-1Y	switches	license	non-hardware	rfc_compliance	b27536663b823c7b	Cisco Catalyst IE3100 Rugged Series Data Sheet - Cisco	● RFC 768: User Datagram Protocol (UDP) ● RFC 783: Trivial File Transfer Protoco
141666	IE3300-DNA-E	switches	license	non-hardware	qos_features	7b24beb93905621c	Cisco Catalyst IE3300 Rugged Series Data Sheet - Cisco	Ingress policing, rate limit, egress queuing and shaping, auto QoS
97445	IE3300-DNA-E	switches	license	non-hardware	programming_interfaces	7b24beb93905621c	Cisco Catalyst IE3300 Rugged Series Data Sheet - Cisco	YANG, NETCONF, RESTCONF
97447	IE3300-DNA-E	switches	license	non-hardware	humidity_operating	7b24beb93905621c	Cisco Catalyst IE3300 Rugged Series Data Sheet - Cisco	Relative humidity of 5% to 95% non-condensing IEC 60068-2-78 IEC 60068-2-30
97451	IE3300-DNA-E	switches	license	non-hardware	temp_operating	7b24beb93905621c	Cisco Catalyst IE3300 Rugged Series Data Sheet - Cisco	Operating temperature: -40°C to +70°C (40 LFM vented enclosure) -40°C to +60°C (
97452	IE3300-DNA-E	switches	license	non-hardware	temp_storage	7b24beb93905621c	Cisco Catalyst IE3300 Rugged Series Data Sheet - Cisco	Temperature: -40°C to +85°C degrees Altitude: 15,000 feet IEC 60068-2-14
97453	IE3300-DNA-E	switches	license	non-hardware	shock	7b24beb93905621c	Cisco Catalyst IE3300 Rugged Series Data Sheet - Cisco	IEC 60068-2-27 (operational shock, 50G, 3ms, half sine) IEC 60068-2-27 (non-oper
141672	IE4010-DNA-E-H	switches	license	non-hardware	qos_features	eb10389c7a6d377f	Cisco Industrial Ethernet 4010 Series Switches Data Sheet - Cisco	Ingress Policing, Rate-Limit, Egress Queueing/shaping, AutoQoS, Modular QoS CLI 
97502	IE4010-DNA-E-H	switches	license	non-hardware	vlan_max	eb10389c7a6d377f	Cisco Industrial Ethernet 4010 Series Switches Data Sheet - Cisco	1000
97501	IE4010-DNA-E-H	switches	license	non-hardware	mac_table	eb10389c7a6d377f	Cisco Industrial Ethernet 4010 Series Switches Data Sheet - Cisco	16,000
198870	IE3100-DNA-E-M-10Y	switches	license	non-hardware	ieee_standards	b27536663b823c7b	Cisco Catalyst IE3100 Rugged Series Data Sheet - Cisco	● IEEE 802.1D MAC Bridges, STP ● IEEE 802.1p Layer2 COS prioritization ● IEEE 80
141699	IE3100-DNA-E-M-10Y	switches	license	non-hardware	qos_features	b27536663b823c7b	Cisco Catalyst IE3100 Rugged Series Data Sheet - Cisco	802.1p, priority queuing, Modular QoS command-line interface (MQC), class-based 
141700	IE3100-DNA-E-M-10Y	switches	license	non-hardware	snmp_mibs	b27536663b823c7b	Cisco Catalyst IE3100 Rugged Series Data Sheet - Cisco	● BRIDGE-MIB ● CALISTA-DPA-MIB ● CISCO-ACCESS-ENVMON-MIB ● CISCO-ADMISSION-POLIC
130637	IE3100-DNA-E-M-10Y	switches	license	non-hardware	temp_storage	b27536663b823c7b	Cisco Catalyst IE3100 Rugged Series Data Sheet - Cisco	Temperature: -40° to 85°C (-40° to 185°F) Altitude: 40,000 feet (12,192 m) IEC 6
97822	IE3100-DNA-E-M-10Y	switches	license	non-hardware	programming_interfaces	b27536663b823c7b	Cisco Catalyst IE3100 Rugged Series Data Sheet - Cisco	YANG, NETCONF, RESTCONF
97827	IE3100-DNA-E-M-10Y	switches	license	non-hardware	temp_operating	b27536663b823c7b	Cisco Catalyst IE3100 Rugged Series Data Sheet - Cisco	Operating temperature: -40° to 75°C (-40° to 167°F) (blower-equipped cabinet) -4
97828	IE3100-DNA-E-M-10Y	switches	license	non-hardware	shock	b27536663b823c7b	Cisco Catalyst IE3100 Rugged Series Data Sheet - Cisco	IEC 60068-2-27 (Operational Shock: 30G 11ms, half sine) IEC 60068-2-27 (Non-Oper
196382	IE3100-DNA-E-M-10Y	switches	license	non-hardware	rfc_compliance	b27536663b823c7b	Cisco Catalyst IE3100 Rugged Series Data Sheet - Cisco	● RFC 768: User Datagram Protocol (UDP) ● RFC 783: Trivial File Transfer Protoco
141755	L-C3850-24-L-E	switches	license	non-hardware	humidity_storage	5664cf3b037d513b	Cisco Catalyst 3850 Series Switches Data Sheet - Cisco	5 to 90% noncondensing
98719	L-C3850-24-L-E	switches	license	non-hardware	temp_storage	5664cf3b037d513b	Cisco Catalyst 3850 Series Switches Data Sheet - Cisco	-40 to 158°F (-40 to 70°C)
98718	L-C3850-24-L-E	switches	license	non-hardware	temp_operating	5664cf3b037d513b	Cisco Catalyst 3850 Series Switches Data Sheet - Cisco	23 to 113°F (-5 to 45°C)
206005	L-C3850-24-L-E	switches	license	non-hardware	certifications	5664cf3b037d513b	Cisco Catalyst 3850 Series Switches Data Sheet - Cisco	UL 60950-1 Second Edition CAN/CSA-C22.2 No. 60950-1 Second Edition EN 60950-1 Se
141756	L-C3850-24-S-E	switches	license	non-hardware	humidity_storage	5664cf3b037d513b	Cisco Catalyst 3850 Series Switches Data Sheet - Cisco	5 to 90% noncondensing
98725	L-C3850-24-S-E	switches	license	non-hardware	temp_storage	5664cf3b037d513b	Cisco Catalyst 3850 Series Switches Data Sheet - Cisco	-40 to 158°F (-40 to 70°C)
98724	L-C3850-24-S-E	switches	license	non-hardware	temp_operating	5664cf3b037d513b	Cisco Catalyst 3850 Series Switches Data Sheet - Cisco	23 to 113°F (-5 to 45°C)
206006	L-C3850-24-S-E	switches	license	non-hardware	certifications	5664cf3b037d513b	Cisco Catalyst 3850 Series Switches Data Sheet - Cisco	UL 60950-1 Second Edition CAN/CSA-C22.2 No. 60950-1 Second Edition EN 60950-1 Se
141758	L-DNA-C8500	routers	license	non-hardware	qos_features	c2f2c267baa2122a	Cisco Catalyst 8500 Series Edge Platforms Data Sheet - Cisco	Quality of Service (QoS), Class-Based Weighted Fair Queuing (CBWFQ), Weighted Ra
206012	L-DNA-C8500	routers	license	non-hardware	certifications	c2f2c267baa2122a	Cisco Catalyst 8500 Series Edge Platforms Data Sheet - Cisco	UL 60950-1 CAN/CSA-C22.2 No. 60950-1 EN 60950-1 IEC 60950-1 AS/NZS 60950-1 GB494
141770	LIC-C9300-24A-1Y	switches	license	non-hardware	humidity_storage	638d72c59601332b	Cisco Catalyst 9300 Series Switches Data Sheet - Cisco	5% to 90% noncondensing
198549	LIC-C9300-24A-1Y	switches	license	non-hardware	ieee_standards	638d72c59601332b	Cisco Catalyst 9300 Series Switches Data Sheet - Cisco	IEEE 802.1s IEEE 802.1w IEEE 802.1x IEEE 802.1x-Rev IEEE 802.3ad IEEE 802.3ae IE
99431	LIC-C9300-24A-1Y	switches	license	non-hardware	temp_operating	638d72c59601332b	Cisco Catalyst 9300 Series Switches Data Sheet - Cisco	Normal operating temperature * and altitudes: -5°C to +45°C, up to 5000 feet (15
99432	LIC-C9300-24A-1Y	switches	license	non-hardware	temp_storage	638d72c59601332b	Cisco Catalyst 9300 Series Switches Data Sheet - Cisco	-40° to 158°F (-40° to 70°C)
197763	SW-CCME-UL-7920	collaboration-endpoints	software	non-hardware	supported_protocols	645699c9e5da4ab8	Cisco Unified Wireless IP Phone 7920 Version 2.0 - Cisco	• Cisco Discovery Protocol (CDP) • Automatic IEEE 802.1q (Virtual LAN [VLAN]) co
119204	SW-CCME-UL-7920	collaboration-endpoints	software	non-hardware	temp_operating	645699c9e5da4ab8	Cisco Unified Wireless IP Phone 7920 Version 2.0 - Cisco	• 32°F to 113°F (0°C to 45°C)
119205	SW-CCME-UL-7920	collaboration-endpoints	software	non-hardware	temp_storage	645699c9e5da4ab8	Cisco Unified Wireless IP Phone 7920 Version 2.0 - Cisco	• -22°F to 140°F (-30°C to 60°C)
119206	SW-CCME-UL-7920	collaboration-endpoints	software	non-hardware	humidity_operating	645699c9e5da4ab8	Cisco Unified Wireless IP Phone 7920 Version 2.0 - Cisco	• 10% to 95% (noncondensing)
119372	SWLIC-RFGW1-PKEY	video	license	non-hardware	supported_protocols	211f9513a8451065	Cisco RF Gateway 1 - Cisco	HTTP, SNMP, FTP, RPC
119373	SWLIC-RFGW1-PKEY	video	license	non-hardware	temp_operating	211f9513a8451065	Cisco RF Gateway 1 - Cisco	32 to 122°F (0 to 50°C)
119374	SWLIC-RFGW1-PKEY	video	license	non-hardware	humidity_operating	211f9513a8451065	Cisco RF Gateway 1 - Cisco	5% to 95%, non-condensing
153946	SWLIC-RFGW1-PKEY	video	license	non-hardware	temp_storage	211f9513a8451065	Cisco RF Gateway 1 - Cisco	–30 to 158°F (–22 to 70°C)
119314	SWLIC-RFGW1-DATA	video	license	non-hardware	humidity_operating	211f9513a8451065	Cisco RF Gateway 1 - Cisco	5% to 95%, non-condensing
153943	SWLIC-RFGW1-DATA	video	license	non-hardware	temp_storage	211f9513a8451065	Cisco RF Gateway 1 - Cisco	–30 to 158°F (–22 to 70°C)
119313	SWLIC-RFGW1-DATA	video	license	non-hardware	temp_operating	211f9513a8451065	Cisco RF Gateway 1 - Cisco	32 to 122°F (0 to 50°C)
119312	SWLIC-RFGW1-DATA	video	license	non-hardware	supported_protocols	211f9513a8451065	Cisco RF Gateway 1 - Cisco	HTTP, SNMP, FTP, RPC
119223	SW-CCM-UL-7921G	collaboration-endpoints	software	non-hardware	humidity_operating	e573c2b895e21bb2	Cisco Unified Wireless IP Phone 7921G - Cisco	10 to 95% (noncondensing)
157912	SW-CCM-UL-7921G	collaboration-endpoints	software	non-hardware	temp_storage	e573c2b895e21bb2	Cisco Unified Wireless IP Phone 7921G - Cisco	–22 to 140°F (–30 to 60°C)
131605	SW-CCM-UL-7921G	collaboration-endpoints	software	non-hardware	altitude_max	e573c2b895e21bb2	Cisco Unified Wireless IP Phone 7921G - Cisco	Certified for operation: 0 to 6,500 ft (0 to 2 km)
119221	SW-CCM-UL-7921G	collaboration-endpoints	software	non-hardware	temp_operating	e573c2b895e21bb2	Cisco Unified Wireless IP Phone 7921G - Cisco	32 to 104°F (0 to 40°C)
182971	SW-CCM-UL-7921G	collaboration-endpoints	software	non-hardware	ui_languages	e573c2b895e21bb2	Cisco Unified Wireless IP Phone 7921G - Cisco	Bulgarian, Catalan, Chinese, Croatian, Czech, Danish, Dutch, English, Finnish, F
205128	SW-CCM-UL-7921G	collaboration-endpoints	software	non-hardware	supported_protocols	e573c2b895e21bb2	Cisco Unified Wireless IP Phone 7921G - Cisco	● Cisco Discovery Protocol ● Transparent secure roaming ● Provisioning of networ
103241	N6KUK9-602N1.2A=	switches	software	non-hardware	emc_emissions	df62c7424eff7d1f	Cisco Nexus 6001 Switch Data Sheet - Cisco	● 47CFR Part 15 (CFR 47) Class A ● AS/NZS CISPR22 Class A ● CISPR22 Class A ● EN
103242	N6KUK9-602N1.2A=	switches	software	non-hardware	emc_immunity	df62c7424eff7d1f	Cisco Nexus 6001 Switch Data Sheet - Cisco	● EN55024 ● CISPR24 ● EN300386 ● KN 61000-4 series
204637	N3K-LAN1K9	switches	license	non-hardware	supported_protocols	437013d2cbf76d41	Cisco Nexus 3132C-Z Switches Data Sheet - Cisco	● Layer 2 switch ports and VLAN trunks ● IEEE 802.1Q VLAN encapsulation ● Suppor
102916	N3K-LAN1K9	switches	license	non-hardware	altitude_storage	dc3694c51d8de1a7	Cisco Nexus 34180YC and 3464C Programmable Switches Data Sheet - Cisco	Up to 16,000 ft.
141926	N3K-LAN1K9	switches	license	non-hardware	qos_features	7d3441ccefa9812b	Cisco Nexus 3016 Switch Data Sheet - Cisco	Layer 2 IEEE 802.1p (Class of Service [CoS]) 8 unicast and 4 multicast hardware 
151455	N3K-LAN1K9	switches	license	non-hardware	emc_immunity	437013d2cbf76d41	Cisco Nexus 3132C-Z Switches Data Sheet - Cisco	● EN55024 ● CISPR24 ● EN300386 ● KN24
102912	N3K-LAN1K9	switches	license	non-hardware	humidity_operating	dc3694c51d8de1a7	Cisco Nexus 34180YC and 3464C Programmable Switches Data Sheet - Cisco	5 to 95% (noncondensing)
102913	N3K-LAN1K9	switches	license	non-hardware	altitude_max	dc3694c51d8de1a7	Cisco Nexus 34180YC and 3464C Programmable Switches Data Sheet - Cisco	Up to 13,123 ft.
102911	N3K-LAN1K9	switches	license	non-hardware	temp_operating	dc3694c51d8de1a7	Cisco Nexus 34180YC and 3464C Programmable Switches Data Sheet - Cisco	32 to 104°F (0 to 40°C)
151454	N3K-LAN1K9	switches	license	non-hardware	emc_emissions	437013d2cbf76d41	Cisco Nexus 3132C-Z Switches Data Sheet - Cisco	● 47CFR Part 15 (CFR 47) Class A ● AS/NZS CISPR22 Class A ● CISPR22 Class A ● EN
154610	N3K-LAN1K9	switches	license	non-hardware	snmp_mibs	437013d2cbf76d41	Cisco Nexus 3132C-Z Switches Data Sheet - Cisco	Generic MIBs ● SNMPv2-SMI ● CISCO-SMI ● SNMPv2-TM ● SNMPv2-TC ● IANA-ADDRESS-FAM
151453	N3K-LAN1K9	switches	license	non-hardware	ieee_standards	437013d2cbf76d41	Cisco Nexus 3132C-Z Switches Data Sheet - Cisco	● IEEE 802.1D: Spanning Tree Protocol ● IEEE 802.1p: CoS Prioritization ● IEEE 8
115657	S45XUK9-33-1511SG	switches	software	non-hardware	jumbo_mtu	bc0a2b219bf6a190	Cisco Catalyst 4500-X Series Fixed 10 Gigabit Ethernet Aggregation Switch Data Sheet - Cis	Up to 9216 bytes
207379	S45XUK9-33-1511SG	switches	software	non-hardware	certifications	bc0a2b219bf6a190	Cisco Catalyst 4500-X Series Fixed 10 Gigabit Ethernet Aggregation Switch Data Sheet - Cis	UL 60950-1 Second Edition CAN/CSA-C22.2 No. 60950-1 Second Edition EN 60950-1 Se
128729	XR-A9K-PXK9-06.01	routers	software	non-hardware	segment_routing_features	cad9e5016e8f34c6	Cisco IOS XR Release 6.1.2 for Cisco ASR 9000 Series Routers Product Bulletin - Cisco	Auto-route Destination The auto-route destination feature allows you to automati
204187	S-A9902-CGN	routers	license	non-hardware	ieee_standards	e981c199c3b16224	Cisco ASR 9902 Compact High-Performance Router Data Sheet - Cisco	● 10-Gbps IEEE 802.3ae compliant ● 25-Gbps IEEE 802.3by and IEEE 802.3cc complia
114626	S-A9902-CGN	routers	license	non-hardware	supported_protocols	e981c199c3b16224	Cisco ASR 9902 Compact High-Performance Router Data Sheet - Cisco	NetFlow, IEEE 802.1ag, IEEE 802.3ah, ITU Y.1731, IP Service-Level Agreement (IP 
142610	S-A9902-CGN	routers	license	non-hardware	humidity_storage	e981c199c3b16224	Cisco ASR 9902 Compact High-Performance Router Data Sheet - Cisco	5 to 95% Note: Not to exceed 0.024 kg of water per kg of dry air
150005	S-A9902-CGN	routers	license	non-hardware	temp_storage	e981c199c3b16224	Cisco ASR 9902 Compact High-Performance Router Data Sheet - Cisco	–40 to 158°F (–40 to 70°C)
114622	S-A9902-CGN	routers	license	non-hardware	temp_operating	e981c199c3b16224	Cisco ASR 9902 Compact High-Performance Router Data Sheet - Cisco	41 to 104°F (5 to 40°C) Note: Limitations may apply when using high-power optics
114623	S-A9902-CGN	routers	license	non-hardware	humidity_operating	e981c199c3b16224	Cisco ASR 9902 Compact High-Performance Router Data Sheet - Cisco	10 to 85%
207080	S-A9902-CGN	routers	license	non-hardware	certifications	e981c199c3b16224	Cisco ASR 9902 Compact High-Performance Router Data Sheet - Cisco	The Cisco ASR 9902 Router is designed to meet: ● FCC Class A ● ICES 003 Class A 
204189	S-A9902-OPTLIC	routers	license	non-hardware	ieee_standards	e981c199c3b16224	Cisco ASR 9902 Compact High-Performance Router Data Sheet - Cisco	● 10-Gbps IEEE 802.3ae compliant ● 25-Gbps IEEE 802.3by and IEEE 802.3cc complia
142680	S-A9902-OPTLIC	routers	license	non-hardware	humidity_storage	e981c199c3b16224	Cisco ASR 9902 Compact High-Performance Router Data Sheet - Cisco	5 to 95% Note: Not to exceed 0.024 kg of water per kg of dry air
115197	S-A9902-OPTLIC	routers	license	non-hardware	supported_protocols	e981c199c3b16224	Cisco ASR 9902 Compact High-Performance Router Data Sheet - Cisco	NetFlow, IEEE 802.1ag, IEEE 802.3ah, ITU Y.1731, IP Service-Level Agreement (IP 
150011	S-A9902-OPTLIC	routers	license	non-hardware	temp_storage	e981c199c3b16224	Cisco ASR 9902 Compact High-Performance Router Data Sheet - Cisco	–40 to 158°F (–40 to 70°C)
115193	S-A9902-OPTLIC	routers	license	non-hardware	temp_operating	e981c199c3b16224	Cisco ASR 9902 Compact High-Performance Router Data Sheet - Cisco	41 to 104°F (5 to 40°C) Note: Limitations may apply when using high-power optics
115194	S-A9902-OPTLIC	routers	license	non-hardware	humidity_operating	e981c199c3b16224	Cisco ASR 9902 Compact High-Performance Router Data Sheet - Cisco	10 to 85%
207082	S-A9902-OPTLIC	routers	license	non-hardware	certifications	e981c199c3b16224	Cisco ASR 9902 Compact High-Performance Router Data Sheet - Cisco	The Cisco ASR 9902 Router is designed to meet: ● FCC Class A ● ICES 003 Class A 
72252	A9K-2X100G-AIP-SE	routers	license	non-hardware	humidity_operating	8ac963a60a793913	Cisco ASR 9000 Series 2-Port 100 Gigabit Ethernet Line Cards Data Sheet - Cisco	10 to 85%
140515	A9K-2X100G-AIP-SE	routers	license	non-hardware	humidity_storage	8ac963a60a793913	Cisco ASR 9000 Series 2-Port 100 Gigabit Ethernet Line Cards Data Sheet - Cisco	5 to 95% Note: Not to exceed 0.024 kg of water per kg of dry air
72253	A9K-2X100G-AIP-SE	routers	license	non-hardware	temp_storage	8ac963a60a793913	Cisco ASR 9000 Series 2-Port 100 Gigabit Ethernet Line Cards Data Sheet - Cisco	-40 to 158ºF (-40 to 70ºC)
72255	A9K-2X100G-AIP-SE	routers	license	non-hardware	supported_protocols	8ac963a60a793913	Cisco ASR 9000 Series 2-Port 100 Gigabit Ethernet Line Cards Data Sheet - Cisco	NetFlow, IEEE 802.1ag, IEEE 802.3ah, ITU Y.1731, IP service-level agreement (IP 
153286	A9K-2X100G-AIP-SE	routers	license	non-hardware	temp_operating	8ac963a60a793913	Cisco ASR 9000 Series 2-Port 100 Gigabit Ethernet Line Cards Data Sheet - Cisco	23 to 131ºF (-5 to 55ºC) Note: Short-term refers to a period of not more than 96
153287	A9K-2X100G-AIP-SE	routers	license	non-hardware	etsi_standards	8ac963a60a793913	Cisco ASR 9000 Series 2-Port 100 Gigabit Ethernet Line Cards Data Sheet - Cisco	Cisco ASR 9000 Series Routers are designed to meet: ● EN300 386: Telecommunicati
131684	A9K-2X100G-AIP-SE	routers	license	non-hardware	altitude_max	8ac963a60a793913	Cisco ASR 9000 Series 2-Port 100 Gigabit Ethernet Line Cards Data Sheet - Cisco	-60 to 4000m (up to 2000m conforms to IEC, EN, UL, and CSA 60950 requirements)
204104	A9K-2X100G-AIP-SE	routers	license	non-hardware	ieee_standards	8ac963a60a793913	Cisco ASR 9000 Series 2-Port 100 Gigabit Ethernet Line Cards Data Sheet - Cisco	● 100-Gbps IEEE 802.3ba compliant ● 100 Gigabit Ethernet PHY monitoring ● IEEE 8
207666	A9K-2X100G-AIP-SE	routers	license	non-hardware	certifications	8ac963a60a793913	Cisco ASR 9000 Series 2-Port 100 Gigabit Ethernet Line Cards Data Sheet - Cisco	Cisco ASR 9000 Series Routers are designed to meet: ● SR-3580: NEBS Criteria Lev
204120	A9K-MOD80-OPT-LIC	routers	license	non-hardware	ieee_standards	8ca1749c46484a31	Cisco ASR 9000 Series Modular Line Cards Data Sheet - Cisco	● IEEE 802.3 compliant ● 10 Gigabit Ethernet PHY monitoring ● IEEE 802.x flow co
140542	A9K-MOD80-OPT-LIC	routers	license	non-hardware	humidity_storage	8ca1749c46484a31	Cisco ASR 9000 Series Modular Line Cards Data Sheet - Cisco	5 to 95% Note: Not to exceed 0.024 kg of water per kg of dry air
72459	A9K-MOD80-OPT-LIC	routers	license	non-hardware	humidity_operating	8ca1749c46484a31	Cisco ASR 9000 Series Modular Line Cards Data Sheet - Cisco	10 to 85%
153343	A9K-MOD80-OPT-LIC	routers	license	non-hardware	temp_storage	8ca1749c46484a31	Cisco ASR 9000 Series Modular Line Cards Data Sheet - Cisco	–40 to 158ºF (–40 to 70ºC)
153345	A9K-MOD80-OPT-LIC	routers	license	non-hardware	etsi_standards	8ca1749c46484a31	Cisco ASR 9000 Series Modular Line Cards Data Sheet - Cisco	Cisco ASR 9000 Series Routers are designed to meet: ● EN300 386: Telecommunicati
153342	A9K-MOD80-OPT-LIC	routers	license	non-hardware	temp_operating	8ca1749c46484a31	Cisco ASR 9000 Series Modular Line Cards Data Sheet - Cisco	23 to 131ºF (–5 to 55ºC)
153344	A9K-MOD80-OPT-LIC	routers	license	non-hardware	altitude_max	8ca1749c46484a31	Cisco ASR 9000 Series Modular Line Cards Data Sheet - Cisco	–60 to 4000m (up to 2000m conforms to IEC, EN, UL, and CSA 60950 requirements)
207676	A9K-MOD80-OPT-LIC	routers	license	non-hardware	certifications	8ca1749c46484a31	Cisco ASR 9000 Series Modular Line Cards Data Sheet - Cisco	Cisco ASR 9000 Series Routers are designed to meet: ● SR-3580: NEBS Criteria Lev
140541	A9K-MOD80-AIP-TR	routers	license	non-hardware	humidity_storage	8ca1749c46484a31	Cisco ASR 9000 Series Modular Line Cards Data Sheet - Cisco	5 to 95% Note: Not to exceed 0.024 kg of water per kg of dry air
72452	A9K-MOD80-AIP-TR	routers	license	non-hardware	humidity_operating	8ca1749c46484a31	Cisco ASR 9000 Series Modular Line Cards Data Sheet - Cisco	10 to 85%
153337	A9K-MOD80-AIP-TR	routers	license	non-hardware	temp_storage	8ca1749c46484a31	Cisco ASR 9000 Series Modular Line Cards Data Sheet - Cisco	–40 to 158ºF (–40 to 70ºC)
153336	A9K-MOD80-AIP-TR	routers	license	non-hardware	temp_operating	8ca1749c46484a31	Cisco ASR 9000 Series Modular Line Cards Data Sheet - Cisco	23 to 131ºF (–5 to 55ºC)
153339	A9K-MOD80-AIP-TR	routers	license	non-hardware	etsi_standards	8ca1749c46484a31	Cisco ASR 9000 Series Modular Line Cards Data Sheet - Cisco	Cisco ASR 9000 Series Routers are designed to meet: ● EN300 386: Telecommunicati
153338	A9K-MOD80-AIP-TR	routers	license	non-hardware	altitude_max	8ca1749c46484a31	Cisco ASR 9000 Series Modular Line Cards Data Sheet - Cisco	–60 to 4000m (up to 2000m conforms to IEC, EN, UL, and CSA 60950 requirements)
204119	A9K-MOD80-AIP-TR	routers	license	non-hardware	ieee_standards	8ca1749c46484a31	Cisco ASR 9000 Series Modular Line Cards Data Sheet - Cisco	● IEEE 802.3 compliant ● 10 Gigabit Ethernet PHY monitoring ● IEEE 802.x flow co
207675	A9K-MOD80-AIP-TR	routers	license	non-hardware	certifications	8ca1749c46484a31	Cisco ASR 9000 Series Modular Line Cards Data Sheet - Cisco	Cisco ASR 9000 Series Routers are designed to meet: ● SR-3580: NEBS Criteria Lev
205124	SL-IR8140-NE	routers	license	non-hardware	supported_protocols	3f4ba2d43e77a0e4	Cisco Catalyst IR8100 Heavy Duty Series Router Data Sheet - Cisco	● IPv6 addressing architecture ● IPv6 unicast and multicast forwarding ● IPv6 AC
142848	SL-IR8140-NE	routers	license	non-hardware	qos_features	3f4ba2d43e77a0e4	Cisco Catalyst IR8100 Heavy Duty Series Router Data Sheet - Cisco	● Provides LTE QoS with support for up to 8 concurrent bearers on each cellular 
118492	SL-IR8140-NE	routers	license	non-hardware	dram	3f4ba2d43e77a0e4	Cisco Catalyst IR8100 Heavy Duty Series Router Data Sheet - Cisco	8 GB
118493	SL-IR8140-NE	routers	license	non-hardware	flash	3f4ba2d43e77a0e4	Cisco Catalyst IR8100 Heavy Duty Series Router Data Sheet - Cisco	8 GB (usable)
182514	SL-IR8140-NE	routers	license	non-hardware	mounting	3f4ba2d43e77a0e4	Cisco Catalyst IR8100 Heavy Duty Series Router Data Sheet - Cisco	Wall, pole mount
208053	SL-810-AIS	routers	license	non-hardware	supported_protocols	f3c2e4e7292410f4	Cisco 819 Non-Hardened 4G LTE 2.0 Machine-to-Machine Integrated Services Routers with Wi-F	● IPv6 addressing architecture ● IPv6 name resolution ● IPv6 statistics ● IPv6 t
118297	SL-810-AIS	routers	license	non-hardware	altitude_max	eeedf4783e30b825	Cisco 819 Integrated Services Routers with 3G and Wi-Fi Data Sheet - Cisco	Above 5000 ft derate maximum operating temperature 1.50C per 1000 feet Maximum a
118296	SL-810-AIS	routers	license	non-hardware	humidity_operating	561c0f07d63e8571	Cisco 812 CiFi Integrated Services Routers (3G-3.7G Cellular and Wi-Fi) Data Sheet - Cisco	Maximum 85% non-condensing RH
118292	SL-810-AIS	routers	license	non-hardware	dram	f3c2e4e7292410f4	Cisco 819 Non-Hardened 4G LTE 2.0 Machine-to-Machine Integrated Services Routers with Wi-F	1 GB
118293	SL-810-AIS	routers	license	non-hardware	flash	f3c2e4e7292410f4	Cisco 819 Non-Hardened 4G LTE 2.0 Machine-to-Machine Integrated Services Routers with Wi-F	1 GB
118300	SL-810-AIS	routers	license	non-hardware	emc_emissions	f3c2e4e7292410f4	Cisco 819 Non-Hardened 4G LTE 2.0 Machine-to-Machine Integrated Services Routers with Wi-F	EN55022/CISPR22, CFR 47 Part 15, ICES003, VCCI-V-3, AS/NZS CISPR22, CNS13438, EN
118295	SL-810-AIS	routers	license	non-hardware	emc_immunity	f3c2e4e7292410f4	Cisco 819 Non-Hardened 4G LTE 2.0 Machine-to-Machine Integrated Services Routers with Wi-F	EN55024/CISPR24, (EN61000-4-2, EN61000-4-3, EN61000-4-4, EN61000-4-5, EN61000-4-
87256	CP-8QAM	optical-networking	non_product	non-hardware	regions_supported	daee68aac49c1c7a	Cisco NCS 2000 400 Gbps XPonder Line Card Data Sheet - Cisco	● European Union ● Africa ● CSI ● Australia ● New Zealand ● China ● Korea ● Indi
152485	CP-8QAM	optical-networking	non_product	non-hardware	emc_emissions	daee68aac49c1c7a	Cisco NCS 2000 400 Gbps XPonder Line Card Data Sheet - Cisco	● ETSI EN 300 386 V1.4.1 (2008-04) Telecommunication network equipment EMC requi
152486	CP-8QAM	optical-networking	non_product	non-hardware	certifications	daee68aac49c1c7a	Cisco NCS 2000 400 Gbps XPonder Line Card Data Sheet - Cisco	● ETS 300-019-2-1 V2.1.2 (Storage, Class 1.1) ● ETS 300-019-2-2 V2.1.2 (1999-09)
152487	CP-8QAM	optical-networking	non_product	non-hardware	optical_pm	daee68aac49c1c7a	Cisco NCS 2000 400 Gbps XPonder Line Card Data Sheet - Cisco	Transmitter optical power ; Transmitter laser bias current ; Receiver optical po
115517	S-NCS1K4-200G-RG=	optical-networking	license	non-hardware	certifications	ff39869cb21589cd	Cisco Network Convergence System 1004 OTN-Xponder Data Sheet - Cisco	IEC 60950-1 Information technology equipment Safety Part 1: General requirements
115578	S845EUK9-33-1511XO	switches	software	non-hardware	ipv6_routes	7b4dd5a26aec3f20	Cisco Catalyst 4500E Supervisor Engine 8-E: Wired and Wireless Convergence Data Sheet - Ci	128,000
100006	M9200EXT1AK9=	storage-networking	license	non-hardware	programming_interfaces	e8b6b46a85541966	Cisco MDS 9000 18/4-Port Multiservice Module - Cisco	• Scriptable CLI • Fabric Manager GUI • Device Manager GUI
140939	C9200-48-E-A	switches	license	non-hardware	humidity_storage	de692de8d2c8f641	Cisco Catalyst 9200 Series Switches Data Sheet - Cisco	5% to 90% noncondensing
78679	C9200-48-E-A	switches	license	non-hardware	temp_operating	de692de8d2c8f641	Cisco Catalyst 9200 Series Switches Data Sheet - Cisco	Normal operating temperature * and altitudes: ● -5°C to +45°C, up to 5000 feet (
78680	C9200-48-E-A	switches	license	non-hardware	temp_storage	de692de8d2c8f641	Cisco Catalyst 9200 Series Switches Data Sheet - Cisco	-40° to 158°F (-40° to 70°C)
146933	C9200-48-E-A	switches	license	non-hardware	ieee_standards	de692de8d2c8f641	Cisco Catalyst 9200 Series Switches Data Sheet - Cisco	EEE 802.1s ; RMON I and II standards ; IEEE 802.1w ; SNMPv1, v2c, and v3 ; IEEE 
158369	C9200-48-E-A	switches	license	non-hardware	altitude_max	de692de8d2c8f641	Cisco Catalyst 9200 Series Switches Data Sheet - Cisco	10,000 ft. (3000 meters), up to 45°C
146934	C9200-48-E-A	switches	license	non-hardware	certifications	de692de8d2c8f641	Cisco Catalyst 9200 Series Switches Data Sheet - Cisco	● 47 CFR Part 15 ● CISPR 32 Class A ● CNS 13438 ● EN 300 386 * ● EN 55032 Class 
117618	SL-29-UC-K9	routers	license	non-hardware	dram	e539825af78bd0b5	Cisco Integrated Services Routers Generation 2 Ordering Guide - Cisco	None available; Fixed 512MB DRAM only
117619	SL-29-UC-K9	routers	license	non-hardware	flash	e539825af78bd0b5	Cisco Integrated Services Routers Generation 2 Ordering Guide - Cisco	None available; Fixed internal 256MB eUSB Flash only
145809	DCNM-S-PAK-M95-K9	storage-networking	software	non-hardware	programming_interfaces	21031fae4600573e	Cisco MDS 9509 Multilayer Director Data Sheet - Cisco	● Scriptable CLI ● Data Center Network Manager web services API ● Device Manager
145807	DCNM-S-PAK-M95-K9	storage-networking	software	non-hardware	fabric_services	21031fae4600573e	Cisco MDS 9509 Multilayer Director Data Sheet - Cisco	● Name server ● Registered State Change Notification (RSCN) ● Login services ● F
145806	DCNM-S-PAK-M95-K9	storage-networking	software	non-hardware	supported_protocols	21031fae4600573e	Cisco MDS 9509 Multilayer Director Data Sheet - Cisco	● Fibre Channel standards ◦ FC-PH, Revision 4.3 (ANSI INCITS 230-1994) ◦ FC-PH, 
145808	DCNM-S-PAK-M95-K9	storage-networking	software	non-hardware	diagnostics	21031fae4600573e	Cisco MDS 9509 Multilayer Director Data Sheet - Cisco	● Power-on-self-test (POST) diagnostics ● Online diagnostics ● Internal port loo
145810	DCNM-S-PAK-M95-K9	storage-networking	software	non-hardware	certifications	21031fae4600573e	Cisco MDS 9509 Multilayer Director Data Sheet - Cisco	● Safety compliance ◦ CE Marking ◦ UL 60950 ◦ CAN/CSA-C22.2 No. 60950 ◦ EN 60950
99386	L5-D-M97S-AXK9=	interfaces-modules	license	non-hardware	fabric_services	ff371441ef93b0d5	Cisco MDS 9710 Multilayer Director Data Sheet - Cisco	● Name server ● Registered State Change Notification (RSCN) ● Login services ● F
119320	SWLIC-RFGW1-OCTAL	video	license	non-hardware	temp_operating	211f9513a8451065	Cisco RF Gateway 1 - Cisco	32 to 122°F (0 to 50°C)
119321	SWLIC-RFGW1-OCTAL	video	license	non-hardware	humidity_operating	211f9513a8451065	Cisco RF Gateway 1 - Cisco	5% to 95%, non-condensing
153945	SWLIC-RFGW1-OCTAL	video	license	non-hardware	temp_storage	211f9513a8451065	Cisco RF Gateway 1 - Cisco	–30 to 158°F (–22 to 70°C)
119319	SWLIC-RFGW1-OCTAL	video	license	non-hardware	supported_protocols	211f9513a8451065	Cisco RF Gateway 1 - Cisco	HTTP, SNMP, FTP, RPC
197964	M9200FMS1K9	interfaces-modules	license	non-hardware	supported_protocols	1b98b1a44bc94014	Cisco MDS 9000 Family Multiprotocol Services Module - Cisco	• Fibre Channel standards · FC-PH, Revision 4.3 (ANSI/INCITS 230-1994) · FC-PH, 
152576	M9200FMS1K9	interfaces-modules	license	non-hardware	fabric_services	1b98b1a44bc94014	Cisco MDS 9000 Family Multiprotocol Services Module - Cisco	• Name server · Internet Storage Name Server (iSNS) · Registered State Change No
207473	M9200FMS1K9	interfaces-modules	license	non-hardware	certifications	1b98b1a44bc94014	Cisco MDS 9000 Family Multiprotocol Services Module - Cisco	• Safety compliance · CE Marking · UL 60950 · CAN/CSA-C22.2 No. 60950 · EN 60950
103245	N6KUK9-710N1.1A	switches	software	non-hardware	emc_emissions	6808d677ec50358c	Cisco Nexus 5600 Platform 40-Gbps Switches Data Sheet - Cisco	● 47CFR Part 15 (CFR 47) Class A ● AS/NZS CISPR22 Class A ● CISPR22 Class A ● EN
103246	N6KUK9-710N1.1A	switches	software	non-hardware	emc_immunity	6808d677ec50358c	Cisco Nexus 5600 Platform 40-Gbps Switches Data Sheet - Cisco	● EN55024 ● CISPR24 ● EN300386 ● KN 61000-4 series
140969	C9300-DNX-E-24S-3Y	switches	license	non-hardware	humidity_storage	638d72c59601332b	Cisco Catalyst 9300 Series Switches Data Sheet - Cisco	5% to 90% noncondensing
198469	C9300-DNX-E-24S-3Y	switches	license	non-hardware	ieee_standards	638d72c59601332b	Cisco Catalyst 9300 Series Switches Data Sheet - Cisco	IEEE 802.1s IEEE 802.1w IEEE 802.1x IEEE 802.1x-Rev IEEE 802.3ad IEEE 802.3ae IE
78895	C9300-DNX-E-24S-3Y	switches	license	non-hardware	temp_operating	638d72c59601332b	Cisco Catalyst 9300 Series Switches Data Sheet - Cisco	Normal operating temperature * and altitudes: -5°C to +45°C, up to 5000 feet (15
78896	C9300-DNX-E-24S-3Y	switches	license	non-hardware	temp_storage	638d72c59601332b	Cisco Catalyst 9300 Series Switches Data Sheet - Cisco	-40° to 158°F (-40° to 70°C)
140986	C9300L-DNA-A-24-5Y	switches	license	non-hardware	humidity_storage	638d72c59601332b	Cisco Catalyst 9300 Series Switches Data Sheet - Cisco	5% to 90% noncondensing
79007	C9300L-DNA-A-24-5Y	switches	license	non-hardware	temp_operating	638d72c59601332b	Cisco Catalyst 9300 Series Switches Data Sheet - Cisco	Normal operating temperature * and altitudes: -5°C to +45°C, up to 5000 feet (15
79008	C9300L-DNA-A-24-5Y	switches	license	non-hardware	temp_storage	638d72c59601332b	Cisco Catalyst 9300 Series Switches Data Sheet - Cisco	-40° to 158°F (-40° to 70°C)
198472	C9300L-DNA-A-24-5Y	switches	license	non-hardware	ieee_standards	638d72c59601332b	Cisco Catalyst 9300 Series Switches Data Sheet - Cisco	IEEE 802.1s IEEE 802.1w IEEE 802.1x IEEE 802.1x-Rev IEEE 802.3ad IEEE 802.3ae IE
140952	C9300-DNX-E-48S-5Y	switches	license	non-hardware	humidity_storage	638d72c59601332b	Cisco Catalyst 9300 Series Switches Data Sheet - Cisco	5% to 90% noncondensing
198462	C9300-DNX-E-48S-5Y	switches	license	non-hardware	ieee_standards	638d72c59601332b	Cisco Catalyst 9300 Series Switches Data Sheet - Cisco	IEEE 802.1s IEEE 802.1w IEEE 802.1x IEEE 802.1x-Rev IEEE 802.3ad IEEE 802.3ae IE
78790	C9300-DNX-E-48S-5Y	switches	license	non-hardware	temp_operating	638d72c59601332b	Cisco Catalyst 9300 Series Switches Data Sheet - Cisco	Normal operating temperature * and altitudes: -5°C to +45°C, up to 5000 feet (15
78791	C9300-DNX-E-48S-5Y	switches	license	non-hardware	temp_storage	638d72c59601332b	Cisco Catalyst 9300 Series Switches Data Sheet - Cisco	-40° to 158°F (-40° to 70°C)
141778	LIC-C9300-24E-7Y	switches	license	non-hardware	humidity_storage	638d72c59601332b	Cisco Catalyst 9300 Series Switches Data Sheet - Cisco	5% to 90% noncondensing
198557	LIC-C9300-24E-7Y	switches	license	non-hardware	ieee_standards	638d72c59601332b	Cisco Catalyst 9300 Series Switches Data Sheet - Cisco	IEEE 802.1s IEEE 802.1w IEEE 802.1x IEEE 802.1x-Rev IEEE 802.3ad IEEE 802.3ae IE
99512	LIC-C9300-24E-7Y	switches	license	non-hardware	temp_operating	638d72c59601332b	Cisco Catalyst 9300 Series Switches Data Sheet - Cisco	Normal operating temperature * and altitudes: -5°C to +45°C, up to 5000 feet (15
99513	LIC-C9300-24E-7Y	switches	license	non-hardware	temp_storage	638d72c59601332b	Cisco Catalyst 9300 Series Switches Data Sheet - Cisco	-40° to 158°F (-40° to 70°C)
197437	L-LIC-CT55-LPE-K9=	wireless	license	non-hardware	supported_protocols	130a86e38467d870	Cisco 5500 Series Wireless Controllers Data Sheet - Cisco	● IEEE 802.1X ● RFC 2548 Microsoft Vendor-Specific RADIUS Attributes ● RFC 2716 
196843	L-LIC-CT55-LPE-K9=	wireless	license	non-hardware	ieee_standards	130a86e38467d870	Cisco 5500 Series Wireless Controllers Data Sheet - Cisco	IEEE 802.11a, 802.11b, 802.11g, 802.11d, WMM/802.11e, 802.11h, 802.11k, 802.11n,
99047	L-LIC-CT55-LPE-K9=	wireless	license	non-hardware	programming_interfaces	130a86e38467d870	Cisco 5500 Series Wireless Controllers Data Sheet - Cisco	● Web-based: HTTP/HTTPS ● Command-line interface: Telnet, Secure Shell (SSH) Pro
99048	L-LIC-CT55-LPE-K9=	wireless	license	non-hardware	encryption	130a86e38467d870	Cisco 5500 Series Wireless Controllers Data Sheet - Cisco	● WEP and TKIP-MIC: RC4 40, 104 and 128 bits (both static and shared keys) ● AES
88622	DN3-HW-APL-XL-LIC	cloud-systems-management	license	(no axis)	emc_immunity	5725282b77cab858	Cisco Catalyst Center (Formerly Cisco DNA Center) Gen 3 Appliance Ordering Guide - Cisco	EN55024 CISPR24 EN300386 KN35
88623	DN3-HW-APL-XL-LIC	cloud-systems-management	license	(no axis)	emc_emissions	5725282b77cab858	Cisco Catalyst Center (Formerly Cisco DNA Center) Gen 3 Appliance Ordering Guide - Cisco	47CFR Part 15 (CFR 47) Class A AS/NZS CISPR32 Class A CISPR32 Class A EN55032 Cl
141543	IE4010-DNA-A-H-7Y	switches	license	non-hardware	qos_features	eb10389c7a6d377f	Cisco Industrial Ethernet 4010 Series Switches Data Sheet - Cisco	Ingress Policing, Rate-Limit, Egress Queueing/shaping, AutoQoS, Modular QoS CLI 
96358	IE4010-DNA-A-H-7Y	switches	license	non-hardware	mac_table	eb10389c7a6d377f	Cisco Industrial Ethernet 4010 Series Switches Data Sheet - Cisco	16,000
96359	IE4010-DNA-A-H-7Y	switches	license	non-hardware	vlan_max	eb10389c7a6d377f	Cisco Industrial Ethernet 4010 Series Switches Data Sheet - Cisco	1000
141580	IE3300-NW-A=	switches	license	non-hardware	qos_features	7b24beb93905621c	Cisco Catalyst IE3300 Rugged Series Data Sheet - Cisco	Ingress policing, rate limit, egress queuing and shaping, auto QoS
147451	IE3300-NW-A=	switches	license	non-hardware	shock	7b24beb93905621c	Cisco Catalyst IE3300 Rugged Series Data Sheet - Cisco	IEC 60068-2-27 (operational shock, 50G, 3ms, half sine) IEC 60068-2-27 (non-oper
204458	IE3300-NW-A=	switches	license	non-hardware	supported_protocols	7b24beb93905621c	Cisco Catalyst IE3300 Rugged Series Data Sheet - Cisco	IEEE 802.1Q, 802.1w,802.1ab,802.1s, 802.3ad standard, NTP, UDLD, CDP, LLDP, unic
199123	IE3300-NW-A=	switches	license	non-hardware	ieee_standards	7b24beb93905621c	Cisco Catalyst IE3300 Rugged Series Data Sheet - Cisco	IEEE 802.1D MAC Bridges, STP IEEE 802.1p Layer2 COS prioritization IEEE 802.1q V
96692	IE3300-NW-A=	switches	license	non-hardware	programming_interfaces	7b24beb93905621c	Cisco Catalyst IE3300 Rugged Series Data Sheet - Cisco	YANG, NETCONF, RESTCONF
96694	IE3300-NW-A=	switches	license	non-hardware	humidity_operating	7b24beb93905621c	Cisco Catalyst IE3300 Rugged Series Data Sheet - Cisco	Relative humidity of 5% to 95% non-condensing IEC 60068-2-78 IEC 60068-2-30
96698	IE3300-NW-A=	switches	license	non-hardware	temp_operating	7b24beb93905621c	Cisco Catalyst IE3300 Rugged Series Data Sheet - Cisco	Operating temperature: -40°C to +70°C (40 LFM vented enclosure) -40°C to +60°C (
96699	IE3300-NW-A=	switches	license	non-hardware	temp_storage	7b24beb93905621c	Cisco Catalyst IE3300 Rugged Series Data Sheet - Cisco	Temperature: -40°C to +85°C degrees Altitude: 15,000 feet IEC 60068-2-14
199394	IE3300-NW-A=	switches	license	non-hardware	rfc_compliance	7b24beb93905621c	Cisco Catalyst IE3300 Rugged Series Data Sheet - Cisco	RFC 768: UDP RFC 783: TFTP RFC 791: IPv4 protocol RFC 792: ICMP RFC 793: TCP RFC
147454	IE3300-NW-A=	switches	license	non-hardware	snmp_mibs	7b24beb93905621c	Cisco Catalyst IE3300 Rugged Series Data Sheet - Cisco	802.1X MIB CISCO-DHCP-SNOOPING-MIB CISCO-UDLDP-MIB CISCO-ENVMON-MIB CISCO-PRIVAT
207814	IE3300-NW-A=	switches	license	non-hardware	certifications	7b24beb93905621c	Cisco Catalyst IE3300 Rugged Series Data Sheet - Cisco	EN 61000-6-2 Industrial Immunity EN 61000-6-4 Industrial Emissions EN 61000-6-1 
141066	C9200L-DNX-A-24-3Y	switches	license	non-hardware	humidity_storage	de692de8d2c8f641	Cisco Catalyst 9200 Series Switches Data Sheet - Cisco	5% to 90% noncondensing
79484	C9200L-DNX-A-24-3Y	switches	license	non-hardware	temp_operating	de692de8d2c8f641	Cisco Catalyst 9200 Series Switches Data Sheet - Cisco	Normal operating temperature * and altitudes: ● -5°C to +45°C, up to 5000 feet (
79485	C9200L-DNX-A-24-3Y	switches	license	non-hardware	temp_storage	de692de8d2c8f641	Cisco Catalyst 9200 Series Switches Data Sheet - Cisco	-40° to 158°F (-40° to 70°C)
205724	C9200L-DNX-A-24-3Y	switches	license	non-hardware	certifications	de692de8d2c8f641	Cisco Catalyst 9200 Series Switches Data Sheet - Cisco	● 47 CFR Part 15 ● CISPR 32 Class A ● CNS 13438 ● EN 300 386 * ● EN 55032 Class 
141073	C9200-DNX-A-48-3Y	switches	license	non-hardware	humidity_storage	de692de8d2c8f641	Cisco Catalyst 9200 Series Switches Data Sheet - Cisco	5% to 90% noncondensing
79532	C9200-DNX-A-48-3Y	switches	license	non-hardware	temp_operating	de692de8d2c8f641	Cisco Catalyst 9200 Series Switches Data Sheet - Cisco	Normal operating temperature * and altitudes: ● -5°C to +45°C, up to 5000 feet (
79533	C9200-DNX-A-48-3Y	switches	license	non-hardware	temp_storage	de692de8d2c8f641	Cisco Catalyst 9200 Series Switches Data Sheet - Cisco	-40° to 158°F (-40° to 70°C)
205728	C9200-DNX-A-48-3Y	switches	license	non-hardware	certifications	de692de8d2c8f641	Cisco Catalyst 9200 Series Switches Data Sheet - Cisco	● 47 CFR Part 15 ● CISPR 32 Class A ● CNS 13438 ● EN 300 386 * ● EN 55032 Class 
141069	C9300L-DNA-A-24-7Y	switches	license	non-hardware	humidity_storage	638d72c59601332b	Cisco Catalyst 9300 Series Switches Data Sheet - Cisco	5% to 90% noncondensing
79502	C9300L-DNA-A-24-7Y	switches	license	non-hardware	temp_operating	638d72c59601332b	Cisco Catalyst 9300 Series Switches Data Sheet - Cisco	Normal operating temperature * and altitudes: -5°C to +45°C, up to 5000 feet (15
79503	C9300L-DNA-A-24-7Y	switches	license	non-hardware	temp_storage	638d72c59601332b	Cisco Catalyst 9300 Series Switches Data Sheet - Cisco	-40° to 158°F (-40° to 70°C)
198498	C9300L-DNA-A-24-7Y	switches	license	non-hardware	ieee_standards	638d72c59601332b	Cisco Catalyst 9300 Series Switches Data Sheet - Cisco	IEEE 802.1s IEEE 802.1w IEEE 802.1x IEEE 802.1x-Rev IEEE 802.3ad IEEE 802.3ae IE
196363	ESS3300-NW-A=	switches	license	non-hardware	rfc_compliance	3dd8aa025a0e7117	Cisco Embedded Services 3300 Series Data Sheet - Cisco	RFC 768: UDP RFC 783: TFTP RFC 791: IPv4 protocol RFC 792: ICMP RFC 793: TCP RFC
141464	ESS3300-NW-A=	switches	license	non-hardware	snmp_mibs	3dd8aa025a0e7117	Cisco Embedded Services 3300 Series Data Sheet - Cisco	BRIDGE-MIB CISCO-ACCESS-ENVMON-MIB CISCO-AUTH-FRAMEWORK-MIB CISCO-BRIDGE-EXT-MIB
204294	ESS3300-NW-A=	switches	license	non-hardware	supported_protocols	3dd8aa025a0e7117	Cisco Embedded Services 3300 Series Data Sheet - Cisco	Enables third-party integrators to offer rich enterprise-grade Layer 2 switching
144757	ESS3300-NW-A=	switches	license	non-hardware	temp_operating	3dd8aa025a0e7117	Cisco Embedded Services 3300 Series Data Sheet - Cisco	–40 to 85°C (–40 to 185°F) for conduction cooled SKUs as measured at the center 
144758	ESS3300-NW-A=	switches	license	non-hardware	temp_storage	3dd8aa025a0e7117	Cisco Embedded Services 3300 Series Data Sheet - Cisco	–40 to 85°C (–40 to 185°F)
91692	ESS3300-NW-A=	switches	license	non-hardware	programming_interfaces	3dd8aa025a0e7117	Cisco Embedded Services 3300 Series Data Sheet - Cisco	Facilitates easy deployment and rapid configuration with easy-to-use WEB UI and 
91694	ESS3300-NW-A=	switches	license	non-hardware	dram	3dd8aa025a0e7117	Cisco Embedded Services 3300 Series Data Sheet - Cisco	4 GB DDR4 DRAM 4 GB onboard eMMC flash storage
91695	ESS3300-NW-A=	switches	license	non-hardware	flash	3dd8aa025a0e7117	Cisco Embedded Services 3300 Series Data Sheet - Cisco	1.5 GB
91696	ESS3300-NW-A=	switches	license	non-hardware	jumbo_mtu	3dd8aa025a0e7117	Cisco Embedded Services 3300 Series Data Sheet - Cisco	8996 bytes
91702	ESS3300-NW-A=	switches	license	non-hardware	altitude_storage	3dd8aa025a0e7117	Cisco Embedded Services 3300 Series Data Sheet - Cisco	12,200m (40,000 ft)
130523	ESS3300-NW-A=	switches	license	non-hardware	mac_table	3dd8aa025a0e7117	Cisco Embedded Services 3300 Series Data Sheet - Cisco	16K
144759	ESS3300-NW-A=	switches	license	non-hardware	altitude_max	3dd8aa025a0e7117	Cisco Embedded Services 3300 Series Data Sheet - Cisco	4.572m (15,000 ft) 12,200m (40,000 ft) at 25C
198112	ESS3300-NW-A=	switches	license	non-hardware	ieee_standards	3dd8aa025a0e7117	Cisco Embedded Services 3300 Series Data Sheet - Cisco	IEEE 802.1D MAC Bridges, STP IEEE 802.1p Layer2 COS prioritization IEEE 802.1q V
196373	IE3100-DNA-E-M	switches	license	non-hardware	rfc_compliance	b27536663b823c7b	Cisco Catalyst IE3100 Rugged Series Data Sheet - Cisco	● RFC 768: User Datagram Protocol (UDP) ● RFC 783: Trivial File Transfer Protoco
141594	IE3100-DNA-E-M	switches	license	non-hardware	qos_features	b27536663b823c7b	Cisco Catalyst IE3100 Rugged Series Data Sheet - Cisco	802.1p, priority queuing, Modular QoS command-line interface (MQC), class-based 
141595	IE3100-DNA-E-M	switches	license	non-hardware	snmp_mibs	b27536663b823c7b	Cisco Catalyst IE3100 Rugged Series Data Sheet - Cisco	● BRIDGE-MIB ● CALISTA-DPA-MIB ● CISCO-ACCESS-ENVMON-MIB ● CISCO-ADMISSION-POLIC
198866	IE3100-DNA-E-M	switches	license	non-hardware	ieee_standards	b27536663b823c7b	Cisco Catalyst IE3100 Rugged Series Data Sheet - Cisco	● IEEE 802.1D MAC Bridges, STP ● IEEE 802.1p Layer2 COS prioritization ● IEEE 80
130636	IE3100-DNA-E-M	switches	license	non-hardware	temp_storage	b27536663b823c7b	Cisco Catalyst IE3100 Rugged Series Data Sheet - Cisco	Temperature: -40° to 85°C (-40° to 185°F) Altitude: 40,000 feet (12,192 m) IEC 6
96824	IE3100-DNA-E-M	switches	license	non-hardware	programming_interfaces	b27536663b823c7b	Cisco Catalyst IE3100 Rugged Series Data Sheet - Cisco	YANG, NETCONF, RESTCONF
96829	IE3100-DNA-E-M	switches	license	non-hardware	temp_operating	b27536663b823c7b	Cisco Catalyst IE3100 Rugged Series Data Sheet - Cisco	Operating temperature: -40° to 75°C (-40° to 167°F) (blower-equipped cabinet) -4
96830	IE3100-DNA-E-M	switches	license	non-hardware	shock	b27536663b823c7b	Cisco Catalyst IE3100 Rugged Series Data Sheet - Cisco	IEC 60068-2-27 (Operational Shock: 30G 11ms, half sine) IEC 60068-2-27 (Non-Oper
198868	IE3100-DNA-E-M-7Y	switches	license	non-hardware	ieee_standards	b27536663b823c7b	Cisco Catalyst IE3100 Rugged Series Data Sheet - Cisco	● IEEE 802.1D MAC Bridges, STP ● IEEE 802.1p Layer2 COS prioritization ● IEEE 80
141598	IE3100-DNA-E-M-7Y	switches	license	non-hardware	qos_features	b27536663b823c7b	Cisco Catalyst IE3100 Rugged Series Data Sheet - Cisco	802.1p, priority queuing, Modular QoS command-line interface (MQC), class-based 
141599	IE3100-DNA-E-M-7Y	switches	license	non-hardware	snmp_mibs	b27536663b823c7b	Cisco Catalyst IE3100 Rugged Series Data Sheet - Cisco	● BRIDGE-MIB ● CALISTA-DPA-MIB ● CISCO-ACCESS-ENVMON-MIB ● CISCO-ADMISSION-POLIC
130641	IE3100-DNA-E-M-7Y	switches	license	non-hardware	temp_storage	b27536663b823c7b	Cisco Catalyst IE3100 Rugged Series Data Sheet - Cisco	Temperature: -40° to 85°C (-40° to 185°F) Altitude: 40,000 feet (12,192 m) IEC 6
96842	IE3100-DNA-E-M-7Y	switches	license	non-hardware	programming_interfaces	b27536663b823c7b	Cisco Catalyst IE3100 Rugged Series Data Sheet - Cisco	YANG, NETCONF, RESTCONF
96847	IE3100-DNA-E-M-7Y	switches	license	non-hardware	temp_operating	b27536663b823c7b	Cisco Catalyst IE3100 Rugged Series Data Sheet - Cisco	Operating temperature: -40° to 75°C (-40° to 167°F) (blower-equipped cabinet) -4
96848	IE3100-DNA-E-M-7Y	switches	license	non-hardware	shock	b27536663b823c7b	Cisco Catalyst IE3100 Rugged Series Data Sheet - Cisco	IEC 60068-2-27 (Operational Shock: 30G 11ms, half sine) IEC 60068-2-27 (Non-Oper
196375	IE3100-DNA-E-M-7Y	switches	license	non-hardware	rfc_compliance	b27536663b823c7b	Cisco Catalyst IE3100 Rugged Series Data Sheet - Cisco	● RFC 768: User Datagram Protocol (UDP) ● RFC 783: Trivial File Transfer Protoco
141600	IE3400-DNA-A-7Y	switches	license	non-hardware	qos_features	2ea8fc17200677fa	Cisco Catalyst IE3400 Rugged Series Data Sheet - Cisco	Ingress policing, rate limit, egress queuing/shaping, auto QoS
96857	IE3400-DNA-A-7Y	switches	license	non-hardware	temp_operating	2ea8fc17200677fa	Cisco Catalyst IE3400 Rugged Series Data Sheet - Cisco	Operating temperature: -40°C to +70°C (40 LFM vented enclosure) -40°C to +60°C (
96858	IE3400-DNA-A-7Y	switches	license	non-hardware	temp_storage	2ea8fc17200677fa	Cisco Catalyst IE3400 Rugged Series Data Sheet - Cisco	Temperature: - 40°C to +85°C Altitude: 15,000 feet IEC 60068-2-14
96851	IE3400-DNA-A-7Y	switches	license	non-hardware	programming_interfaces	2ea8fc17200677fa	Cisco Catalyst IE3400 Rugged Series Data Sheet - Cisco	YANG, NETCONF, RESTCONF
96853	IE3400-DNA-A-7Y	switches	license	non-hardware	humidity_operating	2ea8fc17200677fa	Cisco Catalyst IE3400 Rugged Series Data Sheet - Cisco	Relative humidity of 5% to 95% non-condensing IEC 60068-2-78 IEC 60068-2-30
96859	IE3400-DNA-A-7Y	switches	license	non-hardware	shock	2ea8fc17200677fa	Cisco Catalyst IE3400 Rugged Series Data Sheet - Cisco	IEC 60068-2-27 (operational shock, 50G, 3ms, half sine) IEC 60068-2-27 (non-oper
196377	IE5000-DNA-E-H	switches	license	non-hardware	rfc_compliance	5101115dc17605ec	Cisco Industrial Ethernet 5000 Series Switches Data Sheet - Cisco	● RFC 768: UDP ● RFC 783: TFTP ● RFC 791: IPv4 protocol ● RFC 792: ICMP ● RFC 79
141639	IE5000-DNA-E-H	switches	license	non-hardware	snmp_mibs	5101115dc17605ec	Cisco Industrial Ethernet 5000 Series Switches Data Sheet - Cisco	● BRIDGE-MIB ● CALISTA-DPA-MIB ● CISCO-ACCESS-ENVMON-MIB ● CISCO-ADMISSION-POLIC
198236	IE5000-DNA-E-H	switches	license	non-hardware	ieee_standards	5101115dc17605ec	Cisco Industrial Ethernet 5000 Series Switches Data Sheet - Cisco	● IEEE 802.1D MAC Bridges, STP ● IEEE 802.1p Layer2 COS prioritization ● IEEE 80
97219	IE5000-DNA-E-H	switches	license	non-hardware	mac_table	5101115dc17605ec	Cisco Industrial Ethernet 5000 Series Switches Data Sheet - Cisco	16,000
97220	IE5000-DNA-E-H	switches	license	non-hardware	vlan_max	5101115dc17605ec	Cisco Industrial Ethernet 5000 Series Switches Data Sheet - Cisco	1,005
141930	N3K-32X-LIC	switches	license	non-hardware	qos_features	355d18c2e1cafc1d	Cisco Nexus 3172PQ, 3172TQ, 3172TQ-32T, 3172PQ-XL, and 3172TQ-XL Switches Data Sheet - Cis	● Layer 2 IEEE 802.1p (class of service [CoS]) ● 8 hardware queues per port ● Pe
204747	N3K-32X-LIC	switches	license	non-hardware	supported_protocols	355d18c2e1cafc1d	Cisco Nexus 3172PQ, 3172TQ, 3172TQ-32T, 3172PQ-XL, and 3172TQ-XL Switches Data Sheet - Cis	● Layer 2 switch ports and VLAN trunks ● IEEE 802.1Q VLAN encapsulation ● Suppor
147747	N3K-32X-LIC	switches	license	non-hardware	emc_emissions	e92d141b6babc75b	Cisco Nexus 3100-V Platform Switches Data Sheet - Cisco	● 47CFR Part 15 (CFR 47) Class A ● AS/NZS CISPR22 Class A ● CISPR22 Class A ● EN
147748	N3K-32X-LIC	switches	license	non-hardware	emc_immunity	e92d141b6babc75b	Cisco Nexus 3100-V Platform Switches Data Sheet - Cisco	● EN55024 ● CISPR24 ● EN300386 ● KN24
154611	N3K-32X-LIC	switches	license	non-hardware	snmp_mibs	e92d141b6babc75b	Cisco Nexus 3100-V Platform Switches Data Sheet - Cisco	Generic MIBs ● SNMPv2-SMI ● CISCO-SMI ● SNMPv2-TM ● SNMPv2-TC ● IANA-ADDRESS-FAM
147746	N3K-32X-LIC	switches	license	non-hardware	ieee_standards	e92d141b6babc75b	Cisco Nexus 3100-V Platform Switches Data Sheet - Cisco	● IEEE 802.1D: Spanning Tree Protocol ● IEEE 802.1p: CoS Prioritization ● IEEE 8
88524	DN3-HW-APL-L-LIC	cloud-systems-management	license	(no axis)	emc_immunity	5725282b77cab858	Cisco Catalyst Center (Formerly Cisco DNA Center) Gen 3 Appliance Ordering Guide - Cisco	EN55024 CISPR24 EN300386 KN35
88525	DN3-HW-APL-L-LIC	cloud-systems-management	license	(no axis)	emc_emissions	5725282b77cab858	Cisco Catalyst Center (Formerly Cisco DNA Center) Gen 3 Appliance Ordering Guide - Cisco	47CFR Part 15 (CFR 47) Class A AS/NZS CISPR32 Class A CISPR32 Class A EN55032 Cl
203966	A9K-1X100G-AIP-TR	routers	license	non-hardware	ieee_standards	3827d5679b12c2f5	Cisco ASR 9000 Series 1-Port 100 Gigabit Ethernet Line Cards Data Sheet - Cisco	● 100-Gbps IEEE 802.3ba compliant ● 100 Gigabit Ethernet PHY monitoring ● IEEE 8
140546	A9K-1X100G-AIP-TR	routers	license	non-hardware	humidity_storage	3827d5679b12c2f5	Cisco ASR 9000 Series 1-Port 100 Gigabit Ethernet Line Cards Data Sheet - Cisco	5 to 95% Note: Not to exceed 0.024 kg of water per kg of dry air
72488	A9K-1X100G-AIP-TR	routers	license	non-hardware	humidity_operating	3827d5679b12c2f5	Cisco ASR 9000 Series 1-Port 100 Gigabit Ethernet Line Cards Data Sheet - Cisco	10 to 85%
72491	A9K-1X100G-AIP-TR	routers	license	non-hardware	supported_protocols	3827d5679b12c2f5	Cisco ASR 9000 Series 1-Port 100 Gigabit Ethernet Line Cards Data Sheet - Cisco	NetFlow, IEEE 802.1ag, IEEE 802.3ah, ITU Y.1731, IP service-level agreement (IP 
152138	A9K-1X100G-AIP-TR	routers	license	non-hardware	temp_storage	3827d5679b12c2f5	Cisco ASR 9000 Series 1-Port 100 Gigabit Ethernet Line Cards Data Sheet - Cisco	–40 to 158ºF (–40 to 70ºC)
152140	A9K-1X100G-AIP-TR	routers	license	non-hardware	etsi_standards	3827d5679b12c2f5	Cisco ASR 9000 Series 1-Port 100 Gigabit Ethernet Line Cards Data Sheet - Cisco	Cisco ASR 9000 Series Routers are designed to meet: ● EN300 386: Telecommunicati
152139	A9K-1X100G-AIP-TR	routers	license	non-hardware	altitude_max	3827d5679b12c2f5	Cisco ASR 9000 Series 1-Port 100 Gigabit Ethernet Line Cards Data Sheet - Cisco	–60 to 4000m (up to 2000m conforms to IEC, EN, UL, and CSA 60950 requirements)
152137	A9K-1X100G-AIP-TR	routers	license	non-hardware	temp_operating	3827d5679b12c2f5	Cisco ASR 9000 Series 1-Port 100 Gigabit Ethernet Line Cards Data Sheet - Cisco	23 to 131ºF (–5 to 55ºC) Note: Short-term refers to a period of not more than 96
207423	A9K-1X100G-AIP-TR	routers	license	non-hardware	certifications	3827d5679b12c2f5	Cisco ASR 9000 Series 1-Port 100 Gigabit Ethernet Line Cards Data Sheet - Cisco	Cisco ASR 9000 Series Routers are designed to meet: ● SR-3580: NEBS Criteria Lev
99312	L-SL-29-UC-K9=	routers	license	non-hardware	dram	e539825af78bd0b5	Cisco Integrated Services Routers Generation 2 Ordering Guide - Cisco	None available; Fixed 512MB DRAM only
99313	L-SL-29-UC-K9=	routers	license	non-hardware	flash	e539825af78bd0b5	Cisco Integrated Services Routers Generation 2 Ordering Guide - Cisco	None available; Fixed internal 256MB eUSB Flash only
143115	XR-NC55-PK9-07.03	routers	software	non-hardware	qos_features	163e8998487b6873	Cisco Network Convergence System 5500 Series: 55A2 Chassis Data Sheet - Cisco	Hierarchical QoS Ingress classification based on Class of Service (L2), IP diffe
143116	XR-NC55-PK9-07.03	routers	software	non-hardware	humidity_storage	163e8998487b6873	Cisco Network Convergence System 5500 Series: 55A2 Chassis Data Sheet - Cisco	5% to 95% at 40C per NEBS GR-63-Core
152413	XR-NC55-PK9-07.03	routers	software	non-hardware	programming_interfaces	163e8998487b6873	Cisco Network Convergence System 5500 Series: 55A2 Chassis Data Sheet - Cisco	Zero-Touch Provisioning (ZTP), iPXE Configuration management Network Configurati
152414	XR-NC55-PK9-07.03	routers	software	non-hardware	temp_operating	163e8998487b6873	Cisco Network Convergence System 5500 Series: 55A2 Chassis Data Sheet - Cisco	Industrial Temperature –40C to +70C (1000 feet), +65C (6000 feet), +55C (13,000 
152417	XR-NC55-PK9-07.03	routers	software	non-hardware	emc_emissions	07ac5acc909a3e58	Cisco Network Convergence System 5500 Series Modular Chassis - Cisco	● 47CFR Part 15 (CFR 47) Class A ● AS/NZS CISPR22 Class A ● CISPR22 Class A ● EN
152416	XR-NC55-PK9-07.03	routers	software	non-hardware	emc_immunity	163e8998487b6873	Cisco Network Convergence System 5500 Series: 55A2 Chassis Data Sheet - Cisco	EN55024 CISPR24 EN300386 KN35 TCVN 7317 ; EN55024 CISPR24 EN300386 KN35 TCVN 731
131553	XR-NC55-PK9-07.03	routers	software	non-hardware	altitude_max	163e8998487b6873	Cisco Network Convergence System 5500 Series: 55A2 Chassis Data Sheet - Cisco	0 to 13,000 ft
128795	XR-NC55-PK9-07.03	routers	software	non-hardware	dram	163e8998487b6873	Cisco Network Convergence System 5500 Series: 55A2 Chassis Data Sheet - Cisco	32GB
128798	XR-NC55-PK9-07.03	routers	software	non-hardware	humidity_operating	163e8998487b6873	Cisco Network Convergence System 5500 Series: 55A2 Chassis Data Sheet - Cisco	5% to 95% (noncondensing)
128802	XR-NC55-PK9-07.03	routers	software	non-hardware	segment_routing_features	163e8998487b6873	Cisco Network Convergence System 5500 Series: 55A2 Chassis Data Sheet - Cisco	Segment routing–based transport ISIS extensions to segment routing OSPF extensio
205208	XR-NC55-PK9-07.03	routers	software	non-hardware	supported_protocols	163e8998487b6873	Cisco Network Convergence System 5500 Series: 55A2 Chassis Data Sheet - Cisco	Layer 2 switch ports IEEE 802.1Q VLAN encapsulation/Q-in-Q encapsulation IEEE 80
207467	XR-NC55-PK9-07.03	routers	software	non-hardware	certifications	163e8998487b6873	Cisco Network Convergence System 5500 Series: 55A2 Chassis Data Sheet - Cisco	GR-63-CORE GR-1089-CORE ; 47CFR Part 15 (CFR 47) Class A CISPR32 Class A EN55032
142034	NC5011-ADV-LIC	routers	license	non-hardware	qos_features	384d1a3d46bb2ee9	Cisco NCS 5011 Router Data Sheet - Cisco	● Classification can be based on class of service (L2), IP differentiated servic
204331	NC5011-ADV-LIC	routers	license	non-hardware	supported_protocols	384d1a3d46bb2ee9	Cisco NCS 5011 Router Data Sheet - Cisco	● Layer 2 switch ports and VLAN trunks ● IEEE 802.1Q VLAN encapsulation/Q-in-Q e
145060	NC5011-ADV-LIC	routers	license	non-hardware	programming_interfaces	384d1a3d46bb2ee9	Cisco NCS 5011 Router Data Sheet - Cisco	● Zero-touch provisioning (ZTP), iPXE ● Configuration management ● Network Confi
104497	NC5011-ADV-LIC	routers	license	non-hardware	segment_routing_features	384d1a3d46bb2ee9	Cisco NCS 5011 Router Data Sheet - Cisco	● Segment routing–based transport ● ISIS extensions to segment routing ● OSPF ex
152795	N6KUK9-707N1.1	switches	software	non-hardware	emc_emissions	d4f2edad9ed4f1eb	Cisco Nexus 5600 Platform 10-Gbps Switches Data Sheet - Cisco	● 47CFR Part 15 (CFR 47) Class A ● AS/NZS CISPR22 Class A ● CISPR22 Class A ● EN
152796	N6KUK9-707N1.1	switches	software	non-hardware	emc_immunity	d4f2edad9ed4f1eb	Cisco Nexus 5600 Platform 10-Gbps Switches Data Sheet - Cisco	● EN55024 ● CISPR24 ● EN300386 ● KN 61000-4 series
154592	N3K-ES-XF2	switches	license	non-hardware	snmp_mibs	ec3a09ac0abbd2f7	Cisco Nexus 3432D-S Switch Data Sheet - Cisco	Generic MIBs ● SNMPv2-SMI ● CISCO-SMI ● SNMPv2-TM ● SNMPv2-TC ● IANA-ADDRESS-FAM
204746	N3K-ES-XF2	switches	license	non-hardware	supported_protocols	ec3a09ac0abbd2f7	Cisco Nexus 3432D-S Switch Data Sheet - Cisco	● Layer 2 switch ports and VLAN trunks ● IEEE 802.1Q VLAN encapsulation ● Suppor
153664	N3K-ES-XF2	switches	license	non-hardware	emc_emissions	ec3a09ac0abbd2f7	Cisco Nexus 3432D-S Switch Data Sheet - Cisco	● 47CFR Part 15 (CFR 47) Class A ● AS/NZS CISPR22 Class A ● CISPR22 Class A ● EN
153665	N3K-ES-XF2	switches	license	non-hardware	emc_immunity	ec3a09ac0abbd2f7	Cisco Nexus 3432D-S Switch Data Sheet - Cisco	● EN55024 ● CISPR24 ● EN300386 ● KN24
153663	N3K-ES-XF2	switches	license	non-hardware	ieee_standards	ec3a09ac0abbd2f7	Cisco Nexus 3432D-S Switch Data Sheet - Cisco	● IEEE 802.1D: Spanning Tree Protocol ● IEEE 802.1p: CoS Prioritization ● IEEE 8
147733	N3K-STR1K9	switches	license	non-hardware	emc_emissions	dc3694c51d8de1a7	Cisco Nexus 34180YC and 3464C Programmable Switches Data Sheet - Cisco	● 47CFR Part 15 (CFR 47) Class A ● AS/NZS CISPR22 Class A ● CISPR22 Class A ● EN
147734	N3K-STR1K9	switches	license	non-hardware	emc_immunity	dc3694c51d8de1a7	Cisco Nexus 34180YC and 3464C Programmable Switches Data Sheet - Cisco	● EN55024 ● CISPR24 ● EN300386 ● KN 61000-4 series
102422	N3K-STR1K9	switches	license	non-hardware	temp_operating	dc3694c51d8de1a7	Cisco Nexus 34180YC and 3464C Programmable Switches Data Sheet - Cisco	32 to 104°F (0 to 40°C)
102423	N3K-STR1K9	switches	license	non-hardware	humidity_operating	dc3694c51d8de1a7	Cisco Nexus 34180YC and 3464C Programmable Switches Data Sheet - Cisco	5 to 95% (noncondensing)
102424	N3K-STR1K9	switches	license	non-hardware	altitude_max	dc3694c51d8de1a7	Cisco Nexus 34180YC and 3464C Programmable Switches Data Sheet - Cisco	Up to 13,123 ft.
102427	N3K-STR1K9	switches	license	non-hardware	altitude_storage	dc3694c51d8de1a7	Cisco Nexus 34180YC and 3464C Programmable Switches Data Sheet - Cisco	Up to 16,000 ft.
115559	S45XUK9-34-1512SG	switches	software	non-hardware	jumbo_mtu	bc0a2b219bf6a190	Cisco Catalyst 4500-X Series Fixed 10 Gigabit Ethernet Aggregation Switch Data Sheet - Cis	Up to 9216 bytes
207381	S45XUK9-34-1512SG	switches	software	non-hardware	certifications	bc0a2b219bf6a190	Cisco Catalyst 4500-X Series Fixed 10 Gigabit Ethernet Aggregation Switch Data Sheet - Cis	UL 60950-1 Second Edition CAN/CSA-C22.2 No. 60950-1 Second Edition EN 60950-1 Se
203880	S-A9K-NVSAT20-LIC	routers	license	non-hardware	ieee_standards	2b56b0b7c4e8c61a	Cisco ASR 9903 Compact High-Performance Router Data Sheet - Cisco	● 10 Gbps IEEE 802.3ae compliant ● 40/100-Gbps IEEE 802.3ba compliant ● 100 Giga
142597	S-A9K-NVSAT20-LIC	routers	license	non-hardware	humidity_storage	2b56b0b7c4e8c61a	Cisco ASR 9903 Compact High-Performance Router Data Sheet - Cisco	5 to 95% Note: Not to exceed 0.024 kg of water per kg of dry air
145507	S-A9K-NVSAT20-LIC	routers	license	non-hardware	altitude_max	2b56b0b7c4e8c61a	Cisco ASR 9903 Compact High-Performance Router Data Sheet - Cisco	–60 to 1800 m
114497	S-A9K-NVSAT20-LIC	routers	license	non-hardware	supported_protocols	2b56b0b7c4e8c61a	Cisco ASR 9903 Compact High-Performance Router Data Sheet - Cisco	NetFlow, IEEE 802.1ag, IEEE 802.3ah, ITU Y.1731, IP Service-Level Agreement (IP 
114494	S-A9K-NVSAT20-LIC	routers	license	non-hardware	temp_storage	b8b4ec84e4a93e32	Cisco ASR 9901 Router Data Sheet - Cisco	-40 to 158°F (-40 to 70°C)
114496	S-A9K-NVSAT20-LIC	routers	license	non-hardware	temp_operating	2b56b0b7c4e8c61a	Cisco ASR 9903 Compact High-Performance Router Data Sheet - Cisco	41 to 104°F (5 to 40°C) Note: Limitations may apply when using high-power optics
114492	S-A9K-NVSAT20-LIC	routers	license	non-hardware	humidity_operating	b8b4ec84e4a93e32	Cisco ASR 9901 Router Data Sheet - Cisco	10 to 85%
206571	S-A9K-NVSAT20-LIC	routers	license	non-hardware	certifications	b8b4ec84e4a93e32	Cisco ASR 9901 Router Data Sheet - Cisco	Cisco ASR 9901 is designed to meet: ● SR-3580: NEBS Criteria Levels (Level 3) ● 
72880	A9K-800G-CGN-LIC	routers	license	non-hardware	temp_operating	76ee894fc554be6b	Cisco ASR 9000 Series 4-Port and 8-Port 100 Gigabit Ethernet Line Cards Data Sheet - Cisco	41 to 104°F (5 to 40°C)
72881	A9K-800G-CGN-LIC	routers	license	non-hardware	humidity_operating	76ee894fc554be6b	Cisco ASR 9000 Series 4-Port and 8-Port 100 Gigabit Ethernet Line Cards Data Sheet - Cisco	10 to 85%
140597	A9K-800G-CGN-LIC	routers	license	non-hardware	humidity_storage	76ee894fc554be6b	Cisco ASR 9000 Series 4-Port and 8-Port 100 Gigabit Ethernet Line Cards Data Sheet - Cisco	5 to 95% Note: Not to exceed 0.024 kg of water per kg of dry air
130769	A9K-800G-CGN-LIC	routers	license	non-hardware	altitude_max	b2bda04df1c5ea67	Cisco ASR 9900 Series 8-Port 100 Gigabit Ethernet Line Cards with 7-Fabric Support Data Sh	-60 to 4000 m (up to 2000 m conforms to IEC, EN, UL, and CSA 60950 requirements)
150250	A9K-800G-CGN-LIC	routers	license	non-hardware	temp_storage	76ee894fc554be6b	Cisco ASR 9000 Series 4-Port and 8-Port 100 Gigabit Ethernet Line Cards Data Sheet - Cisco	–40 to 158°F (–40 to 70°C)
72885	A9K-800G-CGN-LIC	routers	license	non-hardware	supported_protocols	76ee894fc554be6b	Cisco ASR 9000 Series 4-Port and 8-Port 100 Gigabit Ethernet Line Cards Data Sheet - Cisco	NetFlow, IEEE 802.1ag, IEEE 802.3ah, ITU Y.1731, IP service-level agreement (IP 
150251	A9K-800G-CGN-LIC	routers	license	non-hardware	etsi_standards	76ee894fc554be6b	Cisco ASR 9000 Series 4-Port and 8-Port 100 Gigabit Ethernet Line Cards Data Sheet - Cisco	Cisco ASR 9000 Series Routers are designed to meet: ● EN300 386: Telecommunicati
204068	A9K-800G-CGN-LIC	routers	license	non-hardware	ieee_standards	76ee894fc554be6b	Cisco ASR 9000 Series 4-Port and 8-Port 100 Gigabit Ethernet Line Cards Data Sheet - Cisco	● 100-Gbps IEEE 802.3ba compliant ● 100 Gigabit Ethernet PHY monitoring ● IEEE 8
207096	A9K-800G-CGN-LIC	routers	license	non-hardware	certifications	76ee894fc554be6b	Cisco ASR 9000 Series 4-Port and 8-Port 100 Gigabit Ethernet Line Cards Data Sheet - Cisco	Cisco ASR 9000 Series Routers are designed to meet: ● FCC Class A ● ICES 003 Cla
208052	SL-810-ADVSEC-NPE	routers	license	non-hardware	supported_protocols	f3c2e4e7292410f4	Cisco 819 Non-Hardened 4G LTE 2.0 Machine-to-Machine Integrated Services Routers with Wi-F	● IPv6 addressing architecture ● IPv6 name resolution ● IPv6 statistics ● IPv6 t
118286	SL-810-ADVSEC-NPE	routers	license	non-hardware	altitude_max	eeedf4783e30b825	Cisco 819 Integrated Services Routers with 3G and Wi-Fi Data Sheet - Cisco	Above 5000 ft derate maximum operating temperature 1.50C per 1000 feet Maximum a
118285	SL-810-ADVSEC-NPE	routers	license	non-hardware	humidity_operating	561c0f07d63e8571	Cisco 812 CiFi Integrated Services Routers (3G-3.7G Cellular and Wi-Fi) Data Sheet - Cisco	Maximum 85% non-condensing RH
118281	SL-810-ADVSEC-NPE	routers	license	non-hardware	dram	f3c2e4e7292410f4	Cisco 819 Non-Hardened 4G LTE 2.0 Machine-to-Machine Integrated Services Routers with Wi-F	1 GB
118282	SL-810-ADVSEC-NPE	routers	license	non-hardware	flash	f3c2e4e7292410f4	Cisco 819 Non-Hardened 4G LTE 2.0 Machine-to-Machine Integrated Services Routers with Wi-F	1 GB
118289	SL-810-ADVSEC-NPE	routers	license	non-hardware	emc_emissions	f3c2e4e7292410f4	Cisco 819 Non-Hardened 4G LTE 2.0 Machine-to-Machine Integrated Services Routers with Wi-F	EN55022/CISPR22, CFR 47 Part 15, ICES003, VCCI-V-3, AS/NZS CISPR22, CNS13438, EN
118284	SL-810-ADVSEC-NPE	routers	license	non-hardware	emc_immunity	f3c2e4e7292410f4	Cisco 819 Non-Hardened 4G LTE 2.0 Machine-to-Machine Integrated Services Routers with Wi-F	EN55024/CISPR24, (EN61000-4-2, EN61000-4-3, EN61000-4-4, EN61000-4-5, EN61000-4-
208056	SL-810-AIS-NPE	routers	license	non-hardware	supported_protocols	f3c2e4e7292410f4	Cisco 819 Non-Hardened 4G LTE 2.0 Machine-to-Machine Integrated Services Routers with Wi-F	● IPv6 addressing architecture ● IPv6 name resolution ● IPv6 statistics ● IPv6 t
118410	SL-810-AIS-NPE	routers	license	non-hardware	humidity_operating	561c0f07d63e8571	Cisco 812 CiFi Integrated Services Routers (3G-3.7G Cellular and Wi-Fi) Data Sheet - Cisco	Maximum 85% non-condensing RH
118411	SL-810-AIS-NPE	routers	license	non-hardware	altitude_max	eeedf4783e30b825	Cisco 819 Integrated Services Routers with 3G and Wi-Fi Data Sheet - Cisco	Above 5000 ft derate maximum operating temperature 1.50C per 1000 feet Maximum a
118406	SL-810-AIS-NPE	routers	license	non-hardware	dram	f3c2e4e7292410f4	Cisco 819 Non-Hardened 4G LTE 2.0 Machine-to-Machine Integrated Services Routers with Wi-F	1 GB
118407	SL-810-AIS-NPE	routers	license	non-hardware	flash	f3c2e4e7292410f4	Cisco 819 Non-Hardened 4G LTE 2.0 Machine-to-Machine Integrated Services Routers with Wi-F	1 GB
118414	SL-810-AIS-NPE	routers	license	non-hardware	emc_emissions	f3c2e4e7292410f4	Cisco 819 Non-Hardened 4G LTE 2.0 Machine-to-Machine Integrated Services Routers with Wi-F	EN55022/CISPR22, CFR 47 Part 15, ICES003, VCCI-V-3, AS/NZS CISPR22, CNS13438, EN
118409	SL-810-AIS-NPE	routers	license	non-hardware	emc_immunity	f3c2e4e7292410f4	Cisco 819 Non-Hardened 4G LTE 2.0 Machine-to-Machine Integrated Services Routers with Wi-F	EN55024/CISPR24, (EN61000-4-2, EN61000-4-3, EN61000-4-4, EN61000-4-5, EN61000-4-
115607	S39UK9-15014M	routers	software	non-hardware	dram	e539825af78bd0b5	Cisco Integrated Services Routers Generation 2 Ordering Guide - Cisco	None available; Fixed 512MB DRAM only
115608	S39UK9-15014M	routers	software	non-hardware	flash	e539825af78bd0b5	Cisco Integrated Services Routers Generation 2 Ordering Guide - Cisco	None available; Fixed internal 256MB eUSB Flash only
140967	C9200L-DNX-E-48-7Y	switches	license	non-hardware	humidity_storage	de692de8d2c8f641	Cisco Catalyst 9200 Series Switches Data Sheet - Cisco	5% to 90% noncondensing
78883	C9200L-DNX-E-48-7Y	switches	license	non-hardware	temp_operating	de692de8d2c8f641	Cisco Catalyst 9200 Series Switches Data Sheet - Cisco	Normal operating temperature * and altitudes: ● -5°C to +45°C, up to 5000 feet (
78884	C9200L-DNX-E-48-7Y	switches	license	non-hardware	temp_storage	de692de8d2c8f641	Cisco Catalyst 9200 Series Switches Data Sheet - Cisco	-40° to 158°F (-40° to 70°C)
205674	C9200L-DNX-E-48-7Y	switches	license	non-hardware	certifications	de692de8d2c8f641	Cisco Catalyst 9200 Series Switches Data Sheet - Cisco	● 47 CFR Part 15 ● CISPR 32 Class A ● CNS 13438 ● EN 300 386 * ● EN 55032 Class 
141445	ESS2-100G-SIA-3	ios-nx-os-software	license	(no axis)	humidity_storage	2362772905997ea1	Cisco Network Convergence System 5700 Series: NCS-57C1 Fixed Chassis Data Sheet - Cisco	5% to 95% at 40C per NEBS GR-63-Core
91468	ESS2-100G-SIA-3	ios-nx-os-software	license	(no axis)	programming_interfaces	2362772905997ea1	Cisco Network Convergence System 5700 Series: NCS-57C1 Fixed Chassis Data Sheet - Cisco	● Zero-Touch Provisioning (ZTP), iPXE ● Configuration management ● Network Confi
91469	ESS2-100G-SIA-3	ios-nx-os-software	license	(no axis)	humidity_operating	2362772905997ea1	Cisco Network Convergence System 5700 Series: NCS-57C1 Fixed Chassis Data Sheet - Cisco	Normal: 5% RH to 85% RH Short term: 5% to 95% RH Should not exceed 0.026 kg wate
91472	ESS2-100G-SIA-3	ios-nx-os-software	license	(no axis)	emc_emissions	07ac5acc909a3e58	Cisco Network Convergence System 5500 Series Modular Chassis - Cisco	● 47CFR Part 15 (CFR 47) Class A ● AS/NZS CISPR22 Class A ● CISPR22 Class A ● EN
91473	ESS2-100G-SIA-3	ios-nx-os-software	license	(no axis)	segment_routing_features	2362772905997ea1	Cisco Network Convergence System 5700 Series: NCS-57C1 Fixed Chassis Data Sheet - Cisco	● Segment routing–based transport ● ISIS extensions to segment routing ● OSPF ex
130421	ESS2-100G-SIA-3	ios-nx-os-software	license	(no axis)	altitude_max	2362772905997ea1	Cisco Network Convergence System 5700 Series: NCS-57C1 Fixed Chassis Data Sheet - Cisco	0 to 9842 ft (0 to 3000 m)
73571	ADV-ED-100G-SIA5	routers	license	non-hardware	humidity_operating	b8b4ec84e4a93e32	Cisco ASR 9901 Router Data Sheet - Cisco	10 to 85%
98850	L-FP3900-TAC-1Y	routers	license	non-hardware	dram	e539825af78bd0b5	Cisco Integrated Services Routers Generation 2 Ordering Guide - Cisco	None available; Fixed 512MB DRAM only
98851	L-FP3900-TAC-1Y	routers	license	non-hardware	flash	e539825af78bd0b5	Cisco Integrated Services Routers Generation 2 Ordering Guide - Cisco	None available; Fixed internal 256MB eUSB Flash only
141690	IE4010-DNA-E-H-3Y	switches	license	non-hardware	qos_features	eb10389c7a6d377f	Cisco Industrial Ethernet 4010 Series Switches Data Sheet - Cisco	Ingress Policing, Rate-Limit, Egress Queueing/shaping, AutoQoS, Modular QoS CLI 
97730	IE4010-DNA-E-H-3Y	switches	license	non-hardware	mac_table	eb10389c7a6d377f	Cisco Industrial Ethernet 4010 Series Switches Data Sheet - Cisco	16,000
97731	IE4010-DNA-E-H-3Y	switches	license	non-hardware	vlan_max	eb10389c7a6d377f	Cisco Industrial Ethernet 4010 Series Switches Data Sheet - Cisco	1000
98868	L-FP3945E-TAM-1Y	routers	license	non-hardware	dram	e539825af78bd0b5	Cisco Integrated Services Routers Generation 2 Ordering Guide - Cisco	None available; Fixed 512MB DRAM only
98869	L-FP3945E-TAM-1Y	routers	license	non-hardware	flash	e539825af78bd0b5	Cisco Integrated Services Routers Generation 2 Ordering Guide - Cisco	None available; Fixed internal 256MB eUSB Flash only
203763	A9K-4T16GE-AIP-SE	routers	license	non-hardware	ieee_standards	af64a934603f2213	Cisco ASR 9000 Series 40 and 56 Gigabit Ethernet Line Cards Data Sheet - Cisco	● 1- and 10-Gbps IEEE 802.3 compliant ● 1 and 10 Gigabit Ethernet PHY monitoring
72862	A9K-4T16GE-AIP-SE	routers	license	non-hardware	temp_storage	af64a934603f2213	Cisco ASR 9000 Series 40 and 56 Gigabit Ethernet Line Cards Data Sheet - Cisco	-40 to 158ºF (-40 to 70ºC)
145732	A9K-4T16GE-AIP-SE	routers	license	non-hardware	etsi_standards	af64a934603f2213	Cisco ASR 9000 Series 40 and 56 Gigabit Ethernet Line Cards Data Sheet - Cisco	Cisco ASR 9000 Series Routers are designed to meet: ● EN300 386: Telecommunicati
145731	A9K-4T16GE-AIP-SE	routers	license	non-hardware	temp_operating	af64a934603f2213	Cisco ASR 9000 Series 40 and 56 Gigabit Ethernet Line Cards Data Sheet - Cisco	23 to 131ºF (-5 to 55ºC)
130682	A9K-4T16GE-AIP-SE	routers	license	non-hardware	altitude_max	af64a934603f2213	Cisco ASR 9000 Series 40 and 56 Gigabit Ethernet Line Cards Data Sheet - Cisco	-60 to 4000m (up to 2000m conforms to IEC, EN, UL, and CSA 60950 requirements)
207786	A9K-4T16GE-AIP-SE	routers	license	non-hardware	certifications	af64a934603f2213	Cisco ASR 9000 Series 40 and 56 Gigabit Ethernet Line Cards Data Sheet - Cisco	Cisco ASR 9000 Series Routers are designed to meet: ● SR-3580: NEBS Criteria Lev
98836	L-FP3945E-TA-1Y	routers	license	non-hardware	dram	e539825af78bd0b5	Cisco Integrated Services Routers Generation 2 Ordering Guide - Cisco	None available; Fixed 512MB DRAM only
98837	L-FP3945E-TA-1Y	routers	license	non-hardware	flash	e539825af78bd0b5	Cisco Integrated Services Routers Generation 2 Ordering Guide - Cisco	None available; Fixed internal 256MB eUSB Flash only
196842	L-LIC-CT8500-UPG	wireless	license	non-hardware	ieee_standards	68b62e5c1a803d3c	Cisco 8500 Series Wireless Controllers Data Sheet - Cisco	IEEE 802.11a, 802.11b, 802.11g, 802.11d, WMM/802.11e, 802.11h, 802.11n , 802.11k
99014	L-LIC-CT8500-UPG	wireless	license	non-hardware	programming_interfaces	68b62e5c1a803d3c	Cisco 8500 Series Wireless Controllers Data Sheet - Cisco	● Web-based: HTTP/HTTPS ● Command-line interface: Telnet, Secure Shell (SSH) Pro
99015	L-LIC-CT8500-UPG	wireless	license	non-hardware	encryption	68b62e5c1a803d3c	Cisco 8500 Series Wireless Controllers Data Sheet - Cisco	● Wired Equivalent Privacy (WEP) and Temporal Key Integrity Protocol-Message Int
197435	L-LIC-CT8500-UPG	wireless	license	non-hardware	supported_protocols	68b62e5c1a803d3c	Cisco 8500 Series Wireless Controllers Data Sheet - Cisco	● IEEE 802.1X ● RFC 2548 Microsoft Vendor-Specific RADIUS Attributes ● RFC 2716 
98877	L-IE2000-B-E=	switches	license	non-hardware	programming_interfaces	7be5a7c2ffcf5234	Cisco Industrial Ethernet 2000 Series Switches Data Sheet - Cisco	Cisco Network Plug-and-Play application
98879	L-IE2000-B-E=	switches	license	non-hardware	emc_emissions	7be5a7c2ffcf5234	Cisco Industrial Ethernet 2000 Series Switches Data Sheet - Cisco	● FCC 47 CFR Part 15 Class A ● EN 55022A Class A ● VCCI Class A ● RoHS complianc
98880	L-IE2000-B-E=	switches	license	non-hardware	temp_operating	7be5a7c2ffcf5234	Cisco Industrial Ethernet 2000 Series Switches Data Sheet - Cisco	● -40C to +70C (vented enclosure - 40 LFM Air Flow) ● -40C to +60C (sealed enclo
98881	L-IE2000-B-E=	switches	license	non-hardware	temp_storage	7be5a7c2ffcf5234	Cisco Industrial Ethernet 2000 Series Switches Data Sheet - Cisco	● -40 C to +85 C (storage temperature) ● IEC 60068-2-14 ● Storage altitude: Up t
98884	L-IE2000-B-E=	switches	license	non-hardware	shock	7be5a7c2ffcf5234	Cisco Industrial Ethernet 2000 Series Switches Data Sheet - Cisco	● IEC 60068-2-27 (Operational Shock: 30G 11ms, half sine) ● IEC 60068-2-27 (Non-
140591	A9K-24P10G-AIP-TR	routers	license	non-hardware	humidity_storage	3eb3330b2b6be911	Cisco ASR 9000 Series 24-Port and 48-Port Dual-Rate 10GE/1GE Line Card Data Sheet - Cisco	5 to 95% Note: Not to exceed 0.024 kg of water per kg of dry air
72837	A9K-24P10G-AIP-TR	routers	license	non-hardware	temp_operating	3eb3330b2b6be911	Cisco ASR 9000 Series 24-Port and 48-Port Dual-Rate 10GE/1GE Line Card Data Sheet - Cisco	41 to 104°F (5 to 40°C)
72838	A9K-24P10G-AIP-TR	routers	license	non-hardware	humidity_operating	3eb3330b2b6be911	Cisco ASR 9000 Series 24-Port and 48-Port Dual-Rate 10GE/1GE Line Card Data Sheet - Cisco	10 to 85%
72842	A9K-24P10G-AIP-TR	routers	license	non-hardware	supported_protocols	3eb3330b2b6be911	Cisco ASR 9000 Series 24-Port and 48-Port Dual-Rate 10GE/1GE Line Card Data Sheet - Cisco	NetFlow, IEEE 802.1ag, IEEE 802.3ah, ITU Y.1731, IP Service-Level Agreement (IP 
152049	A9K-24P10G-AIP-TR	routers	license	non-hardware	temp_storage	3eb3330b2b6be911	Cisco ASR 9000 Series 24-Port and 48-Port Dual-Rate 10GE/1GE Line Card Data Sheet - Cisco	–40 to 158°F (–40 to 70°C)
152050	A9K-24P10G-AIP-TR	routers	license	non-hardware	altitude_max	3eb3330b2b6be911	Cisco ASR 9000 Series 24-Port and 48-Port Dual-Rate 10GE/1GE Line Card Data Sheet - Cisco	–60 to 4000 m (up to 2000 m conforms to IEC, EN, UL, and CSA 60950 requirements)
152051	A9K-24P10G-AIP-TR	routers	license	non-hardware	etsi_standards	3eb3330b2b6be911	Cisco ASR 9000 Series 24-Port and 48-Port Dual-Rate 10GE/1GE Line Card Data Sheet - Cisco	Cisco ASR 9000 Series Routers are designed to meet: ● EN300 386: Telecommunicati
203974	A9K-24P10G-AIP-TR	routers	license	non-hardware	ieee_standards	3eb3330b2b6be911	Cisco ASR 9000 Series 24-Port and 48-Port Dual-Rate 10GE/1GE Line Card Data Sheet - Cisco	● 10-Gbps IEEE 802.3ba compliant ● 10 Gigabit Ethernet PHY monitoring ● IEEE 802
207406	A9K-24P10G-AIP-TR	routers	license	non-hardware	certifications	3eb3330b2b6be911	Cisco ASR 9000 Series 24-Port and 48-Port Dual-Rate 10GE/1GE Line Card Data Sheet - Cisco	Cisco ASR 9000 Series Routers are designed to meet: ● FCC Class A ● ICES 003 Cla
203979	A9K-48P10G-AIP-TR	routers	license	non-hardware	ieee_standards	3eb3330b2b6be911	Cisco ASR 9000 Series 24-Port and 48-Port Dual-Rate 10GE/1GE Line Card Data Sheet - Cisco	● 10-Gbps IEEE 802.3ba compliant ● 10 Gigabit Ethernet PHY monitoring ● IEEE 802
73030	A9K-48P10G-AIP-TR	routers	license	non-hardware	supported_protocols	3eb3330b2b6be911	Cisco ASR 9000 Series 24-Port and 48-Port Dual-Rate 10GE/1GE Line Card Data Sheet - Cisco	NetFlow, IEEE 802.1ag, IEEE 802.3ah, ITU Y.1731, IP Service-Level Agreement (IP 
140613	A9K-48P10G-AIP-TR	routers	license	non-hardware	humidity_storage	3eb3330b2b6be911	Cisco ASR 9000 Series 24-Port and 48-Port Dual-Rate 10GE/1GE Line Card Data Sheet - Cisco	5 to 95% Note: Not to exceed 0.024 kg of water per kg of dry air
73025	A9K-48P10G-AIP-TR	routers	license	non-hardware	temp_operating	3eb3330b2b6be911	Cisco ASR 9000 Series 24-Port and 48-Port Dual-Rate 10GE/1GE Line Card Data Sheet - Cisco	41 to 104°F (5 to 40°C)
73026	A9K-48P10G-AIP-TR	routers	license	non-hardware	humidity_operating	3eb3330b2b6be911	Cisco ASR 9000 Series 24-Port and 48-Port Dual-Rate 10GE/1GE Line Card Data Sheet - Cisco	10 to 85%
152074	A9K-48P10G-AIP-TR	routers	license	non-hardware	temp_storage	3eb3330b2b6be911	Cisco ASR 9000 Series 24-Port and 48-Port Dual-Rate 10GE/1GE Line Card Data Sheet - Cisco	–40 to 158°F (–40 to 70°C)
152076	A9K-48P10G-AIP-TR	routers	license	non-hardware	etsi_standards	3eb3330b2b6be911	Cisco ASR 9000 Series 24-Port and 48-Port Dual-Rate 10GE/1GE Line Card Data Sheet - Cisco	Cisco ASR 9000 Series Routers are designed to meet: ● EN300 386: Telecommunicati
152075	A9K-48P10G-AIP-TR	routers	license	non-hardware	altitude_max	3eb3330b2b6be911	Cisco ASR 9000 Series 24-Port and 48-Port Dual-Rate 10GE/1GE Line Card Data Sheet - Cisco	–60 to 4000 m (up to 2000 m conforms to IEC, EN, UL, and CSA 60950 requirements)
207411	A9K-48P10G-AIP-TR	routers	license	non-hardware	certifications	3eb3330b2b6be911	Cisco ASR 9000 Series 24-Port and 48-Port Dual-Rate 10GE/1GE Line Card Data Sheet - Cisco	Cisco ASR 9000 Series Routers are designed to meet: ● FCC Class A ● ICES 003 Cla
205860	CP-BPSK	optical-networking	non_product	non-hardware	certifications	6a25925c2b12b1e1	Cisco NCS 2000 200-Gbps Multirate DWDM Line Card Data Sheet - Cisco	● ETS 300-019-2-1 V2.1.2 (Storage, Class 1.1) ● ETS 300-019-2-2 V2.1.2 (1999-09)
141019	C9200CX-LIC=	switches	license	non-hardware	humidity_storage	de692de8d2c8f641	Cisco Catalyst 9200 Series Switches Data Sheet - Cisco	5% to 90% noncondensing
79203	C9200CX-LIC=	switches	license	non-hardware	temp_operating	de692de8d2c8f641	Cisco Catalyst 9200 Series Switches Data Sheet - Cisco	Normal operating temperature * and altitudes: ● -5°C to +45°C, up to 5000 feet (
79204	C9200CX-LIC=	switches	license	non-hardware	temp_storage	de692de8d2c8f641	Cisco Catalyst 9200 Series Switches Data Sheet - Cisco	-40° to 158°F (-40° to 70°C)
147038	C9200CX-LIC=	switches	license	non-hardware	certifications	de692de8d2c8f641	Cisco Catalyst 9200 Series Switches Data Sheet - Cisco	● 47 CFR Part 15 ● CISPR 32 Class A ● CNS 13438 ● EN 300 386 * ● EN 55032 Class 
147037	C9200CX-LIC=	switches	license	non-hardware	ieee_standards	de692de8d2c8f641	Cisco Catalyst 9200 Series Switches Data Sheet - Cisco	EEE 802.1s ; RMON I and II standards ; IEEE 802.1w ; SNMPv1, v2c, and v3 ; IEEE 
158392	C9200CX-LIC=	switches	license	non-hardware	altitude_max	de692de8d2c8f641	Cisco Catalyst 9200 Series Switches Data Sheet - Cisco	10,000 ft. (3000 meters), up to 45°C
141184	C9600-DNA-A	switches	license	non-hardware	humidity_storage	0a941374bbe508f6	Cisco Catalyst 9600 Series Switches Data Sheet - Cisco	10% to 95%, Non-condensing
130353	C9600-DNA-A	switches	license	non-hardware	altitude_max	35296d62eb0a83b6	Cisco Catalyst 9600 Series Switches Data Sheet - Cisco	-60 to 3000 meter (-197 to 9843 feet)
80354	C9600-DNA-A	switches	license	non-hardware	humidity_operating	0a941374bbe508f6	Cisco Catalyst 9600 Series Switches Data Sheet - Cisco	10% to 95%, noncondensing
199051	C9600-DNA-A	switches	license	non-hardware	ieee_standards	0a941374bbe508f6	Cisco Catalyst 9600 Series Switches Data Sheet - Cisco	Gigabit Ethernet: IEEE 802.3z, IEEE 802.3x, IEEE 802.3ab
113294	QDD-2Q200-CUxM	transceiver	non_product	non-hardware	temp_storage	da3cfbb69aa6bc9f	Cisco 400G QSFP-DD Cable and Transceiver Modules Data Sheet - Cisco	-40 to 85°C
141083	C9300-DNX-A-48S-3Y	switches	license	non-hardware	humidity_storage	638d72c59601332b	Cisco Catalyst 9300 Series Switches Data Sheet - Cisco	5% to 90% noncondensing
79593	C9300-DNX-A-48S-3Y	switches	license	non-hardware	temp_operating	638d72c59601332b	Cisco Catalyst 9300 Series Switches Data Sheet - Cisco	Normal operating temperature * and altitudes: -5°C to +45°C, up to 5000 feet (15
79594	C9300-DNX-A-48S-3Y	switches	license	non-hardware	temp_storage	638d72c59601332b	Cisco Catalyst 9300 Series Switches Data Sheet - Cisco	-40° to 158°F (-40° to 70°C)
198502	C9300-DNX-A-48S-3Y	switches	license	non-hardware	ieee_standards	638d72c59601332b	Cisco Catalyst 9300 Series Switches Data Sheet - Cisco	IEEE 802.1s IEEE 802.1w IEEE 802.1x IEEE 802.1x-Rev IEEE 802.3ad IEEE 802.3ae IE
