fact_id	part_id	sku	field_key	state	inherited_from	value	raw
95575	41710	HX-CPU-A7302	emc_immunity	verified	hyperflex-hx-series	["EN55024 CISPR24 EN300386 KN35"]	EN55024 CISPR24 EN300386 KN35
174955	41710	HX-CPU-A7302	emc_emissions	verified	hyperflex-hx-series	["47CFR Part 15 (CFR 47) Class A  AS","NZS CISPR32 Class A  CISPR32 Class A EN55032 Class A  ICES003 Class A  VCCI Class A  EN61000-3-2 EN61000-3-3 KN32 Cla","47CFR Part 15 (CFR 47) Class A  AS/NZS CISPR32 Class A  CISPR32 Class A EN55032 Class A  ICES003 Class A  VCCI Class A  EN61000-3-2 EN61000-3-3 KN32"]	47CFR Part 15 (CFR 47) Class A  AS/NZS CISPR32 Class A  CISPR32 Class A EN55032 Class A  ICES003 Class A  VCCI Class A  EN61000-3-2 EN61000-3-3 KN32 Cla ; 47CFR Part 15 (CFR 47) Class A  AS/NZS CISPR32 Class A  CISPR32 Class A EN55032 Class A  ICES003 Class A  VCCI Class A  EN61000-3-2 EN61000-3-3 KN32
173503	41710	HX-CPU-A7302	humidity_operating	verified	hyperflex-hx-series	{"max":90,"min":10}	10% to 90% and 28°C (82.4°F) maximum dew-point temperature,
173504	41710	HX-CPU-A7302	humidity_storage	verified	hyperflex-hx-series	{"max":93,"min":5}	5% to 93% relative humidity, non-condensing, with a maximum
155489	40085	HCI-CPU-I6515P	emc_immunity	verified	compute-hyperconverged	["EN55035 EN55024 CISPR24/35 EN300386 KS C 9835 IEC/EN61000-6-1"]	EN55035 EN55024 CISPR24/35 EN300386 KS C 9835 IEC/EN61000-6-1
174878	40085	HCI-CPU-I6515P	emc_emissions	verified	compute-hyperconverged	["47CFR Part 15 (CFR 47) Class A AS","NZS CISPR32 Class A CISPR32 Class A EN55032 Class A ICES003 Class A VCCI-CISPR32 Class A EN61000-3-2 EN61000-3-3 KS C 9832 Cla","47CFR Part 15 (CFR 47) Class A AS/NZS CISPR32 Class A CISPR32 Class A EN55032 Class A ICES003 Class A VCCI-CISPR32 Class A EN61000-3-2 EN61000-3-3 KS C 9832"]	47CFR Part 15 (CFR 47) Class A AS/NZS CISPR32 Class A CISPR32 Class A EN55032 Class A ICES003 Class A VCCI-CISPR32 Class A EN61000-3-2 EN61000-3-3 KS C 9832 Cla ; 47CFR Part 15 (CFR 47) Class A AS/NZS CISPR32 Class A CISPR32 Class A EN55032 Class A ICES003 Class A VCCI-CISPR32 Class A EN61000-3-2 EN61000-3-3 KS C 9832
174743	42116	HX-GPU-P4	humidity_operating	verified	hyperflex-hx-series	{"max":90,"min":10}	10% to 90% and 28°C (82.4°F) maximum dew-point temperature,
174744	42116	HX-GPU-P4	humidity_storage	verified	hyperflex-hx-series	{"max":93,"min":5}	5% to 93% relative humidity, non-condensing, with a maximum
174745	42116	HX-GPU-P4	certifications	verified	hyperflex-hx-series	["60950-1 Second Edition"]	60950-1 Second Edition
174746	42116	HX-GPU-P4	emc_emissions	verified	hyperflex-hx-series	["47CFR Part 15 (CFR 47) Class A"]	47CFR Part 15 (CFR 47) Class A
95630	41783	HX-CPU-I8352S	emc_immunity	verified	hyperflex-hx-series	["EN55024 CISPR24 EN300386 KN35"]	EN55024 CISPR24 EN300386 KN35
174961	41783	HX-CPU-I8352S	emc_emissions	verified	hyperflex-hx-series	["47CFR Part 15 (CFR 47) Class A  AS","NZS CISPR32 Class A  CISPR32 Class A EN55032 Class A  ICES003 Class A  VCCI Class A  EN61000-3-2 EN61000-3-3 KN32 Cla","47CFR Part 15 (CFR 47) Class A  AS/NZS CISPR32 Class A  CISPR32 Class A EN55032 Class A  ICES003 Class A  VCCI Class A  EN61000-3-2 EN61000-3-3 KN32"]	47CFR Part 15 (CFR 47) Class A  AS/NZS CISPR32 Class A  CISPR32 Class A EN55032 Class A  ICES003 Class A  VCCI Class A  EN61000-3-2 EN61000-3-3 KN32 Cla ; 47CFR Part 15 (CFR 47) Class A  AS/NZS CISPR32 Class A  CISPR32 Class A EN55032 Class A  ICES003 Class A  VCCI Class A  EN61000-3-2 EN61000-3-3 KN32
173535	41783	HX-CPU-I8352S	humidity_operating	verified	hyperflex-hx-series	{"max":90,"min":10}	10% to 90% and 28°C (82.4°F) maximum dew-point temperature,
173536	41783	HX-CPU-I8352S	humidity_storage	verified	hyperflex-hx-series	{"max":93,"min":5}	5% to 93% relative humidity, non-condensing, with a maximum
155286	40759	HCIX-CPU-I6454S	temp_storage	verified	compute-hyperconverged-nutanix	{"max":65,"min":-40}	-40° to 149°F (–40° to 65°C)
155287	40759	HCIX-CPU-I6454S	humidity_storage	verified	compute-hyperconverged-nutanix	{"max":93,"min":5}	5% to 93% noncondensing
155289	40759	HCIX-CPU-I6454S	altitude_storage	verified	compute-hyperconverged-nutanix	"12,000m"	40,000 ft (12,000m)
94687	40759	HCIX-CPU-I6454S	temp_operating	verified	compute-hyperconverged-nutanix	{"max":35,"min":10}	50° to 95°F (10° to 35°C)
94689	40759	HCIX-CPU-I6454S	humidity_operating	verified	compute-hyperconverged-nutanix	{"max":90,"min":5}	5% to 90% noncondensing
155288	40759	HCIX-CPU-I6454S	altitude_max	verified	compute-hyperconverged-nutanix	3000	0 to 10,000 ft (0 to 3000m); maximum ambient temperature decreases by 1°C per 300m
95497	41612	HX-CPU-A7373X	emc_immunity	verified	hyperflex-hx-series	["EN55024 CISPR24 EN300386 KN35"]	EN55024 CISPR24 EN300386 KN35
174951	41612	HX-CPU-A7373X	emc_emissions	verified	hyperflex-hx-series	["47CFR Part 15 (CFR 47) Class A  AS","NZS CISPR32 Class A  CISPR32 Class A EN55032 Class A  ICES003 Class A  VCCI Class A  EN61000-3-2 EN61000-3-3 KN32 Cla","47CFR Part 15 (CFR 47) Class A  AS/NZS CISPR32 Class A  CISPR32 Class A EN55032 Class A  ICES003 Class A  VCCI Class A  EN61000-3-2 EN61000-3-3 KN32"]	47CFR Part 15 (CFR 47) Class A  AS/NZS CISPR32 Class A  CISPR32 Class A EN55032 Class A  ICES003 Class A  VCCI Class A  EN61000-3-2 EN61000-3-3 KN32 Cla ; 47CFR Part 15 (CFR 47) Class A  AS/NZS CISPR32 Class A  CISPR32 Class A EN55032 Class A  ICES003 Class A  VCCI Class A  EN61000-3-2 EN61000-3-3 KN32
173491	41612	HX-CPU-A7373X	humidity_operating	verified	hyperflex-hx-series	{"max":90,"min":10}	10% to 90% and 28°C (82.4°F) maximum dew-point temperature,
173492	41612	HX-CPU-A7373X	humidity_storage	verified	hyperflex-hx-series	{"max":93,"min":5}	5% to 93% relative humidity, non-condensing, with a maximum
173240	80988	UCS-CPU-I6222V	altitude_max	verified	compute-hyperconverged	3050	0 m to 3050 m (10,000 ft)
173239	80988	UCS-CPU-I6222V	temp_operating	verified	compute-hyperconverged	{"max":35,"min":10}	10°C to 35°C (50°F to 95°F) with no direct sunlight
173241	80988	UCS-CPU-I6222V	altitude_storage	verified	compute-hyperconverged	"0 m to 12,000 m (39,370 ft)"	0 m to 12,000 m (39,370 ft)
173242	80988	UCS-CPU-I6222V	certifications	verified	compute-hyperconverged	["950-1 No. 21CFR1040","CAN/CSA-C22.2 No. 60950-1","IRAM IEC60950-1"]	950-1 No. 21CFR1040, CAN/CSA-C22.2 No. 60950-1, IRAM IEC60950-1,
173096	81239	UCS-CPU-I8358	altitude_max	verified	compute-hyperconverged	3050	0 m to 3050 m (10,000 ft)
173095	81239	UCS-CPU-I8358	temp_operating	verified	compute-hyperconverged	{"max":35,"min":10}	10°C to 35°C (50°F to 95°F) with no direct sunlight
173097	81239	UCS-CPU-I8358	altitude_storage	verified	compute-hyperconverged	"0 m to 12,000 m (39,370 ft)"	0 m to 12,000 m (39,370 ft)
173098	81239	UCS-CPU-I8358	certifications	verified	compute-hyperconverged	["950-1 No. 21CFR1040","CAN/CSA-C22.2 No. 60950-1","IRAM IEC60950-1"]	950-1 No. 21CFR1040, CAN/CSA-C22.2 No. 60950-1, IRAM IEC60950-1,
155662	39935	HCI-CPU-I6554S	emc_immunity	verified	hyperconverged-infrastructure	["EN55035 EN55024 CISPR24/35 EN300386 KS C 9835 IEC/EN61000-6-1"]	EN55035 EN55024 CISPR24/35 EN300386 KS C 9835 IEC/EN61000-6-1
174894	39935	HCI-CPU-I6554S	emc_emissions	verified	hyperconverged-infrastructure	["47CFR Part 15 (CFR 47) Class A AS","NZS CISPR32 Class A CISPR32 Class A EN55032 Class A ICES003 Class A VCCI-CISPR32 Class A EN61000-3-2 EN61000-3-3 KS C 9832 Cla","47CFR Part 15 (CFR 47) Class A AS/NZS CISPR32 Class A CISPR32 Class A EN55032 Class A ICES003 Class A VCCI-CISPR32 Class A EN61000-3-2 EN61000-3-3 KS C 9832"]	47CFR Part 15 (CFR 47) Class A AS/NZS CISPR32 Class A CISPR32 Class A EN55032 Class A ICES003 Class A VCCI-CISPR32 Class A EN61000-3-2 EN61000-3-3 KS C 9832 Cla ; 47CFR Part 15 (CFR 47) Class A AS/NZS CISPR32 Class A CISPR32 Class A EN55032 Class A ICES003 Class A VCCI-CISPR32 Class A EN61000-3-2 EN61000-3-3 KS C 9832
173284	39935	HCI-CPU-I6554S	humidity_operating	verified	hyperconverged-infrastructure	{"max":90,"min":8}	8% to 90% relative humidity, non-condensing, with maximum wet
173285	39935	HCI-CPU-I6554S	humidity_storage	verified	hyperconverged-infrastructure	{"max":93,"min":5}	5% to 93% relative humidity, non-condensing, with a maximum
93782	40031	HCI-CPU-I5512U1	emc_emissions	verified	hyperconverged-infrastructure	["47CFR Part 15 (CFR 47) Class A AS","NZS CISPR32 Class A CISPR32 Class A EN55032 Class A ICES003 Class A VCCI-CISPR32 Class A EN61000-3-2 EN61000-3-3 KS C 9832 Cla"]	47CFR Part 15 (CFR 47) Class A AS/NZS CISPR32 Class A CISPR32 Class A EN55032 Class A ICES003 Class A VCCI-CISPR32 Class A EN61000-3-2 EN61000-3-3 KS C 9832 Cla
93783	40031	HCI-CPU-I5512U1	emc_immunity	verified	hyperconverged-infrastructure	["EN55035 EN55024 CISPR24","35 EN300386 KS C 9835 IEC","EN61000-6-1"]	EN55035 EN55024 CISPR24/35 EN300386 KS C 9835 IEC/EN61000-6-1
157929	86571	UCSX-CPU-A9475F3	temp_storage	verified	compute-hyperconverged	{"max":65,"min":-40}	-40° to 149°F (–40° to 65°C)
124938	86571	UCSX-CPU-A9475F3	temp_operating	verified	compute-hyperconverged	{"max":35,"min":10}	50° to 95°F (10° to 35°C)
124940	86571	UCSX-CPU-A9475F3	humidity_operating	verified	compute-hyperconverged	{"max":90,"min":5}	5% to 90% noncondensing
155465	40210	HCI-CPU-I6530P	emc_immunity	verified	compute-hyperconverged	["EN55035 EN55024 CISPR24/35 EN300386 KS C 9835 IEC/EN61000-6-1"]	EN55035 EN55024 CISPR24/35 EN300386 KS C 9835 IEC/EN61000-6-1
174872	40210	HCI-CPU-I6530P	emc_emissions	verified	compute-hyperconverged	["47CFR Part 15 (CFR 47) Class A AS","NZS CISPR32 Class A CISPR32 Class A EN55032 Class A ICES003 Class A VCCI-CISPR32 Class A EN61000-3-2 EN61000-3-3 KS C 9832 Cla","47CFR Part 15 (CFR 47) Class A AS/NZS CISPR32 Class A CISPR32 Class A EN55032 Class A ICES003 Class A VCCI-CISPR32 Class A EN61000-3-2 EN61000-3-3 KS C 9832"]	47CFR Part 15 (CFR 47) Class A AS/NZS CISPR32 Class A CISPR32 Class A EN55032 Class A ICES003 Class A VCCI-CISPR32 Class A EN61000-3-2 EN61000-3-3 KS C 9832 Cla ; 47CFR Part 15 (CFR 47) Class A AS/NZS CISPR32 Class A CISPR32 Class A EN55032 Class A ICES003 Class A VCCI-CISPR32 Class A EN61000-3-2 EN61000-3-3 KS C 9832
94083	40159	HCI-CPU-I8581V1	emc_emissions	verified	hyperconverged-infrastructure	["47CFR Part 15 (CFR 47) Class A AS","NZS CISPR32 Class A CISPR32 Class A EN55032 Class A ICES003 Class A VCCI-CISPR32 Class A EN61000-3-2 EN61000-3-3 KS C 9832 Cla"]	47CFR Part 15 (CFR 47) Class A AS/NZS CISPR32 Class A CISPR32 Class A EN55032 Class A ICES003 Class A VCCI-CISPR32 Class A EN61000-3-2 EN61000-3-3 KS C 9832 Cla
94084	40159	HCI-CPU-I8581V1	emc_immunity	verified	hyperconverged-infrastructure	["EN55035 EN55024 CISPR24","35 EN300386 KS C 9835 IEC","EN61000-6-1"]	EN55035 EN55024 CISPR24/35 EN300386 KS C 9835 IEC/EN61000-6-1
95428	41552	HX-CPU-A7513	emc_immunity	verified	hyperflex-hx-series	["EN55024 CISPR24 EN300386 KN35"]	EN55024 CISPR24 EN300386 KN35
174938	41552	HX-CPU-A7513	emc_emissions	verified	hyperflex-hx-series	["47CFR Part 15 (CFR 47) Class A  AS","NZS CISPR32 Class A  CISPR32 Class A EN55032 Class A  ICES003 Class A  VCCI Class A  EN61000-3-2 EN61000-3-3 KN32 Cla","47CFR Part 15 (CFR 47) Class A  AS/NZS CISPR32 Class A  CISPR32 Class A EN55032 Class A  ICES003 Class A  VCCI Class A  EN61000-3-2 EN61000-3-3 KN32"]	47CFR Part 15 (CFR 47) Class A  AS/NZS CISPR32 Class A  CISPR32 Class A EN55032 Class A  ICES003 Class A  VCCI Class A  EN61000-3-2 EN61000-3-3 KN32 Cla ; 47CFR Part 15 (CFR 47) Class A  AS/NZS CISPR32 Class A  CISPR32 Class A EN55032 Class A  ICES003 Class A  VCCI Class A  EN61000-3-2 EN61000-3-3 KN32
173452	41552	HX-CPU-A7513	humidity_operating	verified	hyperflex-hx-series	{"max":90,"min":10}	10% to 90% and 28°C (82.4°F) maximum dew-point temperature,
173453	41552	HX-CPU-A7513	humidity_storage	verified	hyperflex-hx-series	{"max":93,"min":5}	5% to 93% relative humidity, non-condensing, with a maximum
155075	39979	HCI-CPU-A9825	emc_immunity	verified	hyperconverged-infrastructure	["EN55035 EN55024 CISPR24/35 EN300386 KS C 9835 IEC/EN61000-6-1"]	EN55035 EN55024 CISPR24/35 EN300386 KS C 9835 IEC/EN61000-6-1
174845	39979	HCI-CPU-A9825	emc_emissions	verified	hyperconverged-infrastructure	["47CFR Part 15 (CFR 47) Class A AS","NZS CISPR32 Class A CISPR32 Class A EN55032 Class A ICES003 Class A VCCI-CISPR32 Class A EN61000-3-2 EN61000-3-3 KS C 9832 Cla","47CFR Part 15 (CFR 47) Class A AS/NZS CISPR32 Class A CISPR32 Class A EN55032 Class A ICES003 Class A VCCI-CISPR32 Class A EN61000-3-2 EN61000-3-3 KS C 9832"]	47CFR Part 15 (CFR 47) Class A AS/NZS CISPR32 Class A CISPR32 Class A EN55032 Class A ICES003 Class A VCCI-CISPR32 Class A EN61000-3-2 EN61000-3-3 KS C 9832 Cla ; 47CFR Part 15 (CFR 47) Class A AS/NZS CISPR32 Class A CISPR32 Class A EN55032 Class A ICES003 Class A VCCI-CISPR32 Class A EN61000-3-2 EN61000-3-3 KS C 9832
172967	39979	HCI-CPU-A9825	humidity_operating	verified	hyperconverged-infrastructure	{"max":90,"min":8}	8% to 90% relative humidity, non-condensing, with maximum wet
172968	39979	HCI-CPU-A9825	humidity_storage	verified	hyperconverged-infrastructure	{"max":93,"min":5}	5% to 93% relative humidity, non-condensing, with a maximum
95713	42024	HX-CPU-I6312U5	emc_emissions	verified	hyperflex-hx-series	["47CFR Part 15 (CFR 47) Class A  AS","NZS CISPR32 Class A  CISPR32 Class A EN55032 Class A  ICES003 Class A  VCCI Class A  EN61000-3-2 EN61000-3-3 KN32 Cla"]	47CFR Part 15 (CFR 47) Class A  AS/NZS CISPR32 Class A  CISPR32 Class A EN55032 Class A  ICES003 Class A  VCCI Class A  EN61000-3-2 EN61000-3-3 KN32 Cla
95714	42024	HX-CPU-I6312U5	emc_immunity	verified	hyperflex-hx-series	["EN55024 CISPR24 EN300386 KN35"]	EN55024 CISPR24 EN300386 KN35
93584	39936	HCI-CPU-I6781P1	emc_emissions	verified	compute-hyperconverged	["47CFR Part 15 (CFR 47) Class A AS","NZS CISPR32 Class A CISPR32 Class A EN55032 Class A ICES003 Class A VCCI-CISPR32 Class A EN61000-3-2 EN61000-3-3 KS C 9832 Cla"]	47CFR Part 15 (CFR 47) Class A AS/NZS CISPR32 Class A CISPR32 Class A EN55032 Class A ICES003 Class A VCCI-CISPR32 Class A EN61000-3-2 EN61000-3-3 KS C 9832 Cla
93585	39936	HCI-CPU-I6781P1	emc_immunity	verified	compute-hyperconverged	["EN55035 EN55024 CISPR24","35 EN300386 KS C 9835 IEC","EN61000-6-1"]	EN55035 EN55024 CISPR24/35 EN300386 KS C 9835 IEC/EN61000-6-1
173236	81014	UCS-CPU-I6240R	altitude_max	verified	compute-hyperconverged	3050	0 m to 3050 m (10,000 ft)
173235	81014	UCS-CPU-I6240R	temp_operating	verified	compute-hyperconverged	{"max":35,"min":10}	10°C to 35°C (50°F to 95°F) with no direct sunlight
173237	81014	UCS-CPU-I6240R	altitude_storage	verified	compute-hyperconverged	"0 m to 12,000 m (39,370 ft)"	0 m to 12,000 m (39,370 ft)
173238	81014	UCS-CPU-I6240R	certifications	verified	compute-hyperconverged	["950-1 No. 21CFR1040","CAN/CSA-C22.2 No. 60950-1","IRAM IEC60950-1"]	950-1 No. 21CFR1040, CAN/CSA-C22.2 No. 60950-1, IRAM IEC60950-1,
174509	41441	HX-CPU-6130	humidity_operating	verified	hyperflex-hx-series	{"max":90,"min":10}	10% to 90% and 28°C (82.4°F) maximum dew-point temperature,
174510	41441	HX-CPU-6130	humidity_storage	verified	hyperflex-hx-series	{"max":93,"min":5}	5% to 93% relative humidity, non-condensing, with a maximum
174511	41441	HX-CPU-6130	certifications	verified	hyperflex-hx-series	["60950-1 Second Edition"]	60950-1 Second Edition
174512	41441	HX-CPU-6130	emc_emissions	verified	hyperflex-hx-series	["47CFR Part 15 (CFR 47) Class A"]	47CFR Part 15 (CFR 47) Class A
155469	40116	HCI-CPU-I6728P	emc_immunity	verified	compute-hyperconverged	["EN55035 EN55024 CISPR24/35 EN300386 KS C 9835 IEC/EN61000-6-1"]	EN55035 EN55024 CISPR24/35 EN300386 KS C 9835 IEC/EN61000-6-1
174873	40116	HCI-CPU-I6728P	emc_emissions	verified	compute-hyperconverged	["47CFR Part 15 (CFR 47) Class A AS","NZS CISPR32 Class A CISPR32 Class A EN55032 Class A ICES003 Class A VCCI-CISPR32 Class A EN61000-3-2 EN61000-3-3 KS C 9832 Cla","47CFR Part 15 (CFR 47) Class A AS/NZS CISPR32 Class A CISPR32 Class A EN55032 Class A ICES003 Class A VCCI-CISPR32 Class A EN61000-3-2 EN61000-3-3 KS C 9832"]	47CFR Part 15 (CFR 47) Class A AS/NZS CISPR32 Class A CISPR32 Class A EN55032 Class A ICES003 Class A VCCI-CISPR32 Class A EN61000-3-2 EN61000-3-3 KS C 9832 Cla ; 47CFR Part 15 (CFR 47) Class A AS/NZS CISPR32 Class A CISPR32 Class A EN55032 Class A ICES003 Class A VCCI-CISPR32 Class A EN61000-3-2 EN61000-3-3 KS C 9832
174553	41771	HX-CPU-6146	humidity_operating	verified	hyperflex-hx-series	{"max":90,"min":10}	10% to 90% and 28°C (82.4°F) maximum dew-point temperature,
174554	41771	HX-CPU-6146	humidity_storage	verified	hyperflex-hx-series	{"max":93,"min":5}	5% to 93% relative humidity, non-condensing, with a maximum
174555	41771	HX-CPU-6146	certifications	verified	hyperflex-hx-series	["60950-1 Second Edition"]	60950-1 Second Edition
174556	41771	HX-CPU-6146	emc_emissions	verified	hyperflex-hx-series	["47CFR Part 15 (CFR 47) Class A"]	47CFR Part 15 (CFR 47) Class A
173160	81165	UCS-CPU-I6326	altitude_max	verified	compute-hyperconverged	3050	0 m to 3050 m (10,000 ft)
173159	81165	UCS-CPU-I6326	temp_operating	verified	compute-hyperconverged	{"max":35,"min":10}	10°C to 35°C (50°F to 95°F) with no direct sunlight
173161	81165	UCS-CPU-I6326	altitude_storage	verified	compute-hyperconverged	"0 m to 12,000 m (39,370 ft)"	0 m to 12,000 m (39,370 ft)
173162	81165	UCS-CPU-I6326	certifications	verified	compute-hyperconverged	["950-1 No. 21CFR1040","CAN/CSA-C22.2 No. 60950-1","IRAM IEC60950-1"]	950-1 No. 21CFR1040, CAN/CSA-C22.2 No. 60950-1, IRAM IEC60950-1,
95553	41679	HX-CPU-A7573X	emc_immunity	verified	hyperflex-hx-series	["EN55024 CISPR24 EN300386 KN35"]	EN55024 CISPR24 EN300386 KN35
174949	41679	HX-CPU-A7573X	emc_emissions	verified	hyperflex-hx-series	["47CFR Part 15 (CFR 47) Class A  AS","NZS CISPR32 Class A  CISPR32 Class A EN55032 Class A  ICES003 Class A  VCCI Class A  EN61000-3-2 EN61000-3-3 KN32 Cla","47CFR Part 15 (CFR 47) Class A  AS/NZS CISPR32 Class A  CISPR32 Class A EN55032 Class A  ICES003 Class A  VCCI Class A  EN61000-3-2 EN61000-3-3 KN32"]	47CFR Part 15 (CFR 47) Class A  AS/NZS CISPR32 Class A  CISPR32 Class A EN55032 Class A  ICES003 Class A  VCCI Class A  EN61000-3-2 EN61000-3-3 KN32 Cla ; 47CFR Part 15 (CFR 47) Class A  AS/NZS CISPR32 Class A  CISPR32 Class A EN55032 Class A  ICES003 Class A  VCCI Class A  EN61000-3-2 EN61000-3-3 KN32
173485	41679	HX-CPU-A7573X	humidity_operating	verified	hyperflex-hx-series	{"max":90,"min":10}	10% to 90% and 28°C (82.4°F) maximum dew-point temperature,
173486	41679	HX-CPU-A7573X	humidity_storage	verified	hyperflex-hx-series	{"max":93,"min":5}	5% to 93% relative humidity, non-condensing, with a maximum
157940	86760	UCSX-CPU-A9275F3	temp_storage	verified	compute-hyperconverged	{"max":65,"min":-40}	-40° to 149°F (–40° to 65°C)
125231	86760	UCSX-CPU-A9275F3	temp_operating	verified	compute-hyperconverged	{"max":35,"min":10}	50° to 95°F (10° to 35°C)
125233	86760	UCSX-CPU-A9275F3	humidity_operating	verified	compute-hyperconverged	{"max":90,"min":5}	5% to 90% noncondensing
148815	82384	UCS-PSU-6248-HVDC	emc_emissions	verified	ucs-6200-series-fabric-interconnects	["47CFR Part 15 (CFR 47) Class A","AS/NZS CISPR22 Class A","CISPR22 Class A","EN55022 Class A","ICES003 Class A","VCCI Class A","EN61000-3-2","EN61000-3-3","KN2"]	● 47CFR Part 15 (CFR 47) Class A ● AS/NZS CISPR22 Class A ● CISPR22 Class A ● EN55022 Class A ● ICES003 Class A ● VCCI Class A ● EN61000-3-2 ● EN61000-3-3 ● KN2
148816	82384	UCS-PSU-6248-HVDC	emc_immunity	verified	ucs-6200-series-fabric-interconnects	["EN50082-1","EN61000-6-1","EN55024","CISPR24","EN300386","KN 61000-4 series"]	● EN50082-1 ● EN61000-6-1 ● EN55024 ● CISPR24 ● EN300386 ● KN 61000-4 series
148810	82436	UCS-PSU-6248UP-AC	emc_emissions	verified	ucs-6200-series-fabric-interconnects	["47CFR Part 15 (CFR 47) Class A","AS/NZS CISPR22 Class A","CISPR22 Class A","EN55022 Class A","ICES003 Class A","VCCI Class A","EN61000-3-2","EN61000-3-3","KN2"]	● 47CFR Part 15 (CFR 47) Class A ● AS/NZS CISPR22 Class A ● CISPR22 Class A ● EN55022 Class A ● ICES003 Class A ● VCCI Class A ● EN61000-3-2 ● EN61000-3-3 ● KN2
148811	82436	UCS-PSU-6248UP-AC	emc_immunity	verified	ucs-6200-series-fabric-interconnects	["EN50082-1","EN61000-6-1","EN55024","CISPR24","EN300386","KN 61000-4 series"]	● EN50082-1 ● EN61000-6-1 ● EN55024 ● CISPR24 ● EN300386 ● KN 61000-4 series
148818	82616	UCS-PSU-6296UP-AC	emc_emissions	verified	ucs-6200-series-fabric-interconnects	["47CFR Part 15 (CFR 47) Class A","AS/NZS CISPR22 Class A","CISPR22 Class A","EN55022 Class A","ICES003 Class A","VCCI Class A","EN61000-3-2","EN61000-3-3","KN2"]	● 47CFR Part 15 (CFR 47) Class A ● AS/NZS CISPR22 Class A ● CISPR22 Class A ● EN55022 Class A ● ICES003 Class A ● VCCI Class A ● EN61000-3-2 ● EN61000-3-3 ● KN2
148819	82616	UCS-PSU-6296UP-AC	emc_immunity	verified	ucs-6200-series-fabric-interconnects	["EN50082-1","EN61000-6-1","EN55024","CISPR24","EN300386","KN 61000-4 series"]	● EN50082-1 ● EN61000-6-1 ● EN55024 ● CISPR24 ● EN300386 ● KN 61000-4 series
148820	82557	UCS-PSU-6296UP-DC	emc_emissions	verified	ucs-6200-series-fabric-interconnects	["47CFR Part 15 (CFR 47) Class A","AS/NZS CISPR22 Class A","CISPR22 Class A","EN55022 Class A","ICES003 Class A","VCCI Class A","EN61000-3-2","EN61000-3-3","KN2"]	● 47CFR Part 15 (CFR 47) Class A ● AS/NZS CISPR22 Class A ● CISPR22 Class A ● EN55022 Class A ● ICES003 Class A ● VCCI Class A ● EN61000-3-2 ● EN61000-3-3 ● KN2
148821	82557	UCS-PSU-6296UP-DC	emc_immunity	verified	ucs-6200-series-fabric-interconnects	["EN50082-1","EN61000-6-1","EN55024","CISPR24","EN300386","KN 61000-4 series"]	● EN50082-1 ● EN61000-6-1 ● EN55024 ● CISPR24 ● EN300386 ● KN 61000-4 series
123165	82585	UCS-PSU-6332-AC	emc_emissions	corroborated	servers-unified-computing	["● 47CFR Part 15 (CFR 47) Class A ● AS","NZS CISPR22 Class A ● CISPR22 Class A ● EN55022 Class A ● ICES003 Class A ● VCCI Class A ● EN61000-3-2 ● EN61000-3-3 ● KN2"]	● 47CFR Part 15 (CFR 47) Class A ● AS/NZS CISPR22 Class A ● CISPR22 Class A ● EN55022 Class A ● ICES003 Class A ● VCCI Class A ● EN61000-3-2 ● EN61000-3-3 ● KN2
123258	82665	UCS-PSU-64108-AC	emc_immunity	verified	servers-unified-computing	["● EN55024 ● CISPR24 ● EN300386 ● KN 61000-4 series"]	● EN55024 ● CISPR24 ● EN300386 ● KN 61000-4 series
123257	82665	UCS-PSU-64108-AC	emc_emissions	verified	servers-unified-computing	["● 47CFR Part 15 (CFR 47) Class A ● AS","NZS CISPR22 Class A ● CISPR22 Class A ● EN55022 Class A ● ICES003 Class A ● VCCI Class A ● EN61000-3-2 ● EN61000-3-3 ● KN2"]	● 47CFR Part 15 (CFR 47) Class A ● AS/NZS CISPR22 Class A ● CISPR22 Class A ● EN55022 Class A ● ICES003 Class A ● VCCI Class A ● EN61000-3-2 ● EN61000-3-3 ● KN2
173184	81255	UCS-CPU-I4314	altitude_max	verified	compute-hyperconverged	3050	0 m to 3050 m (10,000 ft)
173183	81255	UCS-CPU-I4314	temp_operating	verified	compute-hyperconverged	{"max":35,"min":10}	10°C to 35°C (50°F to 95°F) with no direct sunlight
173185	81255	UCS-CPU-I4314	altitude_storage	verified	compute-hyperconverged	"0 m to 12,000 m (39,370 ft)"	0 m to 12,000 m (39,370 ft)
173186	81255	UCS-CPU-I4314	certifications	verified	compute-hyperconverged	["950-1 No. 21CFR1040","CAN/CSA-C22.2 No. 60950-1","IRAM IEC60950-1"]	950-1 No. 21CFR1040, CAN/CSA-C22.2 No. 60950-1, IRAM IEC60950-1,
155132	85551	UCSC-P-ID10GC	emc_immunity	verified	hyperconverged-infrastructure	["EN55035 EN55024 CISPR24/35 EN300386 KS C 9835 IEC/EN61000-6-1"]	EN55035 EN55024 CISPR24/35 EN300386 KS C 9835 IEC/EN61000-6-1
174860	85551	UCSC-P-ID10GC	emc_emissions	verified	hyperconverged-infrastructure	["47CFR Part 15 (CFR 47) Class A AS","NZS CISPR32 Class A CISPR32 Class A EN55032 Class A ICES003 Class A VCCI-CISPR32 Class A EN61000-3-2 EN61000-3-3 KS C 9832 Cla","47CFR Part 15 (CFR 47) Class A AS/NZS CISPR32 Class A CISPR32 Class A EN55032 Class A ICES003 Class A VCCI-CISPR32 Class A EN61000-3-2 EN61000-3-3 KS C 9832"]	47CFR Part 15 (CFR 47) Class A AS/NZS CISPR32 Class A CISPR32 Class A EN55032 Class A ICES003 Class A VCCI-CISPR32 Class A EN61000-3-2 EN61000-3-3 KS C 9832 Cla ; 47CFR Part 15 (CFR 47) Class A AS/NZS CISPR32 Class A CISPR32 Class A EN55032 Class A ICES003 Class A VCCI-CISPR32 Class A EN61000-3-2 EN61000-3-3 KS C 9832
173012	85551	UCSC-P-ID10GC	humidity_operating	verified	hyperconverged-infrastructure	{"max":90,"min":8}	8% to 90% relative humidity, non-condensing, with maximum wet
173013	85551	UCSC-P-ID10GC	humidity_storage	verified	hyperconverged-infrastructure	{"max":93,"min":5}	5% to 93% relative humidity, non-condensing, with a maximum
174525	41477	HX-CPU-6136	humidity_operating	verified	hyperflex-hx-series	{"max":90,"min":10}	10% to 90% and 28°C (82.4°F) maximum dew-point temperature,
174526	41477	HX-CPU-6136	humidity_storage	verified	hyperflex-hx-series	{"max":93,"min":5}	5% to 93% relative humidity, non-condensing, with a maximum
174527	41477	HX-CPU-6136	certifications	verified	hyperflex-hx-series	["60950-1 Second Edition"]	60950-1 Second Edition
174528	41477	HX-CPU-6136	emc_emissions	verified	hyperflex-hx-series	["47CFR Part 15 (CFR 47) Class A"]	47CFR Part 15 (CFR 47) Class A
95380	41516	HX-CPU-A75F3	emc_immunity	verified	hyperflex-hx-series	["EN55024 CISPR24 EN300386 KN35"]	EN55024 CISPR24 EN300386 KN35
174939	41516	HX-CPU-A75F3	emc_emissions	verified	hyperflex-hx-series	["47CFR Part 15 (CFR 47) Class A  AS","NZS CISPR32 Class A  CISPR32 Class A EN55032 Class A  ICES003 Class A  VCCI Class A  EN61000-3-2 EN61000-3-3 KN32 Cla","47CFR Part 15 (CFR 47) Class A  AS/NZS CISPR32 Class A  CISPR32 Class A EN55032 Class A  ICES003 Class A  VCCI Class A  EN61000-3-2 EN61000-3-3 KN32"]	47CFR Part 15 (CFR 47) Class A  AS/NZS CISPR32 Class A  CISPR32 Class A EN55032 Class A  ICES003 Class A  VCCI Class A  EN61000-3-2 EN61000-3-3 KN32 Cla ; 47CFR Part 15 (CFR 47) Class A  AS/NZS CISPR32 Class A  CISPR32 Class A EN55032 Class A  ICES003 Class A  VCCI Class A  EN61000-3-2 EN61000-3-3 KN32
173455	41516	HX-CPU-A75F3	humidity_operating	verified	hyperflex-hx-series	{"max":90,"min":10}	10% to 90% and 28°C (82.4°F) maximum dew-point temperature,
173456	41516	HX-CPU-A75F3	humidity_storage	verified	hyperflex-hx-series	{"max":93,"min":5}	5% to 93% relative humidity, non-condensing, with a maximum
94051	40149	HCI-CPU-I6312U5	emc_emissions	verified	compute-hyperconverged-nutanix	["47CFR Part 15 (CFR 47) Class A AS","NZS CISPR32 Class A CISPR32 Class A EN55032 Class A ICES003 Class A VCCI Class A EN61000-3-2 EN61000-3-3 KN32 Class A CNS13438"]	47CFR Part 15 (CFR 47) Class A AS/NZS CISPR32 Class A CISPR32 Class A EN55032 Class A ICES003 Class A VCCI Class A EN61000-3-2 EN61000-3-3 KN32 Class A CNS13438
94052	40149	HCI-CPU-I6312U5	emc_immunity	verified	compute-hyperconverged-nutanix	["EN55024 CISPR24 EN300386 KN35"]	EN55024 CISPR24 EN300386 KN35
95462	41584	HX-CPU-A7643	emc_immunity	verified	hyperflex-hx-series	["EN55024 CISPR24 EN300386 KN35"]	EN55024 CISPR24 EN300386 KN35
174935	41584	HX-CPU-A7643	emc_emissions	verified	hyperflex-hx-series	["47CFR Part 15 (CFR 47) Class A  AS","NZS CISPR32 Class A  CISPR32 Class A EN55032 Class A  ICES003 Class A  VCCI Class A  EN61000-3-2 EN61000-3-3 KN32 Cla","47CFR Part 15 (CFR 47) Class A  AS/NZS CISPR32 Class A  CISPR32 Class A EN55032 Class A  ICES003 Class A  VCCI Class A  EN61000-3-2 EN61000-3-3 KN32"]	47CFR Part 15 (CFR 47) Class A  AS/NZS CISPR32 Class A  CISPR32 Class A EN55032 Class A  ICES003 Class A  VCCI Class A  EN61000-3-2 EN61000-3-3 KN32 Cla ; 47CFR Part 15 (CFR 47) Class A  AS/NZS CISPR32 Class A  CISPR32 Class A EN55032 Class A  ICES003 Class A  VCCI Class A  EN61000-3-2 EN61000-3-3 KN32
173443	41584	HX-CPU-A7643	humidity_operating	verified	hyperflex-hx-series	{"max":90,"min":10}	10% to 90% and 28°C (82.4°F) maximum dew-point temperature,
173444	41584	HX-CPU-A7643	humidity_storage	verified	hyperflex-hx-series	{"max":93,"min":5}	5% to 93% relative humidity, non-condensing, with a maximum
155899	42079	HX-CPU-I6312U	emc_emissions	verified	hyperflex-hx-series	["47CFR Part 15 (CFR 47) Class A  AS/NZS CISPR32 Class A  CISPR32 Class A EN55032 Class A  ICES003 Class A  VCCI Class A  EN61000-3-2 EN61000-3-3 KN32"]	47CFR Part 15 (CFR 47) Class A  AS/NZS CISPR32 Class A  CISPR32 Class A EN55032 Class A  ICES003 Class A  VCCI Class A  EN61000-3-2 EN61000-3-3 KN32
155900	42079	HX-CPU-I6312U	emc_immunity	verified	hyperflex-hx-series	["EN55024 CISPR24 EN300386 KN35"]	EN55024 CISPR24 EN300386 KN35
173542	42079	HX-CPU-I6312U	humidity_operating	verified	hyperflex-hx-series	{"max":90,"min":10}	10% to 90% and 28°C (82.4°F) maximum dew-point temperature,
173543	42079	HX-CPU-I6312U	humidity_storage	verified	hyperflex-hx-series	{"max":93,"min":5}	5% to 93% relative humidity, non-condensing, with a maximum
155529	40980	HCIX-GPU-H200-NVL	temp_operating	verified	compute-hyperconverged	{"max":27,"min":10}	50° to 81°F (10° to 27°C)
155530	40980	HCIX-GPU-H200-NVL	temp_storage	verified	compute-hyperconverged	{"max":65,"min":-40}	-40° to 149°F (–40° to 65°C)
155531	40980	HCIX-GPU-H200-NVL	humidity_operating	verified	compute-hyperconverged	{"max":90,"min":5}	5% to 90% noncondensing
155532	40980	HCIX-GPU-H200-NVL	humidity_storage	verified	compute-hyperconverged	{"max":93,"min":5}	5% to 93% noncondensing
155533	40980	HCIX-GPU-H200-NVL	altitude_max	verified	compute-hyperconverged	3000	0 to 10,000 ft (0 to 3000m); maximum ambient temperature decreases by 1°C per 300m
155534	40980	HCIX-GPU-H200-NVL	altitude_storage	verified	compute-hyperconverged	"12,000m"	40,000 ft (12,000m)
174541	41574	HX-CPU-6142	humidity_operating	verified	hyperflex-hx-series	{"max":90,"min":10}	10% to 90% and 28°C (82.4°F) maximum dew-point temperature,
174542	41574	HX-CPU-6142	humidity_storage	verified	hyperflex-hx-series	{"max":93,"min":5}	5% to 93% relative humidity, non-condensing, with a maximum
174543	41574	HX-CPU-6142	certifications	verified	hyperflex-hx-series	["60950-1 Second Edition"]	60950-1 Second Edition
174544	41574	HX-CPU-6142	emc_emissions	verified	hyperflex-hx-series	["47CFR Part 15 (CFR 47) Class A"]	47CFR Part 15 (CFR 47) Class A
155147	40981	HCIX-GPU-L40S	temp_storage	corroborated	compute-hyperconverged-nutanix	{"max":65,"min":-40}	-40° to 149°F (–40° to 65°C)
94958	40981	HCIX-GPU-L40S	humidity_operating	corroborated	compute-hyperconverged-nutanix	{"max":90,"min":5}	5% to 90% noncondensing
155148	40981	HCIX-GPU-L40S	humidity_storage	corroborated	compute-hyperconverged-nutanix	{"max":93,"min":5}	5% to 93% noncondensing
155150	40981	HCIX-GPU-L40S	altitude_storage	corroborated	compute-hyperconverged-nutanix	"12,000m"	40,000 ft (12,000m)
155149	40981	HCIX-GPU-L40S	altitude_max	corroborated	compute-hyperconverged-nutanix	3000	0 to 10,000 ft (0 to 3000m); maximum ambient temperature decreases by 1°C per 300m
156396	80383	UCS-CPU-A9135	emc_immunity	verified	ucs-c-series-rack-servers	["EN55035 EN55024 CISPR24/35 EN300386 KS C 9835 IEC/EN61000-6-1"]	EN55035 EN55024 CISPR24/35 EN300386 KS C 9835 IEC/EN61000-6-1
175122	80383	UCS-CPU-A9135	emc_emissions	verified	ucs-c-series-rack-servers	["47CFR Part 15 (CFR 47) Class A AS","NZS CISPR32 Class A CISPR32 Class A EN55032 Class A ICES003 Class A VCCI-CISPR32 Class A EN61000-3-2 EN61000-3-3 KS C 9832 Cla","47CFR Part 15 (CFR 47) Class A AS/NZS CISPR32 Class A CISPR32 Class A EN55032 Class A ICES003 Class A VCCI-CISPR32 Class A EN61000-3-2 EN61000-3-3 KS C 9832"]	47CFR Part 15 (CFR 47) Class A AS/NZS CISPR32 Class A CISPR32 Class A EN55032 Class A ICES003 Class A VCCI-CISPR32 Class A EN61000-3-2 EN61000-3-3 KS C 9832 Cla ; 47CFR Part 15 (CFR 47) Class A AS/NZS CISPR32 Class A CISPR32 Class A EN55032 Class A ICES003 Class A VCCI-CISPR32 Class A EN61000-3-2 EN61000-3-3 KS C 9832
173220	80862	UCS-CPU-I6258R	altitude_max	verified	compute-hyperconverged	3050	0 m to 3050 m (10,000 ft)
173219	80862	UCS-CPU-I6258R	temp_operating	verified	compute-hyperconverged	{"max":35,"min":10}	10°C to 35°C (50°F to 95°F) with no direct sunlight
173221	80862	UCS-CPU-I6258R	altitude_storage	verified	compute-hyperconverged	"0 m to 12,000 m (39,370 ft)"	0 m to 12,000 m (39,370 ft)
173222	80862	UCS-CPU-I6258R	certifications	verified	compute-hyperconverged	["950-1 No. 21CFR1040","CAN/CSA-C22.2 No. 60950-1","IRAM IEC60950-1"]	950-1 No. 21CFR1040, CAN/CSA-C22.2 No. 60950-1, IRAM IEC60950-1,
173208	81016	UCS-CPU-I6262V	altitude_max	verified	compute-hyperconverged	3050	0 m to 3050 m (10,000 ft)
173207	81016	UCS-CPU-I6262V	temp_operating	verified	compute-hyperconverged	{"max":35,"min":10}	10°C to 35°C (50°F to 95°F) with no direct sunlight
173209	81016	UCS-CPU-I6262V	altitude_storage	verified	compute-hyperconverged	"0 m to 12,000 m (39,370 ft)"	0 m to 12,000 m (39,370 ft)
173210	81016	UCS-CPU-I6262V	certifications	verified	compute-hyperconverged	["950-1 No. 21CFR1040","CAN/CSA-C22.2 No. 60950-1","IRAM IEC60950-1"]	950-1 No. 21CFR1040, CAN/CSA-C22.2 No. 60950-1, IRAM IEC60950-1,
155477	40237	HCI-CPU-I6520P	emc_immunity	verified	compute-hyperconverged	["EN55035 EN55024 CISPR24/35 EN300386 KS C 9835 IEC/EN61000-6-1"]	EN55035 EN55024 CISPR24/35 EN300386 KS C 9835 IEC/EN61000-6-1
174875	40237	HCI-CPU-I6520P	emc_emissions	verified	compute-hyperconverged	["47CFR Part 15 (CFR 47) Class A AS","NZS CISPR32 Class A CISPR32 Class A EN55032 Class A ICES003 Class A VCCI-CISPR32 Class A EN61000-3-2 EN61000-3-3 KS C 9832 Cla","47CFR Part 15 (CFR 47) Class A AS/NZS CISPR32 Class A CISPR32 Class A EN55032 Class A ICES003 Class A VCCI-CISPR32 Class A EN61000-3-2 EN61000-3-3 KS C 9832"]	47CFR Part 15 (CFR 47) Class A AS/NZS CISPR32 Class A CISPR32 Class A EN55032 Class A ICES003 Class A VCCI-CISPR32 Class A EN61000-3-2 EN61000-3-3 KS C 9832 Cla ; 47CFR Part 15 (CFR 47) Class A AS/NZS CISPR32 Class A CISPR32 Class A EN55032 Class A ICES003 Class A VCCI-CISPR32 Class A EN61000-3-2 EN61000-3-3 KS C 9832
173107	81225	UCS-CPU-I6346	temp_operating	verified	compute-hyperconverged	{"max":35,"min":10}	10°C to 35°C (50°F to 95°F) with no direct sunlight
173108	81225	UCS-CPU-I6346	altitude_max	verified	compute-hyperconverged	3050	0 m to 3050 m (10,000 ft)
173109	81225	UCS-CPU-I6346	altitude_storage	verified	compute-hyperconverged	"0 m to 12,000 m (39,370 ft)"	0 m to 12,000 m (39,370 ft)
173110	81225	UCS-CPU-I6346	certifications	verified	compute-hyperconverged	["950-1 No. 21CFR1040","CAN/CSA-C22.2 No. 60950-1","IRAM IEC60950-1"]	950-1 No. 21CFR1040, CAN/CSA-C22.2 No. 60950-1, IRAM IEC60950-1,
155461	39986	HCI-CPU-I6730P	emc_immunity	verified	compute-hyperconverged	["EN55035 EN55024 CISPR24/35 EN300386 KS C 9835 IEC/EN61000-6-1"]	EN55035 EN55024 CISPR24/35 EN300386 KS C 9835 IEC/EN61000-6-1
174871	39986	HCI-CPU-I6730P	emc_emissions	verified	compute-hyperconverged	["47CFR Part 15 (CFR 47) Class A AS","NZS CISPR32 Class A CISPR32 Class A EN55032 Class A ICES003 Class A VCCI-CISPR32 Class A EN61000-3-2 EN61000-3-3 KS C 9832 Cla","47CFR Part 15 (CFR 47) Class A AS/NZS CISPR32 Class A CISPR32 Class A EN55032 Class A ICES003 Class A VCCI-CISPR32 Class A EN61000-3-2 EN61000-3-3 KS C 9832"]	47CFR Part 15 (CFR 47) Class A AS/NZS CISPR32 Class A CISPR32 Class A EN55032 Class A ICES003 Class A VCCI-CISPR32 Class A EN61000-3-2 EN61000-3-3 KS C 9832 Cla ; 47CFR Part 15 (CFR 47) Class A AS/NZS CISPR32 Class A CISPR32 Class A EN55032 Class A ICES003 Class A VCCI-CISPR32 Class A EN61000-3-2 EN61000-3-3 KS C 9832
174783	42429	HX-SD38T2HTNK9	humidity_operating	verified	hyperflex-hx-series	{"max":90,"min":10}	10% to 90% and 28°C (82.4°F) maximum dew-point temperature,
174784	42429	HX-SD38T2HTNK9	humidity_storage	verified	hyperflex-hx-series	{"max":93,"min":5}	5% to 93% relative humidity, non-condensing, with a maximum
174785	42429	HX-SD38T2HTNK9	certifications	verified	hyperflex-hx-series	["60950-1 Second Edition"]	60950-1 Second Edition
174786	42429	HX-SD38T2HTNK9	emc_emissions	verified	hyperflex-hx-series	["47CFR Part 15 (CFR 47) Class A"]	47CFR Part 15 (CFR 47) Class A
155433	40211	HCI-CPU-I6767P	emc_immunity	verified	compute-hyperconverged	["EN55035 EN55024 CISPR24/35 EN300386 KS C 9835 IEC/EN61000-6-1"]	EN55035 EN55024 CISPR24/35 EN300386 KS C 9835 IEC/EN61000-6-1
174864	40211	HCI-CPU-I6767P	emc_emissions	verified	compute-hyperconverged	["47CFR Part 15 (CFR 47) Class A AS","NZS CISPR32 Class A CISPR32 Class A EN55032 Class A ICES003 Class A VCCI-CISPR32 Class A EN61000-3-2 EN61000-3-3 KS C 9832 Cla","47CFR Part 15 (CFR 47) Class A AS/NZS CISPR32 Class A CISPR32 Class A EN55032 Class A ICES003 Class A VCCI-CISPR32 Class A EN61000-3-2 EN61000-3-3 KS C 9832"]	47CFR Part 15 (CFR 47) Class A AS/NZS CISPR32 Class A CISPR32 Class A EN55032 Class A ICES003 Class A VCCI-CISPR32 Class A EN61000-3-2 EN61000-3-3 KS C 9832 Cla ; 47CFR Part 15 (CFR 47) Class A AS/NZS CISPR32 Class A CISPR32 Class A EN55032 Class A ICES003 Class A VCCI-CISPR32 Class A EN61000-3-2 EN61000-3-3 KS C 9832
173517	42949	HX-SD960G61X-EV	humidity_operating	verified	hyperflex-hx-series	{"max":90,"min":10}	10% to 90% and 28°C (82.4°F) maximum dew-point temperature,
173518	42949	HX-SD960G61X-EV	humidity_storage	verified	hyperflex-hx-series	{"max":93,"min":5}	5% to 93% relative humidity, non-condensing, with a maximum
173519	42949	HX-SD960G61X-EV	certifications	verified	hyperflex-hx-series	["60950-1 Second Edition"]	60950-1 Second Edition
173520	42949	HX-SD960G61X-EV	emc_emissions	verified	hyperflex-hx-series	["47CFR Part 15 (CFR 47) Class A"]	47CFR Part 15 (CFR 47) Class A
157918	86335	UCSX-CPU-A9655P3	temp_storage	verified	compute-hyperconverged	{"max":65,"min":-40}	-40° to 149°F (–40° to 65°C)
124531	86335	UCSX-CPU-A9655P3	temp_operating	verified	compute-hyperconverged	{"max":35,"min":10}	50° to 95°F (10° to 35°C)
124533	86335	UCSX-CPU-A9655P3	humidity_operating	verified	compute-hyperconverged	{"max":90,"min":5}	5% to 90% noncondensing
174521	41444	HX-CPU-6134M	humidity_operating	verified	hyperflex-hx-series	{"max":90,"min":10}	10% to 90% and 28°C (82.4°F) maximum dew-point temperature,
174522	41444	HX-CPU-6134M	humidity_storage	verified	hyperflex-hx-series	{"max":93,"min":5}	5% to 93% relative humidity, non-condensing, with a maximum
174523	41444	HX-CPU-6134M	certifications	verified	hyperflex-hx-series	["60950-1 Second Edition"]	60950-1 Second Edition
174524	41444	HX-CPU-6134M	emc_emissions	verified	hyperflex-hx-series	["47CFR Part 15 (CFR 47) Class A"]	47CFR Part 15 (CFR 47) Class A
174557	41510	HX-CPU-6148	humidity_operating	verified	hyperflex-hx-series	{"max":90,"min":10}	10% to 90% and 28°C (82.4°F) maximum dew-point temperature,
174558	41510	HX-CPU-6148	humidity_storage	verified	hyperflex-hx-series	{"max":93,"min":5}	5% to 93% relative humidity, non-condensing, with a maximum
174559	41510	HX-CPU-6148	certifications	verified	hyperflex-hx-series	["60950-1 Second Edition"]	60950-1 Second Edition
174560	41510	HX-CPU-6148	emc_emissions	verified	hyperflex-hx-series	["47CFR Part 15 (CFR 47) Class A"]	47CFR Part 15 (CFR 47) Class A
95353	41484	HX-CPU-A7502P	emc_immunity	verified	hyperflex-hx-series	["EN55024 CISPR24 EN300386 KN35"]	EN55024 CISPR24 EN300386 KN35
174953	41484	HX-CPU-A7502P	emc_emissions	verified	hyperflex-hx-series	["47CFR Part 15 (CFR 47) Class A  AS","NZS CISPR32 Class A  CISPR32 Class A EN55032 Class A  ICES003 Class A  VCCI Class A  EN61000-3-2 EN61000-3-3 KN32 Cla","47CFR Part 15 (CFR 47) Class A  AS/NZS CISPR32 Class A  CISPR32 Class A EN55032 Class A  ICES003 Class A  VCCI Class A  EN61000-3-2 EN61000-3-3 KN32"]	47CFR Part 15 (CFR 47) Class A  AS/NZS CISPR32 Class A  CISPR32 Class A EN55032 Class A  ICES003 Class A  VCCI Class A  EN61000-3-2 EN61000-3-3 KN32 Cla ; 47CFR Part 15 (CFR 47) Class A  AS/NZS CISPR32 Class A  CISPR32 Class A EN55032 Class A  ICES003 Class A  VCCI Class A  EN61000-3-2 EN61000-3-3 KN32
173497	41484	HX-CPU-A7502P	humidity_operating	verified	hyperflex-hx-series	{"max":90,"min":10}	10% to 90% and 28°C (82.4°F) maximum dew-point temperature,
173498	41484	HX-CPU-A7502P	humidity_storage	verified	hyperflex-hx-series	{"max":93,"min":5}	5% to 93% relative humidity, non-condensing, with a maximum
155891	41970	HX-CPU-I6314U	emc_emissions	verified	hyperflex-hx-series	["47CFR Part 15 (CFR 47) Class A  AS/NZS CISPR32 Class A  CISPR32 Class A EN55032 Class A  ICES003 Class A  VCCI Class A  EN61000-3-2 EN61000-3-3 KN32"]	47CFR Part 15 (CFR 47) Class A  AS/NZS CISPR32 Class A  CISPR32 Class A EN55032 Class A  ICES003 Class A  VCCI Class A  EN61000-3-2 EN61000-3-3 KN32
155892	41970	HX-CPU-I6314U	emc_immunity	verified	hyperflex-hx-series	["EN55024 CISPR24 EN300386 KN35"]	EN55024 CISPR24 EN300386 KN35
173540	41970	HX-CPU-I6314U	humidity_operating	verified	hyperflex-hx-series	{"max":90,"min":10}	10% to 90% and 28°C (82.4°F) maximum dew-point temperature,
173541	41970	HX-CPU-I6314U	humidity_storage	verified	hyperflex-hx-series	{"max":93,"min":5}	5% to 93% relative humidity, non-condensing, with a maximum
96042	43565	HXE-CPU-A7763	emc_immunity	verified	hyperflex-hx-series	["EN55024 CISPR24 EN300386 KN35"]	EN55024 CISPR24 EN300386 KN35
174923	43565	HXE-CPU-A7763	emc_emissions	verified	hyperflex-hx-series	["47CFR Part 15 (CFR 47) Class A  AS","NZS CISPR32 Class A  CISPR32 Class A EN55032 Class A  ICES003 Class A  VCCI Class A  EN61000-3-2 EN61000-3-3 KN32 Cla","47CFR Part 15 (CFR 47) Class A  AS/NZS CISPR32 Class A  CISPR32 Class A EN55032 Class A  ICES003 Class A  VCCI Class A  EN61000-3-2 EN61000-3-3 KN32"]	47CFR Part 15 (CFR 47) Class A  AS/NZS CISPR32 Class A  CISPR32 Class A EN55032 Class A  ICES003 Class A  VCCI Class A  EN61000-3-2 EN61000-3-3 KN32 Cla ; 47CFR Part 15 (CFR 47) Class A  AS/NZS CISPR32 Class A  CISPR32 Class A EN55032 Class A  ICES003 Class A  VCCI Class A  EN61000-3-2 EN61000-3-3 KN32
173371	43565	HXE-CPU-A7763	humidity_operating	verified	hyperflex-hx-series	{"max":90,"min":10}	10% to 90% and 28°C (82.4°F) maximum dew-point temperature,
173372	43565	HXE-CPU-A7763	humidity_storage	verified	hyperflex-hx-series	{"max":93,"min":5}	5% to 93% relative humidity, non-condensing, with a maximum
172964	39957	HCI-CPU-A9845	humidity_operating	verified	hyperconverged-infrastructure	{"max":90,"min":8}	8% to 90% relative humidity, non-condensing, with maximum wet
172965	39957	HCI-CPU-A9845	humidity_storage	verified	hyperconverged-infrastructure	{"max":93,"min":5}	5% to 93% relative humidity, non-condensing, with a maximum
155071	39957	HCI-CPU-A9845	emc_immunity	verified	hyperconverged-infrastructure	["EN55035 EN55024 CISPR24/35 EN300386 KS C 9835 IEC/EN61000-6-1"]	EN55035 EN55024 CISPR24/35 EN300386 KS C 9835 IEC/EN61000-6-1
174844	39957	HCI-CPU-A9845	emc_emissions	verified	hyperconverged-infrastructure	["47CFR Part 15 (CFR 47) Class A AS","NZS CISPR32 Class A CISPR32 Class A EN55032 Class A ICES003 Class A VCCI-CISPR32 Class A EN61000-3-2 EN61000-3-3 KS C 9832 Cla","47CFR Part 15 (CFR 47) Class A AS/NZS CISPR32 Class A CISPR32 Class A EN55032 Class A ICES003 Class A VCCI-CISPR32 Class A EN61000-3-2 EN61000-3-3 KS C 9832"]	47CFR Part 15 (CFR 47) Class A AS/NZS CISPR32 Class A CISPR32 Class A EN55032 Class A ICES003 Class A VCCI-CISPR32 Class A EN61000-3-2 EN61000-3-3 KS C 9832 Cla ; 47CFR Part 15 (CFR 47) Class A AS/NZS CISPR32 Class A CISPR32 Class A EN55032 Class A ICES003 Class A VCCI-CISPR32 Class A EN61000-3-2 EN61000-3-3 KS C 9832
173092	81177	UCS-CPU-I8360Y	altitude_max	verified	compute-hyperconverged	3050	0 m to 3050 m (10,000 ft)
173091	81177	UCS-CPU-I8360Y	temp_operating	verified	compute-hyperconverged	{"max":35,"min":10}	10°C to 35°C (50°F to 95°F) with no direct sunlight
173093	81177	UCS-CPU-I8360Y	altitude_storage	verified	compute-hyperconverged	"0 m to 12,000 m (39,370 ft)"	0 m to 12,000 m (39,370 ft)
173094	81177	UCS-CPU-I8360Y	certifications	verified	compute-hyperconverged	["950-1 No. 21CFR1040","CAN/CSA-C22.2 No. 60950-1","IRAM IEC60950-1"]	950-1 No. 21CFR1040, CAN/CSA-C22.2 No. 60950-1, IRAM IEC60950-1,
155190	39839	HCI-CPU-I6330	emc_emissions	verified	compute-hyperconverged-nutanix	["47CFR Part 15 (CFR 47) Class A AS/NZS CISPR32 Class A CISPR32 Class A EN55032 Class A ICES003 Class A VCCI Class A EN61000-3-2 EN61000-3-3 KN32 Class A CNS13438"]	47CFR Part 15 (CFR 47) Class A AS/NZS CISPR32 Class A CISPR32 Class A EN55032 Class A ICES003 Class A VCCI Class A EN61000-3-2 EN61000-3-3 KN32 Class A CNS13438
93385	39839	HCI-CPU-I6330	emc_immunity	verified	compute-hyperconverged-nutanix	["EN55024 CISPR24 EN300386 KN35"]	EN55024 CISPR24 EN300386 KN35
173045	39839	HCI-CPU-I6330	humidity_operating	verified	compute-hyperconverged-nutanix	{"max":90,"min":10}	10% to 90% and 28°C (82.4°F) maximum dew-point temperature,
173046	39839	HCI-CPU-I6330	humidity_storage	verified	compute-hyperconverged-nutanix	{"max":93,"min":5}	5% to 93% relative humidity, non-condensing, with a maximum
155172	40182	HCI-CPU-I6348	emc_emissions	verified	compute-hyperconverged-nutanix	["47CFR Part 15 (CFR 47) Class A AS/NZS CISPR32 Class A CISPR32 Class A EN55032 Class A ICES003 Class A VCCI Class A EN61000-3-2 EN61000-3-3 KN32 Class A CNS13438"]	47CFR Part 15 (CFR 47) Class A AS/NZS CISPR32 Class A CISPR32 Class A EN55032 Class A ICES003 Class A VCCI Class A EN61000-3-2 EN61000-3-3 KN32 Class A CNS13438
94127	40182	HCI-CPU-I6348	emc_immunity	verified	compute-hyperconverged-nutanix	["EN55024 CISPR24 EN300386 KN35"]	EN55024 CISPR24 EN300386 KN35
173027	40182	HCI-CPU-I6348	humidity_operating	verified	compute-hyperconverged-nutanix	{"max":90,"min":10}	10% to 90% and 28°C (82.4°F) maximum dew-point temperature,
173028	40182	HCI-CPU-I6348	humidity_storage	verified	compute-hyperconverged-nutanix	{"max":93,"min":5}	5% to 93% relative humidity, non-condensing, with a maximum
93978	40117	HCI-CPU-I6741P1	emc_emissions	verified	compute-hyperconverged	["47CFR Part 15 (CFR 47) Class A AS","NZS CISPR32 Class A CISPR32 Class A EN55032 Class A ICES003 Class A VCCI-CISPR32 Class A EN61000-3-2 EN61000-3-3 KS C 9832 Cla"]	47CFR Part 15 (CFR 47) Class A AS/NZS CISPR32 Class A CISPR32 Class A EN55032 Class A ICES003 Class A VCCI-CISPR32 Class A EN61000-3-2 EN61000-3-3 KS C 9832 Cla
93979	40117	HCI-CPU-I6741P1	emc_immunity	verified	compute-hyperconverged	["EN55035 EN55024 CISPR24","35 EN300386 KS C 9835 IEC","EN61000-6-1"]	EN55035 EN55024 CISPR24/35 EN300386 KS C 9835 IEC/EN61000-6-1
174493	41420	HX-CPU-5117	humidity_operating	verified	hyperflex-hx-series	{"max":90,"min":10}	10% to 90% and 28°C (82.4°F) maximum dew-point temperature,
174494	41420	HX-CPU-5117	humidity_storage	verified	hyperflex-hx-series	{"max":93,"min":5}	5% to 93% relative humidity, non-condensing, with a maximum
174495	41420	HX-CPU-5117	certifications	verified	hyperflex-hx-series	["60950-1 Second Edition"]	60950-1 Second Edition
174496	41420	HX-CPU-5117	emc_emissions	verified	hyperflex-hx-series	["47CFR Part 15 (CFR 47) Class A"]	47CFR Part 15 (CFR 47) Class A
173406	41805	HX-MR-X64G2RW	certifications	verified	hyperflex-hx-series	["60950-1 Second Edition"]	60950-1 Second Edition
173404	41805	HX-MR-X64G2RW	humidity_operating	verified	hyperflex-hx-series	{"max":90,"min":10}	10% to 90% and 28°C (82.4°F) maximum dew-point temperature,
173405	41805	HX-MR-X64G2RW	humidity_storage	verified	hyperflex-hx-series	{"max":93,"min":5}	5% to 93% relative humidity, non-condensing, with a maximum
173407	41805	HX-MR-X64G2RW	emc_emissions	verified	hyperflex-hx-series	["47CFR Part 15 (CFR 47) Class A"]	47CFR Part 15 (CFR 47) Class A
156465	82000	UCS-HDL22TW1S74K	emc_immunity	verified	ucs-c-series-rack-servers	["EN55035 EN55024 CISPR24/35 EN300386 KS C 9835 IEC/EN61000-6-1"]	EN55035 EN55024 CISPR24/35 EN300386 KS C 9835 IEC/EN61000-6-1
175144	82000	UCS-HDL22TW1S74K	emc_emissions	verified	ucs-c-series-rack-servers	["47CFR Part 15 (CFR 47) Class A AS","NZS CISPR32 Class A CISPR32 Class A EN55032 Class A ICES003 Class A VCCI-CISPR32 Class A EN61000-3-2 EN61000-3-3 KS C 9832 Cla","47CFR Part 15 (CFR 47) Class A AS/NZS CISPR32 Class A CISPR32 Class A EN55032 Class A ICES003 Class A VCCI-CISPR32 Class A EN61000-3-2 EN61000-3-3 KS C 9832"]	47CFR Part 15 (CFR 47) Class A AS/NZS CISPR32 Class A CISPR32 Class A EN55032 Class A ICES003 Class A VCCI-CISPR32 Class A EN61000-3-2 EN61000-3-3 KS C 9832 Cla ; 47CFR Part 15 (CFR 47) Class A AS/NZS CISPR32 Class A CISPR32 Class A EN55032 Class A ICES003 Class A VCCI-CISPR32 Class A EN61000-3-2 EN61000-3-3 KS C 9832
155170	40119	HCI-CPU-I8358	emc_emissions	verified	compute-hyperconverged-nutanix	["47CFR Part 15 (CFR 47) Class A AS/NZS CISPR32 Class A CISPR32 Class A EN55032 Class A ICES003 Class A VCCI Class A EN61000-3-2 EN61000-3-3 KN32 Class A CNS13438"]	47CFR Part 15 (CFR 47) Class A AS/NZS CISPR32 Class A CISPR32 Class A EN55032 Class A ICES003 Class A VCCI Class A EN61000-3-2 EN61000-3-3 KN32 Class A CNS13438
93991	40119	HCI-CPU-I8358	emc_immunity	verified	compute-hyperconverged-nutanix	["EN55024 CISPR24 EN300386 KN35"]	EN55024 CISPR24 EN300386 KN35
173025	40119	HCI-CPU-I8358	humidity_operating	verified	compute-hyperconverged-nutanix	{"max":90,"min":10}	10% to 90% and 28°C (82.4°F) maximum dew-point temperature,
173026	40119	HCI-CPU-I8358	humidity_storage	verified	compute-hyperconverged-nutanix	{"max":93,"min":5}	5% to 93% relative humidity, non-condensing, with a maximum
155216	40365	HCI-MR-X32G1RW	emc_emissions	verified	compute-hyperconverged-nutanix	["47CFR Part 15 (CFR 47) Class A AS/NZS CISPR32 Class A CISPR32 Class A EN55032 Class A ICES003 Class A VCCI Class A EN61000-3-2 EN61000-3-3 KN32 Class A CNS13438"]	47CFR Part 15 (CFR 47) Class A AS/NZS CISPR32 Class A CISPR32 Class A EN55032 Class A ICES003 Class A VCCI Class A EN61000-3-2 EN61000-3-3 KN32 Class A CNS13438
94345	40365	HCI-MR-X32G1RW	emc_immunity	verified	compute-hyperconverged-nutanix	["EN55024 CISPR24 EN300386 KN35"]	EN55024 CISPR24 EN300386 KN35
173073	40365	HCI-MR-X32G1RW	humidity_operating	verified	compute-hyperconverged-nutanix	{"max":90,"min":10}	10% to 90% and 28°C (82.4°F) maximum dew-point temperature,
173074	40365	HCI-MR-X32G1RW	humidity_storage	verified	compute-hyperconverged-nutanix	{"max":93,"min":5}	5% to 93% relative humidity, non-condensing, with a maximum
95598	41738	HX-CPU-A7443P	emc_immunity	verified	hyperflex-hx-series	["EN55024 CISPR24 EN300386 KN35"]	EN55024 CISPR24 EN300386 KN35
174943	41738	HX-CPU-A7443P	emc_emissions	verified	hyperflex-hx-series	["47CFR Part 15 (CFR 47) Class A  AS","NZS CISPR32 Class A  CISPR32 Class A EN55032 Class A  ICES003 Class A  VCCI Class A  EN61000-3-2 EN61000-3-3 KN32 Cla","47CFR Part 15 (CFR 47) Class A  AS/NZS CISPR32 Class A  CISPR32 Class A EN55032 Class A  ICES003 Class A  VCCI Class A  EN61000-3-2 EN61000-3-3 KN32"]	47CFR Part 15 (CFR 47) Class A  AS/NZS CISPR32 Class A  CISPR32 Class A EN55032 Class A  ICES003 Class A  VCCI Class A  EN61000-3-2 EN61000-3-3 KN32 Cla ; 47CFR Part 15 (CFR 47) Class A  AS/NZS CISPR32 Class A  CISPR32 Class A EN55032 Class A  ICES003 Class A  VCCI Class A  EN61000-3-2 EN61000-3-3 KN32
173467	41738	HX-CPU-A7443P	humidity_operating	verified	hyperflex-hx-series	{"max":90,"min":10}	10% to 90% and 28°C (82.4°F) maximum dew-point temperature,
173468	41738	HX-CPU-A7443P	humidity_storage	verified	hyperflex-hx-series	{"max":93,"min":5}	5% to 93% relative humidity, non-condensing, with a maximum
174791	43177	HX-SD960G2HTNK9	humidity_operating	verified	hyperflex-hx-series	{"max":90,"min":10}	10% to 90% and 28°C (82.4°F) maximum dew-point temperature,
174792	43177	HX-SD960G2HTNK9	humidity_storage	verified	hyperflex-hx-series	{"max":93,"min":5}	5% to 93% relative humidity, non-condensing, with a maximum
174794	43177	HX-SD960G2HTNK9	emc_emissions	verified	hyperflex-hx-series	["47CFR Part 15 (CFR 47) Class A"]	47CFR Part 15 (CFR 47) Class A
174793	43177	HX-SD960G2HTNK9	certifications	verified	hyperflex-hx-series	["60950-1 Second Edition"]	60950-1 Second Edition
155194	40078	HCI-CPU-I5320T	emc_emissions	verified	compute-hyperconverged-nutanix	["47CFR Part 15 (CFR 47) Class A AS/NZS CISPR32 Class A CISPR32 Class A EN55032 Class A ICES003 Class A VCCI Class A EN61000-3-2 EN61000-3-3 KN32 Class A CNS13438"]	47CFR Part 15 (CFR 47) Class A AS/NZS CISPR32 Class A CISPR32 Class A EN55032 Class A ICES003 Class A VCCI Class A EN61000-3-2 EN61000-3-3 KN32 Class A CNS13438
93883	40078	HCI-CPU-I5320T	emc_immunity	verified	compute-hyperconverged-nutanix	["EN55024 CISPR24 EN300386 KN35"]	EN55024 CISPR24 EN300386 KN35
173049	40078	HCI-CPU-I5320T	humidity_operating	verified	compute-hyperconverged-nutanix	{"max":90,"min":10}	10% to 90% and 28°C (82.4°F) maximum dew-point temperature,
173050	40078	HCI-CPU-I5320T	humidity_storage	verified	compute-hyperconverged-nutanix	{"max":93,"min":5}	5% to 93% relative humidity, non-condensing, with a maximum
173156	80968	UCS-CPU-I6330	altitude_max	verified	compute-hyperconverged	3050	0 m to 3050 m (10,000 ft)
173155	80968	UCS-CPU-I6330	temp_operating	verified	compute-hyperconverged	{"max":35,"min":10}	10°C to 35°C (50°F to 95°F) with no direct sunlight
173157	80968	UCS-CPU-I6330	altitude_storage	verified	compute-hyperconverged	"0 m to 12,000 m (39,370 ft)"	0 m to 12,000 m (39,370 ft)
173158	80968	UCS-CPU-I6330	certifications	verified	compute-hyperconverged	["950-1 No. 21CFR1040","CAN/CSA-C22.2 No. 60950-1","IRAM IEC60950-1"]	950-1 No. 21CFR1040, CAN/CSA-C22.2 No. 60950-1, IRAM IEC60950-1,
174657	42074	HX-MR-X32G2RS-H	humidity_operating	verified	hyperflex-hx-series	{"max":90,"min":10}	10% to 90% and 28°C (82.4°F) maximum dew-point temperature,
174658	42074	HX-MR-X32G2RS-H	humidity_storage	verified	hyperflex-hx-series	{"max":93,"min":5}	5% to 93% relative humidity, non-condensing, with a maximum
174659	42074	HX-MR-X32G2RS-H	certifications	verified	hyperflex-hx-series	["60950-1 Second Edition"]	60950-1 Second Edition
174660	42074	HX-MR-X32G2RS-H	emc_emissions	verified	hyperflex-hx-series	["47CFR Part 15 (CFR 47) Class A"]	47CFR Part 15 (CFR 47) Class A
155497	39871	HCI-CPU-I6714P	emc_immunity	verified	compute-hyperconverged	["EN55035 EN55024 CISPR24/35 EN300386 KS C 9835 IEC/EN61000-6-1"]	EN55035 EN55024 CISPR24/35 EN300386 KS C 9835 IEC/EN61000-6-1
174880	39871	HCI-CPU-I6714P	emc_emissions	verified	compute-hyperconverged	["47CFR Part 15 (CFR 47) Class A AS","NZS CISPR32 Class A CISPR32 Class A EN55032 Class A ICES003 Class A VCCI-CISPR32 Class A EN61000-3-2 EN61000-3-3 KS C 9832 Cla","47CFR Part 15 (CFR 47) Class A AS/NZS CISPR32 Class A CISPR32 Class A EN55032 Class A ICES003 Class A VCCI-CISPR32 Class A EN61000-3-2 EN61000-3-3 KS C 9832"]	47CFR Part 15 (CFR 47) Class A AS/NZS CISPR32 Class A CISPR32 Class A EN55032 Class A ICES003 Class A VCCI-CISPR32 Class A EN61000-3-2 EN61000-3-3 KS C 9832 Cla ; 47CFR Part 15 (CFR 47) Class A AS/NZS CISPR32 Class A CISPR32 Class A EN55032 Class A ICES003 Class A VCCI-CISPR32 Class A EN61000-3-2 EN61000-3-3 KS C 9832
94561	40698	HCIX-CPU-I5412U1	temp_operating	verified	compute-hyperconverged-nutanix	{"max":35,"min":10}	50° to 95°F (10° to 35°C)
94563	40698	HCIX-CPU-I5412U1	humidity_operating	verified	compute-hyperconverged-nutanix	{"max":90,"min":5}	5% to 90% noncondensing
157798	40698	HCIX-CPU-I5412U1	temp_storage	verified	compute-hyperconverged-nutanix	{"max":65,"min":-40}	-40° to 149°F (–40° to 65°C)
174462	85185	UCSC-HSHP-C245M6	humidity_operating	verified	hyperflex-hx-series	{"max":90,"min":10}	10% to 90% and 28°C (82.4°F) maximum dew-point temperature,
174463	85185	UCSC-HSHP-C245M6	humidity_storage	verified	hyperflex-hx-series	{"max":93,"min":5}	5% to 93% relative humidity, non-condensing, with a maximum
124243	85185	UCSC-HSHP-C245M6	emc_immunity	verified	hyperflex-hx-series	["EN55024 CISPR24 EN300386 KN35"]	EN55024 CISPR24 EN300386 KN35
175197	85185	UCSC-HSHP-C245M6	emc_emissions	verified	hyperflex-hx-series	["47CFR Part 15 (CFR 47) Class A  AS","NZS CISPR32 Class A  CISPR32 Class A EN55032 Class A  ICES003 Class A  VCCI Class A  EN61000-3-2 EN61000-3-3 KN32 Cla","47CFR Part 15 (CFR 47) Class A  AS/NZS CISPR32 Class A  CISPR32 Class A EN55032 Class A  ICES003 Class A  VCCI Class A  EN61000-3-2 EN61000-3-3 KN32"]	47CFR Part 15 (CFR 47) Class A  AS/NZS CISPR32 Class A  CISPR32 Class A EN55032 Class A  ICES003 Class A  VCCI Class A  EN61000-3-2 EN61000-3-3 KN32 Cla ; 47CFR Part 15 (CFR 47) Class A  AS/NZS CISPR32 Class A  CISPR32 Class A EN55032 Class A  ICES003 Class A  VCCI Class A  EN61000-3-2 EN61000-3-3 KN32
174442	82030	UCS-M2-240G=	temp_operating	verified	compute-hyperconverged	{"max":35,"min":10}	10°C to 35°C (50°F to 95°F) with no direct sunlight
174443	82030	UCS-M2-240G=	altitude_max	verified	compute-hyperconverged	3050	0 m to 3050 m (10,000 ft)
174444	82030	UCS-M2-240G=	altitude_storage	verified	compute-hyperconverged	"0 m to 12,000 m (39,370 ft)"	0 m to 12,000 m (39,370 ft)
174445	82030	UCS-M2-240G=	certifications	verified	compute-hyperconverged	["950-1 No. 21CFR1040","CAN/CSA-C22.2 No. 60950-1","IRAM IEC60950-1"]	950-1 No. 21CFR1040, CAN/CSA-C22.2 No. 60950-1, IRAM IEC60950-1,
173136	80934	UCS-CPU-I6338N	altitude_max	verified	compute-hyperconverged	3050	0 m to 3050 m (10,000 ft)
173135	80934	UCS-CPU-I6338N	temp_operating	verified	compute-hyperconverged	{"max":35,"min":10}	10°C to 35°C (50°F to 95°F) with no direct sunlight
173137	80934	UCS-CPU-I6338N	altitude_storage	verified	compute-hyperconverged	"0 m to 12,000 m (39,370 ft)"	0 m to 12,000 m (39,370 ft)
173138	80934	UCS-CPU-I6338N	certifications	verified	compute-hyperconverged	["950-1 No. 21CFR1040","CAN/CSA-C22.2 No. 60950-1","IRAM IEC60950-1"]	950-1 No. 21CFR1040, CAN/CSA-C22.2 No. 60950-1, IRAM IEC60950-1,
156408	80355	UCS-CPU-A9575F	emc_immunity	verified	ucs-c-series-rack-servers	["EN55035 EN55024 CISPR24/35 EN300386 KS C 9835 IEC/EN61000-6-1"]	EN55035 EN55024 CISPR24/35 EN300386 KS C 9835 IEC/EN61000-6-1
175125	80355	UCS-CPU-A9575F	emc_emissions	verified	ucs-c-series-rack-servers	["47CFR Part 15 (CFR 47) Class A AS","NZS CISPR32 Class A CISPR32 Class A EN55032 Class A ICES003 Class A VCCI-CISPR32 Class A EN61000-3-2 EN61000-3-3 KS C 9832 Cla","47CFR Part 15 (CFR 47) Class A AS/NZS CISPR32 Class A CISPR32 Class A EN55032 Class A ICES003 Class A VCCI-CISPR32 Class A EN61000-3-2 EN61000-3-3 KS C 9832"]	47CFR Part 15 (CFR 47) Class A AS/NZS CISPR32 Class A CISPR32 Class A EN55032 Class A ICES003 Class A VCCI-CISPR32 Class A EN61000-3-2 EN61000-3-3 KS C 9832 Cla ; 47CFR Part 15 (CFR 47) Class A AS/NZS CISPR32 Class A CISPR32 Class A EN55032 Class A ICES003 Class A VCCI-CISPR32 Class A EN61000-3-2 EN61000-3-3 KS C 9832
155135	85758	UCSC-P-IQ10GC	emc_immunity	verified	hyperconverged-infrastructure	["EN55035 EN55024 CISPR24/35 EN300386 KS C 9835 IEC/EN61000-6-1"]	EN55035 EN55024 CISPR24/35 EN300386 KS C 9835 IEC/EN61000-6-1
174861	85758	UCSC-P-IQ10GC	emc_emissions	verified	hyperconverged-infrastructure	["47CFR Part 15 (CFR 47) Class A AS","NZS CISPR32 Class A CISPR32 Class A EN55032 Class A ICES003 Class A VCCI-CISPR32 Class A EN61000-3-2 EN61000-3-3 KS C 9832 Cla","47CFR Part 15 (CFR 47) Class A AS/NZS CISPR32 Class A CISPR32 Class A EN55032 Class A ICES003 Class A VCCI-CISPR32 Class A EN61000-3-2 EN61000-3-3 KS C 9832"]	47CFR Part 15 (CFR 47) Class A AS/NZS CISPR32 Class A CISPR32 Class A EN55032 Class A ICES003 Class A VCCI-CISPR32 Class A EN61000-3-2 EN61000-3-3 KS C 9832 Cla ; 47CFR Part 15 (CFR 47) Class A AS/NZS CISPR32 Class A CISPR32 Class A EN55032 Class A ICES003 Class A VCCI-CISPR32 Class A EN61000-3-2 EN61000-3-3 KS C 9832
173015	85758	UCSC-P-IQ10GC	humidity_operating	verified	hyperconverged-infrastructure	{"max":90,"min":8}	8% to 90% relative humidity, non-condensing, with maximum wet
173016	85758	UCSC-P-IQ10GC	humidity_storage	verified	hyperconverged-infrastructure	{"max":93,"min":5}	5% to 93% relative humidity, non-condensing, with a maximum
124818	86495	UCSX-CPU-I6314U5	temp_operating	verified	compute-hyperconverged	{"max":35,"min":10}	50 to 95°F (10 to 35°C) (as altitude increases, maximum temperature decreases by 1°C per 300m)
124819	86495	UCSX-CPU-I6314U5	temp_storage	verified	compute-hyperconverged	{"max":65,"min":-40}	-40 to 149°F (-40 to 65°C); maximum altitude is 40,000 ft
124820	86495	UCSX-CPU-I6314U5	humidity_operating	verified	compute-hyperconverged	{"max":90,"min":10}	10% to 90% noncondensing, 28°C max
124821	86495	UCSX-CPU-I6314U5	emc_emissions	verified	compute-hyperconverged	["■ 47CFR Part 15 (CFR 47) Class A (FCC Class A) ■ AS","NZS CISPR22 Class A ■ CISPR2 2 Class A ■ EN55022 Class A ■ ICES003 Class A ■ VCCI Class A ■ EN61000-3-2 ■ EN"]	■ 47CFR Part 15 (CFR 47) Class A (FCC Class A) ■ AS/NZS CISPR22 Class A ■ CISPR2 2 Class A ■ EN55022 Class A ■ ICES003 Class A ■ VCCI Class A ■ EN61000-3-2 ■ EN
124822	86495	UCSX-CPU-I6314U5	emc_immunity	verified	compute-hyperconverged	["■ EN50082-1 ■ EN61000-6-1 ■ EN55024 ■ CISPR24 ■ EN300386 ■ KN 61000-4 Series"]	■ EN50082-1 ■ EN61000-6-1 ■ EN55024 ■ CISPR24 ■ EN300386 ■ KN 61000-4 Series
174469	41670	HX-CPU-3106	humidity_operating	verified	hyperflex-hx-series	{"max":90,"min":10}	10% to 90% and 28°C (82.4°F) maximum dew-point temperature,
174470	41670	HX-CPU-3106	humidity_storage	verified	hyperflex-hx-series	{"max":93,"min":5}	5% to 93% relative humidity, non-condensing, with a maximum
174471	41670	HX-CPU-3106	certifications	verified	hyperflex-hx-series	["60950-1 Second Edition"]	60950-1 Second Edition
174472	41670	HX-CPU-3106	emc_emissions	verified	hyperflex-hx-series	["47CFR Part 15 (CFR 47) Class A"]	47CFR Part 15 (CFR 47) Class A
95450	41582	HX-CPU-A73F3	emc_immunity	verified	hyperflex-hx-series	["EN55024 CISPR24 EN300386 KN35"]	EN55024 CISPR24 EN300386 KN35
174947	41582	HX-CPU-A73F3	emc_emissions	verified	hyperflex-hx-series	["47CFR Part 15 (CFR 47) Class A  AS","NZS CISPR32 Class A  CISPR32 Class A EN55032 Class A  ICES003 Class A  VCCI Class A  EN61000-3-2 EN61000-3-3 KN32 Cla","47CFR Part 15 (CFR 47) Class A  AS/NZS CISPR32 Class A  CISPR32 Class A EN55032 Class A  ICES003 Class A  VCCI Class A  EN61000-3-2 EN61000-3-3 KN32"]	47CFR Part 15 (CFR 47) Class A  AS/NZS CISPR32 Class A  CISPR32 Class A EN55032 Class A  ICES003 Class A  VCCI Class A  EN61000-3-2 EN61000-3-3 KN32 Cla ; 47CFR Part 15 (CFR 47) Class A  AS/NZS CISPR32 Class A  CISPR32 Class A EN55032 Class A  ICES003 Class A  VCCI Class A  EN61000-3-2 EN61000-3-3 KN32
173479	41582	HX-CPU-A73F3	humidity_operating	verified	hyperflex-hx-series	{"max":90,"min":10}	10% to 90% and 28°C (82.4°F) maximum dew-point temperature,
173480	41582	HX-CPU-A73F3	humidity_storage	verified	hyperflex-hx-series	{"max":93,"min":5}	5% to 93% relative humidity, non-condensing, with a maximum
156428	80160	UCS-CPU-A9454P	emc_immunity	verified	ucs-c-series-rack-servers	["EN55035 EN55024 CISPR24/35 EN300386 KS C 9835 IEC/EN61000-6-1"]	EN55035 EN55024 CISPR24/35 EN300386 KS C 9835 IEC/EN61000-6-1
175130	80160	UCS-CPU-A9454P	emc_emissions	verified	ucs-c-series-rack-servers	["47CFR Part 15 (CFR 47) Class A AS","NZS CISPR32 Class A CISPR32 Class A EN55032 Class A ICES003 Class A VCCI-CISPR32 Class A EN61000-3-2 EN61000-3-3 KS C 9832 Cla","47CFR Part 15 (CFR 47) Class A AS/NZS CISPR32 Class A CISPR32 Class A EN55032 Class A ICES003 Class A VCCI-CISPR32 Class A EN61000-3-2 EN61000-3-3 KS C 9832"]	47CFR Part 15 (CFR 47) Class A AS/NZS CISPR32 Class A CISPR32 Class A EN55032 Class A ICES003 Class A VCCI-CISPR32 Class A EN61000-3-2 EN61000-3-3 KS C 9832 Cla ; 47CFR Part 15 (CFR 47) Class A AS/NZS CISPR32 Class A CISPR32 Class A EN55032 Class A ICES003 Class A VCCI-CISPR32 Class A EN61000-3-2 EN61000-3-3 KS C 9832
95530	41646	HX-CPU-A7413	emc_immunity	verified	hyperflex-hx-series	["EN55024 CISPR24 EN300386 KN35"]	EN55024 CISPR24 EN300386 KN35
174940	41646	HX-CPU-A7413	emc_emissions	verified	hyperflex-hx-series	["47CFR Part 15 (CFR 47) Class A  AS","NZS CISPR32 Class A  CISPR32 Class A EN55032 Class A  ICES003 Class A  VCCI Class A  EN61000-3-2 EN61000-3-3 KN32 Cla","47CFR Part 15 (CFR 47) Class A  AS/NZS CISPR32 Class A  CISPR32 Class A EN55032 Class A  ICES003 Class A  VCCI Class A  EN61000-3-2 EN61000-3-3 KN32"]	47CFR Part 15 (CFR 47) Class A  AS/NZS CISPR32 Class A  CISPR32 Class A EN55032 Class A  ICES003 Class A  VCCI Class A  EN61000-3-2 EN61000-3-3 KN32 Cla ; 47CFR Part 15 (CFR 47) Class A  AS/NZS CISPR32 Class A  CISPR32 Class A EN55032 Class A  ICES003 Class A  VCCI Class A  EN61000-3-2 EN61000-3-3 KN32
173458	41646	HX-CPU-A7413	humidity_operating	verified	hyperflex-hx-series	{"max":90,"min":10}	10% to 90% and 28°C (82.4°F) maximum dew-point temperature,
173459	41646	HX-CPU-A7413	humidity_storage	verified	hyperflex-hx-series	{"max":93,"min":5}	5% to 93% relative humidity, non-condensing, with a maximum
156306	81305	UCS-CPU-I6728P	emc_immunity	verified	ucs-c-series-rack-servers	["EN55035 EN55024 CISPR24/35 EN300386 KS C 9835 IEC/EN61000-6-1"]	EN55035 EN55024 CISPR24/35 EN300386 KS C 9835 IEC/EN61000-6-1
175093	81305	UCS-CPU-I6728P	emc_emissions	verified	ucs-c-series-rack-servers	["47CFR Part 15 (CFR 47) Class A AS","NZS CISPR32 Class A CISPR32 Class A EN55032 Class A ICES003 Class A VCCI-CISPR32 Class A EN61000-3-2 EN61000-3-3 KS C 9832 Cla","47CFR Part 15 (CFR 47) Class A AS/NZS CISPR32 Class A CISPR32 Class A EN55032 Class A ICES003 Class A VCCI-CISPR32 Class A EN61000-3-2 EN61000-3-3 KS C 9832"]	47CFR Part 15 (CFR 47) Class A AS/NZS CISPR32 Class A CISPR32 Class A EN55032 Class A ICES003 Class A VCCI-CISPR32 Class A EN61000-3-2 EN61000-3-3 KS C 9832 Cla ; 47CFR Part 15 (CFR 47) Class A AS/NZS CISPR32 Class A CISPR32 Class A EN55032 Class A ICES003 Class A VCCI-CISPR32 Class A EN61000-3-2 EN61000-3-3 KS C 9832
156537	82172	UCS-HDM18TT2S74K	emc_immunity	verified	ucs-c-series-rack-servers	["EN55035 EN55024 CISPR24/35 EN300386 KS C 9835 IEC/EN61000-6-1"]	EN55035 EN55024 CISPR24/35 EN300386 KS C 9835 IEC/EN61000-6-1
175180	82172	UCS-HDM18TT2S74K	emc_emissions	verified	ucs-c-series-rack-servers	["47CFR Part 15 (CFR 47) Class A AS","NZS CISPR32 Class A CISPR32 Class A EN55032 Class A ICES003 Class A VCCI-CISPR32 Class A EN61000-3-2 EN61000-3-3 KS C 9832 Cla","47CFR Part 15 (CFR 47) Class A AS/NZS CISPR32 Class A CISPR32 Class A EN55032 Class A ICES003 Class A VCCI-CISPR32 Class A EN61000-3-2 EN61000-3-3 KS C 9832"]	47CFR Part 15 (CFR 47) Class A AS/NZS CISPR32 Class A CISPR32 Class A EN55032 Class A ICES003 Class A VCCI-CISPR32 Class A EN61000-3-2 EN61000-3-3 KS C 9832 Cla ; 47CFR Part 15 (CFR 47) Class A AS/NZS CISPR32 Class A CISPR32 Class A EN55032 Class A ICES003 Class A VCCI-CISPR32 Class A EN61000-3-2 EN61000-3-3 KS C 9832
173180	80957	UCS-CPU-I4316	altitude_max	verified	compute-hyperconverged	3050	0 m to 3050 m (10,000 ft)
173179	80957	UCS-CPU-I4316	temp_operating	verified	compute-hyperconverged	{"max":35,"min":10}	10°C to 35°C (50°F to 95°F) with no direct sunlight
173181	80957	UCS-CPU-I4316	altitude_storage	verified	compute-hyperconverged	"0 m to 12,000 m (39,370 ft)"	0 m to 12,000 m (39,370 ft)
173182	80957	UCS-CPU-I4316	certifications	verified	compute-hyperconverged	["950-1 No. 21CFR1040","CAN/CSA-C22.2 No. 60950-1","IRAM IEC60950-1"]	950-1 No. 21CFR1040, CAN/CSA-C22.2 No. 60950-1, IRAM IEC60950-1,
173232	81296	UCS-CPU-I6242R	altitude_max	verified	compute-hyperconverged	3050	0 m to 3050 m (10,000 ft)
173231	81296	UCS-CPU-I6242R	temp_operating	verified	compute-hyperconverged	{"max":35,"min":10}	10°C to 35°C (50°F to 95°F) with no direct sunlight
173233	81296	UCS-CPU-I6242R	altitude_storage	verified	compute-hyperconverged	"0 m to 12,000 m (39,370 ft)"	0 m to 12,000 m (39,370 ft)
173234	81296	UCS-CPU-I6242R	certifications	verified	compute-hyperconverged	["950-1 No. 21CFR1040","CAN/CSA-C22.2 No. 60950-1","IRAM IEC60950-1"]	950-1 No. 21CFR1040, CAN/CSA-C22.2 No. 60950-1, IRAM IEC60950-1,
95675	41907	HX-GPU-A30	emc_immunity	verified	hyperflex-hx-series	["EN55024 CISPR24 EN300386 KN35"]	EN55024 CISPR24 EN300386 KN35
174964	41907	HX-GPU-A30	emc_emissions	verified	hyperflex-hx-series	["47CFR Part 15 (CFR 47) Class A  AS","NZS CISPR32 Class A  CISPR32 Class A EN55032 Class A  ICES003 Class A  VCCI Class A  EN61000-3-2 EN61000-3-3 KN32 Cla","47CFR Part 15 (CFR 47) Class A  AS/NZS CISPR32 Class A  CISPR32 Class A EN55032 Class A  ICES003 Class A  VCCI Class A  EN61000-3-2 EN61000-3-3 KN32"]	47CFR Part 15 (CFR 47) Class A  AS/NZS CISPR32 Class A  CISPR32 Class A EN55032 Class A  ICES003 Class A  VCCI Class A  EN61000-3-2 EN61000-3-3 KN32 Cla ; 47CFR Part 15 (CFR 47) Class A  AS/NZS CISPR32 Class A  CISPR32 Class A EN55032 Class A  ICES003 Class A  VCCI Class A  EN61000-3-2 EN61000-3-3 KN32
173554	41907	HX-GPU-A30	humidity_operating	verified	hyperflex-hx-series	{"max":90,"min":10}	10% to 90% and 28°C (82.4°F) maximum dew-point temperature,
173555	41907	HX-GPU-A30	humidity_storage	verified	hyperflex-hx-series	{"max":93,"min":5}	5% to 93% relative humidity, non-condensing, with a maximum
93649	39969	HCi-GPU-H200-NVL1	emc_emissions	verified	compute-hyperconverged	["47CFR Part 15 (CFR 47) Class A AS","NZS CISPR32 Class A CISPR32 Class A EN55032 Class A ICES003 Class A VCCI-CISPR32 Class A EN61000-3-2 EN61000-3-3 KS C 9832 Cla"]	47CFR Part 15 (CFR 47) Class A AS/NZS CISPR32 Class A CISPR32 Class A EN55032 Class A ICES003 Class A VCCI-CISPR32 Class A EN61000-3-2 EN61000-3-3 KS C 9832 Cla
93650	39969	HCi-GPU-H200-NVL1	emc_immunity	verified	compute-hyperconverged	["EN55035 EN55024 CISPR24","35 EN300386 KS C 9835 IEC","EN61000-6-1"]	EN55035 EN55024 CISPR24/35 EN300386 KS C 9835 IEC/EN61000-6-1
173244	81158	UCS-CPU-I5218N	altitude_max	verified	compute-hyperconverged	3050	0 m to 3050 m (10,000 ft)
173243	81158	UCS-CPU-I5218N	temp_operating	verified	compute-hyperconverged	{"max":35,"min":10}	10°C to 35°C (50°F to 95°F) with no direct sunlight
173245	81158	UCS-CPU-I5218N	altitude_storage	verified	compute-hyperconverged	"0 m to 12,000 m (39,370 ft)"	0 m to 12,000 m (39,370 ft)
173246	81158	UCS-CPU-I5218N	certifications	verified	compute-hyperconverged	["950-1 No. 21CFR1040","CAN/CSA-C22.2 No. 60950-1","IRAM IEC60950-1"]	950-1 No. 21CFR1040, CAN/CSA-C22.2 No. 60950-1, IRAM IEC60950-1,
106176	63936	NCS1K4-AC-PSU=	regions_supported	verified	network-convergence-system-1000-series	"● European Union ● Africa ● CSI ● Australia ● New Zealand ● China ● Korea ● India ● Saudi Arabia ● South America"	● European Union ● Africa ● CSI ● Australia ● New Zealand ● China ● Korea ● India ● Saudi Arabia ● South America
152509	63936	NCS1K4-AC-PSU=	certifications	verified	network-convergence-system-1000-series	["IEC 60950-1 Information technology equipment Safety Part 1: General requirements - Edition 2, 2005 + Amendment 1 2009 + Amendment 2 2013","EN 60950-1: Edition"]	● IEC 60950-1 Information technology equipment Safety Part 1: General requirements - Edition 2, 2005 + Amendment 1 2009 + Amendment 2 2013 ● EN 60950-1: Edition
157355	82236	UCS-M2-240GB-D	emc_immunity	verified	ucs-c-series-rack-servers	["EN55035 EN55024 CISPR24/35 EN300386 KS C 9835 IEC/EN61000-6-1"]	EN55035 EN55024 CISPR24/35 EN300386 KS C 9835 IEC/EN61000-6-1
175210	82236	UCS-M2-240GB-D	emc_emissions	verified	ucs-c-series-rack-servers	["47CFR Part 15 (CFR 47) Class A AS","NZS CISPR32 Class A CISPR32 Class A EN55032 Class A ICES003 Class A VCCI-CISPR32 Class A EN61000-3-2 EN61000-3-3 KS C 9832 Cla","47CFR Part 15 (CFR 47) Class A AS/NZS CISPR32 Class A CISPR32 Class A EN55032 Class A ICES003 Class A VCCI-CISPR32 Class A EN61000-3-2 EN61000-3-3 KS C 9832"]	47CFR Part 15 (CFR 47) Class A AS/NZS CISPR32 Class A CISPR32 Class A EN55032 Class A ICES003 Class A VCCI-CISPR32 Class A EN61000-3-2 EN61000-3-3 KS C 9832 Cla ; 47CFR Part 15 (CFR 47) Class A AS/NZS CISPR32 Class A CISPR32 Class A EN55032 Class A ICES003 Class A VCCI-CISPR32 Class A EN61000-3-2 EN61000-3-3 KS C 9832
155097	40068	HCI-CPU-A9115	emc_immunity	verified	hyperconverged-infrastructure	["EN55035 EN55024 CISPR24/35 EN300386 KS C 9835 IEC/EN61000-6-1"]	EN55035 EN55024 CISPR24/35 EN300386 KS C 9835 IEC/EN61000-6-1
174847	40068	HCI-CPU-A9115	emc_emissions	verified	hyperconverged-infrastructure	["47CFR Part 15 (CFR 47) Class A AS","NZS CISPR32 Class A CISPR32 Class A EN55032 Class A ICES003 Class A VCCI-CISPR32 Class A EN61000-3-2 EN61000-3-3 KS C 9832 Cla","47CFR Part 15 (CFR 47) Class A AS/NZS CISPR32 Class A CISPR32 Class A EN55032 Class A ICES003 Class A VCCI-CISPR32 Class A EN61000-3-2 EN61000-3-3 KS C 9832"]	47CFR Part 15 (CFR 47) Class A AS/NZS CISPR32 Class A CISPR32 Class A EN55032 Class A ICES003 Class A VCCI-CISPR32 Class A EN61000-3-2 EN61000-3-3 KS C 9832 Cla ; 47CFR Part 15 (CFR 47) Class A AS/NZS CISPR32 Class A CISPR32 Class A EN55032 Class A ICES003 Class A VCCI-CISPR32 Class A EN61000-3-2 EN61000-3-3 KS C 9832
172973	40068	HCI-CPU-A9115	humidity_operating	verified	hyperconverged-infrastructure	{"max":90,"min":8}	8% to 90% relative humidity, non-condensing, with maximum wet
172974	40068	HCI-CPU-A9115	humidity_storage	verified	hyperconverged-infrastructure	{"max":93,"min":5}	5% to 93% relative humidity, non-condensing, with a maximum
155105	40104	HCI-CPU-A9575F	emc_immunity	verified	hyperconverged-infrastructure	["EN55035 EN55024 CISPR24/35 EN300386 KS C 9835 IEC/EN61000-6-1"]	EN55035 EN55024 CISPR24/35 EN300386 KS C 9835 IEC/EN61000-6-1
174849	40104	HCI-CPU-A9575F	emc_emissions	verified	hyperconverged-infrastructure	["47CFR Part 15 (CFR 47) Class A AS","NZS CISPR32 Class A CISPR32 Class A EN55032 Class A ICES003 Class A VCCI-CISPR32 Class A EN61000-3-2 EN61000-3-3 KS C 9832 Cla","47CFR Part 15 (CFR 47) Class A AS/NZS CISPR32 Class A CISPR32 Class A EN55032 Class A ICES003 Class A VCCI-CISPR32 Class A EN61000-3-2 EN61000-3-3 KS C 9832"]	47CFR Part 15 (CFR 47) Class A AS/NZS CISPR32 Class A CISPR32 Class A EN55032 Class A ICES003 Class A VCCI-CISPR32 Class A EN61000-3-2 EN61000-3-3 KS C 9832 Cla ; 47CFR Part 15 (CFR 47) Class A AS/NZS CISPR32 Class A CISPR32 Class A EN55032 Class A ICES003 Class A VCCI-CISPR32 Class A EN61000-3-2 EN61000-3-3 KS C 9832
172979	40104	HCI-CPU-A9575F	humidity_operating	verified	hyperconverged-infrastructure	{"max":90,"min":8}	8% to 90% relative humidity, non-condensing, with maximum wet
172980	40104	HCI-CPU-A9575F	humidity_storage	verified	hyperconverged-infrastructure	{"max":93,"min":5}	5% to 93% relative humidity, non-condensing, with a maximum
157919	86359	UCSX-CPU-A9375F3	temp_storage	verified	compute-hyperconverged	{"max":65,"min":-40}	-40° to 149°F (–40° to 65°C)
124565	86359	UCSX-CPU-A9375F3	temp_operating	verified	compute-hyperconverged	{"max":35,"min":10}	50° to 95°F (10° to 35°C)
124567	86359	UCSX-CPU-A9375F3	humidity_operating	verified	compute-hyperconverged	{"max":90,"min":5}	5% to 90% noncondensing
95347	41483	HX-CPU-A7343	emc_immunity	verified	hyperflex-hx-series	["EN55024 CISPR24 EN300386 KN35"]	EN55024 CISPR24 EN300386 KN35
174944	41483	HX-CPU-A7343	emc_emissions	verified	hyperflex-hx-series	["47CFR Part 15 (CFR 47) Class A  AS","NZS CISPR32 Class A  CISPR32 Class A EN55032 Class A  ICES003 Class A  VCCI Class A  EN61000-3-2 EN61000-3-3 KN32 Cla","47CFR Part 15 (CFR 47) Class A  AS/NZS CISPR32 Class A  CISPR32 Class A EN55032 Class A  ICES003 Class A  VCCI Class A  EN61000-3-2 EN61000-3-3 KN32"]	47CFR Part 15 (CFR 47) Class A  AS/NZS CISPR32 Class A  CISPR32 Class A EN55032 Class A  ICES003 Class A  VCCI Class A  EN61000-3-2 EN61000-3-3 KN32 Cla ; 47CFR Part 15 (CFR 47) Class A  AS/NZS CISPR32 Class A  CISPR32 Class A EN55032 Class A  ICES003 Class A  VCCI Class A  EN61000-3-2 EN61000-3-3 KN32
173470	41483	HX-CPU-A7343	humidity_operating	verified	hyperflex-hx-series	{"max":90,"min":10}	10% to 90% and 28°C (82.4°F) maximum dew-point temperature,
173471	41483	HX-CPU-A7343	humidity_storage	verified	hyperflex-hx-series	{"max":93,"min":5}	5% to 93% relative humidity, non-condensing, with a maximum
174505	41639	HX-CPU-6126	humidity_operating	verified	hyperflex-hx-series	{"max":90,"min":10}	10% to 90% and 28°C (82.4°F) maximum dew-point temperature,
174506	41639	HX-CPU-6126	humidity_storage	verified	hyperflex-hx-series	{"max":93,"min":5}	5% to 93% relative humidity, non-condensing, with a maximum
174507	41639	HX-CPU-6126	certifications	verified	hyperflex-hx-series	["60950-1 Second Edition"]	60950-1 Second Edition
174508	41639	HX-CPU-6126	emc_emissions	verified	hyperflex-hx-series	["47CFR Part 15 (CFR 47) Class A"]	47CFR Part 15 (CFR 47) Class A
155214	40005	HCI-CPU-I4309Y	emc_emissions	verified	compute-hyperconverged-nutanix	["47CFR Part 15 (CFR 47) Class A AS/NZS CISPR32 Class A CISPR32 Class A EN55032 Class A ICES003 Class A VCCI Class A EN61000-3-2 EN61000-3-3 KN32 Class A CNS13438"]	47CFR Part 15 (CFR 47) Class A AS/NZS CISPR32 Class A CISPR32 Class A EN55032 Class A ICES003 Class A VCCI Class A EN61000-3-2 EN61000-3-3 KN32 Class A CNS13438
93723	40005	HCI-CPU-I4309Y	emc_immunity	verified	compute-hyperconverged-nutanix	["EN55024 CISPR24 EN300386 KN35"]	EN55024 CISPR24 EN300386 KN35
173069	40005	HCI-CPU-I4309Y	humidity_operating	verified	compute-hyperconverged-nutanix	{"max":90,"min":10}	10% to 90% and 28°C (82.4°F) maximum dew-point temperature,
173070	40005	HCI-CPU-I4309Y	humidity_storage	verified	compute-hyperconverged-nutanix	{"max":93,"min":5}	5% to 93% relative humidity, non-condensing, with a maximum
93500	39896	HCI-CPU-I4510T2	emc_emissions	verified	hyperconverged-infrastructure	["47CFR Part 15 (CFR 47) Class A AS","NZS CISPR32 Class A CISPR32 Class A EN55032 Class A ICES003 Class A VCCI-CISPR32 Class A EN61000-3-2 EN61000-3-3 KS C 9832 Cla"]	47CFR Part 15 (CFR 47) Class A AS/NZS CISPR32 Class A CISPR32 Class A EN55032 Class A ICES003 Class A VCCI-CISPR32 Class A EN61000-3-2 EN61000-3-3 KS C 9832 Cla
93501	39896	HCI-CPU-I4510T2	emc_immunity	verified	hyperconverged-infrastructure	["EN55035 EN55024 CISPR24","35 EN300386 KS C 9835 IEC","EN61000-6-1"]	EN55035 EN55024 CISPR24/35 EN300386 KS C 9835 IEC/EN61000-6-1
155980	81228	UCS-CPU-I6454S	emc_immunity	verified	ucs-c-series-rack-servers	["EN55035 EN55024 CISPR24/35 EN300386 KS C 9835 IEC/EN61000-6-1"]	EN55035 EN55024 CISPR24/35 EN300386 KS C 9835 IEC/EN61000-6-1
174973	81228	UCS-CPU-I6454S	emc_emissions	verified	ucs-c-series-rack-servers	["47CFR Part 15 (CFR 47) Class A AS","NZS CISPR32 Class A CISPR32 Class A EN55032 Class A ICES003 Class A VCCI-CISPR32 Class A EN61000-3-2 EN61000-3-3 KS C 9832 Cla","47CFR Part 15 (CFR 47) Class A AS/NZS CISPR32 Class A CISPR32 Class A EN55032 Class A ICES003 Class A VCCI-CISPR32 Class A EN61000-3-2 EN61000-3-3 KS C 9832"]	47CFR Part 15 (CFR 47) Class A AS/NZS CISPR32 Class A CISPR32 Class A EN55032 Class A ICES003 Class A VCCI-CISPR32 Class A EN61000-3-2 EN61000-3-3 KS C 9832 Cla ; 47CFR Part 15 (CFR 47) Class A AS/NZS CISPR32 Class A CISPR32 Class A EN55032 Class A ICES003 Class A VCCI-CISPR32 Class A EN61000-3-2 EN61000-3-3 KS C 9832
156294	81174	UCS-CPU-I6737P	emc_immunity	verified	ucs-c-series-rack-servers	["EN55035 EN55024 CISPR24/35 EN300386 KS C 9835 IEC/EN61000-6-1"]	EN55035 EN55024 CISPR24/35 EN300386 KS C 9835 IEC/EN61000-6-1
175090	81174	UCS-CPU-I6737P	emc_emissions	verified	ucs-c-series-rack-servers	["47CFR Part 15 (CFR 47) Class A AS","NZS CISPR32 Class A CISPR32 Class A EN55032 Class A ICES003 Class A VCCI-CISPR32 Class A EN61000-3-2 EN61000-3-3 KS C 9832 Cla","47CFR Part 15 (CFR 47) Class A AS/NZS CISPR32 Class A CISPR32 Class A EN55032 Class A ICES003 Class A VCCI-CISPR32 Class A EN61000-3-2 EN61000-3-3 KS C 9832"]	47CFR Part 15 (CFR 47) Class A AS/NZS CISPR32 Class A CISPR32 Class A EN55032 Class A ICES003 Class A VCCI-CISPR32 Class A EN61000-3-2 EN61000-3-3 KS C 9832 Cla ; 47CFR Part 15 (CFR 47) Class A AS/NZS CISPR32 Class A CISPR32 Class A EN55032 Class A ICES003 Class A VCCI-CISPR32 Class A EN61000-3-2 EN61000-3-3 KS C 9832
95374	41515	HX-CPU-A7313P	emc_immunity	verified	hyperflex-hx-series	["EN55024 CISPR24 EN300386 KN35"]	EN55024 CISPR24 EN300386 KN35
174946	41515	HX-CPU-A7313P	emc_emissions	verified	hyperflex-hx-series	["47CFR Part 15 (CFR 47) Class A  AS","NZS CISPR32 Class A  CISPR32 Class A EN55032 Class A  ICES003 Class A  VCCI Class A  EN61000-3-2 EN61000-3-3 KN32 Cla","47CFR Part 15 (CFR 47) Class A  AS/NZS CISPR32 Class A  CISPR32 Class A EN55032 Class A  ICES003 Class A  VCCI Class A  EN61000-3-2 EN61000-3-3 KN32"]	47CFR Part 15 (CFR 47) Class A  AS/NZS CISPR32 Class A  CISPR32 Class A EN55032 Class A  ICES003 Class A  VCCI Class A  EN61000-3-2 EN61000-3-3 KN32 Cla ; 47CFR Part 15 (CFR 47) Class A  AS/NZS CISPR32 Class A  CISPR32 Class A EN55032 Class A  ICES003 Class A  VCCI Class A  EN61000-3-2 EN61000-3-3 KN32
173476	41515	HX-CPU-A7313P	humidity_operating	verified	hyperflex-hx-series	{"max":90,"min":10}	10% to 90% and 28°C (82.4°F) maximum dew-point temperature,
173477	41515	HX-CPU-A7313P	humidity_storage	verified	hyperflex-hx-series	{"max":93,"min":5}	5% to 93% relative humidity, non-condensing, with a maximum
93816	40052	HCI-CPU-I5412U1	emc_emissions	verified	hyperconverged-infrastructure	["47CFR Part 15 (CFR 47) Class A AS","NZS CISPR32 Class A CISPR32 Class A EN55032 Class A ICES003 Class A VCCI-CISPR32 Class A EN61000-3-2 EN61000-3-3 KS C 9832 Cla"]	47CFR Part 15 (CFR 47) Class A AS/NZS CISPR32 Class A CISPR32 Class A EN55032 Class A ICES003 Class A VCCI-CISPR32 Class A EN61000-3-2 EN61000-3-3 KS C 9832 Cla
93817	40052	HCI-CPU-I5412U1	emc_immunity	verified	hyperconverged-infrastructure	["EN55035 EN55024 CISPR24","35 EN300386 KS C 9835 IEC","EN61000-6-1"]	EN55035 EN55024 CISPR24/35 EN300386 KS C 9835 IEC/EN61000-6-1
155587	86726	UCSX-CPU-A9115	altitude_storage	verified	ucs-x-series-modular-system	"12,000m"	40,000 ft (12,000m)
155192	40111	HCI-CPU-I6326	emc_emissions	verified	compute-hyperconverged-nutanix	["47CFR Part 15 (CFR 47) Class A AS/NZS CISPR32 Class A CISPR32 Class A EN55032 Class A ICES003 Class A VCCI Class A EN61000-3-2 EN61000-3-3 KN32 Class A CNS13438"]	47CFR Part 15 (CFR 47) Class A AS/NZS CISPR32 Class A CISPR32 Class A EN55032 Class A ICES003 Class A VCCI Class A EN61000-3-2 EN61000-3-3 KN32 Class A CNS13438
93959	40111	HCI-CPU-I6326	emc_immunity	verified	compute-hyperconverged-nutanix	["EN55024 CISPR24 EN300386 KN35"]	EN55024 CISPR24 EN300386 KN35
173047	40111	HCI-CPU-I6326	humidity_operating	verified	compute-hyperconverged-nutanix	{"max":90,"min":10}	10% to 90% and 28°C (82.4°F) maximum dew-point temperature,
173048	40111	HCI-CPU-I6326	humidity_storage	verified	compute-hyperconverged-nutanix	{"max":93,"min":5}	5% to 93% relative humidity, non-condensing, with a maximum
155473	40056	HCI-CPU-I6527P	emc_immunity	verified	compute-hyperconverged	["EN55035 EN55024 CISPR24/35 EN300386 KS C 9835 IEC/EN61000-6-1"]	EN55035 EN55024 CISPR24/35 EN300386 KS C 9835 IEC/EN61000-6-1
174874	40056	HCI-CPU-I6527P	emc_emissions	verified	compute-hyperconverged	["47CFR Part 15 (CFR 47) Class A AS","NZS CISPR32 Class A CISPR32 Class A EN55032 Class A ICES003 Class A VCCI-CISPR32 Class A EN61000-3-2 EN61000-3-3 KS C 9832 Cla","47CFR Part 15 (CFR 47) Class A AS/NZS CISPR32 Class A CISPR32 Class A EN55032 Class A ICES003 Class A VCCI-CISPR32 Class A EN61000-3-2 EN61000-3-3 KS C 9832"]	47CFR Part 15 (CFR 47) Class A AS/NZS CISPR32 Class A CISPR32 Class A EN55032 Class A ICES003 Class A VCCI-CISPR32 Class A EN61000-3-2 EN61000-3-3 KS C 9832 Cla ; 47CFR Part 15 (CFR 47) Class A AS/NZS CISPR32 Class A CISPR32 Class A EN55032 Class A ICES003 Class A VCCI-CISPR32 Class A EN61000-3-2 EN61000-3-3 KS C 9832
95621	41775	HX-CPU-I5318S	emc_immunity	verified	hyperflex-hx-series	["EN55024 CISPR24 EN300386 KN35"]	EN55024 CISPR24 EN300386 KN35
174962	41775	HX-CPU-I5318S	emc_emissions	verified	hyperflex-hx-series	["47CFR Part 15 (CFR 47) Class A  AS","NZS CISPR32 Class A  CISPR32 Class A EN55032 Class A  ICES003 Class A  VCCI Class A  EN61000-3-2 EN61000-3-3 KN32 Cla","47CFR Part 15 (CFR 47) Class A  AS/NZS CISPR32 Class A  CISPR32 Class A EN55032 Class A  ICES003 Class A  VCCI Class A  EN61000-3-2 EN61000-3-3 KN32"]	47CFR Part 15 (CFR 47) Class A  AS/NZS CISPR32 Class A  CISPR32 Class A EN55032 Class A  ICES003 Class A  VCCI Class A  EN61000-3-2 EN61000-3-3 KN32 Cla ; 47CFR Part 15 (CFR 47) Class A  AS/NZS CISPR32 Class A  CISPR32 Class A EN55032 Class A  ICES003 Class A  VCCI Class A  EN61000-3-2 EN61000-3-3 KN32
173544	41775	HX-CPU-I5318S	humidity_operating	verified	hyperflex-hx-series	{"max":90,"min":10}	10% to 90% and 28°C (82.4°F) maximum dew-point temperature,
173545	41775	HX-CPU-I5318S	humidity_storage	verified	hyperflex-hx-series	{"max":93,"min":5}	5% to 93% relative humidity, non-condensing, with a maximum
155481	40152	HCI-CPU-I6724P	emc_immunity	verified	compute-hyperconverged	["EN55035 EN55024 CISPR24/35 EN300386 KS C 9835 IEC/EN61000-6-1"]	EN55035 EN55024 CISPR24/35 EN300386 KS C 9835 IEC/EN61000-6-1
174876	40152	HCI-CPU-I6724P	emc_emissions	verified	compute-hyperconverged	["47CFR Part 15 (CFR 47) Class A AS","NZS CISPR32 Class A CISPR32 Class A EN55032 Class A ICES003 Class A VCCI-CISPR32 Class A EN61000-3-2 EN61000-3-3 KS C 9832 Cla","47CFR Part 15 (CFR 47) Class A AS/NZS CISPR32 Class A CISPR32 Class A EN55032 Class A ICES003 Class A VCCI-CISPR32 Class A EN61000-3-2 EN61000-3-3 KS C 9832"]	47CFR Part 15 (CFR 47) Class A AS/NZS CISPR32 Class A CISPR32 Class A EN55032 Class A ICES003 Class A VCCI-CISPR32 Class A EN61000-3-2 EN61000-3-3 KS C 9832 Cla ; 47CFR Part 15 (CFR 47) Class A AS/NZS CISPR32 Class A CISPR32 Class A EN55032 Class A ICES003 Class A VCCI-CISPR32 Class A EN61000-3-2 EN61000-3-3 KS C 9832
174641	41782	HX-CPU-I8280M	humidity_operating	verified	hyperflex-hx-series	{"max":90,"min":10}	10% to 90% and 28°C (82.4°F) maximum dew-point temperature,
174642	41782	HX-CPU-I8280M	humidity_storage	verified	hyperflex-hx-series	{"max":93,"min":5}	5% to 93% relative humidity, non-condensing, with a maximum
174643	41782	HX-CPU-I8280M	certifications	verified	hyperflex-hx-series	["60950-1 Second Edition"]	60950-1 Second Edition
174644	41782	HX-CPU-I8280M	emc_emissions	verified	hyperflex-hx-series	["47CFR Part 15 (CFR 47) Class A"]	47CFR Part 15 (CFR 47) Class A
125835	87088	UCSX-GPU-L40S	altitude_storage	corroborated	ucs-x-series-modular-system	"12,000m"	40,000 ft (12,000m)
155208	40178	HCI-CPU-I4314	emc_emissions	verified	compute-hyperconverged-nutanix	["47CFR Part 15 (CFR 47) Class A AS/NZS CISPR32 Class A CISPR32 Class A EN55032 Class A ICES003 Class A VCCI Class A EN61000-3-2 EN61000-3-3 KN32 Class A CNS13438"]	47CFR Part 15 (CFR 47) Class A AS/NZS CISPR32 Class A CISPR32 Class A EN55032 Class A ICES003 Class A VCCI Class A EN61000-3-2 EN61000-3-3 KN32 Class A CNS13438
94103	40178	HCI-CPU-I4314	emc_immunity	verified	compute-hyperconverged-nutanix	["EN55024 CISPR24 EN300386 KN35"]	EN55024 CISPR24 EN300386 KN35
173063	40178	HCI-CPU-I4314	humidity_operating	verified	compute-hyperconverged-nutanix	{"max":90,"min":10}	10% to 90% and 28°C (82.4°F) maximum dew-point temperature,
173064	40178	HCI-CPU-I4314	humidity_storage	verified	compute-hyperconverged-nutanix	{"max":93,"min":5}	5% to 93% relative humidity, non-condensing, with a maximum
156270	81110	UCS-CPU-I6767P	emc_immunity	verified	ucs-c-series-rack-servers	["EN55035 EN55024 CISPR24/35 EN300386 KS C 9835 IEC/EN61000-6-1"]	EN55035 EN55024 CISPR24/35 EN300386 KS C 9835 IEC/EN61000-6-1
175084	81110	UCS-CPU-I6767P	emc_emissions	verified	ucs-c-series-rack-servers	["47CFR Part 15 (CFR 47) Class A AS","NZS CISPR32 Class A CISPR32 Class A EN55032 Class A ICES003 Class A VCCI-CISPR32 Class A EN61000-3-2 EN61000-3-3 KS C 9832 Cla","47CFR Part 15 (CFR 47) Class A AS/NZS CISPR32 Class A CISPR32 Class A EN55032 Class A ICES003 Class A VCCI-CISPR32 Class A EN61000-3-2 EN61000-3-3 KS C 9832"]	47CFR Part 15 (CFR 47) Class A AS/NZS CISPR32 Class A CISPR32 Class A EN55032 Class A ICES003 Class A VCCI-CISPR32 Class A EN61000-3-2 EN61000-3-3 KS C 9832 Cla ; 47CFR Part 15 (CFR 47) Class A AS/NZS CISPR32 Class A CISPR32 Class A EN55032 Class A ICES003 Class A VCCI-CISPR32 Class A EN61000-3-2 EN61000-3-3 KS C 9832
121693	81181	UCS-CPU-I8471N1	emc_emissions	verified	ucs-c-series-rack-servers	["47CFR Part 15 (CFR 47) Class A AS","NZS CISPR32 Class A CISPR32 Class A EN55032 Class A ICES003 Class A VCCI-CISPR32 Class A EN61000-3-2 EN61000-3-3 KS C 9832 Cla"]	47CFR Part 15 (CFR 47) Class A AS/NZS CISPR32 Class A CISPR32 Class A EN55032 Class A ICES003 Class A VCCI-CISPR32 Class A EN61000-3-2 EN61000-3-3 KS C 9832 Cla
121694	81181	UCS-CPU-I8471N1	emc_immunity	verified	ucs-c-series-rack-servers	["EN55035 EN55024 CISPR24","35 EN300386 KS C 9835 IEC","EN61000-6-1"]	EN55035 EN55024 CISPR24/35 EN300386 KS C 9835 IEC/EN61000-6-1
173164	81010	UCS-CPU-I5320T	altitude_max	verified	compute-hyperconverged	3050	0 m to 3050 m (10,000 ft)
173163	81010	UCS-CPU-I5320T	temp_operating	verified	compute-hyperconverged	{"max":35,"min":10}	10°C to 35°C (50°F to 95°F) with no direct sunlight
173165	81010	UCS-CPU-I5320T	altitude_storage	verified	compute-hyperconverged	"0 m to 12,000 m (39,370 ft)"	0 m to 12,000 m (39,370 ft)
173166	81010	UCS-CPU-I5320T	certifications	verified	compute-hyperconverged	["950-1 No. 21CFR1040","CAN/CSA-C22.2 No. 60950-1","IRAM IEC60950-1"]	950-1 No. 21CFR1040, CAN/CSA-C22.2 No. 60950-1, IRAM IEC60950-1,
155180	40181	HCI-CPU-I6338T	emc_emissions	verified	compute-hyperconverged-nutanix	["47CFR Part 15 (CFR 47) Class A AS/NZS CISPR32 Class A CISPR32 Class A EN55032 Class A ICES003 Class A VCCI Class A EN61000-3-2 EN61000-3-3 KN32 Class A CNS13438"]	47CFR Part 15 (CFR 47) Class A AS/NZS CISPR32 Class A CISPR32 Class A EN55032 Class A ICES003 Class A VCCI Class A EN61000-3-2 EN61000-3-3 KN32 Class A CNS13438
94120	40181	HCI-CPU-I6338T	emc_immunity	verified	compute-hyperconverged-nutanix	["EN55024 CISPR24 EN300386 KN35"]	EN55024 CISPR24 EN300386 KN35
173035	40181	HCI-CPU-I6338T	humidity_operating	verified	compute-hyperconverged-nutanix	{"max":90,"min":10}	10% to 90% and 28°C (82.4°F) maximum dew-point temperature,
173036	40181	HCI-CPU-I6338T	humidity_storage	verified	compute-hyperconverged-nutanix	{"max":93,"min":5}	5% to 93% relative humidity, non-condensing, with a maximum
173228	80906	UCS-CPU-I6246R	altitude_max	verified	compute-hyperconverged	3050	0 m to 3050 m (10,000 ft)
173227	80906	UCS-CPU-I6246R	temp_operating	verified	compute-hyperconverged	{"max":35,"min":10}	10°C to 35°C (50°F to 95°F) with no direct sunlight
173229	80906	UCS-CPU-I6246R	altitude_storage	verified	compute-hyperconverged	"0 m to 12,000 m (39,370 ft)"	0 m to 12,000 m (39,370 ft)
173230	80906	UCS-CPU-I6246R	certifications	verified	compute-hyperconverged	["950-1 No. 21CFR1040","CAN/CSA-C22.2 No. 60950-1","IRAM IEC60950-1"]	950-1 No. 21CFR1040, CAN/CSA-C22.2 No. 60950-1, IRAM IEC60950-1,
155176	40053	HCI-CPU-I6342	emc_emissions	verified	compute-hyperconverged-nutanix	["47CFR Part 15 (CFR 47) Class A AS/NZS CISPR32 Class A CISPR32 Class A EN55032 Class A ICES003 Class A VCCI Class A EN61000-3-2 EN61000-3-3 KN32 Class A CNS13438"]	47CFR Part 15 (CFR 47) Class A AS/NZS CISPR32 Class A CISPR32 Class A EN55032 Class A ICES003 Class A VCCI Class A EN61000-3-2 EN61000-3-3 KN32 Class A CNS13438
93822	40053	HCI-CPU-I6342	emc_immunity	verified	compute-hyperconverged-nutanix	["EN55024 CISPR24 EN300386 KN35"]	EN55024 CISPR24 EN300386 KN35
173031	40053	HCI-CPU-I6342	humidity_operating	verified	compute-hyperconverged-nutanix	{"max":90,"min":10}	10% to 90% and 28°C (82.4°F) maximum dew-point temperature,
173032	40053	HCI-CPU-I6342	humidity_storage	verified	compute-hyperconverged-nutanix	{"max":93,"min":5}	5% to 93% relative humidity, non-condensing, with a maximum
156515	81826	UCS-HDM24TW1S74K	emc_immunity	verified	ucs-c-series-rack-servers	["EN55035 EN55024 CISPR24/35 EN300386 KS C 9835 IEC/EN61000-6-1"]	EN55035 EN55024 CISPR24/35 EN300386 KS C 9835 IEC/EN61000-6-1
175169	81826	UCS-HDM24TW1S74K	emc_emissions	verified	ucs-c-series-rack-servers	["47CFR Part 15 (CFR 47) Class A AS","NZS CISPR32 Class A CISPR32 Class A EN55032 Class A ICES003 Class A VCCI-CISPR32 Class A EN61000-3-2 EN61000-3-3 KS C 9832 Cla","47CFR Part 15 (CFR 47) Class A AS/NZS CISPR32 Class A CISPR32 Class A EN55032 Class A ICES003 Class A VCCI-CISPR32 Class A EN61000-3-2 EN61000-3-3 KS C 9832"]	47CFR Part 15 (CFR 47) Class A AS/NZS CISPR32 Class A CISPR32 Class A EN55032 Class A ICES003 Class A VCCI-CISPR32 Class A EN61000-3-2 EN61000-3-3 KS C 9832 Cla ; 47CFR Part 15 (CFR 47) Class A AS/NZS CISPR32 Class A CISPR32 Class A EN55032 Class A ICES003 Class A VCCI-CISPR32 Class A EN61000-3-2 EN61000-3-3 KS C 9832
156505	81851	UCS-HDM12TW1S74K9	emc_immunity	verified	ucs-c-series-rack-servers	["EN55035 EN55024 CISPR24/35 EN300386 KS C 9835 IEC/EN61000-6-1"]	EN55035 EN55024 CISPR24/35 EN300386 KS C 9835 IEC/EN61000-6-1
175164	81851	UCS-HDM12TW1S74K9	emc_emissions	verified	ucs-c-series-rack-servers	["47CFR Part 15 (CFR 47) Class A AS","NZS CISPR32 Class A CISPR32 Class A EN55032 Class A ICES003 Class A VCCI-CISPR32 Class A EN61000-3-2 EN61000-3-3 KS C 9832 Cla","47CFR Part 15 (CFR 47) Class A AS/NZS CISPR32 Class A CISPR32 Class A EN55032 Class A ICES003 Class A VCCI-CISPR32 Class A EN61000-3-2 EN61000-3-3 KS C 9832"]	47CFR Part 15 (CFR 47) Class A AS/NZS CISPR32 Class A CISPR32 Class A EN55032 Class A ICES003 Class A VCCI-CISPR32 Class A EN61000-3-2 EN61000-3-3 KS C 9832 Cla ; 47CFR Part 15 (CFR 47) Class A AS/NZS CISPR32 Class A CISPR32 Class A EN55032 Class A ICES003 Class A VCCI-CISPR32 Class A EN61000-3-2 EN61000-3-3 KS C 9832
173103	80969	UCS-CPU-I6348	temp_operating	verified	compute-hyperconverged	{"max":35,"min":10}	10°C to 35°C (50°F to 95°F) with no direct sunlight
173104	80969	UCS-CPU-I6348	altitude_max	verified	compute-hyperconverged	3050	0 m to 3050 m (10,000 ft)
173105	80969	UCS-CPU-I6348	altitude_storage	verified	compute-hyperconverged	"0 m to 12,000 m (39,370 ft)"	0 m to 12,000 m (39,370 ft)
173106	80969	UCS-CPU-I6348	certifications	verified	compute-hyperconverged	["950-1 No. 21CFR1040","CAN/CSA-C22.2 No. 60950-1","IRAM IEC60950-1"]	950-1 No. 21CFR1040, CAN/CSA-C22.2 No. 60950-1, IRAM IEC60950-1,
157917	86325	UCSX-CPU-A9175F3	temp_storage	verified	compute-hyperconverged	{"max":65,"min":-40}	-40° to 149°F (–40° to 65°C)
124513	86325	UCSX-CPU-A9175F3	temp_operating	verified	compute-hyperconverged	{"max":35,"min":10}	50° to 95°F (10° to 35°C)
124515	86325	UCSX-CPU-A9175F3	humidity_operating	verified	compute-hyperconverged	{"max":90,"min":5}	5% to 90% noncondensing
157924	86487	UCSX-CPU-A9355P3	temp_storage	verified	compute-hyperconverged	{"max":65,"min":-40}	-40° to 149°F (–40° to 65°C)
124788	86487	UCSX-CPU-A9355P3	temp_operating	verified	compute-hyperconverged	{"max":35,"min":10}	50° to 95°F (10° to 35°C)
124790	86487	UCSX-CPU-A9355P3	humidity_operating	verified	compute-hyperconverged	{"max":90,"min":5}	5% to 90% noncondensing
174477	41733	HX-CPU-4110	humidity_operating	verified	hyperflex-hx-series	{"max":90,"min":10}	10% to 90% and 28°C (82.4°F) maximum dew-point temperature,
174478	41733	HX-CPU-4110	humidity_storage	verified	hyperflex-hx-series	{"max":93,"min":5}	5% to 93% relative humidity, non-condensing, with a maximum
174479	41733	HX-CPU-4110	certifications	verified	hyperflex-hx-series	["60950-1 Second Edition"]	60950-1 Second Edition
174480	41733	HX-CPU-4110	emc_emissions	verified	hyperflex-hx-series	["47CFR Part 15 (CFR 47) Class A"]	47CFR Part 15 (CFR 47) Class A
174481	41672	HX-CPU-4114	humidity_operating	verified	hyperflex-hx-series	{"max":90,"min":10}	10% to 90% and 28°C (82.4°F) maximum dew-point temperature,
174482	41672	HX-CPU-4114	humidity_storage	verified	hyperflex-hx-series	{"max":93,"min":5}	5% to 93% relative humidity, non-condensing, with a maximum
174483	41672	HX-CPU-4114	certifications	verified	hyperflex-hx-series	["60950-1 Second Edition"]	60950-1 Second Edition
174484	41672	HX-CPU-4114	emc_emissions	verified	hyperflex-hx-series	["47CFR Part 15 (CFR 47) Class A"]	47CFR Part 15 (CFR 47) Class A
174545	41734	HX-CPU-6142M	humidity_operating	verified	hyperflex-hx-series	{"max":90,"min":10}	10% to 90% and 28°C (82.4°F) maximum dew-point temperature,
174546	41734	HX-CPU-6142M	humidity_storage	verified	hyperflex-hx-series	{"max":93,"min":5}	5% to 93% relative humidity, non-condensing, with a maximum
174547	41734	HX-CPU-6142M	certifications	verified	hyperflex-hx-series	["60950-1 Second Edition"]	60950-1 Second Edition
174548	41734	HX-CPU-6142M	emc_emissions	verified	hyperflex-hx-series	["47CFR Part 15 (CFR 47) Class A"]	47CFR Part 15 (CFR 47) Class A
145607	83359	UCS-SD960GM2NK9-D=	emc_emissions	verified	identity-services-engine	["47CFR Part 15 (CFR 47) Class A AS/NZS CISPR32 Class A CISPR32 Class A EN55032 Class A ICES003 Class A VCCI-CISPR32 Class A EN61000-3-2 EN61000-3-3 KS C 9832 Cla"]	47CFR Part 15 (CFR 47) Class A AS/NZS CISPR32 Class A CISPR32 Class A EN55032 Class A ICES003 Class A VCCI-CISPR32 Class A EN61000-3-2 EN61000-3-3 KS C 9832 Cla
145608	83359	UCS-SD960GM2NK9-D=	emc_immunity	verified	identity-services-engine	["EN55035 EN55024 CISPR24/35 EN300386 KS C 9835 IEC/EN61000-6-1"]	EN55035 EN55024 CISPR24/35 EN300386 KS C 9835 IEC/EN61000-6-1
130647	83359	UCS-SD960GM2NK9-D=	altitude_max	verified	identity-services-engine	3050	0 to 10,006 feet (0 to 3050 meters)
123821	83359	UCS-SD960GM2NK9-D=	temp_storage	verified	identity-services-engine	{"max":65,"min":40}	Dry bulb temperature of ‒40°F to 149°F (‒40°C to 65°C) ()
123823	83359	UCS-SD960GM2NK9-D=	temp_operating	verified	identity-services-engine	{"max":35,"min":5}	41°F to 95°F (5°C to 35°C) (supports ASHRAE Class A4 and/or Class A3 and/or Class A2). ASHRAE Class A3 will be generic test profile unless otherwise specified b
174565	41641	HX-CPU-6152	humidity_operating	verified	hyperflex-hx-series	{"max":90,"min":10}	10% to 90% and 28°C (82.4°F) maximum dew-point temperature,
174566	41641	HX-CPU-6152	humidity_storage	verified	hyperflex-hx-series	{"max":93,"min":5}	5% to 93% relative humidity, non-condensing, with a maximum
174567	41641	HX-CPU-6152	certifications	verified	hyperflex-hx-series	["60950-1 Second Edition"]	60950-1 Second Edition
174568	41641	HX-CPU-6152	emc_emissions	verified	hyperflex-hx-series	["47CFR Part 15 (CFR 47) Class A"]	47CFR Part 15 (CFR 47) Class A
174585	41643	HX-CPU-8160M	humidity_operating	verified	hyperflex-hx-series	{"max":90,"min":10}	10% to 90% and 28°C (82.4°F) maximum dew-point temperature,
174586	41643	HX-CPU-8160M	humidity_storage	verified	hyperflex-hx-series	{"max":93,"min":5}	5% to 93% relative humidity, non-condensing, with a maximum
174587	41643	HX-CPU-8160M	certifications	verified	hyperflex-hx-series	["60950-1 Second Edition"]	60950-1 Second Edition
174588	41643	HX-CPU-8160M	emc_emissions	verified	hyperflex-hx-series	["47CFR Part 15 (CFR 47) Class A"]	47CFR Part 15 (CFR 47) Class A
156075	81592	UCS-HD24TB10KJ4-D	emc_immunity	verified	ucs-c-series-rack-servers	["EN55035 EN55024 CISPR24/35 EN300386 KS C 9835 IEC/EN61000-6-1"]	EN55035 EN55024 CISPR24/35 EN300386 KS C 9835 IEC/EN61000-6-1
175005	81592	UCS-HD24TB10KJ4-D	emc_emissions	verified	ucs-c-series-rack-servers	["47CFR Part 15 (CFR 47) Class A AS","NZS CISPR32 Class A CISPR32 Class A EN55032 Class A ICES003 Class A VCCI-CISPR32 Class A EN61000-3-2 EN61000-3-3 KS C 9832 Cla","47CFR Part 15 (CFR 47) Class A AS/NZS CISPR32 Class A CISPR32 Class A EN55032 Class A ICES003 Class A VCCI-CISPR32 Class A EN61000-3-2 EN61000-3-3 KS C 9832"]	47CFR Part 15 (CFR 47) Class A AS/NZS CISPR32 Class A CISPR32 Class A EN55032 Class A ICES003 Class A VCCI-CISPR32 Class A EN61000-3-2 EN61000-3-3 KS C 9832 Cla ; 47CFR Part 15 (CFR 47) Class A AS/NZS CISPR32 Class A CISPR32 Class A EN55032 Class A ICES003 Class A VCCI-CISPR32 Class A EN61000-3-2 EN61000-3-3 KS C 9832
156350	81818	UCS-HDB600GS10K2N	emc_immunity	verified	ucs-c-series-rack-servers	["EN55035 EN55024 CISPR24/35 EN300386 KS C 9835 IEC/EN61000-6-1"]	EN55035 EN55024 CISPR24/35 EN300386 KS C 9835 IEC/EN61000-6-1
175107	81818	UCS-HDB600GS10K2N	emc_emissions	verified	ucs-c-series-rack-servers	["47CFR Part 15 (CFR 47) Class A AS","NZS CISPR32 Class A CISPR32 Class A EN55032 Class A ICES003 Class A VCCI-CISPR32 Class A EN61000-3-2 EN61000-3-3 KS C 9832 Cla","47CFR Part 15 (CFR 47) Class A AS/NZS CISPR32 Class A CISPR32 Class A EN55032 Class A ICES003 Class A VCCI-CISPR32 Class A EN61000-3-2 EN61000-3-3 KS C 9832"]	47CFR Part 15 (CFR 47) Class A AS/NZS CISPR32 Class A CISPR32 Class A EN55032 Class A ICES003 Class A VCCI-CISPR32 Class A EN61000-3-2 EN61000-3-3 KS C 9832 Cla ; 47CFR Part 15 (CFR 47) Class A AS/NZS CISPR32 Class A CISPR32 Class A EN55032 Class A ICES003 Class A VCCI-CISPR32 Class A EN61000-3-2 EN61000-3-3 KS C 9832
156467	81883	UCS-HDL20TW1S74K	emc_immunity	verified	ucs-c-series-rack-servers	["EN55035 EN55024 CISPR24/35 EN300386 KS C 9835 IEC/EN61000-6-1"]	EN55035 EN55024 CISPR24/35 EN300386 KS C 9835 IEC/EN61000-6-1
175145	81883	UCS-HDL20TW1S74K	emc_emissions	verified	ucs-c-series-rack-servers	["47CFR Part 15 (CFR 47) Class A AS","NZS CISPR32 Class A CISPR32 Class A EN55032 Class A ICES003 Class A VCCI-CISPR32 Class A EN61000-3-2 EN61000-3-3 KS C 9832 Cla","47CFR Part 15 (CFR 47) Class A AS/NZS CISPR32 Class A CISPR32 Class A EN55032 Class A ICES003 Class A VCCI-CISPR32 Class A EN61000-3-2 EN61000-3-3 KS C 9832"]	47CFR Part 15 (CFR 47) Class A AS/NZS CISPR32 Class A CISPR32 Class A EN55032 Class A ICES003 Class A VCCI-CISPR32 Class A EN61000-3-2 EN61000-3-3 KS C 9832 Cla ; 47CFR Part 15 (CFR 47) Class A AS/NZS CISPR32 Class A CISPR32 Class A EN55032 Class A ICES003 Class A VCCI-CISPR32 Class A EN61000-3-2 EN61000-3-3 KS C 9832
156525	81885	UCS-HDM4TG1S74K	emc_immunity	verified	ucs-c-series-rack-servers	["EN55035 EN55024 CISPR24/35 EN300386 KS C 9835 IEC/EN61000-6-1"]	EN55035 EN55024 CISPR24/35 EN300386 KS C 9835 IEC/EN61000-6-1
175174	81885	UCS-HDM4TG1S74K	emc_emissions	verified	ucs-c-series-rack-servers	["47CFR Part 15 (CFR 47) Class A AS","NZS CISPR32 Class A CISPR32 Class A EN55032 Class A ICES003 Class A VCCI-CISPR32 Class A EN61000-3-2 EN61000-3-3 KS C 9832 Cla","47CFR Part 15 (CFR 47) Class A AS/NZS CISPR32 Class A CISPR32 Class A EN55032 Class A ICES003 Class A VCCI-CISPR32 Class A EN61000-3-2 EN61000-3-3 KS C 9832"]	47CFR Part 15 (CFR 47) Class A AS/NZS CISPR32 Class A CISPR32 Class A EN55032 Class A ICES003 Class A VCCI-CISPR32 Class A EN61000-3-2 EN61000-3-3 KS C 9832 Cla ; 47CFR Part 15 (CFR 47) Class A AS/NZS CISPR32 Class A CISPR32 Class A EN55032 Class A ICES003 Class A VCCI-CISPR32 Class A EN61000-3-2 EN61000-3-3 KS C 9832
174605	41645	HX-CPU-8176	humidity_operating	verified	hyperflex-hx-series	{"max":90,"min":10}	10% to 90% and 28°C (82.4°F) maximum dew-point temperature,
174606	41645	HX-CPU-8176	humidity_storage	verified	hyperflex-hx-series	{"max":93,"min":5}	5% to 93% relative humidity, non-condensing, with a maximum
174607	41645	HX-CPU-8176	certifications	verified	hyperflex-hx-series	["60950-1 Second Edition"]	60950-1 Second Edition
174608	41645	HX-CPU-8176	emc_emissions	verified	hyperflex-hx-series	["47CFR Part 15 (CFR 47) Class A"]	47CFR Part 15 (CFR 47) Class A
174609	41609	HX-CPU-8176M	humidity_operating	verified	hyperflex-hx-series	{"max":90,"min":10}	10% to 90% and 28°C (82.4°F) maximum dew-point temperature,
174610	41609	HX-CPU-8176M	humidity_storage	verified	hyperflex-hx-series	{"max":93,"min":5}	5% to 93% relative humidity, non-condensing, with a maximum
174611	41609	HX-CPU-8176M	certifications	verified	hyperflex-hx-series	["60950-1 Second Edition"]	60950-1 Second Edition
174612	41609	HX-CPU-8176M	emc_emissions	verified	hyperflex-hx-series	["47CFR Part 15 (CFR 47) Class A"]	47CFR Part 15 (CFR 47) Class A
107522	64590	NCS2K-MR-MXP-LIC	regions_supported	verified	network-convergence-system-2000-series	"● European Union ● Africa ● CSI ● Australia ● New Zealand ● China ● Korea ● India ● Saudi Arabia ● South America"	● European Union ● Africa ● CSI ● Australia ● New Zealand ● China ● Korea ● India ● Saudi Arabia ● South America
107523	64590	NCS2K-MR-MXP-LIC	emc_emissions	verified	network-convergence-system-2000-series	["● ETSI EN 300 386 V1.4.1 (2008-04) Telecommunication network equipment EMC requirements ( Note: EMC-1) ● CISPR22:2008","EN55022:2006","A1:2007 Information Techn"]	● ETSI EN 300 386 V1.4.1 (2008-04) Telecommunication network equipment EMC requirements ( Note: EMC-1) ● CISPR22:2008 and EN55022:2006/A1:2007 Information Techn
155441	39812	HCI-CPU-I6747P	emc_immunity	verified	compute-hyperconverged	["EN55035 EN55024 CISPR24/35 EN300386 KS C 9835 IEC/EN61000-6-1"]	EN55035 EN55024 CISPR24/35 EN300386 KS C 9835 IEC/EN61000-6-1
174866	39812	HCI-CPU-I6747P	emc_emissions	verified	compute-hyperconverged	["47CFR Part 15 (CFR 47) Class A AS","NZS CISPR32 Class A CISPR32 Class A EN55032 Class A ICES003 Class A VCCI-CISPR32 Class A EN61000-3-2 EN61000-3-3 KS C 9832 Cla","47CFR Part 15 (CFR 47) Class A AS/NZS CISPR32 Class A CISPR32 Class A EN55032 Class A ICES003 Class A VCCI-CISPR32 Class A EN61000-3-2 EN61000-3-3 KS C 9832"]	47CFR Part 15 (CFR 47) Class A AS/NZS CISPR32 Class A CISPR32 Class A EN55032 Class A ICES003 Class A VCCI-CISPR32 Class A EN61000-3-2 EN61000-3-3 KS C 9832 Cla ; 47CFR Part 15 (CFR 47) Class A AS/NZS CISPR32 Class A CISPR32 Class A EN55032 Class A ICES003 Class A VCCI-CISPR32 Class A EN61000-3-2 EN61000-3-3 KS C 9832
150782	64684	NCS4K-DC-PSU-V1	emc_immunity	verified	network-convergence-system-4000-series	["IEC/EN-61000-4-2: Electrostatic Discharge Immunity","IEC/EN-61000-4-3: Radiated Immunity","IEC/EN-61000-4-4: Electrical Fast Transient Immunity","IEC/EN-61000"]	● IEC/EN-61000-4-2: Electrostatic Discharge Immunity ● IEC/EN-61000-4-3: Radiated Immunity ● IEC/EN-61000-4-4: Electrical Fast Transient Immunity ● IEC/EN-61000
150783	64684	NCS4K-DC-PSU-V1	etsi_standards	verified	network-convergence-system-4000-series	["EN300 386: Telecommunications Network Equipment (EMC)","EN55022: Information Technology Equipment (Emissions)","EN55024: Information Technology Equipment (Imm"]	● EN300 386: Telecommunications Network Equipment (EMC) ● EN55022: Information Technology Equipment (Emissions) ● EN55024: Information Technology Equipment (Imm
124388	85653	UCSC-P-N7S400GF5	emc_emissions	verified	ucs-c-series-rack-servers	["47CFR Part 15 (CFR 47) Class A AS","NZS CISPR32 Class A CISPR32 Class A EN55032 Class A ICES003 Class A VCCI-CISPR32 Class A EN61000-3-2 EN61000-3-3 KS C 9832 Cla"]	47CFR Part 15 (CFR 47) Class A AS/NZS CISPR32 Class A CISPR32 Class A EN55032 Class A ICES003 Class A VCCI-CISPR32 Class A EN61000-3-2 EN61000-3-3 KS C 9832 Cla
124389	85653	UCSC-P-N7S400GF5	emc_immunity	verified	ucs-c-series-rack-servers	["EN55035 EN55024 CISPR24","35 EN300386 KS C 9835 IEC","EN61000-6-1"]	EN55035 EN55024 CISPR24/35 EN300386 KS C 9835 IEC/EN61000-6-1
95503	41613	HX-CPU-A7473X	emc_immunity	verified	hyperflex-hx-series	["EN55024 CISPR24 EN300386 KN35"]	EN55024 CISPR24 EN300386 KN35
174950	41613	HX-CPU-A7473X	emc_emissions	verified	hyperflex-hx-series	["47CFR Part 15 (CFR 47) Class A  AS","NZS CISPR32 Class A  CISPR32 Class A EN55032 Class A  ICES003 Class A  VCCI Class A  EN61000-3-2 EN61000-3-3 KN32 Cla","47CFR Part 15 (CFR 47) Class A  AS/NZS CISPR32 Class A  CISPR32 Class A EN55032 Class A  ICES003 Class A  VCCI Class A  EN61000-3-2 EN61000-3-3 KN32"]	47CFR Part 15 (CFR 47) Class A  AS/NZS CISPR32 Class A  CISPR32 Class A EN55032 Class A  ICES003 Class A  VCCI Class A  EN61000-3-2 EN61000-3-3 KN32 Cla ; 47CFR Part 15 (CFR 47) Class A  AS/NZS CISPR32 Class A  CISPR32 Class A EN55032 Class A  ICES003 Class A  VCCI Class A  EN61000-3-2 EN61000-3-3 KN32
173488	41613	HX-CPU-A7473X	humidity_operating	verified	hyperflex-hx-series	{"max":90,"min":10}	10% to 90% and 28°C (82.4°F) maximum dew-point temperature,
173489	41613	HX-CPU-A7473X	humidity_storage	verified	hyperflex-hx-series	{"max":93,"min":5}	5% to 93% relative humidity, non-condensing, with a maximum
126760	87682	UCSX-RIS-A-440P	altitude_storage	verified	ucs-x-series-modular-system	"12,000m"	40,000 ft (12,000m)
156348	81997	UCS-HDB300GS10K2N	emc_immunity	verified	ucs-c-series-rack-servers	["EN55035 EN55024 CISPR24/35 EN300386 KS C 9835 IEC/EN61000-6-1"]	EN55035 EN55024 CISPR24/35 EN300386 KS C 9835 IEC/EN61000-6-1
175106	81997	UCS-HDB300GS10K2N	emc_emissions	verified	ucs-c-series-rack-servers	["47CFR Part 15 (CFR 47) Class A AS","NZS CISPR32 Class A CISPR32 Class A EN55032 Class A ICES003 Class A VCCI-CISPR32 Class A EN61000-3-2 EN61000-3-3 KS C 9832 Cla","47CFR Part 15 (CFR 47) Class A AS/NZS CISPR32 Class A CISPR32 Class A EN55032 Class A ICES003 Class A VCCI-CISPR32 Class A EN61000-3-2 EN61000-3-3 KS C 9832"]	47CFR Part 15 (CFR 47) Class A AS/NZS CISPR32 Class A CISPR32 Class A EN55032 Class A ICES003 Class A VCCI-CISPR32 Class A EN61000-3-2 EN61000-3-3 KS C 9832 Cla ; 47CFR Part 15 (CFR 47) Class A AS/NZS CISPR32 Class A CISPR32 Class A EN55032 Class A ICES003 Class A VCCI-CISPR32 Class A EN61000-3-2 EN61000-3-3 KS C 9832
156477	82082	UCS-HDL10TG1S74K	emc_immunity	verified	ucs-c-series-rack-servers	["EN55035 EN55024 CISPR24/35 EN300386 KS C 9835 IEC/EN61000-6-1"]	EN55035 EN55024 CISPR24/35 EN300386 KS C 9835 IEC/EN61000-6-1
175150	82082	UCS-HDL10TG1S74K	emc_emissions	verified	ucs-c-series-rack-servers	["47CFR Part 15 (CFR 47) Class A AS","NZS CISPR32 Class A CISPR32 Class A EN55032 Class A ICES003 Class A VCCI-CISPR32 Class A EN61000-3-2 EN61000-3-3 KS C 9832 Cla","47CFR Part 15 (CFR 47) Class A AS/NZS CISPR32 Class A CISPR32 Class A EN55032 Class A ICES003 Class A VCCI-CISPR32 Class A EN61000-3-2 EN61000-3-3 KS C 9832"]	47CFR Part 15 (CFR 47) Class A AS/NZS CISPR32 Class A CISPR32 Class A EN55032 Class A ICES003 Class A VCCI-CISPR32 Class A EN61000-3-2 EN61000-3-3 KS C 9832 Cla ; 47CFR Part 15 (CFR 47) Class A AS/NZS CISPR32 Class A CISPR32 Class A EN55032 Class A ICES003 Class A VCCI-CISPR32 Class A EN61000-3-2 EN61000-3-3 KS C 9832
95243	41352	HX-CPU-A7663	emc_immunity	verified	hyperflex-hx-series	["EN55024 CISPR24 EN300386 KN35"]	EN55024 CISPR24 EN300386 KN35
174934	41352	HX-CPU-A7663	emc_emissions	verified	hyperflex-hx-series	["47CFR Part 15 (CFR 47) Class A  AS","NZS CISPR32 Class A  CISPR32 Class A EN55032 Class A  ICES003 Class A  VCCI Class A  EN61000-3-2 EN61000-3-3 KN32 Cla","47CFR Part 15 (CFR 47) Class A  AS/NZS CISPR32 Class A  CISPR32 Class A EN55032 Class A  ICES003 Class A  VCCI Class A  EN61000-3-2 EN61000-3-3 KN32"]	47CFR Part 15 (CFR 47) Class A  AS/NZS CISPR32 Class A  CISPR32 Class A EN55032 Class A  ICES003 Class A  VCCI Class A  EN61000-3-2 EN61000-3-3 KN32 Cla ; 47CFR Part 15 (CFR 47) Class A  AS/NZS CISPR32 Class A  CISPR32 Class A EN55032 Class A  ICES003 Class A  VCCI Class A  EN61000-3-2 EN61000-3-3 KN32
173440	41352	HX-CPU-A7663	humidity_operating	verified	hyperflex-hx-series	{"max":90,"min":10}	10% to 90% and 28°C (82.4°F) maximum dew-point temperature,
173441	41352	HX-CPU-A7663	humidity_storage	verified	hyperflex-hx-series	{"max":93,"min":5}	5% to 93% relative humidity, non-condensing, with a maximum
95515	41617	HX-CPU-A7763	emc_immunity	verified	hyperflex-hx-series	["EN55024 CISPR24 EN300386 KN35"]	EN55024 CISPR24 EN300386 KN35
174931	41617	HX-CPU-A7763	emc_emissions	verified	hyperflex-hx-series	["47CFR Part 15 (CFR 47) Class A  AS","NZS CISPR32 Class A  CISPR32 Class A EN55032 Class A  ICES003 Class A  VCCI Class A  EN61000-3-2 EN61000-3-3 KN32 Cla","47CFR Part 15 (CFR 47) Class A  AS/NZS CISPR32 Class A  CISPR32 Class A EN55032 Class A  ICES003 Class A  VCCI Class A  EN61000-3-2 EN61000-3-3 KN32"]	47CFR Part 15 (CFR 47) Class A  AS/NZS CISPR32 Class A  CISPR32 Class A EN55032 Class A  ICES003 Class A  VCCI Class A  EN61000-3-2 EN61000-3-3 KN32 Cla ; 47CFR Part 15 (CFR 47) Class A  AS/NZS CISPR32 Class A  CISPR32 Class A EN55032 Class A  ICES003 Class A  VCCI Class A  EN61000-3-2 EN61000-3-3 KN32
173431	41617	HX-CPU-A7763	humidity_operating	verified	hyperflex-hx-series	{"max":90,"min":10}	10% to 90% and 28°C (82.4°F) maximum dew-point temperature,
173432	41617	HX-CPU-A7763	humidity_storage	verified	hyperflex-hx-series	{"max":93,"min":5}	5% to 93% relative humidity, non-condensing, with a maximum
156463	82021	UCS-HDL24TW1S74K	emc_immunity	verified	ucs-c-series-rack-servers	["EN55035 EN55024 CISPR24/35 EN300386 KS C 9835 IEC/EN61000-6-1"]	EN55035 EN55024 CISPR24/35 EN300386 KS C 9835 IEC/EN61000-6-1
175143	82021	UCS-HDL24TW1S74K	emc_emissions	verified	ucs-c-series-rack-servers	["47CFR Part 15 (CFR 47) Class A AS","NZS CISPR32 Class A CISPR32 Class A EN55032 Class A ICES003 Class A VCCI-CISPR32 Class A EN61000-3-2 EN61000-3-3 KS C 9832 Cla","47CFR Part 15 (CFR 47) Class A AS/NZS CISPR32 Class A CISPR32 Class A EN55032 Class A ICES003 Class A VCCI-CISPR32 Class A EN61000-3-2 EN61000-3-3 KS C 9832"]	47CFR Part 15 (CFR 47) Class A AS/NZS CISPR32 Class A CISPR32 Class A EN55032 Class A ICES003 Class A VCCI-CISPR32 Class A EN61000-3-2 EN61000-3-3 KS C 9832 Cla ; 47CFR Part 15 (CFR 47) Class A AS/NZS CISPR32 Class A CISPR32 Class A EN55032 Class A ICES003 Class A VCCI-CISPR32 Class A EN61000-3-2 EN61000-3-3 KS C 9832
156501	81918	UCS-HDM10TG1S74K	emc_immunity	verified	ucs-c-series-rack-servers	["EN55035 EN55024 CISPR24/35 EN300386 KS C 9835 IEC/EN61000-6-1"]	EN55035 EN55024 CISPR24/35 EN300386 KS C 9835 IEC/EN61000-6-1
175162	81918	UCS-HDM10TG1S74K	emc_emissions	verified	ucs-c-series-rack-servers	["47CFR Part 15 (CFR 47) Class A AS","NZS CISPR32 Class A CISPR32 Class A EN55032 Class A ICES003 Class A VCCI-CISPR32 Class A EN61000-3-2 EN61000-3-3 KS C 9832 Cla","47CFR Part 15 (CFR 47) Class A AS/NZS CISPR32 Class A CISPR32 Class A EN55032 Class A ICES003 Class A VCCI-CISPR32 Class A EN61000-3-2 EN61000-3-3 KS C 9832"]	47CFR Part 15 (CFR 47) Class A AS/NZS CISPR32 Class A CISPR32 Class A EN55032 Class A ICES003 Class A VCCI-CISPR32 Class A EN61000-3-2 EN61000-3-3 KS C 9832 Cla ; 47CFR Part 15 (CFR 47) Class A AS/NZS CISPR32 Class A CISPR32 Class A EN55032 Class A ICES003 Class A VCCI-CISPR32 Class A EN61000-3-2 EN61000-3-3 KS C 9832
156352	83508	UCS-SDB960OA1V	emc_immunity	verified	ucs-c-series-rack-servers	["EN55035 EN55024 CISPR24/35 EN300386 KS C 9835 IEC/EN61000-6-1"]	EN55035 EN55024 CISPR24/35 EN300386 KS C 9835 IEC/EN61000-6-1
175108	83508	UCS-SDB960OA1V	emc_emissions	verified	ucs-c-series-rack-servers	["47CFR Part 15 (CFR 47) Class A AS","NZS CISPR32 Class A CISPR32 Class A EN55032 Class A ICES003 Class A VCCI-CISPR32 Class A EN61000-3-2 EN61000-3-3 KS C 9832 Cla","47CFR Part 15 (CFR 47) Class A AS/NZS CISPR32 Class A CISPR32 Class A EN55032 Class A ICES003 Class A VCCI-CISPR32 Class A EN61000-3-2 EN61000-3-3 KS C 9832"]	47CFR Part 15 (CFR 47) Class A AS/NZS CISPR32 Class A CISPR32 Class A EN55032 Class A ICES003 Class A VCCI-CISPR32 Class A EN61000-3-2 EN61000-3-3 KS C 9832 Cla ; 47CFR Part 15 (CFR 47) Class A AS/NZS CISPR32 Class A CISPR32 Class A EN55032 Class A ICES003 Class A VCCI-CISPR32 Class A EN61000-3-2 EN61000-3-3 KS C 9832
156503	82123	UCS-HDM12TG1S74K	emc_immunity	verified	ucs-c-series-rack-servers	["EN55035 EN55024 CISPR24/35 EN300386 KS C 9835 IEC/EN61000-6-1"]	EN55035 EN55024 CISPR24/35 EN300386 KS C 9835 IEC/EN61000-6-1
175163	82123	UCS-HDM12TG1S74K	emc_emissions	verified	ucs-c-series-rack-servers	["47CFR Part 15 (CFR 47) Class A AS","NZS CISPR32 Class A CISPR32 Class A EN55032 Class A ICES003 Class A VCCI-CISPR32 Class A EN61000-3-2 EN61000-3-3 KS C 9832 Cla","47CFR Part 15 (CFR 47) Class A AS/NZS CISPR32 Class A CISPR32 Class A EN55032 Class A ICES003 Class A VCCI-CISPR32 Class A EN61000-3-2 EN61000-3-3 KS C 9832"]	47CFR Part 15 (CFR 47) Class A AS/NZS CISPR32 Class A CISPR32 Class A EN55032 Class A ICES003 Class A VCCI-CISPR32 Class A EN61000-3-2 EN61000-3-3 KS C 9832 Cla ; 47CFR Part 15 (CFR 47) Class A AS/NZS CISPR32 Class A CISPR32 Class A EN55032 Class A ICES003 Class A VCCI-CISPR32 Class A EN61000-3-2 EN61000-3-3 KS C 9832
125529	86930	UCSX-GPU-T4-16	altitude_storage	verified	ucs-x-series-modular-system	"12,000m"	40,000 ft (12,000m)
156531	82055	UCS-HDM14TW1S74K	emc_immunity	verified	ucs-c-series-rack-servers	["EN55035 EN55024 CISPR24/35 EN300386 KS C 9835 IEC/EN61000-6-1"]	EN55035 EN55024 CISPR24/35 EN300386 KS C 9835 IEC/EN61000-6-1
175177	82055	UCS-HDM14TW1S74K	emc_emissions	verified	ucs-c-series-rack-servers	["47CFR Part 15 (CFR 47) Class A AS","NZS CISPR32 Class A CISPR32 Class A EN55032 Class A ICES003 Class A VCCI-CISPR32 Class A EN61000-3-2 EN61000-3-3 KS C 9832 Cla","47CFR Part 15 (CFR 47) Class A AS/NZS CISPR32 Class A CISPR32 Class A EN55032 Class A ICES003 Class A VCCI-CISPR32 Class A EN61000-3-2 EN61000-3-3 KS C 9832"]	47CFR Part 15 (CFR 47) Class A AS/NZS CISPR32 Class A CISPR32 Class A EN55032 Class A ICES003 Class A VCCI-CISPR32 Class A EN61000-3-2 EN61000-3-3 KS C 9832 Cla ; 47CFR Part 15 (CFR 47) Class A AS/NZS CISPR32 Class A CISPR32 Class A EN55032 Class A ICES003 Class A VCCI-CISPR32 Class A EN61000-3-2 EN61000-3-3 KS C 9832
125524	86927	UCSX-GPU-FLEX140	altitude_storage	verified	ucs-x-series-modular-system	"12,000m"	40,000 ft (12,000m)
156507	82084	UCS-HDM16TT1S74K	emc_immunity	verified	ucs-c-series-rack-servers	["EN55035 EN55024 CISPR24/35 EN300386 KS C 9835 IEC/EN61000-6-1"]	EN55035 EN55024 CISPR24/35 EN300386 KS C 9835 IEC/EN61000-6-1
175165	82084	UCS-HDM16TT1S74K	emc_emissions	verified	ucs-c-series-rack-servers	["47CFR Part 15 (CFR 47) Class A AS","NZS CISPR32 Class A CISPR32 Class A EN55032 Class A ICES003 Class A VCCI-CISPR32 Class A EN61000-3-2 EN61000-3-3 KS C 9832 Cla","47CFR Part 15 (CFR 47) Class A AS/NZS CISPR32 Class A CISPR32 Class A EN55032 Class A ICES003 Class A VCCI-CISPR32 Class A EN61000-3-2 EN61000-3-3 KS C 9832"]	47CFR Part 15 (CFR 47) Class A AS/NZS CISPR32 Class A CISPR32 Class A EN55032 Class A ICES003 Class A VCCI-CISPR32 Class A EN61000-3-2 EN61000-3-3 KS C 9832 Cla ; 47CFR Part 15 (CFR 47) Class A AS/NZS CISPR32 Class A CISPR32 Class A EN55032 Class A ICES003 Class A VCCI-CISPR32 Class A EN61000-3-2 EN61000-3-3 KS C 9832
156511	81788	UCS-HDM20TW1S74K	emc_immunity	verified	ucs-c-series-rack-servers	["EN55035 EN55024 CISPR24/35 EN300386 KS C 9835 IEC/EN61000-6-1"]	EN55035 EN55024 CISPR24/35 EN300386 KS C 9835 IEC/EN61000-6-1
175167	81788	UCS-HDM20TW1S74K	emc_emissions	verified	ucs-c-series-rack-servers	["47CFR Part 15 (CFR 47) Class A AS","NZS CISPR32 Class A CISPR32 Class A EN55032 Class A ICES003 Class A VCCI-CISPR32 Class A EN61000-3-2 EN61000-3-3 KS C 9832 Cla","47CFR Part 15 (CFR 47) Class A AS/NZS CISPR32 Class A CISPR32 Class A EN55032 Class A ICES003 Class A VCCI-CISPR32 Class A EN61000-3-2 EN61000-3-3 KS C 9832"]	47CFR Part 15 (CFR 47) Class A AS/NZS CISPR32 Class A CISPR32 Class A EN55032 Class A ICES003 Class A VCCI-CISPR32 Class A EN61000-3-2 EN61000-3-3 KS C 9832 Cla ; 47CFR Part 15 (CFR 47) Class A AS/NZS CISPR32 Class A CISPR32 Class A EN55032 Class A ICES003 Class A VCCI-CISPR32 Class A EN61000-3-2 EN61000-3-3 KS C 9832
156535	81789	UCS-HDM20TW2S74K	emc_immunity	verified	ucs-c-series-rack-servers	["EN55035 EN55024 CISPR24/35 EN300386 KS C 9835 IEC/EN61000-6-1"]	EN55035 EN55024 CISPR24/35 EN300386 KS C 9835 IEC/EN61000-6-1
175179	81789	UCS-HDM20TW2S74K	emc_emissions	verified	ucs-c-series-rack-servers	["47CFR Part 15 (CFR 47) Class A AS","NZS CISPR32 Class A CISPR32 Class A EN55032 Class A ICES003 Class A VCCI-CISPR32 Class A EN61000-3-2 EN61000-3-3 KS C 9832 Cla","47CFR Part 15 (CFR 47) Class A AS/NZS CISPR32 Class A CISPR32 Class A EN55032 Class A ICES003 Class A VCCI-CISPR32 Class A EN61000-3-2 EN61000-3-3 KS C 9832"]	47CFR Part 15 (CFR 47) Class A AS/NZS CISPR32 Class A CISPR32 Class A EN55032 Class A ICES003 Class A VCCI-CISPR32 Class A EN61000-3-2 EN61000-3-3 KS C 9832 Cla ; 47CFR Part 15 (CFR 47) Class A AS/NZS CISPR32 Class A CISPR32 Class A EN55032 Class A ICES003 Class A VCCI-CISPR32 Class A EN61000-3-2 EN61000-3-3 KS C 9832
156517	82086	UCS-HDM6TW1S74K9	emc_immunity	verified	ucs-c-series-rack-servers	["EN55035 EN55024 CISPR24/35 EN300386 KS C 9835 IEC/EN61000-6-1"]	EN55035 EN55024 CISPR24/35 EN300386 KS C 9835 IEC/EN61000-6-1
175170	82086	UCS-HDM6TW1S74K9	emc_emissions	verified	ucs-c-series-rack-servers	["47CFR Part 15 (CFR 47) Class A AS","NZS CISPR32 Class A CISPR32 Class A EN55032 Class A ICES003 Class A VCCI-CISPR32 Class A EN61000-3-2 EN61000-3-3 KS C 9832 Cla","47CFR Part 15 (CFR 47) Class A AS/NZS CISPR32 Class A CISPR32 Class A EN55032 Class A ICES003 Class A VCCI-CISPR32 Class A EN61000-3-2 EN61000-3-3 KS C 9832"]	47CFR Part 15 (CFR 47) Class A AS/NZS CISPR32 Class A CISPR32 Class A EN55032 Class A ICES003 Class A VCCI-CISPR32 Class A EN61000-3-2 EN61000-3-3 KS C 9832 Cla ; 47CFR Part 15 (CFR 47) Class A AS/NZS CISPR32 Class A CISPR32 Class A EN55032 Class A ICES003 Class A VCCI-CISPR32 Class A EN61000-3-2 EN61000-3-3 KS C 9832
156519	82023	UCS-HDM8TT1S74K	emc_immunity	verified	ucs-c-series-rack-servers	["EN55035 EN55024 CISPR24/35 EN300386 KS C 9835 IEC/EN61000-6-1"]	EN55035 EN55024 CISPR24/35 EN300386 KS C 9835 IEC/EN61000-6-1
175171	82023	UCS-HDM8TT1S74K	emc_emissions	verified	ucs-c-series-rack-servers	["47CFR Part 15 (CFR 47) Class A AS","NZS CISPR32 Class A CISPR32 Class A EN55032 Class A ICES003 Class A VCCI-CISPR32 Class A EN61000-3-2 EN61000-3-3 KS C 9832 Cla","47CFR Part 15 (CFR 47) Class A AS/NZS CISPR32 Class A CISPR32 Class A EN55032 Class A ICES003 Class A VCCI-CISPR32 Class A EN61000-3-2 EN61000-3-3 KS C 9832"]	47CFR Part 15 (CFR 47) Class A AS/NZS CISPR32 Class A CISPR32 Class A EN55032 Class A ICES003 Class A VCCI-CISPR32 Class A EN61000-3-2 EN61000-3-3 KS C 9832 Cla ; 47CFR Part 15 (CFR 47) Class A AS/NZS CISPR32 Class A CISPR32 Class A EN55032 Class A ICES003 Class A VCCI-CISPR32 Class A EN61000-3-2 EN61000-3-3 KS C 9832
93717	40004	HCI-CPU-A95652	emc_emissions	verified	hyperconverged-infrastructure	["47CFR Part 15 (CFR 47) Class A AS","NZS CISPR32 Class A CISPR32 Class A EN55032 Class A ICES003 Class A VCCI-CISPR32 Class A EN61000-3-2 EN61000-3-3 KS C 9832 Cla"]	47CFR Part 15 (CFR 47) Class A AS/NZS CISPR32 Class A CISPR32 Class A EN55032 Class A ICES003 Class A VCCI-CISPR32 Class A EN61000-3-2 EN61000-3-3 KS C 9832 Cla
93718	40004	HCI-CPU-A95652	emc_immunity	verified	hyperconverged-infrastructure	["EN55035 EN55024 CISPR24","35 EN300386 KS C 9835 IEC","EN61000-6-1"]	EN55035 EN55024 CISPR24/35 EN300386 KS C 9835 IEC/EN61000-6-1
155716	39898	HCI-CPU-I6438M	emc_immunity	verified	hyperconverged-infrastructure	["EN55035 EN55024 CISPR24/35 EN300386 KS C 9835 IEC/EN61000-6-1"]	EN55035 EN55024 CISPR24/35 EN300386 KS C 9835 IEC/EN61000-6-1
174901	39898	HCI-CPU-I6438M	emc_emissions	verified	hyperconverged-infrastructure	["47CFR Part 15 (CFR 47) Class A AS","NZS CISPR32 Class A CISPR32 Class A EN55032 Class A ICES003 Class A VCCI-CISPR32 Class A EN61000-3-2 EN61000-3-3 KS C 9832 Cla","47CFR Part 15 (CFR 47) Class A AS/NZS CISPR32 Class A CISPR32 Class A EN55032 Class A ICES003 Class A VCCI-CISPR32 Class A EN61000-3-2 EN61000-3-3 KS C 9832"]	47CFR Part 15 (CFR 47) Class A AS/NZS CISPR32 Class A CISPR32 Class A EN55032 Class A ICES003 Class A VCCI-CISPR32 Class A EN61000-3-2 EN61000-3-3 KS C 9832 Cla ; 47CFR Part 15 (CFR 47) Class A AS/NZS CISPR32 Class A CISPR32 Class A EN55032 Class A ICES003 Class A VCCI-CISPR32 Class A EN61000-3-2 EN61000-3-3 KS C 9832
173305	39898	HCI-CPU-I6438M	humidity_operating	verified	hyperconverged-infrastructure	{"max":90,"min":8}	8% to 90% relative humidity, non-condensing, with maximum wet
173306	39898	HCI-CPU-I6438M	humidity_storage	verified	hyperconverged-infrastructure	{"max":93,"min":5}	5% to 93% relative humidity, non-condensing, with a maximum
155501	39984	HCI-CPU-I6507P	emc_immunity	verified	compute-hyperconverged	["EN55035 EN55024 CISPR24/35 EN300386 KS C 9835 IEC/EN61000-6-1"]	EN55035 EN55024 CISPR24/35 EN300386 KS C 9835 IEC/EN61000-6-1
174881	39984	HCI-CPU-I6507P	emc_emissions	verified	compute-hyperconverged	["47CFR Part 15 (CFR 47) Class A AS","NZS CISPR32 Class A CISPR32 Class A EN55032 Class A ICES003 Class A VCCI-CISPR32 Class A EN61000-3-2 EN61000-3-3 KS C 9832 Cla","47CFR Part 15 (CFR 47) Class A AS/NZS CISPR32 Class A CISPR32 Class A EN55032 Class A ICES003 Class A VCCI-CISPR32 Class A EN61000-3-2 EN61000-3-3 KS C 9832"]	47CFR Part 15 (CFR 47) Class A AS/NZS CISPR32 Class A CISPR32 Class A EN55032 Class A ICES003 Class A VCCI-CISPR32 Class A EN61000-3-2 EN61000-3-3 KS C 9832 Cla ; 47CFR Part 15 (CFR 47) Class A AS/NZS CISPR32 Class A CISPR32 Class A EN55032 Class A ICES003 Class A VCCI-CISPR32 Class A EN61000-3-2 EN61000-3-3 KS C 9832
155237	40771	HCIX-CPU-I6554S	temp_storage	verified	compute-hyperconverged-nutanix	{"max":65,"min":-40}	-40° to 149°F (–40° to 65°C)
155238	40771	HCIX-CPU-I6554S	humidity_storage	verified	compute-hyperconverged-nutanix	{"max":93,"min":5}	5% to 93% noncondensing
155240	40771	HCIX-CPU-I6554S	altitude_storage	verified	compute-hyperconverged-nutanix	"12,000m"	40,000 ft (12,000m)
94705	40771	HCIX-CPU-I6554S	temp_operating	verified	compute-hyperconverged-nutanix	{"max":35,"min":10}	50° to 95°F (10° to 35°C)
94707	40771	HCIX-CPU-I6554S	humidity_operating	verified	compute-hyperconverged-nutanix	{"max":90,"min":5}	5% to 90% noncondensing
155239	40771	HCIX-CPU-I6554S	altitude_max	verified	compute-hyperconverged-nutanix	3000	0 to 10,000 ft (0 to 3000m); maximum ambient temperature decreases by 1°C per 300m
156443	82052	UCS-HDB1T8GS10K4K	emc_immunity	verified	ucs-c-series-rack-servers	["EN55035 EN55024 CISPR24/35 EN300386 KS C 9835 IEC/EN61000-6-1"]	EN55035 EN55024 CISPR24/35 EN300386 KS C 9835 IEC/EN61000-6-1
175136	82052	UCS-HDB1T8GS10K4K	emc_emissions	verified	ucs-c-series-rack-servers	["47CFR Part 15 (CFR 47) Class A AS","NZS CISPR32 Class A CISPR32 Class A EN55032 Class A ICES003 Class A VCCI-CISPR32 Class A EN61000-3-2 EN61000-3-3 KS C 9832 Cla","47CFR Part 15 (CFR 47) Class A AS/NZS CISPR32 Class A CISPR32 Class A EN55032 Class A ICES003 Class A VCCI-CISPR32 Class A EN61000-3-2 EN61000-3-3 KS C 9832"]	47CFR Part 15 (CFR 47) Class A AS/NZS CISPR32 Class A CISPR32 Class A EN55032 Class A ICES003 Class A VCCI-CISPR32 Class A EN61000-3-2 EN61000-3-3 KS C 9832 Cla ; 47CFR Part 15 (CFR 47) Class A AS/NZS CISPR32 Class A CISPR32 Class A EN55032 Class A ICES003 Class A VCCI-CISPR32 Class A EN61000-3-2 EN61000-3-3 KS C 9832
155298	40756	HCIX-CPU-I6438M	temp_storage	verified	compute-hyperconverged-nutanix	{"max":65,"min":-40}	-40° to 149°F (–40° to 65°C)
155299	40756	HCIX-CPU-I6438M	humidity_storage	verified	compute-hyperconverged-nutanix	{"max":93,"min":5}	5% to 93% noncondensing
155301	40756	HCIX-CPU-I6438M	altitude_storage	verified	compute-hyperconverged-nutanix	"12,000m"	40,000 ft (12,000m)
94675	40756	HCIX-CPU-I6438M	temp_operating	verified	compute-hyperconverged-nutanix	{"max":35,"min":10}	50° to 95°F (10° to 35°C)
94677	40756	HCIX-CPU-I6438M	humidity_operating	verified	compute-hyperconverged-nutanix	{"max":90,"min":5}	5% to 90% noncondensing
155300	40756	HCIX-CPU-I6438M	altitude_max	verified	compute-hyperconverged-nutanix	3000	0 to 10,000 ft (0 to 3000m); maximum ambient temperature decreases by 1°C per 300m
173176	81036	UCS-CPU-I5318Y	altitude_max	verified	compute-hyperconverged	3050	0 m to 3050 m (10,000 ft)
173175	81036	UCS-CPU-I5318Y	temp_operating	verified	compute-hyperconverged	{"max":35,"min":10}	10°C to 35°C (50°F to 95°F) with no direct sunlight
173177	81036	UCS-CPU-I5318Y	altitude_storage	verified	compute-hyperconverged	"0 m to 12,000 m (39,370 ft)"	0 m to 12,000 m (39,370 ft)
173178	81036	UCS-CPU-I5318Y	certifications	verified	compute-hyperconverged	["950-1 No. 21CFR1040","CAN/CSA-C22.2 No. 60950-1","IRAM IEC60950-1"]	950-1 No. 21CFR1040, CAN/CSA-C22.2 No. 60950-1, IRAM IEC60950-1,
173152	81067	UCS-CPU-I6330N	altitude_max	verified	compute-hyperconverged	3050	0 m to 3050 m (10,000 ft)
173151	81067	UCS-CPU-I6330N	temp_operating	verified	compute-hyperconverged	{"max":35,"min":10}	10°C to 35°C (50°F to 95°F) with no direct sunlight
173153	81067	UCS-CPU-I6330N	altitude_storage	verified	compute-hyperconverged	"0 m to 12,000 m (39,370 ft)"	0 m to 12,000 m (39,370 ft)
173154	81067	UCS-CPU-I6330N	certifications	verified	compute-hyperconverged	["950-1 No. 21CFR1040","CAN/CSA-C22.2 No. 60950-1","IRAM IEC60950-1"]	950-1 No. 21CFR1040, CAN/CSA-C22.2 No. 60950-1, IRAM IEC60950-1,
174452	82237	UCS-M2-HWRAID=	altitude_storage	verified	compute-hyperconverged	"0 m to 12,000 m (39,370 ft)"	0 m to 12,000 m (39,370 ft)
174450	82237	UCS-M2-HWRAID=	temp_operating	verified	compute-hyperconverged	{"max":35,"min":10}	10°C to 35°C (50°F to 95°F) with no direct sunlight
174453	82237	UCS-M2-HWRAID=	certifications	verified	compute-hyperconverged	["950-1 No. 21CFR1040","CAN/CSA-C22.2 No. 60950-1","IRAM IEC60950-1"]	950-1 No. 21CFR1040, CAN/CSA-C22.2 No. 60950-1, IRAM IEC60950-1,
174451	82237	UCS-M2-HWRAID=	altitude_max	verified	compute-hyperconverged	3050	0 m to 3050 m (10,000 ft)
173168	80857	UCS-CPU-I5320	altitude_max	verified	compute-hyperconverged	3050	0 m to 3050 m (10,000 ft)
173167	80857	UCS-CPU-I5320	temp_operating	verified	compute-hyperconverged	{"max":35,"min":10}	10°C to 35°C (50°F to 95°F) with no direct sunlight
173169	80857	UCS-CPU-I5320	altitude_storage	verified	compute-hyperconverged	"0 m to 12,000 m (39,370 ft)"	0 m to 12,000 m (39,370 ft)
173170	80857	UCS-CPU-I5320	certifications	verified	compute-hyperconverged	["950-1 No. 21CFR1040","CAN/CSA-C22.2 No. 60950-1","IRAM IEC60950-1"]	950-1 No. 21CFR1040, CAN/CSA-C22.2 No. 60950-1, IRAM IEC60950-1,
173188	82015	UCS-MR-X16G1RW	altitude_max	verified	compute-hyperconverged	3050	0 m to 3050 m (10,000 ft)
173187	82015	UCS-MR-X16G1RW	temp_operating	verified	compute-hyperconverged	{"max":35,"min":10}	10°C to 35°C (50°F to 95°F) with no direct sunlight
173189	82015	UCS-MR-X16G1RW	altitude_storage	verified	compute-hyperconverged	"0 m to 12,000 m (39,370 ft)"	0 m to 12,000 m (39,370 ft)
173190	82015	UCS-MR-X16G1RW	certifications	verified	compute-hyperconverged	["950-1 No. 21CFR1040","CAN/CSA-C22.2 No. 60950-1","IRAM IEC60950-1"]	950-1 No. 21CFR1040, CAN/CSA-C22.2 No. 60950-1, IRAM IEC60950-1,
157932	86622	UCSX-CPU-A90153	temp_storage	verified	compute-hyperconverged	{"max":65,"min":-40}	-40° to 149°F (–40° to 65°C)
125021	86622	UCSX-CPU-A90153	temp_operating	verified	compute-hyperconverged	{"max":35,"min":10}	50° to 95°F (10° to 35°C)
125023	86622	UCSX-CPU-A90153	humidity_operating	verified	compute-hyperconverged	{"max":90,"min":5}	5% to 90% noncondensing
157928	86568	UCSX-CPU-A92553	temp_storage	verified	compute-hyperconverged	{"max":65,"min":-40}	-40° to 149°F (–40° to 65°C)
124928	86568	UCSX-CPU-A92553	temp_operating	verified	compute-hyperconverged	{"max":35,"min":10}	50° to 95°F (10° to 35°C)
124930	86568	UCSX-CPU-A92553	humidity_operating	verified	compute-hyperconverged	{"max":90,"min":5}	5% to 90% noncondensing
95278	41397	HX-CPU-A7713P	emc_immunity	verified	hyperflex-hx-series	["EN55024 CISPR24 EN300386 KN35"]	EN55024 CISPR24 EN300386 KN35
174933	41397	HX-CPU-A7713P	emc_emissions	verified	hyperflex-hx-series	["47CFR Part 15 (CFR 47) Class A  AS","NZS CISPR32 Class A  CISPR32 Class A EN55032 Class A  ICES003 Class A  VCCI Class A  EN61000-3-2 EN61000-3-3 KN32 Cla","47CFR Part 15 (CFR 47) Class A  AS/NZS CISPR32 Class A  CISPR32 Class A EN55032 Class A  ICES003 Class A  VCCI Class A  EN61000-3-2 EN61000-3-3 KN32"]	47CFR Part 15 (CFR 47) Class A  AS/NZS CISPR32 Class A  CISPR32 Class A EN55032 Class A  ICES003 Class A  VCCI Class A  EN61000-3-2 EN61000-3-3 KN32 Cla ; 47CFR Part 15 (CFR 47) Class A  AS/NZS CISPR32 Class A  CISPR32 Class A EN55032 Class A  ICES003 Class A  VCCI Class A  EN61000-3-2 EN61000-3-3 KN32
173437	41397	HX-CPU-A7713P	humidity_operating	verified	hyperflex-hx-series	{"max":90,"min":10}	10% to 90% and 28°C (82.4°F) maximum dew-point temperature,
173438	41397	HX-CPU-A7713P	humidity_storage	verified	hyperflex-hx-series	{"max":93,"min":5}	5% to 93% relative humidity, non-condensing, with a maximum
174465	42723	HX-SD800GBENK9	humidity_operating	verified	hyperflex-hx-series	{"max":90,"min":10}	10% to 90% and 28°C (82.4°F) maximum dew-point temperature,
174466	42723	HX-SD800GBENK9	humidity_storage	verified	hyperflex-hx-series	{"max":93,"min":5}	5% to 93% relative humidity, non-condensing, with a maximum
95976	42723	HX-SD800GBENK9	emc_immunity	verified	hyperflex-hx-series	["EN55024 CISPR24 EN300386 KN35"]	EN55024 CISPR24 EN300386 KN35
157336	42723	HX-SD800GBENK9	emc_emissions	verified	hyperflex-hx-series	["47CFR Part 15 (CFR 47) Class A AS/NZS CISPR32 Class A CISPR32 Class A EN55032 Class A ICES003 Class A VCCI Class A EN61000-3-2 EN61000-3-3 KN32 Class A CNS13438"]	47CFR Part 15 (CFR 47) Class A AS/NZS CISPR32 Class A CISPR32 Class A EN55032 Class A ICES003 Class A VCCI Class A EN61000-3-2 EN61000-3-3 KN32 Class A CNS13438
174513	41421	HX-CPU-6132	humidity_operating	verified	hyperflex-hx-series	{"max":90,"min":10}	10% to 90% and 28°C (82.4°F) maximum dew-point temperature,
174514	41421	HX-CPU-6132	humidity_storage	verified	hyperflex-hx-series	{"max":93,"min":5}	5% to 93% relative humidity, non-condensing, with a maximum
174515	41421	HX-CPU-6132	certifications	verified	hyperflex-hx-series	["60950-1 Second Edition"]	60950-1 Second Edition
174516	41421	HX-CPU-6132	emc_emissions	verified	hyperflex-hx-series	["47CFR Part 15 (CFR 47) Class A"]	47CFR Part 15 (CFR 47) Class A
174589	41644	HX-CPU-8164	humidity_operating	verified	hyperflex-hx-series	{"max":90,"min":10}	10% to 90% and 28°C (82.4°F) maximum dew-point temperature,
174590	41644	HX-CPU-8164	humidity_storage	verified	hyperflex-hx-series	{"max":93,"min":5}	5% to 93% relative humidity, non-condensing, with a maximum
174591	41644	HX-CPU-8164	certifications	verified	hyperflex-hx-series	["60950-1 Second Edition"]	60950-1 Second Edition
174592	41644	HX-CPU-8164	emc_emissions	verified	hyperflex-hx-series	["47CFR Part 15 (CFR 47) Class A"]	47CFR Part 15 (CFR 47) Class A
174617	41549	HX-CPU-8180M	humidity_operating	verified	hyperflex-hx-series	{"max":90,"min":10}	10% to 90% and 28°C (82.4°F) maximum dew-point temperature,
174618	41549	HX-CPU-8180M	humidity_storage	verified	hyperflex-hx-series	{"max":93,"min":5}	5% to 93% relative humidity, non-condensing, with a maximum
174619	41549	HX-CPU-8180M	certifications	verified	hyperflex-hx-series	["60950-1 Second Edition"]	60950-1 Second Edition
174620	41549	HX-CPU-8180M	emc_emissions	verified	hyperflex-hx-series	["47CFR Part 15 (CFR 47) Class A"]	47CFR Part 15 (CFR 47) Class A
95416	41550	HX-CPU-A7232P	emc_immunity	verified	hyperflex-hx-series	["EN55024 CISPR24 EN300386 KN35"]	EN55024 CISPR24 EN300386 KN35
174958	41550	HX-CPU-A7232P	emc_emissions	verified	hyperflex-hx-series	["47CFR Part 15 (CFR 47) Class A  AS","NZS CISPR32 Class A  CISPR32 Class A EN55032 Class A  ICES003 Class A  VCCI Class A  EN61000-3-2 EN61000-3-3 KN32 Cla","47CFR Part 15 (CFR 47) Class A  AS/NZS CISPR32 Class A  CISPR32 Class A EN55032 Class A  ICES003 Class A  VCCI Class A  EN61000-3-2 EN61000-3-3 KN32"]	47CFR Part 15 (CFR 47) Class A  AS/NZS CISPR32 Class A  CISPR32 Class A EN55032 Class A  ICES003 Class A  VCCI Class A  EN61000-3-2 EN61000-3-3 KN32 Cla ; 47CFR Part 15 (CFR 47) Class A  AS/NZS CISPR32 Class A  CISPR32 Class A EN55032 Class A  ICES003 Class A  VCCI Class A  EN61000-3-2 EN61000-3-3 KN32
173512	41550	HX-CPU-A7232P	humidity_operating	verified	hyperflex-hx-series	{"max":90,"min":10}	10% to 90% and 28°C (82.4°F) maximum dew-point temperature,
173513	41550	HX-CPU-A7232P	humidity_storage	verified	hyperflex-hx-series	{"max":93,"min":5}	5% to 93% relative humidity, non-condensing, with a maximum
95290	41426	HX-CPU-A7352	emc_immunity	verified	hyperflex-hx-series	["EN55024 CISPR24 EN300386 KN35"]	EN55024 CISPR24 EN300386 KN35
174954	41426	HX-CPU-A7352	emc_emissions	verified	hyperflex-hx-series	["47CFR Part 15 (CFR 47) Class A  AS","NZS CISPR32 Class A  CISPR32 Class A EN55032 Class A  ICES003 Class A  VCCI Class A  EN61000-3-2 EN61000-3-3 KN32 Cla","47CFR Part 15 (CFR 47) Class A  AS/NZS CISPR32 Class A  CISPR32 Class A EN55032 Class A  ICES003 Class A  VCCI Class A  EN61000-3-2 EN61000-3-3 KN32"]	47CFR Part 15 (CFR 47) Class A  AS/NZS CISPR32 Class A  CISPR32 Class A EN55032 Class A  ICES003 Class A  VCCI Class A  EN61000-3-2 EN61000-3-3 KN32 Cla ; 47CFR Part 15 (CFR 47) Class A  AS/NZS CISPR32 Class A  CISPR32 Class A EN55032 Class A  ICES003 Class A  VCCI Class A  EN61000-3-2 EN61000-3-3 KN32
173500	41426	HX-CPU-A7352	humidity_operating	verified	hyperflex-hx-series	{"max":90,"min":10}	10% to 90% and 28°C (82.4°F) maximum dew-point temperature,
173501	41426	HX-CPU-A7352	humidity_storage	verified	hyperflex-hx-series	{"max":93,"min":5}	5% to 93% relative humidity, non-condensing, with a maximum
95456	41583	HX-CPU-A7443	emc_immunity	verified	hyperflex-hx-series	["EN55024 CISPR24 EN300386 KN35"]	EN55024 CISPR24 EN300386 KN35
174942	41583	HX-CPU-A7443	emc_emissions	verified	hyperflex-hx-series	["47CFR Part 15 (CFR 47) Class A  AS","NZS CISPR32 Class A  CISPR32 Class A EN55032 Class A  ICES003 Class A  VCCI Class A  EN61000-3-2 EN61000-3-3 KN32 Cla","47CFR Part 15 (CFR 47) Class A  AS/NZS CISPR32 Class A  CISPR32 Class A EN55032 Class A  ICES003 Class A  VCCI Class A  EN61000-3-2 EN61000-3-3 KN32"]	47CFR Part 15 (CFR 47) Class A  AS/NZS CISPR32 Class A  CISPR32 Class A EN55032 Class A  ICES003 Class A  VCCI Class A  EN61000-3-2 EN61000-3-3 KN32 Cla ; 47CFR Part 15 (CFR 47) Class A  AS/NZS CISPR32 Class A  CISPR32 Class A EN55032 Class A  ICES003 Class A  VCCI Class A  EN61000-3-2 EN61000-3-3 KN32
173464	41583	HX-CPU-A7443	humidity_operating	verified	hyperflex-hx-series	{"max":90,"min":10}	10% to 90% and 28°C (82.4°F) maximum dew-point temperature,
173465	41583	HX-CPU-A7443	humidity_storage	verified	hyperflex-hx-series	{"max":93,"min":5}	5% to 93% relative humidity, non-condensing, with a maximum
156278	81274	UCS-CPU-I6747P	emc_immunity	verified	ucs-c-series-rack-servers	["EN55035 EN55024 CISPR24/35 EN300386 KS C 9835 IEC/EN61000-6-1"]	EN55035 EN55024 CISPR24/35 EN300386 KS C 9835 IEC/EN61000-6-1
175086	81274	UCS-CPU-I6747P	emc_emissions	verified	ucs-c-series-rack-servers	["47CFR Part 15 (CFR 47) Class A AS","NZS CISPR32 Class A CISPR32 Class A EN55032 Class A ICES003 Class A VCCI-CISPR32 Class A EN61000-3-2 EN61000-3-3 KS C 9832 Cla","47CFR Part 15 (CFR 47) Class A AS/NZS CISPR32 Class A CISPR32 Class A EN55032 Class A ICES003 Class A VCCI-CISPR32 Class A EN61000-3-2 EN61000-3-3 KS C 9832"]	47CFR Part 15 (CFR 47) Class A AS/NZS CISPR32 Class A CISPR32 Class A EN55032 Class A ICES003 Class A VCCI-CISPR32 Class A EN61000-3-2 EN61000-3-3 KS C 9832 Cla ; 47CFR Part 15 (CFR 47) Class A AS/NZS CISPR32 Class A CISPR32 Class A EN55032 Class A ICES003 Class A VCCI-CISPR32 Class A EN61000-3-2 EN61000-3-3 KS C 9832
156310	81171	UCS-CPU-I6527P	emc_immunity	verified	ucs-c-series-rack-servers	["EN55035 EN55024 CISPR24/35 EN300386 KS C 9835 IEC/EN61000-6-1"]	EN55035 EN55024 CISPR24/35 EN300386 KS C 9835 IEC/EN61000-6-1
175094	81171	UCS-CPU-I6527P	emc_emissions	verified	ucs-c-series-rack-servers	["47CFR Part 15 (CFR 47) Class A AS","NZS CISPR32 Class A CISPR32 Class A EN55032 Class A ICES003 Class A VCCI-CISPR32 Class A EN61000-3-2 EN61000-3-3 KS C 9832 Cla","47CFR Part 15 (CFR 47) Class A AS/NZS CISPR32 Class A CISPR32 Class A EN55032 Class A ICES003 Class A VCCI-CISPR32 Class A EN61000-3-2 EN61000-3-3 KS C 9832"]	47CFR Part 15 (CFR 47) Class A AS/NZS CISPR32 Class A CISPR32 Class A EN55032 Class A ICES003 Class A VCCI-CISPR32 Class A EN61000-3-2 EN61000-3-3 KS C 9832 Cla ; 47CFR Part 15 (CFR 47) Class A AS/NZS CISPR32 Class A CISPR32 Class A EN55032 Class A ICES003 Class A VCCI-CISPR32 Class A EN61000-3-2 EN61000-3-3 KS C 9832
156404	80316	UCS-CPU-A9015	emc_immunity	verified	ucs-c-series-rack-servers	["EN55035 EN55024 CISPR24/35 EN300386 KS C 9835 IEC/EN61000-6-1"]	EN55035 EN55024 CISPR24/35 EN300386 KS C 9835 IEC/EN61000-6-1
175124	80316	UCS-CPU-A9015	emc_emissions	verified	ucs-c-series-rack-servers	["47CFR Part 15 (CFR 47) Class A AS","NZS CISPR32 Class A CISPR32 Class A EN55032 Class A ICES003 Class A VCCI-CISPR32 Class A EN61000-3-2 EN61000-3-3 KS C 9832 Cla","47CFR Part 15 (CFR 47) Class A AS/NZS CISPR32 Class A CISPR32 Class A EN55032 Class A ICES003 Class A VCCI-CISPR32 Class A EN61000-3-2 EN61000-3-3 KS C 9832"]	47CFR Part 15 (CFR 47) Class A AS/NZS CISPR32 Class A CISPR32 Class A EN55032 Class A ICES003 Class A VCCI-CISPR32 Class A EN61000-3-2 EN61000-3-3 KS C 9832 Cla ; 47CFR Part 15 (CFR 47) Class A AS/NZS CISPR32 Class A CISPR32 Class A EN55032 Class A ICES003 Class A VCCI-CISPR32 Class A EN61000-3-2 EN61000-3-3 KS C 9832
156420	80463	UCS-CPU-A9224	emc_immunity	verified	ucs-c-series-rack-servers	["EN55035 EN55024 CISPR24/35 EN300386 KS C 9835 IEC/EN61000-6-1"]	EN55035 EN55024 CISPR24/35 EN300386 KS C 9835 IEC/EN61000-6-1
175128	80463	UCS-CPU-A9224	emc_emissions	verified	ucs-c-series-rack-servers	["47CFR Part 15 (CFR 47) Class A AS","NZS CISPR32 Class A CISPR32 Class A EN55032 Class A ICES003 Class A VCCI-CISPR32 Class A EN61000-3-2 EN61000-3-3 KS C 9832 Cla","47CFR Part 15 (CFR 47) Class A AS/NZS CISPR32 Class A CISPR32 Class A EN55032 Class A ICES003 Class A VCCI-CISPR32 Class A EN61000-3-2 EN61000-3-3 KS C 9832"]	47CFR Part 15 (CFR 47) Class A AS/NZS CISPR32 Class A CISPR32 Class A EN55032 Class A ICES003 Class A VCCI-CISPR32 Class A EN61000-3-2 EN61000-3-3 KS C 9832 Cla ; 47CFR Part 15 (CFR 47) Class A AS/NZS CISPR32 Class A CISPR32 Class A EN55032 Class A ICES003 Class A VCCI-CISPR32 Class A EN61000-3-2 EN61000-3-3 KS C 9832
156489	82083	UCS-HDL18TW1S74K	emc_immunity	verified	ucs-c-series-rack-servers	["EN55035 EN55024 CISPR24/35 EN300386 KS C 9835 IEC/EN61000-6-1"]	EN55035 EN55024 CISPR24/35 EN300386 KS C 9835 IEC/EN61000-6-1
175156	82083	UCS-HDL18TW1S74K	emc_emissions	verified	ucs-c-series-rack-servers	["47CFR Part 15 (CFR 47) Class A AS","NZS CISPR32 Class A CISPR32 Class A EN55032 Class A ICES003 Class A VCCI-CISPR32 Class A EN61000-3-2 EN61000-3-3 KS C 9832 Cla","47CFR Part 15 (CFR 47) Class A AS/NZS CISPR32 Class A CISPR32 Class A EN55032 Class A ICES003 Class A VCCI-CISPR32 Class A EN61000-3-2 EN61000-3-3 KS C 9832"]	47CFR Part 15 (CFR 47) Class A AS/NZS CISPR32 Class A CISPR32 Class A EN55032 Class A ICES003 Class A VCCI-CISPR32 Class A EN61000-3-2 EN61000-3-3 KS C 9832 Cla ; 47CFR Part 15 (CFR 47) Class A AS/NZS CISPR32 Class A CISPR32 Class A EN55032 Class A ICES003 Class A VCCI-CISPR32 Class A EN61000-3-2 EN61000-3-3 KS C 9832
156497	81968	UCS-HDL20TW2S74K	emc_immunity	verified	ucs-c-series-rack-servers	["EN55035 EN55024 CISPR24/35 EN300386 KS C 9835 IEC/EN61000-6-1"]	EN55035 EN55024 CISPR24/35 EN300386 KS C 9835 IEC/EN61000-6-1
175160	81968	UCS-HDL20TW2S74K	emc_emissions	verified	ucs-c-series-rack-servers	["47CFR Part 15 (CFR 47) Class A AS","NZS CISPR32 Class A CISPR32 Class A EN55032 Class A ICES003 Class A VCCI-CISPR32 Class A EN61000-3-2 EN61000-3-3 KS C 9832 Cla","47CFR Part 15 (CFR 47) Class A AS/NZS CISPR32 Class A CISPR32 Class A EN55032 Class A ICES003 Class A VCCI-CISPR32 Class A EN61000-3-2 EN61000-3-3 KS C 9832"]	47CFR Part 15 (CFR 47) Class A AS/NZS CISPR32 Class A CISPR32 Class A EN55032 Class A ICES003 Class A VCCI-CISPR32 Class A EN61000-3-2 EN61000-3-3 KS C 9832 Cla ; 47CFR Part 15 (CFR 47) Class A AS/NZS CISPR32 Class A CISPR32 Class A EN55032 Class A ICES003 Class A VCCI-CISPR32 Class A EN61000-3-2 EN61000-3-3 KS C 9832
95761	42198	HX-CPU-I8368	emc_immunity	verified	hyperflex-hx-series	["EN55024 CISPR24 EN300386 KN35"]	EN55024 CISPR24 EN300386 KN35
174959	42198	HX-CPU-I8368	emc_emissions	verified	hyperflex-hx-series	["47CFR Part 15 (CFR 47) Class A  AS","NZS CISPR32 Class A  CISPR32 Class A EN55032 Class A  ICES003 Class A  VCCI Class A  EN61000-3-2 EN61000-3-3 KN32 Cla","47CFR Part 15 (CFR 47) Class A  AS/NZS CISPR32 Class A  CISPR32 Class A EN55032 Class A  ICES003 Class A  VCCI Class A  EN61000-3-2 EN61000-3-3 KN32"]	47CFR Part 15 (CFR 47) Class A  AS/NZS CISPR32 Class A  CISPR32 Class A EN55032 Class A  ICES003 Class A  VCCI Class A  EN61000-3-2 EN61000-3-3 KN32 Cla ; 47CFR Part 15 (CFR 47) Class A  AS/NZS CISPR32 Class A  CISPR32 Class A EN55032 Class A  ICES003 Class A  VCCI Class A  EN61000-3-2 EN61000-3-3 KN32
173529	42198	HX-CPU-I8368	humidity_operating	verified	hyperflex-hx-series	{"max":90,"min":10}	10% to 90% and 28°C (82.4°F) maximum dew-point temperature,
173530	42198	HX-CPU-I8368	humidity_storage	verified	hyperflex-hx-series	{"max":93,"min":5}	5% to 93% relative humidity, non-condensing, with a maximum
174739	42203	HX-GPU-P100-16G	humidity_operating	verified	hyperflex-hx-series	{"max":90,"min":10}	10% to 90% and 28°C (82.4°F) maximum dew-point temperature,
174740	42203	HX-GPU-P100-16G	humidity_storage	verified	hyperflex-hx-series	{"max":93,"min":5}	5% to 93% relative humidity, non-condensing, with a maximum
174741	42203	HX-GPU-P100-16G	certifications	verified	hyperflex-hx-series	["60950-1 Second Edition"]	60950-1 Second Edition
174742	42203	HX-GPU-P100-16G	emc_emissions	verified	hyperflex-hx-series	["47CFR Part 15 (CFR 47) Class A"]	47CFR Part 15 (CFR 47) Class A
174747	41882	HX-GPU-V340	humidity_operating	verified	hyperflex-hx-series	{"max":90,"min":10}	10% to 90% and 28°C (82.4°F) maximum dew-point temperature,
174748	41882	HX-GPU-V340	humidity_storage	verified	hyperflex-hx-series	{"max":93,"min":5}	5% to 93% relative humidity, non-condensing, with a maximum
174749	41882	HX-GPU-V340	certifications	verified	hyperflex-hx-series	["60950-1 Second Edition"]	60950-1 Second Edition
174750	41882	HX-GPU-V340	emc_emissions	verified	hyperflex-hx-series	["47CFR Part 15 (CFR 47) Class A"]	47CFR Part 15 (CFR 47) Class A
126027	87191	UCSX-GPU-RTXP4500	altitude_storage	corroborated	ucs-x-series-modular-system	"12,000m"	40,000 ft (12,000m)
95664	41886	HX-HD8T7K4KAM	emc_immunity	verified	hyperflex-hx-series	["EN55024 CISPR24 EN300386 KN35"]	EN55024 CISPR24 EN300386 KN35
174966	41886	HX-HD8T7K4KAM	emc_emissions	verified	hyperflex-hx-series	["47CFR Part 15 (CFR 47) Class A  AS","NZS CISPR32 Class A  CISPR32 Class A EN55032 Class A  ICES003 Class A  VCCI Class A  EN61000-3-2 EN61000-3-3 KN32 Cla","47CFR Part 15 (CFR 47) Class A  AS/NZS CISPR32 Class A  CISPR32 Class A EN55032 Class A  ICES003 Class A  VCCI Class A  EN61000-3-2 EN61000-3-3 KN32"]	47CFR Part 15 (CFR 47) Class A  AS/NZS CISPR32 Class A  CISPR32 Class A EN55032 Class A  ICES003 Class A  VCCI Class A  EN61000-3-2 EN61000-3-3 KN32 Cla ; 47CFR Part 15 (CFR 47) Class A  AS/NZS CISPR32 Class A  CISPR32 Class A EN55032 Class A  ICES003 Class A  VCCI Class A  EN61000-3-2 EN61000-3-3 KN32
173560	41886	HX-HD8T7K4KAM	humidity_operating	verified	hyperflex-hx-series	{"max":90,"min":10}	10% to 90% and 28°C (82.4°F) maximum dew-point temperature,
173561	41886	HX-HD8T7K4KAM	humidity_storage	verified	hyperflex-hx-series	{"max":93,"min":5}	5% to 93% relative humidity, non-condensing, with a maximum
120994	80866	UCS-CPU-I6511P1	emc_emissions	verified	ucs-c-series-rack-servers	["47CFR Part 15 (CFR 47) Class A AS","NZS CISPR32 Class A CISPR32 Class A EN55032 Class A ICES003 Class A VCCI-CISPR32 Class A EN61000-3-2 EN61000-3-3 KS C 9832 Cla"]	47CFR Part 15 (CFR 47) Class A AS/NZS CISPR32 Class A CISPR32 Class A EN55032 Class A ICES003 Class A VCCI-CISPR32 Class A EN61000-3-2 EN61000-3-3 KS C 9832 Cla
120995	80866	UCS-CPU-I6511P1	emc_immunity	verified	ucs-c-series-rack-servers	["EN55035 EN55024 CISPR24","35 EN300386 KS C 9835 IEC","EN61000-6-1"]	EN55035 EN55024 CISPR24/35 EN300386 KS C 9835 IEC/EN61000-6-1
173388	42129	HX-MR-X64G2RT-H	humidity_operating	verified	hyperflex-hx-series	{"max":90,"min":10}	10% to 90% and 28°C (82.4°F) maximum dew-point temperature,
173389	42129	HX-MR-X64G2RT-H	humidity_storage	verified	hyperflex-hx-series	{"max":93,"min":5}	5% to 93% relative humidity, non-condensing, with a maximum
173391	42129	HX-MR-X64G2RT-H	emc_emissions	verified	hyperflex-hx-series	["47CFR Part 15 (CFR 47) Class A"]	47CFR Part 15 (CFR 47) Class A
173390	42129	HX-MR-X64G2RT-H	certifications	verified	hyperflex-hx-series	["60950-1 Second Edition"]	60950-1 Second Edition
155593	86451	UCSX-CPU-A9015	altitude_storage	verified	ucs-x-series-modular-system	"12,000m"	40,000 ft (12,000m)
121814	81229	UCS-CPU-I6521P1	emc_immunity	verified	ucs-c-series-rack-servers	["EN55035 EN55024 CISPR24","35 EN300386 KS C 9835 IEC","EN61000-6-1"]	EN55035 EN55024 CISPR24/35 EN300386 KS C 9835 IEC/EN61000-6-1
121813	81229	UCS-CPU-I6521P1	emc_emissions	verified	ucs-c-series-rack-servers	["47CFR Part 15 (CFR 47) Class A AS","NZS CISPR32 Class A CISPR32 Class A EN55032 Class A ICES003 Class A VCCI-CISPR32 Class A EN61000-3-2 EN61000-3-3 KS C 9832 Cla"]	47CFR Part 15 (CFR 47) Class A AS/NZS CISPR32 Class A CISPR32 Class A EN55032 Class A ICES003 Class A VCCI-CISPR32 Class A EN61000-3-2 EN61000-3-3 KS C 9832 Cla
156748	86911	UCSX-CPU-I6421N	altitude_storage	verified	ucs-x-series-modular-system	"12,000m"	40,000 ft (12,000m)
156346	82142	UCS-HDB2T4GS10K4K	emc_immunity	verified	ucs-c-series-rack-servers	["EN55035 EN55024 CISPR24/35 EN300386 KS C 9835 IEC/EN61000-6-1"]	EN55035 EN55024 CISPR24/35 EN300386 KS C 9835 IEC/EN61000-6-1
175105	82142	UCS-HDB2T4GS10K4K	emc_emissions	verified	ucs-c-series-rack-servers	["47CFR Part 15 (CFR 47) Class A AS","NZS CISPR32 Class A CISPR32 Class A EN55032 Class A ICES003 Class A VCCI-CISPR32 Class A EN61000-3-2 EN61000-3-3 KS C 9832 Cla","47CFR Part 15 (CFR 47) Class A AS/NZS CISPR32 Class A CISPR32 Class A EN55032 Class A ICES003 Class A VCCI-CISPR32 Class A EN61000-3-2 EN61000-3-3 KS C 9832"]	47CFR Part 15 (CFR 47) Class A AS/NZS CISPR32 Class A CISPR32 Class A EN55032 Class A ICES003 Class A VCCI-CISPR32 Class A EN61000-3-2 EN61000-3-3 KS C 9832 Cla ; 47CFR Part 15 (CFR 47) Class A AS/NZS CISPR32 Class A CISPR32 Class A EN55032 Class A ICES003 Class A VCCI-CISPR32 Class A EN61000-3-2 EN61000-3-3 KS C 9832
122435	81795	UCS-M2-HWRAID21	emc_emissions	verified	ucs-c-series-rack-servers	["47CFR Part 15 (CFR 47) Class A AS","NZS CISPR32 Class A CISPR32 Class A EN55032 Class A ICES003 Class A VCCI-CISPR32 Class A EN61000-3-2 EN61000-3-3 KS C 9832 Cla"]	47CFR Part 15 (CFR 47) Class A AS/NZS CISPR32 Class A CISPR32 Class A EN55032 Class A ICES003 Class A VCCI-CISPR32 Class A EN61000-3-2 EN61000-3-3 KS C 9832 Cla
122436	81795	UCS-M2-HWRAID21	emc_immunity	verified	ucs-c-series-rack-servers	["EN55035 EN55024 CISPR24","35 EN300386 KS C 9835 IEC","EN61000-6-1"]	EN55035 EN55024 CISPR24/35 EN300386 KS C 9835 IEC/EN61000-6-1
157152	86854	UCSX-CPU-I6728P	altitude_storage	verified	ucs-x-series-modular-system	"12,000m"	40,000 ft (12,000m)
156995	86784	UCSX-CPU-I6736P	altitude_storage	verified	ucs-x-series-modular-system	"12,000m"	40,000 ft (12,000m)
157134	87101	UCSX-CPU-I6768P	altitude_storage	verified	ucs-x-series-modular-system	"12,000m"	40,000 ft (12,000m)
156989	87212	UCSX-CPU-I6740P	altitude_storage	verified	ucs-x-series-modular-system	"12,000m"	40,000 ft (12,000m)
156432	80465	UCS-CPU-A9354P	emc_immunity	verified	ucs-c-series-rack-servers	["EN55035 EN55024 CISPR24/35 EN300386 KS C 9835 IEC/EN61000-6-1"]	EN55035 EN55024 CISPR24/35 EN300386 KS C 9835 IEC/EN61000-6-1
175131	80465	UCS-CPU-A9354P	emc_emissions	verified	ucs-c-series-rack-servers	["47CFR Part 15 (CFR 47) Class A AS","NZS CISPR32 Class A CISPR32 Class A EN55032 Class A ICES003 Class A VCCI-CISPR32 Class A EN61000-3-2 EN61000-3-3 KS C 9832 Cla","47CFR Part 15 (CFR 47) Class A AS/NZS CISPR32 Class A CISPR32 Class A EN55032 Class A ICES003 Class A VCCI-CISPR32 Class A EN61000-3-2 EN61000-3-3 KS C 9832"]	47CFR Part 15 (CFR 47) Class A AS/NZS CISPR32 Class A CISPR32 Class A EN55032 Class A ICES003 Class A VCCI-CISPR32 Class A EN61000-3-2 EN61000-3-3 KS C 9832 Cla ; 47CFR Part 15 (CFR 47) Class A AS/NZS CISPR32 Class A CISPR32 Class A EN55032 Class A ICES003 Class A VCCI-CISPR32 Class A EN61000-3-2 EN61000-3-3 KS C 9832
156717	87218	UCSX-CPU-I8460Y+	altitude_storage	verified	ucs-x-series-modular-system	"12,000m"	40,000 ft (12,000m)
155139	41068	HCIX-GPU-A16	temp_storage	verified	compute-hyperconverged-nutanix	{"max":65,"min":-40}	-40° to 149°F (–40° to 65°C)
155140	41068	HCIX-GPU-A16	humidity_storage	verified	compute-hyperconverged-nutanix	{"max":93,"min":5}	5% to 93% noncondensing
155142	41068	HCIX-GPU-A16	altitude_storage	verified	compute-hyperconverged-nutanix	"12,000m"	40,000 ft (12,000m)
95030	41068	HCIX-GPU-A16	temp_operating	verified	compute-hyperconverged-nutanix	{"max":35,"min":10}	50° to 95°F (10° to 35°C)
95032	41068	HCIX-GPU-A16	humidity_operating	verified	compute-hyperconverged-nutanix	{"max":90,"min":5}	5% to 90% noncondensing
155141	41068	HCIX-GPU-A16	altitude_max	verified	compute-hyperconverged-nutanix	3000	0 to 10,000 ft (0 to 3000m); maximum ambient temperature decreases by 1°C per 300m
156634	86888	UCSX-CPU-I8571N	altitude_storage	verified	ucs-x-series-modular-system	"12,000m"	40,000 ft (12,000m)
155143	41226	HCIX-GPU-L4	temp_storage	verified	compute-hyperconverged-nutanix	{"max":65,"min":-40}	-40° to 149°F (–40° to 65°C)
155144	41226	HCIX-GPU-L4	humidity_storage	verified	compute-hyperconverged-nutanix	{"max":93,"min":5}	5% to 93% noncondensing
155145	41226	HCIX-GPU-L4	altitude_max	verified	compute-hyperconverged-nutanix	3000	0 to 10,000 ft (0 to 3000m); maximum ambient temperature decreases by 1°C per 300m
155146	41226	HCIX-GPU-L4	altitude_storage	verified	compute-hyperconverged-nutanix	"12,000m"	40,000 ft (12,000m)
95166	41226	HCIX-GPU-L4	temp_operating	verified	compute-hyperconverged-nutanix	{"max":35,"min":10}	50° to 95°F (10° to 35°C)
95168	41226	HCIX-GPU-L4	humidity_operating	verified	compute-hyperconverged-nutanix	{"max":90,"min":5}	5% to 90% noncondensing
157248	87113	UCSX-M2-480G-D	altitude_storage	verified	ucs-x-series-modular-system	"12,000m"	40,000 ft (12,000m)
126097	87225	UCSX-GPU-FLEX170	altitude_storage	verified	ucs-x-series-modular-system	"12,000m"	40,000 ft (12,000m)
126022	87190	UCSX-GPU-A40	altitude_storage	verified	ucs-x-series-modular-system	"12,000m"	40,000 ft (12,000m)
157391	82208	UCS-M2-I480GB-D	emc_immunity	verified	ucs-c-series-rack-servers	["EN55035 EN55024 CISPR24/35 EN300386 KS C 9835 IEC/EN61000-6-1"]	EN55035 EN55024 CISPR24/35 EN300386 KS C 9835 IEC/EN61000-6-1
175248	82208	UCS-M2-I480GB-D	emc_emissions	verified	ucs-c-series-rack-servers	["47CFR Part 15 (CFR 47) Class A AS","NZS CISPR32 Class A CISPR32 Class A EN55032 Class A ICES003 Class A VCCI-CISPR32 Class A EN61000-3-2 EN61000-3-3 KS C 9832 Cla","47CFR Part 15 (CFR 47) Class A AS/NZS CISPR32 Class A CISPR32 Class A EN55032 Class A ICES003 Class A VCCI-CISPR32 Class A EN61000-3-2 EN61000-3-3 KS C 9832"]	47CFR Part 15 (CFR 47) Class A AS/NZS CISPR32 Class A CISPR32 Class A EN55032 Class A ICES003 Class A VCCI-CISPR32 Class A EN61000-3-2 EN61000-3-3 KS C 9832 Cla ; 47CFR Part 15 (CFR 47) Class A AS/NZS CISPR32 Class A CISPR32 Class A EN55032 Class A ICES003 Class A VCCI-CISPR32 Class A EN61000-3-2 EN61000-3-3 KS C 9832
157176	87690	UCSX-SDB480OA1P	altitude_storage	verified	ucs-x-series-modular-system	"12,000m"	40,000 ft (12,000m)
125613	86988	UCSX-GPU-H100-80	altitude_storage	verified	ucs-x-series-modular-system	"12,000m"	40,000 ft (12,000m)
157462	87138	UCSX-ML-V5Q50G-D	altitude_storage	verified	ucs-x-series-modular-system	"12,000m"	40,000 ft (12,000m)
156318	81231	UCS-CPU-I6724P	emc_immunity	verified	ucs-c-series-rack-servers	["EN55035 EN55024 CISPR24/35 EN300386 KS C 9835 IEC/EN61000-6-1"]	EN55035 EN55024 CISPR24/35 EN300386 KS C 9835 IEC/EN61000-6-1
175096	81231	UCS-CPU-I6724P	emc_emissions	verified	ucs-c-series-rack-servers	["47CFR Part 15 (CFR 47) Class A AS","NZS CISPR32 Class A CISPR32 Class A EN55032 Class A ICES003 Class A VCCI-CISPR32 Class A EN61000-3-2 EN61000-3-3 KS C 9832 Cla","47CFR Part 15 (CFR 47) Class A AS/NZS CISPR32 Class A CISPR32 Class A EN55032 Class A ICES003 Class A VCCI-CISPR32 Class A EN61000-3-2 EN61000-3-3 KS C 9832"]	47CFR Part 15 (CFR 47) Class A AS/NZS CISPR32 Class A CISPR32 Class A EN55032 Class A ICES003 Class A VCCI-CISPR32 Class A EN61000-3-2 EN61000-3-3 KS C 9832 Cla ; 47CFR Part 15 (CFR 47) Class A AS/NZS CISPR32 Class A CISPR32 Class A EN55032 Class A ICES003 Class A VCCI-CISPR32 Class A EN61000-3-2 EN61000-3-3 KS C 9832
156302	80994	UCS-CPU-I6530P	emc_immunity	verified	ucs-c-series-rack-servers	["EN55035 EN55024 CISPR24/35 EN300386 KS C 9835 IEC/EN61000-6-1"]	EN55035 EN55024 CISPR24/35 EN300386 KS C 9835 IEC/EN61000-6-1
175092	80994	UCS-CPU-I6530P	emc_emissions	verified	ucs-c-series-rack-servers	["47CFR Part 15 (CFR 47) Class A AS","NZS CISPR32 Class A CISPR32 Class A EN55032 Class A ICES003 Class A VCCI-CISPR32 Class A EN61000-3-2 EN61000-3-3 KS C 9832 Cla","47CFR Part 15 (CFR 47) Class A AS/NZS CISPR32 Class A CISPR32 Class A EN55032 Class A ICES003 Class A VCCI-CISPR32 Class A EN61000-3-2 EN61000-3-3 KS C 9832"]	47CFR Part 15 (CFR 47) Class A AS/NZS CISPR32 Class A CISPR32 Class A EN55032 Class A ICES003 Class A VCCI-CISPR32 Class A EN61000-3-2 EN61000-3-3 KS C 9832 Cla ; 47CFR Part 15 (CFR 47) Class A AS/NZS CISPR32 Class A CISPR32 Class A EN55032 Class A ICES003 Class A VCCI-CISPR32 Class A EN61000-3-2 EN61000-3-3 KS C 9832
156361	85715	UCSC-P-M6DD100GFO	emc_immunity	corroborated	ucs-c-series-rack-servers	["EN55035 EN55024 CISPR24/35 EN300386 KS C 9835 IEC/EN61000-6-1"]	EN55035 EN55024 CISPR24/35 EN300386 KS C 9835 IEC/EN61000-6-1
157936	86732	UCSX-CPU-A95353	temp_storage	verified	compute-hyperconverged	{"max":65,"min":-40}	-40° to 149°F (–40° to 65°C)
125173	86732	UCSX-CPU-A95353	temp_operating	verified	compute-hyperconverged	{"max":35,"min":10}	50° to 95°F (10° to 35°C)
125175	86732	UCSX-CPU-A95353	humidity_operating	verified	compute-hyperconverged	{"max":90,"min":5}	5% to 90% noncondensing
157172	87586	UCSX-SD960GM2NK9D	altitude_storage	verified	ucs-x-series-modular-system	"12,000m"	40,000 ft (12,000m)
156977	87124	UCSX-CPU-I6747P	altitude_storage	verified	ucs-x-series-modular-system	"12,000m"	40,000 ft (12,000m)
156866	87533	UCSX-SDB7T6SA1VD	altitude_storage	corroborated	ucs-x-series-modular-system	"12,000m"	40,000 ft (12,000m)
157365	83047	UCS-SD480GM1XEV-D	emc_immunity	verified	ucs-c-series-rack-servers	["EN55035 EN55024 CISPR24/35 EN300386 KS C 9835 IEC/EN61000-6-1"]	EN55035 EN55024 CISPR24/35 EN300386 KS C 9835 IEC/EN61000-6-1
175215	83047	UCS-SD480GM1XEV-D	emc_emissions	verified	ucs-c-series-rack-servers	["47CFR Part 15 (CFR 47) Class A AS","NZS CISPR32 Class A CISPR32 Class A EN55032 Class A ICES003 Class A VCCI-CISPR32 Class A EN61000-3-2 EN61000-3-3 KS C 9832 Cla","47CFR Part 15 (CFR 47) Class A AS/NZS CISPR32 Class A CISPR32 Class A EN55032 Class A ICES003 Class A VCCI-CISPR32 Class A EN61000-3-2 EN61000-3-3 KS C 9832"]	47CFR Part 15 (CFR 47) Class A AS/NZS CISPR32 Class A CISPR32 Class A EN55032 Class A ICES003 Class A VCCI-CISPR32 Class A EN61000-3-2 EN61000-3-3 KS C 9832 Cla ; 47CFR Part 15 (CFR 47) Class A AS/NZS CISPR32 Class A CISPR32 Class A EN55032 Class A ICES003 Class A VCCI-CISPR32 Class A EN61000-3-2 EN61000-3-3 KS C 9832
124305	85501	UCSC-GPU-H200-NVL2	emc_emissions	verified	ucs-c-series-rack-servers	["47CFR Part 15 (CFR 47) Class A AS","NZS CISPR32 Class A CISPR32 Class A EN55032 Class A ICES003 Class A VCCI-CISPR32 Class A EN61000-3-2 EN61000-3-3 KS C 9832 Cla"]	47CFR Part 15 (CFR 47) Class A AS/NZS CISPR32 Class A CISPR32 Class A EN55032 Class A ICES003 Class A VCCI-CISPR32 Class A EN61000-3-2 EN61000-3-3 KS C 9832 Cla
124306	85501	UCSC-GPU-H200-NVL2	emc_immunity	verified	ucs-c-series-rack-servers	["EN55035 EN55024 CISPR24","35 EN300386 KS C 9835 IEC","EN61000-6-1"]	EN55035 EN55024 CISPR24/35 EN300386 KS C 9835 IEC/EN61000-6-1
157502	87228	UCSX-M2-960GB-D	altitude_storage	verified	ucs-x-series-modular-system	"12,000m"	40,000 ft (12,000m)
156803	87313	UCSX-SD76TEM2NK9D	altitude_storage	corroborated	ucs-x-series-modular-system	"12,000m"	40,000 ft (12,000m)
157188	87374	UCSX-SDB960OA1V	altitude_storage	verified	ucs-x-series-modular-system	"12,000m"	40,000 ft (12,000m)
156584	86420	UCSX-CPU-A9575F	altitude_storage	verified	ucs-x-series-modular-system	"12,000m"	40,000 ft (12,000m)
173384	41833	HX-ML-X64G4RT-H	humidity_operating	verified	hyperflex-hx-series	{"max":90,"min":10}	10% to 90% and 28°C (82.4°F) maximum dew-point temperature,
173385	41833	HX-ML-X64G4RT-H	humidity_storage	verified	hyperflex-hx-series	{"max":93,"min":5}	5% to 93% relative humidity, non-condensing, with a maximum
173386	41833	HX-ML-X64G4RT-H	certifications	verified	hyperflex-hx-series	["60950-1 Second Edition"]	60950-1 Second Edition
173387	41833	HX-ML-X64G4RT-H	emc_emissions	verified	hyperflex-hx-series	["47CFR Part 15 (CFR 47) Class A"]	47CFR Part 15 (CFR 47) Class A
156774	86424	UCSX-CPU-I3408U	altitude_storage	verified	ucs-x-series-modular-system	"12,000m"	40,000 ft (12,000m)
93424	39863	HCI-CPU-I4509Y2	emc_emissions	verified	hyperconverged-infrastructure	["47CFR Part 15 (CFR 47) Class A AS","NZS CISPR32 Class A CISPR32 Class A EN55032 Class A ICES003 Class A VCCI-CISPR32 Class A EN61000-3-2 EN61000-3-3 KS C 9832 Cla"]	47CFR Part 15 (CFR 47) Class A AS/NZS CISPR32 Class A CISPR32 Class A EN55032 Class A ICES003 Class A VCCI-CISPR32 Class A EN61000-3-2 EN61000-3-3 KS C 9832 Cla
93425	39863	HCI-CPU-I4509Y2	emc_immunity	verified	hyperconverged-infrastructure	["EN55035 EN55024 CISPR24","35 EN300386 KS C 9835 IEC","EN61000-6-1"]	EN55035 EN55024 CISPR24/35 EN300386 KS C 9835 IEC/EN61000-6-1
155677	40179	HCI-CPU-I4514Y	emc_immunity	verified	hyperconverged-infrastructure	["EN55035 EN55024 CISPR24/35 EN300386 KS C 9835 IEC/EN61000-6-1"]	EN55035 EN55024 CISPR24/35 EN300386 KS C 9835 IEC/EN61000-6-1
174897	40179	HCI-CPU-I4514Y	emc_emissions	verified	hyperconverged-infrastructure	["47CFR Part 15 (CFR 47) Class A AS","NZS CISPR32 Class A CISPR32 Class A EN55032 Class A ICES003 Class A VCCI-CISPR32 Class A EN61000-3-2 EN61000-3-3 KS C 9832 Cla","47CFR Part 15 (CFR 47) Class A AS/NZS CISPR32 Class A CISPR32 Class A EN55032 Class A ICES003 Class A VCCI-CISPR32 Class A EN61000-3-2 EN61000-3-3 KS C 9832"]	47CFR Part 15 (CFR 47) Class A AS/NZS CISPR32 Class A CISPR32 Class A EN55032 Class A ICES003 Class A VCCI-CISPR32 Class A EN61000-3-2 EN61000-3-3 KS C 9832 Cla ; 47CFR Part 15 (CFR 47) Class A AS/NZS CISPR32 Class A CISPR32 Class A EN55032 Class A ICES003 Class A VCCI-CISPR32 Class A EN61000-3-2 EN61000-3-3 KS C 9832
173293	40179	HCI-CPU-I4514Y	humidity_operating	verified	hyperconverged-infrastructure	{"max":90,"min":8}	8% to 90% relative humidity, non-condensing, with maximum wet
173294	40179	HCI-CPU-I4514Y	humidity_storage	verified	hyperconverged-infrastructure	{"max":93,"min":5}	5% to 93% relative humidity, non-condensing, with a maximum
155196	40207	HCI-CPU-I5320	emc_emissions	verified	compute-hyperconverged-nutanix	["47CFR Part 15 (CFR 47) Class A AS/NZS CISPR32 Class A CISPR32 Class A EN55032 Class A ICES003 Class A VCCI Class A EN61000-3-2 EN61000-3-3 KN32 Class A CNS13438"]	47CFR Part 15 (CFR 47) Class A AS/NZS CISPR32 Class A CISPR32 Class A EN55032 Class A ICES003 Class A VCCI Class A EN61000-3-2 EN61000-3-3 KN32 Class A CNS13438
94167	40207	HCI-CPU-I5320	emc_immunity	verified	compute-hyperconverged-nutanix	["EN55024 CISPR24 EN300386 KN35"]	EN55024 CISPR24 EN300386 KN35
173051	40207	HCI-CPU-I5320	humidity_operating	verified	compute-hyperconverged-nutanix	{"max":90,"min":10}	10% to 90% and 28°C (82.4°F) maximum dew-point temperature,
173052	40207	HCI-CPU-I5320	humidity_storage	verified	compute-hyperconverged-nutanix	{"max":93,"min":5}	5% to 93% relative humidity, non-condensing, with a maximum
93433	39866	HCI-CPU-I6314U4	emc_emissions	verified	compute-hyperconverged-nutanix	["47CFR Part 15 (CFR 47) Class A AS","NZS CISPR32 Class A CISPR32 Class A EN55032 Class A ICES003 Class A VCCI Class A EN61000-3-2 EN61000-3-3 KN32 Class A CNS13438"]	47CFR Part 15 (CFR 47) Class A AS/NZS CISPR32 Class A CISPR32 Class A EN55032 Class A ICES003 Class A VCCI Class A EN61000-3-2 EN61000-3-3 KN32 Class A CNS13438
93434	39866	HCI-CPU-I6314U4	emc_immunity	verified	compute-hyperconverged-nutanix	["EN55024 CISPR24 EN300386 KN35"]	EN55024 CISPR24 EN300386 KN35
155184	40234	HCI-CPU-I6336Y	emc_emissions	verified	compute-hyperconverged-nutanix	["47CFR Part 15 (CFR 47) Class A AS/NZS CISPR32 Class A CISPR32 Class A EN55032 Class A ICES003 Class A VCCI Class A EN61000-3-2 EN61000-3-3 KN32 Class A CNS13438"]	47CFR Part 15 (CFR 47) Class A AS/NZS CISPR32 Class A CISPR32 Class A EN55032 Class A ICES003 Class A VCCI Class A EN61000-3-2 EN61000-3-3 KN32 Class A CNS13438
94215	40234	HCI-CPU-I6336Y	emc_immunity	verified	compute-hyperconverged-nutanix	["EN55024 CISPR24 EN300386 KN35"]	EN55024 CISPR24 EN300386 KN35
173039	40234	HCI-CPU-I6336Y	humidity_operating	verified	compute-hyperconverged-nutanix	{"max":90,"min":10}	10% to 90% and 28°C (82.4°F) maximum dew-point temperature,
173040	40234	HCI-CPU-I6336Y	humidity_storage	verified	compute-hyperconverged-nutanix	{"max":93,"min":5}	5% to 93% relative humidity, non-condensing, with a maximum
155449	39844	HCI-CPU-I6736P	emc_immunity	verified	compute-hyperconverged	["EN55035 EN55024 CISPR24/35 EN300386 KS C 9835 IEC/EN61000-6-1"]	EN55035 EN55024 CISPR24/35 EN300386 KS C 9835 IEC/EN61000-6-1
174868	39844	HCI-CPU-I6736P	emc_emissions	verified	compute-hyperconverged	["47CFR Part 15 (CFR 47) Class A AS","NZS CISPR32 Class A CISPR32 Class A EN55032 Class A ICES003 Class A VCCI-CISPR32 Class A EN61000-3-2 EN61000-3-3 KS C 9832 Cla","47CFR Part 15 (CFR 47) Class A AS/NZS CISPR32 Class A CISPR32 Class A EN55032 Class A ICES003 Class A VCCI-CISPR32 Class A EN61000-3-2 EN61000-3-3 KS C 9832"]	47CFR Part 15 (CFR 47) Class A AS/NZS CISPR32 Class A CISPR32 Class A EN55032 Class A ICES003 Class A VCCI-CISPR32 Class A EN61000-3-2 EN61000-3-3 KS C 9832 Cla ; 47CFR Part 15 (CFR 47) Class A AS/NZS CISPR32 Class A CISPR32 Class A EN55032 Class A ICES003 Class A VCCI-CISPR32 Class A EN61000-3-2 EN61000-3-3 KS C 9832
155445	39899	HCI-CPU-I6740P	emc_immunity	verified	compute-hyperconverged	["EN55035 EN55024 CISPR24/35 EN300386 KS C 9835 IEC/EN61000-6-1"]	EN55035 EN55024 CISPR24/35 EN300386 KS C 9835 IEC/EN61000-6-1
174867	39899	HCI-CPU-I6740P	emc_emissions	verified	compute-hyperconverged	["47CFR Part 15 (CFR 47) Class A AS","NZS CISPR32 Class A CISPR32 Class A EN55032 Class A ICES003 Class A VCCI-CISPR32 Class A EN61000-3-2 EN61000-3-3 KS C 9832 Cla","47CFR Part 15 (CFR 47) Class A AS/NZS CISPR32 Class A CISPR32 Class A EN55032 Class A ICES003 Class A VCCI-CISPR32 Class A EN61000-3-2 EN61000-3-3 KS C 9832"]	47CFR Part 15 (CFR 47) Class A AS/NZS CISPR32 Class A CISPR32 Class A EN55032 Class A ICES003 Class A VCCI-CISPR32 Class A EN61000-3-2 EN61000-3-3 KS C 9832 Cla ; 47CFR Part 15 (CFR 47) Class A AS/NZS CISPR32 Class A CISPR32 Class A EN55032 Class A ICES003 Class A VCCI-CISPR32 Class A EN61000-3-2 EN61000-3-3 KS C 9832
156479	81946	UCS-HDL8TT1S74K	emc_immunity	verified	ucs-c-series-rack-servers	["EN55035 EN55024 CISPR24/35 EN300386 KS C 9835 IEC/EN61000-6-1"]	EN55035 EN55024 CISPR24/35 EN300386 KS C 9835 IEC/EN61000-6-1
175151	81946	UCS-HDL8TT1S74K	emc_emissions	verified	ucs-c-series-rack-servers	["47CFR Part 15 (CFR 47) Class A AS","NZS CISPR32 Class A CISPR32 Class A EN55032 Class A ICES003 Class A VCCI-CISPR32 Class A EN61000-3-2 EN61000-3-3 KS C 9832 Cla","47CFR Part 15 (CFR 47) Class A AS/NZS CISPR32 Class A CISPR32 Class A EN55032 Class A ICES003 Class A VCCI-CISPR32 Class A EN61000-3-2 EN61000-3-3 KS C 9832"]	47CFR Part 15 (CFR 47) Class A AS/NZS CISPR32 Class A CISPR32 Class A EN55032 Class A ICES003 Class A VCCI-CISPR32 Class A EN61000-3-2 EN61000-3-3 KS C 9832 Cla ; 47CFR Part 15 (CFR 47) Class A AS/NZS CISPR32 Class A CISPR32 Class A EN55032 Class A ICES003 Class A VCCI-CISPR32 Class A EN61000-3-2 EN61000-3-3 KS C 9832
94007	40124	HCI-CPU-I8471N1	emc_emissions	verified	hyperconverged-infrastructure	["47CFR Part 15 (CFR 47) Class A AS","NZS CISPR32 Class A CISPR32 Class A EN55032 Class A ICES003 Class A VCCI-CISPR32 Class A EN61000-3-2 EN61000-3-3 KS C 9832 Cla"]	47CFR Part 15 (CFR 47) Class A AS/NZS CISPR32 Class A CISPR32 Class A EN55032 Class A ICES003 Class A VCCI-CISPR32 Class A EN61000-3-2 EN61000-3-3 KS C 9832 Cla
94008	40124	HCI-CPU-I8471N1	emc_immunity	verified	hyperconverged-infrastructure	["EN55035 EN55024 CISPR24","35 EN300386 KS C 9835 IEC","EN61000-6-1"]	EN55035 EN55024 CISPR24/35 EN300386 KS C 9835 IEC/EN61000-6-1
155217	40390	HCI-MR-X32G2RW	emc_emissions	verified	compute-hyperconverged-nutanix	["47CFR Part 15 (CFR 47) Class A AS/NZS CISPR32 Class A CISPR32 Class A EN55032 Class A ICES003 Class A VCCI Class A EN61000-3-2 EN61000-3-3 KN32 Class A CNS13438"]	47CFR Part 15 (CFR 47) Class A AS/NZS CISPR32 Class A CISPR32 Class A EN55032 Class A ICES003 Class A VCCI Class A EN61000-3-2 EN61000-3-3 KN32 Class A CNS13438
94353	40390	HCI-MR-X32G2RW	emc_immunity	verified	compute-hyperconverged-nutanix	["EN55024 CISPR24 EN300386 KN35"]	EN55024 CISPR24 EN300386 KN35
173075	40390	HCI-MR-X32G2RW	humidity_operating	verified	compute-hyperconverged-nutanix	{"max":90,"min":10}	10% to 90% and 28°C (82.4°F) maximum dew-point temperature,
173076	40390	HCI-MR-X32G2RW	humidity_storage	verified	compute-hyperconverged-nutanix	{"max":93,"min":5}	5% to 93% relative humidity, non-condensing, with a maximum
155249	40806	HCIX-CPU-I6538Y+	temp_storage	verified	compute-hyperconverged-nutanix	{"max":65,"min":-40}	-40° to 149°F (–40° to 65°C)
155250	40806	HCIX-CPU-I6538Y+	humidity_storage	verified	compute-hyperconverged-nutanix	{"max":93,"min":5}	5% to 93% noncondensing
155251	40806	HCIX-CPU-I6538Y+	altitude_max	verified	compute-hyperconverged-nutanix	3000	0 to 10,000 ft (0 to 3000m); maximum ambient temperature decreases by 1°C per 300m
155252	40806	HCIX-CPU-I6538Y+	altitude_storage	verified	compute-hyperconverged-nutanix	"12,000m"	40,000 ft (12,000m)
94771	40806	HCIX-CPU-I6538Y+	temp_operating	verified	compute-hyperconverged-nutanix	{"max":35,"min":10}	50° to 95°F (10° to 35°C)
94773	40806	HCIX-CPU-I6538Y+	humidity_operating	verified	compute-hyperconverged-nutanix	{"max":90,"min":5}	5% to 90% noncondensing
125712	87029	UCSX-GPU-L4	altitude_storage	verified	ucs-x-series-modular-system	"12,000m"	40,000 ft (12,000m)
142978	85565	UCSC-PSU-930WDC	qos_features	verified	nexus-31128pq-switch	["Layer 2 IEEE 802.1p (Class of Service [CoS]) 8 unicast","8 multicast hardware queues per port Per-port QoS configuration CoS trust Port-based CoS assignment M"]	Layer 2 IEEE 802.1p (Class of Service [CoS]) 8 unicast and 8 multicast hardware queues per port Per-port QoS configuration CoS trust Port-based CoS assignment M
130223	85565	UCSC-PSU-930WDC	altitude_max	corroborated	nexus-9000-series-switches	4000	0 to 13,123 ft (0 to 4000m)
124331	85565	UCSC-PSU-930WDC	temp_operating	corroborated	nexus-9000-series-switches	{"max":40,"min":0}	32 to 104°F (0 to 40°C)
124332	85565	UCSC-PSU-930WDC	temp_storage	corroborated	nexus-9000-series-switches	{"max":70,"min":-40}	-40 to 158°F (-40 to 70°C)
173140	80908	UCS-CPU-I6338T	altitude_max	verified	compute-hyperconverged	3050	0 m to 3050 m (10,000 ft)
173139	80908	UCS-CPU-I6338T	temp_operating	verified	compute-hyperconverged	{"max":35,"min":10}	10°C to 35°C (50°F to 95°F) with no direct sunlight
173141	80908	UCS-CPU-I6338T	altitude_storage	verified	compute-hyperconverged	"0 m to 12,000 m (39,370 ft)"	0 m to 12,000 m (39,370 ft)
173142	80908	UCS-CPU-I6338T	certifications	verified	compute-hyperconverged	["950-1 No. 21CFR1040","CAN/CSA-C22.2 No. 60950-1","IRAM IEC60950-1"]	950-1 No. 21CFR1040, CAN/CSA-C22.2 No. 60950-1, IRAM IEC60950-1,
173099	81023	UCS-CPU-I8351N	temp_operating	verified	compute-hyperconverged	{"max":35,"min":10}	10°C to 35°C (50°F to 95°F) with no direct sunlight
173100	81023	UCS-CPU-I8351N	altitude_max	verified	compute-hyperconverged	3050	0 m to 3050 m (10,000 ft)
173101	81023	UCS-CPU-I8351N	altitude_storage	verified	compute-hyperconverged	"0 m to 12,000 m (39,370 ft)"	0 m to 12,000 m (39,370 ft)
173102	81023	UCS-CPU-I8351N	certifications	verified	compute-hyperconverged	["950-1 No. 21CFR1040","CAN/CSA-C22.2 No. 60950-1","IRAM IEC60950-1"]	950-1 No. 21CFR1040, CAN/CSA-C22.2 No. 60950-1, IRAM IEC60950-1,
157935	86729	UCSX-CPU-A93653	temp_storage	verified	compute-hyperconverged	{"max":65,"min":-40}	-40° to 149°F (–40° to 65°C)
125161	86729	UCSX-CPU-A93653	temp_operating	verified	compute-hyperconverged	{"max":35,"min":10}	50° to 95°F (10° to 35°C)
125163	86729	UCSX-CPU-A93653	humidity_operating	verified	compute-hyperconverged	{"max":90,"min":5}	5% to 90% noncondensing
157933	86651	UCSX-CPU-A9455P3	temp_storage	verified	compute-hyperconverged	{"max":65,"min":-40}	-40° to 149°F (–40° to 65°C)
125054	86651	UCSX-CPU-A9455P3	temp_operating	verified	compute-hyperconverged	{"max":35,"min":10}	50° to 95°F (10° to 35°C)
125056	86651	UCSX-CPU-A9455P3	humidity_operating	verified	compute-hyperconverged	{"max":90,"min":5}	5% to 90% noncondensing
174497	41703	HX-CPU-5118	humidity_operating	verified	hyperflex-hx-series	{"max":90,"min":10}	10% to 90% and 28°C (82.4°F) maximum dew-point temperature,
174498	41703	HX-CPU-5118	humidity_storage	verified	hyperflex-hx-series	{"max":93,"min":5}	5% to 93% relative humidity, non-condensing, with a maximum
174499	41703	HX-CPU-5118	certifications	verified	hyperflex-hx-series	["60950-1 Second Edition"]	60950-1 Second Edition
174500	41703	HX-CPU-5118	emc_emissions	verified	hyperflex-hx-series	["47CFR Part 15 (CFR 47) Class A"]	47CFR Part 15 (CFR 47) Class A
156555	85838	UCSC-P-M6CD100GF	emc_immunity	verified	ucs-c-series-rack-servers	["EN55035 EN55024 CISPR24/35 EN300386 KS C 9835 IEC/EN61000-6-1"]	EN55035 EN55024 CISPR24/35 EN300386 KS C 9835 IEC/EN61000-6-1
175186	85838	UCSC-P-M6CD100GF	emc_emissions	verified	ucs-c-series-rack-servers	["47CFR Part 15 (CFR 47) Class A AS","NZS CISPR32 Class A CISPR32 Class A EN55032 Class A ICES003 Class A VCCI-CISPR32 Class A EN61000-3-2 EN61000-3-3 KS C 9832 Cla","47CFR Part 15 (CFR 47) Class A AS/NZS CISPR32 Class A CISPR32 Class A EN55032 Class A ICES003 Class A VCCI-CISPR32 Class A EN61000-3-2 EN61000-3-3 KS C 9832"]	47CFR Part 15 (CFR 47) Class A AS/NZS CISPR32 Class A CISPR32 Class A EN55032 Class A ICES003 Class A VCCI-CISPR32 Class A EN61000-3-2 EN61000-3-3 KS C 9832 Cla ; 47CFR Part 15 (CFR 47) Class A AS/NZS CISPR32 Class A CISPR32 Class A EN55032 Class A ICES003 Class A VCCI-CISPR32 Class A EN61000-3-2 EN61000-3-3 KS C 9832
174529	41445	HX-CPU-6138	humidity_operating	verified	hyperflex-hx-series	{"max":90,"min":10}	10% to 90% and 28°C (82.4°F) maximum dew-point temperature,
174530	41445	HX-CPU-6138	humidity_storage	verified	hyperflex-hx-series	{"max":93,"min":5}	5% to 93% relative humidity, non-condensing, with a maximum
174531	41445	HX-CPU-6138	certifications	verified	hyperflex-hx-series	["60950-1 Second Edition"]	60950-1 Second Edition
174532	41445	HX-CPU-6138	emc_emissions	verified	hyperflex-hx-series	["47CFR Part 15 (CFR 47) Class A"]	47CFR Part 15 (CFR 47) Class A
141295	24067	CBL-BRKT-V2	qos_features	verified	8000-series-routers	["Virtual Output Queueing (VOQ) with deep packet buffering Class-based 3-level hierarchical QoS Policing","shaping","remarking Multilevel priority queuing Random Ea"]	Virtual Output Queueing (VOQ) with deep packet buffering Class-based 3-level hierarchical QoS Policing, shaping, remarking Multilevel priority queuing Random Ea
82798	24067	CBL-BRKT-V2	programming_interfaces	verified	8000-series-routers	["Command-Line Interface (CLI) SSH","Telnet","SCP","FTP","TFTP Simple Network Management Protocol (SNMP) Network Configuration Protocol (NETCONF) gRPC (Remote Procedu"]	Command-Line Interface (CLI) SSH, Telnet, SCP, FTP, TFTP Simple Network Management Protocol (SNMP) Network Configuration Protocol (NETCONF) gRPC (Remote Procedu
82799	24067	CBL-BRKT-V2	segment_routing_features	verified	8000-series-routers	"Segment Routing with MPLS data plane (SR-MPLS) Segment Routing with IPv6 data plane (SRv6) Segment Routing Traffic Engineering (SR-TE) Segment Routing Path Comp"	Segment Routing with MPLS data plane (SR-MPLS) Segment Routing with IPv6 data plane (SRv6) Segment Routing Traffic Engineering (SR-TE) Segment Routing Path Comp
174569	41348	HX-CPU-6154	humidity_operating	verified	hyperflex-hx-series	{"max":90,"min":10}	10% to 90% and 28°C (82.4°F) maximum dew-point temperature,
174570	41348	HX-CPU-6154	humidity_storage	verified	hyperflex-hx-series	{"max":93,"min":5}	5% to 93% relative humidity, non-condensing, with a maximum
174571	41348	HX-CPU-6154	certifications	verified	hyperflex-hx-series	["60950-1 Second Edition"]	60950-1 Second Edition
174572	41348	HX-CPU-6154	emc_emissions	verified	hyperflex-hx-series	["47CFR Part 15 (CFR 47) Class A"]	47CFR Part 15 (CFR 47) Class A
156446	85690	UCSC-P-N6D25GF-D	emc_immunity	verified	ucs-c-series-rack-servers	["EN55035 EN55024 CISPR24/35 EN300386 KS C 9835 IEC/EN61000-6-1"]	EN55035 EN55024 CISPR24/35 EN300386 KS C 9835 IEC/EN61000-6-1
175137	85690	UCSC-P-N6D25GF-D	emc_emissions	verified	ucs-c-series-rack-servers	["47CFR Part 15 (CFR 47) Class A AS","NZS CISPR32 Class A CISPR32 Class A EN55032 Class A ICES003 Class A VCCI-CISPR32 Class A EN61000-3-2 EN61000-3-3 KS C 9832 Cla","47CFR Part 15 (CFR 47) Class A AS/NZS CISPR32 Class A CISPR32 Class A EN55032 Class A ICES003 Class A VCCI-CISPR32 Class A EN61000-3-2 EN61000-3-3 KS C 9832"]	47CFR Part 15 (CFR 47) Class A AS/NZS CISPR32 Class A CISPR32 Class A EN55032 Class A ICES003 Class A VCCI-CISPR32 Class A EN61000-3-2 EN61000-3-3 KS C 9832 Cla ; 47CFR Part 15 (CFR 47) Class A AS/NZS CISPR32 Class A CISPR32 Class A EN55032 Class A ICES003 Class A VCCI-CISPR32 Class A EN61000-3-2 EN61000-3-3 KS C 9832
174601	41578	HX-CPU-8170M	humidity_operating	verified	hyperflex-hx-series	{"max":90,"min":10}	10% to 90% and 28°C (82.4°F) maximum dew-point temperature,
174602	41578	HX-CPU-8170M	humidity_storage	verified	hyperflex-hx-series	{"max":93,"min":5}	5% to 93% relative humidity, non-condensing, with a maximum
174603	41578	HX-CPU-8170M	certifications	verified	hyperflex-hx-series	["60950-1 Second Edition"]	60950-1 Second Edition
174604	41578	HX-CPU-8170M	emc_emissions	verified	hyperflex-hx-series	["47CFR Part 15 (CFR 47) Class A"]	47CFR Part 15 (CFR 47) Class A
95581	41712	HX-CPU-A7773X	emc_immunity	verified	hyperflex-hx-series	["EN55024 CISPR24 EN300386 KN35"]	EN55024 CISPR24 EN300386 KN35
174948	41712	HX-CPU-A7773X	emc_emissions	verified	hyperflex-hx-series	["47CFR Part 15 (CFR 47) Class A  AS","NZS CISPR32 Class A  CISPR32 Class A EN55032 Class A  ICES003 Class A  VCCI Class A  EN61000-3-2 EN61000-3-3 KN32 Cla","47CFR Part 15 (CFR 47) Class A  AS/NZS CISPR32 Class A  CISPR32 Class A EN55032 Class A  ICES003 Class A  VCCI Class A  EN61000-3-2 EN61000-3-3 KN32"]	47CFR Part 15 (CFR 47) Class A  AS/NZS CISPR32 Class A  CISPR32 Class A EN55032 Class A  ICES003 Class A  VCCI Class A  EN61000-3-2 EN61000-3-3 KN32 Cla ; 47CFR Part 15 (CFR 47) Class A  AS/NZS CISPR32 Class A  CISPR32 Class A EN55032 Class A  ICES003 Class A  VCCI Class A  EN61000-3-2 EN61000-3-3 KN32
173482	41712	HX-CPU-A7773X	humidity_operating	verified	hyperflex-hx-series	{"max":90,"min":10}	10% to 90% and 28°C (82.4°F) maximum dew-point temperature,
173483	41712	HX-CPU-A7773X	humidity_storage	verified	hyperflex-hx-series	{"max":93,"min":5}	5% to 93% relative humidity, non-condensing, with a maximum
145610	85834	UCSC-PSU1-1200W-D=	emc_emissions	verified	identity-services-engine	["47CFR Part 15 (CFR 47) Class A AS/NZS CISPR32 Class A CISPR32 Class A EN55032 Class A ICES003 Class A VCCI-CISPR32 Class A EN61000-3-2 EN61000-3-3 KS C 9832 Cla"]	47CFR Part 15 (CFR 47) Class A AS/NZS CISPR32 Class A CISPR32 Class A EN55032 Class A ICES003 Class A VCCI-CISPR32 Class A EN61000-3-2 EN61000-3-3 KS C 9832 Cla
145611	85834	UCSC-PSU1-1200W-D=	emc_immunity	verified	identity-services-engine	["EN55035 EN55024 CISPR24/35 EN300386 KS C 9835 IEC/EN61000-6-1"]	EN55035 EN55024 CISPR24/35 EN300386 KS C 9835 IEC/EN61000-6-1
130649	85834	UCSC-PSU1-1200W-D=	altitude_max	verified	identity-services-engine	3050	0 to 10,006 feet (0 to 3050 meters)
124469	85834	UCSC-PSU1-1200W-D=	temp_storage	verified	identity-services-engine	{"max":65,"min":40}	Dry bulb temperature of ‒40°F to 149°F (‒40°C to 65°C) ()
124471	85834	UCSC-PSU1-1200W-D=	temp_operating	verified	identity-services-engine	{"max":35,"min":5}	41°F to 95°F (5°C to 35°C) (supports ASHRAE Class A4 and/or Class A3 and/or Class A2). ASHRAE Class A3 will be generic test profile unless otherwise specified b
125897	87111	UCSX-GPU-A16	altitude_storage	verified	ucs-x-series-modular-system	"12,000m"	40,000 ft (12,000m)
174467	43069	HX-SD800GBHNK9	humidity_operating	verified	hyperflex-hx-series	{"max":90,"min":10}	10% to 90% and 28°C (82.4°F) maximum dew-point temperature,
174468	43069	HX-SD800GBHNK9	humidity_storage	verified	hyperflex-hx-series	{"max":93,"min":5}	5% to 93% relative humidity, non-condensing, with a maximum
96004	43069	HX-SD800GBHNK9	emc_immunity	verified	hyperflex-hx-series	["EN55024 CISPR24 EN300386 KN35"]	EN55024 CISPR24 EN300386 KN35
157337	43069	HX-SD800GBHNK9	emc_emissions	verified	hyperflex-hx-series	["47CFR Part 15 (CFR 47) Class A AS/NZS CISPR32 Class A CISPR32 Class A EN55032 Class A ICES003 Class A VCCI Class A EN61000-3-2 EN61000-3-3 KN32 Class A CNS13438"]	47CFR Part 15 (CFR 47) Class A AS/NZS CISPR32 Class A CISPR32 Class A EN55032 Class A ICES003 Class A VCCI Class A EN61000-3-2 EN61000-3-3 KN32 Class A CNS13438
156735	86912	UCSX-CPU-I6438M	altitude_storage	verified	ucs-x-series-modular-system	"12,000m"	40,000 ft (12,000m)
157013	87098	UCSX-CPU-I6530P	altitude_storage	verified	ucs-x-series-modular-system	"12,000m"	40,000 ft (12,000m)
157146	87211	UCSX-CPU-I6738P	altitude_storage	verified	ucs-x-series-modular-system	"12,000m"	40,000 ft (12,000m)
156971	86822	UCSX-CPU-I6760P	altitude_storage	verified	ucs-x-series-modular-system	"12,000m"	40,000 ft (12,000m)
157128	86920	UCSX-CPU-I6788P	altitude_storage	verified	ucs-x-series-modular-system	"12,000m"	40,000 ft (12,000m)
156493	81820	UCS-HDL14TW1S74K	emc_immunity	verified	ucs-c-series-rack-servers	["EN55035 EN55024 CISPR24/35 EN300386 KS C 9835 IEC/EN61000-6-1"]	EN55035 EN55024 CISPR24/35 EN300386 KS C 9835 IEC/EN61000-6-1
175158	81820	UCS-HDL14TW1S74K	emc_emissions	verified	ucs-c-series-rack-servers	["47CFR Part 15 (CFR 47) Class A AS","NZS CISPR32 Class A CISPR32 Class A EN55032 Class A ICES003 Class A VCCI-CISPR32 Class A EN61000-3-2 EN61000-3-3 KS C 9832 Cla","47CFR Part 15 (CFR 47) Class A AS/NZS CISPR32 Class A CISPR32 Class A EN55032 Class A ICES003 Class A VCCI-CISPR32 Class A EN61000-3-2 EN61000-3-3 KS C 9832"]	47CFR Part 15 (CFR 47) Class A AS/NZS CISPR32 Class A CISPR32 Class A EN55032 Class A ICES003 Class A VCCI-CISPR32 Class A EN61000-3-2 EN61000-3-3 KS C 9832 Cla ; 47CFR Part 15 (CFR 47) Class A AS/NZS CISPR32 Class A CISPR32 Class A EN55032 Class A ICES003 Class A VCCI-CISPR32 Class A EN61000-3-2 EN61000-3-3 KS C 9832
157359	82913	UCS-SD16TM1X-EV-D	emc_immunity	verified	ucs-c-series-rack-servers	["EN55035 EN55024 CISPR24/35 EN300386 KS C 9835 IEC/EN61000-6-1"]	EN55035 EN55024 CISPR24/35 EN300386 KS C 9835 IEC/EN61000-6-1
175212	82913	UCS-SD16TM1X-EV-D	emc_emissions	verified	ucs-c-series-rack-servers	["47CFR Part 15 (CFR 47) Class A AS","NZS CISPR32 Class A CISPR32 Class A EN55032 Class A ICES003 Class A VCCI-CISPR32 Class A EN61000-3-2 EN61000-3-3 KS C 9832 Cla","47CFR Part 15 (CFR 47) Class A AS/NZS CISPR32 Class A CISPR32 Class A EN55032 Class A ICES003 Class A VCCI-CISPR32 Class A EN61000-3-2 EN61000-3-3 KS C 9832"]	47CFR Part 15 (CFR 47) Class A AS/NZS CISPR32 Class A CISPR32 Class A EN55032 Class A ICES003 Class A VCCI-CISPR32 Class A EN61000-3-2 EN61000-3-3 KS C 9832 Cla ; 47CFR Part 15 (CFR 47) Class A AS/NZS CISPR32 Class A CISPR32 Class A EN55032 Class A ICES003 Class A VCCI-CISPR32 Class A EN61000-3-2 EN61000-3-3 KS C 9832
156298	81173	UCS-CPU-I6730P	emc_immunity	verified	ucs-c-series-rack-servers	["EN55035 EN55024 CISPR24/35 EN300386 KS C 9835 IEC/EN61000-6-1"]	EN55035 EN55024 CISPR24/35 EN300386 KS C 9835 IEC/EN61000-6-1
175091	81173	UCS-CPU-I6730P	emc_emissions	verified	ucs-c-series-rack-servers	["47CFR Part 15 (CFR 47) Class A AS","NZS CISPR32 Class A CISPR32 Class A EN55032 Class A ICES003 Class A VCCI-CISPR32 Class A EN61000-3-2 EN61000-3-3 KS C 9832 Cla","47CFR Part 15 (CFR 47) Class A AS/NZS CISPR32 Class A CISPR32 Class A EN55032 Class A ICES003 Class A VCCI-CISPR32 Class A EN61000-3-2 EN61000-3-3 KS C 9832"]	47CFR Part 15 (CFR 47) Class A AS/NZS CISPR32 Class A CISPR32 Class A EN55032 Class A ICES003 Class A VCCI-CISPR32 Class A EN61000-3-2 EN61000-3-3 KS C 9832 Cla ; 47CFR Part 15 (CFR 47) Class A AS/NZS CISPR32 Class A CISPR32 Class A EN55032 Class A ICES003 Class A VCCI-CISPR32 Class A EN61000-3-2 EN61000-3-3 KS C 9832
156290	81021	UCS-CPU-I6745P	emc_immunity	verified	ucs-c-series-rack-servers	["EN55035 EN55024 CISPR24/35 EN300386 KS C 9835 IEC/EN61000-6-1"]	EN55035 EN55024 CISPR24/35 EN300386 KS C 9835 IEC/EN61000-6-1
175089	81021	UCS-CPU-I6745P	emc_emissions	verified	ucs-c-series-rack-servers	["47CFR Part 15 (CFR 47) Class A AS","NZS CISPR32 Class A CISPR32 Class A EN55032 Class A ICES003 Class A VCCI-CISPR32 Class A EN61000-3-2 EN61000-3-3 KS C 9832 Cla","47CFR Part 15 (CFR 47) Class A AS/NZS CISPR32 Class A CISPR32 Class A EN55032 Class A ICES003 Class A VCCI-CISPR32 Class A EN61000-3-2 EN61000-3-3 KS C 9832"]	47CFR Part 15 (CFR 47) Class A AS/NZS CISPR32 Class A CISPR32 Class A EN55032 Class A ICES003 Class A VCCI-CISPR32 Class A EN61000-3-2 EN61000-3-3 KS C 9832 Cla ; 47CFR Part 15 (CFR 47) Class A AS/NZS CISPR32 Class A CISPR32 Class A EN55032 Class A ICES003 Class A VCCI-CISPR32 Class A EN61000-3-2 EN61000-3-3 KS C 9832
121459	81094	UCS-CPU-I5411N1	emc_emissions	verified	ucs-c-series-rack-servers	["47CFR Part 15 (CFR 47) Class A AS","NZS CISPR32 Class A CISPR32 Class A EN55032 Class A ICES003 Class A VCCI-CISPR32 Class A EN61000-3-2 EN61000-3-3 KS C 9832 Cla"]	47CFR Part 15 (CFR 47) Class A AS/NZS CISPR32 Class A CISPR32 Class A EN55032 Class A ICES003 Class A VCCI-CISPR32 Class A EN61000-3-2 EN61000-3-3 KS C 9832 Cla
121460	81094	UCS-CPU-I5411N1	emc_immunity	verified	ucs-c-series-rack-servers	["EN55035 EN55024 CISPR24","35 EN300386 KS C 9835 IEC","EN61000-6-1"]	EN55035 EN55024 CISPR24/35 EN300386 KS C 9835 IEC/EN61000-6-1
157110	87658	UCSX-SD38TS1XEV-D	altitude_storage	verified	ucs-x-series-modular-system	"12,000m"	40,000 ft (12,000m)
155924	81245	UCS-CPU-I8571N	emc_emissions	verified	ucs-c-series-rack-servers	["47CFR Part 15 (CFR 47) Class A AS/NZS CISPR32 Class A CISPR32 Class A EN55032 Class A ICES003 Class A VCCI-CISPR32 Class A EN61000-3-2 EN61000-3-3 KS C 9832"]	47CFR Part 15 (CFR 47) Class A AS/NZS CISPR32 Class A CISPR32 Class A EN55032 Class A ICES003 Class A VCCI-CISPR32 Class A EN61000-3-2 EN61000-3-3 KS C 9832
155925	81245	UCS-CPU-I8571N	emc_immunity	verified	ucs-c-series-rack-servers	["EN55035 EN55024 CISPR24/35 EN300386 KS C 9835 IEC/EN61000-6-1"]	EN55035 EN55024 CISPR24/35 EN300386 KS C 9835 IEC/EN61000-6-1
156523	81886	UCS-HDM6TG1S74K	emc_immunity	verified	ucs-c-series-rack-servers	["EN55035 EN55024 CISPR24/35 EN300386 KS C 9835 IEC/EN61000-6-1"]	EN55035 EN55024 CISPR24/35 EN300386 KS C 9835 IEC/EN61000-6-1
175173	81886	UCS-HDM6TG1S74K	emc_emissions	verified	ucs-c-series-rack-servers	["47CFR Part 15 (CFR 47) Class A AS","NZS CISPR32 Class A CISPR32 Class A EN55032 Class A ICES003 Class A VCCI-CISPR32 Class A EN61000-3-2 EN61000-3-3 KS C 9832 Cla","47CFR Part 15 (CFR 47) Class A AS/NZS CISPR32 Class A CISPR32 Class A EN55032 Class A ICES003 Class A VCCI-CISPR32 Class A EN61000-3-2 EN61000-3-3 KS C 9832"]	47CFR Part 15 (CFR 47) Class A AS/NZS CISPR32 Class A CISPR32 Class A EN55032 Class A ICES003 Class A VCCI-CISPR32 Class A EN61000-3-2 EN61000-3-3 KS C 9832 Cla ; 47CFR Part 15 (CFR 47) Class A AS/NZS CISPR32 Class A CISPR32 Class A EN55032 Class A ICES003 Class A VCCI-CISPR32 Class A EN61000-3-2 EN61000-3-3 KS C 9832
145604	82794	UCS-SD16TBKANK9-D=	emc_emissions	verified	identity-services-engine	["47CFR Part 15 (CFR 47) Class A AS/NZS CISPR32 Class A CISPR32 Class A EN55032 Class A ICES003 Class A VCCI-CISPR32 Class A EN61000-3-2 EN61000-3-3 KS C 9832 Cla"]	47CFR Part 15 (CFR 47) Class A AS/NZS CISPR32 Class A CISPR32 Class A EN55032 Class A ICES003 Class A VCCI-CISPR32 Class A EN61000-3-2 EN61000-3-3 KS C 9832 Cla
145605	82794	UCS-SD16TBKANK9-D=	emc_immunity	verified	identity-services-engine	["EN55035 EN55024 CISPR24/35 EN300386 KS C 9835 IEC/EN61000-6-1"]	EN55035 EN55024 CISPR24/35 EN300386 KS C 9835 IEC/EN61000-6-1
130646	82794	UCS-SD16TBKANK9-D=	altitude_max	verified	identity-services-engine	3050	0 to 10,006 feet (0 to 3050 meters)
123363	82794	UCS-SD16TBKANK9-D=	temp_storage	verified	identity-services-engine	{"max":65,"min":40}	Dry bulb temperature of ‒40°F to 149°F (‒40°C to 65°C) ()
123365	82794	UCS-SD16TBKANK9-D=	temp_operating	verified	identity-services-engine	{"max":35,"min":5}	41°F to 95°F (5°C to 35°C) (supports ASHRAE Class A4 and/or Class A3 and/or Class A2). ASHRAE Class A3 will be generic test profile unless otherwise specified b
106000	63867	NCS1K4-DC-PSU=	regions_supported	verified	network-convergence-system-1000-series	"● European Union ● Africa ● CSI ● Australia ● New Zealand ● China ● Korea ● India ● Saudi Arabia ● South America"	● European Union ● Africa ● CSI ● Australia ● New Zealand ● China ● Korea ● India ● Saudi Arabia ● South America
152514	63867	NCS1K4-DC-PSU=	certifications	verified	network-convergence-system-1000-series	["IEC 60950-1 Information technology equipment Safety Part 1: General requirements - Edition 2, 2005 + Amendment 1 2009 + Amendment 2 2013","EN 60950-1: Edition"]	● IEC 60950-1 Information technology equipment Safety Part 1: General requirements - Edition 2, 2005 + Amendment 1 2009 + Amendment 2 2013 ● EN 60950-1: Edition
156475	82119	UCS-HDL12TW1S74K9	emc_immunity	verified	ucs-c-series-rack-servers	["EN55035 EN55024 CISPR24/35 EN300386 KS C 9835 IEC/EN61000-6-1"]	EN55035 EN55024 CISPR24/35 EN300386 KS C 9835 IEC/EN61000-6-1
175149	82119	UCS-HDL12TW1S74K9	emc_emissions	verified	ucs-c-series-rack-servers	["47CFR Part 15 (CFR 47) Class A AS","NZS CISPR32 Class A CISPR32 Class A EN55032 Class A ICES003 Class A VCCI-CISPR32 Class A EN61000-3-2 EN61000-3-3 KS C 9832 Cla","47CFR Part 15 (CFR 47) Class A AS/NZS CISPR32 Class A CISPR32 Class A EN55032 Class A ICES003 Class A VCCI-CISPR32 Class A EN61000-3-2 EN61000-3-3 KS C 9832"]	47CFR Part 15 (CFR 47) Class A AS/NZS CISPR32 Class A CISPR32 Class A EN55032 Class A ICES003 Class A VCCI-CISPR32 Class A EN61000-3-2 EN61000-3-3 KS C 9832 Cla ; 47CFR Part 15 (CFR 47) Class A AS/NZS CISPR32 Class A CISPR32 Class A EN55032 Class A ICES003 Class A VCCI-CISPR32 Class A EN61000-3-2 EN61000-3-3 KS C 9832
156469	81821	UCS-HDL16TT1S74K	emc_immunity	verified	ucs-c-series-rack-servers	["EN55035 EN55024 CISPR24/35 EN300386 KS C 9835 IEC/EN61000-6-1"]	EN55035 EN55024 CISPR24/35 EN300386 KS C 9835 IEC/EN61000-6-1
175146	81821	UCS-HDL16TT1S74K	emc_emissions	verified	ucs-c-series-rack-servers	["47CFR Part 15 (CFR 47) Class A AS","NZS CISPR32 Class A CISPR32 Class A EN55032 Class A ICES003 Class A VCCI-CISPR32 Class A EN61000-3-2 EN61000-3-3 KS C 9832 Cla","47CFR Part 15 (CFR 47) Class A AS/NZS CISPR32 Class A CISPR32 Class A EN55032 Class A ICES003 Class A VCCI-CISPR32 Class A EN61000-3-2 EN61000-3-3 KS C 9832"]	47CFR Part 15 (CFR 47) Class A AS/NZS CISPR32 Class A CISPR32 Class A EN55032 Class A ICES003 Class A VCCI-CISPR32 Class A EN61000-3-2 EN61000-3-3 KS C 9832 Cla ; 47CFR Part 15 (CFR 47) Class A AS/NZS CISPR32 Class A CISPR32 Class A EN55032 Class A ICES003 Class A VCCI-CISPR32 Class A EN61000-3-2 EN61000-3-3 KS C 9832
156499	81945	UCS-HDL18TT2S74K	emc_immunity	verified	ucs-c-series-rack-servers	["EN55035 EN55024 CISPR24/35 EN300386 KS C 9835 IEC/EN61000-6-1"]	EN55035 EN55024 CISPR24/35 EN300386 KS C 9835 IEC/EN61000-6-1
175161	81945	UCS-HDL18TT2S74K	emc_emissions	verified	ucs-c-series-rack-servers	["47CFR Part 15 (CFR 47) Class A AS","NZS CISPR32 Class A CISPR32 Class A EN55032 Class A ICES003 Class A VCCI-CISPR32 Class A EN61000-3-2 EN61000-3-3 KS C 9832 Cla","47CFR Part 15 (CFR 47) Class A AS/NZS CISPR32 Class A CISPR32 Class A EN55032 Class A ICES003 Class A VCCI-CISPR32 Class A EN61000-3-2 EN61000-3-3 KS C 9832"]	47CFR Part 15 (CFR 47) Class A AS/NZS CISPR32 Class A CISPR32 Class A EN55032 Class A ICES003 Class A VCCI-CISPR32 Class A EN61000-3-2 EN61000-3-3 KS C 9832 Cla ; 47CFR Part 15 (CFR 47) Class A AS/NZS CISPR32 Class A CISPR32 Class A EN55032 Class A ICES003 Class A VCCI-CISPR32 Class A EN61000-3-2 EN61000-3-3 KS C 9832
156843	87528	UCSX-SD19TBM1XEVD	altitude_storage	verified	ucs-x-series-modular-system	"12,000m"	40,000 ft (12,000m)
156705	87219	UCSX-CPU-I8471N	altitude_storage	verified	ucs-x-series-modular-system	"12,000m"	40,000 ft (12,000m)
156847	87505	UCSX-SD38TBM1XEVD	altitude_storage	verified	ucs-x-series-modular-system	"12,000m"	40,000 ft (12,000m)
156600	87472	UCSX-SD19T63XEP-D	altitude_storage	corroborated	ucs-x-series-modular-system	"12,000m"	40,000 ft (12,000m)
156862	87662	UCSX-SDB3T8SA1VD	altitude_storage	corroborated	ucs-x-series-modular-system	"12,000m"	40,000 ft (12,000m)
156761	86742	UCSX-CPU-I5411N	altitude_storage	verified	ucs-x-series-modular-system	"12,000m"	40,000 ft (12,000m)
157158	86878	UCSX-CPU-I6724P	altitude_storage	verified	ucs-x-series-modular-system	"12,000m"	40,000 ft (12,000m)
156983	86785	UCSX-CPU-I6745P	altitude_storage	verified	ucs-x-series-modular-system	"12,000m"	40,000 ft (12,000m)
157180	87343	UCSX-SDB3T8OA1V	altitude_storage	verified	ucs-x-series-modular-system	"12,000m"	40,000 ft (12,000m)
156799	87443	UCSX-SD38TEM2NK9D	altitude_storage	corroborated	ucs-x-series-modular-system	"12,000m"	40,000 ft (12,000m)
157518	87285	UCSX-SD76TM1XEV-D	altitude_storage	verified	ucs-x-series-modular-system	"12,000m"	40,000 ft (12,000m)
142979	85626	UCSC-PSU-930WDC=	qos_features	verified	nexus-31128pq-switch	["Layer 2 IEEE 802.1p (Class of Service [CoS]) 8 unicast","8 multicast hardware queues per port Per-port QoS configuration CoS trust Port-based CoS assignment M"]	Layer 2 IEEE 802.1p (Class of Service [CoS]) 8 unicast and 8 multicast hardware queues per port Per-port QoS configuration CoS trust Port-based CoS assignment M
124376	85626	UCSC-PSU-930WDC=	emc_emissions	verified	nexus-31128pq-switch	["● 47CFR Part 15 (CFR 47) Class A ● AS","NZS CISPR22 Class A ● CISPR22 Class A ● EN55022 Class A ● ICES003 Class A ● VCCI Class A ● EN61000-3-2 ● EN61000-3-3 ● KN2"]	● 47CFR Part 15 (CFR 47) Class A ● AS/NZS CISPR22 Class A ● CISPR22 Class A ● EN55022 Class A ● ICES003 Class A ● VCCI Class A ● EN61000-3-2 ● EN61000-3-3 ● KN2
124377	85626	UCSC-PSU-930WDC=	emc_immunity	verified	nexus-31128pq-switch	["● EN55024 ● CISPR24 ● EN300386 ● KN24"]	● EN55024 ● CISPR24 ● EN300386 ● KN24
156711	86828	UCSX-CPU-I8468	altitude_storage	verified	ucs-x-series-modular-system	"12,000m"	40,000 ft (12,000m)
156367	85826	UCSC-P-N7D200GF	emc_immunity	verified	ucs-c-series-rack-servers	["EN55035 EN55024 CISPR24/35 EN300386 KS C 9835 IEC/EN61000-6-1"]	EN55035 EN55024 CISPR24/35 EN300386 KS C 9835 IEC/EN61000-6-1
175114	85826	UCSC-P-N7D200GF	emc_emissions	verified	ucs-c-series-rack-servers	["47CFR Part 15 (CFR 47) Class A AS","NZS CISPR32 Class A CISPR32 Class A EN55032 Class A ICES003 Class A VCCI-CISPR32 Class A EN61000-3-2 EN61000-3-3 KS C 9832 Cla","47CFR Part 15 (CFR 47) Class A AS/NZS CISPR32 Class A CISPR32 Class A EN55032 Class A ICES003 Class A VCCI-CISPR32 Class A EN61000-3-2 EN61000-3-3 KS C 9832"]	47CFR Part 15 (CFR 47) Class A AS/NZS CISPR32 Class A CISPR32 Class A EN55032 Class A ICES003 Class A VCCI-CISPR32 Class A EN61000-3-2 EN61000-3-3 KS C 9832 Cla ; 47CFR Part 15 (CFR 47) Class A AS/NZS CISPR32 Class A CISPR32 Class A EN55032 Class A ICES003 Class A VCCI-CISPR32 Class A EN61000-3-2 EN61000-3-3 KS C 9832
125687	87022	UCSX-CPU-I8351N3	temp_operating	verified	compute-hyperconverged	{"max":35,"min":10}	50 to 95°F (10 to 35°C) (as altitude increases, maximum temperature decreases by 1°C per 300m)
125688	87022	UCSX-CPU-I8351N3	temp_storage	verified	compute-hyperconverged	{"max":65,"min":-40}	-40 to 149°F (-40 to 65°C); maximum altitude is 40,000 ft
125689	87022	UCSX-CPU-I8351N3	humidity_operating	verified	compute-hyperconverged	{"max":90,"min":10}	10% to 90% noncondensing, 28°C max
125690	87022	UCSX-CPU-I8351N3	emc_emissions	verified	compute-hyperconverged	["■ 47CFR Part 15 (CFR 47) Class A (FCC Class A) ■ AS","NZS CISPR22 Class A ■ CISPR2 2 Class A ■ EN55022 Class A ■ ICES003 Class A ■ VCCI Class A ■ EN61000-3-2 ■ EN"]	■ 47CFR Part 15 (CFR 47) Class A (FCC Class A) ■ AS/NZS CISPR22 Class A ■ CISPR2 2 Class A ■ EN55022 Class A ■ ICES003 Class A ■ VCCI Class A ■ EN61000-3-2 ■ EN
125691	87022	UCSX-CPU-I8351N3	emc_immunity	verified	compute-hyperconverged	["■ EN50082-1 ■ EN61000-6-1 ■ EN55024 ■ CISPR24 ■ EN300386 ■ KN 61000-4 Series"]	■ EN50082-1 ■ EN61000-6-1 ■ EN55024 ■ CISPR24 ■ EN300386 ■ KN 61000-4 Series
156380	80188	UCS-CPU-A9845	emc_immunity	verified	ucs-c-series-rack-servers	["EN55035 EN55024 CISPR24/35 EN300386 KS C 9835 IEC/EN61000-6-1"]	EN55035 EN55024 CISPR24/35 EN300386 KS C 9835 IEC/EN61000-6-1
175118	80188	UCS-CPU-A9845	emc_emissions	verified	ucs-c-series-rack-servers	["47CFR Part 15 (CFR 47) Class A AS","NZS CISPR32 Class A CISPR32 Class A EN55032 Class A ICES003 Class A VCCI-CISPR32 Class A EN61000-3-2 EN61000-3-3 KS C 9832 Cla","47CFR Part 15 (CFR 47) Class A AS/NZS CISPR32 Class A CISPR32 Class A EN55032 Class A ICES003 Class A VCCI-CISPR32 Class A EN61000-3-2 EN61000-3-3 KS C 9832"]	47CFR Part 15 (CFR 47) Class A AS/NZS CISPR32 Class A CISPR32 Class A EN55032 Class A ICES003 Class A VCCI-CISPR32 Class A EN61000-3-2 EN61000-3-3 KS C 9832 Cla ; 47CFR Part 15 (CFR 47) Class A AS/NZS CISPR32 Class A CISPR32 Class A EN55032 Class A ICES003 Class A VCCI-CISPR32 Class A EN61000-3-2 EN61000-3-3 KS C 9832
107487	64558	NCS2K-MR-MXP-LIC=	humidity_operating	verified	network-convergence-system-2000-series	{"max":85,"min":5}	5 to 85%, noncondensing 5 to 90% but not to exceed 0.024 kg water/kg of dry air
107488	64558	NCS2K-MR-MXP-LIC=	regions_supported	verified	network-convergence-system-2000-series	"● Europe ● Latin America ● Japan ● Asia Pacific ● Middle East and Africa"	● Europe ● Latin America ● Japan ● Asia Pacific ● Middle East and Africa
107489	64558	NCS2K-MR-MXP-LIC=	temp_storage	verified	network-convergence-system-2000-series	{"max":70,"min":-40}	-40 to 158ºF (-40 to 70ºC)
107490	64558	NCS2K-MR-MXP-LIC=	temp_operating	verified	network-convergence-system-2000-series	{"max":55,"min":0}	32 to 131ºF (0 to 55ºC) 23 to 131ºF (-5 to 55ºC)
207300	64558	NCS2K-MR-MXP-LIC=	certifications	verified	network-convergence-system-2000-series	["UL/CSA 60950-1 2 nd Ed. 2011","IEC 60950-1 2 nd Ed. + Amendment 1:2009","EN 60950-1:2006 + A1:2010 + A11:2009 + A12:2011 (with all country deviations)"]	● UL/CSA 60950-1 2 nd Ed. 2011 ● IEC 60950-1 2 nd Ed. + Amendment 1:2009, EN 60950-1:2006 + A1:2010 + A11:2009 + A12:2011 (with all country deviations)
174637	41971	HX-CPU-I8276M	humidity_operating	verified	hyperflex-hx-series	{"max":90,"min":10}	10% to 90% and 28°C (82.4°F) maximum dew-point temperature,
174638	41971	HX-CPU-I8276M	humidity_storage	verified	hyperflex-hx-series	{"max":93,"min":5}	5% to 93% relative humidity, non-condensing, with a maximum
174639	41971	HX-CPU-I8276M	certifications	verified	hyperflex-hx-series	["60950-1 Second Edition"]	60950-1 Second Edition
174640	41971	HX-CPU-I8276M	emc_emissions	verified	hyperflex-hx-series	["47CFR Part 15 (CFR 47) Class A"]	47CFR Part 15 (CFR 47) Class A
121945	81282	UCS-CPU-I8581V1	emc_emissions	verified	ucs-c-series-rack-servers	["47CFR Part 15 (CFR 47) Class A AS","NZS CISPR32 Class A CISPR32 Class A EN55032 Class A ICES003 Class A VCCI-CISPR32 Class A EN61000-3-2 EN61000-3-3 KS C 9832 Cla"]	47CFR Part 15 (CFR 47) Class A AS/NZS CISPR32 Class A CISPR32 Class A EN55032 Class A ICES003 Class A VCCI-CISPR32 Class A EN61000-3-2 EN61000-3-3 KS C 9832 Cla
121946	81282	UCS-CPU-I8581V1	emc_immunity	verified	ucs-c-series-rack-servers	["EN55035 EN55024 CISPR24","35 EN300386 KS C 9835 IEC","EN61000-6-1"]	EN55035 EN55024 CISPR24/35 EN300386 KS C 9835 IEC/EN61000-6-1
155949	81007	UCS-CPU-I4510T	emc_emissions	verified	ucs-c-series-rack-servers	["47CFR Part 15 (CFR 47) Class A AS/NZS CISPR32 Class A CISPR32 Class A EN55032 Class A ICES003 Class A VCCI-CISPR32 Class A EN61000-3-2 EN61000-3-3 KS C 9832"]	47CFR Part 15 (CFR 47) Class A AS/NZS CISPR32 Class A CISPR32 Class A EN55032 Class A ICES003 Class A VCCI-CISPR32 Class A EN61000-3-2 EN61000-3-3 KS C 9832
155950	81007	UCS-CPU-I4510T	emc_immunity	verified	ucs-c-series-rack-servers	["EN55035 EN55024 CISPR24/35 EN300386 KS C 9835 IEC/EN61000-6-1"]	EN55035 EN55024 CISPR24/35 EN300386 KS C 9835 IEC/EN61000-6-1
157007	86999	UCSX-CPU-I6730P	altitude_storage	verified	ucs-x-series-modular-system	"12,000m"	40,000 ft (12,000m)
156647	86467	UCSX-CPU-I5512U	altitude_storage	verified	ucs-x-series-modular-system	"12,000m"	40,000 ft (12,000m)
156959	86856	UCSX-CPU-I6787P	altitude_storage	verified	ucs-x-series-modular-system	"12,000m"	40,000 ft (12,000m)
156790	87581	UCSX-SD38TBKANK9D	altitude_storage	corroborated	ucs-x-series-modular-system	"12,000m"	40,000 ft (12,000m)
157514	87405	UCSX-SD38TM1XEV-D	altitude_storage	verified	ucs-x-series-modular-system	"12,000m"	40,000 ft (12,000m)
157405	82744	UCS-SD38T63X-EP-D	emc_immunity	verified	ucs-c-series-rack-servers	["EN55035 EN55024 CISPR24/35 EN300386 KS C 9835 IEC/EN61000-6-1"]	EN55035 EN55024 CISPR24/35 EN300386 KS C 9835 IEC/EN61000-6-1
175269	82744	UCS-SD38T63X-EP-D	emc_emissions	verified	ucs-c-series-rack-servers	["47CFR Part 15 (CFR 47) Class A AS","NZS CISPR32 Class A CISPR32 Class A EN55032 Class A ICES003 Class A VCCI-CISPR32 Class A EN61000-3-2 EN61000-3-3 KS C 9832 Cla","47CFR Part 15 (CFR 47) Class A AS/NZS CISPR32 Class A CISPR32 Class A EN55032 Class A ICES003 Class A VCCI-CISPR32 Class A EN61000-3-2 EN61000-3-3 KS C 9832"]	47CFR Part 15 (CFR 47) Class A AS/NZS CISPR32 Class A CISPR32 Class A EN55032 Class A ICES003 Class A VCCI-CISPR32 Class A EN61000-3-2 EN61000-3-3 KS C 9832 Cla ; 47CFR Part 15 (CFR 47) Class A AS/NZS CISPR32 Class A CISPR32 Class A EN55032 Class A ICES003 Class A VCCI-CISPR32 Class A EN61000-3-2 EN61000-3-3 KS C 9832
156123	83534	UCS-SD960GBKNK9-D	emc_immunity	verified	ucs-c-series-rack-servers	["EN55035 EN55024 CISPR24/35 EN300386 KS C 9835 IEC/EN61000-6-1"]	EN55035 EN55024 CISPR24/35 EN300386 KS C 9835 IEC/EN61000-6-1
175029	83534	UCS-SD960GBKNK9-D	emc_emissions	verified	ucs-c-series-rack-servers	["47CFR Part 15 (CFR 47) Class A AS","NZS CISPR32 Class A CISPR32 Class A EN55032 Class A ICES003 Class A VCCI-CISPR32 Class A EN61000-3-2 EN61000-3-3 KS C 9832 Cla","47CFR Part 15 (CFR 47) Class A AS/NZS CISPR32 Class A CISPR32 Class A EN55032 Class A ICES003 Class A VCCI-CISPR32 Class A EN61000-3-2 EN61000-3-3 KS C 9832"]	47CFR Part 15 (CFR 47) Class A AS/NZS CISPR32 Class A CISPR32 Class A EN55032 Class A ICES003 Class A VCCI-CISPR32 Class A EN61000-3-2 EN61000-3-3 KS C 9832 Cla ; 47CFR Part 15 (CFR 47) Class A AS/NZS CISPR32 Class A CISPR32 Class A EN55032 Class A ICES003 Class A VCCI-CISPR32 Class A EN61000-3-2 EN61000-3-3 KS C 9832
157140	86855	UCSX-CPU-I6748P	altitude_storage	verified	ucs-x-series-modular-system	"12,000m"	40,000 ft (12,000m)
157363	83062	UCS-SD38TM1X-EV-D	emc_immunity	verified	ucs-c-series-rack-servers	["EN55035 EN55024 CISPR24/35 EN300386 KS C 9835 IEC/EN61000-6-1"]	EN55035 EN55024 CISPR24/35 EN300386 KS C 9835 IEC/EN61000-6-1
175214	83062	UCS-SD38TM1X-EV-D	emc_emissions	verified	ucs-c-series-rack-servers	["47CFR Part 15 (CFR 47) Class A AS","NZS CISPR32 Class A CISPR32 Class A EN55032 Class A ICES003 Class A VCCI-CISPR32 Class A EN61000-3-2 EN61000-3-3 KS C 9832 Cla","47CFR Part 15 (CFR 47) Class A AS/NZS CISPR32 Class A CISPR32 Class A EN55032 Class A ICES003 Class A VCCI-CISPR32 Class A EN61000-3-2 EN61000-3-3 KS C 9832"]	47CFR Part 15 (CFR 47) Class A AS/NZS CISPR32 Class A CISPR32 Class A EN55032 Class A ICES003 Class A VCCI-CISPR32 Class A EN61000-3-2 EN61000-3-3 KS C 9832 Cla ; 47CFR Part 15 (CFR 47) Class A AS/NZS CISPR32 Class A CISPR32 Class A EN55032 Class A ICES003 Class A VCCI-CISPR32 Class A EN61000-3-2 EN61000-3-3 KS C 9832
174593	41321	HX-CPU-8168	humidity_operating	verified	hyperflex-hx-series	{"max":90,"min":10}	10% to 90% and 28°C (82.4°F) maximum dew-point temperature,
174594	41321	HX-CPU-8168	humidity_storage	verified	hyperflex-hx-series	{"max":93,"min":5}	5% to 93% relative humidity, non-condensing, with a maximum
174595	41321	HX-CPU-8168	certifications	verified	hyperflex-hx-series	["60950-1 Second Edition"]	60950-1 Second Edition
174596	41321	HX-CPU-8168	emc_emissions	verified	hyperflex-hx-series	["47CFR Part 15 (CFR 47) Class A"]	47CFR Part 15 (CFR 47) Class A
173414	42128	HX-MR-X16G1RW	certifications	verified	hyperflex-hx-series	["60950-1 Second Edition"]	60950-1 Second Edition
173412	42128	HX-MR-X16G1RW	humidity_operating	verified	hyperflex-hx-series	{"max":90,"min":10}	10% to 90% and 28°C (82.4°F) maximum dew-point temperature,
173413	42128	HX-MR-X16G1RW	humidity_storage	verified	hyperflex-hx-series	{"max":93,"min":5}	5% to 93% relative humidity, non-condensing, with a maximum
173415	42128	HX-MR-X16G1RW	emc_emissions	verified	hyperflex-hx-series	["47CFR Part 15 (CFR 47) Class A"]	47CFR Part 15 (CFR 47) Class A
173200	82218	UCS-MR-X64G2RW	altitude_max	verified	compute-hyperconverged	3050	0 m to 3050 m (10,000 ft)
173199	82218	UCS-MR-X64G2RW	temp_operating	verified	compute-hyperconverged	{"max":35,"min":10}	10°C to 35°C (50°F to 95°F) with no direct sunlight
173201	82218	UCS-MR-X64G2RW	altitude_storage	verified	compute-hyperconverged	"0 m to 12,000 m (39,370 ft)"	0 m to 12,000 m (39,370 ft)
173202	82218	UCS-MR-X64G2RW	certifications	verified	compute-hyperconverged	["950-1 No. 21CFR1040","CAN/CSA-C22.2 No. 60950-1","IRAM IEC60950-1"]	950-1 No. 21CFR1040, CAN/CSA-C22.2 No. 60950-1, IRAM IEC60950-1,
173148	81135	UCS-CPU-I6336Y	altitude_max	verified	compute-hyperconverged	3050	0 m to 3050 m (10,000 ft)
173147	81135	UCS-CPU-I6336Y	temp_operating	verified	compute-hyperconverged	{"max":35,"min":10}	10°C to 35°C (50°F to 95°F) with no direct sunlight
173149	81135	UCS-CPU-I6336Y	altitude_storage	verified	compute-hyperconverged	"0 m to 12,000 m (39,370 ft)"	0 m to 12,000 m (39,370 ft)
173150	81135	UCS-CPU-I6336Y	certifications	verified	compute-hyperconverged	["950-1 No. 21CFR1040","CAN/CSA-C22.2 No. 60950-1","IRAM IEC60950-1"]	950-1 No. 21CFR1040, CAN/CSA-C22.2 No. 60950-1, IRAM IEC60950-1,
157102	86926	UCSX-GPU-A100-80-D	altitude_storage	verified	ucs-x-series-modular-system	"12,000m"	40,000 ft (12,000m)
157510	87309	UCSX-SD16TM1XEV-D	altitude_storage	verified	ucs-x-series-modular-system	"12,000m"	40,000 ft (12,000m)
156723	86972	UCSX-CPU-I6454S	altitude_storage	verified	ucs-x-series-modular-system	"12,000m"	40,000 ft (12,000m)
155976	81179	UCS-CPU-I8460Y+	emc_immunity	verified	ucs-c-series-rack-servers	["EN55035 EN55024 CISPR24/35 EN300386 KS C 9835 IEC/EN61000-6-1"]	EN55035 EN55024 CISPR24/35 EN300386 KS C 9835 IEC/EN61000-6-1
174972	81179	UCS-CPU-I8460Y+	emc_emissions	verified	ucs-c-series-rack-servers	["47CFR Part 15 (CFR 47) Class A AS","NZS CISPR32 Class A CISPR32 Class A EN55032 Class A ICES003 Class A VCCI-CISPR32 Class A EN61000-3-2 EN61000-3-3 KS C 9832 Cla","47CFR Part 15 (CFR 47) Class A AS/NZS CISPR32 Class A CISPR32 Class A EN55032 Class A ICES003 Class A VCCI-CISPR32 Class A EN61000-3-2 EN61000-3-3 KS C 9832"]	47CFR Part 15 (CFR 47) Class A AS/NZS CISPR32 Class A CISPR32 Class A EN55032 Class A ICES003 Class A VCCI-CISPR32 Class A EN61000-3-2 EN61000-3-3 KS C 9832 Cla ; 47CFR Part 15 (CFR 47) Class A AS/NZS CISPR32 Class A CISPR32 Class A EN55032 Class A ICES003 Class A VCCI-CISPR32 Class A EN61000-3-2 EN61000-3-3 KS C 9832
157019	86998	UCSX-CPU-I6527P	altitude_storage	verified	ucs-x-series-modular-system	"12,000m"	40,000 ft (12,000m)
125707	87028	UCSX-GPU-A100-80	altitude_storage	verified	ucs-x-series-modular-system	"12,000m"	40,000 ft (12,000m)
156965	87019	UCSX-CPU-I6767P	altitude_storage	verified	ucs-x-series-modular-system	"12,000m"	40,000 ft (12,000m)
156666	86681	UCSX-CPU-I4510T	altitude_storage	verified	ucs-x-series-modular-system	"12,000m"	40,000 ft (12,000m)
156215	85385	UCSC-GPU-FLEX170	emc_immunity	verified	ucs-c-series-rack-servers	["EN55035 EN55024 CISPR24/35 EN300386 KS C 9835 IEC/EN61000-6-1"]	EN55035 EN55024 CISPR24/35 EN300386 KS C 9835 IEC/EN61000-6-1
175061	85385	UCSC-GPU-FLEX170	emc_emissions	verified	ucs-c-series-rack-servers	["47CFR Part 15 (CFR 47) Class A AS","NZS CISPR32 Class A CISPR32 Class A EN55032 Class A ICES003 Class A VCCI-CISPR32 Class A EN61000-3-2 EN61000-3-3 KS C 9832 Cla","47CFR Part 15 (CFR 47) Class A AS/NZS CISPR32 Class A CISPR32 Class A EN55032 Class A ICES003 Class A VCCI-CISPR32 Class A EN61000-3-2 EN61000-3-3 KS C 9832"]	47CFR Part 15 (CFR 47) Class A AS/NZS CISPR32 Class A CISPR32 Class A EN55032 Class A ICES003 Class A VCCI-CISPR32 Class A EN61000-3-2 EN61000-3-3 KS C 9832 Cla ; 47CFR Part 15 (CFR 47) Class A AS/NZS CISPR32 Class A CISPR32 Class A EN55032 Class A ICES003 Class A VCCI-CISPR32 Class A EN61000-3-2 EN61000-3-3 KS C 9832
155958	81006	UCS-CPU-I4510	emc_emissions	verified	ucs-c-series-rack-servers	["47CFR Part 15 (CFR 47) Class A AS/NZS CISPR32 Class A CISPR32 Class A EN55032 Class A ICES003 Class A VCCI-CISPR32 Class A EN61000-3-2 EN61000-3-3 KS C 9832"]	47CFR Part 15 (CFR 47) Class A AS/NZS CISPR32 Class A CISPR32 Class A EN55032 Class A ICES003 Class A VCCI-CISPR32 Class A EN61000-3-2 EN61000-3-3 KS C 9832
155959	81006	UCS-CPU-I4510	emc_immunity	verified	ucs-c-series-rack-servers	["EN55035 EN55024 CISPR24/35 EN300386 KS C 9835 IEC/EN61000-6-1"]	EN55035 EN55024 CISPR24/35 EN300386 KS C 9835 IEC/EN61000-6-1
121537	81129	UCS-CPU-I5512U1	emc_emissions	verified	ucs-c-series-rack-servers	["47CFR Part 15 (CFR 47) Class A AS","NZS CISPR32 Class A CISPR32 Class A EN55032 Class A ICES003 Class A VCCI-CISPR32 Class A EN61000-3-2 EN61000-3-3 KS C 9832 Cla"]	47CFR Part 15 (CFR 47) Class A AS/NZS CISPR32 Class A CISPR32 Class A EN55032 Class A ICES003 Class A VCCI-CISPR32 Class A EN61000-3-2 EN61000-3-3 KS C 9832 Cla
121538	81129	UCS-CPU-I5512U1	emc_immunity	verified	ucs-c-series-rack-servers	["EN55035 EN55024 CISPR24","35 EN300386 KS C 9835 IEC","EN61000-6-1"]	EN55035 EN55024 CISPR24/35 EN300386 KS C 9835 IEC/EN61000-6-1
156322	81105	UCS-CPU-I6517P	emc_immunity	verified	ucs-c-series-rack-servers	["EN55035 EN55024 CISPR24/35 EN300386 KS C 9835 IEC/EN61000-6-1"]	EN55035 EN55024 CISPR24/35 EN300386 KS C 9835 IEC/EN61000-6-1
175097	81105	UCS-CPU-I6517P	emc_emissions	verified	ucs-c-series-rack-servers	["47CFR Part 15 (CFR 47) Class A AS","NZS CISPR32 Class A CISPR32 Class A EN55032 Class A ICES003 Class A VCCI-CISPR32 Class A EN61000-3-2 EN61000-3-3 KS C 9832 Cla","47CFR Part 15 (CFR 47) Class A AS/NZS CISPR32 Class A CISPR32 Class A EN55032 Class A ICES003 Class A VCCI-CISPR32 Class A EN61000-3-2 EN61000-3-3 KS C 9832"]	47CFR Part 15 (CFR 47) Class A AS/NZS CISPR32 Class A CISPR32 Class A EN55032 Class A ICES003 Class A VCCI-CISPR32 Class A EN61000-3-2 EN61000-3-3 KS C 9832 Cla ; 47CFR Part 15 (CFR 47) Class A AS/NZS CISPR32 Class A CISPR32 Class A EN55032 Class A ICES003 Class A VCCI-CISPR32 Class A EN61000-3-2 EN61000-3-3 KS C 9832
173144	81017	UCS-CPU-I6338	altitude_max	verified	compute-hyperconverged	3050	0 m to 3050 m (10,000 ft)
173143	81017	UCS-CPU-I6338	temp_operating	verified	compute-hyperconverged	{"max":35,"min":10}	10°C to 35°C (50°F to 95°F) with no direct sunlight
173145	81017	UCS-CPU-I6338	altitude_storage	verified	compute-hyperconverged	"0 m to 12,000 m (39,370 ft)"	0 m to 12,000 m (39,370 ft)
173146	81017	UCS-CPU-I6338	certifications	verified	compute-hyperconverged	["950-1 No. 21CFR1040","CAN/CSA-C22.2 No. 60950-1","IRAM IEC60950-1"]	950-1 No. 21CFR1040, CAN/CSA-C22.2 No. 60950-1, IRAM IEC60950-1,
121879	81257	UCS-CPU-I4509Y2	emc_emissions	verified	ucs-c-series-rack-servers	["47CFR Part 15 (CFR 47) Class A AS","NZS CISPR32 Class A CISPR32 Class A EN55032 Class A ICES003 Class A VCCI-CISPR32 Class A EN61000-3-2 EN61000-3-3 KS C 9832 Cla"]	47CFR Part 15 (CFR 47) Class A AS/NZS CISPR32 Class A CISPR32 Class A EN55032 Class A ICES003 Class A VCCI-CISPR32 Class A EN61000-3-2 EN61000-3-3 KS C 9832 Cla
121880	81257	UCS-CPU-I4509Y2	emc_immunity	verified	ucs-c-series-rack-servers	["EN55035 EN55024 CISPR24","35 EN300386 KS C 9835 IEC","EN61000-6-1"]	EN55035 EN55024 CISPR24/35 EN300386 KS C 9835 IEC/EN61000-6-1
155210	40029	HCI-CPU-I4310T	emc_emissions	verified	compute-hyperconverged-nutanix	["47CFR Part 15 (CFR 47) Class A AS/NZS CISPR32 Class A CISPR32 Class A EN55032 Class A ICES003 Class A VCCI Class A EN61000-3-2 EN61000-3-3 KN32 Class A CNS13438"]	47CFR Part 15 (CFR 47) Class A AS/NZS CISPR32 Class A CISPR32 Class A EN55032 Class A ICES003 Class A VCCI Class A EN61000-3-2 EN61000-3-3 KN32 Class A CNS13438
93771	40029	HCI-CPU-I4310T	emc_immunity	verified	compute-hyperconverged-nutanix	["EN55024 CISPR24 EN300386 KN35"]	EN55024 CISPR24 EN300386 KN35
173065	40029	HCI-CPU-I4310T	humidity_operating	verified	compute-hyperconverged-nutanix	{"max":90,"min":10}	10% to 90% and 28°C (82.4°F) maximum dew-point temperature,
173066	40029	HCI-CPU-I4310T	humidity_storage	verified	compute-hyperconverged-nutanix	{"max":93,"min":5}	5% to 93% relative humidity, non-condensing, with a maximum
156552	80543	UCS-CPU-A9684X	emc_immunity	verified	ucs-c-series-rack-servers	["EN55035 EN55024 CISPR24/35 EN300386 KS C 9835 IEC/EN61000-6-1"]	EN55035 EN55024 CISPR24/35 EN300386 KS C 9835 IEC/EN61000-6-1
175185	80543	UCS-CPU-A9684X	emc_emissions	verified	ucs-c-series-rack-servers	["47CFR Part 15 (CFR 47) Class A AS","NZS CISPR32 Class A CISPR32 Class A EN55032 Class A ICES003 Class A VCCI-CISPR32 Class A EN61000-3-2 EN61000-3-3 KS C 9832 Cla","47CFR Part 15 (CFR 47) Class A AS/NZS CISPR32 Class A CISPR32 Class A EN55032 Class A ICES003 Class A VCCI-CISPR32 Class A EN61000-3-2 EN61000-3-3 KS C 9832"]	47CFR Part 15 (CFR 47) Class A AS/NZS CISPR32 Class A CISPR32 Class A EN55032 Class A ICES003 Class A VCCI-CISPR32 Class A EN61000-3-2 EN61000-3-3 KS C 9832 Cla ; 47CFR Part 15 (CFR 47) Class A AS/NZS CISPR32 Class A CISPR32 Class A EN55032 Class A ICES003 Class A VCCI-CISPR32 Class A EN61000-3-2 EN61000-3-3 KS C 9832
155704	39901	HCI-CPU-I8460Y+	emc_immunity	verified	hyperconverged-infrastructure	["EN55035 EN55024 CISPR24/35 EN300386 KS C 9835 IEC/EN61000-6-1"]	EN55035 EN55024 CISPR24/35 EN300386 KS C 9835 IEC/EN61000-6-1
174898	39901	HCI-CPU-I8460Y+	emc_emissions	verified	hyperconverged-infrastructure	["47CFR Part 15 (CFR 47) Class A AS","NZS CISPR32 Class A CISPR32 Class A EN55032 Class A ICES003 Class A VCCI-CISPR32 Class A EN61000-3-2 EN61000-3-3 KS C 9832 Cla","47CFR Part 15 (CFR 47) Class A AS/NZS CISPR32 Class A CISPR32 Class A EN55032 Class A ICES003 Class A VCCI-CISPR32 Class A EN61000-3-2 EN61000-3-3 KS C 9832"]	47CFR Part 15 (CFR 47) Class A AS/NZS CISPR32 Class A CISPR32 Class A EN55032 Class A ICES003 Class A VCCI-CISPR32 Class A EN61000-3-2 EN61000-3-3 KS C 9832 Cla ; 47CFR Part 15 (CFR 47) Class A AS/NZS CISPR32 Class A CISPR32 Class A EN55032 Class A ICES003 Class A VCCI-CISPR32 Class A EN61000-3-2 EN61000-3-3 KS C 9832
173296	39901	HCI-CPU-I8460Y+	humidity_operating	verified	hyperconverged-infrastructure	{"max":90,"min":8}	8% to 90% relative humidity, non-condensing, with maximum wet
173297	39901	HCI-CPU-I8460Y+	humidity_storage	verified	hyperconverged-infrastructure	{"max":93,"min":5}	5% to 93% relative humidity, non-condensing, with a maximum
174763	81535	UCS-HD8T7KL4KN	humidity_operating	verified	hyperflex-hx-series	{"max":90,"min":10}	10% to 90% and 28°C (82.4°F) maximum dew-point temperature,
174764	81535	UCS-HD8T7KL4KN	humidity_storage	verified	hyperflex-hx-series	{"max":93,"min":5}	5% to 93% relative humidity, non-condensing, with a maximum
174765	81535	UCS-HD8T7KL4KN	certifications	verified	hyperflex-hx-series	["60950-1 Second Edition"]	60950-1 Second Edition
174766	81535	UCS-HD8T7KL4KN	emc_emissions	verified	hyperflex-hx-series	["47CFR Part 15 (CFR 47) Class A"]	47CFR Part 15 (CFR 47) Class A
121777	81216	UCS-CPU-I45102	emc_emissions	verified	ucs-c-series-rack-servers	["47CFR Part 15 (CFR 47) Class A AS","NZS CISPR32 Class A CISPR32 Class A EN55032 Class A ICES003 Class A VCCI-CISPR32 Class A EN61000-3-2 EN61000-3-3 KS C 9832 Cla"]	47CFR Part 15 (CFR 47) Class A AS/NZS CISPR32 Class A CISPR32 Class A EN55032 Class A ICES003 Class A VCCI-CISPR32 Class A EN61000-3-2 EN61000-3-3 KS C 9832 Cla
121778	81216	UCS-CPU-I45102	emc_immunity	verified	ucs-c-series-rack-servers	["EN55035 EN55024 CISPR24","35 EN300386 KS C 9835 IEC","EN61000-6-1"]	EN55035 EN55024 CISPR24/35 EN300386 KS C 9835 IEC/EN61000-6-1
124260	85292	UCSC-GPU-RTXP60002	emc_emissions	verified	ucs-c-series-rack-servers	["47CFR Part 15 (CFR 47) Class A AS","NZS CISPR32 Class A CISPR32 Class A EN55032 Class A ICES003 Class A VCCI-CISPR32 Class A EN61000-3-2 EN61000-3-3 KS C 9832 Cla"]	47CFR Part 15 (CFR 47) Class A AS/NZS CISPR32 Class A CISPR32 Class A EN55032 Class A ICES003 Class A VCCI-CISPR32 Class A EN61000-3-2 EN61000-3-3 KS C 9832 Cla
124261	85292	UCSC-GPU-RTXP60002	emc_immunity	verified	ucs-c-series-rack-servers	["EN55035 EN55024 CISPR24","35 EN300386 KS C 9835 IEC","EN61000-6-1"]	EN55035 EN55024 CISPR24/35 EN300386 KS C 9835 IEC/EN61000-6-1
157049	87177	UCSX-CPU-I6507P	altitude_storage	verified	ucs-x-series-modular-system	"12,000m"	40,000 ft (12,000m)
155883	41813	HX-CPU-I8351N	emc_emissions	verified	hyperflex-hx-series	["47CFR Part 15 (CFR 47) Class A  AS/NZS CISPR32 Class A  CISPR32 Class A EN55032 Class A  ICES003 Class A  VCCI Class A  EN61000-3-2 EN61000-3-3 KN32"]	47CFR Part 15 (CFR 47) Class A  AS/NZS CISPR32 Class A  CISPR32 Class A EN55032 Class A  ICES003 Class A  VCCI Class A  EN61000-3-2 EN61000-3-3 KN32
155884	41813	HX-CPU-I8351N	emc_immunity	verified	hyperflex-hx-series	["EN55024 CISPR24 EN300386 KN35"]	EN55024 CISPR24 EN300386 KN35
173538	41813	HX-CPU-I8351N	humidity_operating	verified	hyperflex-hx-series	{"max":90,"min":10}	10% to 90% and 28°C (82.4°F) maximum dew-point temperature,
173539	41813	HX-CPU-I8351N	humidity_storage	verified	hyperflex-hx-series	{"max":93,"min":5}	5% to 93% relative humidity, non-condensing, with a maximum
124430	85757	UCSC-P-I8D25GF-D3	emc_emissions	verified	ucs-c-series-rack-servers	["47CFR Part 15 (CFR 47) Class A AS","NZS CISPR32 Class A CISPR32 Class A EN55032 Class A ICES003 Class A VCCI-CISPR32 Class A EN61000-3-2 EN61000-3-3 KS C 9832 Cla"]	47CFR Part 15 (CFR 47) Class A AS/NZS CISPR32 Class A CISPR32 Class A EN55032 Class A ICES003 Class A VCCI-CISPR32 Class A EN61000-3-2 EN61000-3-3 KS C 9832 Cla
124431	85757	UCSC-P-I8D25GF-D3	emc_immunity	verified	ucs-c-series-rack-servers	["EN55035 EN55024 CISPR24","35 EN300386 KS C 9835 IEC","EN61000-6-1"]	EN55035 EN55024 CISPR24/35 EN300386 KS C 9835 IEC/EN61000-6-1
95272	41394	HX-CPU-A7252	emc_immunity	verified	hyperflex-hx-series	["EN55024 CISPR24 EN300386 KN35"]	EN55024 CISPR24 EN300386 KN35
174957	41394	HX-CPU-A7252	emc_emissions	verified	hyperflex-hx-series	["47CFR Part 15 (CFR 47) Class A  AS","NZS CISPR32 Class A  CISPR32 Class A EN55032 Class A  ICES003 Class A  VCCI Class A  EN61000-3-2 EN61000-3-3 KN32 Cla","47CFR Part 15 (CFR 47) Class A  AS/NZS CISPR32 Class A  CISPR32 Class A EN55032 Class A  ICES003 Class A  VCCI Class A  EN61000-3-2 EN61000-3-3 KN32"]	47CFR Part 15 (CFR 47) Class A  AS/NZS CISPR32 Class A  CISPR32 Class A EN55032 Class A  ICES003 Class A  VCCI Class A  EN61000-3-2 EN61000-3-3 KN32 Cla ; 47CFR Part 15 (CFR 47) Class A  AS/NZS CISPR32 Class A  CISPR32 Class A EN55032 Class A  ICES003 Class A  VCCI Class A  EN61000-3-2 EN61000-3-3 KN32
173509	41394	HX-CPU-A7252	humidity_operating	verified	hyperflex-hx-series	{"max":90,"min":10}	10% to 90% and 28°C (82.4°F) maximum dew-point temperature,
173510	41394	HX-CPU-A7252	humidity_storage	verified	hyperflex-hx-series	{"max":93,"min":5}	5% to 93% relative humidity, non-condensing, with a maximum
156014	80984	UCS-CPU-I3408U	emc_emissions	verified	ucs-c-series-rack-servers	["47CFR Part 15 (CFR 47) Class A AS/NZS CISPR32 Class A CISPR32 Class A EN55032 Class A ICES003 Class A VCCI-CISPR32 Class A EN61000-3-2 EN61000-3-3 KS C 9832"]	47CFR Part 15 (CFR 47) Class A AS/NZS CISPR32 Class A CISPR32 Class A EN55032 Class A ICES003 Class A VCCI-CISPR32 Class A EN61000-3-2 EN61000-3-3 KS C 9832
156015	80984	UCS-CPU-I3408U	emc_immunity	verified	ucs-c-series-rack-servers	["EN55035 EN55024 CISPR24/35 EN300386 KS C 9835 IEC/EN61000-6-1"]	EN55035 EN55024 CISPR24/35 EN300386 KS C 9835 IEC/EN61000-6-1
156679	86709	UCSX-CPU-I4510	altitude_storage	verified	ucs-x-series-modular-system	"12,000m"	40,000 ft (12,000m)
174668	85300	UCSC-HSLP-M6	humidity_operating	verified	hyperflex-hx-series	{"max":90,"min":10}	10% to 90% and 28°C (82.4°F) maximum dew-point temperature,
174669	85300	UCSC-HSLP-M6	humidity_storage	verified	hyperflex-hx-series	{"max":93,"min":5}	5% to 93% relative humidity, non-condensing, with a maximum
124263	85300	UCSC-HSLP-M6	emc_immunity	verified	hyperflex-hx-series	["EN55024 CISPR24 EN300386 KN35"]	EN55024 CISPR24 EN300386 KN35
175199	85300	UCSC-HSLP-M6	emc_emissions	verified	hyperflex-hx-series	["47CFR Part 15 (CFR 47) Class A  AS","NZS CISPR32 Class A  CISPR32 Class A EN55032 Class A  ICES003 Class A  VCCI Class A  EN61000-3-2 EN61000-3-3 KN32 Cla","47CFR Part 15 (CFR 47) Class A  AS/NZS CISPR32 Class A  CISPR32 Class A EN55032 Class A  ICES003 Class A  VCCI Class A  EN61000-3-2 EN61000-3-3 KN32"]	47CFR Part 15 (CFR 47) Class A  AS/NZS CISPR32 Class A  CISPR32 Class A EN55032 Class A  ICES003 Class A  VCCI Class A  EN61000-3-2 EN61000-3-3 KN32 Cla ; 47CFR Part 15 (CFR 47) Class A  AS/NZS CISPR32 Class A  CISPR32 Class A EN55032 Class A  ICES003 Class A  VCCI Class A  EN61000-3-2 EN61000-3-3 KN32
142959	82664	UCS-PSU-6332-DC	qos_features	verified	nexus-31128pq-switch	["Layer 2 IEEE 802.1p (Class of Service [CoS]) 8 unicast","8 multicast hardware queues per port Per-port QoS configuration CoS trust Port-based CoS assignment M"]	Layer 2 IEEE 802.1p (Class of Service [CoS]) 8 unicast and 8 multicast hardware queues per port Per-port QoS configuration CoS trust Port-based CoS assignment M
123247	82664	UCS-PSU-6332-DC	emc_emissions	corroborated	servers-unified-computing	["● 47CFR Part 15 (CFR 47) Class A ● AS","NZS CISPR22 Class A ● CISPR22 Class A ● EN55022 Class A ● ICES003 Class A ● VCCI Class A ● EN61000-3-2 ● EN61000-3-3 ● KN2"]	● 47CFR Part 15 (CFR 47) Class A ● AS/NZS CISPR22 Class A ● CISPR22 Class A ● EN55022 Class A ● ICES003 Class A ● VCCI Class A ● EN61000-3-2 ● EN61000-3-3 ● KN2
121411	81068	UCS-CPU-I6414U1	emc_emissions	verified	ucs-c-series-rack-servers	["47CFR Part 15 (CFR 47) Class A AS","NZS CISPR32 Class A CISPR32 Class A EN55032 Class A ICES003 Class A VCCI-CISPR32 Class A EN61000-3-2 EN61000-3-3 KS C 9832 Cla"]	47CFR Part 15 (CFR 47) Class A AS/NZS CISPR32 Class A CISPR32 Class A EN55032 Class A ICES003 Class A VCCI-CISPR32 Class A EN61000-3-2 EN61000-3-3 KS C 9832 Cla
121412	81068	UCS-CPU-I6414U1	emc_immunity	verified	ucs-c-series-rack-servers	["EN55035 EN55024 CISPR24","35 EN300386 KS C 9835 IEC","EN61000-6-1"]	EN55035 EN55024 CISPR24/35 EN300386 KS C 9835 IEC/EN61000-6-1
155996	80863	UCS-CPU-I6421N	emc_emissions	verified	ucs-c-series-rack-servers	["47CFR Part 15 (CFR 47) Class A AS/NZS CISPR32 Class A CISPR32 Class A EN55032 Class A ICES003 Class A VCCI-CISPR32 Class A EN61000-3-2 EN61000-3-3 KS C 9832"]	47CFR Part 15 (CFR 47) Class A AS/NZS CISPR32 Class A CISPR32 Class A EN55032 Class A ICES003 Class A VCCI-CISPR32 Class A EN61000-3-2 EN61000-3-3 KS C 9832
155997	80863	UCS-CPU-I6421N	emc_immunity	verified	ucs-c-series-rack-servers	["EN55035 EN55024 CISPR24/35 EN300386 KS C 9835 IEC/EN61000-6-1"]	EN55035 EN55024 CISPR24/35 EN300386 KS C 9835 IEC/EN61000-6-1
121994	81300	UCS-CPU-I6421N1	emc_emissions	verified	ucs-c-series-rack-servers	["47CFR Part 15 (CFR 47) Class A AS","NZS CISPR32 Class A CISPR32 Class A EN55032 Class A ICES003 Class A VCCI-CISPR32 Class A EN61000-3-2 EN61000-3-3 KS C 9832 Cla"]	47CFR Part 15 (CFR 47) Class A AS/NZS CISPR32 Class A CISPR32 Class A EN55032 Class A ICES003 Class A VCCI-CISPR32 Class A EN61000-3-2 EN61000-3-3 KS C 9832 Cla
121995	81300	UCS-CPU-I6421N1	emc_immunity	verified	ucs-c-series-rack-servers	["EN55035 EN55024 CISPR24","35 EN300386 KS C 9835 IEC","EN61000-6-1"]	EN55035 EN55024 CISPR24/35 EN300386 KS C 9835 IEC/EN61000-6-1
173196	82246	UCS-MR-X32G2RW	altitude_max	verified	compute-hyperconverged	3050	0 m to 3050 m (10,000 ft)
173195	82246	UCS-MR-X32G2RW	temp_operating	verified	compute-hyperconverged	{"max":35,"min":10}	10°C to 35°C (50°F to 95°F) with no direct sunlight
173197	82246	UCS-MR-X32G2RW	altitude_storage	verified	compute-hyperconverged	"0 m to 12,000 m (39,370 ft)"	0 m to 12,000 m (39,370 ft)
173198	82246	UCS-MR-X32G2RW	certifications	verified	compute-hyperconverged	["950-1 No. 21CFR1040","CAN/CSA-C22.2 No. 60950-1","IRAM IEC60950-1"]	950-1 No. 21CFR1040, CAN/CSA-C22.2 No. 60950-1, IRAM IEC60950-1,
156079	82978	UCS-SD19T63X-EP-D	emc_immunity	verified	ucs-c-series-rack-servers	["EN55035 EN55024 CISPR24/35 EN300386 KS C 9835 IEC/EN61000-6-1"]	EN55035 EN55024 CISPR24/35 EN300386 KS C 9835 IEC/EN61000-6-1
175007	82978	UCS-SD19T63X-EP-D	emc_emissions	verified	ucs-c-series-rack-servers	["47CFR Part 15 (CFR 47) Class A AS","NZS CISPR32 Class A CISPR32 Class A EN55032 Class A ICES003 Class A VCCI-CISPR32 Class A EN61000-3-2 EN61000-3-3 KS C 9832 Cla","47CFR Part 15 (CFR 47) Class A AS/NZS CISPR32 Class A CISPR32 Class A EN55032 Class A ICES003 Class A VCCI-CISPR32 Class A EN61000-3-2 EN61000-3-3 KS C 9832"]	47CFR Part 15 (CFR 47) Class A AS/NZS CISPR32 Class A CISPR32 Class A EN55032 Class A ICES003 Class A VCCI-CISPR32 Class A EN61000-3-2 EN61000-3-3 KS C 9832 Cla ; 47CFR Part 15 (CFR 47) Class A AS/NZS CISPR32 Class A CISPR32 Class A EN55032 Class A ICES003 Class A VCCI-CISPR32 Class A EN61000-3-2 EN61000-3-3 KS C 9832
156101	83535	UCS-SD960GBM1XEVD	emc_immunity	verified	ucs-c-series-rack-servers	["EN55035 EN55024 CISPR24/35 EN300386 KS C 9835 IEC/EN61000-6-1"]	EN55035 EN55024 CISPR24/35 EN300386 KS C 9835 IEC/EN61000-6-1
175018	83535	UCS-SD960GBM1XEVD	emc_emissions	verified	ucs-c-series-rack-servers	["47CFR Part 15 (CFR 47) Class A AS","NZS CISPR32 Class A CISPR32 Class A EN55032 Class A ICES003 Class A VCCI-CISPR32 Class A EN61000-3-2 EN61000-3-3 KS C 9832 Cla","47CFR Part 15 (CFR 47) Class A AS/NZS CISPR32 Class A CISPR32 Class A EN55032 Class A ICES003 Class A VCCI-CISPR32 Class A EN61000-3-2 EN61000-3-3 KS C 9832"]	47CFR Part 15 (CFR 47) Class A AS/NZS CISPR32 Class A CISPR32 Class A EN55032 Class A ICES003 Class A VCCI-CISPR32 Class A EN61000-3-2 EN61000-3-3 KS C 9832 Cla ; 47CFR Part 15 (CFR 47) Class A AS/NZS CISPR32 Class A CISPR32 Class A EN55032 Class A ICES003 Class A VCCI-CISPR32 Class A EN61000-3-2 EN61000-3-3 KS C 9832
156354	83255	UCS-SD960GM2NK9-D	emc_immunity	verified	ucs-c-series-rack-servers	["EN55035 EN55024 CISPR24/35 EN300386 KS C 9835 IEC/EN61000-6-1"]	EN55035 EN55024 CISPR24/35 EN300386 KS C 9835 IEC/EN61000-6-1
175109	83255	UCS-SD960GM2NK9-D	emc_emissions	verified	ucs-c-series-rack-servers	["47CFR Part 15 (CFR 47) Class A AS","NZS CISPR32 Class A CISPR32 Class A EN55032 Class A ICES003 Class A VCCI-CISPR32 Class A EN61000-3-2 EN61000-3-3 KS C 9832 Cla","47CFR Part 15 (CFR 47) Class A AS/NZS CISPR32 Class A CISPR32 Class A EN55032 Class A ICES003 Class A VCCI-CISPR32 Class A EN61000-3-2 EN61000-3-3 KS C 9832"]	47CFR Part 15 (CFR 47) Class A AS/NZS CISPR32 Class A CISPR32 Class A EN55032 Class A ICES003 Class A VCCI-CISPR32 Class A EN61000-3-2 EN61000-3-3 KS C 9832 Cla ; 47CFR Part 15 (CFR 47) Class A AS/NZS CISPR32 Class A CISPR32 Class A EN55032 Class A ICES003 Class A VCCI-CISPR32 Class A EN61000-3-2 EN61000-3-3 KS C 9832
121198	80975	UCS-CPU-I8461V1	emc_emissions	verified	ucs-c-series-rack-servers	["47CFR Part 15 (CFR 47) Class A AS","NZS CISPR32 Class A CISPR32 Class A EN55032 Class A ICES003 Class A VCCI-CISPR32 Class A EN61000-3-2 EN61000-3-3 KS C 9832 Cla"]	47CFR Part 15 (CFR 47) Class A AS/NZS CISPR32 Class A CISPR32 Class A EN55032 Class A ICES003 Class A VCCI-CISPR32 Class A EN61000-3-2 EN61000-3-3 KS C 9832 Cla
121199	80975	UCS-CPU-I8461V1	emc_immunity	verified	ucs-c-series-rack-servers	["EN55035 EN55024 CISPR24","35 EN300386 KS C 9835 IEC","EN61000-6-1"]	EN55035 EN55024 CISPR24/35 EN300386 KS C 9835 IEC/EN61000-6-1
121372	81054	UCS-CPU-I8558U1	emc_emissions	verified	ucs-c-series-rack-servers	["47CFR Part 15 (CFR 47) Class A AS","NZS CISPR32 Class A CISPR32 Class A EN55032 Class A ICES003 Class A VCCI-CISPR32 Class A EN61000-3-2 EN61000-3-3 KS C 9832 Cla"]	47CFR Part 15 (CFR 47) Class A AS/NZS CISPR32 Class A CISPR32 Class A EN55032 Class A ICES003 Class A VCCI-CISPR32 Class A EN61000-3-2 EN61000-3-3 KS C 9832 Cla
121373	81054	UCS-CPU-I8558U1	emc_immunity	verified	ucs-c-series-rack-servers	["EN55035 EN55024 CISPR24","35 EN300386 KS C 9835 IEC","EN61000-6-1"]	EN55035 EN55024 CISPR24/35 EN300386 KS C 9835 IEC/EN61000-6-1
155101	39951	HCI-CPU-A9015	emc_immunity	verified	hyperconverged-infrastructure	["EN55035 EN55024 CISPR24/35 EN300386 KS C 9835 IEC/EN61000-6-1"]	EN55035 EN55024 CISPR24/35 EN300386 KS C 9835 IEC/EN61000-6-1
174848	39951	HCI-CPU-A9015	emc_emissions	verified	hyperconverged-infrastructure	["47CFR Part 15 (CFR 47) Class A AS","NZS CISPR32 Class A CISPR32 Class A EN55032 Class A ICES003 Class A VCCI-CISPR32 Class A EN61000-3-2 EN61000-3-3 KS C 9832 Cla","47CFR Part 15 (CFR 47) Class A AS/NZS CISPR32 Class A CISPR32 Class A EN55032 Class A ICES003 Class A VCCI-CISPR32 Class A EN61000-3-2 EN61000-3-3 KS C 9832"]	47CFR Part 15 (CFR 47) Class A AS/NZS CISPR32 Class A CISPR32 Class A EN55032 Class A ICES003 Class A VCCI-CISPR32 Class A EN61000-3-2 EN61000-3-3 KS C 9832 Cla ; 47CFR Part 15 (CFR 47) Class A AS/NZS CISPR32 Class A CISPR32 Class A EN55032 Class A ICES003 Class A VCCI-CISPR32 Class A EN61000-3-2 EN61000-3-3 KS C 9832
172976	39951	HCI-CPU-A9015	humidity_operating	verified	hyperconverged-infrastructure	{"max":90,"min":8}	8% to 90% relative humidity, non-condensing, with maximum wet
172977	39951	HCI-CPU-A9015	humidity_storage	verified	hyperconverged-infrastructure	{"max":93,"min":5}	5% to 93% relative humidity, non-condensing, with a maximum
155093	40139	HCI-CPU-A9365	emc_immunity	verified	hyperconverged-infrastructure	["EN55035 EN55024 CISPR24/35 EN300386 KS C 9835 IEC/EN61000-6-1"]	EN55035 EN55024 CISPR24/35 EN300386 KS C 9835 IEC/EN61000-6-1
174846	40139	HCI-CPU-A9365	emc_emissions	verified	hyperconverged-infrastructure	["47CFR Part 15 (CFR 47) Class A AS","NZS CISPR32 Class A CISPR32 Class A EN55032 Class A ICES003 Class A VCCI-CISPR32 Class A EN61000-3-2 EN61000-3-3 KS C 9832 Cla","47CFR Part 15 (CFR 47) Class A AS/NZS CISPR32 Class A CISPR32 Class A EN55032 Class A ICES003 Class A VCCI-CISPR32 Class A EN61000-3-2 EN61000-3-3 KS C 9832"]	47CFR Part 15 (CFR 47) Class A AS/NZS CISPR32 Class A CISPR32 Class A EN55032 Class A ICES003 Class A VCCI-CISPR32 Class A EN61000-3-2 EN61000-3-3 KS C 9832 Cla ; 47CFR Part 15 (CFR 47) Class A AS/NZS CISPR32 Class A CISPR32 Class A EN55032 Class A ICES003 Class A VCCI-CISPR32 Class A EN61000-3-2 EN61000-3-3 KS C 9832
172970	40139	HCI-CPU-A9365	humidity_operating	verified	hyperconverged-infrastructure	{"max":90,"min":8}	8% to 90% relative humidity, non-condensing, with maximum wet
172971	40139	HCI-CPU-A9365	humidity_storage	verified	hyperconverged-infrastructure	{"max":93,"min":5}	5% to 93% relative humidity, non-condensing, with a maximum
173204	82062	UCS-ML-128G4RW	altitude_max	verified	compute-hyperconverged	3050	0 m to 3050 m (10,000 ft)
173203	82062	UCS-ML-128G4RW	temp_operating	verified	compute-hyperconverged	{"max":35,"min":10}	10°C to 35°C (50°F to 95°F) with no direct sunlight
173205	82062	UCS-ML-128G4RW	altitude_storage	verified	compute-hyperconverged	"0 m to 12,000 m (39,370 ft)"	0 m to 12,000 m (39,370 ft)
173206	82062	UCS-ML-128G4RW	certifications	verified	compute-hyperconverged	["950-1 No. 21CFR1040","CAN/CSA-C22.2 No. 60950-1","IRAM IEC60950-1"]	950-1 No. 21CFR1040, CAN/CSA-C22.2 No. 60950-1, IRAM IEC60950-1,
93549	39927	HCI-CPU-A96552	emc_emissions	verified	hyperconverged-infrastructure	["47CFR Part 15 (CFR 47) Class A AS","NZS CISPR32 Class A CISPR32 Class A EN55032 Class A ICES003 Class A VCCI-CISPR32 Class A EN61000-3-2 EN61000-3-3 KS C 9832 Cla"]	47CFR Part 15 (CFR 47) Class A AS/NZS CISPR32 Class A CISPR32 Class A EN55032 Class A ICES003 Class A VCCI-CISPR32 Class A EN61000-3-2 EN61000-3-3 KS C 9832 Cla
93550	39927	HCI-CPU-A96552	emc_immunity	verified	hyperconverged-infrastructure	["EN55035 EN55024 CISPR24","35 EN300386 KS C 9835 IEC","EN61000-6-1"]	EN55035 EN55024 CISPR24/35 EN300386 KS C 9835 IEC/EN61000-6-1
155212	40077	HCI-CPU-I4310	emc_emissions	verified	compute-hyperconverged-nutanix	["47CFR Part 15 (CFR 47) Class A AS/NZS CISPR32 Class A CISPR32 Class A EN55032 Class A ICES003 Class A VCCI Class A EN61000-3-2 EN61000-3-3 KN32 Class A CNS13438"]	47CFR Part 15 (CFR 47) Class A AS/NZS CISPR32 Class A CISPR32 Class A EN55032 Class A ICES003 Class A VCCI Class A EN61000-3-2 EN61000-3-3 KN32 Class A CNS13438
93876	40077	HCI-CPU-I4310	emc_immunity	verified	compute-hyperconverged-nutanix	["EN55024 CISPR24 EN300386 KN35"]	EN55024 CISPR24 EN300386 KN35
173067	40077	HCI-CPU-I4310	humidity_operating	verified	compute-hyperconverged-nutanix	{"max":90,"min":10}	10% to 90% and 28°C (82.4°F) maximum dew-point temperature,
173068	40077	HCI-CPU-I4310	humidity_storage	verified	compute-hyperconverged-nutanix	{"max":93,"min":5}	5% to 93% relative humidity, non-condensing, with a maximum
155206	39929	HCI-CPU-I4316	emc_emissions	verified	compute-hyperconverged-nutanix	["47CFR Part 15 (CFR 47) Class A AS/NZS CISPR32 Class A CISPR32 Class A EN55032 Class A ICES003 Class A VCCI Class A EN61000-3-2 EN61000-3-3 KN32 Class A CNS13438"]	47CFR Part 15 (CFR 47) Class A AS/NZS CISPR32 Class A CISPR32 Class A EN55032 Class A ICES003 Class A VCCI Class A EN61000-3-2 EN61000-3-3 KN32 Class A CNS13438
93557	39929	HCI-CPU-I4316	emc_immunity	verified	compute-hyperconverged-nutanix	["EN55024 CISPR24 EN300386 KN35"]	EN55024 CISPR24 EN300386 KN35
173061	39929	HCI-CPU-I4316	humidity_operating	verified	compute-hyperconverged-nutanix	{"max":90,"min":10}	10% to 90% and 28°C (82.4°F) maximum dew-point temperature,
173062	39929	HCI-CPU-I4316	humidity_storage	verified	compute-hyperconverged-nutanix	{"max":93,"min":5}	5% to 93% relative humidity, non-condensing, with a maximum
155202	40147	HCI-CPU-I5317	emc_emissions	verified	compute-hyperconverged-nutanix	["47CFR Part 15 (CFR 47) Class A AS/NZS CISPR32 Class A CISPR32 Class A EN55032 Class A ICES003 Class A VCCI Class A EN61000-3-2 EN61000-3-3 KN32 Class A CNS13438"]	47CFR Part 15 (CFR 47) Class A AS/NZS CISPR32 Class A CISPR32 Class A EN55032 Class A ICES003 Class A VCCI Class A EN61000-3-2 EN61000-3-3 KN32 Class A CNS13438
94038	40147	HCI-CPU-I5317	emc_immunity	verified	compute-hyperconverged-nutanix	["EN55024 CISPR24 EN300386 KN35"]	EN55024 CISPR24 EN300386 KN35
173057	40147	HCI-CPU-I5317	humidity_operating	verified	compute-hyperconverged-nutanix	{"max":90,"min":10}	10% to 90% and 28°C (82.4°F) maximum dew-point temperature,
173058	40147	HCI-CPU-I5317	humidity_storage	verified	compute-hyperconverged-nutanix	{"max":93,"min":5}	5% to 93% relative humidity, non-condensing, with a maximum
94044	40148	HCI-CPU-I6312U4	emc_emissions	verified	compute-hyperconverged-nutanix	["47CFR Part 15 (CFR 47) Class A AS","NZS CISPR32 Class A CISPR32 Class A EN55032 Class A ICES003 Class A VCCI Class A EN61000-3-2 EN61000-3-3 KN32 Class A CNS13438"]	47CFR Part 15 (CFR 47) Class A AS/NZS CISPR32 Class A CISPR32 Class A EN55032 Class A ICES003 Class A VCCI Class A EN61000-3-2 EN61000-3-3 KN32 Class A CNS13438
94045	40148	HCI-CPU-I6312U4	emc_immunity	verified	compute-hyperconverged-nutanix	["EN55024 CISPR24 EN300386 KN35"]	EN55024 CISPR24 EN300386 KN35
93623	39959	HCI-CPU-I6314U3	emc_emissions	verified	compute-hyperconverged-nutanix	["47CFR Part 15 (CFR 47) Class A AS","NZS CISPR32 Class A CISPR32 Class A EN55032 Class A ICES003 Class A VCCI Class A EN61000-3-2 EN61000-3-3 KN32 Class A CNS13438"]	47CFR Part 15 (CFR 47) Class A AS/NZS CISPR32 Class A CISPR32 Class A EN55032 Class A ICES003 Class A VCCI Class A EN61000-3-2 EN61000-3-3 KN32 Class A CNS13438
93624	39959	HCI-CPU-I6314U3	emc_immunity	verified	compute-hyperconverged-nutanix	["EN55024 CISPR24 EN300386 KN35"]	EN55024 CISPR24 EN300386 KN35
155188	39809	HCI-CPU-I6330N	emc_emissions	verified	compute-hyperconverged-nutanix	["47CFR Part 15 (CFR 47) Class A AS/NZS CISPR32 Class A CISPR32 Class A EN55032 Class A ICES003 Class A VCCI Class A EN61000-3-2 EN61000-3-3 KN32 Class A CNS13438"]	47CFR Part 15 (CFR 47) Class A AS/NZS CISPR32 Class A CISPR32 Class A EN55032 Class A ICES003 Class A VCCI Class A EN61000-3-2 EN61000-3-3 KN32 Class A CNS13438
93346	39809	HCI-CPU-I6330N	emc_immunity	verified	compute-hyperconverged-nutanix	["EN55024 CISPR24 EN300386 KN35"]	EN55024 CISPR24 EN300386 KN35
173043	39809	HCI-CPU-I6330N	humidity_operating	verified	compute-hyperconverged-nutanix	{"max":90,"min":10}	10% to 90% and 28°C (82.4°F) maximum dew-point temperature,
173044	39809	HCI-CPU-I6330N	humidity_storage	verified	compute-hyperconverged-nutanix	{"max":93,"min":5}	5% to 93% relative humidity, non-condensing, with a maximum
155186	39840	HCI-CPU-I6334	emc_emissions	verified	compute-hyperconverged-nutanix	["47CFR Part 15 (CFR 47) Class A AS/NZS CISPR32 Class A CISPR32 Class A EN55032 Class A ICES003 Class A VCCI Class A EN61000-3-2 EN61000-3-3 KN32 Class A CNS13438"]	47CFR Part 15 (CFR 47) Class A AS/NZS CISPR32 Class A CISPR32 Class A EN55032 Class A ICES003 Class A VCCI Class A EN61000-3-2 EN61000-3-3 KN32 Class A CNS13438
93392	39840	HCI-CPU-I6334	emc_immunity	verified	compute-hyperconverged-nutanix	["EN55024 CISPR24 EN300386 KN35"]	EN55024 CISPR24 EN300386 KN35
173041	39840	HCI-CPU-I6334	humidity_operating	verified	compute-hyperconverged-nutanix	{"max":90,"min":10}	10% to 90% and 28°C (82.4°F) maximum dew-point temperature,
173042	39840	HCI-CPU-I6334	humidity_storage	verified	compute-hyperconverged-nutanix	{"max":93,"min":5}	5% to 93% relative humidity, non-condensing, with a maximum
155182	40081	HCI-CPU-I6338	emc_emissions	verified	compute-hyperconverged-nutanix	["47CFR Part 15 (CFR 47) Class A AS/NZS CISPR32 Class A CISPR32 Class A EN55032 Class A ICES003 Class A VCCI Class A EN61000-3-2 EN61000-3-3 KN32 Class A CNS13438"]	47CFR Part 15 (CFR 47) Class A AS/NZS CISPR32 Class A CISPR32 Class A EN55032 Class A ICES003 Class A VCCI Class A EN61000-3-2 EN61000-3-3 KN32 Class A CNS13438
93899	40081	HCI-CPU-I6338	emc_immunity	verified	compute-hyperconverged-nutanix	["EN55024 CISPR24 EN300386 KN35"]	EN55024 CISPR24 EN300386 KN35
173037	40081	HCI-CPU-I6338	humidity_operating	verified	compute-hyperconverged-nutanix	{"max":90,"min":10}	10% to 90% and 28°C (82.4°F) maximum dew-point temperature,
173038	40081	HCI-CPU-I6338	humidity_storage	verified	compute-hyperconverged-nutanix	{"max":93,"min":5}	5% to 93% relative humidity, non-condensing, with a maximum
155174	39960	HCI-CPU-I6346	emc_emissions	verified	compute-hyperconverged-nutanix	["47CFR Part 15 (CFR 47) Class A AS/NZS CISPR32 Class A CISPR32 Class A EN55032 Class A ICES003 Class A VCCI Class A EN61000-3-2 EN61000-3-3 KN32 Class A CNS13438"]	47CFR Part 15 (CFR 47) Class A AS/NZS CISPR32 Class A CISPR32 Class A EN55032 Class A ICES003 Class A VCCI Class A EN61000-3-2 EN61000-3-3 KN32 Class A CNS13438
93631	39960	HCI-CPU-I6346	emc_immunity	verified	compute-hyperconverged-nutanix	["EN55024 CISPR24 EN300386 KN35"]	EN55024 CISPR24 EN300386 KN35
173029	39960	HCI-CPU-I6346	humidity_operating	verified	compute-hyperconverged-nutanix	{"max":90,"min":10}	10% to 90% and 28°C (82.4°F) maximum dew-point temperature,
173030	39960	HCI-CPU-I6346	humidity_storage	verified	compute-hyperconverged-nutanix	{"max":93,"min":5}	5% to 93% relative humidity, non-condensing, with a maximum
93909	40083	HCI-CPU-I6421N1	emc_emissions	verified	hyperconverged-infrastructure	["47CFR Part 15 (CFR 47) Class A AS","NZS CISPR32 Class A CISPR32 Class A EN55032 Class A ICES003 Class A VCCI-CISPR32 Class A EN61000-3-2 EN61000-3-3 KS C 9832 Cla"]	47CFR Part 15 (CFR 47) Class A AS/NZS CISPR32 Class A CISPR32 Class A EN55032 Class A ICES003 Class A VCCI-CISPR32 Class A EN61000-3-2 EN61000-3-3 KS C 9832 Cla
93910	40083	HCI-CPU-I6421N1	emc_immunity	verified	hyperconverged-infrastructure	["EN55035 EN55024 CISPR24","35 EN300386 KS C 9835 IEC","EN61000-6-1"]	EN55035 EN55024 CISPR24/35 EN300386 KS C 9835 IEC/EN61000-6-1
155720	40183	HCI-CPU-I6434	emc_immunity	verified	hyperconverged-infrastructure	["EN55035 EN55024 CISPR24/35 EN300386 KS C 9835 IEC/EN61000-6-1"]	EN55035 EN55024 CISPR24/35 EN300386 KS C 9835 IEC/EN61000-6-1
174902	40183	HCI-CPU-I6434	emc_emissions	verified	hyperconverged-infrastructure	["47CFR Part 15 (CFR 47) Class A AS","NZS CISPR32 Class A CISPR32 Class A EN55032 Class A ICES003 Class A VCCI-CISPR32 Class A EN61000-3-2 EN61000-3-3 KS C 9832 Cla","47CFR Part 15 (CFR 47) Class A AS/NZS CISPR32 Class A CISPR32 Class A EN55032 Class A ICES003 Class A VCCI-CISPR32 Class A EN61000-3-2 EN61000-3-3 KS C 9832"]	47CFR Part 15 (CFR 47) Class A AS/NZS CISPR32 Class A CISPR32 Class A EN55032 Class A ICES003 Class A VCCI-CISPR32 Class A EN61000-3-2 EN61000-3-3 KS C 9832 Cla ; 47CFR Part 15 (CFR 47) Class A AS/NZS CISPR32 Class A CISPR32 Class A EN55032 Class A ICES003 Class A VCCI-CISPR32 Class A EN61000-3-2 EN61000-3-3 KS C 9832
173308	40183	HCI-CPU-I6434	humidity_operating	verified	hyperconverged-infrastructure	{"max":90,"min":8}	8% to 90% relative humidity, non-condensing, with maximum wet
173309	40183	HCI-CPU-I6434	humidity_storage	verified	hyperconverged-infrastructure	{"max":93,"min":5}	5% to 93% relative humidity, non-condensing, with a maximum
155712	40011	HCI-CPU-I6438Y+	emc_immunity	verified	hyperconverged-infrastructure	["EN55035 EN55024 CISPR24/35 EN300386 KS C 9835 IEC/EN61000-6-1"]	EN55035 EN55024 CISPR24/35 EN300386 KS C 9835 IEC/EN61000-6-1
174900	40011	HCI-CPU-I6438Y+	emc_emissions	verified	hyperconverged-infrastructure	["47CFR Part 15 (CFR 47) Class A AS","NZS CISPR32 Class A CISPR32 Class A EN55032 Class A ICES003 Class A VCCI-CISPR32 Class A EN61000-3-2 EN61000-3-3 KS C 9832 Cla","47CFR Part 15 (CFR 47) Class A AS/NZS CISPR32 Class A CISPR32 Class A EN55032 Class A ICES003 Class A VCCI-CISPR32 Class A EN61000-3-2 EN61000-3-3 KS C 9832"]	47CFR Part 15 (CFR 47) Class A AS/NZS CISPR32 Class A CISPR32 Class A EN55032 Class A ICES003 Class A VCCI-CISPR32 Class A EN61000-3-2 EN61000-3-3 KS C 9832 Cla ; 47CFR Part 15 (CFR 47) Class A AS/NZS CISPR32 Class A CISPR32 Class A EN55032 Class A ICES003 Class A VCCI-CISPR32 Class A EN61000-3-2 EN61000-3-3 KS C 9832
173302	40011	HCI-CPU-I6438Y+	humidity_operating	verified	hyperconverged-infrastructure	{"max":90,"min":8}	8% to 90% relative humidity, non-condensing, with maximum wet
173303	40011	HCI-CPU-I6438Y+	humidity_storage	verified	hyperconverged-infrastructure	{"max":93,"min":5}	5% to 93% relative humidity, non-condensing, with a maximum
155493	39810	HCI-CPU-I6505P	emc_immunity	verified	compute-hyperconverged	["EN55035 EN55024 CISPR24/35 EN300386 KS C 9835 IEC/EN61000-6-1"]	EN55035 EN55024 CISPR24/35 EN300386 KS C 9835 IEC/EN61000-6-1
174879	39810	HCI-CPU-I6505P	emc_emissions	verified	compute-hyperconverged	["47CFR Part 15 (CFR 47) Class A AS","NZS CISPR32 Class A CISPR32 Class A EN55032 Class A ICES003 Class A VCCI-CISPR32 Class A EN61000-3-2 EN61000-3-3 KS C 9832 Cla","47CFR Part 15 (CFR 47) Class A AS/NZS CISPR32 Class A CISPR32 Class A EN55032 Class A ICES003 Class A VCCI-CISPR32 Class A EN61000-3-2 EN61000-3-3 KS C 9832"]	47CFR Part 15 (CFR 47) Class A AS/NZS CISPR32 Class A CISPR32 Class A EN55032 Class A ICES003 Class A VCCI-CISPR32 Class A EN61000-3-2 EN61000-3-3 KS C 9832 Cla ; 47CFR Part 15 (CFR 47) Class A AS/NZS CISPR32 Class A CISPR32 Class A EN55032 Class A ICES003 Class A VCCI-CISPR32 Class A EN61000-3-2 EN61000-3-3 KS C 9832
155457	39873	HCI-CPU-I6737P	emc_immunity	verified	compute-hyperconverged	["EN55035 EN55024 CISPR24/35 EN300386 KS C 9835 IEC/EN61000-6-1"]	EN55035 EN55024 CISPR24/35 EN300386 KS C 9835 IEC/EN61000-6-1
174870	39873	HCI-CPU-I6737P	emc_emissions	verified	compute-hyperconverged	["47CFR Part 15 (CFR 47) Class A AS","NZS CISPR32 Class A CISPR32 Class A EN55032 Class A ICES003 Class A VCCI-CISPR32 Class A EN61000-3-2 EN61000-3-3 KS C 9832 Cla","47CFR Part 15 (CFR 47) Class A AS/NZS CISPR32 Class A CISPR32 Class A EN55032 Class A ICES003 Class A VCCI-CISPR32 Class A EN61000-3-2 EN61000-3-3 KS C 9832"]	47CFR Part 15 (CFR 47) Class A AS/NZS CISPR32 Class A CISPR32 Class A EN55032 Class A ICES003 Class A VCCI-CISPR32 Class A EN61000-3-2 EN61000-3-3 KS C 9832 Cla ; 47CFR Part 15 (CFR 47) Class A AS/NZS CISPR32 Class A CISPR32 Class A EN55032 Class A ICES003 Class A VCCI-CISPR32 Class A EN61000-3-2 EN61000-3-3 KS C 9832
157324	40247	HCI-GPU-H100-NVL	emc_immunity	verified	compute-hyperconverged	["EN55035 EN55024 CISPR24/35 EN300386 KS C 9835 IEC/EN61000-6-1"]	EN55035 EN55024 CISPR24/35 EN300386 KS C 9835 IEC/EN61000-6-1
175195	40247	HCI-GPU-H100-NVL	emc_emissions	verified	compute-hyperconverged	["47CFR Part 15 (CFR 47) Class A AS","NZS CISPR32 Class A CISPR32 Class A EN55032 Class A ICES003 Class A VCCI-CISPR32 Class A EN61000-3-2 EN61000-3-3 KS C 9832 Cla","47CFR Part 15 (CFR 47) Class A AS/NZS CISPR32 Class A CISPR32 Class A EN55032 Class A ICES003 Class A VCCI-CISPR32 Class A EN61000-3-2 EN61000-3-3 KS C 9832"]	47CFR Part 15 (CFR 47) Class A AS/NZS CISPR32 Class A CISPR32 Class A EN55032 Class A ICES003 Class A VCCI-CISPR32 Class A EN61000-3-2 EN61000-3-3 KS C 9832 Cla ; 47CFR Part 15 (CFR 47) Class A AS/NZS CISPR32 Class A CISPR32 Class A EN55032 Class A ICES003 Class A VCCI-CISPR32 Class A EN61000-3-2 EN61000-3-3 KS C 9832
155138	39992	HCI-GPU-L4	emc_immunity	verified	hyperconverged-infrastructure	["EN55035 EN55024 CISPR24/35 EN300386 KS C 9835 IEC/EN61000-6-1"]	EN55035 EN55024 CISPR24/35 EN300386 KS C 9835 IEC/EN61000-6-1
174862	39992	HCI-GPU-L4	emc_emissions	verified	hyperconverged-infrastructure	["47CFR Part 15 (CFR 47) Class A AS","NZS CISPR32 Class A CISPR32 Class A EN55032 Class A ICES003 Class A VCCI-CISPR32 Class A EN61000-3-2 EN61000-3-3 KS C 9832 Cla","47CFR Part 15 (CFR 47) Class A AS/NZS CISPR32 Class A CISPR32 Class A EN55032 Class A ICES003 Class A VCCI-CISPR32 Class A EN61000-3-2 EN61000-3-3 KS C 9832"]	47CFR Part 15 (CFR 47) Class A AS/NZS CISPR32 Class A CISPR32 Class A EN55032 Class A ICES003 Class A VCCI-CISPR32 Class A EN61000-3-2 EN61000-3-3 KS C 9832 Cla ; 47CFR Part 15 (CFR 47) Class A AS/NZS CISPR32 Class A CISPR32 Class A EN55032 Class A ICES003 Class A VCCI-CISPR32 Class A EN61000-3-2 EN61000-3-3 KS C 9832
173018	39992	HCI-GPU-L4	humidity_operating	verified	hyperconverged-infrastructure	{"max":90,"min":8}	8% to 90% relative humidity, non-condensing, with maximum wet
173019	39992	HCI-GPU-L4	humidity_storage	verified	hyperconverged-infrastructure	{"max":93,"min":5}	5% to 93% relative humidity, non-condensing, with a maximum
155527	39970	HCI-GPU-L40S	emc_immunity	verified	compute-hyperconverged	["EN55035 EN55024 CISPR24/35 EN300386 KS C 9835 IEC/EN61000-6-1"]	EN55035 EN55024 CISPR24/35 EN300386 KS C 9835 IEC/EN61000-6-1
174893	39970	HCI-GPU-L40S	emc_emissions	verified	compute-hyperconverged	["47CFR Part 15 (CFR 47) Class A AS","NZS CISPR32 Class A CISPR32 Class A EN55032 Class A ICES003 Class A VCCI-CISPR32 Class A EN61000-3-2 EN61000-3-3 KS C 9832 Cla","47CFR Part 15 (CFR 47) Class A AS/NZS CISPR32 Class A CISPR32 Class A EN55032 Class A ICES003 Class A VCCI-CISPR32 Class A EN61000-3-2 EN61000-3-3 KS C 9832"]	47CFR Part 15 (CFR 47) Class A AS/NZS CISPR32 Class A CISPR32 Class A EN55032 Class A ICES003 Class A VCCI-CISPR32 Class A EN61000-3-2 EN61000-3-3 KS C 9832 Cla ; 47CFR Part 15 (CFR 47) Class A AS/NZS CISPR32 Class A CISPR32 Class A EN55032 Class A ICES003 Class A VCCI-CISPR32 Class A EN61000-3-2 EN61000-3-3 KS C 9832
156073	81324	UCS-HD18TB10KJ4-D	emc_immunity	verified	ucs-c-series-rack-servers	["EN55035 EN55024 CISPR24/35 EN300386 KS C 9835 IEC/EN61000-6-1"]	EN55035 EN55024 CISPR24/35 EN300386 KS C 9835 IEC/EN61000-6-1
175004	81324	UCS-HD18TB10KJ4-D	emc_emissions	verified	ucs-c-series-rack-servers	["47CFR Part 15 (CFR 47) Class A AS","NZS CISPR32 Class A CISPR32 Class A EN55032 Class A ICES003 Class A VCCI-CISPR32 Class A EN61000-3-2 EN61000-3-3 KS C 9832 Cla","47CFR Part 15 (CFR 47) Class A AS/NZS CISPR32 Class A CISPR32 Class A EN55032 Class A ICES003 Class A VCCI-CISPR32 Class A EN61000-3-2 EN61000-3-3 KS C 9832"]	47CFR Part 15 (CFR 47) Class A AS/NZS CISPR32 Class A CISPR32 Class A EN55032 Class A ICES003 Class A VCCI-CISPR32 Class A EN61000-3-2 EN61000-3-3 KS C 9832 Cla ; 47CFR Part 15 (CFR 47) Class A AS/NZS CISPR32 Class A CISPR32 Class A EN55032 Class A ICES003 Class A VCCI-CISPR32 Class A EN61000-3-2 EN61000-3-3 KS C 9832
124441	85779	UCSC-P-I8Q25GF-D3	emc_emissions	verified	ucs-c-series-rack-servers	["47CFR Part 15 (CFR 47) Class A AS","NZS CISPR32 Class A CISPR32 Class A EN55032 Class A ICES003 Class A VCCI-CISPR32 Class A EN61000-3-2 EN61000-3-3 KS C 9832 Cla"]	47CFR Part 15 (CFR 47) Class A AS/NZS CISPR32 Class A CISPR32 Class A EN55032 Class A ICES003 Class A VCCI-CISPR32 Class A EN61000-3-2 EN61000-3-3 KS C 9832 Cla
124442	85779	UCSC-P-I8Q25GF-D3	emc_immunity	verified	ucs-c-series-rack-servers	["EN55035 EN55024 CISPR24","35 EN300386 KS C 9835 IEC","EN61000-6-1"]	EN55035 EN55024 CISPR24/35 EN300386 KS C 9835 IEC/EN61000-6-1
124478	85839	UCSC-P-N3140H6	emc_emissions	verified	ucs-c-series-rack-servers	["47CFR Part 15 (CFR 47) Class A AS","NZS CISPR32 Class A CISPR32 Class A EN55032 Class A ICES003 Class A VCCI-CISPR32 Class A EN61000-3-2 EN61000-3-3 KS C 9832 Cla"]	47CFR Part 15 (CFR 47) Class A AS/NZS CISPR32 Class A CISPR32 Class A EN55032 Class A ICES003 Class A VCCI-CISPR32 Class A EN61000-3-2 EN61000-3-3 KS C 9832 Cla
124479	85839	UCSC-P-N3140H6	emc_immunity	verified	ucs-c-series-rack-servers	["EN55035 EN55024 CISPR24","35 EN300386 KS C 9835 IEC","EN61000-6-1"]	EN55035 EN55024 CISPR24/35 EN300386 KS C 9835 IEC/EN61000-6-1
124460	85804	UCSC-P-N7S400GFO5	emc_emissions	verified	ucs-c-series-rack-servers	["47CFR Part 15 (CFR 47) Class A AS","NZS CISPR32 Class A CISPR32 Class A EN55032 Class A ICES003 Class A VCCI-CISPR32 Class A EN61000-3-2 EN61000-3-3 KS C 9832 Cla"]	47CFR Part 15 (CFR 47) Class A AS/NZS CISPR32 Class A CISPR32 Class A EN55032 Class A ICES003 Class A VCCI-CISPR32 Class A EN61000-3-2 EN61000-3-3 KS C 9832 Cla
124461	85804	UCSC-P-N7S400GFO5	emc_immunity	verified	ucs-c-series-rack-servers	["EN55035 EN55024 CISPR24","35 EN300386 KS C 9835 IEC","EN61000-6-1"]	EN55035 EN55024 CISPR24/35 EN300386 KS C 9835 IEC/EN61000-6-1
156370	85527	UCSC-P-NC3220L	emc_immunity	corroborated	ucs-c-series-rack-servers	["EN55035 EN55024 CISPR24/35 EN300386 KS C 9835 IEC/EN61000-6-1"]	EN55035 EN55024 CISPR24/35 EN300386 KS C 9835 IEC/EN61000-6-1
124352	85581	UCSC-P-NC3220L3	emc_emissions	verified	ucs-c-series-rack-servers	["47CFR Part 15 (CFR 47) Class A AS","NZS CISPR32 Class A CISPR32 Class A EN55032 Class A ICES003 Class A VCCI-CISPR32 Class A EN61000-3-2 EN61000-3-3 KS C 9832 Cla"]	47CFR Part 15 (CFR 47) Class A AS/NZS CISPR32 Class A CISPR32 Class A EN55032 Class A ICES003 Class A VCCI-CISPR32 Class A EN61000-3-2 EN61000-3-3 KS C 9832 Cla
124353	85581	UCSC-P-NC3220L3	emc_immunity	verified	ucs-c-series-rack-servers	["EN55035 EN55024 CISPR24","35 EN300386 KS C 9835 IEC","EN61000-6-1"]	EN55035 EN55024 CISPR24/35 EN300386 KS C 9835 IEC/EN61000-6-1
156376	85552	UCSC-P-Q7D64GF	emc_immunity	corroborated	ucs-c-series-rack-servers	["EN55035 EN55024 CISPR24/35 EN300386 KS C 9835 IEC/EN61000-6-1"]	EN55035 EN55024 CISPR24/35 EN300386 KS C 9835 IEC/EN61000-6-1
156158	85785	UCSC-P-V5D200G-D	emc_immunity	verified	ucs-c-series-rack-servers	["EN55035 EN55024 CISPR24/35 EN300386 KS C 9835 IEC/EN61000-6-1"]	EN55035 EN55024 CISPR24/35 EN300386 KS C 9835 IEC/EN61000-6-1
175042	85785	UCSC-P-V5D200G-D	emc_emissions	verified	ucs-c-series-rack-servers	["47CFR Part 15 (CFR 47) Class A AS","NZS CISPR32 Class A CISPR32 Class A EN55032 Class A ICES003 Class A VCCI-CISPR32 Class A EN61000-3-2 EN61000-3-3 KS C 9832 Cla","47CFR Part 15 (CFR 47) Class A AS/NZS CISPR32 Class A CISPR32 Class A EN55032 Class A ICES003 Class A VCCI-CISPR32 Class A EN61000-3-2 EN61000-3-3 KS C 9832"]	47CFR Part 15 (CFR 47) Class A AS/NZS CISPR32 Class A CISPR32 Class A EN55032 Class A ICES003 Class A VCCI-CISPR32 Class A EN61000-3-2 EN61000-3-3 KS C 9832 Cla ; 47CFR Part 15 (CFR 47) Class A AS/NZS CISPR32 Class A CISPR32 Class A EN55032 Class A ICES003 Class A VCCI-CISPR32 Class A EN61000-3-2 EN61000-3-3 KS C 9832
173392	42248	HX-MR-X32G2RT-H	humidity_operating	verified	hyperflex-hx-series	{"max":90,"min":10}	10% to 90% and 28°C (82.4°F) maximum dew-point temperature,
173393	42248	HX-MR-X32G2RT-H	humidity_storage	verified	hyperflex-hx-series	{"max":93,"min":5}	5% to 93% relative humidity, non-condensing, with a maximum
173395	42248	HX-MR-X32G2RT-H	emc_emissions	verified	hyperflex-hx-series	["47CFR Part 15 (CFR 47) Class A"]	47CFR Part 15 (CFR 47) Class A
173394	42248	HX-MR-X32G2RT-H	certifications	verified	hyperflex-hx-series	["60950-1 Second Edition"]	60950-1 Second Edition
155274	40750	HCIX-CPU-I8468	temp_storage	verified	compute-hyperconverged-nutanix	{"max":65,"min":-40}	-40° to 149°F (–40° to 65°C)
155275	40750	HCIX-CPU-I8468	humidity_storage	verified	compute-hyperconverged-nutanix	{"max":93,"min":5}	5% to 93% noncondensing
155277	40750	HCIX-CPU-I8468	altitude_storage	verified	compute-hyperconverged-nutanix	"12,000m"	40,000 ft (12,000m)
94653	40750	HCIX-CPU-I8468	temp_operating	verified	compute-hyperconverged-nutanix	{"max":35,"min":10}	50° to 95°F (10° to 35°C)
94655	40750	HCIX-CPU-I8468	humidity_operating	verified	compute-hyperconverged-nutanix	{"max":90,"min":5}	5% to 90% noncondensing
155276	40750	HCIX-CPU-I8468	altitude_max	verified	compute-hyperconverged-nutanix	3000	0 to 10,000 ft (0 to 3000m); maximum ambient temperature decreases by 1°C per 300m
94749	40798	HCIX-CPU-I8571N1	temp_operating	verified	compute-hyperconverged-nutanix	{"max":35,"min":10}	50° to 95°F (10° to 35°C)
94751	40798	HCIX-CPU-I8571N1	humidity_operating	verified	compute-hyperconverged-nutanix	{"max":90,"min":5}	5% to 90% noncondensing
157802	40798	HCIX-CPU-I8571N1	temp_storage	verified	compute-hyperconverged-nutanix	{"max":65,"min":-40}	-40° to 149°F (–40° to 65°C)
157164	86918	UCSX-CPU-I6714P	altitude_storage	verified	ucs-x-series-modular-system	"12,000m"	40,000 ft (12,000m)
125764	87055	UCSX-GPU-L40	altitude_storage	verified	ucs-x-series-modular-system	"12,000m"	40,000 ft (12,000m)
157458	87013	UCSX-M2-I480GB-D	altitude_storage	verified	ucs-x-series-modular-system	"12,000m"	40,000 ft (12,000m)
173396	41961	HX-MR-X16G1RT-H	humidity_operating	verified	hyperflex-hx-series	{"max":90,"min":10}	10% to 90% and 28°C (82.4°F) maximum dew-point temperature,
173397	41961	HX-MR-X16G1RT-H	humidity_storage	verified	hyperflex-hx-series	{"max":93,"min":5}	5% to 93% relative humidity, non-condensing, with a maximum
173399	41961	HX-MR-X16G1RT-H	emc_emissions	verified	hyperflex-hx-series	["47CFR Part 15 (CFR 47) Class A"]	47CFR Part 15 (CFR 47) Class A
173398	41961	HX-MR-X16G1RT-H	certifications	verified	hyperflex-hx-series	["60950-1 Second Edition"]	60950-1 Second Edition
156795	87473	UCSX-SD19TEM2NK9D	altitude_storage	corroborated	ucs-x-series-modular-system	"12,000m"	40,000 ft (12,000m)
156851	87407	UCSX-SD76TBM1XEVD	altitude_storage	verified	ucs-x-series-modular-system	"12,000m"	40,000 ft (12,000m)
126319	87388	UCSXE-PSU-2400W	emc_emissions	verified	ucs-c-series-rack-servers	["■ 47CFR Part 15 (CFR 47) Class A (FCC Class A) ■ AS","NZS CISPR22 Class A ■ CISPR2 2 Class A ■ EN55022 Class A ■ ICES003 Class A ■ VCCI Class A ■ EN61000-3-2 ■ EN"]	■ 47CFR Part 15 (CFR 47) Class A (FCC Class A) ■ AS/NZS CISPR22 Class A ■ CISPR2 2 Class A ■ EN55022 Class A ■ ICES003 Class A ■ VCCI Class A ■ EN61000-3-2 ■ EN
126320	87388	UCSXE-PSU-2400W	emc_immunity	verified	ucs-c-series-rack-servers	["■ EN50082-1 ■ EN61000-6-1 ■ EN55024 ■ CISPR24 ■ EN300386 ■ KN 61000-4 Series"]	■ EN50082-1 ■ EN61000-6-1 ■ EN55024 ■ CISPR24 ■ EN300386 ■ KN 61000-4 Series
95730	42036	HX-HD6T7KL4KM	emc_immunity	verified	hyperflex-hx-series	["EN55024 CISPR24 EN300386 KN35"]	EN55024 CISPR24 EN300386 KN35
174965	42036	HX-HD6T7KL4KM	emc_emissions	verified	hyperflex-hx-series	["47CFR Part 15 (CFR 47) Class A  AS","NZS CISPR32 Class A  CISPR32 Class A EN55032 Class A  ICES003 Class A  VCCI Class A  EN61000-3-2 EN61000-3-3 KN32 Cla","47CFR Part 15 (CFR 47) Class A  AS/NZS CISPR32 Class A  CISPR32 Class A EN55032 Class A  ICES003 Class A  VCCI Class A  EN61000-3-2 EN61000-3-3 KN32"]	47CFR Part 15 (CFR 47) Class A  AS/NZS CISPR32 Class A  CISPR32 Class A EN55032 Class A  ICES003 Class A  VCCI Class A  EN61000-3-2 EN61000-3-3 KN32 Cla ; 47CFR Part 15 (CFR 47) Class A  AS/NZS CISPR32 Class A  CISPR32 Class A EN55032 Class A  ICES003 Class A  VCCI Class A  EN61000-3-2 EN61000-3-3 KN32
173557	42036	HX-HD6T7KL4KM	humidity_operating	verified	hyperflex-hx-series	{"max":90,"min":10}	10% to 90% and 28°C (82.4°F) maximum dew-point temperature,
173558	42036	HX-HD6T7KL4KM	humidity_storage	verified	hyperflex-hx-series	{"max":93,"min":5}	5% to 93% relative humidity, non-condensing, with a maximum
95970	42715	HX-SD19T61X-EV	emc_immunity	verified	hyperflex-hx-series	["EN55024 CISPR24 EN300386 KN35"]	EN55024 CISPR24 EN300386 KN35
174963	42715	HX-SD19T61X-EV	emc_emissions	verified	hyperflex-hx-series	["47CFR Part 15 (CFR 47) Class A  AS","NZS CISPR32 Class A  CISPR32 Class A EN55032 Class A  ICES003 Class A  VCCI Class A  EN61000-3-2 EN61000-3-3 KN32 Cla","47CFR Part 15 (CFR 47) Class A  AS/NZS CISPR32 Class A  CISPR32 Class A EN55032 Class A  ICES003 Class A  VCCI Class A  EN61000-3-2 EN61000-3-3 KN32"]	47CFR Part 15 (CFR 47) Class A  AS/NZS CISPR32 Class A  CISPR32 Class A EN55032 Class A  ICES003 Class A  VCCI Class A  EN61000-3-2 EN61000-3-3 KN32 Cla ; 47CFR Part 15 (CFR 47) Class A  AS/NZS CISPR32 Class A  CISPR32 Class A EN55032 Class A  ICES003 Class A  VCCI Class A  EN61000-3-2 EN61000-3-3 KN32
173547	42715	HX-SD19T61X-EV	humidity_operating	verified	hyperflex-hx-series	{"max":90,"min":10}	10% to 90% and 28°C (82.4°F) maximum dew-point temperature,
173548	42715	HX-SD19T61X-EV	humidity_storage	verified	hyperflex-hx-series	{"max":93,"min":5}	5% to 93% relative humidity, non-condensing, with a maximum
157357	82096	UCS-M2-960GB-D	emc_immunity	verified	ucs-c-series-rack-servers	["EN55035 EN55024 CISPR24/35 EN300386 KS C 9835 IEC/EN61000-6-1"]	EN55035 EN55024 CISPR24/35 EN300386 KS C 9835 IEC/EN61000-6-1
175211	82096	UCS-M2-960GB-D	emc_emissions	verified	ucs-c-series-rack-servers	["47CFR Part 15 (CFR 47) Class A AS","NZS CISPR32 Class A CISPR32 Class A EN55032 Class A ICES003 Class A VCCI-CISPR32 Class A EN61000-3-2 EN61000-3-3 KS C 9832 Cla","47CFR Part 15 (CFR 47) Class A AS/NZS CISPR32 Class A CISPR32 Class A EN55032 Class A ICES003 Class A VCCI-CISPR32 Class A EN61000-3-2 EN61000-3-3 KS C 9832"]	47CFR Part 15 (CFR 47) Class A AS/NZS CISPR32 Class A CISPR32 Class A EN55032 Class A ICES003 Class A VCCI-CISPR32 Class A EN61000-3-2 EN61000-3-3 KS C 9832 Cla ; 47CFR Part 15 (CFR 47) Class A AS/NZS CISPR32 Class A CISPR32 Class A EN55032 Class A ICES003 Class A VCCI-CISPR32 Class A EN61000-3-2 EN61000-3-3 KS C 9832
156105	82737	UCS-SD19TBM1XEV-D	emc_immunity	verified	ucs-c-series-rack-servers	["EN55035 EN55024 CISPR24/35 EN300386 KS C 9835 IEC/EN61000-6-1"]	EN55035 EN55024 CISPR24/35 EN300386 KS C 9835 IEC/EN61000-6-1
175020	82737	UCS-SD19TBM1XEV-D	emc_emissions	verified	ucs-c-series-rack-servers	["47CFR Part 15 (CFR 47) Class A AS","NZS CISPR32 Class A CISPR32 Class A EN55032 Class A ICES003 Class A VCCI-CISPR32 Class A EN61000-3-2 EN61000-3-3 KS C 9832 Cla","47CFR Part 15 (CFR 47) Class A AS/NZS CISPR32 Class A CISPR32 Class A EN55032 Class A ICES003 Class A VCCI-CISPR32 Class A EN61000-3-2 EN61000-3-3 KS C 9832"]	47CFR Part 15 (CFR 47) Class A AS/NZS CISPR32 Class A CISPR32 Class A EN55032 Class A ICES003 Class A VCCI-CISPR32 Class A EN61000-3-2 EN61000-3-3 KS C 9832 Cla ; 47CFR Part 15 (CFR 47) Class A AS/NZS CISPR32 Class A CISPR32 Class A EN55032 Class A ICES003 Class A VCCI-CISPR32 Class A EN61000-3-2 EN61000-3-3 KS C 9832
93870	40074	HCI-CPU-A95552	emc_emissions	verified	hyperconverged-infrastructure	["47CFR Part 15 (CFR 47) Class A AS","NZS CISPR32 Class A CISPR32 Class A EN55032 Class A ICES003 Class A VCCI-CISPR32 Class A EN61000-3-2 EN61000-3-3 KS C 9832 Cla"]	47CFR Part 15 (CFR 47) Class A AS/NZS CISPR32 Class A CISPR32 Class A EN55032 Class A ICES003 Class A VCCI-CISPR32 Class A EN61000-3-2 EN61000-3-3 KS C 9832 Cla
93871	40074	HCI-CPU-A95552	emc_immunity	verified	hyperconverged-infrastructure	["EN55035 EN55024 CISPR24","35 EN300386 KS C 9835 IEC","EN61000-6-1"]	EN55035 EN55024 CISPR24/35 EN300386 KS C 9835 IEC/EN61000-6-1
93449	39868	HCI-CPU-I6414U1	emc_emissions	verified	hyperconverged-infrastructure	["47CFR Part 15 (CFR 47) Class A AS","NZS CISPR32 Class A CISPR32 Class A EN55032 Class A ICES003 Class A VCCI-CISPR32 Class A EN61000-3-2 EN61000-3-3 KS C 9832 Cla"]	47CFR Part 15 (CFR 47) Class A AS/NZS CISPR32 Class A CISPR32 Class A EN55032 Class A ICES003 Class A VCCI-CISPR32 Class A EN61000-3-2 EN61000-3-3 KS C 9832 Cla
93450	39868	HCI-CPU-I6414U1	emc_immunity	verified	hyperconverged-infrastructure	["EN55035 EN55024 CISPR24","35 EN300386 KS C 9835 IEC","EN61000-6-1"]	EN55035 EN55024 CISPR24/35 EN300386 KS C 9835 IEC/EN61000-6-1
95536	41648	HX-CPU-A7543P	emc_immunity	verified	hyperflex-hx-series	["EN55024 CISPR24 EN300386 KN35"]	EN55024 CISPR24 EN300386 KN35
174937	41648	HX-CPU-A7543P	emc_emissions	verified	hyperflex-hx-series	["47CFR Part 15 (CFR 47) Class A  AS","NZS CISPR32 Class A  CISPR32 Class A EN55032 Class A  ICES003 Class A  VCCI Class A  EN61000-3-2 EN61000-3-3 KN32 Cla","47CFR Part 15 (CFR 47) Class A  AS/NZS CISPR32 Class A  CISPR32 Class A EN55032 Class A  ICES003 Class A  VCCI Class A  EN61000-3-2 EN61000-3-3 KN32"]	47CFR Part 15 (CFR 47) Class A  AS/NZS CISPR32 Class A  CISPR32 Class A EN55032 Class A  ICES003 Class A  VCCI Class A  EN61000-3-2 EN61000-3-3 KN32 Cla ; 47CFR Part 15 (CFR 47) Class A  AS/NZS CISPR32 Class A  CISPR32 Class A EN55032 Class A  ICES003 Class A  VCCI Class A  EN61000-3-2 EN61000-3-3 KN32
173449	41648	HX-CPU-A7543P	humidity_operating	verified	hyperflex-hx-series	{"max":90,"min":10}	10% to 90% and 28°C (82.4°F) maximum dew-point temperature,
173450	41648	HX-CPU-A7543P	humidity_storage	verified	hyperflex-hx-series	{"max":93,"min":5}	5% to 93% relative humidity, non-condensing, with a maximum
174625	41433	HX-CPU-I6238M	humidity_operating	verified	hyperflex-hx-series	{"max":90,"min":10}	10% to 90% and 28°C (82.4°F) maximum dew-point temperature,
174626	41433	HX-CPU-I6238M	humidity_storage	verified	hyperflex-hx-series	{"max":93,"min":5}	5% to 93% relative humidity, non-condensing, with a maximum
174627	41433	HX-CPU-I6238M	certifications	verified	hyperflex-hx-series	["60950-1 Second Edition"]	60950-1 Second Edition
174628	41433	HX-CPU-I6238M	emc_emissions	verified	hyperflex-hx-series	["47CFR Part 15 (CFR 47) Class A"]	47CFR Part 15 (CFR 47) Class A
173523	42518	HX-SD38T61X-EV	certifications	verified	hyperflex-hx-series	["60950-1 Second Edition"]	60950-1 Second Edition
173521	42518	HX-SD38T61X-EV	humidity_operating	verified	hyperflex-hx-series	{"max":90,"min":10}	10% to 90% and 28°C (82.4°F) maximum dew-point temperature,
173522	42518	HX-SD38T61X-EV	humidity_storage	verified	hyperflex-hx-series	{"max":93,"min":5}	5% to 93% relative humidity, non-condensing, with a maximum
173524	42518	HX-SD38T61X-EV	emc_emissions	verified	hyperflex-hx-series	["47CFR Part 15 (CFR 47) Class A"]	47CFR Part 15 (CFR 47) Class A
173131	81136	UCS-CPU-I6342	temp_operating	verified	compute-hyperconverged	{"max":35,"min":10}	10°C to 35°C (50°F to 95°F) with no direct sunlight
173132	81136	UCS-CPU-I6342	altitude_max	verified	compute-hyperconverged	3050	0 m to 3050 m (10,000 ft)
173133	81136	UCS-CPU-I6342	altitude_storage	verified	compute-hyperconverged	"0 m to 12,000 m (39,370 ft)"	0 m to 12,000 m (39,370 ft)
173134	81136	UCS-CPU-I6342	certifications	verified	compute-hyperconverged	["950-1 No. 21CFR1040","CAN/CSA-C22.2 No. 60950-1","IRAM IEC60950-1"]	950-1 No. 21CFR1040, CAN/CSA-C22.2 No. 60950-1, IRAM IEC60950-1,
96028	43506	HXE-CPU-A7413	emc_immunity	verified	hyperflex-hx-series	["EN55024 CISPR24 EN300386 KN35"]	EN55024 CISPR24 EN300386 KN35
174925	43506	HXE-CPU-A7413	emc_emissions	verified	hyperflex-hx-series	["47CFR Part 15 (CFR 47) Class A  AS","NZS CISPR32 Class A  CISPR32 Class A EN55032 Class A  ICES003 Class A  VCCI Class A  EN61000-3-2 EN61000-3-3 KN32 Cla","47CFR Part 15 (CFR 47) Class A  AS/NZS CISPR32 Class A  CISPR32 Class A EN55032 Class A  ICES003 Class A  VCCI Class A  EN61000-3-2 EN61000-3-3 KN32"]	47CFR Part 15 (CFR 47) Class A  AS/NZS CISPR32 Class A  CISPR32 Class A EN55032 Class A  ICES003 Class A  VCCI Class A  EN61000-3-2 EN61000-3-3 KN32 Cla ; 47CFR Part 15 (CFR 47) Class A  AS/NZS CISPR32 Class A  CISPR32 Class A EN55032 Class A  ICES003 Class A  VCCI Class A  EN61000-3-2 EN61000-3-3 KN32
173377	43506	HXE-CPU-A7413	humidity_operating	verified	hyperflex-hx-series	{"max":90,"min":10}	10% to 90% and 28°C (82.4°F) maximum dew-point temperature,
173378	43506	HXE-CPU-A7413	humidity_storage	verified	hyperflex-hx-series	{"max":93,"min":5}	5% to 93% relative humidity, non-condensing, with a maximum
156424	80498	UCS-CPU-A9124	emc_immunity	verified	ucs-c-series-rack-servers	["EN55035 EN55024 CISPR24/35 EN300386 KS C 9835 IEC/EN61000-6-1"]	EN55035 EN55024 CISPR24/35 EN300386 KS C 9835 IEC/EN61000-6-1
175129	80498	UCS-CPU-A9124	emc_emissions	verified	ucs-c-series-rack-servers	["47CFR Part 15 (CFR 47) Class A AS","NZS CISPR32 Class A CISPR32 Class A EN55032 Class A ICES003 Class A VCCI-CISPR32 Class A EN61000-3-2 EN61000-3-3 KS C 9832 Cla","47CFR Part 15 (CFR 47) Class A AS/NZS CISPR32 Class A CISPR32 Class A EN55032 Class A ICES003 Class A VCCI-CISPR32 Class A EN61000-3-2 EN61000-3-3 KS C 9832"]	47CFR Part 15 (CFR 47) Class A AS/NZS CISPR32 Class A CISPR32 Class A EN55032 Class A ICES003 Class A VCCI-CISPR32 Class A EN61000-3-2 EN61000-3-3 KS C 9832 Cla ; 47CFR Part 15 (CFR 47) Class A AS/NZS CISPR32 Class A CISPR32 Class A EN55032 Class A ICES003 Class A VCCI-CISPR32 Class A EN61000-3-2 EN61000-3-3 KS C 9832
106166	63933	NCS1K14-AC-PSU-3=	encryption	verified	network-convergence-system-1000-series	"Integrated MACsec encryption across all ports"	Integrated MACsec encryption across all ports
106247	63962	NCS1K4-AC-PSU-CBL=	regions_supported	verified	network-convergence-system-1000-series	"● European Union ● Africa ● CSI ● Australia ● New Zealand ● China ● Korea ● India ● Saudi Arabia ● South America"	● European Union ● Africa ● CSI ● Australia ● New Zealand ● China ● Korea ● India ● Saudi Arabia ● South America
152508	63962	NCS1K4-AC-PSU-CBL=	certifications	verified	network-convergence-system-1000-series	["IEC 60950-1 Information technology equipment Safety Part 1: General requirements - Edition 2, 2005 + Amendment 1 2009 + Amendment 2 2013","EN 60950-1: Edition"]	● IEC 60950-1 Information technology equipment Safety Part 1: General requirements - Edition 2, 2005 + Amendment 1 2009 + Amendment 2 2013 ● EN 60950-1: Edition
156412	80136	UCS-CPU-A9355P	emc_immunity	verified	ucs-c-series-rack-servers	["EN55035 EN55024 CISPR24/35 EN300386 KS C 9835 IEC/EN61000-6-1"]	EN55035 EN55024 CISPR24/35 EN300386 KS C 9835 IEC/EN61000-6-1
175126	80136	UCS-CPU-A9355P	emc_emissions	verified	ucs-c-series-rack-servers	["47CFR Part 15 (CFR 47) Class A AS","NZS CISPR32 Class A CISPR32 Class A EN55032 Class A ICES003 Class A VCCI-CISPR32 Class A EN61000-3-2 EN61000-3-3 KS C 9832 Cla","47CFR Part 15 (CFR 47) Class A AS/NZS CISPR32 Class A CISPR32 Class A EN55032 Class A ICES003 Class A VCCI-CISPR32 Class A EN61000-3-2 EN61000-3-3 KS C 9832"]	47CFR Part 15 (CFR 47) Class A AS/NZS CISPR32 Class A CISPR32 Class A EN55032 Class A ICES003 Class A VCCI-CISPR32 Class A EN61000-3-2 EN61000-3-3 KS C 9832 Cla ; 47CFR Part 15 (CFR 47) Class A AS/NZS CISPR32 Class A CISPR32 Class A EN55032 Class A ICES003 Class A VCCI-CISPR32 Class A EN61000-3-2 EN61000-3-3 KS C 9832
155984	81168	UCS-CPU-I6438Y+	emc_immunity	verified	ucs-c-series-rack-servers	["EN55035 EN55024 CISPR24/35 EN300386 KS C 9835 IEC/EN61000-6-1"]	EN55035 EN55024 CISPR24/35 EN300386 KS C 9835 IEC/EN61000-6-1
174974	81168	UCS-CPU-I6438Y+	emc_emissions	verified	ucs-c-series-rack-servers	["47CFR Part 15 (CFR 47) Class A AS","NZS CISPR32 Class A CISPR32 Class A EN55032 Class A ICES003 Class A VCCI-CISPR32 Class A EN61000-3-2 EN61000-3-3 KS C 9832 Cla","47CFR Part 15 (CFR 47) Class A AS/NZS CISPR32 Class A CISPR32 Class A EN55032 Class A ICES003 Class A VCCI-CISPR32 Class A EN61000-3-2 EN61000-3-3 KS C 9832"]	47CFR Part 15 (CFR 47) Class A AS/NZS CISPR32 Class A CISPR32 Class A EN55032 Class A ICES003 Class A VCCI-CISPR32 Class A EN61000-3-2 EN61000-3-3 KS C 9832 Cla ; 47CFR Part 15 (CFR 47) Class A AS/NZS CISPR32 Class A CISPR32 Class A EN55032 Class A ICES003 Class A VCCI-CISPR32 Class A EN61000-3-2 EN61000-3-3 KS C 9832
156274	81074	UCS-CPU-I6760P	emc_immunity	verified	ucs-c-series-rack-servers	["EN55035 EN55024 CISPR24/35 EN300386 KS C 9835 IEC/EN61000-6-1"]	EN55035 EN55024 CISPR24/35 EN300386 KS C 9835 IEC/EN61000-6-1
175085	81074	UCS-CPU-I6760P	emc_emissions	verified	ucs-c-series-rack-servers	["47CFR Part 15 (CFR 47) Class A AS","NZS CISPR32 Class A CISPR32 Class A EN55032 Class A ICES003 Class A VCCI-CISPR32 Class A EN61000-3-2 EN61000-3-3 KS C 9832 Cla","47CFR Part 15 (CFR 47) Class A AS/NZS CISPR32 Class A CISPR32 Class A EN55032 Class A ICES003 Class A VCCI-CISPR32 Class A EN61000-3-2 EN61000-3-3 KS C 9832"]	47CFR Part 15 (CFR 47) Class A AS/NZS CISPR32 Class A CISPR32 Class A EN55032 Class A ICES003 Class A VCCI-CISPR32 Class A EN61000-3-2 EN61000-3-3 KS C 9832 Cla ; 47CFR Part 15 (CFR 47) Class A AS/NZS CISPR32 Class A CISPR32 Class A EN55032 Class A ICES003 Class A VCCI-CISPR32 Class A EN61000-3-2 EN61000-3-3 KS C 9832
121754	81203	UCS-CPU-I6781P1	emc_emissions	verified	ucs-c-series-rack-servers	["47CFR Part 15 (CFR 47) Class A AS","NZS CISPR32 Class A CISPR32 Class A EN55032 Class A ICES003 Class A VCCI-CISPR32 Class A EN61000-3-2 EN61000-3-3 KS C 9832 Cla"]	47CFR Part 15 (CFR 47) Class A AS/NZS CISPR32 Class A CISPR32 Class A EN55032 Class A ICES003 Class A VCCI-CISPR32 Class A EN61000-3-2 EN61000-3-3 KS C 9832 Cla
121755	81203	UCS-CPU-I6781P1	emc_immunity	verified	ucs-c-series-rack-servers	["EN55035 EN55024 CISPR24","35 EN300386 KS C 9835 IEC","EN61000-6-1"]	EN55035 EN55024 CISPR24/35 EN300386 KS C 9835 IEC/EN61000-6-1
156495	82201	UCS-HDL26TW1S74K	emc_immunity	verified	ucs-c-series-rack-servers	["EN55035 EN55024 CISPR24/35 EN300386 KS C 9835 IEC/EN61000-6-1"]	EN55035 EN55024 CISPR24/35 EN300386 KS C 9835 IEC/EN61000-6-1
175159	82201	UCS-HDL26TW1S74K	emc_emissions	verified	ucs-c-series-rack-servers	["47CFR Part 15 (CFR 47) Class A AS","NZS CISPR32 Class A CISPR32 Class A EN55032 Class A ICES003 Class A VCCI-CISPR32 Class A EN61000-3-2 EN61000-3-3 KS C 9832 Cla","47CFR Part 15 (CFR 47) Class A AS/NZS CISPR32 Class A CISPR32 Class A EN55032 Class A ICES003 Class A VCCI-CISPR32 Class A EN61000-3-2 EN61000-3-3 KS C 9832"]	47CFR Part 15 (CFR 47) Class A AS/NZS CISPR32 Class A CISPR32 Class A EN55032 Class A ICES003 Class A VCCI-CISPR32 Class A EN61000-3-2 EN61000-3-3 KS C 9832 Cla ; 47CFR Part 15 (CFR 47) Class A AS/NZS CISPR32 Class A CISPR32 Class A EN55032 Class A ICES003 Class A VCCI-CISPR32 Class A EN61000-3-2 EN61000-3-3 KS C 9832
156481	81917	UCS-HDL8TW1S74K	emc_immunity	verified	ucs-c-series-rack-servers	["EN55035 EN55024 CISPR24/35 EN300386 KS C 9835 IEC/EN61000-6-1"]	EN55035 EN55024 CISPR24/35 EN300386 KS C 9835 IEC/EN61000-6-1
175152	81917	UCS-HDL8TW1S74K	emc_emissions	verified	ucs-c-series-rack-servers	["47CFR Part 15 (CFR 47) Class A AS","NZS CISPR32 Class A CISPR32 Class A EN55032 Class A ICES003 Class A VCCI-CISPR32 Class A EN61000-3-2 EN61000-3-3 KS C 9832 Cla","47CFR Part 15 (CFR 47) Class A AS/NZS CISPR32 Class A CISPR32 Class A EN55032 Class A ICES003 Class A VCCI-CISPR32 Class A EN61000-3-2 EN61000-3-3 KS C 9832"]	47CFR Part 15 (CFR 47) Class A AS/NZS CISPR32 Class A CISPR32 Class A EN55032 Class A ICES003 Class A VCCI-CISPR32 Class A EN61000-3-2 EN61000-3-3 KS C 9832 Cla ; 47CFR Part 15 (CFR 47) Class A AS/NZS CISPR32 Class A CISPR32 Class A EN55032 Class A ICES003 Class A VCCI-CISPR32 Class A EN61000-3-2 EN61000-3-3 KS C 9832
156527	81825	UCS-HDM18TW1S74K	emc_immunity	verified	ucs-c-series-rack-servers	["EN55035 EN55024 CISPR24/35 EN300386 KS C 9835 IEC/EN61000-6-1"]	EN55035 EN55024 CISPR24/35 EN300386 KS C 9835 IEC/EN61000-6-1
175175	81825	UCS-HDM18TW1S74K	emc_emissions	verified	ucs-c-series-rack-servers	["47CFR Part 15 (CFR 47) Class A AS","NZS CISPR32 Class A CISPR32 Class A EN55032 Class A ICES003 Class A VCCI-CISPR32 Class A EN61000-3-2 EN61000-3-3 KS C 9832 Cla","47CFR Part 15 (CFR 47) Class A AS/NZS CISPR32 Class A CISPR32 Class A EN55032 Class A ICES003 Class A VCCI-CISPR32 Class A EN61000-3-2 EN61000-3-3 KS C 9832"]	47CFR Part 15 (CFR 47) Class A AS/NZS CISPR32 Class A CISPR32 Class A EN55032 Class A ICES003 Class A VCCI-CISPR32 Class A EN61000-3-2 EN61000-3-3 KS C 9832 Cla ; 47CFR Part 15 (CFR 47) Class A AS/NZS CISPR32 Class A CISPR32 Class A EN55032 Class A ICES003 Class A VCCI-CISPR32 Class A EN61000-3-2 EN61000-3-3 KS C 9832
156513	82085	UCS-HDM22TW1S74K	emc_immunity	verified	ucs-c-series-rack-servers	["EN55035 EN55024 CISPR24/35 EN300386 KS C 9835 IEC/EN61000-6-1"]	EN55035 EN55024 CISPR24/35 EN300386 KS C 9835 IEC/EN61000-6-1
175168	82085	UCS-HDM22TW1S74K	emc_emissions	verified	ucs-c-series-rack-servers	["47CFR Part 15 (CFR 47) Class A AS","NZS CISPR32 Class A CISPR32 Class A EN55032 Class A ICES003 Class A VCCI-CISPR32 Class A EN61000-3-2 EN61000-3-3 KS C 9832 Cla","47CFR Part 15 (CFR 47) Class A AS/NZS CISPR32 Class A CISPR32 Class A EN55032 Class A ICES003 Class A VCCI-CISPR32 Class A EN61000-3-2 EN61000-3-3 KS C 9832"]	47CFR Part 15 (CFR 47) Class A AS/NZS CISPR32 Class A CISPR32 Class A EN55032 Class A ICES003 Class A VCCI-CISPR32 Class A EN61000-3-2 EN61000-3-3 KS C 9832 Cla ; 47CFR Part 15 (CFR 47) Class A AS/NZS CISPR32 Class A CISPR32 Class A EN55032 Class A ICES003 Class A VCCI-CISPR32 Class A EN61000-3-2 EN61000-3-3 KS C 9832
156533	81884	UCS-HDM26TW1S74K	emc_immunity	verified	ucs-c-series-rack-servers	["EN55035 EN55024 CISPR24/35 EN300386 KS C 9835 IEC/EN61000-6-1"]	EN55035 EN55024 CISPR24/35 EN300386 KS C 9835 IEC/EN61000-6-1
175178	81884	UCS-HDM26TW1S74K	emc_emissions	verified	ucs-c-series-rack-servers	["47CFR Part 15 (CFR 47) Class A AS","NZS CISPR32 Class A CISPR32 Class A EN55032 Class A ICES003 Class A VCCI-CISPR32 Class A EN61000-3-2 EN61000-3-3 KS C 9832 Cla","47CFR Part 15 (CFR 47) Class A AS/NZS CISPR32 Class A CISPR32 Class A EN55032 Class A ICES003 Class A VCCI-CISPR32 Class A EN61000-3-2 EN61000-3-3 KS C 9832"]	47CFR Part 15 (CFR 47) Class A AS/NZS CISPR32 Class A CISPR32 Class A EN55032 Class A ICES003 Class A VCCI-CISPR32 Class A EN61000-3-2 EN61000-3-3 KS C 9832 Cla ; 47CFR Part 15 (CFR 47) Class A AS/NZS CISPR32 Class A CISPR32 Class A EN55032 Class A ICES003 Class A VCCI-CISPR32 Class A EN61000-3-2 EN61000-3-3 KS C 9832
156129	82952	UCS-SD38TEM2NK9-D	emc_immunity	verified	ucs-c-series-rack-servers	["EN55035 EN55024 CISPR24/35 EN300386 KS C 9835 IEC/EN61000-6-1"]	EN55035 EN55024 CISPR24/35 EN300386 KS C 9835 IEC/EN61000-6-1
175032	82952	UCS-SD38TEM2NK9-D	emc_emissions	verified	ucs-c-series-rack-servers	["47CFR Part 15 (CFR 47) Class A AS","NZS CISPR32 Class A CISPR32 Class A EN55032 Class A ICES003 Class A VCCI-CISPR32 Class A EN61000-3-2 EN61000-3-3 KS C 9832 Cla","47CFR Part 15 (CFR 47) Class A AS/NZS CISPR32 Class A CISPR32 Class A EN55032 Class A ICES003 Class A VCCI-CISPR32 Class A EN61000-3-2 EN61000-3-3 KS C 9832"]	47CFR Part 15 (CFR 47) Class A AS/NZS CISPR32 Class A CISPR32 Class A EN55032 Class A ICES003 Class A VCCI-CISPR32 Class A EN61000-3-2 EN61000-3-3 KS C 9832 Cla ; 47CFR Part 15 (CFR 47) Class A AS/NZS CISPR32 Class A CISPR32 Class A EN55032 Class A ICES003 Class A VCCI-CISPR32 Class A EN61000-3-2 EN61000-3-3 KS C 9832
156121	82832	UCS-SD38TS1X-EV-D	emc_immunity	verified	ucs-c-series-rack-servers	["EN55035 EN55024 CISPR24/35 EN300386 KS C 9835 IEC/EN61000-6-1"]	EN55035 EN55024 CISPR24/35 EN300386 KS C 9835 IEC/EN61000-6-1
175028	82832	UCS-SD38TS1X-EV-D	emc_emissions	verified	ucs-c-series-rack-servers	["47CFR Part 15 (CFR 47) Class A AS","NZS CISPR32 Class A CISPR32 Class A EN55032 Class A ICES003 Class A VCCI-CISPR32 Class A EN61000-3-2 EN61000-3-3 KS C 9832 Cla","47CFR Part 15 (CFR 47) Class A AS/NZS CISPR32 Class A CISPR32 Class A EN55032 Class A ICES003 Class A VCCI-CISPR32 Class A EN61000-3-2 EN61000-3-3 KS C 9832"]	47CFR Part 15 (CFR 47) Class A AS/NZS CISPR32 Class A CISPR32 Class A EN55032 Class A ICES003 Class A VCCI-CISPR32 Class A EN61000-3-2 EN61000-3-3 KS C 9832 Cla ; 47CFR Part 15 (CFR 47) Class A AS/NZS CISPR32 Class A CISPR32 Class A EN55032 Class A ICES003 Class A VCCI-CISPR32 Class A EN61000-3-2 EN61000-3-3 KS C 9832
157409	83307	UCS-SD960G63XEP-D	emc_immunity	verified	ucs-c-series-rack-servers	["EN55035 EN55024 CISPR24/35 EN300386 KS C 9835 IEC/EN61000-6-1"]	EN55035 EN55024 CISPR24/35 EN300386 KS C 9835 IEC/EN61000-6-1
175275	83307	UCS-SD960G63XEP-D	emc_emissions	verified	ucs-c-series-rack-servers	["47CFR Part 15 (CFR 47) Class A AS","NZS CISPR32 Class A CISPR32 Class A EN55032 Class A ICES003 Class A VCCI-CISPR32 Class A EN61000-3-2 EN61000-3-3 KS C 9832 Cla","47CFR Part 15 (CFR 47) Class A AS/NZS CISPR32 Class A CISPR32 Class A EN55032 Class A ICES003 Class A VCCI-CISPR32 Class A EN61000-3-2 EN61000-3-3 KS C 9832"]	47CFR Part 15 (CFR 47) Class A AS/NZS CISPR32 Class A CISPR32 Class A EN55032 Class A ICES003 Class A VCCI-CISPR32 Class A EN61000-3-2 EN61000-3-3 KS C 9832 Cla ; 47CFR Part 15 (CFR 47) Class A AS/NZS CISPR32 Class A CISPR32 Class A EN55032 Class A ICES003 Class A VCCI-CISPR32 Class A EN61000-3-2 EN61000-3-3 KS C 9832
174751	41958	HX-M2-HWRAID	humidity_operating	verified	hyperflex-hx-series	{"max":90,"min":10}	10% to 90% and 28°C (82.4°F) maximum dew-point temperature,
174752	41958	HX-M2-HWRAID	humidity_storage	verified	hyperflex-hx-series	{"max":93,"min":5}	5% to 93% relative humidity, non-condensing, with a maximum
174753	41958	HX-M2-HWRAID	certifications	verified	hyperflex-hx-series	["60950-1 Second Edition"]	60950-1 Second Edition
174754	41958	HX-M2-HWRAID	emc_emissions	verified	hyperflex-hx-series	["47CFR Part 15 (CFR 47) Class A"]	47CFR Part 15 (CFR 47) Class A
156578	86596	UCSX-CPU-A9825	altitude_storage	verified	ucs-x-series-modular-system	"12,000m"	40,000 ft (12,000m)
156729	87076	UCSX-CPU-I6438Y+	altitude_storage	verified	ucs-x-series-modular-system	"12,000m"	40,000 ft (12,000m)
157037	86818	UCSX-CPU-I6515P	altitude_storage	verified	ucs-x-series-modular-system	"12,000m"	40,000 ft (12,000m)
121044	80899	UCS-CPU-I3408U1	emc_emissions	verified	ucs-c-series-rack-servers	["47CFR Part 15 (CFR 47) Class A AS","NZS CISPR32 Class A CISPR32 Class A EN55032 Class A ICES003 Class A VCCI-CISPR32 Class A EN61000-3-2 EN61000-3-3 KS C 9832 Cla"]	47CFR Part 15 (CFR 47) Class A AS/NZS CISPR32 Class A CISPR32 Class A EN55032 Class A ICES003 Class A VCCI-CISPR32 Class A EN61000-3-2 EN61000-3-3 KS C 9832 Cla
121045	80899	UCS-CPU-I3408U1	emc_immunity	verified	ucs-c-series-rack-servers	["EN55035 EN55024 CISPR24","35 EN300386 KS C 9835 IEC","EN61000-6-1"]	EN55035 EN55024 CISPR24/35 EN300386 KS C 9835 IEC/EN61000-6-1
125456	86894	UCSX-GPU-H100-NVL	altitude_storage	verified	ucs-x-series-modular-system	"12,000m"	40,000 ft (12,000m)
121702	81185	UCS-CPU-I8571N1	emc_emissions	verified	ucs-c-series-rack-servers	["47CFR Part 15 (CFR 47) Class A AS","NZS CISPR32 Class A CISPR32 Class A EN55032 Class A ICES003 Class A VCCI-CISPR32 Class A EN61000-3-2 EN61000-3-3 KS C 9832 Cla"]	47CFR Part 15 (CFR 47) Class A AS/NZS CISPR32 Class A CISPR32 Class A EN55032 Class A ICES003 Class A VCCI-CISPR32 Class A EN61000-3-2 EN61000-3-3 KS C 9832 Cla
121703	81185	UCS-CPU-I8571N1	emc_immunity	verified	ucs-c-series-rack-servers	["EN55035 EN55024 CISPR24","35 EN300386 KS C 9835 IEC","EN61000-6-1"]	EN55035 EN55024 CISPR24/35 EN300386 KS C 9835 IEC/EN61000-6-1
148813	82644	UCS-PSU-6248UP-DC	emc_emissions	verified	ucs-6200-series-fabric-interconnects	["47CFR Part 15 (CFR 47) Class A","AS/NZS CISPR22 Class A","CISPR22 Class A","EN55022 Class A","ICES003 Class A","VCCI Class A","EN61000-3-2","EN61000-3-3","KN2"]	● 47CFR Part 15 (CFR 47) Class A ● AS/NZS CISPR22 Class A ● CISPR22 Class A ● EN55022 Class A ● ICES003 Class A ● VCCI Class A ● EN61000-3-2 ● EN61000-3-3 ● KN2
148814	82644	UCS-PSU-6248UP-DC	emc_immunity	verified	ucs-6200-series-fabric-interconnects	["EN50082-1","EN61000-6-1","EN55024","CISPR24","EN300386","KN 61000-4 series"]	● EN50082-1 ● EN61000-6-1 ● EN55024 ● CISPR24 ● EN300386 ● KN 61000-4 series
157361	82917	UCS-SD240GM1XEV-D	emc_immunity	verified	ucs-c-series-rack-servers	["EN55035 EN55024 CISPR24/35 EN300386 KS C 9835 IEC/EN61000-6-1"]	EN55035 EN55024 CISPR24/35 EN300386 KS C 9835 IEC/EN61000-6-1
175213	82917	UCS-SD240GM1XEV-D	emc_emissions	verified	ucs-c-series-rack-servers	["47CFR Part 15 (CFR 47) Class A AS","NZS CISPR32 Class A CISPR32 Class A EN55032 Class A ICES003 Class A VCCI-CISPR32 Class A EN61000-3-2 EN61000-3-3 KS C 9832 Cla","47CFR Part 15 (CFR 47) Class A AS/NZS CISPR32 Class A CISPR32 Class A EN55032 Class A ICES003 Class A VCCI-CISPR32 Class A EN61000-3-2 EN61000-3-3 KS C 9832"]	47CFR Part 15 (CFR 47) Class A AS/NZS CISPR32 Class A CISPR32 Class A EN55032 Class A ICES003 Class A VCCI-CISPR32 Class A EN61000-3-2 EN61000-3-3 KS C 9832 Cla ; 47CFR Part 15 (CFR 47) Class A AS/NZS CISPR32 Class A CISPR32 Class A EN55032 Class A ICES003 Class A VCCI-CISPR32 Class A EN61000-3-2 EN61000-3-3 KS C 9832
121466	81095	UCS-CPU-I5412U1	emc_emissions	verified	ucs-c-series-rack-servers	["47CFR Part 15 (CFR 47) Class A AS","NZS CISPR32 Class A CISPR32 Class A EN55032 Class A ICES003 Class A VCCI-CISPR32 Class A EN61000-3-2 EN61000-3-3 KS C 9832 Cla"]	47CFR Part 15 (CFR 47) Class A AS/NZS CISPR32 Class A CISPR32 Class A EN55032 Class A ICES003 Class A VCCI-CISPR32 Class A EN61000-3-2 EN61000-3-3 KS C 9832 Cla
121467	81095	UCS-CPU-I5412U1	emc_immunity	verified	ucs-c-series-rack-servers	["EN55035 EN55024 CISPR24","35 EN300386 KS C 9835 IEC","EN61000-6-1"]	EN55035 EN55024 CISPR24/35 EN300386 KS C 9835 IEC/EN61000-6-1
157062	87477	UCSX-SDB1T9OA1P	altitude_storage	verified	ucs-x-series-modular-system	"12,000m"	40,000 ft (12,000m)
156131	83443	UCS-SD76TEM2NK9-D	emc_immunity	verified	ucs-c-series-rack-servers	["EN55035 EN55024 CISPR24/35 EN300386 KS C 9835 IEC/EN61000-6-1"]	EN55035 EN55024 CISPR24/35 EN300386 KS C 9835 IEC/EN61000-6-1
175033	83443	UCS-SD76TEM2NK9-D	emc_emissions	verified	ucs-c-series-rack-servers	["47CFR Part 15 (CFR 47) Class A AS","NZS CISPR32 Class A CISPR32 Class A EN55032 Class A ICES003 Class A VCCI-CISPR32 Class A EN61000-3-2 EN61000-3-3 KS C 9832 Cla","47CFR Part 15 (CFR 47) Class A AS/NZS CISPR32 Class A CISPR32 Class A EN55032 Class A ICES003 Class A VCCI-CISPR32 Class A EN61000-3-2 EN61000-3-3 KS C 9832"]	47CFR Part 15 (CFR 47) Class A AS/NZS CISPR32 Class A CISPR32 Class A EN55032 Class A ICES003 Class A VCCI-CISPR32 Class A EN61000-3-2 EN61000-3-3 KS C 9832 Cla ; 47CFR Part 15 (CFR 47) Class A AS/NZS CISPR32 Class A CISPR32 Class A EN55032 Class A ICES003 Class A VCCI-CISPR32 Class A EN61000-3-2 EN61000-3-3 KS C 9832
156653	86772	UCSX-CPU-I4514Y	altitude_storage	verified	ucs-x-series-modular-system	"12,000m"	40,000 ft (12,000m)
155972	80942	UCS-CPU-I8468	emc_immunity	verified	ucs-c-series-rack-servers	["EN55035 EN55024 CISPR24/35 EN300386 KS C 9835 IEC/EN61000-6-1"]	EN55035 EN55024 CISPR24/35 EN300386 KS C 9835 IEC/EN61000-6-1
174971	80942	UCS-CPU-I8468	emc_emissions	verified	ucs-c-series-rack-servers	["47CFR Part 15 (CFR 47) Class A AS","NZS CISPR32 Class A CISPR32 Class A EN55032 Class A ICES003 Class A VCCI-CISPR32 Class A EN61000-3-2 EN61000-3-3 KS C 9832 Cla","47CFR Part 15 (CFR 47) Class A AS/NZS CISPR32 Class A CISPR32 Class A EN55032 Class A ICES003 Class A VCCI-CISPR32 Class A EN61000-3-2 EN61000-3-3 KS C 9832"]	47CFR Part 15 (CFR 47) Class A AS/NZS CISPR32 Class A CISPR32 Class A EN55032 Class A ICES003 Class A VCCI-CISPR32 Class A EN61000-3-2 EN61000-3-3 KS C 9832 Cla ; 47CFR Part 15 (CFR 47) Class A AS/NZS CISPR32 Class A CISPR32 Class A EN55032 Class A ICES003 Class A VCCI-CISPR32 Class A EN61000-3-2 EN61000-3-3 KS C 9832
156103	83141	UCS-SD16TBM1XEV-D	emc_immunity	verified	ucs-c-series-rack-servers	["EN55035 EN55024 CISPR24/35 EN300386 KS C 9835 IEC/EN61000-6-1"]	EN55035 EN55024 CISPR24/35 EN300386 KS C 9835 IEC/EN61000-6-1
175019	83141	UCS-SD16TBM1XEV-D	emc_emissions	verified	ucs-c-series-rack-servers	["47CFR Part 15 (CFR 47) Class A AS","NZS CISPR32 Class A CISPR32 Class A EN55032 Class A ICES003 Class A VCCI-CISPR32 Class A EN61000-3-2 EN61000-3-3 KS C 9832 Cla","47CFR Part 15 (CFR 47) Class A AS/NZS CISPR32 Class A CISPR32 Class A EN55032 Class A ICES003 Class A VCCI-CISPR32 Class A EN61000-3-2 EN61000-3-3 KS C 9832"]	47CFR Part 15 (CFR 47) Class A AS/NZS CISPR32 Class A CISPR32 Class A EN55032 Class A ICES003 Class A VCCI-CISPR32 Class A EN61000-3-2 EN61000-3-3 KS C 9832 Cla ; 47CFR Part 15 (CFR 47) Class A AS/NZS CISPR32 Class A CISPR32 Class A EN55032 Class A ICES003 Class A VCCI-CISPR32 Class A EN61000-3-2 EN61000-3-3 KS C 9832
156077	81530	UCS-HD300G10KJ4-D	emc_immunity	verified	ucs-c-series-rack-servers	["EN55035 EN55024 CISPR24/35 EN300386 KS C 9835 IEC/EN61000-6-1"]	EN55035 EN55024 CISPR24/35 EN300386 KS C 9835 IEC/EN61000-6-1
175006	81530	UCS-HD300G10KJ4-D	emc_emissions	verified	ucs-c-series-rack-servers	["47CFR Part 15 (CFR 47) Class A AS","NZS CISPR32 Class A CISPR32 Class A EN55032 Class A ICES003 Class A VCCI-CISPR32 Class A EN61000-3-2 EN61000-3-3 KS C 9832 Cla","47CFR Part 15 (CFR 47) Class A AS/NZS CISPR32 Class A CISPR32 Class A EN55032 Class A ICES003 Class A VCCI-CISPR32 Class A EN61000-3-2 EN61000-3-3 KS C 9832"]	47CFR Part 15 (CFR 47) Class A AS/NZS CISPR32 Class A CISPR32 Class A EN55032 Class A ICES003 Class A VCCI-CISPR32 Class A EN61000-3-2 EN61000-3-3 KS C 9832 Cla ; 47CFR Part 15 (CFR 47) Class A AS/NZS CISPR32 Class A CISPR32 Class A EN55032 Class A ICES003 Class A VCCI-CISPR32 Class A EN61000-3-2 EN61000-3-3 KS C 9832
156542	85602	UCSC-P-NC3220	emc_immunity	verified	ucs-c-series-rack-servers	["EN55035 EN55024 CISPR24/35 EN300386 KS C 9835 IEC/EN61000-6-1"]	EN55035 EN55024 CISPR24/35 EN300386 KS C 9835 IEC/EN61000-6-1
175182	85602	UCSC-P-NC3220	emc_emissions	verified	ucs-c-series-rack-servers	["47CFR Part 15 (CFR 47) Class A AS","NZS CISPR32 Class A CISPR32 Class A EN55032 Class A ICES003 Class A VCCI-CISPR32 Class A EN61000-3-2 EN61000-3-3 KS C 9832 Cla","47CFR Part 15 (CFR 47) Class A AS/NZS CISPR32 Class A CISPR32 Class A EN55032 Class A ICES003 Class A VCCI-CISPR32 Class A EN61000-3-2 EN61000-3-3 KS C 9832"]	47CFR Part 15 (CFR 47) Class A AS/NZS CISPR32 Class A CISPR32 Class A EN55032 Class A ICES003 Class A VCCI-CISPR32 Class A EN61000-3-2 EN61000-3-3 KS C 9832 Cla ; 47CFR Part 15 (CFR 47) Class A AS/NZS CISPR32 Class A CISPR32 Class A EN55032 Class A ICES003 Class A VCCI-CISPR32 Class A EN61000-3-2 EN61000-3-3 KS C 9832
126499	87516	UCSXE-PSU-2400WDC	emc_emissions	verified	ucs-c-series-rack-servers	["■ 47CFR Part 15 (CFR 47) Class A (FCC Class A) ■ AS","NZS CISPR22 Class A ■ CISPR2 2 Class A ■ EN55022 Class A ■ ICES003 Class A ■ VCCI Class A ■ EN61000-3-2 ■ EN"]	■ 47CFR Part 15 (CFR 47) Class A (FCC Class A) ■ AS/NZS CISPR22 Class A ■ CISPR2 2 Class A ■ EN55022 Class A ■ ICES003 Class A ■ VCCI Class A ■ EN61000-3-2 ■ EN
126500	87516	UCSXE-PSU-2400WDC	emc_immunity	verified	ucs-c-series-rack-servers	["■ EN50082-1 ■ EN61000-6-1 ■ EN55024 ■ CISPR24 ■ EN300386 ■ KN 61000-4 Series"]	■ EN50082-1 ■ EN61000-6-1 ■ EN55024 ■ CISPR24 ■ EN300386 ■ KN 61000-4 Series
125902	87112	UCSX-GPU-H200-NVL	altitude_storage	corroborated	ucs-x-series-modular-system	"12,000m"	40,000 ft (12,000m)
155967	81208	UCS-CPU-I8471N	emc_emissions	verified	ucs-c-series-rack-servers	["47CFR Part 15 (CFR 47) Class A AS/NZS CISPR32 Class A CISPR32 Class A EN55032 Class A ICES003 Class A VCCI-CISPR32 Class A EN61000-3-2 EN61000-3-3 KS C 9832"]	47CFR Part 15 (CFR 47) Class A AS/NZS CISPR32 Class A CISPR32 Class A EN55032 Class A ICES003 Class A VCCI-CISPR32 Class A EN61000-3-2 EN61000-3-3 KS C 9832
155968	81208	UCS-CPU-I8471N	emc_immunity	verified	ucs-c-series-rack-servers	["EN55035 EN55024 CISPR24/35 EN300386 KS C 9835 IEC/EN61000-6-1"]	EN55035 EN55024 CISPR24/35 EN300386 KS C 9835 IEC/EN61000-6-1
155988	81166	UCS-CPU-I6438M	emc_immunity	verified	ucs-c-series-rack-servers	["EN55035 EN55024 CISPR24/35 EN300386 KS C 9835 IEC/EN61000-6-1"]	EN55035 EN55024 CISPR24/35 EN300386 KS C 9835 IEC/EN61000-6-1
174975	81166	UCS-CPU-I6438M	emc_emissions	verified	ucs-c-series-rack-servers	["47CFR Part 15 (CFR 47) Class A AS","NZS CISPR32 Class A CISPR32 Class A EN55032 Class A ICES003 Class A VCCI-CISPR32 Class A EN61000-3-2 EN61000-3-3 KS C 9832 Cla","47CFR Part 15 (CFR 47) Class A AS/NZS CISPR32 Class A CISPR32 Class A EN55032 Class A ICES003 Class A VCCI-CISPR32 Class A EN61000-3-2 EN61000-3-3 KS C 9832"]	47CFR Part 15 (CFR 47) Class A AS/NZS CISPR32 Class A CISPR32 Class A EN55032 Class A ICES003 Class A VCCI-CISPR32 Class A EN61000-3-2 EN61000-3-3 KS C 9832 Cla ; 47CFR Part 15 (CFR 47) Class A AS/NZS CISPR32 Class A CISPR32 Class A EN55032 Class A ICES003 Class A VCCI-CISPR32 Class A EN61000-3-2 EN61000-3-3 KS C 9832
156071	81323	UCS-HD12TB10KJ4-D	emc_immunity	verified	ucs-c-series-rack-servers	["EN55035 EN55024 CISPR24/35 EN300386 KS C 9835 IEC/EN61000-6-1"]	EN55035 EN55024 CISPR24/35 EN300386 KS C 9835 IEC/EN61000-6-1
175003	81323	UCS-HD12TB10KJ4-D	emc_emissions	verified	ucs-c-series-rack-servers	["47CFR Part 15 (CFR 47) Class A AS","NZS CISPR32 Class A CISPR32 Class A EN55032 Class A ICES003 Class A VCCI-CISPR32 Class A EN61000-3-2 EN61000-3-3 KS C 9832 Cla","47CFR Part 15 (CFR 47) Class A AS/NZS CISPR32 Class A CISPR32 Class A EN55032 Class A ICES003 Class A VCCI-CISPR32 Class A EN61000-3-2 EN61000-3-3 KS C 9832"]	47CFR Part 15 (CFR 47) Class A AS/NZS CISPR32 Class A CISPR32 Class A EN55032 Class A ICES003 Class A VCCI-CISPR32 Class A EN61000-3-2 EN61000-3-3 KS C 9832 Cla ; 47CFR Part 15 (CFR 47) Class A AS/NZS CISPR32 Class A CISPR32 Class A EN55032 Class A ICES003 Class A VCCI-CISPR32 Class A EN61000-3-2 EN61000-3-3 KS C 9832
157025	86914	UCSX-CPU-I6520P	altitude_storage	verified	ucs-x-series-modular-system	"12,000m"	40,000 ft (12,000m)
156814	87281	UCSX-SD19TBM3XEPD	altitude_storage	corroborated	ucs-x-series-modular-system	"12,000m"	40,000 ft (12,000m)
156069	81713	UCS-HD600G10KJ4-D	emc_immunity	verified	ucs-c-series-rack-servers	["EN55035 EN55024 CISPR24/35 EN300386 KS C 9835 IEC/EN61000-6-1"]	EN55035 EN55024 CISPR24/35 EN300386 KS C 9835 IEC/EN61000-6-1
175002	81713	UCS-HD600G10KJ4-D	emc_emissions	verified	ucs-c-series-rack-servers	["47CFR Part 15 (CFR 47) Class A AS","NZS CISPR32 Class A CISPR32 Class A EN55032 Class A ICES003 Class A VCCI-CISPR32 Class A EN61000-3-2 EN61000-3-3 KS C 9832 Cla","47CFR Part 15 (CFR 47) Class A AS/NZS CISPR32 Class A CISPR32 Class A EN55032 Class A ICES003 Class A VCCI-CISPR32 Class A EN61000-3-2 EN61000-3-3 KS C 9832"]	47CFR Part 15 (CFR 47) Class A AS/NZS CISPR32 Class A CISPR32 Class A EN55032 Class A ICES003 Class A VCCI-CISPR32 Class A EN61000-3-2 EN61000-3-3 KS C 9832 Cla ; 47CFR Part 15 (CFR 47) Class A AS/NZS CISPR32 Class A CISPR32 Class A EN55032 Class A ICES003 Class A VCCI-CISPR32 Class A EN61000-3-2 EN61000-3-3 KS C 9832
156119	83507	UCS-SDB480OA1V	emc_immunity	verified	ucs-c-series-rack-servers	["EN55035 EN55024 CISPR24/35 EN300386 KS C 9835 IEC/EN61000-6-1"]	EN55035 EN55024 CISPR24/35 EN300386 KS C 9835 IEC/EN61000-6-1
175027	83507	UCS-SDB480OA1V	emc_emissions	verified	ucs-c-series-rack-servers	["47CFR Part 15 (CFR 47) Class A AS","NZS CISPR32 Class A CISPR32 Class A EN55032 Class A ICES003 Class A VCCI-CISPR32 Class A EN61000-3-2 EN61000-3-3 KS C 9832 Cla","47CFR Part 15 (CFR 47) Class A AS/NZS CISPR32 Class A CISPR32 Class A EN55032 Class A ICES003 Class A VCCI-CISPR32 Class A EN61000-3-2 EN61000-3-3 KS C 9832"]	47CFR Part 15 (CFR 47) Class A AS/NZS CISPR32 Class A CISPR32 Class A EN55032 Class A ICES003 Class A VCCI-CISPR32 Class A EN61000-3-2 EN61000-3-3 KS C 9832 Cla ; 47CFR Part 15 (CFR 47) Class A AS/NZS CISPR32 Class A CISPR32 Class A EN55032 Class A ICES003 Class A VCCI-CISPR32 Class A EN61000-3-2 EN61000-3-3 KS C 9832
156127	83169	UCS-SD19TEM2NK9-D	emc_immunity	verified	ucs-c-series-rack-servers	["EN55035 EN55024 CISPR24/35 EN300386 KS C 9835 IEC/EN61000-6-1"]	EN55035 EN55024 CISPR24/35 EN300386 KS C 9835 IEC/EN61000-6-1
175031	83169	UCS-SD19TEM2NK9-D	emc_emissions	verified	ucs-c-series-rack-servers	["47CFR Part 15 (CFR 47) Class A AS","NZS CISPR32 Class A CISPR32 Class A EN55032 Class A ICES003 Class A VCCI-CISPR32 Class A EN61000-3-2 EN61000-3-3 KS C 9832 Cla","47CFR Part 15 (CFR 47) Class A AS/NZS CISPR32 Class A CISPR32 Class A EN55032 Class A ICES003 Class A VCCI-CISPR32 Class A EN61000-3-2 EN61000-3-3 KS C 9832"]	47CFR Part 15 (CFR 47) Class A AS/NZS CISPR32 Class A CISPR32 Class A EN55032 Class A ICES003 Class A VCCI-CISPR32 Class A EN61000-3-2 EN61000-3-3 KS C 9832 Cla ; 47CFR Part 15 (CFR 47) Class A AS/NZS CISPR32 Class A CISPR32 Class A EN55032 Class A ICES003 Class A VCCI-CISPR32 Class A EN61000-3-2 EN61000-3-3 KS C 9832
156822	87316	UCSX-SDB3T8OA1P	altitude_storage	corroborated	ucs-x-series-modular-system	"12,000m"	40,000 ft (12,000m)
157926	86523	UCSX-CPU-A9555P3	temp_storage	verified	compute-hyperconverged	{"max":65,"min":-40}	-40° to 149°F (–40° to 65°C)
124861	86523	UCSX-CPU-A9555P3	temp_operating	verified	compute-hyperconverged	{"max":35,"min":10}	50° to 95°F (10° to 35°C)
124863	86523	UCSX-CPU-A9555P3	humidity_operating	verified	compute-hyperconverged	{"max":90,"min":5}	5% to 90% noncondensing
155933	81201	UCS-CPU-I6548N	emc_immunity	verified	ucs-c-series-rack-servers	["EN55035 EN55024 CISPR24/35 EN300386 KS C 9835 IEC/EN61000-6-1"]	EN55035 EN55024 CISPR24/35 EN300386 KS C 9835 IEC/EN61000-6-1
174968	81201	UCS-CPU-I6548N	emc_emissions	verified	ucs-c-series-rack-servers	["47CFR Part 15 (CFR 47) Class A AS","NZS CISPR32 Class A CISPR32 Class A EN55032 Class A ICES003 Class A VCCI-CISPR32 Class A EN61000-3-2 EN61000-3-3 KS C 9832 Cla","47CFR Part 15 (CFR 47) Class A AS/NZS CISPR32 Class A CISPR32 Class A EN55032 Class A ICES003 Class A VCCI-CISPR32 Class A EN61000-3-2 EN61000-3-3 KS C 9832"]	47CFR Part 15 (CFR 47) Class A AS/NZS CISPR32 Class A CISPR32 Class A EN55032 Class A ICES003 Class A VCCI-CISPR32 Class A EN61000-3-2 EN61000-3-3 KS C 9832 Cla ; 47CFR Part 15 (CFR 47) Class A AS/NZS CISPR32 Class A CISPR32 Class A EN55032 Class A ICES003 Class A VCCI-CISPR32 Class A EN61000-3-2 EN61000-3-3 KS C 9832
155941	81286	UCS-CPU-I4514Y	emc_immunity	verified	ucs-c-series-rack-servers	["EN55035 EN55024 CISPR24/35 EN300386 KS C 9835 IEC/EN61000-6-1"]	EN55035 EN55024 CISPR24/35 EN300386 KS C 9835 IEC/EN61000-6-1
174970	81286	UCS-CPU-I4514Y	emc_emissions	verified	ucs-c-series-rack-servers	["47CFR Part 15 (CFR 47) Class A AS","NZS CISPR32 Class A CISPR32 Class A EN55032 Class A ICES003 Class A VCCI-CISPR32 Class A EN61000-3-2 EN61000-3-3 KS C 9832 Cla","47CFR Part 15 (CFR 47) Class A AS/NZS CISPR32 Class A CISPR32 Class A EN55032 Class A ICES003 Class A VCCI-CISPR32 Class A EN61000-3-2 EN61000-3-3 KS C 9832"]	47CFR Part 15 (CFR 47) Class A AS/NZS CISPR32 Class A CISPR32 Class A EN55032 Class A ICES003 Class A VCCI-CISPR32 Class A EN61000-3-2 EN61000-3-3 KS C 9832 Cla ; 47CFR Part 15 (CFR 47) Class A AS/NZS CISPR32 Class A CISPR32 Class A EN55032 Class A ICES003 Class A VCCI-CISPR32 Class A EN61000-3-2 EN61000-3-3 KS C 9832
93891	40079	HCI-CPU-I5411N1	emc_emissions	verified	hyperconverged-infrastructure	["47CFR Part 15 (CFR 47) Class A AS","NZS CISPR32 Class A CISPR32 Class A EN55032 Class A ICES003 Class A VCCI-CISPR32 Class A EN61000-3-2 EN61000-3-3 KS C 9832 Cla"]	47CFR Part 15 (CFR 47) Class A AS/NZS CISPR32 Class A CISPR32 Class A EN55032 Class A ICES003 Class A VCCI-CISPR32 Class A EN61000-3-2 EN61000-3-3 KS C 9832 Cla
93892	40079	HCI-CPU-I5411N1	emc_immunity	verified	hyperconverged-infrastructure	["EN55035 EN55024 CISPR24","35 EN300386 KS C 9835 IEC","EN61000-6-1"]	EN55035 EN55024 CISPR24/35 EN300386 KS C 9835 IEC/EN61000-6-1
157369	83304	UCS-SD800GBKNK9-D	emc_immunity	verified	ucs-c-series-rack-servers	["EN55035 EN55024 CISPR24/35 EN300386 KS C 9835 IEC/EN61000-6-1"]	EN55035 EN55024 CISPR24/35 EN300386 KS C 9835 IEC/EN61000-6-1
175217	83304	UCS-SD800GBKNK9-D	emc_emissions	verified	ucs-c-series-rack-servers	["47CFR Part 15 (CFR 47) Class A AS","NZS CISPR32 Class A CISPR32 Class A EN55032 Class A ICES003 Class A VCCI-CISPR32 Class A EN61000-3-2 EN61000-3-3 KS C 9832 Cla","47CFR Part 15 (CFR 47) Class A AS/NZS CISPR32 Class A CISPR32 Class A EN55032 Class A ICES003 Class A VCCI-CISPR32 Class A EN61000-3-2 EN61000-3-3 KS C 9832"]	47CFR Part 15 (CFR 47) Class A AS/NZS CISPR32 Class A CISPR32 Class A EN55032 Class A ICES003 Class A VCCI-CISPR32 Class A EN61000-3-2 EN61000-3-3 KS C 9832 Cla ; 47CFR Part 15 (CFR 47) Class A AS/NZS CISPR32 Class A CISPR32 Class A EN55032 Class A ICES003 Class A VCCI-CISPR32 Class A EN61000-3-2 EN61000-3-3 KS C 9832
155204	40109	HCI-CPU-I5315Y	emc_emissions	verified	compute-hyperconverged-nutanix	["47CFR Part 15 (CFR 47) Class A AS/NZS CISPR32 Class A CISPR32 Class A EN55032 Class A ICES003 Class A VCCI Class A EN61000-3-2 EN61000-3-3 KN32 Class A CNS13438"]	47CFR Part 15 (CFR 47) Class A AS/NZS CISPR32 Class A CISPR32 Class A EN55032 Class A ICES003 Class A VCCI Class A EN61000-3-2 EN61000-3-3 KN32 Class A CNS13438
93952	40109	HCI-CPU-I5315Y	emc_immunity	verified	compute-hyperconverged-nutanix	["EN55024 CISPR24 EN300386 KN35"]	EN55024 CISPR24 EN300386 KN35
173059	40109	HCI-CPU-I5315Y	humidity_operating	verified	compute-hyperconverged-nutanix	{"max":90,"min":10}	10% to 90% and 28°C (82.4°F) maximum dew-point temperature,
173060	40109	HCI-CPU-I5315Y	humidity_storage	verified	compute-hyperconverged-nutanix	{"max":93,"min":5}	5% to 93% relative humidity, non-condensing, with a maximum
157367	83502	UCS-SD76TM1X-EV-D	emc_immunity	verified	ucs-c-series-rack-servers	["EN55035 EN55024 CISPR24/35 EN300386 KS C 9835 IEC/EN61000-6-1"]	EN55035 EN55024 CISPR24/35 EN300386 KS C 9835 IEC/EN61000-6-1
175216	83502	UCS-SD76TM1X-EV-D	emc_emissions	verified	ucs-c-series-rack-servers	["47CFR Part 15 (CFR 47) Class A AS","NZS CISPR32 Class A CISPR32 Class A EN55032 Class A ICES003 Class A VCCI-CISPR32 Class A EN61000-3-2 EN61000-3-3 KS C 9832 Cla","47CFR Part 15 (CFR 47) Class A AS/NZS CISPR32 Class A CISPR32 Class A EN55032 Class A ICES003 Class A VCCI-CISPR32 Class A EN61000-3-2 EN61000-3-3 KS C 9832"]	47CFR Part 15 (CFR 47) Class A AS/NZS CISPR32 Class A CISPR32 Class A EN55032 Class A ICES003 Class A VCCI-CISPR32 Class A EN61000-3-2 EN61000-3-3 KS C 9832 Cla ; 47CFR Part 15 (CFR 47) Class A AS/NZS CISPR32 Class A CISPR32 Class A EN55032 Class A ICES003 Class A VCCI-CISPR32 Class A EN61000-3-2 EN61000-3-3 KS C 9832
155937	81230	UCS-CPU-I6538Y+	emc_immunity	verified	ucs-c-series-rack-servers	["EN55035 EN55024 CISPR24/35 EN300386 KS C 9835 IEC/EN61000-6-1"]	EN55035 EN55024 CISPR24/35 EN300386 KS C 9835 IEC/EN61000-6-1
174969	81230	UCS-CPU-I6538Y+	emc_emissions	verified	ucs-c-series-rack-servers	["47CFR Part 15 (CFR 47) Class A AS","NZS CISPR32 Class A CISPR32 Class A EN55032 Class A ICES003 Class A VCCI-CISPR32 Class A EN61000-3-2 EN61000-3-3 KS C 9832 Cla","47CFR Part 15 (CFR 47) Class A AS/NZS CISPR32 Class A CISPR32 Class A EN55032 Class A ICES003 Class A VCCI-CISPR32 Class A EN61000-3-2 EN61000-3-3 KS C 9832"]	47CFR Part 15 (CFR 47) Class A AS/NZS CISPR32 Class A CISPR32 Class A EN55032 Class A ICES003 Class A VCCI-CISPR32 Class A EN61000-3-2 EN61000-3-3 KS C 9832 Cla ; 47CFR Part 15 (CFR 47) Class A AS/NZS CISPR32 Class A CISPR32 Class A EN55032 Class A ICES003 Class A VCCI-CISPR32 Class A EN61000-3-2 EN61000-3-3 KS C 9832
155929	81273	UCS-CPU-I6554S	emc_immunity	verified	ucs-c-series-rack-servers	["EN55035 EN55024 CISPR24/35 EN300386 KS C 9835 IEC/EN61000-6-1"]	EN55035 EN55024 CISPR24/35 EN300386 KS C 9835 IEC/EN61000-6-1
174967	81273	UCS-CPU-I6554S	emc_emissions	verified	ucs-c-series-rack-servers	["47CFR Part 15 (CFR 47) Class A AS","NZS CISPR32 Class A CISPR32 Class A EN55032 Class A ICES003 Class A VCCI-CISPR32 Class A EN61000-3-2 EN61000-3-3 KS C 9832 Cla","47CFR Part 15 (CFR 47) Class A AS/NZS CISPR32 Class A CISPR32 Class A EN55032 Class A ICES003 Class A VCCI-CISPR32 Class A EN61000-3-2 EN61000-3-3 KS C 9832"]	47CFR Part 15 (CFR 47) Class A AS/NZS CISPR32 Class A CISPR32 Class A EN55032 Class A ICES003 Class A VCCI-CISPR32 Class A EN61000-3-2 EN61000-3-3 KS C 9832 Cla ; 47CFR Part 15 (CFR 47) Class A AS/NZS CISPR32 Class A CISPR32 Class A EN55032 Class A ICES003 Class A VCCI-CISPR32 Class A EN61000-3-2 EN61000-3-3 KS C 9832
155485	40012	HCI-CPU-I6517P	emc_immunity	verified	compute-hyperconverged	["EN55035 EN55024 CISPR24/35 EN300386 KS C 9835 IEC/EN61000-6-1"]	EN55035 EN55024 CISPR24/35 EN300386 KS C 9835 IEC/EN61000-6-1
174877	40012	HCI-CPU-I6517P	emc_emissions	verified	compute-hyperconverged	["47CFR Part 15 (CFR 47) Class A AS","NZS CISPR32 Class A CISPR32 Class A EN55032 Class A ICES003 Class A VCCI-CISPR32 Class A EN61000-3-2 EN61000-3-3 KS C 9832 Cla","47CFR Part 15 (CFR 47) Class A AS/NZS CISPR32 Class A CISPR32 Class A EN55032 Class A ICES003 Class A VCCI-CISPR32 Class A EN61000-3-2 EN61000-3-3 KS C 9832"]	47CFR Part 15 (CFR 47) Class A AS/NZS CISPR32 Class A CISPR32 Class A EN55032 Class A ICES003 Class A VCCI-CISPR32 Class A EN61000-3-2 EN61000-3-3 KS C 9832 Cla ; 47CFR Part 15 (CFR 47) Class A AS/NZS CISPR32 Class A CISPR32 Class A EN55032 Class A ICES003 Class A VCCI-CISPR32 Class A EN61000-3-2 EN61000-3-3 KS C 9832
93753	40013	HCI-CPU-I6521P1	emc_emissions	verified	compute-hyperconverged	["47CFR Part 15 (CFR 47) Class A AS","NZS CISPR32 Class A CISPR32 Class A EN55032 Class A ICES003 Class A VCCI-CISPR32 Class A EN61000-3-2 EN61000-3-3 KS C 9832 Cla"]	47CFR Part 15 (CFR 47) Class A AS/NZS CISPR32 Class A CISPR32 Class A EN55032 Class A ICES003 Class A VCCI-CISPR32 Class A EN61000-3-2 EN61000-3-3 KS C 9832 Cla
93754	40013	HCI-CPU-I6521P1	emc_immunity	verified	compute-hyperconverged	["EN55035 EN55024 CISPR24","35 EN300386 KS C 9835 IEC","EN61000-6-1"]	EN55035 EN55024 CISPR24/35 EN300386 KS C 9835 IEC/EN61000-6-1
155667	40036	HCI-CPU-I6548N	emc_immunity	verified	hyperconverged-infrastructure	["EN55035 EN55024 CISPR24/35 EN300386 KS C 9835 IEC/EN61000-6-1"]	EN55035 EN55024 CISPR24/35 EN300386 KS C 9835 IEC/EN61000-6-1
174895	40036	HCI-CPU-I6548N	emc_emissions	verified	hyperconverged-infrastructure	["47CFR Part 15 (CFR 47) Class A AS","NZS CISPR32 Class A CISPR32 Class A EN55032 Class A ICES003 Class A VCCI-CISPR32 Class A EN61000-3-2 EN61000-3-3 KS C 9832 Cla","47CFR Part 15 (CFR 47) Class A AS/NZS CISPR32 Class A CISPR32 Class A EN55032 Class A ICES003 Class A VCCI-CISPR32 Class A EN61000-3-2 EN61000-3-3 KS C 9832"]	47CFR Part 15 (CFR 47) Class A AS/NZS CISPR32 Class A CISPR32 Class A EN55032 Class A ICES003 Class A VCCI-CISPR32 Class A EN61000-3-2 EN61000-3-3 KS C 9832 Cla ; 47CFR Part 15 (CFR 47) Class A AS/NZS CISPR32 Class A CISPR32 Class A EN55032 Class A ICES003 Class A VCCI-CISPR32 Class A EN61000-3-2 EN61000-3-3 KS C 9832
173287	40036	HCI-CPU-I6548N	humidity_operating	verified	hyperconverged-infrastructure	{"max":90,"min":8}	8% to 90% relative humidity, non-condensing, with maximum wet
173288	40036	HCI-CPU-I6548N	humidity_storage	verified	hyperconverged-infrastructure	{"max":93,"min":5}	5% to 93% relative humidity, non-condensing, with a maximum
155453	40037	HCI-CPU-I6745P	emc_immunity	verified	compute-hyperconverged	["EN55035 EN55024 CISPR24/35 EN300386 KS C 9835 IEC/EN61000-6-1"]	EN55035 EN55024 CISPR24/35 EN300386 KS C 9835 IEC/EN61000-6-1
174869	40037	HCI-CPU-I6745P	emc_emissions	verified	compute-hyperconverged	["47CFR Part 15 (CFR 47) Class A AS","NZS CISPR32 Class A CISPR32 Class A EN55032 Class A ICES003 Class A VCCI-CISPR32 Class A EN61000-3-2 EN61000-3-3 KS C 9832 Cla","47CFR Part 15 (CFR 47) Class A AS/NZS CISPR32 Class A CISPR32 Class A EN55032 Class A ICES003 Class A VCCI-CISPR32 Class A EN61000-3-2 EN61000-3-3 KS C 9832"]	47CFR Part 15 (CFR 47) Class A AS/NZS CISPR32 Class A CISPR32 Class A EN55032 Class A ICES003 Class A VCCI-CISPR32 Class A EN61000-3-2 EN61000-3-3 KS C 9832 Cla ; 47CFR Part 15 (CFR 47) Class A AS/NZS CISPR32 Class A CISPR32 Class A EN55032 Class A ICES003 Class A VCCI-CISPR32 Class A EN61000-3-2 EN61000-3-3 KS C 9832
93985	40118	HCI-CPU-I6761P1	emc_emissions	verified	compute-hyperconverged	["47CFR Part 15 (CFR 47) Class A AS","NZS CISPR32 Class A CISPR32 Class A EN55032 Class A ICES003 Class A VCCI-CISPR32 Class A EN61000-3-2 EN61000-3-3 KS C 9832 Cla"]	47CFR Part 15 (CFR 47) Class A AS/NZS CISPR32 Class A CISPR32 Class A EN55032 Class A ICES003 Class A VCCI-CISPR32 Class A EN61000-3-2 EN61000-3-3 KS C 9832 Cla
93986	40118	HCI-CPU-I6761P1	emc_immunity	verified	compute-hyperconverged	["EN55035 EN55024 CISPR24","35 EN300386 KS C 9835 IEC","EN61000-6-1"]	EN55035 EN55024 CISPR24/35 EN300386 KS C 9835 IEC/EN61000-6-1
155166	40239	HCI-CPU-I8362	emc_emissions	verified	compute-hyperconverged-nutanix	["47CFR Part 15 (CFR 47) Class A AS/NZS CISPR32 Class A CISPR32 Class A EN55032 Class A ICES003 Class A VCCI Class A EN61000-3-2 EN61000-3-3 KN32 Class A CNS13438"]	47CFR Part 15 (CFR 47) Class A AS/NZS CISPR32 Class A CISPR32 Class A EN55032 Class A ICES003 Class A VCCI Class A EN61000-3-2 EN61000-3-3 KN32 Class A CNS13438
94240	40239	HCI-CPU-I8362	emc_immunity	verified	compute-hyperconverged-nutanix	["EN55024 CISPR24 EN300386 KN35"]	EN55024 CISPR24 EN300386 KN35
173021	40239	HCI-CPU-I8362	humidity_operating	verified	compute-hyperconverged-nutanix	{"max":90,"min":10}	10% to 90% and 28°C (82.4°F) maximum dew-point temperature,
173022	40239	HCI-CPU-I8362	humidity_storage	verified	compute-hyperconverged-nutanix	{"max":93,"min":5}	5% to 93% relative humidity, non-condensing, with a maximum
94073	40156	HCI-CPU-I8461V1	emc_emissions	verified	hyperconverged-infrastructure	["47CFR Part 15 (CFR 47) Class A AS","NZS CISPR32 Class A CISPR32 Class A EN55032 Class A ICES003 Class A VCCI-CISPR32 Class A EN61000-3-2 EN61000-3-3 KS C 9832 Cla"]	47CFR Part 15 (CFR 47) Class A AS/NZS CISPR32 Class A CISPR32 Class A EN55032 Class A ICES003 Class A VCCI-CISPR32 Class A EN61000-3-2 EN61000-3-3 KS C 9832 Cla
94074	40156	HCI-CPU-I8461V1	emc_immunity	verified	hyperconverged-infrastructure	["EN55035 EN55024 CISPR24","35 EN300386 KS C 9835 IEC","EN61000-6-1"]	EN55035 EN55024 CISPR24/35 EN300386 KS C 9835 IEC/EN61000-6-1
94017	40126	HCI-CPU-I8571N1	emc_emissions	verified	hyperconverged-infrastructure	["47CFR Part 15 (CFR 47) Class A AS","NZS CISPR32 Class A CISPR32 Class A EN55032 Class A ICES003 Class A VCCI-CISPR32 Class A EN61000-3-2 EN61000-3-3 KS C 9832 Cla"]	47CFR Part 15 (CFR 47) Class A AS/NZS CISPR32 Class A CISPR32 Class A EN55032 Class A ICES003 Class A VCCI-CISPR32 Class A EN61000-3-2 EN61000-3-3 KS C 9832 Cla
94018	40126	HCI-CPU-I8571N1	emc_immunity	verified	hyperconverged-infrastructure	["EN55035 EN55024 CISPR24","35 EN300386 KS C 9835 IEC","EN61000-6-1"]	EN55035 EN55024 CISPR24/35 EN300386 KS C 9835 IEC/EN61000-6-1
155218	40592	HCI-MR-X64G2RW	emc_emissions	verified	compute-hyperconverged-nutanix	["47CFR Part 15 (CFR 47) Class A AS/NZS CISPR32 Class A CISPR32 Class A EN55032 Class A ICES003 Class A VCCI Class A EN61000-3-2 EN61000-3-3 KN32 Class A CNS13438"]	47CFR Part 15 (CFR 47) Class A AS/NZS CISPR32 Class A CISPR32 Class A EN55032 Class A ICES003 Class A VCCI Class A EN61000-3-2 EN61000-3-3 KN32 Class A CNS13438
94466	40592	HCI-MR-X64G2RW	emc_immunity	verified	compute-hyperconverged-nutanix	["EN55024 CISPR24 EN300386 KN35"]	EN55024 CISPR24 EN300386 KN35
173077	40592	HCI-MR-X64G2RW	humidity_operating	verified	compute-hyperconverged-nutanix	{"max":90,"min":10}	10% to 90% and 28°C (82.4°F) maximum dew-point temperature,
173078	40592	HCI-MR-X64G2RW	humidity_storage	verified	compute-hyperconverged-nutanix	{"max":93,"min":5}	5% to 93% relative humidity, non-condensing, with a maximum
124238	85147	UCSC-GPU-L43	emc_emissions	verified	ucs-c-series-rack-servers	["47CFR Part 15 (CFR 47) Class A AS","NZS CISPR32 Class A CISPR32 Class A EN55032 Class A ICES003 Class A VCCI-CISPR32 Class A EN61000-3-2 EN61000-3-3 KS C 9832 Cla"]	47CFR Part 15 (CFR 47) Class A AS/NZS CISPR32 Class A CISPR32 Class A EN55032 Class A ICES003 Class A VCCI-CISPR32 Class A EN61000-3-2 EN61000-3-3 KS C 9832 Cla
124239	85147	UCSC-GPU-L43	emc_immunity	verified	ucs-c-series-rack-servers	["EN55035 EN55024 CISPR24","35 EN300386 KS C 9835 IEC","EN61000-6-1"]	EN55035 EN55024 CISPR24/35 EN300386 KS C 9835 IEC/EN61000-6-1
174629	41720	HX-CPU-I6240M	humidity_operating	verified	hyperflex-hx-series	{"max":90,"min":10}	10% to 90% and 28°C (82.4°F) maximum dew-point temperature,
174630	41720	HX-CPU-I6240M	humidity_storage	verified	hyperflex-hx-series	{"max":93,"min":5}	5% to 93% relative humidity, non-condensing, with a maximum
174631	41720	HX-CPU-I6240M	certifications	verified	hyperflex-hx-series	["60950-1 Second Edition"]	60950-1 Second Edition
174632	41720	HX-CPU-I6240M	emc_emissions	verified	hyperflex-hx-series	["47CFR Part 15 (CFR 47) Class A"]	47CFR Part 15 (CFR 47) Class A
114184	70979	RFGW-1-RAIL24=	supported_protocols	verified	rf-gateway-series	["HTTP","SNMP","FTP","RPC"]	HTTP, SNMP, FTP, RPC
153926	70979	RFGW-1-RAIL24=	temp_storage	verified	rf-gateway-series	{"max":70,"min":-22}	–30 to 158°F (–22 to 70°C)
114185	70979	RFGW-1-RAIL24=	temp_operating	verified	rf-gateway-series	{"max":50,"min":0}	32 to 122°F (0 to 50°C)
114186	70979	RFGW-1-RAIL24=	humidity_operating	verified	rf-gateway-series	{"max":95,"min":5}	5% to 95%, non-condensing
173088	81113	UCS-CPU-I8362	altitude_max	verified	compute-hyperconverged	3050	0 m to 3050 m (10,000 ft)
173087	81113	UCS-CPU-I8362	temp_operating	verified	compute-hyperconverged	{"max":35,"min":10}	10°C to 35°C (50°F to 95°F) with no direct sunlight
173089	81113	UCS-CPU-I8362	altitude_storage	verified	compute-hyperconverged	"0 m to 12,000 m (39,370 ft)"	0 m to 12,000 m (39,370 ft)
173090	81113	UCS-CPU-I8362	certifications	verified	compute-hyperconverged	["950-1 No. 21CFR1040","CAN/CSA-C22.2 No. 60950-1","IRAM IEC60950-1"]	950-1 No. 21CFR1040, CAN/CSA-C22.2 No. 60950-1, IRAM IEC60950-1,
157931	86589	UCSX-CPU-A91153	temp_storage	verified	compute-hyperconverged	{"max":65,"min":-40}	-40° to 149°F (–40° to 65°C)
124967	86589	UCSX-CPU-A91153	temp_operating	verified	compute-hyperconverged	{"max":35,"min":10}	50° to 95°F (10° to 35°C)
124969	86589	UCSX-CPU-A91153	humidity_operating	verified	compute-hyperconverged	{"max":90,"min":5}	5% to 90% noncondensing
157921	86421	UCSX-CPU-A96453	temp_storage	verified	compute-hyperconverged	{"max":65,"min":-40}	-40° to 149°F (–40° to 65°C)
124676	86421	UCSX-CPU-A96453	temp_operating	verified	compute-hyperconverged	{"max":35,"min":10}	50° to 95°F (10° to 35°C)
124678	86421	UCSX-CPU-A96453	humidity_operating	verified	compute-hyperconverged	{"max":90,"min":5}	5% to 90% noncondensing
125263	86775	UCSX-CPU-I6312U4	temp_operating	verified	compute-hyperconverged	{"max":35,"min":10}	50 to 95°F (10 to 35°C) (as altitude increases, maximum temperature decreases by 1°C per 300m)
125264	86775	UCSX-CPU-I6312U4	temp_storage	verified	compute-hyperconverged	{"max":65,"min":-40}	-40 to 149°F (-40 to 65°C); maximum altitude is 40,000 ft
125265	86775	UCSX-CPU-I6312U4	humidity_operating	verified	compute-hyperconverged	{"max":90,"min":10}	10% to 90% noncondensing, 28°C max
125266	86775	UCSX-CPU-I6312U4	emc_emissions	verified	compute-hyperconverged	["■ 47CFR Part 15 (CFR 47) Class A (FCC Class A) ■ AS","NZS CISPR22 Class A ■ CISPR2 2 Class A ■ EN55022 Class A ■ ICES003 Class A ■ VCCI Class A ■ EN61000-3-2 ■ EN"]	■ 47CFR Part 15 (CFR 47) Class A (FCC Class A) ■ AS/NZS CISPR22 Class A ■ CISPR2 2 Class A ■ EN55022 Class A ■ ICES003 Class A ■ VCCI Class A ■ EN61000-3-2 ■ EN
125267	86775	UCSX-CPU-I6312U4	emc_immunity	verified	compute-hyperconverged	["■ EN50082-1 ■ EN61000-6-1 ■ EN55024 ■ CISPR24 ■ EN300386 ■ KN 61000-4 Series"]	■ EN50082-1 ■ EN61000-6-1 ■ EN55024 ■ CISPR24 ■ EN300386 ■ KN 61000-4 Series
174485	41768	HX-CPU-4116	humidity_operating	verified	hyperflex-hx-series	{"max":90,"min":10}	10% to 90% and 28°C (82.4°F) maximum dew-point temperature,
174486	41768	HX-CPU-4116	humidity_storage	verified	hyperflex-hx-series	{"max":93,"min":5}	5% to 93% relative humidity, non-condensing, with a maximum
174487	41768	HX-CPU-4116	certifications	verified	hyperflex-hx-series	["60950-1 Second Edition"]	60950-1 Second Edition
174488	41768	HX-CPU-4116	emc_emissions	verified	hyperflex-hx-series	["47CFR Part 15 (CFR 47) Class A"]	47CFR Part 15 (CFR 47) Class A
174501	41674	HX-CPU-5120	humidity_operating	verified	hyperflex-hx-series	{"max":90,"min":10}	10% to 90% and 28°C (82.4°F) maximum dew-point temperature,
174502	41674	HX-CPU-5120	humidity_storage	verified	hyperflex-hx-series	{"max":93,"min":5}	5% to 93% relative humidity, non-condensing, with a maximum
174503	41674	HX-CPU-5120	certifications	verified	hyperflex-hx-series	["60950-1 Second Edition"]	60950-1 Second Edition
174504	41674	HX-CPU-5120	emc_emissions	verified	hyperflex-hx-series	["47CFR Part 15 (CFR 47) Class A"]	47CFR Part 15 (CFR 47) Class A
174517	41422	HX-CPU-6134	humidity_operating	verified	hyperflex-hx-series	{"max":90,"min":10}	10% to 90% and 28°C (82.4°F) maximum dew-point temperature,
174518	41422	HX-CPU-6134	humidity_storage	verified	hyperflex-hx-series	{"max":93,"min":5}	5% to 93% relative humidity, non-condensing, with a maximum
174519	41422	HX-CPU-6134	certifications	verified	hyperflex-hx-series	["60950-1 Second Edition"]	60950-1 Second Edition
174520	41422	HX-CPU-6134	emc_emissions	verified	hyperflex-hx-series	["47CFR Part 15 (CFR 47) Class A"]	47CFR Part 15 (CFR 47) Class A
174533	41478	HX-CPU-6140	humidity_operating	verified	hyperflex-hx-series	{"max":90,"min":10}	10% to 90% and 28°C (82.4°F) maximum dew-point temperature,
174534	41478	HX-CPU-6140	humidity_storage	verified	hyperflex-hx-series	{"max":93,"min":5}	5% to 93% relative humidity, non-condensing, with a maximum
174535	41478	HX-CPU-6140	certifications	verified	hyperflex-hx-series	["60950-1 Second Edition"]	60950-1 Second Edition
174536	41478	HX-CPU-6140	emc_emissions	verified	hyperflex-hx-series	["47CFR Part 15 (CFR 47) Class A"]	47CFR Part 15 (CFR 47) Class A
174537	41545	HX-CPU-6140M	humidity_operating	verified	hyperflex-hx-series	{"max":90,"min":10}	10% to 90% and 28°C (82.4°F) maximum dew-point temperature,
174538	41545	HX-CPU-6140M	humidity_storage	verified	hyperflex-hx-series	{"max":93,"min":5}	5% to 93% relative humidity, non-condensing, with a maximum
174539	41545	HX-CPU-6140M	certifications	verified	hyperflex-hx-series	["60950-1 Second Edition"]	60950-1 Second Edition
174540	41545	HX-CPU-6140M	emc_emissions	verified	hyperflex-hx-series	["47CFR Part 15 (CFR 47) Class A"]	47CFR Part 15 (CFR 47) Class A
174577	41608	HX-CPU-8158	humidity_operating	verified	hyperflex-hx-series	{"max":90,"min":10}	10% to 90% and 28°C (82.4°F) maximum dew-point temperature,
174578	41608	HX-CPU-8158	humidity_storage	verified	hyperflex-hx-series	{"max":93,"min":5}	5% to 93% relative humidity, non-condensing, with a maximum
174579	41608	HX-CPU-8158	certifications	verified	hyperflex-hx-series	["60950-1 Second Edition"]	60950-1 Second Edition
174580	41608	HX-CPU-8158	emc_emissions	verified	hyperflex-hx-series	["47CFR Part 15 (CFR 47) Class A"]	47CFR Part 15 (CFR 47) Class A
174581	41577	HX-CPU-8160	humidity_operating	verified	hyperflex-hx-series	{"max":90,"min":10}	10% to 90% and 28°C (82.4°F) maximum dew-point temperature,
174582	41577	HX-CPU-8160	humidity_storage	verified	hyperflex-hx-series	{"max":93,"min":5}	5% to 93% relative humidity, non-condensing, with a maximum
174583	41577	HX-CPU-8160	certifications	verified	hyperflex-hx-series	["60950-1 Second Edition"]	60950-1 Second Edition
174584	41577	HX-CPU-8160	emc_emissions	verified	hyperflex-hx-series	["47CFR Part 15 (CFR 47) Class A"]	47CFR Part 15 (CFR 47) Class A
174597	41322	HX-CPU-8170	humidity_operating	verified	hyperflex-hx-series	{"max":90,"min":10}	10% to 90% and 28°C (82.4°F) maximum dew-point temperature,
174598	41322	HX-CPU-8170	humidity_storage	verified	hyperflex-hx-series	{"max":93,"min":5}	5% to 93% relative humidity, non-condensing, with a maximum
174599	41322	HX-CPU-8170	certifications	verified	hyperflex-hx-series	["60950-1 Second Edition"]	60950-1 Second Edition
174600	41322	HX-CPU-8170	emc_emissions	verified	hyperflex-hx-series	["47CFR Part 15 (CFR 47) Class A"]	47CFR Part 15 (CFR 47) Class A
95468	41585	HX-CPU-A7662	emc_immunity	verified	hyperflex-hx-series	["EN55024 CISPR24 EN300386 KN35"]	EN55024 CISPR24 EN300386 KN35
174952	41585	HX-CPU-A7662	emc_emissions	verified	hyperflex-hx-series	["47CFR Part 15 (CFR 47) Class A  AS","NZS CISPR32 Class A  CISPR32 Class A EN55032 Class A  ICES003 Class A  VCCI Class A  EN61000-3-2 EN61000-3-3 KN32 Cla","47CFR Part 15 (CFR 47) Class A  AS/NZS CISPR32 Class A  CISPR32 Class A EN55032 Class A  ICES003 Class A  VCCI Class A  EN61000-3-2 EN61000-3-3 KN32"]	47CFR Part 15 (CFR 47) Class A  AS/NZS CISPR32 Class A  CISPR32 Class A EN55032 Class A  ICES003 Class A  VCCI Class A  EN61000-3-2 EN61000-3-3 KN32 Cla ; 47CFR Part 15 (CFR 47) Class A  AS/NZS CISPR32 Class A  CISPR32 Class A EN55032 Class A  ICES003 Class A  VCCI Class A  EN61000-3-2 EN61000-3-3 KN32
173494	41585	HX-CPU-A7662	humidity_operating	verified	hyperflex-hx-series	{"max":90,"min":10}	10% to 90% and 28°C (82.4°F) maximum dew-point temperature,
173495	41585	HX-CPU-A7662	humidity_storage	verified	hyperflex-hx-series	{"max":93,"min":5}	5% to 93% relative humidity, non-condensing, with a maximum
95315	41452	HX-CPU-A7713	emc_immunity	verified	hyperflex-hx-series	["EN55024 CISPR24 EN300386 KN35"]	EN55024 CISPR24 EN300386 KN35
174932	41452	HX-CPU-A7713	emc_emissions	verified	hyperflex-hx-series	["47CFR Part 15 (CFR 47) Class A  AS","NZS CISPR32 Class A  CISPR32 Class A EN55032 Class A  ICES003 Class A  VCCI Class A  EN61000-3-2 EN61000-3-3 KN32 Cla","47CFR Part 15 (CFR 47) Class A  AS/NZS CISPR32 Class A  CISPR32 Class A EN55032 Class A  ICES003 Class A  VCCI Class A  EN61000-3-2 EN61000-3-3 KN32"]	47CFR Part 15 (CFR 47) Class A  AS/NZS CISPR32 Class A  CISPR32 Class A EN55032 Class A  ICES003 Class A  VCCI Class A  EN61000-3-2 EN61000-3-3 KN32 Cla ; 47CFR Part 15 (CFR 47) Class A  AS/NZS CISPR32 Class A  CISPR32 Class A EN55032 Class A  ICES003 Class A  VCCI Class A  EN61000-3-2 EN61000-3-3 KN32
173434	41452	HX-CPU-A7713	humidity_operating	verified	hyperflex-hx-series	{"max":90,"min":10}	10% to 90% and 28°C (82.4°F) maximum dew-point temperature,
173435	41452	HX-CPU-A7713	humidity_storage	verified	hyperflex-hx-series	{"max":93,"min":5}	5% to 93% relative humidity, non-condensing, with a maximum
95733	42053	HX-CPU-I8351N3	emc_emissions	verified	hyperflex-hx-series	["47CFR Part 15 (CFR 47) Class A  AS","NZS CISPR32 Class A  CISPR32 Class A EN55032 Class A  ICES003 Class A  VCCI Class A  EN61000-3-2 EN61000-3-3 KN32 Cla"]	47CFR Part 15 (CFR 47) Class A  AS/NZS CISPR32 Class A  CISPR32 Class A EN55032 Class A  ICES003 Class A  VCCI Class A  EN61000-3-2 EN61000-3-3 KN32 Cla
95734	42053	HX-CPU-I8351N3	emc_immunity	verified	hyperflex-hx-series	["EN55024 CISPR24 EN300386 KN35"]	EN55024 CISPR24 EN300386 KN35
174649	41834	HX-MR-128G8RS-H	humidity_operating	verified	hyperflex-hx-series	{"max":90,"min":10}	10% to 90% and 28°C (82.4°F) maximum dew-point temperature,
174650	41834	HX-MR-128G8RS-H	humidity_storage	verified	hyperflex-hx-series	{"max":93,"min":5}	5% to 93% relative humidity, non-condensing, with a maximum
174651	41834	HX-MR-128G8RS-H	certifications	verified	hyperflex-hx-series	["60950-1 Second Edition"]	60950-1 Second Edition
174652	41834	HX-MR-128G8RS-H	emc_emissions	verified	hyperflex-hx-series	["47CFR Part 15 (CFR 47) Class A"]	47CFR Part 15 (CFR 47) Class A
174653	41929	HX-MR-X16G1RS-H	humidity_operating	verified	hyperflex-hx-series	{"max":90,"min":10}	10% to 90% and 28°C (82.4°F) maximum dew-point temperature,
174654	41929	HX-MR-X16G1RS-H	humidity_storage	verified	hyperflex-hx-series	{"max":93,"min":5}	5% to 93% relative humidity, non-condensing, with a maximum
174655	41929	HX-MR-X16G1RS-H	certifications	verified	hyperflex-hx-series	["60950-1 Second Edition"]	60950-1 Second Edition
174656	41929	HX-MR-X16G1RS-H	emc_emissions	verified	hyperflex-hx-series	["47CFR Part 15 (CFR 47) Class A"]	47CFR Part 15 (CFR 47) Class A
173410	41931	HX-MR-X32G2RW	certifications	verified	hyperflex-hx-series	["60950-1 Second Edition"]	60950-1 Second Edition
173408	41931	HX-MR-X32G2RW	humidity_operating	verified	hyperflex-hx-series	{"max":90,"min":10}	10% to 90% and 28°C (82.4°F) maximum dew-point temperature,
173409	41931	HX-MR-X32G2RW	humidity_storage	verified	hyperflex-hx-series	{"max":93,"min":5}	5% to 93% relative humidity, non-condensing, with a maximum
173411	41931	HX-MR-X32G2RW	emc_emissions	verified	hyperflex-hx-series	["47CFR Part 15 (CFR 47) Class A"]	47CFR Part 15 (CFR 47) Class A
95962	42703	HX-PCIE-IRJ453	emc_emissions	verified	hyperflex-hx-series	["47CFR Part 15 (CFR 47) Class A  AS","NZS CISPR32 Class A  CISPR32 Class A EN55032 Class A  ICES003 Class A  VCCI Class A  EN61000-3-2 EN61000-3-3 KN32 Cla"]	47CFR Part 15 (CFR 47) Class A  AS/NZS CISPR32 Class A  CISPR32 Class A EN55032 Class A  ICES003 Class A  VCCI Class A  EN61000-3-2 EN61000-3-3 KN32 Cla
95963	42703	HX-PCIE-IRJ453	emc_immunity	verified	hyperflex-hx-series	["EN55024 CISPR24 EN300386 KN35"]	EN55024 CISPR24 EN300386 KN35
93470	39872	HCI-CPU-I6731P1	emc_emissions	verified	compute-hyperconverged	["47CFR Part 15 (CFR 47) Class A AS","NZS CISPR32 Class A CISPR32 Class A EN55032 Class A ICES003 Class A VCCI-CISPR32 Class A EN61000-3-2 EN61000-3-3 KS C 9832 Cla"]	47CFR Part 15 (CFR 47) Class A AS/NZS CISPR32 Class A CISPR32 Class A EN55032 Class A ICES003 Class A VCCI-CISPR32 Class A EN61000-3-2 EN61000-3-3 KS C 9832 Cla
93471	39872	HCI-CPU-I6731P1	emc_immunity	verified	compute-hyperconverged	["EN55035 EN55024 CISPR24","35 EN300386 KS C 9835 IEC","EN61000-6-1"]	EN55035 EN55024 CISPR24/35 EN300386 KS C 9835 IEC/EN61000-6-1
93673	39980	HCI-CPU-I45102	emc_emissions	verified	hyperconverged-infrastructure	["47CFR Part 15 (CFR 47) Class A AS","NZS CISPR32 Class A CISPR32 Class A EN55032 Class A ICES003 Class A VCCI-CISPR32 Class A EN61000-3-2 EN61000-3-3 KS C 9832 Cla"]	47CFR Part 15 (CFR 47) Class A AS/NZS CISPR32 Class A CISPR32 Class A EN55032 Class A ICES003 Class A VCCI-CISPR32 Class A EN61000-3-2 EN61000-3-3 KS C 9832 Cla
93674	39980	HCI-CPU-I45102	emc_immunity	verified	hyperconverged-infrastructure	["EN55035 EN55024 CISPR24","35 EN300386 KS C 9835 IEC","EN61000-6-1"]	EN55035 EN55024 CISPR24/35 EN300386 KS C 9835 IEC/EN61000-6-1
94142	40184	HCI-CPU-I6511P1	emc_emissions	verified	compute-hyperconverged	["47CFR Part 15 (CFR 47) Class A AS","NZS CISPR32 Class A CISPR32 Class A EN55032 Class A ICES003 Class A VCCI-CISPR32 Class A EN61000-3-2 EN61000-3-3 KS C 9832 Cla"]	47CFR Part 15 (CFR 47) Class A AS/NZS CISPR32 Class A CISPR32 Class A EN55032 Class A ICES003 Class A VCCI-CISPR32 Class A EN61000-3-2 EN61000-3-3 KS C 9832 Cla
94143	40184	HCI-CPU-I6511P1	emc_immunity	verified	compute-hyperconverged	["EN55035 EN55024 CISPR24","35 EN300386 KS C 9835 IEC","EN61000-6-1"]	EN55035 EN55024 CISPR24/35 EN300386 KS C 9835 IEC/EN61000-6-1
155437	40058	HCI-CPU-I6760P	emc_immunity	verified	compute-hyperconverged	["EN55035 EN55024 CISPR24/35 EN300386 KS C 9835 IEC/EN61000-6-1"]	EN55035 EN55024 CISPR24/35 EN300386 KS C 9835 IEC/EN61000-6-1
174865	40058	HCI-CPU-I6760P	emc_emissions	verified	compute-hyperconverged	["47CFR Part 15 (CFR 47) Class A AS","NZS CISPR32 Class A CISPR32 Class A EN55032 Class A ICES003 Class A VCCI-CISPR32 Class A EN61000-3-2 EN61000-3-3 KS C 9832 Cla","47CFR Part 15 (CFR 47) Class A AS/NZS CISPR32 Class A CISPR32 Class A EN55032 Class A ICES003 Class A VCCI-CISPR32 Class A EN61000-3-2 EN61000-3-3 KS C 9832"]	47CFR Part 15 (CFR 47) Class A AS/NZS CISPR32 Class A CISPR32 Class A EN55032 Class A ICES003 Class A VCCI-CISPR32 Class A EN61000-3-2 EN61000-3-3 KS C 9832 Cla ; 47CFR Part 15 (CFR 47) Class A AS/NZS CISPR32 Class A CISPR32 Class A EN55032 Class A ICES003 Class A VCCI-CISPR32 Class A EN61000-3-2 EN61000-3-3 KS C 9832
94232	40238	HCI-CPU-I8351N2	emc_emissions	verified	compute-hyperconverged-nutanix	["47CFR Part 15 (CFR 47) Class A AS","NZS CISPR32 Class A CISPR32 Class A EN55032 Class A ICES003 Class A VCCI Class A EN61000-3-2 EN61000-3-3 KN32 Class A CNS13438"]	47CFR Part 15 (CFR 47) Class A AS/NZS CISPR32 Class A CISPR32 Class A EN55032 Class A ICES003 Class A VCCI Class A EN61000-3-2 EN61000-3-3 KN32 Class A CNS13438
94233	40238	HCI-CPU-I8351N2	emc_immunity	verified	compute-hyperconverged-nutanix	["EN55024 CISPR24 EN300386 KN35"]	EN55024 CISPR24 EN300386 KN35
155219	40472	HCI-ML-128G4RW	emc_emissions	verified	compute-hyperconverged-nutanix	["47CFR Part 15 (CFR 47) Class A AS/NZS CISPR32 Class A CISPR32 Class A EN55032 Class A ICES003 Class A VCCI Class A EN61000-3-2 EN61000-3-3 KN32 Class A CNS13438"]	47CFR Part 15 (CFR 47) Class A AS/NZS CISPR32 Class A CISPR32 Class A EN55032 Class A ICES003 Class A VCCI Class A EN61000-3-2 EN61000-3-3 KN32 Class A CNS13438
94397	40472	HCI-ML-128G4RW	emc_immunity	verified	compute-hyperconverged-nutanix	["EN55024 CISPR24 EN300386 KN35"]	EN55024 CISPR24 EN300386 KN35
173079	40472	HCI-ML-128G4RW	humidity_operating	verified	compute-hyperconverged-nutanix	{"max":90,"min":10}	10% to 90% and 28°C (82.4°F) maximum dew-point temperature,
173080	40472	HCI-ML-128G4RW	humidity_storage	verified	compute-hyperconverged-nutanix	{"max":93,"min":5}	5% to 93% relative humidity, non-condensing, with a maximum
94340	40364	HCI-ML-256G8RW1	emc_emissions	verified	compute-hyperconverged-nutanix	["47CFR Part 15 (CFR 47) Class A AS","NZS CISPR32 Class A CISPR32 Class A EN55032 Class A ICES003 Class A VCCI Class A EN61000-3-2 EN61000-3-3 KN32 Class A CNS13438"]	47CFR Part 15 (CFR 47) Class A AS/NZS CISPR32 Class A CISPR32 Class A EN55032 Class A ICES003 Class A VCCI Class A EN61000-3-2 EN61000-3-3 KN32 Class A CNS13438
94341	40364	HCI-ML-256G8RW1	emc_immunity	verified	compute-hyperconverged-nutanix	["EN55024 CISPR24 EN300386 KN35"]	EN55024 CISPR24 EN300386 KN35
174787	42581	HX-SD400G12TX-EP	humidity_operating	verified	hyperflex-hx-series	{"max":90,"min":10}	10% to 90% and 28°C (82.4°F) maximum dew-point temperature,
174788	42581	HX-SD400G12TX-EP	humidity_storage	verified	hyperflex-hx-series	{"max":93,"min":5}	5% to 93% relative humidity, non-condensing, with a maximum
174789	42581	HX-SD400G12TX-EP	certifications	verified	hyperflex-hx-series	["60950-1 Second Edition"]	60950-1 Second Edition
174790	42581	HX-SD400G12TX-EP	emc_emissions	verified	hyperflex-hx-series	["47CFR Part 15 (CFR 47) Class A"]	47CFR Part 15 (CFR 47) Class A
173527	42555	HX-SD76T61X-EV	certifications	verified	hyperflex-hx-series	["60950-1 Second Edition"]	60950-1 Second Edition
173525	42555	HX-SD76T61X-EV	humidity_operating	verified	hyperflex-hx-series	{"max":90,"min":10}	10% to 90% and 28°C (82.4°F) maximum dew-point temperature,
173526	42555	HX-SD76T61X-EV	humidity_storage	verified	hyperflex-hx-series	{"max":93,"min":5}	5% to 93% relative humidity, non-condensing, with a maximum
173528	42555	HX-SD76T61X-EV	emc_emissions	verified	hyperflex-hx-series	["47CFR Part 15 (CFR 47) Class A"]	47CFR Part 15 (CFR 47) Class A
156692	86738	UCSX-CPU-I4509Y	altitude_storage	verified	ucs-x-series-modular-system	"12,000m"	40,000 ft (12,000m)
157031	87097	UCSX-CPU-I6517P	altitude_storage	verified	ucs-x-series-modular-system	"12,000m"	40,000 ft (12,000m)
156621	86833	UCSX-CPU-I8581V	altitude_storage	verified	ucs-x-series-modular-system	"12,000m"	40,000 ft (12,000m)
157244	87059	UCSX-M2-240G-D	altitude_storage	verified	ucs-x-series-modular-system	"12,000m"	40,000 ft (12,000m)
157498	86799	UCSX-M2-240GB-D	altitude_storage	verified	ucs-x-series-modular-system	"12,000m"	40,000 ft (12,000m)
157252	87061	UCSX-M2-960G-D	altitude_storage	verified	ucs-x-series-modular-system	"12,000m"	40,000 ft (12,000m)
157454	87198	UCSX-M2-I240GB-D	altitude_storage	verified	ucs-x-series-modular-system	"12,000m"	40,000 ft (12,000m)
126681	87629	UCSX-RIS-B-440P	altitude_storage	verified	ucs-x-series-modular-system	"12,000m"	40,000 ft (12,000m)
156858	87286	UCSX-SDB1T9SA1VD	altitude_storage	corroborated	ucs-x-series-modular-system	"12,000m"	40,000 ft (12,000m)
157184	87563	UCSX-SDB480OA1V	altitude_storage	verified	ucs-x-series-modular-system	"12,000m"	40,000 ft (12,000m)
156818	87691	UCSX-SDB960OA1P	altitude_storage	corroborated	ucs-x-series-modular-system	"12,000m"	40,000 ft (12,000m)
156854	87565	UCSX-SDB960SA1VD	altitude_storage	corroborated	ucs-x-series-modular-system	"12,000m"	40,000 ft (12,000m)
173224	81134	UCS-CPU-I6252	altitude_max	verified	compute-hyperconverged	3050	0 m to 3050 m (10,000 ft)
173223	81134	UCS-CPU-I6252	temp_operating	verified	compute-hyperconverged	{"max":35,"min":10}	10°C to 35°C (50°F to 95°F) with no direct sunlight
173225	81134	UCS-CPU-I6252	altitude_storage	verified	compute-hyperconverged	"0 m to 12,000 m (39,370 ft)"	0 m to 12,000 m (39,370 ft)
173226	81134	UCS-CPU-I6252	certifications	verified	compute-hyperconverged	["950-1 No. 21CFR1040","CAN/CSA-C22.2 No. 60950-1","IRAM IEC60950-1"]	950-1 No. 21CFR1040, CAN/CSA-C22.2 No. 60950-1, IRAM IEC60950-1,
173192	82161	UCS-MR-X32G1RW	altitude_max	verified	compute-hyperconverged	3050	0 m to 3050 m (10,000 ft)
173191	82161	UCS-MR-X32G1RW	temp_operating	verified	compute-hyperconverged	{"max":35,"min":10}	10°C to 35°C (50°F to 95°F) with no direct sunlight
173193	82161	UCS-MR-X32G1RW	altitude_storage	verified	compute-hyperconverged	"0 m to 12,000 m (39,370 ft)"	0 m to 12,000 m (39,370 ft)
173194	82161	UCS-MR-X32G1RW	certifications	verified	compute-hyperconverged	["950-1 No. 21CFR1040","CAN/CSA-C22.2 No. 60950-1","IRAM IEC60950-1"]	950-1 No. 21CFR1040, CAN/CSA-C22.2 No. 60950-1, IRAM IEC60950-1,
157930	86572	UCSX-CPU-A95653	temp_storage	verified	compute-hyperconverged	{"max":65,"min":-40}	-40° to 149°F (–40° to 65°C)
124946	86572	UCSX-CPU-A95653	temp_operating	verified	compute-hyperconverged	{"max":35,"min":10}	50° to 95°F (10° to 35°C)
124948	86572	UCSX-CPU-A95653	humidity_operating	verified	compute-hyperconverged	{"max":90,"min":5}	5% to 90% noncondensing
157941	86764	UCSX-CPU-A94553	temp_storage	verified	compute-hyperconverged	{"max":65,"min":-40}	-40° to 149°F (–40° to 65°C)
125241	86764	UCSX-CPU-A94553	temp_operating	verified	compute-hyperconverged	{"max":35,"min":10}	50° to 95°F (10° to 35°C)
125243	86764	UCSX-CPU-A94553	humidity_operating	verified	compute-hyperconverged	{"max":90,"min":5}	5% to 90% noncondensing
155178	39867	HCI-CPU-I6338N	emc_emissions	verified	compute-hyperconverged-nutanix	["47CFR Part 15 (CFR 47) Class A AS/NZS CISPR32 Class A CISPR32 Class A EN55032 Class A ICES003 Class A VCCI Class A EN61000-3-2 EN61000-3-3 KN32 Class A CNS13438"]	47CFR Part 15 (CFR 47) Class A AS/NZS CISPR32 Class A CISPR32 Class A EN55032 Class A ICES003 Class A VCCI Class A EN61000-3-2 EN61000-3-3 KN32 Class A CNS13438
93441	39867	HCI-CPU-I6338N	emc_immunity	verified	compute-hyperconverged-nutanix	["EN55024 CISPR24 EN300386 KN35"]	EN55024 CISPR24 EN300386 KN35
173033	39867	HCI-CPU-I6338N	humidity_operating	verified	compute-hyperconverged-nutanix	{"max":90,"min":10}	10% to 90% and 28°C (82.4°F) maximum dew-point temperature,
173034	39867	HCI-CPU-I6338N	humidity_storage	verified	compute-hyperconverged-nutanix	{"max":93,"min":5}	5% to 93% relative humidity, non-condensing, with a maximum
155168	39939	HCI-CPU-I8360Y	emc_emissions	verified	compute-hyperconverged-nutanix	["47CFR Part 15 (CFR 47) Class A AS/NZS CISPR32 Class A CISPR32 Class A EN55032 Class A ICES003 Class A VCCI Class A EN61000-3-2 EN61000-3-3 KN32 Class A CNS13438"]	47CFR Part 15 (CFR 47) Class A AS/NZS CISPR32 Class A CISPR32 Class A EN55032 Class A ICES003 Class A VCCI Class A EN61000-3-2 EN61000-3-3 KN32 Class A CNS13438
93597	39939	HCI-CPU-I8360Y	emc_immunity	verified	compute-hyperconverged-nutanix	["EN55024 CISPR24 EN300386 KN35"]	EN55024 CISPR24 EN300386 KN35
173023	39939	HCI-CPU-I8360Y	humidity_operating	verified	compute-hyperconverged-nutanix	{"max":90,"min":10}	10% to 90% and 28°C (82.4°F) maximum dew-point temperature,
173024	39939	HCI-CPU-I8360Y	humidity_storage	verified	compute-hyperconverged-nutanix	{"max":93,"min":5}	5% to 93% relative humidity, non-condensing, with a maximum
173172	81291	UCS-CPU-I5318N	altitude_max	verified	compute-hyperconverged	3050	0 m to 3050 m (10,000 ft)
173171	81291	UCS-CPU-I5318N	temp_operating	verified	compute-hyperconverged	{"max":35,"min":10}	10°C to 35°C (50°F to 95°F) with no direct sunlight
173173	81291	UCS-CPU-I5318N	altitude_storage	verified	compute-hyperconverged	"0 m to 12,000 m (39,370 ft)"	0 m to 12,000 m (39,370 ft)
173174	81291	UCS-CPU-I5318N	certifications	verified	compute-hyperconverged	["950-1 No. 21CFR1040","CAN/CSA-C22.2 No. 60950-1","IRAM IEC60950-1"]	950-1 No. 21CFR1040, CAN/CSA-C22.2 No. 60950-1, IRAM IEC60950-1,
173400	41801	HX-ML-128G4RW	humidity_operating	verified	hyperflex-hx-series	{"max":90,"min":10}	10% to 90% and 28°C (82.4°F) maximum dew-point temperature,
173401	41801	HX-ML-128G4RW	humidity_storage	verified	hyperflex-hx-series	{"max":93,"min":5}	5% to 93% relative humidity, non-condensing, with a maximum
173403	41801	HX-ML-128G4RW	emc_emissions	verified	hyperflex-hx-series	["47CFR Part 15 (CFR 47) Class A"]	47CFR Part 15 (CFR 47) Class A
173402	41801	HX-ML-128G4RW	certifications	verified	hyperflex-hx-series	["60950-1 Second Edition"]	60950-1 Second Edition
173212	80993	UCS-CPU-I6248R	altitude_max	verified	compute-hyperconverged	3050	0 m to 3050 m (10,000 ft)
173211	80993	UCS-CPU-I6248R	temp_operating	verified	compute-hyperconverged	{"max":35,"min":10}	10°C to 35°C (50°F to 95°F) with no direct sunlight
173213	80993	UCS-CPU-I6248R	altitude_storage	verified	compute-hyperconverged	"0 m to 12,000 m (39,370 ft)"	0 m to 12,000 m (39,370 ft)
173214	80993	UCS-CPU-I6248R	certifications	verified	compute-hyperconverged	["950-1 No. 21CFR1040","CAN/CSA-C22.2 No. 60950-1","IRAM IEC60950-1"]	950-1 No. 21CFR1040, CAN/CSA-C22.2 No. 60950-1, IRAM IEC60950-1,
156572	86489	UCSX-CPU-A9845	altitude_storage	verified	ucs-x-series-modular-system	"12,000m"	40,000 ft (12,000m)
157920	86413	UCSX-CPU-A93353	temp_storage	verified	compute-hyperconverged	{"max":65,"min":-40}	-40° to 149°F (–40° to 65°C)
124646	86413	UCSX-CPU-A93353	temp_operating	verified	compute-hyperconverged	{"max":35,"min":10}	50° to 95°F (10° to 35°C)
124648	86413	UCSX-CPU-A93353	humidity_operating	verified	compute-hyperconverged	{"max":90,"min":5}	5% to 90% noncondensing
174489	41769	HX-CPU-5115	humidity_operating	verified	hyperflex-hx-series	{"max":90,"min":10}	10% to 90% and 28°C (82.4°F) maximum dew-point temperature,
174490	41769	HX-CPU-5115	humidity_storage	verified	hyperflex-hx-series	{"max":93,"min":5}	5% to 93% relative humidity, non-condensing, with a maximum
174491	41769	HX-CPU-5115	certifications	verified	hyperflex-hx-series	["60950-1 Second Edition"]	60950-1 Second Edition
174492	41769	HX-CPU-5115	emc_emissions	verified	hyperflex-hx-series	["47CFR Part 15 (CFR 47) Class A"]	47CFR Part 15 (CFR 47) Class A
174473	41572	HX-CPU-4108	humidity_operating	verified	hyperflex-hx-series	{"max":90,"min":10}	10% to 90% and 28°C (82.4°F) maximum dew-point temperature,
174474	41572	HX-CPU-4108	humidity_storage	verified	hyperflex-hx-series	{"max":93,"min":5}	5% to 93% relative humidity, non-condensing, with a maximum
174475	41572	HX-CPU-4108	certifications	verified	hyperflex-hx-series	["60950-1 Second Edition"]	60950-1 Second Edition
174476	41572	HX-CPU-4108	emc_emissions	verified	hyperflex-hx-series	["47CFR Part 15 (CFR 47) Class A"]	47CFR Part 15 (CFR 47) Class A
155151	41036	HCIX-GPU-H100-80	temp_storage	verified	compute-hyperconverged-nutanix	{"max":65,"min":-40}	-40° to 149°F (–40° to 65°C)
155152	41036	HCIX-GPU-H100-80	humidity_storage	verified	compute-hyperconverged-nutanix	{"max":93,"min":5}	5% to 93% noncondensing
155154	41036	HCIX-GPU-H100-80	altitude_storage	verified	compute-hyperconverged-nutanix	"12,000m"	40,000 ft (12,000m)
95005	41036	HCIX-GPU-H100-80	temp_operating	verified	compute-hyperconverged-nutanix	{"max":35,"min":10}	50° to 95°F (10° to 35°C)
95007	41036	HCIX-GPU-H100-80	humidity_operating	verified	compute-hyperconverged-nutanix	{"max":90,"min":5}	5% to 90% noncondensing
155153	41036	HCIX-GPU-H100-80	altitude_max	verified	compute-hyperconverged-nutanix	3000	0 to 10,000 ft (0 to 3000m); maximum ambient temperature decreases by 1°C per 300m
156005	80901	UCS-CPU-I5411N	emc_emissions	verified	ucs-c-series-rack-servers	["47CFR Part 15 (CFR 47) Class A AS/NZS CISPR32 Class A CISPR32 Class A EN55032 Class A ICES003 Class A VCCI-CISPR32 Class A EN61000-3-2 EN61000-3-3 KS C 9832"]	47CFR Part 15 (CFR 47) Class A AS/NZS CISPR32 Class A CISPR32 Class A EN55032 Class A ICES003 Class A VCCI-CISPR32 Class A EN61000-3-2 EN61000-3-3 KS C 9832
156006	80901	UCS-CPU-I5411N	emc_immunity	verified	ucs-c-series-rack-servers	["EN55035 EN55024 CISPR24/35 EN300386 KS C 9835 IEC/EN61000-6-1"]	EN55035 EN55024 CISPR24/35 EN300386 KS C 9835 IEC/EN61000-6-1
155200	39930	HCI-CPU-I5318Y	emc_emissions	verified	compute-hyperconverged-nutanix	["47CFR Part 15 (CFR 47) Class A AS/NZS CISPR32 Class A CISPR32 Class A EN55032 Class A ICES003 Class A VCCI Class A EN61000-3-2 EN61000-3-3 KN32 Class A CNS13438"]	47CFR Part 15 (CFR 47) Class A AS/NZS CISPR32 Class A CISPR32 Class A EN55032 Class A ICES003 Class A VCCI Class A EN61000-3-2 EN61000-3-3 KN32 Class A CNS13438
93564	39930	HCI-CPU-I5318Y	emc_immunity	verified	compute-hyperconverged-nutanix	["EN55024 CISPR24 EN300386 KN35"]	EN55024 CISPR24 EN300386 KN35
173055	39930	HCI-CPU-I5318Y	humidity_operating	verified	compute-hyperconverged-nutanix	{"max":90,"min":10}	10% to 90% and 28°C (82.4°F) maximum dew-point temperature,
173056	39930	HCI-CPU-I5318Y	humidity_storage	verified	compute-hyperconverged-nutanix	{"max":93,"min":5}	5% to 93% relative humidity, non-condensing, with a maximum
173380	41985	HX-ML-128G4RT-H	humidity_operating	verified	hyperflex-hx-series	{"max":90,"min":10}	10% to 90% and 28°C (82.4°F) maximum dew-point temperature,
173381	41985	HX-ML-128G4RT-H	humidity_storage	verified	hyperflex-hx-series	{"max":93,"min":5}	5% to 93% relative humidity, non-condensing, with a maximum
173382	41985	HX-ML-128G4RT-H	certifications	verified	hyperflex-hx-series	["60950-1 Second Edition"]	60950-1 Second Edition
173383	41985	HX-ML-128G4RT-H	emc_emissions	verified	hyperflex-hx-series	["47CFR Part 15 (CFR 47) Class A"]	47CFR Part 15 (CFR 47) Class A
156344	81914	UCS-HDB1T2GS10K2N	emc_immunity	verified	ucs-c-series-rack-servers	["EN55035 EN55024 CISPR24/35 EN300386 KS C 9835 IEC/EN61000-6-1"]	EN55035 EN55024 CISPR24/35 EN300386 KS C 9835 IEC/EN61000-6-1
175104	81914	UCS-HDB1T2GS10K2N	emc_emissions	verified	ucs-c-series-rack-servers	["47CFR Part 15 (CFR 47) Class A AS","NZS CISPR32 Class A CISPR32 Class A EN55032 Class A ICES003 Class A VCCI-CISPR32 Class A EN61000-3-2 EN61000-3-3 KS C 9832 Cla","47CFR Part 15 (CFR 47) Class A AS/NZS CISPR32 Class A CISPR32 Class A EN55032 Class A ICES003 Class A VCCI-CISPR32 Class A EN61000-3-2 EN61000-3-3 KS C 9832"]	47CFR Part 15 (CFR 47) Class A AS/NZS CISPR32 Class A CISPR32 Class A EN55032 Class A ICES003 Class A VCCI-CISPR32 Class A EN61000-3-2 EN61000-3-3 KS C 9832 Cla ; 47CFR Part 15 (CFR 47) Class A AS/NZS CISPR32 Class A CISPR32 Class A EN55032 Class A ICES003 Class A VCCI-CISPR32 Class A EN61000-3-2 EN61000-3-3 KS C 9832
156509	81824	UCS-HDM16TW1S74K	emc_immunity	verified	ucs-c-series-rack-servers	["EN55035 EN55024 CISPR24/35 EN300386 KS C 9835 IEC/EN61000-6-1"]	EN55035 EN55024 CISPR24/35 EN300386 KS C 9835 IEC/EN61000-6-1
175166	81824	UCS-HDM16TW1S74K	emc_emissions	verified	ucs-c-series-rack-servers	["47CFR Part 15 (CFR 47) Class A AS","NZS CISPR32 Class A CISPR32 Class A EN55032 Class A ICES003 Class A VCCI-CISPR32 Class A EN61000-3-2 EN61000-3-3 KS C 9832 Cla","47CFR Part 15 (CFR 47) Class A AS/NZS CISPR32 Class A CISPR32 Class A EN55032 Class A ICES003 Class A VCCI-CISPR32 Class A EN61000-3-2 EN61000-3-3 KS C 9832"]	47CFR Part 15 (CFR 47) Class A AS/NZS CISPR32 Class A CISPR32 Class A EN55032 Class A ICES003 Class A VCCI-CISPR32 Class A EN61000-3-2 EN61000-3-3 KS C 9832 Cla ; 47CFR Part 15 (CFR 47) Class A AS/NZS CISPR32 Class A CISPR32 Class A EN55032 Class A ICES003 Class A VCCI-CISPR32 Class A EN61000-3-2 EN61000-3-3 KS C 9832
174680	85417	UCSC-HSHP-240M6	humidity_operating	verified	hyperflex-hx-series	{"max":90,"min":10}	10% to 90% and 28°C (82.4°F) maximum dew-point temperature,
174681	85417	UCSC-HSHP-240M6	humidity_storage	verified	hyperflex-hx-series	{"max":93,"min":5}	5% to 93% relative humidity, non-condensing, with a maximum
124286	85417	UCSC-HSHP-240M6	emc_immunity	verified	hyperflex-hx-series	["EN55024 CISPR24 EN300386 KN35"]	EN55024 CISPR24 EN300386 KN35
175203	85417	UCSC-HSHP-240M6	emc_emissions	verified	hyperflex-hx-series	["47CFR Part 15 (CFR 47) Class A  AS","NZS CISPR32 Class A  CISPR32 Class A EN55032 Class A  ICES003 Class A  VCCI Class A  EN61000-3-2 EN61000-3-3 KN32 Cla","47CFR Part 15 (CFR 47) Class A  AS/NZS CISPR32 Class A  CISPR32 Class A EN55032 Class A  ICES003 Class A  VCCI Class A  EN61000-3-2 EN61000-3-3 KN32"]	47CFR Part 15 (CFR 47) Class A  AS/NZS CISPR32 Class A  CISPR32 Class A EN55032 Class A  ICES003 Class A  VCCI Class A  EN61000-3-2 EN61000-3-3 KN32 Cla ; 47CFR Part 15 (CFR 47) Class A  AS/NZS CISPR32 Class A  CISPR32 Class A EN55032 Class A  ICES003 Class A  VCCI Class A  EN61000-3-2 EN61000-3-3 KN32
143505	82586	UCS-PSU-6536-AC	emc_emissions	verified	servers-unified-computing	["47CFR Part 15 (CFR 47) Class A","AS/NZS CISPR22 Class A","CISPR22 Class A","EN55022 Class A","ICES003 Class A","VCCI Class A","EN61000-3-2","EN61000-3-3","KN2"]	● 47CFR Part 15 (CFR 47) Class A ● AS/NZS CISPR22 Class A ● CISPR22 Class A ● EN55022 Class A ● ICES003 Class A ● VCCI Class A ● EN61000-3-2 ● EN61000-3-3 ● KN2
143506	82586	UCS-PSU-6536-AC	emc_immunity	verified	servers-unified-computing	["EN55024","CISPR24","EN300386","KN 61000-4 series"]	● EN55024 ● CISPR24 ● EN300386 ● KN 61000-4 series
155198	40232	HCI-CPU-I5318N	emc_emissions	verified	compute-hyperconverged-nutanix	["47CFR Part 15 (CFR 47) Class A AS/NZS CISPR32 Class A CISPR32 Class A EN55032 Class A ICES003 Class A VCCI Class A EN61000-3-2 EN61000-3-3 KN32 Class A CNS13438"]	47CFR Part 15 (CFR 47) Class A AS/NZS CISPR32 Class A CISPR32 Class A EN55032 Class A ICES003 Class A VCCI Class A EN61000-3-2 EN61000-3-3 KN32 Class A CNS13438
94208	40232	HCI-CPU-I5318N	emc_immunity	verified	compute-hyperconverged-nutanix	["EN55024 CISPR24 EN300386 KN35"]	EN55024 CISPR24 EN300386 KN35
173053	40232	HCI-CPU-I5318N	humidity_operating	verified	compute-hyperconverged-nutanix	{"max":90,"min":10}	10% to 90% and 28°C (82.4°F) maximum dew-point temperature,
173054	40232	HCI-CPU-I5318N	humidity_storage	verified	compute-hyperconverged-nutanix	{"max":93,"min":5}	5% to 93% relative humidity, non-condensing, with a maximum
155255	40803	HCIX-CPU-I5512U	temp_storage	verified	compute-hyperconverged-nutanix	{"max":65,"min":-40}	-40° to 149°F (–40° to 65°C)
155256	40803	HCIX-CPU-I5512U	humidity_storage	verified	compute-hyperconverged-nutanix	{"max":93,"min":5}	5% to 93% noncondensing
155258	40803	HCIX-CPU-I5512U	altitude_storage	verified	compute-hyperconverged-nutanix	"12,000m"	40,000 ft (12,000m)
94761	40803	HCIX-CPU-I5512U	temp_operating	verified	compute-hyperconverged-nutanix	{"max":35,"min":10}	50° to 95°F (10° to 35°C)
94763	40803	HCIX-CPU-I5512U	humidity_operating	verified	compute-hyperconverged-nutanix	{"max":90,"min":5}	5% to 90% noncondensing
155257	40803	HCIX-CPU-I5512U	altitude_max	verified	compute-hyperconverged-nutanix	3000	0 to 10,000 ft (0 to 3000m); maximum ambient temperature decreases by 1°C per 300m
156483	82225	UCS-HDL6TG1S74K	emc_immunity	verified	ucs-c-series-rack-servers	["EN55035 EN55024 CISPR24/35 EN300386 KS C 9835 IEC/EN61000-6-1"]	EN55035 EN55024 CISPR24/35 EN300386 KS C 9835 IEC/EN61000-6-1
175153	82225	UCS-HDL6TG1S74K	emc_emissions	verified	ucs-c-series-rack-servers	["47CFR Part 15 (CFR 47) Class A AS","NZS CISPR32 Class A CISPR32 Class A EN55032 Class A ICES003 Class A VCCI-CISPR32 Class A EN61000-3-2 EN61000-3-3 KS C 9832 Cla","47CFR Part 15 (CFR 47) Class A AS/NZS CISPR32 Class A CISPR32 Class A EN55032 Class A ICES003 Class A VCCI-CISPR32 Class A EN61000-3-2 EN61000-3-3 KS C 9832"]	47CFR Part 15 (CFR 47) Class A AS/NZS CISPR32 Class A CISPR32 Class A EN55032 Class A ICES003 Class A VCCI-CISPR32 Class A EN61000-3-2 EN61000-3-3 KS C 9832 Cla ; 47CFR Part 15 (CFR 47) Class A AS/NZS CISPR32 Class A CISPR32 Class A EN55032 Class A ICES003 Class A VCCI-CISPR32 Class A EN61000-3-2 EN61000-3-3 KS C 9832
85722	28378	CP-860-DCHR-PSU=	call_control	verified	webex-wireless-phone	"Cisco Unified Communications Manager 11.5(1)SU8, 12.5(1)SU3, 14.0(1) Webex Calling with version 1.6 firmware or later"	Cisco Unified Communications Manager 11.5(1)SU8, 12.5(1)SU3, 14.0(1) Webex Calling with version 1.6 firmware or later
94525	40687	HCIX-CPU-I6414U1	temp_operating	verified	compute-hyperconverged-nutanix	{"max":35,"min":10}	50° to 95°F (10° to 35°C)
94527	40687	HCIX-CPU-I6414U1	humidity_operating	verified	compute-hyperconverged-nutanix	{"max":90,"min":5}	5% to 90% noncondensing
157797	40687	HCIX-CPU-I6414U1	temp_storage	verified	compute-hyperconverged-nutanix	{"max":65,"min":-40}	-40° to 149°F (–40° to 65°C)
156155	85739	UCSC-P-V5Q50G-D	emc_immunity	verified	ucs-c-series-rack-servers	["EN55035 EN55024 CISPR24/35 EN300386 KS C 9835 IEC/EN61000-6-1"]	EN55035 EN55024 CISPR24/35 EN300386 KS C 9835 IEC/EN61000-6-1
175041	85739	UCSC-P-V5Q50G-D	emc_emissions	verified	ucs-c-series-rack-servers	["47CFR Part 15 (CFR 47) Class A AS","NZS CISPR32 Class A CISPR32 Class A EN55032 Class A ICES003 Class A VCCI-CISPR32 Class A EN61000-3-2 EN61000-3-3 KS C 9832 Cla","47CFR Part 15 (CFR 47) Class A AS/NZS CISPR32 Class A CISPR32 Class A EN55032 Class A ICES003 Class A VCCI-CISPR32 Class A EN61000-3-2 EN61000-3-3 KS C 9832"]	47CFR Part 15 (CFR 47) Class A AS/NZS CISPR32 Class A CISPR32 Class A EN55032 Class A ICES003 Class A VCCI-CISPR32 Class A EN61000-3-2 EN61000-3-3 KS C 9832 Cla ; 47CFR Part 15 (CFR 47) Class A AS/NZS CISPR32 Class A CISPR32 Class A EN55032 Class A ICES003 Class A VCCI-CISPR32 Class A EN61000-3-2 EN61000-3-3 KS C 9832
174561	41675	HX-CPU-6150	humidity_operating	verified	hyperflex-hx-series	{"max":90,"min":10}	10% to 90% and 28°C (82.4°F) maximum dew-point temperature,
174562	41675	HX-CPU-6150	humidity_storage	verified	hyperflex-hx-series	{"max":93,"min":5}	5% to 93% relative humidity, non-condensing, with a maximum
174563	41675	HX-CPU-6150	certifications	verified	hyperflex-hx-series	["60950-1 Second Edition"]	60950-1 Second Edition
174564	41675	HX-CPU-6150	emc_emissions	verified	hyperflex-hx-series	["47CFR Part 15 (CFR 47) Class A"]	47CFR Part 15 (CFR 47) Class A
174613	41708	HX-CPU-8180	humidity_operating	verified	hyperflex-hx-series	{"max":90,"min":10}	10% to 90% and 28°C (82.4°F) maximum dew-point temperature,
174614	41708	HX-CPU-8180	humidity_storage	verified	hyperflex-hx-series	{"max":93,"min":5}	5% to 93% relative humidity, non-condensing, with a maximum
174615	41708	HX-CPU-8180	certifications	verified	hyperflex-hx-series	["60950-1 Second Edition"]	60950-1 Second Edition
174616	41708	HX-CPU-8180	emc_emissions	verified	hyperflex-hx-series	["47CFR Part 15 (CFR 47) Class A"]	47CFR Part 15 (CFR 47) Class A
156266	81175	UCS-CPU-I6787P	emc_immunity	verified	ucs-c-series-rack-servers	["EN55035 EN55024 CISPR24/35 EN300386 KS C 9835 IEC/EN61000-6-1"]	EN55035 EN55024 CISPR24/35 EN300386 KS C 9835 IEC/EN61000-6-1
175083	81175	UCS-CPU-I6787P	emc_emissions	verified	ucs-c-series-rack-servers	["47CFR Part 15 (CFR 47) Class A AS","NZS CISPR32 Class A CISPR32 Class A EN55032 Class A ICES003 Class A VCCI-CISPR32 Class A EN61000-3-2 EN61000-3-3 KS C 9832 Cla","47CFR Part 15 (CFR 47) Class A AS/NZS CISPR32 Class A CISPR32 Class A EN55032 Class A ICES003 Class A VCCI-CISPR32 Class A EN61000-3-2 EN61000-3-3 KS C 9832"]	47CFR Part 15 (CFR 47) Class A AS/NZS CISPR32 Class A CISPR32 Class A EN55032 Class A ICES003 Class A VCCI-CISPR32 Class A EN61000-3-2 EN61000-3-3 KS C 9832 Cla ; 47CFR Part 15 (CFR 47) Class A AS/NZS CISPR32 Class A CISPR32 Class A EN55032 Class A ICES003 Class A VCCI-CISPR32 Class A EN61000-3-2 EN61000-3-3 KS C 9832
156400	80208	UCS-CPU-A9115	emc_immunity	verified	ucs-c-series-rack-servers	["EN55035 EN55024 CISPR24/35 EN300386 KS C 9835 IEC/EN61000-6-1"]	EN55035 EN55024 CISPR24/35 EN300386 KS C 9835 IEC/EN61000-6-1
175123	80208	UCS-CPU-A9115	emc_emissions	verified	ucs-c-series-rack-servers	["47CFR Part 15 (CFR 47) Class A AS","NZS CISPR32 Class A CISPR32 Class A EN55032 Class A ICES003 Class A VCCI-CISPR32 Class A EN61000-3-2 EN61000-3-3 KS C 9832 Cla","47CFR Part 15 (CFR 47) Class A AS/NZS CISPR32 Class A CISPR32 Class A EN55032 Class A ICES003 Class A VCCI-CISPR32 Class A EN61000-3-2 EN61000-3-3 KS C 9832"]	47CFR Part 15 (CFR 47) Class A AS/NZS CISPR32 Class A CISPR32 Class A EN55032 Class A ICES003 Class A VCCI-CISPR32 Class A EN61000-3-2 EN61000-3-3 KS C 9832 Cla ; 47CFR Part 15 (CFR 47) Class A AS/NZS CISPR32 Class A CISPR32 Class A EN55032 Class A ICES003 Class A VCCI-CISPR32 Class A EN61000-3-2 EN61000-3-3 KS C 9832
156529	81787	UCS-HDM18TW1S74K9	emc_immunity	verified	ucs-c-series-rack-servers	["EN55035 EN55024 CISPR24/35 EN300386 KS C 9835 IEC/EN61000-6-1"]	EN55035 EN55024 CISPR24/35 EN300386 KS C 9835 IEC/EN61000-6-1
175176	81787	UCS-HDM18TW1S74K9	emc_emissions	verified	ucs-c-series-rack-servers	["47CFR Part 15 (CFR 47) Class A AS","NZS CISPR32 Class A CISPR32 Class A EN55032 Class A ICES003 Class A VCCI-CISPR32 Class A EN61000-3-2 EN61000-3-3 KS C 9832 Cla","47CFR Part 15 (CFR 47) Class A AS/NZS CISPR32 Class A CISPR32 Class A EN55032 Class A ICES003 Class A VCCI-CISPR32 Class A EN61000-3-2 EN61000-3-3 KS C 9832"]	47CFR Part 15 (CFR 47) Class A AS/NZS CISPR32 Class A CISPR32 Class A EN55032 Class A ICES003 Class A VCCI-CISPR32 Class A EN61000-3-2 EN61000-3-3 KS C 9832 Cla ; 47CFR Part 15 (CFR 47) Class A AS/NZS CISPR32 Class A CISPR32 Class A EN55032 Class A ICES003 Class A VCCI-CISPR32 Class A EN61000-3-2 EN61000-3-3 KS C 9832
156521	81827	UCS-HDM8TW1S74K	emc_immunity	verified	ucs-c-series-rack-servers	["EN55035 EN55024 CISPR24/35 EN300386 KS C 9835 IEC/EN61000-6-1"]	EN55035 EN55024 CISPR24/35 EN300386 KS C 9835 IEC/EN61000-6-1
175172	81827	UCS-HDM8TW1S74K	emc_emissions	verified	ucs-c-series-rack-servers	["47CFR Part 15 (CFR 47) Class A AS","NZS CISPR32 Class A CISPR32 Class A EN55032 Class A ICES003 Class A VCCI-CISPR32 Class A EN61000-3-2 EN61000-3-3 KS C 9832 Cla","47CFR Part 15 (CFR 47) Class A AS/NZS CISPR32 Class A CISPR32 Class A EN55032 Class A ICES003 Class A VCCI-CISPR32 Class A EN61000-3-2 EN61000-3-3 KS C 9832"]	47CFR Part 15 (CFR 47) Class A AS/NZS CISPR32 Class A CISPR32 Class A EN55032 Class A ICES003 Class A VCCI-CISPR32 Class A EN61000-3-2 EN61000-3-3 KS C 9832 Cla ; 47CFR Part 15 (CFR 47) Class A AS/NZS CISPR32 Class A CISPR32 Class A EN55032 Class A ICES003 Class A VCCI-CISPR32 Class A EN61000-3-2 EN61000-3-3 KS C 9832
157407	83101	UCS-SD480G63XEP-D	emc_immunity	verified	ucs-c-series-rack-servers	["EN55035 EN55024 CISPR24/35 EN300386 KS C 9835 IEC/EN61000-6-1"]	EN55035 EN55024 CISPR24/35 EN300386 KS C 9835 IEC/EN61000-6-1
175272	83101	UCS-SD480G63XEP-D	emc_emissions	verified	ucs-c-series-rack-servers	["47CFR Part 15 (CFR 47) Class A AS","NZS CISPR32 Class A CISPR32 Class A EN55032 Class A ICES003 Class A VCCI-CISPR32 Class A EN61000-3-2 EN61000-3-3 KS C 9832 Cla","47CFR Part 15 (CFR 47) Class A AS/NZS CISPR32 Class A CISPR32 Class A EN55032 Class A ICES003 Class A VCCI-CISPR32 Class A EN61000-3-2 EN61000-3-3 KS C 9832"]	47CFR Part 15 (CFR 47) Class A AS/NZS CISPR32 Class A CISPR32 Class A EN55032 Class A ICES003 Class A VCCI-CISPR32 Class A EN61000-3-2 EN61000-3-3 KS C 9832 Cla ; 47CFR Part 15 (CFR 47) Class A AS/NZS CISPR32 Class A CISPR32 Class A EN55032 Class A ICES003 Class A VCCI-CISPR32 Class A EN61000-3-2 EN61000-3-3 KS C 9832
155243	40708	HCIX-CPU-I6548N	temp_storage	verified	compute-hyperconverged-nutanix	{"max":65,"min":-40}	-40° to 149°F (–40° to 65°C)
155244	40708	HCIX-CPU-I6548N	humidity_storage	verified	compute-hyperconverged-nutanix	{"max":93,"min":5}	5% to 93% noncondensing
155245	40708	HCIX-CPU-I6548N	altitude_max	verified	compute-hyperconverged-nutanix	3000	0 to 10,000 ft (0 to 3000m); maximum ambient temperature decreases by 1°C per 300m
155246	40708	HCIX-CPU-I6548N	altitude_storage	verified	compute-hyperconverged-nutanix	"12,000m"	40,000 ft (12,000m)
94583	40708	HCIX-CPU-I6548N	temp_operating	verified	compute-hyperconverged-nutanix	{"max":35,"min":10}	50° to 95°F (10° to 35°C)
94585	40708	HCIX-CPU-I6548N	humidity_operating	verified	compute-hyperconverged-nutanix	{"max":90,"min":5}	5% to 90% noncondensing
155280	40692	HCIX-CPU-I8460Y+	temp_storage	verified	compute-hyperconverged-nutanix	{"max":65,"min":-40}	-40° to 149°F (–40° to 65°C)
155281	40692	HCIX-CPU-I8460Y+	humidity_storage	verified	compute-hyperconverged-nutanix	{"max":93,"min":5}	5% to 93% noncondensing
155283	40692	HCIX-CPU-I8460Y+	altitude_storage	verified	compute-hyperconverged-nutanix	"12,000m"	40,000 ft (12,000m)
94545	40692	HCIX-CPU-I8460Y+	temp_operating	verified	compute-hyperconverged-nutanix	{"max":35,"min":10}	50° to 95°F (10° to 35°C)
94547	40692	HCIX-CPU-I8460Y+	humidity_operating	verified	compute-hyperconverged-nutanix	{"max":90,"min":5}	5% to 90% noncondensing
155282	40692	HCIX-CPU-I8460Y+	altitude_max	verified	compute-hyperconverged-nutanix	3000	0 to 10,000 ft (0 to 3000m); maximum ambient temperature decreases by 1°C per 300m
155292	40829	HCIX-CPU-I6438Y+	temp_storage	verified	compute-hyperconverged-nutanix	{"max":65,"min":-40}	-40° to 149°F (–40° to 65°C)
155293	40829	HCIX-CPU-I6438Y+	humidity_storage	verified	compute-hyperconverged-nutanix	{"max":93,"min":5}	5% to 93% noncondensing
155295	40829	HCIX-CPU-I6438Y+	altitude_storage	verified	compute-hyperconverged-nutanix	"12,000m"	40,000 ft (12,000m)
94815	40829	HCIX-CPU-I6438Y+	temp_operating	verified	compute-hyperconverged-nutanix	{"max":35,"min":10}	50° to 95°F (10° to 35°C)
94817	40829	HCIX-CPU-I6438Y+	humidity_operating	verified	compute-hyperconverged-nutanix	{"max":90,"min":5}	5% to 90% noncondensing
155294	40829	HCIX-CPU-I6438Y+	altitude_max	verified	compute-hyperconverged-nutanix	3000	0 to 10,000 ft (0 to 3000m); maximum ambient temperature decreases by 1°C per 300m
155547	86678	UCSX-CPU-A9565	altitude_storage	verified	ucs-x-series-modular-system	"12,000m"	40,000 ft (12,000m)
121385	81058	UCS-CPU-I4510T2	emc_emissions	verified	ucs-c-series-rack-servers	["47CFR Part 15 (CFR 47) Class A AS","NZS CISPR32 Class A CISPR32 Class A EN55032 Class A ICES003 Class A VCCI-CISPR32 Class A EN61000-3-2 EN61000-3-3 KS C 9832 Cla"]	47CFR Part 15 (CFR 47) Class A AS/NZS CISPR32 Class A CISPR32 Class A EN55032 Class A ICES003 Class A VCCI-CISPR32 Class A EN61000-3-2 EN61000-3-3 KS C 9832 Cla
121386	81058	UCS-CPU-I4510T2	emc_immunity	verified	ucs-c-series-rack-servers	["EN55035 EN55024 CISPR24","35 EN300386 KS C 9835 IEC","EN61000-6-1"]	EN55035 EN55024 CISPR24/35 EN300386 KS C 9835 IEC/EN61000-6-1
94797	40820	HCIX-CPU-I8461V1	temp_operating	verified	compute-hyperconverged-nutanix	{"max":35,"min":10}	50° to 95°F (10° to 35°C)
94799	40820	HCIX-CPU-I8461V1	humidity_operating	verified	compute-hyperconverged-nutanix	{"max":90,"min":5}	5% to 90% noncondensing
157803	40820	HCIX-CPU-I8461V1	temp_storage	verified	compute-hyperconverged-nutanix	{"max":65,"min":-40}	-40° to 149°F (–40° to 65°C)
94663	40753	HCIX-CPU-I5411N1	temp_operating	verified	compute-hyperconverged-nutanix	{"max":35,"min":10}	50° to 95°F (10° to 35°C)
94665	40753	HCIX-CPU-I5411N1	humidity_operating	verified	compute-hyperconverged-nutanix	{"max":90,"min":5}	5% to 90% noncondensing
157800	40753	HCIX-CPU-I5411N1	temp_storage	verified	compute-hyperconverged-nutanix	{"max":65,"min":-40}	-40° to 149°F (–40° to 65°C)
121348	81046	UCS-CPU-I6761P1	emc_emissions	verified	ucs-c-series-rack-servers	["47CFR Part 15 (CFR 47) Class A AS","NZS CISPR32 Class A CISPR32 Class A EN55032 Class A ICES003 Class A VCCI-CISPR32 Class A EN61000-3-2 EN61000-3-3 KS C 9832 Cla"]	47CFR Part 15 (CFR 47) Class A AS/NZS CISPR32 Class A CISPR32 Class A EN55032 Class A ICES003 Class A VCCI-CISPR32 Class A EN61000-3-2 EN61000-3-3 KS C 9832 Cla
121349	81046	UCS-CPU-I6761P1	emc_immunity	verified	ucs-c-series-rack-servers	["EN55035 EN55024 CISPR24","35 EN300386 KS C 9835 IEC","EN61000-6-1"]	EN55035 EN55024 CISPR24/35 EN300386 KS C 9835 IEC/EN61000-6-1
156471	81916	UCS-HDL16TW1S74K	emc_immunity	verified	ucs-c-series-rack-servers	["EN55035 EN55024 CISPR24/35 EN300386 KS C 9835 IEC/EN61000-6-1"]	EN55035 EN55024 CISPR24/35 EN300386 KS C 9835 IEC/EN61000-6-1
175147	81916	UCS-HDL16TW1S74K	emc_emissions	verified	ucs-c-series-rack-servers	["47CFR Part 15 (CFR 47) Class A AS","NZS CISPR32 Class A CISPR32 Class A EN55032 Class A ICES003 Class A VCCI-CISPR32 Class A EN61000-3-2 EN61000-3-3 KS C 9832 Cla","47CFR Part 15 (CFR 47) Class A AS/NZS CISPR32 Class A CISPR32 Class A EN55032 Class A ICES003 Class A VCCI-CISPR32 Class A EN61000-3-2 EN61000-3-3 KS C 9832"]	47CFR Part 15 (CFR 47) Class A AS/NZS CISPR32 Class A CISPR32 Class A EN55032 Class A ICES003 Class A VCCI-CISPR32 Class A EN61000-3-2 EN61000-3-3 KS C 9832 Cla ; 47CFR Part 15 (CFR 47) Class A AS/NZS CISPR32 Class A CISPR32 Class A EN55032 Class A ICES003 Class A VCCI-CISPR32 Class A EN61000-3-2 EN61000-3-3 KS C 9832
156473	81999	UCS-HDL12TG1S74K	emc_immunity	verified	ucs-c-series-rack-servers	["EN55035 EN55024 CISPR24/35 EN300386 KS C 9835 IEC/EN61000-6-1"]	EN55035 EN55024 CISPR24/35 EN300386 KS C 9835 IEC/EN61000-6-1
175148	81999	UCS-HDL12TG1S74K	emc_emissions	verified	ucs-c-series-rack-servers	["47CFR Part 15 (CFR 47) Class A AS","NZS CISPR32 Class A CISPR32 Class A EN55032 Class A ICES003 Class A VCCI-CISPR32 Class A EN61000-3-2 EN61000-3-3 KS C 9832 Cla","47CFR Part 15 (CFR 47) Class A AS/NZS CISPR32 Class A CISPR32 Class A EN55032 Class A ICES003 Class A VCCI-CISPR32 Class A EN61000-3-2 EN61000-3-3 KS C 9832"]	47CFR Part 15 (CFR 47) Class A AS/NZS CISPR32 Class A CISPR32 Class A EN55032 Class A ICES003 Class A VCCI-CISPR32 Class A EN61000-3-2 EN61000-3-3 KS C 9832 Cla ; 47CFR Part 15 (CFR 47) Class A AS/NZS CISPR32 Class A CISPR32 Class A EN55032 Class A ICES003 Class A VCCI-CISPR32 Class A EN61000-3-2 EN61000-3-3 KS C 9832
156491	82120	UCS-HDL18TW1S74K9	emc_immunity	verified	ucs-c-series-rack-servers	["EN55035 EN55024 CISPR24/35 EN300386 KS C 9835 IEC/EN61000-6-1"]	EN55035 EN55024 CISPR24/35 EN300386 KS C 9835 IEC/EN61000-6-1
175157	82120	UCS-HDL18TW1S74K9	emc_emissions	verified	ucs-c-series-rack-servers	["47CFR Part 15 (CFR 47) Class A AS","NZS CISPR32 Class A CISPR32 Class A EN55032 Class A ICES003 Class A VCCI-CISPR32 Class A EN61000-3-2 EN61000-3-3 KS C 9832 Cla","47CFR Part 15 (CFR 47) Class A AS/NZS CISPR32 Class A CISPR32 Class A EN55032 Class A ICES003 Class A VCCI-CISPR32 Class A EN61000-3-2 EN61000-3-3 KS C 9832"]	47CFR Part 15 (CFR 47) Class A AS/NZS CISPR32 Class A CISPR32 Class A EN55032 Class A ICES003 Class A VCCI-CISPR32 Class A EN61000-3-2 EN61000-3-3 KS C 9832 Cla ; 47CFR Part 15 (CFR 47) Class A AS/NZS CISPR32 Class A CISPR32 Class A EN55032 Class A ICES003 Class A VCCI-CISPR32 Class A EN61000-3-2 EN61000-3-3 KS C 9832
156487	82144	UCS-HDL4TG1S74K	emc_immunity	verified	ucs-c-series-rack-servers	["EN55035 EN55024 CISPR24/35 EN300386 KS C 9835 IEC/EN61000-6-1"]	EN55035 EN55024 CISPR24/35 EN300386 KS C 9835 IEC/EN61000-6-1
175155	82144	UCS-HDL4TG1S74K	emc_emissions	verified	ucs-c-series-rack-servers	["47CFR Part 15 (CFR 47) Class A AS","NZS CISPR32 Class A CISPR32 Class A EN55032 Class A ICES003 Class A VCCI-CISPR32 Class A EN61000-3-2 EN61000-3-3 KS C 9832 Cla","47CFR Part 15 (CFR 47) Class A AS/NZS CISPR32 Class A CISPR32 Class A EN55032 Class A ICES003 Class A VCCI-CISPR32 Class A EN61000-3-2 EN61000-3-3 KS C 9832"]	47CFR Part 15 (CFR 47) Class A AS/NZS CISPR32 Class A CISPR32 Class A EN55032 Class A ICES003 Class A VCCI-CISPR32 Class A EN61000-3-2 EN61000-3-3 KS C 9832 Cla ; 47CFR Part 15 (CFR 47) Class A AS/NZS CISPR32 Class A CISPR32 Class A EN55032 Class A ICES003 Class A VCCI-CISPR32 Class A EN61000-3-2 EN61000-3-3 KS C 9832
156485	82145	UCS-HDL6TW1S74K9	emc_immunity	verified	ucs-c-series-rack-servers	["EN55035 EN55024 CISPR24/35 EN300386 KS C 9835 IEC/EN61000-6-1"]	EN55035 EN55024 CISPR24/35 EN300386 KS C 9835 IEC/EN61000-6-1
175154	82145	UCS-HDL6TW1S74K9	emc_emissions	verified	ucs-c-series-rack-servers	["47CFR Part 15 (CFR 47) Class A AS","NZS CISPR32 Class A CISPR32 Class A EN55032 Class A ICES003 Class A VCCI-CISPR32 Class A EN61000-3-2 EN61000-3-3 KS C 9832 Cla","47CFR Part 15 (CFR 47) Class A AS/NZS CISPR32 Class A CISPR32 Class A EN55032 Class A ICES003 Class A VCCI-CISPR32 Class A EN61000-3-2 EN61000-3-3 KS C 9832"]	47CFR Part 15 (CFR 47) Class A AS/NZS CISPR32 Class A CISPR32 Class A EN55032 Class A ICES003 Class A VCCI-CISPR32 Class A EN61000-3-2 EN61000-3-3 KS C 9832 Cla ; 47CFR Part 15 (CFR 47) Class A AS/NZS CISPR32 Class A CISPR32 Class A EN55032 Class A ICES003 Class A VCCI-CISPR32 Class A EN61000-3-2 EN61000-3-3 KS C 9832
156334	80996	UCS-CPU-I6714P	emc_immunity	verified	ucs-c-series-rack-servers	["EN55035 EN55024 CISPR24/35 EN300386 KS C 9835 IEC/EN61000-6-1"]	EN55035 EN55024 CISPR24/35 EN300386 KS C 9835 IEC/EN61000-6-1
175100	80996	UCS-CPU-I6714P	emc_emissions	verified	ucs-c-series-rack-servers	["47CFR Part 15 (CFR 47) Class A AS","NZS CISPR32 Class A CISPR32 Class A EN55032 Class A ICES003 Class A VCCI-CISPR32 Class A EN61000-3-2 EN61000-3-3 KS C 9832 Cla","47CFR Part 15 (CFR 47) Class A AS/NZS CISPR32 Class A CISPR32 Class A EN55032 Class A ICES003 Class A VCCI-CISPR32 Class A EN61000-3-2 EN61000-3-3 KS C 9832"]	47CFR Part 15 (CFR 47) Class A AS/NZS CISPR32 Class A CISPR32 Class A EN55032 Class A ICES003 Class A VCCI-CISPR32 Class A EN61000-3-2 EN61000-3-3 KS C 9832 Cla ; 47CFR Part 15 (CFR 47) Class A AS/NZS CISPR32 Class A CISPR32 Class A EN55032 Class A ICES003 Class A VCCI-CISPR32 Class A EN61000-3-2 EN61000-3-3 KS C 9832
155567	86414	UCSX-CPU-A9365	altitude_storage	verified	ucs-x-series-modular-system	"12,000m"	40,000 ft (12,000m)
142958	82503	UCS-PSU-6332-DC=	qos_features	verified	nexus-31128pq-switch	["Layer 2 IEEE 802.1p (Class of Service [CoS]) 8 unicast","8 multicast hardware queues per port Per-port QoS configuration CoS trust Port-based CoS assignment M"]	Layer 2 IEEE 802.1p (Class of Service [CoS]) 8 unicast and 8 multicast hardware queues per port Per-port QoS configuration CoS trust Port-based CoS assignment M
123105	82503	UCS-PSU-6332-DC=	emc_emissions	verified	nexus-31128pq-switch	["● 47CFR Part 15 (CFR 47) Class A ● AS","NZS CISPR22 Class A ● CISPR22 Class A ● EN55022 Class A ● ICES003 Class A ● VCCI Class A ● EN61000-3-2 ● EN61000-3-3 ● KN2"]	● 47CFR Part 15 (CFR 47) Class A ● AS/NZS CISPR22 Class A ● CISPR22 Class A ● EN55022 Class A ● ICES003 Class A ● VCCI Class A ● EN61000-3-2 ● EN61000-3-3 ● KN2
123106	82503	UCS-PSU-6332-DC=	emc_immunity	verified	nexus-31128pq-switch	["● EN55024 ● CISPR24 ● EN300386 ● KN24"]	● EN55024 ● CISPR24 ● EN300386 ● KN24
125312	86798	UCSX-GPU-RTXP6000	altitude_storage	corroborated	ucs-x-series-modular-system	"12,000m"	40,000 ft (12,000m)
141278	23816	CBL-BRKT-V1	qos_features	corroborated	8000-series-routers	["Virtual Output Queueing (VOQ) with deep packet buffering Class-based 3-level hierarchical QoS Policing","shaping","remarking Multilevel priority queuing Random Ea"]	Virtual Output Queueing (VOQ) with deep packet buffering Class-based 3-level hierarchical QoS Policing, shaping, remarking Multilevel priority queuing Random Ea
82647	23816	CBL-BRKT-V1	segment_routing_features	corroborated	8000-series-routers	"Segment Routing with MPLS data plane (SR-MPLS) Segment Routing with IPv6 data plane (SRv6) Segment Routing Traffic Engineering (SR-TE) Segment Routing Path Comp"	Segment Routing with MPLS data plane (SR-MPLS) Segment Routing with IPv6 data plane (SRv6) Segment Routing Traffic Engineering (SR-TE) Segment Routing Path Comp
82646	23816	CBL-BRKT-V1	programming_interfaces	corroborated	8000-series-routers	["Command-Line Interface (CLI) SSH","Telnet","SCP","FTP","TFTP Simple Network Management Protocol (SNMP) Network Configuration Protocol (NETCONF) gRPC (Remote Procedu"]	Command-Line Interface (CLI) SSH, Telnet, SCP, FTP, TFTP Simple Network Management Protocol (SNMP) Network Configuration Protocol (NETCONF) gRPC (Remote Procedu
124297	85469	UCSC-GPU-H200-NVL1	emc_emissions	verified	ucs-c-series-rack-servers	["47CFR Part 15 (CFR 47) Class A AS","NZS CISPR32 Class A CISPR32 Class A EN55032 Class A ICES003 Class A VCCI-CISPR32 Class A EN61000-3-2 EN61000-3-3 KS C 9832 Cla"]	47CFR Part 15 (CFR 47) Class A AS/NZS CISPR32 Class A CISPR32 Class A EN55032 Class A ICES003 Class A VCCI-CISPR32 Class A EN61000-3-2 EN61000-3-3 KS C 9832 Cla
124298	85469	UCSC-GPU-H200-NVL1	emc_immunity	verified	ucs-c-series-rack-servers	["EN55035 EN55024 CISPR24","35 EN300386 KS C 9835 IEC","EN61000-6-1"]	EN55035 EN55024 CISPR24/35 EN300386 KS C 9835 IEC/EN61000-6-1
156558	85361	UCSC-GPU-L40	emc_immunity	verified	ucs-c-series-rack-servers	["EN55035 EN55024 CISPR24/35 EN300386 KS C 9835 IEC/EN61000-6-1"]	EN55035 EN55024 CISPR24/35 EN300386 KS C 9835 IEC/EN61000-6-1
175187	85361	UCSC-GPU-L40	emc_emissions	verified	ucs-c-series-rack-servers	["47CFR Part 15 (CFR 47) Class A AS","NZS CISPR32 Class A CISPR32 Class A EN55032 Class A ICES003 Class A VCCI-CISPR32 Class A EN61000-3-2 EN61000-3-3 KS C 9832 Cla","47CFR Part 15 (CFR 47) Class A AS/NZS CISPR32 Class A CISPR32 Class A EN55032 Class A ICES003 Class A VCCI-CISPR32 Class A EN61000-3-2 EN61000-3-3 KS C 9832"]	47CFR Part 15 (CFR 47) Class A AS/NZS CISPR32 Class A CISPR32 Class A EN55032 Class A ICES003 Class A VCCI-CISPR32 Class A EN61000-3-2 EN61000-3-3 KS C 9832 Cla ; 47CFR Part 15 (CFR 47) Class A AS/NZS CISPR32 Class A CISPR32 Class A EN55032 Class A ICES003 Class A VCCI-CISPR32 Class A EN61000-3-2 EN61000-3-3 KS C 9832
124301	85473	UCSC-GPU-L40S4	emc_emissions	verified	ucs-c-series-rack-servers	["47CFR Part 15 (CFR 47) Class A AS","NZS CISPR32 Class A CISPR32 Class A EN55032 Class A ICES003 Class A VCCI-CISPR32 Class A EN61000-3-2 EN61000-3-3 KS C 9832 Cla"]	47CFR Part 15 (CFR 47) Class A AS/NZS CISPR32 Class A CISPR32 Class A EN55032 Class A ICES003 Class A VCCI-CISPR32 Class A EN61000-3-2 EN61000-3-3 KS C 9832 Cla
124302	85473	UCSC-GPU-L40S4	emc_immunity	verified	ucs-c-series-rack-servers	["EN55035 EN55024 CISPR24","35 EN300386 KS C 9835 IEC","EN61000-6-1"]	EN55035 EN55024 CISPR24/35 EN300386 KS C 9835 IEC/EN61000-6-1
124224	85103	UCSC-GPU-RTX6000D2	emc_emissions	verified	ucs-c-series-rack-servers	["47CFR Part 15 (CFR 47) Class A AS","NZS CISPR32 Class A CISPR32 Class A EN55032 Class A ICES003 Class A VCCI-CISPR32 Class A EN61000-3-2 EN61000-3-3 KS C 9832 Cla"]	47CFR Part 15 (CFR 47) Class A AS/NZS CISPR32 Class A CISPR32 Class A EN55032 Class A ICES003 Class A VCCI-CISPR32 Class A EN61000-3-2 EN61000-3-3 KS C 9832 Cla
124225	85103	UCSC-GPU-RTX6000D2	emc_immunity	verified	ucs-c-series-rack-servers	["EN55035 EN55024 CISPR24","35 EN300386 KS C 9835 IEC","EN61000-6-1"]	EN55035 EN55024 CISPR24/35 EN300386 KS C 9835 IEC/EN61000-6-1
156364	85578	UCSC-P-I8D100GF-D	emc_immunity	verified	ucs-c-series-rack-servers	["EN55035 EN55024 CISPR24/35 EN300386 KS C 9835 IEC/EN61000-6-1"]	EN55035 EN55024 CISPR24/35 EN300386 KS C 9835 IEC/EN61000-6-1
175113	85578	UCSC-P-I8D100GF-D	emc_emissions	verified	ucs-c-series-rack-servers	["47CFR Part 15 (CFR 47) Class A AS","NZS CISPR32 Class A CISPR32 Class A EN55032 Class A ICES003 Class A VCCI-CISPR32 Class A EN61000-3-2 EN61000-3-3 KS C 9832 Cla","47CFR Part 15 (CFR 47) Class A AS/NZS CISPR32 Class A CISPR32 Class A EN55032 Class A ICES003 Class A VCCI-CISPR32 Class A EN61000-3-2 EN61000-3-3 KS C 9832"]	47CFR Part 15 (CFR 47) Class A AS/NZS CISPR32 Class A CISPR32 Class A EN55032 Class A ICES003 Class A VCCI-CISPR32 Class A EN61000-3-2 EN61000-3-3 KS C 9832 Cla ; 47CFR Part 15 (CFR 47) Class A AS/NZS CISPR32 Class A CISPR32 Class A EN55032 Class A ICES003 Class A VCCI-CISPR32 Class A EN61000-3-2 EN61000-3-3 KS C 9832
121026	80886	UCS-CPU-I6731P1	emc_emissions	verified	ucs-c-series-rack-servers	["47CFR Part 15 (CFR 47) Class A AS","NZS CISPR32 Class A CISPR32 Class A EN55032 Class A ICES003 Class A VCCI-CISPR32 Class A EN61000-3-2 EN61000-3-3 KS C 9832 Cla"]	47CFR Part 15 (CFR 47) Class A AS/NZS CISPR32 Class A CISPR32 Class A EN55032 Class A ICES003 Class A VCCI-CISPR32 Class A EN61000-3-2 EN61000-3-3 KS C 9832 Cla
121027	80886	UCS-CPU-I6731P1	emc_immunity	verified	ucs-c-series-rack-servers	["EN55035 EN55024 CISPR24","35 EN300386 KS C 9835 IEC","EN61000-6-1"]	EN55035 EN55024 CISPR24/35 EN300386 KS C 9835 IEC/EN61000-6-1
156449	85783	UCSC-P-MCD100GF-D	emc_immunity	verified	ucs-c-series-rack-servers	["EN55035 EN55024 CISPR24/35 EN300386 KS C 9835 IEC/EN61000-6-1"]	EN55035 EN55024 CISPR24/35 EN300386 KS C 9835 IEC/EN61000-6-1
175138	85783	UCSC-P-MCD100GF-D	emc_emissions	verified	ucs-c-series-rack-servers	["47CFR Part 15 (CFR 47) Class A AS","NZS CISPR32 Class A CISPR32 Class A EN55032 Class A ICES003 Class A VCCI-CISPR32 Class A EN61000-3-2 EN61000-3-3 KS C 9832 Cla","47CFR Part 15 (CFR 47) Class A AS/NZS CISPR32 Class A CISPR32 Class A EN55032 Class A ICES003 Class A VCCI-CISPR32 Class A EN61000-3-2 EN61000-3-3 KS C 9832"]	47CFR Part 15 (CFR 47) Class A AS/NZS CISPR32 Class A CISPR32 Class A EN55032 Class A ICES003 Class A VCCI-CISPR32 Class A EN61000-3-2 EN61000-3-3 KS C 9832 Cla ; 47CFR Part 15 (CFR 47) Class A AS/NZS CISPR32 Class A CISPR32 Class A EN55032 Class A ICES003 Class A VCCI-CISPR32 Class A EN61000-3-2 EN61000-3-3 KS C 9832
173216	81101	UCS-CPU-I6238R	altitude_max	verified	compute-hyperconverged	3050	0 m to 3050 m (10,000 ft)
173215	81101	UCS-CPU-I6238R	temp_operating	verified	compute-hyperconverged	{"max":35,"min":10}	10°C to 35°C (50°F to 95°F) with no direct sunlight
173217	81101	UCS-CPU-I6238R	altitude_storage	verified	compute-hyperconverged	"0 m to 12,000 m (39,370 ft)"	0 m to 12,000 m (39,370 ft)
173218	81101	UCS-CPU-I6238R	certifications	verified	compute-hyperconverged	["950-1 No. 21CFR1040","CAN/CSA-C22.2 No. 60950-1","IRAM IEC60950-1"]	950-1 No. 21CFR1040, CAN/CSA-C22.2 No. 60950-1, IRAM IEC60950-1,
156314	81272	UCS-CPU-I6520P	emc_immunity	verified	ucs-c-series-rack-servers	["EN55035 EN55024 CISPR24/35 EN300386 KS C 9835 IEC/EN61000-6-1"]	EN55035 EN55024 CISPR24/35 EN300386 KS C 9835 IEC/EN61000-6-1
175095	81272	UCS-CPU-I6520P	emc_emissions	verified	ucs-c-series-rack-servers	["47CFR Part 15 (CFR 47) Class A AS","NZS CISPR32 Class A CISPR32 Class A EN55032 Class A ICES003 Class A VCCI-CISPR32 Class A EN61000-3-2 EN61000-3-3 KS C 9832 Cla","47CFR Part 15 (CFR 47) Class A AS/NZS CISPR32 Class A CISPR32 Class A EN55032 Class A ICES003 Class A VCCI-CISPR32 Class A EN61000-3-2 EN61000-3-3 KS C 9832"]	47CFR Part 15 (CFR 47) Class A AS/NZS CISPR32 Class A CISPR32 Class A EN55032 Class A ICES003 Class A VCCI-CISPR32 Class A EN61000-3-2 EN61000-3-3 KS C 9832 Cla ; 47CFR Part 15 (CFR 47) Class A AS/NZS CISPR32 Class A CISPR32 Class A EN55032 Class A ICES003 Class A VCCI-CISPR32 Class A EN61000-3-2 EN61000-3-3 KS C 9832
156282	81232	UCS-CPU-I6740P	emc_immunity	verified	ucs-c-series-rack-servers	["EN55035 EN55024 CISPR24/35 EN300386 KS C 9835 IEC/EN61000-6-1"]	EN55035 EN55024 CISPR24/35 EN300386 KS C 9835 IEC/EN61000-6-1
175087	81232	UCS-CPU-I6740P	emc_emissions	verified	ucs-c-series-rack-servers	["47CFR Part 15 (CFR 47) Class A AS","NZS CISPR32 Class A CISPR32 Class A EN55032 Class A ICES003 Class A VCCI-CISPR32 Class A EN61000-3-2 EN61000-3-3 KS C 9832 Cla","47CFR Part 15 (CFR 47) Class A AS/NZS CISPR32 Class A CISPR32 Class A EN55032 Class A ICES003 Class A VCCI-CISPR32 Class A EN61000-3-2 EN61000-3-3 KS C 9832"]	47CFR Part 15 (CFR 47) Class A AS/NZS CISPR32 Class A CISPR32 Class A EN55032 Class A ICES003 Class A VCCI-CISPR32 Class A EN61000-3-2 EN61000-3-3 KS C 9832 Cla ; 47CFR Part 15 (CFR 47) Class A AS/NZS CISPR32 Class A CISPR32 Class A EN55032 Class A ICES003 Class A VCCI-CISPR32 Class A EN61000-3-2 EN61000-3-3 KS C 9832
156388	80270	UCS-CPU-A9565	emc_immunity	verified	ucs-c-series-rack-servers	["EN55035 EN55024 CISPR24/35 EN300386 KS C 9835 IEC/EN61000-6-1"]	EN55035 EN55024 CISPR24/35 EN300386 KS C 9835 IEC/EN61000-6-1
175120	80270	UCS-CPU-A9565	emc_emissions	verified	ucs-c-series-rack-servers	["47CFR Part 15 (CFR 47) Class A AS","NZS CISPR32 Class A CISPR32 Class A EN55032 Class A ICES003 Class A VCCI-CISPR32 Class A EN61000-3-2 EN61000-3-3 KS C 9832 Cla","47CFR Part 15 (CFR 47) Class A AS/NZS CISPR32 Class A CISPR32 Class A EN55032 Class A ICES003 Class A VCCI-CISPR32 Class A EN61000-3-2 EN61000-3-3 KS C 9832"]	47CFR Part 15 (CFR 47) Class A AS/NZS CISPR32 Class A CISPR32 Class A EN55032 Class A ICES003 Class A VCCI-CISPR32 Class A EN61000-3-2 EN61000-3-3 KS C 9832 Cla ; 47CFR Part 15 (CFR 47) Class A AS/NZS CISPR32 Class A CISPR32 Class A EN55032 Class A ICES003 Class A VCCI-CISPR32 Class A EN61000-3-2 EN61000-3-3 KS C 9832
156384	80302	UCS-CPU-A9825	emc_immunity	verified	ucs-c-series-rack-servers	["EN55035 EN55024 CISPR24/35 EN300386 KS C 9835 IEC/EN61000-6-1"]	EN55035 EN55024 CISPR24/35 EN300386 KS C 9835 IEC/EN61000-6-1
175119	80302	UCS-CPU-A9825	emc_emissions	verified	ucs-c-series-rack-servers	["47CFR Part 15 (CFR 47) Class A AS","NZS CISPR32 Class A CISPR32 Class A EN55032 Class A ICES003 Class A VCCI-CISPR32 Class A EN61000-3-2 EN61000-3-3 KS C 9832 Cla","47CFR Part 15 (CFR 47) Class A AS/NZS CISPR32 Class A CISPR32 Class A EN55032 Class A ICES003 Class A VCCI-CISPR32 Class A EN61000-3-2 EN61000-3-3 KS C 9832"]	47CFR Part 15 (CFR 47) Class A AS/NZS CISPR32 Class A CISPR32 Class A EN55032 Class A ICES003 Class A VCCI-CISPR32 Class A EN61000-3-2 EN61000-3-3 KS C 9832 Cla ; 47CFR Part 15 (CFR 47) Class A AS/NZS CISPR32 Class A CISPR32 Class A EN55032 Class A ICES003 Class A VCCI-CISPR32 Class A EN61000-3-2 EN61000-3-3 KS C 9832
156330	81140	UCS-CPU-I6505P	emc_immunity	verified	ucs-c-series-rack-servers	["EN55035 EN55024 CISPR24/35 EN300386 KS C 9835 IEC/EN61000-6-1"]	EN55035 EN55024 CISPR24/35 EN300386 KS C 9835 IEC/EN61000-6-1
175099	81140	UCS-CPU-I6505P	emc_emissions	verified	ucs-c-series-rack-servers	["47CFR Part 15 (CFR 47) Class A AS","NZS CISPR32 Class A CISPR32 Class A EN55032 Class A ICES003 Class A VCCI-CISPR32 Class A EN61000-3-2 EN61000-3-3 KS C 9832 Cla","47CFR Part 15 (CFR 47) Class A AS/NZS CISPR32 Class A CISPR32 Class A EN55032 Class A ICES003 Class A VCCI-CISPR32 Class A EN61000-3-2 EN61000-3-3 KS C 9832"]	47CFR Part 15 (CFR 47) Class A AS/NZS CISPR32 Class A CISPR32 Class A EN55032 Class A ICES003 Class A VCCI-CISPR32 Class A EN61000-3-2 EN61000-3-3 KS C 9832 Cla ; 47CFR Part 15 (CFR 47) Class A AS/NZS CISPR32 Class A CISPR32 Class A EN55032 Class A ICES003 Class A VCCI-CISPR32 Class A EN61000-3-2 EN61000-3-3 KS C 9832
156338	81141	UCS-CPU-I6507P	emc_immunity	verified	ucs-c-series-rack-servers	["EN55035 EN55024 CISPR24/35 EN300386 KS C 9835 IEC/EN61000-6-1"]	EN55035 EN55024 CISPR24/35 EN300386 KS C 9835 IEC/EN61000-6-1
175101	81141	UCS-CPU-I6507P	emc_emissions	verified	ucs-c-series-rack-servers	["47CFR Part 15 (CFR 47) Class A AS","NZS CISPR32 Class A CISPR32 Class A EN55032 Class A ICES003 Class A VCCI-CISPR32 Class A EN61000-3-2 EN61000-3-3 KS C 9832 Cla","47CFR Part 15 (CFR 47) Class A AS/NZS CISPR32 Class A CISPR32 Class A EN55032 Class A ICES003 Class A VCCI-CISPR32 Class A EN61000-3-2 EN61000-3-3 KS C 9832"]	47CFR Part 15 (CFR 47) Class A AS/NZS CISPR32 Class A CISPR32 Class A EN55032 Class A ICES003 Class A VCCI-CISPR32 Class A EN61000-3-2 EN61000-3-3 KS C 9832 Cla ; 47CFR Part 15 (CFR 47) Class A AS/NZS CISPR32 Class A CISPR32 Class A EN55032 Class A ICES003 Class A VCCI-CISPR32 Class A EN61000-3-2 EN61000-3-3 KS C 9832
157411	85100	UCSC-GPU-H100-NVL	emc_immunity	verified	ucs-c-series-rack-servers	["EN55035 EN55024 CISPR24/35 EN300386 KS C 9835 IEC/EN61000-6-1"]	EN55035 EN55024 CISPR24/35 EN300386 KS C 9835 IEC/EN61000-6-1
175278	85100	UCSC-GPU-H100-NVL	emc_emissions	verified	ucs-c-series-rack-servers	["47CFR Part 15 (CFR 47) Class A AS","NZS CISPR32 Class A CISPR32 Class A EN55032 Class A ICES003 Class A VCCI-CISPR32 Class A EN61000-3-2 EN61000-3-3 KS C 9832 Cla","47CFR Part 15 (CFR 47) Class A AS/NZS CISPR32 Class A CISPR32 Class A EN55032 Class A ICES003 Class A VCCI-CISPR32 Class A EN61000-3-2 EN61000-3-3 KS C 9832"]	47CFR Part 15 (CFR 47) Class A AS/NZS CISPR32 Class A CISPR32 Class A EN55032 Class A ICES003 Class A VCCI-CISPR32 Class A EN61000-3-2 EN61000-3-3 KS C 9832 Cla ; 47CFR Part 15 (CFR 47) Class A AS/NZS CISPR32 Class A CISPR32 Class A EN55032 Class A ICES003 Class A VCCI-CISPR32 Class A EN61000-3-2 EN61000-3-3 KS C 9832
174446	81923	UCS-M2-480G=	temp_operating	verified	compute-hyperconverged	{"max":35,"min":10}	10°C to 35°C (50°F to 95°F) with no direct sunlight
174447	81923	UCS-M2-480G=	altitude_max	verified	compute-hyperconverged	3050	0 m to 3050 m (10,000 ft)
174448	81923	UCS-M2-480G=	altitude_storage	verified	compute-hyperconverged	"0 m to 12,000 m (39,370 ft)"	0 m to 12,000 m (39,370 ft)
174449	81923	UCS-M2-480G=	certifications	verified	compute-hyperconverged	["950-1 No. 21CFR1040","CAN/CSA-C22.2 No. 60950-1","IRAM IEC60950-1"]	950-1 No. 21CFR1040, CAN/CSA-C22.2 No. 60950-1, IRAM IEC60950-1,
174573	41424	HX-CPU-8153	humidity_operating	verified	hyperflex-hx-series	{"max":90,"min":10}	10% to 90% and 28°C (82.4°F) maximum dew-point temperature,
174574	41424	HX-CPU-8153	humidity_storage	verified	hyperflex-hx-series	{"max":93,"min":5}	5% to 93% relative humidity, non-condensing, with a maximum
174575	41424	HX-CPU-8153	certifications	verified	hyperflex-hx-series	["60950-1 Second Edition"]	60950-1 Second Edition
174576	41424	HX-CPU-8153	emc_emissions	verified	hyperflex-hx-series	["47CFR Part 15 (CFR 47) Class A"]	47CFR Part 15 (CFR 47) Class A
174633	42228	HX-CPU-I8260M	humidity_operating	verified	hyperflex-hx-series	{"max":90,"min":10}	10% to 90% and 28°C (82.4°F) maximum dew-point temperature,
174634	42228	HX-CPU-I8260M	humidity_storage	verified	hyperflex-hx-series	{"max":93,"min":5}	5% to 93% relative humidity, non-condensing, with a maximum
174635	42228	HX-CPU-I8260M	certifications	verified	hyperflex-hx-series	["60950-1 Second Edition"]	60950-1 Second Edition
174636	42228	HX-CPU-I8260M	emc_emissions	verified	hyperflex-hx-series	["47CFR Part 15 (CFR 47) Class A"]	47CFR Part 15 (CFR 47) Class A
174735	42144	HX-GPU-M60	humidity_operating	verified	hyperflex-hx-series	{"max":90,"min":10}	10% to 90% and 28°C (82.4°F) maximum dew-point temperature,
174736	42144	HX-GPU-M60	humidity_storage	verified	hyperflex-hx-series	{"max":93,"min":5}	5% to 93% relative humidity, non-condensing, with a maximum
174737	42144	HX-GPU-M60	certifications	verified	hyperflex-hx-series	["60950-1 Second Edition"]	60950-1 Second Edition
174738	42144	HX-GPU-M60	emc_emissions	verified	hyperflex-hx-series	["47CFR Part 15 (CFR 47) Class A"]	47CFR Part 15 (CFR 47) Class A
155708	39869	HCI-CPU-I6454S	emc_immunity	verified	hyperconverged-infrastructure	["EN55035 EN55024 CISPR24/35 EN300386 KS C 9835 IEC/EN61000-6-1"]	EN55035 EN55024 CISPR24/35 EN300386 KS C 9835 IEC/EN61000-6-1
174899	39869	HCI-CPU-I6454S	emc_emissions	verified	hyperconverged-infrastructure	["47CFR Part 15 (CFR 47) Class A AS","NZS CISPR32 Class A CISPR32 Class A EN55032 Class A ICES003 Class A VCCI-CISPR32 Class A EN61000-3-2 EN61000-3-3 KS C 9832 Cla","47CFR Part 15 (CFR 47) Class A AS/NZS CISPR32 Class A CISPR32 Class A EN55032 Class A ICES003 Class A VCCI-CISPR32 Class A EN61000-3-2 EN61000-3-3 KS C 9832"]	47CFR Part 15 (CFR 47) Class A AS/NZS CISPR32 Class A CISPR32 Class A EN55032 Class A ICES003 Class A VCCI-CISPR32 Class A EN61000-3-2 EN61000-3-3 KS C 9832 Cla ; 47CFR Part 15 (CFR 47) Class A AS/NZS CISPR32 Class A CISPR32 Class A EN55032 Class A ICES003 Class A VCCI-CISPR32 Class A EN61000-3-2 EN61000-3-3 KS C 9832
173299	39869	HCI-CPU-I6454S	humidity_operating	verified	hyperconverged-infrastructure	{"max":90,"min":8}	8% to 90% relative humidity, non-condensing, with maximum wet
173300	39869	HCI-CPU-I6454S	humidity_storage	verified	hyperconverged-infrastructure	{"max":93,"min":5}	5% to 93% relative humidity, non-condensing, with a maximum
95509	41615	HX-CPU-A7543	emc_immunity	verified	hyperflex-hx-series	["EN55024 CISPR24 EN300386 KN35"]	EN55024 CISPR24 EN300386 KN35
174936	41615	HX-CPU-A7543	emc_emissions	verified	hyperflex-hx-series	["47CFR Part 15 (CFR 47) Class A  AS","NZS CISPR32 Class A  CISPR32 Class A EN55032 Class A  ICES003 Class A  VCCI Class A  EN61000-3-2 EN61000-3-3 KN32 Cla","47CFR Part 15 (CFR 47) Class A  AS/NZS CISPR32 Class A  CISPR32 Class A EN55032 Class A  ICES003 Class A  VCCI Class A  EN61000-3-2 EN61000-3-3 KN32"]	47CFR Part 15 (CFR 47) Class A  AS/NZS CISPR32 Class A  CISPR32 Class A EN55032 Class A  ICES003 Class A  VCCI Class A  EN61000-3-2 EN61000-3-3 KN32 Cla ; 47CFR Part 15 (CFR 47) Class A  AS/NZS CISPR32 Class A  CISPR32 Class A EN55032 Class A  ICES003 Class A  VCCI Class A  EN61000-3-2 EN61000-3-3 KN32
173446	41615	HX-CPU-A7543	humidity_operating	verified	hyperflex-hx-series	{"max":90,"min":10}	10% to 90% and 28°C (82.4°F) maximum dew-point temperature,
173447	41615	HX-CPU-A7543	humidity_storage	verified	hyperflex-hx-series	{"max":93,"min":5}	5% to 93% relative humidity, non-condensing, with a maximum
156839	87553	UCSX-SD16TBM1XEVD	altitude_storage	verified	ucs-x-series-modular-system	"12,000m"	40,000 ft (12,000m)
155227	39904	HCI-GPU-A100-80-M6	emc_emissions	verified	compute-hyperconverged-nutanix	["47CFR Part 15 (CFR 47) Class A AS/NZS CISPR32 Class A CISPR32 Class A EN55032 Class A ICES003 Class A VCCI Class A EN61000-3-2 EN61000-3-3 KN32 Class A CNS13438"]	47CFR Part 15 (CFR 47) Class A AS/NZS CISPR32 Class A CISPR32 Class A EN55032 Class A ICES003 Class A VCCI Class A EN61000-3-2 EN61000-3-3 KN32 Class A CNS13438
93533	39904	HCI-GPU-A100-80-M6	emc_immunity	verified	compute-hyperconverged-nutanix	["EN55024 CISPR24 EN300386 KN35"]	EN55024 CISPR24 EN300386 KN35
173085	39904	HCI-GPU-A100-80-M6	humidity_operating	verified	compute-hyperconverged-nutanix	{"max":90,"min":10}	10% to 90% and 28°C (82.4°F) maximum dew-point temperature,
173086	39904	HCI-GPU-A100-80-M6	humidity_storage	verified	compute-hyperconverged-nutanix	{"max":93,"min":5}	5% to 93% relative humidity, non-condensing, with a maximum
155304	40689	HCIX-CPU-I6434	temp_storage	verified	compute-hyperconverged-nutanix	{"max":65,"min":-40}	-40° to 149°F (–40° to 65°C)
155305	40689	HCIX-CPU-I6434	humidity_storage	verified	compute-hyperconverged-nutanix	{"max":93,"min":5}	5% to 93% noncondensing
155307	40689	HCIX-CPU-I6434	altitude_storage	verified	compute-hyperconverged-nutanix	"12,000m"	40,000 ft (12,000m)
94535	40689	HCIX-CPU-I6434	temp_operating	verified	compute-hyperconverged-nutanix	{"max":35,"min":10}	50° to 95°F (10° to 35°C)
94537	40689	HCIX-CPU-I6434	humidity_operating	verified	compute-hyperconverged-nutanix	{"max":90,"min":5}	5% to 90% noncondensing
155306	40689	HCIX-CPU-I6434	altitude_max	verified	compute-hyperconverged-nutanix	3000	0 to 10,000 ft (0 to 3000m); maximum ambient temperature decreases by 1°C per 300m
105998	63866	NCS1K4-DC-PSU-2	regions_supported	verified	network-convergence-system-1000-series	"● European Union ● Africa ● CSI ● Australia ● New Zealand ● China ● Korea ● India ● Saudi Arabia ● South America"	● European Union ● Africa ● CSI ● Australia ● New Zealand ● China ● Korea ● India ● Saudi Arabia ● South America
206055	63866	NCS1K4-DC-PSU-2	certifications	verified	network-convergence-system-1000-series	["IEC 60950-1 Information technology equipment Safety Part 1: General requirements - Edition 2, 2005 + Amendment 1 2009 + Amendment 2 2013.","EN 60950-1: Editio"]	● IEC 60950-1 Information technology equipment Safety Part 1: General requirements - Edition 2, 2005 + Amendment 1 2009 + Amendment 2 2013. ● EN 60950-1: Editio
93589	39937	HCI-CPU-I8351N3	emc_emissions	verified	compute-hyperconverged-nutanix	["47CFR Part 15 (CFR 47) Class A AS","NZS CISPR32 Class A CISPR32 Class A EN55032 Class A ICES003 Class A VCCI Class A EN61000-3-2 EN61000-3-3 KN32 Class A CNS13438"]	47CFR Part 15 (CFR 47) Class A AS/NZS CISPR32 Class A CISPR32 Class A EN55032 Class A ICES003 Class A VCCI Class A EN61000-3-2 EN61000-3-3 KN32 Class A CNS13438
93590	39937	HCI-CPU-I8351N3	emc_immunity	verified	compute-hyperconverged-nutanix	["EN55024 CISPR24 EN300386 KN35"]	EN55024 CISPR24 EN300386 KN35
94255	40243	HCI-CPU-I8558U1	emc_emissions	verified	hyperconverged-infrastructure	["47CFR Part 15 (CFR 47) Class A AS","NZS CISPR32 Class A CISPR32 Class A EN55032 Class A ICES003 Class A VCCI-CISPR32 Class A EN61000-3-2 EN61000-3-3 KS C 9832 Cla"]	47CFR Part 15 (CFR 47) Class A AS/NZS CISPR32 Class A CISPR32 Class A EN55032 Class A ICES003 Class A VCCI-CISPR32 Class A EN61000-3-2 EN61000-3-3 KS C 9832 Cla
94256	40243	HCI-CPU-I8558U1	emc_immunity	verified	hyperconverged-infrastructure	["EN55035 EN55024 CISPR24","35 EN300386 KS C 9835 IEC","EN61000-6-1"]	EN55035 EN55024 CISPR24/35 EN300386 KS C 9835 IEC/EN61000-6-1
96021	43292	HXE-CPU-A7543	emc_immunity	verified	hyperflex-hx-series	["EN55024 CISPR24 EN300386 KN35"]	EN55024 CISPR24 EN300386 KN35
174924	43292	HXE-CPU-A7543	emc_emissions	verified	hyperflex-hx-series	["47CFR Part 15 (CFR 47) Class A  AS","NZS CISPR32 Class A  CISPR32 Class A EN55032 Class A  ICES003 Class A  VCCI Class A  EN61000-3-2 EN61000-3-3 KN32 Cla","47CFR Part 15 (CFR 47) Class A  AS/NZS CISPR32 Class A  CISPR32 Class A EN55032 Class A  ICES003 Class A  VCCI Class A  EN61000-3-2 EN61000-3-3 KN32"]	47CFR Part 15 (CFR 47) Class A  AS/NZS CISPR32 Class A  CISPR32 Class A EN55032 Class A  ICES003 Class A  VCCI Class A  EN61000-3-2 EN61000-3-3 KN32 Cla ; 47CFR Part 15 (CFR 47) Class A  AS/NZS CISPR32 Class A  CISPR32 Class A EN55032 Class A  ICES003 Class A  VCCI Class A  EN61000-3-2 EN61000-3-3 KN32
173374	43292	HXE-CPU-A7543	humidity_operating	verified	hyperflex-hx-series	{"max":90,"min":10}	10% to 90% and 28°C (82.4°F) maximum dew-point temperature,
173375	43292	HXE-CPU-A7543	humidity_storage	verified	hyperflex-hx-series	{"max":93,"min":5}	5% to 93% relative humidity, non-condensing, with a maximum
95118	41154	HCIX-ML-V5Q50G	temp_operating	verified	compute-hyperconverged-nutanix	{"max":35,"min":10}	50° to 95°F (10° to 35°C)
95120	41154	HCIX-ML-V5Q50G	humidity_operating	verified	compute-hyperconverged-nutanix	{"max":90,"min":5}	5% to 90% noncondensing
157287	41154	HCIX-ML-V5Q50G	temp_storage	verified	compute-hyperconverged-nutanix	{"max":65,"min":-40}	-40° to 149°F (–40° to 65°C)
157288	41154	HCIX-ML-V5Q50G	humidity_storage	verified	compute-hyperconverged-nutanix	{"max":93,"min":5}	5% to 93% noncondensing
157290	41154	HCIX-ML-V5Q50G	altitude_storage	verified	compute-hyperconverged-nutanix	"12,000m"	40,000 ft (12,000m)
157289	41154	HCIX-ML-V5Q50G	altitude_max	verified	compute-hyperconverged-nutanix	3000	0 to 10,000 ft (0 to 3000m); maximum ambient temperature decreases by 1°C per 300m
155261	40733	HCIX-CPU-I4514Y	temp_storage	verified	compute-hyperconverged-nutanix	{"max":65,"min":-40}	-40° to 149°F (–40° to 65°C)
155262	40733	HCIX-CPU-I4514Y	humidity_storage	verified	compute-hyperconverged-nutanix	{"max":93,"min":5}	5% to 93% noncondensing
155264	40733	HCIX-CPU-I4514Y	altitude_storage	verified	compute-hyperconverged-nutanix	"12,000m"	40,000 ft (12,000m)
94615	40733	HCIX-CPU-I4514Y	temp_operating	verified	compute-hyperconverged-nutanix	{"max":35,"min":10}	50° to 95°F (10° to 35°C)
94617	40733	HCIX-CPU-I4514Y	humidity_operating	verified	compute-hyperconverged-nutanix	{"max":90,"min":5}	5% to 90% noncondensing
155263	40733	HCIX-CPU-I4514Y	altitude_max	verified	compute-hyperconverged-nutanix	3000	0 to 10,000 ft (0 to 3000m); maximum ambient temperature decreases by 1°C per 300m
94627	40736	HCIX-CPU-I6421N1	temp_operating	verified	compute-hyperconverged-nutanix	{"max":35,"min":10}	50° to 95°F (10° to 35°C)
94629	40736	HCIX-CPU-I6421N1	humidity_operating	verified	compute-hyperconverged-nutanix	{"max":90,"min":5}	5% to 90% noncondensing
157799	40736	HCIX-CPU-I6421N1	temp_storage	verified	compute-hyperconverged-nutanix	{"max":65,"min":-40}	-40° to 149°F (–40° to 65°C)
94733	40788	HCIX-CPU-I8471N1	temp_operating	verified	compute-hyperconverged-nutanix	{"max":35,"min":10}	50° to 95°F (10° to 35°C)
94735	40788	HCIX-CPU-I8471N1	humidity_operating	verified	compute-hyperconverged-nutanix	{"max":90,"min":5}	5% to 90% noncondensing
157801	40788	HCIX-CPU-I8471N1	temp_storage	verified	compute-hyperconverged-nutanix	{"max":65,"min":-40}	-40° to 149°F (–40° to 65°C)
107142	64331	NCS4K-DC-PSU-V1=	temp_operating	verified	network-convergence-system-2000-series	{"max":55,"min":0}	32 to 131ºF (0 to 55ºC) 23 to 131ºF (-5 to 55ºC)
150786	64331	NCS4K-DC-PSU-V1=	emc_immunity	verified	network-convergence-system-4000-series	["IEC/EN-61000-4-2: Electrostatic Discharge Immunity","IEC/EN-61000-4-3: Radiated Immunity","IEC/EN-61000-4-4: Electrical Fast Transient Immunity","IEC/EN-61000"]	● IEC/EN-61000-4-2: Electrostatic Discharge Immunity ● IEC/EN-61000-4-3: Radiated Immunity ● IEC/EN-61000-4-4: Electrical Fast Transient Immunity ● IEC/EN-61000
150787	64331	NCS4K-DC-PSU-V1=	etsi_standards	verified	network-convergence-system-4000-series	["EN300 386: Telecommunications Network Equipment (EMC)","EN55022: Information Technology Equipment (Emissions)","EN55024: Information Technology Equipment (Imm"]	● EN300 386: Telecommunications Network Equipment (EMC) ● EN55022: Information Technology Equipment (Emissions) ● EN55024: Information Technology Equipment (Imm
107135	64331	NCS4K-DC-PSU-V1=	humidity_operating	verified	network-convergence-system-2000-series	{"max":85,"min":5}	5 to 85%, noncondensing 5 to 90% but not to exceed 0.024 kg water/kg of dry air
107136	64331	NCS4K-DC-PSU-V1=	regions_supported	verified	network-convergence-system-2000-series	"● Europe ● Latin America ● Japan ● Asia Pacific ● Middle East and Africa"	● Europe ● Latin America ● Japan ● Asia Pacific ● Middle East and Africa
107137	64331	NCS4K-DC-PSU-V1=	temp_storage	verified	network-convergence-system-2000-series	{"max":70,"min":-40}	-40 to 158ºF (-40 to 70ºC)
105996	63865	NCS1K4-AC-PSU-2	regions_supported	verified	network-convergence-system-1000-series	"● European Union ● Africa ● CSI ● Australia ● New Zealand ● China ● Korea ● India ● Saudi Arabia ● South America"	● European Union ● Africa ● CSI ● Australia ● New Zealand ● China ● Korea ● India ● Saudi Arabia ● South America
206054	63865	NCS1K4-AC-PSU-2	certifications	verified	network-convergence-system-1000-series	["IEC 60950-1 Information technology equipment Safety Part 1: General requirements - Edition 2, 2005 + Amendment 1 2009 + Amendment 2 2013.","EN 60950-1: Editio"]	● IEC 60950-1 Information technology equipment Safety Part 1: General requirements - Edition 2, 2005 + Amendment 1 2009 + Amendment 2 2013. ● EN 60950-1: Editio
106976	64245	NCS1010-AC-PSU=	regions_supported	verified	network-convergence-system-1000-series	"● European Union ● Africa ● CSI ● Australia ● New Zealand ● China ● Korea ● India ● Saudi Arabia ● South America"	● European Union ● Africa ● CSI ● Australia ● New Zealand ● China ● Korea ● India ● Saudi Arabia ● South America
106977	64245	NCS1010-AC-PSU=	emc_emissions	verified	network-convergence-system-1000-series	["● VCCI Class A ● KN32 Class A ● CNS 13438 Class A ● EN61000-3-2 Power Line Harmonics ● EN61000-3-3 Voltage Changes","Fluctuations","Flicker ● EN 300 386 Telec"]	● VCCI Class A ● KN32 Class A ● CNS 13438 Class A ● EN61000-3-2 Power Line Harmonics ● EN61000-3-3 Voltage Changes, Fluctuations, and Flicker ● EN 300 386 Telec
206088	64245	NCS1010-AC-PSU=	certifications	verified	network-convergence-system-1000-series	["IEC 60950-1 Information technology equipment Safety Part 1: General requirements - Edition 2, 2005 + Amendment 1 2009 + Amendment 2 2013","EN 60950-1: Edition"]	● IEC 60950-1 Information technology equipment Safety Part 1: General requirements - Edition 2, 2005 + Amendment 1 2009 + Amendment 2 2013 ● EN 60950-1: Edition
95202	41271	HCIX-CPU-I8581V1	temp_operating	verified	compute-hyperconverged-nutanix	{"max":35,"min":10}	50° to 95°F (10° to 35°C)
95204	41271	HCIX-CPU-I8581V1	humidity_operating	verified	compute-hyperconverged-nutanix	{"max":90,"min":5}	5% to 90% noncondensing
157808	41271	HCIX-CPU-I8581V1	temp_storage	verified	compute-hyperconverged-nutanix	{"max":65,"min":-40}	-40° to 149°F (–40° to 65°C)
149335	82438	UCS-PSU-6600-AC	emc_emissions	verified	servers-unified-computing	["47CFR Part 15 (CFR 47) Class A","AS/NZS CISPR22 Class A","CISPR22 Class A","EN55022 Class A","ICES003 Class A","VCCI Class A","EN61000-3-2","EN61000-3-3","KN2"]	● 47CFR Part 15 (CFR 47) Class A ● AS/NZS CISPR22 Class A ● CISPR22 Class A ● EN55022 Class A ● ICES003 Class A ● VCCI Class A ● EN61000-3-2 ● EN61000-3-3 ● KN2
149336	82438	UCS-PSU-6600-AC	emc_immunity	verified	servers-unified-computing	["EN55024","CISPR24","EN300386","KN 61000-4 series"]	● EN55024 ● CISPR24 ● EN300386 ● KN 61000-4 series
121341	81045	UCS-CPU-I6741P1	emc_emissions	verified	ucs-c-series-rack-servers	["47CFR Part 15 (CFR 47) Class A AS","NZS CISPR32 Class A CISPR32 Class A EN55032 Class A ICES003 Class A VCCI-CISPR32 Class A EN61000-3-2 EN61000-3-3 KS C 9832 Cla"]	47CFR Part 15 (CFR 47) Class A AS/NZS CISPR32 Class A CISPR32 Class A EN55032 Class A ICES003 Class A VCCI-CISPR32 Class A EN61000-3-2 EN61000-3-3 KS C 9832 Cla
121342	81045	UCS-CPU-I6741P1	emc_immunity	verified	ucs-c-series-rack-servers	["EN55035 EN55024 CISPR24","35 EN300386 KS C 9835 IEC","EN61000-6-1"]	EN55035 EN55024 CISPR24/35 EN300386 KS C 9835 IEC/EN61000-6-1
150750	64648	NCS4K-AC-PSU=	emc_immunity	verified	network-convergence-system-4000-series	["IEC/EN-61000-4-2: Electrostatic Discharge Immunity","IEC/EN-61000-4-3: Radiated Immunity","IEC/EN-61000-4-4: Electrical Fast Transient Immunity","IEC/EN-61000"]	● IEC/EN-61000-4-2: Electrostatic Discharge Immunity ● IEC/EN-61000-4-3: Radiated Immunity ● IEC/EN-61000-4-4: Electrical Fast Transient Immunity ● IEC/EN-61000
150751	64648	NCS4K-AC-PSU=	etsi_standards	verified	network-convergence-system-4000-series	["EN300 386: Telecommunications Network Equipment (EMC)","EN55022: Information Technology Equipment (Emissions)","EN55024: Information Technology Equipment (Imm"]	● EN300 386: Telecommunications Network Equipment (EMC) ● EN55022: Information Technology Equipment (Emissions) ● EN55024: Information Technology Equipment (Imm
107589	64648	NCS4K-AC-PSU=	humidity_operating	verified	network-convergence-system-2000-series	{"max":85,"min":5}	5 to 85%, noncondensing 5 to 90% but not to exceed 0.024 kg water/kg of dry air
107590	64648	NCS4K-AC-PSU=	regions_supported	verified	network-convergence-system-2000-series	"● Europe ● Latin America ● Japan ● Asia Pacific ● Middle East and Africa"	● Europe ● Latin America ● Japan ● Asia Pacific ● Middle East and Africa
107591	64648	NCS4K-AC-PSU=	temp_storage	verified	network-convergence-system-2000-series	{"max":70,"min":-40}	-40 to 158ºF (-40 to 70ºC)
107596	64648	NCS4K-AC-PSU=	temp_operating	verified	network-convergence-system-2000-series	{"max":55,"min":0}	32 to 131ºF (0 to 55ºC) 23 to 131ºF (-5 to 55ºC)
106762	64150	NCS1010-DC-PSU=	regions_supported	verified	network-convergence-system-1000-series	"● European Union ● Africa ● CSI ● Australia ● New Zealand ● China ● Korea ● India ● Saudi Arabia ● South America"	● European Union ● Africa ● CSI ● Australia ● New Zealand ● China ● Korea ● India ● Saudi Arabia ● South America
106763	64150	NCS1010-DC-PSU=	emc_emissions	verified	network-convergence-system-1000-series	["● VCCI Class A ● KN32 Class A ● CNS 13438 Class A ● EN61000-3-2 Power Line Harmonics ● EN61000-3-3 Voltage Changes","Fluctuations","Flicker ● EN 300 386 Telec"]	● VCCI Class A ● KN32 Class A ● CNS 13438 Class A ● EN61000-3-2 Power Line Harmonics ● EN61000-3-3 Voltage Changes, Fluctuations, and Flicker ● EN 300 386 Telec
206082	64150	NCS1010-DC-PSU=	certifications	verified	network-convergence-system-1000-series	["IEC 60950-1 Information technology equipment Safety Part 1: General requirements - Edition 2, 2005 + Amendment 1 2009 + Amendment 2 2013","EN 60950-1: Edition"]	● IEC 60950-1 Information technology equipment Safety Part 1: General requirements - Edition 2, 2005 + Amendment 1 2009 + Amendment 2 2013 ● EN 60950-1: Edition
82802	24068	CBL-FNVME-240M6	emc_immunity	verified	hyperflex-hx-series	["EN55024 CISPR24 EN300386 KN35"]	EN55024 CISPR24 EN300386 KN35
174671	24068	CBL-FNVME-240M6	humidity_operating	verified	hyperflex-hx-series	{"max":90,"min":10}	10% to 90% and 28°C (82.4°F) maximum dew-point temperature,
174672	24068	CBL-FNVME-240M6	humidity_storage	verified	hyperflex-hx-series	{"max":93,"min":5}	5% to 93% relative humidity, non-condensing, with a maximum
175200	24068	CBL-FNVME-240M6	emc_emissions	verified	hyperflex-hx-series	["47CFR Part 15 (CFR 47) Class A  AS","NZS CISPR32 Class A  CISPR32 Class A EN55032 Class A  ICES003 Class A  VCCI Class A  EN61000-3-2 EN61000-3-3 KN32 Cla","47CFR Part 15 (CFR 47) Class A  AS/NZS CISPR32 Class A  CISPR32 Class A EN55032 Class A  ICES003 Class A  VCCI Class A  EN61000-3-2 EN61000-3-3 KN32"]	47CFR Part 15 (CFR 47) Class A  AS/NZS CISPR32 Class A  CISPR32 Class A EN55032 Class A  ICES003 Class A  VCCI Class A  EN61000-3-2 EN61000-3-3 KN32 Cla ; 47CFR Part 15 (CFR 47) Class A  AS/NZS CISPR32 Class A  CISPR32 Class A EN55032 Class A  ICES003 Class A  VCCI Class A  EN61000-3-2 EN61000-3-3 KN32
82730	23953	CBL-SAS24-240M6	emc_immunity	verified	hyperflex-hx-series	["EN55024 CISPR24 EN300386 KN35"]	EN55024 CISPR24 EN300386 KN35
174677	23953	CBL-SAS24-240M6	humidity_operating	verified	hyperflex-hx-series	{"max":90,"min":10}	10% to 90% and 28°C (82.4°F) maximum dew-point temperature,
174678	23953	CBL-SAS24-240M6	humidity_storage	verified	hyperflex-hx-series	{"max":93,"min":5}	5% to 93% relative humidity, non-condensing, with a maximum
175202	23953	CBL-SAS24-240M6	emc_emissions	verified	hyperflex-hx-series	["47CFR Part 15 (CFR 47) Class A  AS","NZS CISPR32 Class A  CISPR32 Class A EN55032 Class A  ICES003 Class A  VCCI Class A  EN61000-3-2 EN61000-3-3 KN32 Cla","47CFR Part 15 (CFR 47) Class A  AS/NZS CISPR32 Class A  CISPR32 Class A EN55032 Class A  ICES003 Class A  VCCI Class A  EN61000-3-2 EN61000-3-3 KN32"]	47CFR Part 15 (CFR 47) Class A  AS/NZS CISPR32 Class A  CISPR32 Class A EN55032 Class A  ICES003 Class A  VCCI Class A  EN61000-3-2 EN61000-3-3 KN32 Cla ; 47CFR Part 15 (CFR 47) Class A  AS/NZS CISPR32 Class A  CISPR32 Class A EN55032 Class A  ICES003 Class A  VCCI Class A  EN61000-3-2 EN61000-3-3 KN32
156286	81202	UCS-CPU-I6736P	emc_immunity	verified	ucs-c-series-rack-servers	["EN55035 EN55024 CISPR24/35 EN300386 KS C 9835 IEC/EN61000-6-1"]	EN55035 EN55024 CISPR24/35 EN300386 KS C 9835 IEC/EN61000-6-1
175088	81202	UCS-CPU-I6736P	emc_emissions	verified	ucs-c-series-rack-servers	["47CFR Part 15 (CFR 47) Class A AS","NZS CISPR32 Class A CISPR32 Class A EN55032 Class A ICES003 Class A VCCI-CISPR32 Class A EN61000-3-2 EN61000-3-3 KS C 9832 Cla","47CFR Part 15 (CFR 47) Class A AS/NZS CISPR32 Class A CISPR32 Class A EN55032 Class A ICES003 Class A VCCI-CISPR32 Class A EN61000-3-2 EN61000-3-3 KS C 9832"]	47CFR Part 15 (CFR 47) Class A AS/NZS CISPR32 Class A CISPR32 Class A EN55032 Class A ICES003 Class A VCCI-CISPR32 Class A EN61000-3-2 EN61000-3-3 KS C 9832 Cla ; 47CFR Part 15 (CFR 47) Class A AS/NZS CISPR32 Class A CISPR32 Class A EN55032 Class A ICES003 Class A VCCI-CISPR32 Class A EN61000-3-2 EN61000-3-3 KS C 9832
156392	80296	UCS-CPU-A9365	emc_immunity	verified	ucs-c-series-rack-servers	["EN55035 EN55024 CISPR24/35 EN300386 KS C 9835 IEC/EN61000-6-1"]	EN55035 EN55024 CISPR24/35 EN300386 KS C 9835 IEC/EN61000-6-1
175121	80296	UCS-CPU-A9365	emc_emissions	verified	ucs-c-series-rack-servers	["47CFR Part 15 (CFR 47) Class A AS","NZS CISPR32 Class A CISPR32 Class A EN55032 Class A ICES003 Class A VCCI-CISPR32 Class A EN61000-3-2 EN61000-3-3 KS C 9832 Cla","47CFR Part 15 (CFR 47) Class A AS/NZS CISPR32 Class A CISPR32 Class A EN55032 Class A ICES003 Class A VCCI-CISPR32 Class A EN61000-3-2 EN61000-3-3 KS C 9832"]	47CFR Part 15 (CFR 47) Class A AS/NZS CISPR32 Class A CISPR32 Class A EN55032 Class A ICES003 Class A VCCI-CISPR32 Class A EN61000-3-2 EN61000-3-3 KS C 9832 Cla ; 47CFR Part 15 (CFR 47) Class A AS/NZS CISPR32 Class A CISPR32 Class A EN55032 Class A ICES003 Class A VCCI-CISPR32 Class A EN61000-3-2 EN61000-3-3 KS C 9832
156326	81200	UCS-CPU-I6515P	emc_immunity	verified	ucs-c-series-rack-servers	["EN55035 EN55024 CISPR24/35 EN300386 KS C 9835 IEC/EN61000-6-1"]	EN55035 EN55024 CISPR24/35 EN300386 KS C 9835 IEC/EN61000-6-1
175098	81200	UCS-CPU-I6515P	emc_emissions	verified	ucs-c-series-rack-servers	["47CFR Part 15 (CFR 47) Class A AS","NZS CISPR32 Class A CISPR32 Class A EN55032 Class A ICES003 Class A VCCI-CISPR32 Class A EN61000-3-2 EN61000-3-3 KS C 9832 Cla","47CFR Part 15 (CFR 47) Class A AS/NZS CISPR32 Class A CISPR32 Class A EN55032 Class A ICES003 Class A VCCI-CISPR32 Class A EN61000-3-2 EN61000-3-3 KS C 9832"]	47CFR Part 15 (CFR 47) Class A AS/NZS CISPR32 Class A CISPR32 Class A EN55032 Class A ICES003 Class A VCCI-CISPR32 Class A EN61000-3-2 EN61000-3-3 KS C 9832 Cla ; 47CFR Part 15 (CFR 47) Class A AS/NZS CISPR32 Class A CISPR32 Class A EN55032 Class A ICES003 Class A VCCI-CISPR32 Class A EN61000-3-2 EN61000-3-3 KS C 9832
156416	80385	UCS-CPU-A9254	emc_immunity	verified	ucs-c-series-rack-servers	["EN55035 EN55024 CISPR24/35 EN300386 KS C 9835 IEC/EN61000-6-1"]	EN55035 EN55024 CISPR24/35 EN300386 KS C 9835 IEC/EN61000-6-1
175127	80385	UCS-CPU-A9254	emc_emissions	verified	ucs-c-series-rack-servers	["47CFR Part 15 (CFR 47) Class A AS","NZS CISPR32 Class A CISPR32 Class A EN55032 Class A ICES003 Class A VCCI-CISPR32 Class A EN61000-3-2 EN61000-3-3 KS C 9832 Cla","47CFR Part 15 (CFR 47) Class A AS/NZS CISPR32 Class A CISPR32 Class A EN55032 Class A ICES003 Class A VCCI-CISPR32 Class A EN61000-3-2 EN61000-3-3 KS C 9832"]	47CFR Part 15 (CFR 47) Class A AS/NZS CISPR32 Class A CISPR32 Class A EN55032 Class A ICES003 Class A VCCI-CISPR32 Class A EN61000-3-2 EN61000-3-3 KS C 9832 Cla ; 47CFR Part 15 (CFR 47) Class A AS/NZS CISPR32 Class A CISPR32 Class A EN55032 Class A ICES003 Class A VCCI-CISPR32 Class A EN61000-3-2 EN61000-3-3 KS C 9832
155672	40187	HCI-CPU-I6538Y+	emc_immunity	verified	hyperconverged-infrastructure	["EN55035 EN55024 CISPR24/35 EN300386 KS C 9835 IEC/EN61000-6-1"]	EN55035 EN55024 CISPR24/35 EN300386 KS C 9835 IEC/EN61000-6-1
174896	40187	HCI-CPU-I6538Y+	emc_emissions	verified	hyperconverged-infrastructure	["47CFR Part 15 (CFR 47) Class A AS","NZS CISPR32 Class A CISPR32 Class A EN55032 Class A ICES003 Class A VCCI-CISPR32 Class A EN61000-3-2 EN61000-3-3 KS C 9832 Cla","47CFR Part 15 (CFR 47) Class A AS/NZS CISPR32 Class A CISPR32 Class A EN55032 Class A ICES003 Class A VCCI-CISPR32 Class A EN61000-3-2 EN61000-3-3 KS C 9832"]	47CFR Part 15 (CFR 47) Class A AS/NZS CISPR32 Class A CISPR32 Class A EN55032 Class A ICES003 Class A VCCI-CISPR32 Class A EN61000-3-2 EN61000-3-3 KS C 9832 Cla ; 47CFR Part 15 (CFR 47) Class A AS/NZS CISPR32 Class A CISPR32 Class A EN55032 Class A ICES003 Class A VCCI-CISPR32 Class A EN61000-3-2 EN61000-3-3 KS C 9832
173290	40187	HCI-CPU-I6538Y+	humidity_operating	verified	hyperconverged-infrastructure	{"max":90,"min":8}	8% to 90% relative humidity, non-condensing, with maximum wet
173291	40187	HCI-CPU-I6538Y+	humidity_storage	verified	hyperconverged-infrastructure	{"max":93,"min":5}	5% to 93% relative humidity, non-condensing, with a maximum
174645	42015	HX-ML-X64G4RS-H	humidity_operating	verified	hyperflex-hx-series	{"max":90,"min":10}	10% to 90% and 28°C (82.4°F) maximum dew-point temperature,
174646	42015	HX-ML-X64G4RS-H	humidity_storage	verified	hyperflex-hx-series	{"max":93,"min":5}	5% to 93% relative humidity, non-condensing, with a maximum
174647	42015	HX-ML-X64G4RS-H	certifications	verified	hyperflex-hx-series	["60950-1 Second Edition"]	60950-1 Second Edition
174648	42015	HX-ML-X64G4RS-H	emc_emissions	verified	hyperflex-hx-series	["47CFR Part 15 (CFR 47) Class A"]	47CFR Part 15 (CFR 47) Class A
174661	42321	HX-SD800G123X-EP	humidity_operating	verified	hyperflex-hx-series	{"max":90,"min":10}	10% to 90% and 28°C (82.4°F) maximum dew-point temperature,
174662	42321	HX-SD800G123X-EP	humidity_storage	verified	hyperflex-hx-series	{"max":93,"min":5}	5% to 93% relative humidity, non-condensing, with a maximum
174663	42321	HX-SD800G123X-EP	certifications	verified	hyperflex-hx-series	["60950-1 Second Edition"]	60950-1 Second Edition
174664	42321	HX-SD800G123X-EP	emc_emissions	verified	hyperflex-hx-series	["47CFR Part 15 (CFR 47) Class A"]	47CFR Part 15 (CFR 47) Class A
95309	41448	HX-CPU-A7313	emc_immunity	verified	hyperflex-hx-series	["EN55024 CISPR24 EN300386 KN35"]	EN55024 CISPR24 EN300386 KN35
174945	41448	HX-CPU-A7313	emc_emissions	verified	hyperflex-hx-series	["47CFR Part 15 (CFR 47) Class A  AS","NZS CISPR32 Class A  CISPR32 Class A EN55032 Class A  ICES003 Class A  VCCI Class A  EN61000-3-2 EN61000-3-3 KN32 Cla","47CFR Part 15 (CFR 47) Class A  AS/NZS CISPR32 Class A  CISPR32 Class A EN55032 Class A  ICES003 Class A  VCCI Class A  EN61000-3-2 EN61000-3-3 KN32"]	47CFR Part 15 (CFR 47) Class A  AS/NZS CISPR32 Class A  CISPR32 Class A EN55032 Class A  ICES003 Class A  VCCI Class A  EN61000-3-2 EN61000-3-3 KN32 Cla ; 47CFR Part 15 (CFR 47) Class A  AS/NZS CISPR32 Class A  CISPR32 Class A EN55032 Class A  ICES003 Class A  VCCI Class A  EN61000-3-2 EN61000-3-3 KN32
173473	41448	HX-CPU-A7313	humidity_operating	verified	hyperflex-hx-series	{"max":90,"min":10}	10% to 90% and 28°C (82.4°F) maximum dew-point temperature,
173474	41448	HX-CPU-A7313	humidity_storage	verified	hyperflex-hx-series	{"max":93,"min":5}	5% to 93% relative humidity, non-condensing, with a maximum
95721	42027	HX-CPU-I8352M	emc_immunity	verified	hyperflex-hx-series	["EN55024 CISPR24 EN300386 KN35"]	EN55024 CISPR24 EN300386 KN35
174960	42027	HX-CPU-I8352M	emc_emissions	verified	hyperflex-hx-series	["47CFR Part 15 (CFR 47) Class A  AS","NZS CISPR32 Class A  CISPR32 Class A EN55032 Class A  ICES003 Class A  VCCI Class A  EN61000-3-2 EN61000-3-3 KN32 Cla","47CFR Part 15 (CFR 47) Class A  AS/NZS CISPR32 Class A  CISPR32 Class A EN55032 Class A  ICES003 Class A  VCCI Class A  EN61000-3-2 EN61000-3-3 KN32"]	47CFR Part 15 (CFR 47) Class A  AS/NZS CISPR32 Class A  CISPR32 Class A EN55032 Class A  ICES003 Class A  VCCI Class A  EN61000-3-2 EN61000-3-3 KN32 Cla ; 47CFR Part 15 (CFR 47) Class A  AS/NZS CISPR32 Class A  CISPR32 Class A EN55032 Class A  ICES003 Class A  VCCI Class A  EN61000-3-2 EN61000-3-3 KN32
173532	42027	HX-CPU-I8352M	humidity_operating	verified	hyperflex-hx-series	{"max":90,"min":10}	10% to 90% and 28°C (82.4°F) maximum dew-point temperature,
173533	42027	HX-CPU-I8352M	humidity_storage	verified	hyperflex-hx-series	{"max":93,"min":5}	5% to 93% relative humidity, non-condensing, with a maximum
155908	42418	HX-PCIE-IRJ45	emc_emissions	verified	hyperflex-hx-series	["47CFR Part 15 (CFR 47) Class A  AS/NZS CISPR32 Class A  CISPR32 Class A EN55032 Class A  ICES003 Class A  VCCI Class A  EN61000-3-2 EN61000-3-3 KN32"]	47CFR Part 15 (CFR 47) Class A  AS/NZS CISPR32 Class A  CISPR32 Class A EN55032 Class A  ICES003 Class A  VCCI Class A  EN61000-3-2 EN61000-3-3 KN32
155909	42418	HX-PCIE-IRJ45	emc_immunity	verified	hyperflex-hx-series	["EN55024 CISPR24 EN300386 KN35"]	EN55024 CISPR24 EN300386 KN35
173552	42418	HX-PCIE-IRJ45	humidity_operating	verified	hyperflex-hx-series	{"max":90,"min":10}	10% to 90% and 28°C (82.4°F) maximum dew-point temperature,
173553	42418	HX-PCIE-IRJ45	humidity_storage	verified	hyperflex-hx-series	{"max":93,"min":5}	5% to 93% relative humidity, non-condensing, with a maximum
157043	86817	UCSX-CPU-I6505P	altitude_storage	verified	ucs-x-series-modular-system	"12,000m"	40,000 ft (12,000m)
155215	40505	HCI-MR-X16G1RW	emc_emissions	verified	compute-hyperconverged-nutanix	["47CFR Part 15 (CFR 47) Class A AS/NZS CISPR32 Class A CISPR32 Class A EN55032 Class A ICES003 Class A VCCI Class A EN61000-3-2 EN61000-3-3 KN32 Class A CNS13438"]	47CFR Part 15 (CFR 47) Class A AS/NZS CISPR32 Class A CISPR32 Class A EN55032 Class A ICES003 Class A VCCI Class A EN61000-3-2 EN61000-3-3 KN32 Class A CNS13438
94413	40505	HCI-MR-X16G1RW	emc_immunity	verified	compute-hyperconverged-nutanix	["EN55024 CISPR24 EN300386 KN35"]	EN55024 CISPR24 EN300386 KN35
173071	40505	HCI-MR-X16G1RW	humidity_operating	verified	compute-hyperconverged-nutanix	{"max":90,"min":10}	10% to 90% and 28°C (82.4°F) maximum dew-point temperature,
173072	40505	HCI-MR-X16G1RW	humidity_storage	verified	compute-hyperconverged-nutanix	{"max":93,"min":5}	5% to 93% relative humidity, non-condensing, with a maximum
174621	41686	HX-CPU-I5215M	humidity_operating	verified	hyperflex-hx-series	{"max":90,"min":10}	10% to 90% and 28°C (82.4°F) maximum dew-point temperature,
174622	41686	HX-CPU-I5215M	humidity_storage	verified	hyperflex-hx-series	{"max":93,"min":5}	5% to 93% relative humidity, non-condensing, with a maximum
174623	41686	HX-CPU-I5215M	certifications	verified	hyperflex-hx-series	["60950-1 Second Edition"]	60950-1 Second Edition
174624	41686	HX-CPU-I5215M	emc_emissions	verified	hyperflex-hx-series	["47CFR Part 15 (CFR 47) Class A"]	47CFR Part 15 (CFR 47) Class A
82679	23902	CBL-SAS12-240M6	emc_immunity	verified	hyperflex-hx-series	["EN55024 CISPR24 EN300386 KN35"]	EN55024 CISPR24 EN300386 KN35
174674	23902	CBL-SAS12-240M6	humidity_operating	verified	hyperflex-hx-series	{"max":90,"min":10}	10% to 90% and 28°C (82.4°F) maximum dew-point temperature,
174675	23902	CBL-SAS12-240M6	humidity_storage	verified	hyperflex-hx-series	{"max":93,"min":5}	5% to 93% relative humidity, non-condensing, with a maximum
175201	23902	CBL-SAS12-240M6	emc_emissions	verified	hyperflex-hx-series	["47CFR Part 15 (CFR 47) Class A  AS","NZS CISPR32 Class A  CISPR32 Class A EN55032 Class A  ICES003 Class A  VCCI Class A  EN61000-3-2 EN61000-3-3 KN32 Cla","47CFR Part 15 (CFR 47) Class A  AS/NZS CISPR32 Class A  CISPR32 Class A EN55032 Class A  ICES003 Class A  VCCI Class A  EN61000-3-2 EN61000-3-3 KN32"]	47CFR Part 15 (CFR 47) Class A  AS/NZS CISPR32 Class A  CISPR32 Class A EN55032 Class A  ICES003 Class A  VCCI Class A  EN61000-3-2 EN61000-3-3 KN32 Cla ; 47CFR Part 15 (CFR 47) Class A  AS/NZS CISPR32 Class A  CISPR32 Class A EN55032 Class A  ICES003 Class A  VCCI Class A  EN61000-3-2 EN61000-3-3 KN32
174549	41707	HX-CPU-6144	humidity_operating	verified	hyperflex-hx-series	{"max":90,"min":10}	10% to 90% and 28°C (82.4°F) maximum dew-point temperature,
174550	41707	HX-CPU-6144	humidity_storage	verified	hyperflex-hx-series	{"max":93,"min":5}	5% to 93% relative humidity, non-condensing, with a maximum
174551	41707	HX-CPU-6144	certifications	verified	hyperflex-hx-series	["60950-1 Second Edition"]	60950-1 Second Edition
174552	41707	HX-CPU-6144	emc_emissions	verified	hyperflex-hx-series	["47CFR Part 15 (CFR 47) Class A"]	47CFR Part 15 (CFR 47) Class A
155429	40059	HCI-CPU-I6787P	emc_immunity	verified	compute-hyperconverged	["EN55035 EN55024 CISPR24/35 EN300386 KS C 9835 IEC/EN61000-6-1"]	EN55035 EN55024 CISPR24/35 EN300386 KS C 9835 IEC/EN61000-6-1
174863	40059	HCI-CPU-I6787P	emc_emissions	verified	compute-hyperconverged	["47CFR Part 15 (CFR 47) Class A AS","NZS CISPR32 Class A CISPR32 Class A EN55032 Class A ICES003 Class A VCCI-CISPR32 Class A EN61000-3-2 EN61000-3-3 KS C 9832 Cla","47CFR Part 15 (CFR 47) Class A AS/NZS CISPR32 Class A CISPR32 Class A EN55032 Class A ICES003 Class A VCCI-CISPR32 Class A EN61000-3-2 EN61000-3-3 KS C 9832"]	47CFR Part 15 (CFR 47) Class A AS/NZS CISPR32 Class A CISPR32 Class A EN55032 Class A ICES003 Class A VCCI-CISPR32 Class A EN61000-3-2 EN61000-3-3 KS C 9832 Cla ; 47CFR Part 15 (CFR 47) Class A AS/NZS CISPR32 Class A CISPR32 Class A EN55032 Class A ICES003 Class A VCCI-CISPR32 Class A EN61000-3-2 EN61000-3-3 KS C 9832
157001	86919	UCSX-CPU-I6737P	altitude_storage	verified	ucs-x-series-modular-system	"12,000m"	40,000 ft (12,000m)
95422	41551	HX-CPU-A7453	emc_immunity	verified	hyperflex-hx-series	["EN55024 CISPR24 EN300386 KN35"]	EN55024 CISPR24 EN300386 KN35
174941	41551	HX-CPU-A7453	emc_emissions	verified	hyperflex-hx-series	["47CFR Part 15 (CFR 47) Class A  AS","NZS CISPR32 Class A  CISPR32 Class A EN55032 Class A  ICES003 Class A  VCCI Class A  EN61000-3-2 EN61000-3-3 KN32 Cla","47CFR Part 15 (CFR 47) Class A  AS/NZS CISPR32 Class A  CISPR32 Class A EN55032 Class A  ICES003 Class A  VCCI Class A  EN61000-3-2 EN61000-3-3 KN32"]	47CFR Part 15 (CFR 47) Class A  AS/NZS CISPR32 Class A  CISPR32 Class A EN55032 Class A  ICES003 Class A  VCCI Class A  EN61000-3-2 EN61000-3-3 KN32 Cla ; 47CFR Part 15 (CFR 47) Class A  AS/NZS CISPR32 Class A  CISPR32 Class A EN55032 Class A  ICES003 Class A  VCCI Class A  EN61000-3-2 EN61000-3-3 KN32
173461	41551	HX-CPU-A7453	humidity_operating	verified	hyperflex-hx-series	{"max":90,"min":10}	10% to 90% and 28°C (82.4°F) maximum dew-point temperature,
173462	41551	HX-CPU-A7453	humidity_storage	verified	hyperflex-hx-series	{"max":93,"min":5}	5% to 93% relative humidity, non-condensing, with a maximum
95368	41513	HX-CPU-A7272	emc_immunity	verified	hyperflex-hx-series	["EN55024 CISPR24 EN300386 KN35"]	EN55024 CISPR24 EN300386 KN35
174956	41513	HX-CPU-A7272	emc_emissions	verified	hyperflex-hx-series	["47CFR Part 15 (CFR 47) Class A  AS","NZS CISPR32 Class A  CISPR32 Class A EN55032 Class A  ICES003 Class A  VCCI Class A  EN61000-3-2 EN61000-3-3 KN32 Cla","47CFR Part 15 (CFR 47) Class A  AS/NZS CISPR32 Class A  CISPR32 Class A EN55032 Class A  ICES003 Class A  VCCI Class A  EN61000-3-2 EN61000-3-3 KN32"]	47CFR Part 15 (CFR 47) Class A  AS/NZS CISPR32 Class A  CISPR32 Class A EN55032 Class A  ICES003 Class A  VCCI Class A  EN61000-3-2 EN61000-3-3 KN32 Cla ; 47CFR Part 15 (CFR 47) Class A  AS/NZS CISPR32 Class A  CISPR32 Class A EN55032 Class A  ICES003 Class A  VCCI Class A  EN61000-3-2 EN61000-3-3 KN32
173506	41513	HX-CPU-A7272	humidity_operating	verified	hyperflex-hx-series	{"max":90,"min":10}	10% to 90% and 28°C (82.4°F) maximum dew-point temperature,
173507	41513	HX-CPU-A7272	humidity_storage	verified	hyperflex-hx-series	{"max":93,"min":5}	5% to 93% relative humidity, non-condensing, with a maximum
95684	41937	HX-CPU-I6314U4	emc_emissions	verified	hyperflex-hx-series	["47CFR Part 15 (CFR 47) Class A  AS","NZS CISPR32 Class A  CISPR32 Class A EN55032 Class A  ICES003 Class A  VCCI Class A  EN61000-3-2 EN61000-3-3 KN32 Cla"]	47CFR Part 15 (CFR 47) Class A  AS/NZS CISPR32 Class A  CISPR32 Class A EN55032 Class A  ICES003 Class A  VCCI Class A  EN61000-3-2 EN61000-3-3 KN32 Cla
95685	41937	HX-CPU-I6314U4	emc_immunity	verified	hyperflex-hx-series	["EN55024 CISPR24 EN300386 KN35"]	EN55024 CISPR24 EN300386 KN35
