conflict_id	part_id	sku	field_key	rejected_doc_id	has_rejected_raw	rejected_raw	rejected_value
23031	6893	15454-M-TSCE-K9=	humidity_operating	0b385601a4511af4	no		{"max":95,"min":5}
24819	63659	NC55-MPA-4H-S	emc_immunity	5d1fd360bd83375c	no		["● EN55024 ● CISPR24 ● EN300386 ● KN 35 ● TCVN 7317"]
33593	90941	XR-NC55-P-06.06	emc_immunity	10f44aa4d91b0c5d	yes	● EN55024 ● CISPR24 ● EN300386 ● KN 61000-4 series	["EN55024","CISPR24","EN300386","KN 61000-4 series"]
42932	33802	DS-X9224-96K9	supported_protocols	eada11f75465471d	yes	● Fibre Channel standards ● FC-PH, Revision 4.3 (ANSI INCITS 230-1994) ● FC-PH, Amendment 1 (ANSI INCITS 230-1994/AM1-1996) ; ● FC-GS-6, Revision 9.21 ● FC-BB, Revision 4.7 (ANSI INCITS 342-2001) ● FC-BB-2, Revision 6.0 (ANSI INCITS 372-2003)	["Fibre Channel standards","FC-PH, Revision 4.3 (ANSI INCITS 230-1994)","FC-PH, Amendment 1 (ANSI INCITS 230-1994/AM1-1996)","FC-GS-6, Revision 9.21","FC-BB, Revision 4.7 (ANSI INCITS 342-2001)","FC-BB-2, Revision 6.0 (ANSI INCITS 372-2003)"]
42933	33802	DS-X9224-96K9	programming_interfaces	eada11f75465471d	yes	● Scriptable CLI ● Fabric Manager GUI ● Device Manager GUI	["Scriptable CLI","Fabric Manager GUI","Device Manager GUI"]
11293	34106	DS-X9304-18K9=	supported_protocols	e8b6b46a85541966	no		["• Fibre Channel standards • FC-PH","Revision 4.3 (ANSI","INCITS 230-1994) • FC-PH","Amendment 1 (ANSI","INCITS 230-1994","AM1 1996)","• Ethernet standards • IEEE 802.3z Gigabit Ethernet • IEEE 802.1Q VLAN • IPsec • RFC 2401 Security Architecture for IP"]
11294	34106	DS-X9304-18K9=	fabric_services	e8b6b46a85541966	no		["• Name server • Registered State Change Notification (RSCN) • Login services • Fabric Configuration Server (FCS) • iSCSI Network Boot (iNBP) • Private loop"]
11296	34106	DS-X9304-18K9=	certifications	e8b6b46a85541966	no		["• Safety compliance • CE Marking • UL 60950 • CAN","CSA-C22.2 No. 60950 • EN 60950 • IEC 60950 • TS 001 • AS","NZS 3260 • IEC60825 • EN60825 • 21 CFR 1040"]
11306	34079	DS-X9530-SF2AK9	programming_interfaces	310bda858408179f	no		["● Scriptable CLI ● Fabric Manager GUI ● Device Manager GUI"]
11311	33723	DS-X9530-SF2AK9=	programming_interfaces	310bda858408179f	no		["● Scriptable CLI ● Fabric Manager GUI ● Device Manager GUI"]
11579	64374	NCS2K-MF-M16LC-CV=	regions_supported	33ab53989e6e62ff	no		"● European Union ● Africa ● CSI ● Australia ● New Zealand ● China ● Korea ● India ● Saudi Arabia ● South America"
11561	64677	NCS2K-MF-6AD-CFS=	humidity_operating	33ab53989e6e62ff	no		{"max":95,"min":5}
11562	64677	NCS2K-MF-6AD-CFS=	regions_supported	33ab53989e6e62ff	no		"● European Union ● Africa ● CSI ● Australia ● New Zealand ● China ● Korea ● India ● Saudi Arabia ● South America"
11563	64677	NCS2K-MF-6AD-CFS=	certifications	33ab53989e6e62ff	no		["● UL","CSA 60950-1","Second Ed 2011 ● IEC 60950-1 (2005","12)","2 nd Edition","National Differences as per CB Bulletin 112A ● + Amendment 1: 2009"]
11570	64397	NCS2K-MF-8X10G-FO=	humidity_operating	33ab53989e6e62ff	no		{"max":95,"min":5}
11573	64449	NCS2K-MF-DEG-5-CV=	humidity_operating	33ab53989e6e62ff	no		{"max":95,"min":5}
11574	64449	NCS2K-MF-DEG-5-CV=	regions_supported	33ab53989e6e62ff	no		"● European Union ● Africa ● CSI ● Australia ● New Zealand ● China ● Korea ● India ● Saudi Arabia ● South America"
11575	64449	NCS2K-MF-DEG-5-CV=	certifications	33ab53989e6e62ff	no		["● UL","CSA 60950-1","Second Ed 2011 ● IEC 60950-1 (2005","12)","2 nd Edition","National Differences as per CB Bulletin 112A ● + Amendment 1: 2009"]
11578	64374	NCS2K-MF-M16LC-CV=	humidity_operating	33ab53989e6e62ff	no		{"max":95,"min":5}
11588	64297	NCS2K-MF-UPG-4-CV=	humidity_operating	33ab53989e6e62ff	no		{"max":95,"min":5}
11589	64297	NCS2K-MF-UPG-4-CV=	regions_supported	33ab53989e6e62ff	no		"● European Union ● Africa ● CSI ● Australia ● New Zealand ● China ● Korea ● India ● Saudi Arabia ● South America"
11590	64297	NCS2K-MF-UPG-4-CV=	certifications	33ab53989e6e62ff	no		["● UL","CSA 60950-1","Second Ed 2011 ● IEC 60950-1 (2005","12)","2 nd Edition","National Differences as per CB Bulletin 112A ● + Amendment 1: 2009"]
32035	64677	NCS2K-MF-6AD-CFS=	humidity_operating	33ab53989e6e62ff	yes	5 to 95%	{"max":95,"min":5}
32036	64677	NCS2K-MF-6AD-CFS=	regions_supported	33ab53989e6e62ff	yes	● European Union ● Africa ● CSI ● Australia ● New Zealand ● China ● Korea ● India ● Saudi Arabia ● South America	"● European Union ● Africa ● CSI ● Australia ● New Zealand ● China ● Korea ● India ● Saudi Arabia ● South America"
34939	72174	S-A9K-MACSEC-40	altitude_max	2b56b0b7c4e8c61a	yes	–60 to 1800 m	1800
13710	90941	XR-NC55-P-06.06	emc_immunity	10f44aa4d91b0c5d	no		["● EN55024 ● CISPR24 ● EN300386 ● KN 61000-4 series"]
13712	90960	XR-NC55-PK9-06.06	emc_immunity	10f44aa4d91b0c5d	no		["● EN55024 ● CISPR24 ● EN300386 ● KN 61000-4 series"]
32038	64677	NCS2K-MF-6AD-CFS=	certifications	33ab53989e6e62ff	yes	● UL/CSA 60950-1, Second Ed 2011 ● IEC 60950-1 (2005/12), 2 nd Edition and National Differences as per CB Bulletin 112A ● + Amendment 1: 2009	["UL/CSA 60950-1, Second Ed 2011","IEC 60950-1 (2005/12), 2 nd Edition and National Differences as per CB Bulletin 112A","+ Amendment 1: 2009"]
29624	12432	ADN-ED-100G-RTU1	supported_protocols	2b56b0b7c4e8c61a	yes	NetFlow, IEEE 802.1ag, IEEE 802.3ah, ITU Y.1731, IP Service-Level Agreement (IP SLA), Virtual Circuit Connectivity Verification (VCCV), ping, and traceroute	["NetFlow","IEEE 802.1ag","IEEE 802.3ah","ITU Y.1731","IP Service-Level Agreement (IP SLA)","Virtual Circuit Connectivity Verification (VCCV)","ping","traceroute"]
29625	12432	ADN-ED-100G-RTU1	ieee_standards	2b56b0b7c4e8c61a	yes	● 10 Gbps IEEE 802.3ae compliant ● 40/100-Gbps IEEE 802.3ba compliant ● 100 Gigabit Ethernet PHY monitoring ● IEEE 802.x flow control ● Full-duplex operation ●  ; ● 40/100-Gbps IEEE 802.3ba compliant ● 100 Gigabit Ethernet PHY monitoring ● 400-Gbos IEEE 802.3bs compliant ● IEEE 802.x flow control ● Full-duplex operation ● ; ● 10-Gbps IEEE 802.3ae compliant ● 25-Gbps IEEE 802.3by and IEEE 802.3cc compliant ● IEEE 802.x flow control ● Full-duplex operation ● Per-port byte and packet 	["10 Gbps IEEE 802.3ae compliant","40/100-Gbps IEEE 802.3ba compliant","100 Gigabit Ethernet PHY monitoring","IEEE 802.x flow control","Full-duplex operation","400-Gbos IEEE 802.3bs compliant","10-Gbps IEEE 802.3ae compliant","25-Gbps IEEE 802.3by and IEEE 802.3cc compliant","Per-port byte and packet"]
29641	12433	ADN-ED-400G-RTU1	supported_protocols	2b56b0b7c4e8c61a	yes	NetFlow, IEEE 802.1ag, IEEE 802.3ah, ITU Y.1731, IP Service-Level Agreement (IP SLA), Virtual Circuit Connectivity Verification (VCCV), ping, and traceroute	["NetFlow","IEEE 802.1ag","IEEE 802.3ah","ITU Y.1731","IP Service-Level Agreement (IP SLA)","Virtual Circuit Connectivity Verification (VCCV)","ping","traceroute"]
29642	12433	ADN-ED-400G-RTU1	ieee_standards	2b56b0b7c4e8c61a	yes	● 10 Gbps IEEE 802.3ae compliant ● 40/100-Gbps IEEE 802.3ba compliant ● 100 Gigabit Ethernet PHY monitoring ● IEEE 802.x flow control ● Full-duplex operation ●  ; ● 40/100-Gbps IEEE 802.3ba compliant ● 100 Gigabit Ethernet PHY monitoring ● 400-Gbos IEEE 802.3bs compliant ● IEEE 802.x flow control ● Full-duplex operation ● ; ● 10-Gbps IEEE 802.3ae compliant ● 25-Gbps IEEE 802.3by and IEEE 802.3cc compliant ● IEEE 802.x flow control ● Full-duplex operation ● Per-port byte and packet 	["10 Gbps IEEE 802.3ae compliant","40/100-Gbps IEEE 802.3ba compliant","100 Gigabit Ethernet PHY monitoring","IEEE 802.x flow control","Full-duplex operation","400-Gbos IEEE 802.3bs compliant","10-Gbps IEEE 802.3ae compliant","25-Gbps IEEE 802.3by and IEEE 802.3cc compliant","Per-port byte and packet"]
29644	12433	ADN-ED-400G-RTU1	altitude_max	2b56b0b7c4e8c61a	yes	–60 to 1800 m	1800
29645	12433	ADN-ED-400G-RTU1	certifications	2b56b0b7c4e8c61a	yes	The Cisco ASR 9903 Router is designed to meet: ● FCC Class A ● ICES 003 Class A ● AS/NZS 3548 Class A ● CISPR 22 (EN55022) Class A ● VCCI Class A ● BSMI Class A	["The Cisco ASR 9903 Router is designed to meet:","FCC Class A","ICES 003 Class A","AS/NZS 3548 Class A","CISPR 22 (EN55022) Class A","VCCI Class A","BSMI Class A"]
29660	12658	ADV-ED-100G-RTU1	supported_protocols	2b56b0b7c4e8c61a	yes	NetFlow, IEEE 802.1ag, IEEE 802.3ah, ITU Y.1731, IP Service-Level Agreement (IP SLA), Virtual Circuit Connectivity Verification (VCCV), ping, and traceroute	["NetFlow","IEEE 802.1ag","IEEE 802.3ah","ITU Y.1731","IP Service-Level Agreement (IP SLA)","Virtual Circuit Connectivity Verification (VCCV)","ping","traceroute"]
29661	12658	ADV-ED-100G-RTU1	ieee_standards	2b56b0b7c4e8c61a	yes	● 10 Gbps IEEE 802.3ae compliant ● 40/100-Gbps IEEE 802.3ba compliant ● 100 Gigabit Ethernet PHY monitoring ● IEEE 802.x flow control ● Full-duplex operation ●  ; ● 40/100-Gbps IEEE 802.3ba compliant ● 100 Gigabit Ethernet PHY monitoring ● 400-Gbos IEEE 802.3bs compliant ● IEEE 802.x flow control ● Full-duplex operation ● ; ● 10-Gbps IEEE 802.3ae compliant ● 25-Gbps IEEE 802.3by and IEEE 802.3cc compliant ● IEEE 802.x flow control ● Full-duplex operation ● Per-port byte and packet 	["10 Gbps IEEE 802.3ae compliant","40/100-Gbps IEEE 802.3ba compliant","100 Gigabit Ethernet PHY monitoring","IEEE 802.x flow control","Full-duplex operation","400-Gbos IEEE 802.3bs compliant","10-Gbps IEEE 802.3ae compliant","25-Gbps IEEE 802.3by and IEEE 802.3cc compliant","Per-port byte and packet"]
29662	12658	ADV-ED-100G-RTU1	altitude_max	2b56b0b7c4e8c61a	yes	–60 to 1800 m	1800
29677	12603	ADV-ED-400G-RTU1	supported_protocols	2b56b0b7c4e8c61a	yes	NetFlow, IEEE 802.1ag, IEEE 802.3ah, ITU Y.1731, IP Service-Level Agreement (IP SLA), Virtual Circuit Connectivity Verification (VCCV), ping, and traceroute	["NetFlow","IEEE 802.1ag","IEEE 802.3ah","ITU Y.1731","IP Service-Level Agreement (IP SLA)","Virtual Circuit Connectivity Verification (VCCV)","ping","traceroute"]
29678	12603	ADV-ED-400G-RTU1	ieee_standards	2b56b0b7c4e8c61a	yes	● 10 Gbps IEEE 802.3ae compliant ● 40/100-Gbps IEEE 802.3ba compliant ● 100 Gigabit Ethernet PHY monitoring ● IEEE 802.x flow control ● Full-duplex operation ●  ; ● 40/100-Gbps IEEE 802.3ba compliant ● 100 Gigabit Ethernet PHY monitoring ● 400-Gbos IEEE 802.3bs compliant ● IEEE 802.x flow control ● Full-duplex operation ● ; ● 10-Gbps IEEE 802.3ae compliant ● 25-Gbps IEEE 802.3by and IEEE 802.3cc compliant ● IEEE 802.x flow control ● Full-duplex operation ● Per-port byte and packet 	["10 Gbps IEEE 802.3ae compliant","40/100-Gbps IEEE 802.3ba compliant","100 Gigabit Ethernet PHY monitoring","IEEE 802.x flow control","Full-duplex operation","400-Gbos IEEE 802.3bs compliant","10-Gbps IEEE 802.3ae compliant","25-Gbps IEEE 802.3by and IEEE 802.3cc compliant","Per-port byte and packet"]
29679	12603	ADV-ED-400G-RTU1	temp_storage	2b56b0b7c4e8c61a	yes	–40 to 158°F (–40 to 70°C)	{"max":70,"min":-40}
29681	12603	ADV-ED-400G-RTU1	certifications	2b56b0b7c4e8c61a	yes	The Cisco ASR 9903 Router is designed to meet: ● FCC Class A ● ICES 003 Class A ● AS/NZS 3548 Class A ● CISPR 22 (EN55022) Class A ● VCCI Class A ● BSMI Class A	["The Cisco ASR 9903 Router is designed to meet:","FCC Class A","ICES 003 Class A","AS/NZS 3548 Class A","CISPR 22 (EN55022) Class A","VCCI Class A","BSMI Class A"]
29696	36349	ESS-ED-100G-RTU1	supported_protocols	2b56b0b7c4e8c61a	yes	NetFlow, IEEE 802.1ag, IEEE 802.3ah, ITU Y.1731, IP Service-Level Agreement (IP SLA), Virtual Circuit Connectivity Verification (VCCV), ping, and traceroute	["NetFlow","IEEE 802.1ag","IEEE 802.3ah","ITU Y.1731","IP Service-Level Agreement (IP SLA)","Virtual Circuit Connectivity Verification (VCCV)","ping","traceroute"]
29697	36349	ESS-ED-100G-RTU1	ieee_standards	2b56b0b7c4e8c61a	yes	● 10 Gbps IEEE 802.3ae compliant ● 40/100-Gbps IEEE 802.3ba compliant ● 100 Gigabit Ethernet PHY monitoring ● IEEE 802.x flow control ● Full-duplex operation ●  ; ● 40/100-Gbps IEEE 802.3ba compliant ● 100 Gigabit Ethernet PHY monitoring ● 400-Gbos IEEE 802.3bs compliant ● IEEE 802.x flow control ● Full-duplex operation ● ; ● 10-Gbps IEEE 802.3ae compliant ● 25-Gbps IEEE 802.3by and IEEE 802.3cc compliant ● IEEE 802.x flow control ● Full-duplex operation ● Per-port byte and packet 	["10 Gbps IEEE 802.3ae compliant","40/100-Gbps IEEE 802.3ba compliant","100 Gigabit Ethernet PHY monitoring","IEEE 802.x flow control","Full-duplex operation","400-Gbos IEEE 802.3bs compliant","10-Gbps IEEE 802.3ae compliant","25-Gbps IEEE 802.3by and IEEE 802.3cc compliant","Per-port byte and packet"]
29698	36349	ESS-ED-100G-RTU1	altitude_max	2b56b0b7c4e8c61a	yes	–60 to 1800 m	1800
16048	64754	NIM-1T	supported_protocols	786407366e3b300b	no		["EIA-232","EIA-449","EIA-530","EIA-530A","V.35","X.21"]
29713	36610	ESS-ED-400G-RTU1	supported_protocols	2b56b0b7c4e8c61a	yes	NetFlow, IEEE 802.1ag, IEEE 802.3ah, ITU Y.1731, IP Service-Level Agreement (IP SLA), Virtual Circuit Connectivity Verification (VCCV), ping, and traceroute	["NetFlow","IEEE 802.1ag","IEEE 802.3ah","ITU Y.1731","IP Service-Level Agreement (IP SLA)","Virtual Circuit Connectivity Verification (VCCV)","ping","traceroute"]
29714	36610	ESS-ED-400G-RTU1	ieee_standards	2b56b0b7c4e8c61a	yes	● 10 Gbps IEEE 802.3ae compliant ● 40/100-Gbps IEEE 802.3ba compliant ● 100 Gigabit Ethernet PHY monitoring ● IEEE 802.x flow control ● Full-duplex operation ●  ; ● 40/100-Gbps IEEE 802.3ba compliant ● 100 Gigabit Ethernet PHY monitoring ● 400-Gbos IEEE 802.3bs compliant ● IEEE 802.x flow control ● Full-duplex operation ● ; ● 10-Gbps IEEE 802.3ae compliant ● 25-Gbps IEEE 802.3by and IEEE 802.3cc compliant ● IEEE 802.x flow control ● Full-duplex operation ● Per-port byte and packet 	["10 Gbps IEEE 802.3ae compliant","40/100-Gbps IEEE 802.3ba compliant","100 Gigabit Ethernet PHY monitoring","IEEE 802.x flow control","Full-duplex operation","400-Gbos IEEE 802.3bs compliant","10-Gbps IEEE 802.3ae compliant","25-Gbps IEEE 802.3by and IEEE 802.3cc compliant","Per-port byte and packet"]
29717	36610	ESS-ED-400G-RTU1	certifications	2b56b0b7c4e8c61a	yes	The Cisco ASR 9903 Router is designed to meet: ● FCC Class A ● ICES 003 Class A ● AS/NZS 3548 Class A ● CISPR 22 (EN55022) Class A ● VCCI Class A ● BSMI Class A	["The Cisco ASR 9903 Router is designed to meet:","FCC Class A","ICES 003 Class A","AS/NZS 3548 Class A","CISPR 22 (EN55022) Class A","VCCI Class A","BSMI Class A"]
16049	64754	NIM-1T	supported_protocols	41b9558980c56aa3	no		["EIA-232","EIA-449","EIA-530","EIA-530A","V.35","X.21"]
29745	72308	S-A9K-MACSEC-10	supported_protocols	2b56b0b7c4e8c61a	yes	NetFlow, IEEE 802.1ag, IEEE 802.3ah, ITU Y.1731, IP Service-Level Agreement (IP SLA), Virtual Circuit Connectivity Verification (VCCV), ping, and traceroute	["NetFlow","IEEE 802.1ag","IEEE 802.3ah","ITU Y.1731","IP Service-Level Agreement (IP SLA)","Virtual Circuit Connectivity Verification (VCCV)","ping","traceroute"]
29746	72308	S-A9K-MACSEC-10	ieee_standards	2b56b0b7c4e8c61a	yes	● 10 Gbps IEEE 802.3ae compliant ● 40/100-Gbps IEEE 802.3ba compliant ● 100 Gigabit Ethernet PHY monitoring ● IEEE 802.x flow control ● Full-duplex operation ●  ; ● 40/100-Gbps IEEE 802.3ba compliant ● 100 Gigabit Ethernet PHY monitoring ● 400-Gbos IEEE 802.3bs compliant ● IEEE 802.x flow control ● Full-duplex operation ● ; ● 10-Gbps IEEE 802.3ae compliant ● 25-Gbps IEEE 802.3by and IEEE 802.3cc compliant ● IEEE 802.x flow control ● Full-duplex operation ● Per-port byte and packet 	["10 Gbps IEEE 802.3ae compliant","40/100-Gbps IEEE 802.3ba compliant","100 Gigabit Ethernet PHY monitoring","IEEE 802.x flow control","Full-duplex operation","400-Gbos IEEE 802.3bs compliant","10-Gbps IEEE 802.3ae compliant","25-Gbps IEEE 802.3by and IEEE 802.3cc compliant","Per-port byte and packet"]
29748	72308	S-A9K-MACSEC-10	altitude_max	2b56b0b7c4e8c61a	yes	–60 to 1800 m	1800
29749	72308	S-A9K-MACSEC-10	certifications	2b56b0b7c4e8c61a	yes	The Cisco ASR 9903 Router is designed to meet: ● FCC Class A ● ICES 003 Class A ● AS/NZS 3548 Class A ● CISPR 22 (EN55022) Class A ● VCCI Class A ● BSMI Class A	["The Cisco ASR 9903 Router is designed to meet:","FCC Class A","ICES 003 Class A","AS/NZS 3548 Class A","CISPR 22 (EN55022) Class A","VCCI Class A","BSMI Class A"]
29768	72250	S-A9K-MACSEC-100	supported_protocols	2b56b0b7c4e8c61a	yes	NetFlow, IEEE 802.1ag, IEEE 802.3ah, ITU Y.1731, IP Service-Level Agreement (IP SLA), Virtual Circuit Connectivity Verification (VCCV), ping, and traceroute	["NetFlow","IEEE 802.1ag","IEEE 802.3ah","ITU Y.1731","IP Service-Level Agreement (IP SLA)","Virtual Circuit Connectivity Verification (VCCV)","ping","traceroute"]
16055	65175	NIM-2T	supported_protocols	786407366e3b300b	no		["EIA-232","EIA-449","EIA-530","EIA-530A","V.35","X.21"]
16056	65175	NIM-2T	supported_protocols	41b9558980c56aa3	no		["EIA-232","EIA-449","EIA-530","EIA-530A","V.35","X.21"]
16062	65070	NIM-4T	supported_protocols	786407366e3b300b	no		["EIA-232","EIA-449","EIA-530","EIA-530A","V.35","X.21"]
16063	65070	NIM-4T	supported_protocols	41b9558980c56aa3	no		["EIA-232","EIA-449","EIA-530","EIA-530A","V.35","X.21"]
29769	72250	S-A9K-MACSEC-100	ieee_standards	2b56b0b7c4e8c61a	yes	● 10 Gbps IEEE 802.3ae compliant ● 40/100-Gbps IEEE 802.3ba compliant ● 100 Gigabit Ethernet PHY monitoring ● IEEE 802.x flow control ● Full-duplex operation ●  ; ● 40/100-Gbps IEEE 802.3ba compliant ● 100 Gigabit Ethernet PHY monitoring ● 400-Gbos IEEE 802.3bs compliant ● IEEE 802.x flow control ● Full-duplex operation ● ; ● 10-Gbps IEEE 802.3ae compliant ● 25-Gbps IEEE 802.3by and IEEE 802.3cc compliant ● IEEE 802.x flow control ● Full-duplex operation ● Per-port byte and packet 	["10 Gbps IEEE 802.3ae compliant","40/100-Gbps IEEE 802.3ba compliant","100 Gigabit Ethernet PHY monitoring","IEEE 802.x flow control","Full-duplex operation","400-Gbos IEEE 802.3bs compliant","10-Gbps IEEE 802.3ae compliant","25-Gbps IEEE 802.3by and IEEE 802.3cc compliant","Per-port byte and packet"]
29771	72250	S-A9K-MACSEC-100	altitude_max	2b56b0b7c4e8c61a	yes	–60 to 1800 m	1800
29772	72250	S-A9K-MACSEC-100	certifications	2b56b0b7c4e8c61a	yes	The Cisco ASR 9903 Router is designed to meet: ● FCC Class A ● ICES 003 Class A ● AS/NZS 3548 Class A ● CISPR 22 (EN55022) Class A ● VCCI Class A ● BSMI Class A	["The Cisco ASR 9903 Router is designed to meet:","FCC Class A","ICES 003 Class A","AS/NZS 3548 Class A","CISPR 22 (EN55022) Class A","VCCI Class A","BSMI Class A"]
29791	72174	S-A9K-MACSEC-40	supported_protocols	2b56b0b7c4e8c61a	yes	NetFlow, IEEE 802.1ag, IEEE 802.3ah, ITU Y.1731, IP Service-Level Agreement (IP SLA), Virtual Circuit Connectivity Verification (VCCV), ping, and traceroute	["NetFlow","IEEE 802.1ag","IEEE 802.3ah","ITU Y.1731","IP Service-Level Agreement (IP SLA)","Virtual Circuit Connectivity Verification (VCCV)","ping","traceroute"]
29792	72174	S-A9K-MACSEC-40	ieee_standards	2b56b0b7c4e8c61a	yes	● 10 Gbps IEEE 802.3ae compliant ● 40/100-Gbps IEEE 802.3ba compliant ● 100 Gigabit Ethernet PHY monitoring ● IEEE 802.x flow control ● Full-duplex operation ●  ; ● 40/100-Gbps IEEE 802.3ba compliant ● 100 Gigabit Ethernet PHY monitoring ● 400-Gbos IEEE 802.3bs compliant ● IEEE 802.x flow control ● Full-duplex operation ● ; ● 10-Gbps IEEE 802.3ae compliant ● 25-Gbps IEEE 802.3by and IEEE 802.3cc compliant ● IEEE 802.x flow control ● Full-duplex operation ● Per-port byte and packet 	["10 Gbps IEEE 802.3ae compliant","40/100-Gbps IEEE 802.3ba compliant","100 Gigabit Ethernet PHY monitoring","IEEE 802.x flow control","Full-duplex operation","400-Gbos IEEE 802.3bs compliant","10-Gbps IEEE 802.3ae compliant","25-Gbps IEEE 802.3by and IEEE 802.3cc compliant","Per-port byte and packet"]
29794	72174	S-A9K-MACSEC-40	altitude_max	2b56b0b7c4e8c61a	yes	–60 to 1800 m	1800
29795	72174	S-A9K-MACSEC-40	certifications	2b56b0b7c4e8c61a	yes	The Cisco ASR 9903 Router is designed to meet: ● FCC Class A ● ICES 003 Class A ● AS/NZS 3548 Class A ● CISPR 22 (EN55022) Class A ● VCCI Class A ● BSMI Class A	["The Cisco ASR 9903 Router is designed to meet:","FCC Class A","ICES 003 Class A","AS/NZS 3548 Class A","CISPR 22 (EN55022) Class A","VCCI Class A","BSMI Class A"]
32047	64397	NCS2K-MF-8X10G-FO=	humidity_operating	33ab53989e6e62ff	yes	5 to 95%	{"max":95,"min":5}
20135	12432	ADN-ED-100G-RTU1	supported_protocols	e981c199c3b16224	no		["NetFlow","IEEE 802.1ag","IEEE 802.3ah","ITU Y.1731","IP Service-Level Agreement (IP SLA)","Virtual Circuit Connectivity Verification (VCCV)","ping","traceroute"]
20136	12432	ADN-ED-100G-RTU1	ieee_standards	e981c199c3b16224	no		["● 10-Gbps IEEE 802.3ae compliant ● 25-Gbps IEEE 802.3by","IEEE 802.3cc compliant ● 40","100-Gbps IEEE 802.3ba compliant ● 100 Gigabit Ethernet PHY monitoring ●"]
20225	12433	ADN-ED-400G-RTU1	supported_protocols	e981c199c3b16224	no		["NetFlow","IEEE 802.1ag","IEEE 802.3ah","ITU Y.1731","IP Service-Level Agreement (IP SLA)","Virtual Circuit Connectivity Verification (VCCV)","ping","traceroute"]
20226	12433	ADN-ED-400G-RTU1	ieee_standards	e981c199c3b16224	no		["● 10-Gbps IEEE 802.3ae compliant ● 25-Gbps IEEE 802.3by","IEEE 802.3cc compliant ● 40","100-Gbps IEEE 802.3ba compliant ● 100 Gigabit Ethernet PHY monitoring ●"]
20227	12433	ADN-ED-400G-RTU1	certifications	e981c199c3b16224	no		["The Cisco ASR 9902 Router is designed to meet: ● FCC Class A ● ICES 003 Class A ● AS","NZS 3548 Class A ● CISPR 22 (EN55022) Class A ● VCCI Class A ● BSMI Class A"]
20246	12658	ADV-ED-100G-RTU1	supported_protocols	e981c199c3b16224	no		["NetFlow","IEEE 802.1ag","IEEE 802.3ah","ITU Y.1731","IP Service-Level Agreement (IP SLA)","Virtual Circuit Connectivity Verification (VCCV)","ping","traceroute"]
20247	12658	ADV-ED-100G-RTU1	ieee_standards	e981c199c3b16224	no		["● 10-Gbps IEEE 802.3ae compliant ● 25-Gbps IEEE 802.3by","IEEE 802.3cc compliant ● 40","100-Gbps IEEE 802.3ba compliant ● 100 Gigabit Ethernet PHY monitoring ●"]
20336	12603	ADV-ED-400G-RTU1	supported_protocols	e981c199c3b16224	no		["NetFlow","IEEE 802.1ag","IEEE 802.3ah","ITU Y.1731","IP Service-Level Agreement (IP SLA)","Virtual Circuit Connectivity Verification (VCCV)","ping","traceroute"]
20337	12603	ADV-ED-400G-RTU1	ieee_standards	e981c199c3b16224	no		["● 10-Gbps IEEE 802.3ae compliant ● 25-Gbps IEEE 802.3by","IEEE 802.3cc compliant ● 40","100-Gbps IEEE 802.3ba compliant ● 100 Gigabit Ethernet PHY monitoring ●"]
20338	12603	ADV-ED-400G-RTU1	certifications	e981c199c3b16224	no		["The Cisco ASR 9902 Router is designed to meet: ● FCC Class A ● ICES 003 Class A ● AS","NZS 3548 Class A ● CISPR 22 (EN55022) Class A ● VCCI Class A ● BSMI Class A"]
20357	36349	ESS-ED-100G-RTU1	supported_protocols	e981c199c3b16224	no		["NetFlow","IEEE 802.1ag","IEEE 802.3ah","ITU Y.1731","IP Service-Level Agreement (IP SLA)","Virtual Circuit Connectivity Verification (VCCV)","ping","traceroute"]
20358	36349	ESS-ED-100G-RTU1	ieee_standards	e981c199c3b16224	no		["● 10-Gbps IEEE 802.3ae compliant ● 25-Gbps IEEE 802.3by","IEEE 802.3cc compliant ● 40","100-Gbps IEEE 802.3ba compliant ● 100 Gigabit Ethernet PHY monitoring ●"]
20447	36610	ESS-ED-400G-RTU1	supported_protocols	e981c199c3b16224	no		["NetFlow","IEEE 802.1ag","IEEE 802.3ah","ITU Y.1731","IP Service-Level Agreement (IP SLA)","Virtual Circuit Connectivity Verification (VCCV)","ping","traceroute"]
20448	36610	ESS-ED-400G-RTU1	ieee_standards	e981c199c3b16224	no		["● 10-Gbps IEEE 802.3ae compliant ● 25-Gbps IEEE 802.3by","IEEE 802.3cc compliant ● 40","100-Gbps IEEE 802.3ba compliant ● 100 Gigabit Ethernet PHY monitoring ●"]
20449	36610	ESS-ED-400G-RTU1	certifications	e981c199c3b16224	no		["The Cisco ASR 9902 Router is designed to meet: ● FCC Class A ● ICES 003 Class A ● AS","NZS 3548 Class A ● CISPR 22 (EN55022) Class A ● VCCI Class A ● BSMI Class A"]
20478	72308	S-A9K-MACSEC-10	supported_protocols	e981c199c3b16224	no		["NetFlow","IEEE 802.1ag","IEEE 802.3ah","ITU Y.1731","IP Service-Level Agreement (IP SLA)","Virtual Circuit Connectivity Verification (VCCV)","ping","traceroute"]
20479	72308	S-A9K-MACSEC-10	ieee_standards	e981c199c3b16224	no		["● 10-Gbps IEEE 802.3ae compliant ● 25-Gbps IEEE 802.3by","IEEE 802.3cc compliant ● 40","100-Gbps IEEE 802.3ba compliant ● 100 Gigabit Ethernet PHY monitoring ●"]
20480	72308	S-A9K-MACSEC-10	humidity_storage	e981c199c3b16224	no		"5 to 95% Note: Not to exceed 0.024 kg of water per kg of dry air"
20481	72308	S-A9K-MACSEC-10	certifications	e981c199c3b16224	no		["The Cisco ASR 9902 Router is designed to meet: ● FCC Class A ● ICES 003 Class A ● AS","NZS 3548 Class A ● CISPR 22 (EN55022) Class A ● VCCI Class A ● BSMI Class A"]
20486	72250	S-A9K-MACSEC-100	supported_protocols	e981c199c3b16224	no		["NetFlow","IEEE 802.1ag","IEEE 802.3ah","ITU Y.1731","IP Service-Level Agreement (IP SLA)","Virtual Circuit Connectivity Verification (VCCV)","ping","traceroute"]
20487	72250	S-A9K-MACSEC-100	ieee_standards	e981c199c3b16224	no		["● 10-Gbps IEEE 802.3ae compliant ● 25-Gbps IEEE 802.3by","IEEE 802.3cc compliant ● 40","100-Gbps IEEE 802.3ba compliant ● 100 Gigabit Ethernet PHY monitoring ●"]
20488	72250	S-A9K-MACSEC-100	humidity_storage	e981c199c3b16224	no		"5 to 95% Note: Not to exceed 0.024 kg of water per kg of dry air"
20489	72250	S-A9K-MACSEC-100	certifications	e981c199c3b16224	no		["The Cisco ASR 9902 Router is designed to meet: ● FCC Class A ● ICES 003 Class A ● AS","NZS 3548 Class A ● CISPR 22 (EN55022) Class A ● VCCI Class A ● BSMI Class A"]
20494	72174	S-A9K-MACSEC-40	supported_protocols	e981c199c3b16224	no		["NetFlow","IEEE 802.1ag","IEEE 802.3ah","ITU Y.1731","IP Service-Level Agreement (IP SLA)","Virtual Circuit Connectivity Verification (VCCV)","ping","traceroute"]
20495	72174	S-A9K-MACSEC-40	ieee_standards	e981c199c3b16224	no		["● 10-Gbps IEEE 802.3ae compliant ● 25-Gbps IEEE 802.3by","IEEE 802.3cc compliant ● 40","100-Gbps IEEE 802.3ba compliant ● 100 Gigabit Ethernet PHY monitoring ●"]
20497	72174	S-A9K-MACSEC-40	certifications	e981c199c3b16224	no		["The Cisco ASR 9902 Router is designed to meet: ● FCC Class A ● ICES 003 Class A ● AS","NZS 3548 Class A ● CISPR 22 (EN55022) Class A ● VCCI Class A ● BSMI Class A"]
32050	64449	NCS2K-MF-DEG-5-CV=	humidity_operating	33ab53989e6e62ff	yes	5 to 95%	{"max":95,"min":5}
32051	64449	NCS2K-MF-DEG-5-CV=	regions_supported	33ab53989e6e62ff	yes	● European Union ● Africa ● CSI ● Australia ● New Zealand ● China ● Korea ● India ● Saudi Arabia ● South America	"● European Union ● Africa ● CSI ● Australia ● New Zealand ● China ● Korea ● India ● Saudi Arabia ● South America"
32059	64374	NCS2K-MF-M16LC-CV=	regions_supported	33ab53989e6e62ff	yes	● European Union ● Africa ● CSI ● Australia ● New Zealand ● China ● Korea ● India ● Saudi Arabia ● South America	"● European Union ● Africa ● CSI ● Australia ● New Zealand ● China ● Korea ● India ● Saudi Arabia ● South America"
21466	4001	DS-C9718	supported_protocols	f64dc0153dee65e5	no		["● Fibre Channel standards ● FC-PH","Revision 4.3 (ANSI INCITS 230-1994) ● FC-PH","Amendment 1 (ANSI INCITS 230-1994","AM1-1996)"]
21468	4001	DS-C9718	diagnostics	f64dc0153dee65e5	no		["● POST diagnostics ● Online diagnostics ● Internal port loopbacks ● SPAN","RSPAN ● Fibre Channel traceroute ● Fibre Channel ping ● Fibre Channel debug"]
21469	4001	DS-C9718	certifications	f64dc0153dee65e5	no		["● Safety compliance ◦ CE Marking ◦ UL 60950 ◦ CAN","CSA-C22.2 No. 60950 ◦ EN 60950 ◦ IEC 60950 ◦ AS","NZS 3260 ◦ IEC60825 ◦ EN60825 ◦ 21 CFR 1040"]
21494	34065	DS-C9718=	supported_protocols	f64dc0153dee65e5	no		["● Fibre Channel standards ● FC-PH","Revision 4.3 (ANSI INCITS 230-1994) ● FC-PH","Amendment 1 (ANSI INCITS 230-1994","AM1-1996)"]
21496	34065	DS-C9718=	diagnostics	f64dc0153dee65e5	no		["● POST diagnostics ● Online diagnostics ● Internal port loopbacks ● SPAN","RSPAN ● Fibre Channel traceroute ● Fibre Channel ping ● Fibre Channel debug"]
21497	34065	DS-C9718=	certifications	f64dc0153dee65e5	no		["● Safety compliance ◦ CE Marking ◦ UL 60950 ◦ CAN","CSA-C22.2 No. 60950 ◦ EN 60950 ◦ IEC 60950 ◦ AS","NZS 3260 ◦ IEC60825 ◦ EN60825 ◦ 21 CFR 1040"]
21617	33691	DS-X97-SF4-K9	diagnostics	3c752f963012ecbe	no		["● POST diagnostics ● Online diagnostics ● Internal port loopbacks ● SPAN","RSPAN ● Fibre Channel traceroute ● Fibre Channel ping ● Fibre Channel debug ● Syslo"]
21618	33691	DS-X97-SF4-K9	certifications	3c752f963012ecbe	no		["● Safety compliance ◦ CE Marking ◦ UL 60950 ◦ CAN","CSA-C22.2 No. 60950 ◦ EN 60950 ◦ IEC 60950 ◦ TS 001 ◦ AS","NZS 3260 ◦ IEC60825 ◦ EN60825 ◦ 21 CFR 1040 ● EMC com"]
22813	90941	XR-NC55-P-06.06	emc_immunity	92b1ee16755274c1	no		["● EN55024 ● CISPR24 ● EN300386 ● KN 61000-4 series"]
22815	90941	XR-NC55-P-06.06	emc_immunity	07ac5acc909a3e58	no		["● EN55024 ● CISPR24 ● EN300386 ● KN 61000-4 series"]
22835	91075	XR-NC55-P-07.02	temp_operating	163e8998487b6873	no		{"max":70,"min":40}
22837	91075	XR-NC55-P-07.02	temp_operating	163e8998487b6873	no		{"max":55,"min":0}
22847	90960	XR-NC55-PK9-06.06	emc_immunity	92b1ee16755274c1	no		["● EN55024 ● CISPR24 ● EN300386 ● KN 61000-4 series"]
22849	90960	XR-NC55-PK9-06.06	emc_immunity	07ac5acc909a3e58	no		["● EN55024 ● CISPR24 ● EN300386 ● KN 61000-4 series"]
22869	91038	XR-NC55-PK9-07.02	temp_operating	163e8998487b6873	no		{"max":70,"min":40}
22871	91038	XR-NC55-PK9-07.02	temp_operating	163e8998487b6873	no		{"max":55,"min":0}
23027	7137	15454-M-TNCE-K9=	humidity_operating	0b385601a4511af4	no		{"max":95,"min":5}
23077	64284	NCS2K-16-WXC-FS=	regions_supported	58d47b3ecf7cf5d8	no		"● European Union ● Africa ● CSI ● Australia ● New Zealand ● China ● Korea ● India ● Saudi Arabia ● South America"
23078	64284	NCS2K-16-WXC-FS=	certifications	58d47b3ecf7cf5d8	no		["● UL","CSA 60950-1","Second Ed 2011 ● IEC 60950-1(2005","12)","2nd Edition","National Differences as per CB Bulletin 112A ● + Amendment 1: 2009"]
23197	64505	NCS2K-TNCS-K9=	humidity_operating	0b385601a4511af4	no		{"max":95,"min":5}
23201	64399	NCS2K-TNCS-O-K9=	humidity_operating	0b385601a4511af4	no		{"max":95,"min":5}
23386	7185	15454-M-RAMAN-COP	emc_emissions	58d47b3ecf7cf5d8	no		["● EN 300 386 Telecommunications Network Equipment (EMC): 2008 (Note: EMC-1) ● CISPR22 Ed.6 (2008)","CISPR24: Ed.2 (2010) ● EN55024 Ed.2 2010: Immunity levels:"]
23387	7185	15454-M-RAMAN-COP	certifications	58d47b3ecf7cf5d8	no		["● UL","CSA 60950-1","Second Ed 2011 ● IEC 60950-1(2005","12)","2nd Edition","National Differences as per CB Bulletin 112A ● + Amendment 1: 2009"]
23392	6987	15454-M-RAMAN-CTP	emc_emissions	58d47b3ecf7cf5d8	no		["● EN 300 386 Telecommunications Network Equipment (EMC): 2008 (Note: EMC-1) ● CISPR22 Ed.6 (2008)","CISPR24: Ed.2 (2010) ● EN55024 Ed.2 2010: Immunity levels:"]
23393	6987	15454-M-RAMAN-CTP	certifications	58d47b3ecf7cf5d8	no		["● UL","CSA 60950-1","Second Ed 2011 ● IEC 60950-1(2005","12)","2nd Edition","National Differences as per CB Bulletin 112A ● + Amendment 1: 2009"]
23398	63901	NCS2K-EDRA1-26	emc_emissions	58d47b3ecf7cf5d8	no		["● EN 300 386 Telecommunications Network Equipment (EMC): 2008 (Note: EMC-1) ● CISPR22 Ed.6 (2008)","CISPR24: Ed.2 (2010) ● EN55024 Ed.2 2010: Immunity levels:"]
23399	63901	NCS2K-EDRA1-26	certifications	58d47b3ecf7cf5d8	no		["● UL","CSA 60950-1","Second Ed 2011 ● IEC 60950-1(2005","12)","2nd Edition","National Differences as per CB Bulletin 112A ● + Amendment 1: 2009"]
23400	64106	NCS2K-EDRA1-35	emc_emissions	58d47b3ecf7cf5d8	no		["● EN 300 386 Telecommunications Network Equipment (EMC): 2008 (Note: EMC-1) ● CISPR22 Ed.6 (2008)","CISPR24: Ed.2 (2010) ● EN55024 Ed.2 2010: Immunity levels:"]
23401	64106	NCS2K-EDRA1-35	certifications	58d47b3ecf7cf5d8	no		["● UL","CSA 60950-1","Second Ed 2011 ● IEC 60950-1(2005","12)","2nd Edition","National Differences as per CB Bulletin 112A ● + Amendment 1: 2009"]
23402	64200	NCS2K-EDRA2-26	emc_emissions	58d47b3ecf7cf5d8	no		["● EN 300 386 Telecommunications Network Equipment (EMC): 2008 (Note: EMC-1) ● CISPR22 Ed.6 (2008)","CISPR24: Ed.2 (2010) ● EN55024 Ed.2 2010: Immunity levels:"]
23403	64200	NCS2K-EDRA2-26	certifications	58d47b3ecf7cf5d8	no		["● UL","CSA 60950-1","Second Ed 2011 ● IEC 60950-1(2005","12)","2nd Edition","National Differences as per CB Bulletin 112A ● + Amendment 1: 2009"]
23404	64035	NCS2K-EDRA2-35	emc_emissions	58d47b3ecf7cf5d8	no		["● EN 300 386 Telecommunications Network Equipment (EMC): 2008 (Note: EMC-1) ● CISPR22 Ed.6 (2008)","CISPR24: Ed.2 (2010) ● EN55024 Ed.2 2010: Immunity levels:"]
23405	64035	NCS2K-EDRA2-35	certifications	58d47b3ecf7cf5d8	no		["● UL","CSA 60950-1","Second Ed 2011 ● IEC 60950-1(2005","12)","2nd Edition","National Differences as per CB Bulletin 112A ● + Amendment 1: 2009"]
24168	38887	GRWIC-2CE1T1-PRI=	temp_operating	3427f0cd196e4481	no		{"max":85,"min":40}
24164	39159	GRWIC-1CE1T1-PRI=	temp_operating	3427f0cd196e4481	no		{"max":85,"min":40}
24566	63654	NC57-MPA-12L-S	humidity_storage	23c966d84c51cbdd	no		"5% to 95% at 40°C per NEBS GR-63-Core"
24567	63654	NC57-MPA-12L-S	temp_operating	23c966d84c51cbdd	no		{"max":40,"min":0}
24568	63654	NC57-MPA-12L-S	temp_operating	23c966d84c51cbdd	no		{"max":-57,"min":-57}
24569	63654	NC57-MPA-12L-S	temp_operating	23c966d84c51cbdd	no		{"max":45,"min":0}
24570	63654	NC57-MPA-12L-S	temp_operating	23c966d84c51cbdd	no		{"max":40,"min":0}
24571	63654	NC57-MPA-12L-S	certifications	23c966d84c51cbdd	no		["Designed to meet: ● GR-63-CORE ● GR-1089-CORE","FCC 47CFR15 AS","NZS CISPR 32 EN55032","EN55022 CISPR 32","CISPR 22 ICES-003 VCCI KN32 CNS-13438","EN61000-3-2 Power Line Harmonics EN61000-3-3 Voltage Changes","Fluctuations","Flicker","The product is RoHS-6 compliant with exceptions for leaded-ball grid-array (BGA) balls","lead press-fit connectors"]
24572	63654	NC57-MPA-12L-S	emc_immunity	23c966d84c51cbdd	no		["IEC","EN61000-4-2 IEC","EN61000-4-3 IEC","EN61000-4-4 IEC","EN61000-4-5 IEC","EN61000-4-6 IEC","EN61000-4-8 IEC","EN61000-4-11","EN 300 386 (C-4) EN55022 EN55024","CISPR 24 I EN55035","CISPR 35 EN61000-6-1 KN35"]
24622	63558	NC57-MPA-1FH1D-S	humidity_storage	23c966d84c51cbdd	no		"5% to 95% at 40°C per NEBS GR-63-Core"
24625	63558	NC57-MPA-1FH1D-S	certifications	23c966d84c51cbdd	no		["Designed to meet: ● GR-63-CORE ● GR-1089-CORE","FCC 47CFR15 AS","NZS CISPR 32 EN55032","EN55022 CISPR 32","CISPR 22 ICES-003 VCCI KN32 CNS-13438","EN61000-3-2 Power Line Harmonics EN61000-3-3 Voltage Changes","Fluctuations","Flicker","The product is RoHS-6 compliant with exceptions for leaded-ball grid-array (BGA) balls","lead press-fit connectors"]
24626	63558	NC57-MPA-1FH1D-S	emc_immunity	23c966d84c51cbdd	no		["IEC","EN61000-4-2 IEC","EN61000-4-3 IEC","EN61000-4-4 IEC","EN61000-4-5 IEC","EN61000-4-6 IEC","EN61000-4-8 IEC","EN61000-4-11","EN 300 386 (C-4) EN55022 EN55024","CISPR 24 I EN55035","CISPR 35 EN61000-6-1 KN35"]
24656	63526	NC57-MPA-2D4H-S	humidity_storage	23c966d84c51cbdd	no		"5% to 95% at 40°C per NEBS GR-63-Core"
24657	63526	NC57-MPA-2D4H-S	temp_operating	23c966d84c51cbdd	no		{"max":40,"min":0}
24658	63526	NC57-MPA-2D4H-S	temp_operating	23c966d84c51cbdd	no		{"max":-57,"min":-57}
24659	63526	NC57-MPA-2D4H-S	temp_operating	23c966d84c51cbdd	no		{"max":45,"min":0}
24660	63526	NC57-MPA-2D4H-S	temp_operating	23c966d84c51cbdd	no		{"max":40,"min":0}
24661	63526	NC57-MPA-2D4H-S	certifications	23c966d84c51cbdd	no		["Designed to meet: ● GR-63-CORE ● GR-1089-CORE","FCC 47CFR15 AS","NZS CISPR 32 EN55032","EN55022 CISPR 32","CISPR 22 ICES-003 VCCI KN32 CNS-13438","EN61000-3-2 Power Line Harmonics EN61000-3-3 Voltage Changes","Fluctuations","Flicker","The product is RoHS-6 compliant with exceptions for leaded-ball grid-array (BGA) balls","lead press-fit connectors"]
24662	63526	NC57-MPA-2D4H-S	emc_immunity	23c966d84c51cbdd	no		["IEC","EN61000-4-2 IEC","EN61000-4-3 IEC","EN61000-4-4 IEC","EN61000-4-5 IEC","EN61000-4-6 IEC","EN61000-4-8 IEC","EN61000-4-11","EN 300 386 (C-4) EN55022 EN55024","CISPR 24 I EN55035","CISPR 35 EN61000-6-1 KN35"]
24784	63225	NC55-MPA-2TH-S	emc_immunity	5d1fd360bd83375c	no		["● EN55024 ● CISPR24 ● EN300386 ● KN 35 ● TCVN 7317"]
24721	62961	NC55-MPA-12T-S	supported_protocols	5d1fd360bd83375c	no		["● Layer 2 switch ports ● IEEE 802.1Q VLAN encapsulation","Q-in-Q encapsulation ● IEEE 802.1ad ● Cisco bundle Ethernet technology (up to 32 ports per Ethernet bund","● IPv4","IPv6 unicast ● Layer 3 interfaces: physical","subinterfaces ● Routing protocols: static","Open Shortest Path First (OSPFv2)","OSPFv3","Intermediate Sy"]
24722	62961	NC55-MPA-12T-S	qos_features	5d1fd360bd83375c	no		"● Quality of Service (QoS) ● Ingress classification based on class of service (L2), IP differentiated service code point (L3), IP ACL (L3/L4), IP precedence (ty"
24723	62961	NC55-MPA-12T-S	certifications	5d1fd360bd83375c	no		["Designed to meet GR-63-CORE","GR-1089-CORE","● 47CFR Part 15 Class A ● CISPR32 Class A ● EN55032 Class A ● EN300386 Class A ● ICES-003 Class A ● VCCI Class A ● TCVN 7189 Class A ● EN61000-3-2 ● EN61000-3-3"]
24724	62961	NC55-MPA-12T-S	emc_immunity	5d1fd360bd83375c	no		["● EN55024 ● CISPR24 ● EN300386 ● KN 35 ● TCVN 7317"]
24758	63035	NC55-MPA-1TH2H-S	supported_protocols	5d1fd360bd83375c	no		["● Layer 2 switch ports ● IEEE 802.1Q VLAN encapsulation","Q-in-Q encapsulation ● IEEE 802.1ad ● Cisco bundle Ethernet technology (up to 32 ports per Ethernet bund","● IPv4","IPv6 unicast ● Layer 3 interfaces: physical","subinterfaces ● Routing protocols: static","Open Shortest Path First (OSPFv2)","OSPFv3","Intermediate Sy"]
24759	63035	NC55-MPA-1TH2H-S	qos_features	5d1fd360bd83375c	no		"● Quality of Service (QoS) ● Ingress classification based on class of service (L2), IP differentiated service code point (L3), IP ACL (L3/L4), IP precedence (ty"
24760	63035	NC55-MPA-1TH2H-S	certifications	5d1fd360bd83375c	no		["Designed to meet GR-63-CORE","GR-1089-CORE","● 47CFR Part 15 Class A ● CISPR32 Class A ● EN55032 Class A ● EN300386 Class A ● ICES-003 Class A ● VCCI Class A ● TCVN 7189 Class A ● EN61000-3-2 ● EN61000-3-3"]
24761	63035	NC55-MPA-1TH2H-S	emc_immunity	5d1fd360bd83375c	no		["● EN55024 ● CISPR24 ● EN300386 ● KN 35 ● TCVN 7317"]
24781	63225	NC55-MPA-2TH-S	supported_protocols	5d1fd360bd83375c	no		["● Layer 2 switch ports ● IEEE 802.1Q VLAN encapsulation","Q-in-Q encapsulation ● IEEE 802.1ad ● Cisco bundle Ethernet technology (up to 32 ports per Ethernet bund","● IPv4","IPv6 unicast ● Layer 3 interfaces: physical","subinterfaces ● Routing protocols: static","Open Shortest Path First (OSPFv2)","OSPFv3","Intermediate Sy"]
24782	63225	NC55-MPA-2TH-S	qos_features	5d1fd360bd83375c	no		"● Quality of Service (QoS) ● Ingress classification based on class of service (L2), IP differentiated service code point (L3), IP ACL (L3/L4), IP precedence (ty"
24783	63225	NC55-MPA-2TH-S	certifications	5d1fd360bd83375c	no		["Designed to meet GR-63-CORE","GR-1089-CORE","● 47CFR Part 15 Class A ● CISPR32 Class A ● EN55032 Class A ● EN300386 Class A ● ICES-003 Class A ● VCCI Class A ● TCVN 7189 Class A ● EN61000-3-2 ● EN61000-3-3"]
24816	63659	NC55-MPA-4H-S	supported_protocols	5d1fd360bd83375c	no		["● Layer 2 switch ports ● IEEE 802.1Q VLAN encapsulation","Q-in-Q encapsulation ● IEEE 802.1ad ● Cisco bundle Ethernet technology (up to 32 ports per Ethernet bund","● IPv4","IPv6 unicast ● Layer 3 interfaces: physical","subinterfaces ● Routing protocols: static","Open Shortest Path First (OSPFv2)","OSPFv3","Intermediate Sy"]
24817	63659	NC55-MPA-4H-S	qos_features	5d1fd360bd83375c	no		"● Quality of Service (QoS) ● Ingress classification based on class of service (L2), IP differentiated service code point (L3), IP ACL (L3/L4), IP precedence (ty"
24818	63659	NC55-MPA-4H-S	certifications	5d1fd360bd83375c	no		["Designed to meet GR-63-CORE","GR-1089-CORE","● 47CFR Part 15 Class A ● CISPR32 Class A ● EN55032 Class A ● EN300386 Class A ● ICES-003 Class A ● VCCI Class A ● TCVN 7189 Class A ● EN61000-3-2 ● EN61000-3-3"]
27057	33907	DS-X9248-96K9=	programming_interfaces	eada11f75465471d	no		["● Scriptable CLI ● Fabric Manager GUI ● Device Manager GUI"]
27026	33802	DS-X9224-96K9	supported_protocols	eada11f75465471d	no		["● Fibre Channel standards ● FC-PH","Revision 4.3 (ANSI INCITS 230-1994) ● FC-PH","Amendment 1 (ANSI INCITS 230-1994","AM1-1996)","● FC-GS-6","Revision 9.21 ● FC-BB","Revision 4.7 (ANSI INCITS 342-2001) ● FC-BB-2","Revision 6.0 (ANSI INCITS 372-2003)"]
27027	33802	DS-X9224-96K9	programming_interfaces	eada11f75465471d	no		["● Scriptable CLI ● Fabric Manager GUI ● Device Manager GUI"]
27028	33802	DS-X9224-96K9	certifications	eada11f75465471d	no		["● Safety compliance ◦ CE marking ◦ UL 60950 ◦ CAN","CSA-C22.2 No. 60950 ◦ EN 60950 ◦ IEC 60950 ◦ TS 001 ◦ AS","NZS 3260 ◦ IEC60825 ◦ EN60825 ◦ 21 CFR 1040"]
27032	33688	DS-X9224-96K9=	supported_protocols	eada11f75465471d	no		["● Fibre Channel standards ● FC-PH","Revision 4.3 (ANSI INCITS 230-1994) ● FC-PH","Amendment 1 (ANSI INCITS 230-1994","AM1-1996)","● FC-GS-6","Revision 9.21 ● FC-BB","Revision 4.7 (ANSI INCITS 342-2001) ● FC-BB-2","Revision 6.0 (ANSI INCITS 372-2003)"]
27033	33688	DS-X9224-96K9=	programming_interfaces	eada11f75465471d	no		["● Scriptable CLI ● Fabric Manager GUI ● Device Manager GUI"]
27034	33688	DS-X9224-96K9=	certifications	eada11f75465471d	no		["● Safety compliance ◦ CE marking ◦ UL 60950 ◦ CAN","CSA-C22.2 No. 60950 ◦ EN 60950 ◦ IEC 60950 ◦ TS 001 ◦ AS","NZS 3260 ◦ IEC60825 ◦ EN60825 ◦ 21 CFR 1040"]
27038	33821	DS-X9248-48K9	supported_protocols	eada11f75465471d	no		["● Fibre Channel standards ● FC-PH","Revision 4.3 (ANSI INCITS 230-1994) ● FC-PH","Amendment 1 (ANSI INCITS 230-1994","AM1-1996)","● FC-GS-6","Revision 9.21 ● FC-BB","Revision 4.7 (ANSI INCITS 342-2001) ● FC-BB-2","Revision 6.0 (ANSI INCITS 372-2003)"]
27039	33821	DS-X9248-48K9	programming_interfaces	eada11f75465471d	no		["● Scriptable CLI ● Fabric Manager GUI ● Device Manager GUI"]
27040	33821	DS-X9248-48K9	certifications	eada11f75465471d	no		["● Safety compliance ◦ CE marking ◦ UL 60950 ◦ CAN","CSA-C22.2 No. 60950 ◦ EN 60950 ◦ IEC 60950 ◦ TS 001 ◦ AS","NZS 3260 ◦ IEC60825 ◦ EN60825 ◦ 21 CFR 1040"]
27044	33870	DS-X9248-48K9=	supported_protocols	eada11f75465471d	no		["● Fibre Channel standards ● FC-PH","Revision 4.3 (ANSI INCITS 230-1994) ● FC-PH","Amendment 1 (ANSI INCITS 230-1994","AM1-1996)","● FC-GS-6","Revision 9.21 ● FC-BB","Revision 4.7 (ANSI INCITS 342-2001) ● FC-BB-2","Revision 6.0 (ANSI INCITS 372-2003)"]
27045	33870	DS-X9248-48K9=	programming_interfaces	eada11f75465471d	no		["● Scriptable CLI ● Fabric Manager GUI ● Device Manager GUI"]
27046	33870	DS-X9248-48K9=	certifications	eada11f75465471d	no		["● Safety compliance ◦ CE marking ◦ UL 60950 ◦ CAN","CSA-C22.2 No. 60950 ◦ EN 60950 ◦ IEC 60950 ◦ TS 001 ◦ AS","NZS 3260 ◦ IEC60825 ◦ EN60825 ◦ 21 CFR 1040"]
27050	33937	DS-X9248-96K9	supported_protocols	eada11f75465471d	no		["● Fibre Channel standards ● FC-PH","Revision 4.3 (ANSI INCITS 230-1994) ● FC-PH","Amendment 1 (ANSI INCITS 230-1994","AM1-1996)","● FC-GS-6","Revision 9.21 ● FC-BB","Revision 4.7 (ANSI INCITS 342-2001) ● FC-BB-2","Revision 6.0 (ANSI INCITS 372-2003)"]
27051	33937	DS-X9248-96K9	programming_interfaces	eada11f75465471d	no		["● Scriptable CLI ● Fabric Manager GUI ● Device Manager GUI"]
27052	33937	DS-X9248-96K9	certifications	eada11f75465471d	no		["● Safety compliance ◦ CE marking ◦ UL 60950 ◦ CAN","CSA-C22.2 No. 60950 ◦ EN 60950 ◦ IEC 60950 ◦ TS 001 ◦ AS","NZS 3260 ◦ IEC60825 ◦ EN60825 ◦ 21 CFR 1040"]
27056	33907	DS-X9248-96K9=	supported_protocols	eada11f75465471d	no		["● Fibre Channel standards ● FC-PH","Revision 4.3 (ANSI INCITS 230-1994) ● FC-PH","Amendment 1 (ANSI INCITS 230-1994","AM1-1996)","● FC-GS-6","Revision 9.21 ● FC-BB","Revision 4.7 (ANSI INCITS 342-2001) ● FC-BB-2","Revision 6.0 (ANSI INCITS 372-2003)"]
27058	33907	DS-X9248-96K9=	certifications	eada11f75465471d	no		["● Safety compliance ◦ CE marking ◦ UL 60950 ◦ CAN","CSA-C22.2 No. 60950 ◦ EN 60950 ◦ IEC 60950 ◦ TS 001 ◦ AS","NZS 3260 ◦ IEC60825 ◦ EN60825 ◦ 21 CFR 1040"]
27084	91051	XR-NC55-P-06.05	emc_immunity	07ac5acc909a3e58	no		["● EN55024 ● CISPR24 ● EN300386 ● KN 61000-4 series"]
27087	91060	XR-NC55-PK9-06.05	emc_immunity	07ac5acc909a3e58	no		["● EN55024 ● CISPR24 ● EN300386 ● KN 61000-4 series"]
31691	34106	DS-X9304-18K9=	supported_protocols	e8b6b46a85541966	yes	• Fibre Channel standards • FC-PH, Revision 4.3 (ANSI/INCITS 230-1994) • FC-PH, Amendment 1 (ANSI/INCITS 230-1994/AM1 1996) ; • Ethernet standards • IEEE 802.3z Gigabit Ethernet • IEEE 802.1Q VLAN • IPsec • RFC 2401 Security Architecture for IP	["Fibre Channel standards","FC-PH, Revision 4.3 (ANSI/INCITS 230-1994)","FC-PH, Amendment 1 (ANSI/INCITS 230-1994/AM1 1996)","Ethernet standards","IEEE 802.3z Gigabit Ethernet","IEEE 802.1Q VLAN","IPsec","RFC 2401 Security Architecture for IP"]
31692	34106	DS-X9304-18K9=	fabric_services	e8b6b46a85541966	yes	• Name server • Registered State Change Notification (RSCN) • Login services • Fabric Configuration Server (FCS) • iSCSI Network Boot (iNBP) • Private loop	["Name server","Registered State Change Notification (RSCN)","Login services","Fabric Configuration Server (FCS)","iSCSI Network Boot (iNBP)","Private loop"]
31693	34106	DS-X9304-18K9=	programming_interfaces	e8b6b46a85541966	yes	• Scriptable CLI • Fabric Manager GUI • Device Manager GUI	["Scriptable CLI","Fabric Manager GUI","Device Manager GUI"]
32053	64449	NCS2K-MF-DEG-5-CV=	certifications	33ab53989e6e62ff	yes	● UL/CSA 60950-1, Second Ed 2011 ● IEC 60950-1 (2005/12), 2 nd Edition and National Differences as per CB Bulletin 112A ● + Amendment 1: 2009	["UL/CSA 60950-1, Second Ed 2011","IEC 60950-1 (2005/12), 2 nd Edition and National Differences as per CB Bulletin 112A","+ Amendment 1: 2009"]
32058	64374	NCS2K-MF-M16LC-CV=	humidity_operating	33ab53989e6e62ff	yes	5 to 95%	{"max":95,"min":5}
32061	64374	NCS2K-MF-M16LC-CV=	certifications	33ab53989e6e62ff	yes	● UL/CSA 60950-1, Second Ed 2011 ● IEC 60950-1 (2005/12), 2 nd Edition and National Differences as per CB Bulletin 112A ● + Amendment 1: 2009	["UL/CSA 60950-1, Second Ed 2011","IEC 60950-1 (2005/12), 2 nd Edition and National Differences as per CB Bulletin 112A","+ Amendment 1: 2009"]
32070	64297	NCS2K-MF-UPG-4-CV=	humidity_operating	33ab53989e6e62ff	yes	5 to 95%	{"max":95,"min":5}
32071	64297	NCS2K-MF-UPG-4-CV=	regions_supported	33ab53989e6e62ff	yes	● European Union ● Africa ● CSI ● Australia ● New Zealand ● China ● Korea ● India ● Saudi Arabia ● South America	"● European Union ● Africa ● CSI ● Australia ● New Zealand ● China ● Korea ● India ● Saudi Arabia ● South America"
32073	64297	NCS2K-MF-UPG-4-CV=	certifications	33ab53989e6e62ff	yes	● UL/CSA 60950-1, Second Ed 2011 ● IEC 60950-1 (2005/12), 2 nd Edition and National Differences as per CB Bulletin 112A ● + Amendment 1: 2009	["UL/CSA 60950-1, Second Ed 2011","IEC 60950-1 (2005/12), 2 nd Edition and National Differences as per CB Bulletin 112A","+ Amendment 1: 2009"]
33597	90960	XR-NC55-PK9-06.06	emc_immunity	10f44aa4d91b0c5d	yes	● EN55024 ● CISPR24 ● EN300386 ● KN 61000-4 series	["EN55024","CISPR24","EN300386","KN 61000-4 series"]
34774	12432	ADN-ED-100G-RTU1	supported_protocols	2b56b0b7c4e8c61a	yes	NetFlow, IEEE 802.1ag, IEEE 802.3ah, ITU Y.1731, IP Service-Level Agreement (IP SLA), Virtual Circuit Connectivity Verification (VCCV), ping, and traceroute	["NetFlow","IEEE 802.1ag","IEEE 802.3ah","ITU Y.1731","IP Service-Level Agreement (IP SLA)","Virtual Circuit Connectivity Verification (VCCV)","ping","traceroute"]
34775	12432	ADN-ED-100G-RTU1	ieee_standards	2b56b0b7c4e8c61a	yes	● 10 Gbps IEEE 802.3ae compliant ● 40/100-Gbps IEEE 802.3ba compliant ● 100 Gigabit Ethernet PHY monitoring ● IEEE 802.x flow control ● Full-duplex operation ●  ; ● 40/100-Gbps IEEE 802.3ba compliant ● 100 Gigabit Ethernet PHY monitoring ● 400-Gbos IEEE 802.3bs compliant ● IEEE 802.x flow control ● Full-duplex operation ● ; ● 10-Gbps IEEE 802.3ae compliant ● 25-Gbps IEEE 802.3by and IEEE 802.3cc compliant ● IEEE 802.x flow control ● Full-duplex operation ● Per-port byte and packet 	["10 Gbps IEEE 802.3ae compliant","40/100-Gbps IEEE 802.3ba compliant","100 Gigabit Ethernet PHY monitoring","IEEE 802.x flow control","Full-duplex operation","400-Gbos IEEE 802.3bs compliant","10-Gbps IEEE 802.3ae compliant","25-Gbps IEEE 802.3by and IEEE 802.3cc compliant","Per-port byte and packet"]
34791	12433	ADN-ED-400G-RTU1	supported_protocols	2b56b0b7c4e8c61a	yes	NetFlow, IEEE 802.1ag, IEEE 802.3ah, ITU Y.1731, IP Service-Level Agreement (IP SLA), Virtual Circuit Connectivity Verification (VCCV), ping, and traceroute	["NetFlow","IEEE 802.1ag","IEEE 802.3ah","ITU Y.1731","IP Service-Level Agreement (IP SLA)","Virtual Circuit Connectivity Verification (VCCV)","ping","traceroute"]
34792	12433	ADN-ED-400G-RTU1	ieee_standards	2b56b0b7c4e8c61a	yes	● 10 Gbps IEEE 802.3ae compliant ● 40/100-Gbps IEEE 802.3ba compliant ● 100 Gigabit Ethernet PHY monitoring ● IEEE 802.x flow control ● Full-duplex operation ●  ; ● 40/100-Gbps IEEE 802.3ba compliant ● 100 Gigabit Ethernet PHY monitoring ● 400-Gbos IEEE 802.3bs compliant ● IEEE 802.x flow control ● Full-duplex operation ● ; ● 10-Gbps IEEE 802.3ae compliant ● 25-Gbps IEEE 802.3by and IEEE 802.3cc compliant ● IEEE 802.x flow control ● Full-duplex operation ● Per-port byte and packet 	["10 Gbps IEEE 802.3ae compliant","40/100-Gbps IEEE 802.3ba compliant","100 Gigabit Ethernet PHY monitoring","IEEE 802.x flow control","Full-duplex operation","400-Gbos IEEE 802.3bs compliant","10-Gbps IEEE 802.3ae compliant","25-Gbps IEEE 802.3by and IEEE 802.3cc compliant","Per-port byte and packet"]
34794	12433	ADN-ED-400G-RTU1	altitude_max	2b56b0b7c4e8c61a	yes	–60 to 1800 m	1800
34795	12433	ADN-ED-400G-RTU1	certifications	2b56b0b7c4e8c61a	yes	The Cisco ASR 9903 Router is designed to meet: ● FCC Class A ● ICES 003 Class A ● AS/NZS 3548 Class A ● CISPR 22 (EN55022) Class A ● VCCI Class A ● BSMI Class A	["The Cisco ASR 9903 Router is designed to meet:","FCC Class A","ICES 003 Class A","AS/NZS 3548 Class A","CISPR 22 (EN55022) Class A","VCCI Class A","BSMI Class A"]
34793	12433	ADN-ED-400G-RTU1	temp_storage	2b56b0b7c4e8c61a	yes	–40 to 158°F (–40 to 70°C)	{"max":70,"min":-40}
34809	12658	ADV-ED-100G-RTU1	supported_protocols	2b56b0b7c4e8c61a	yes	NetFlow, IEEE 802.1ag, IEEE 802.3ah, ITU Y.1731, IP Service-Level Agreement (IP SLA), Virtual Circuit Connectivity Verification (VCCV), ping, and traceroute	["NetFlow","IEEE 802.1ag","IEEE 802.3ah","ITU Y.1731","IP Service-Level Agreement (IP SLA)","Virtual Circuit Connectivity Verification (VCCV)","ping","traceroute"]
34810	12658	ADV-ED-100G-RTU1	ieee_standards	2b56b0b7c4e8c61a	yes	● 10 Gbps IEEE 802.3ae compliant ● 40/100-Gbps IEEE 802.3ba compliant ● 100 Gigabit Ethernet PHY monitoring ● IEEE 802.x flow control ● Full-duplex operation ●  ; ● 40/100-Gbps IEEE 802.3ba compliant ● 100 Gigabit Ethernet PHY monitoring ● 400-Gbos IEEE 802.3bs compliant ● IEEE 802.x flow control ● Full-duplex operation ● ; ● 10-Gbps IEEE 802.3ae compliant ● 25-Gbps IEEE 802.3by and IEEE 802.3cc compliant ● IEEE 802.x flow control ● Full-duplex operation ● Per-port byte and packet 	["10 Gbps IEEE 802.3ae compliant","40/100-Gbps IEEE 802.3ba compliant","100 Gigabit Ethernet PHY monitoring","IEEE 802.x flow control","Full-duplex operation","400-Gbos IEEE 802.3bs compliant","10-Gbps IEEE 802.3ae compliant","25-Gbps IEEE 802.3by and IEEE 802.3cc compliant","Per-port byte and packet"]
34811	12658	ADV-ED-100G-RTU1	altitude_max	2b56b0b7c4e8c61a	yes	–60 to 1800 m	1800
34826	12603	ADV-ED-400G-RTU1	supported_protocols	2b56b0b7c4e8c61a	yes	NetFlow, IEEE 802.1ag, IEEE 802.3ah, ITU Y.1731, IP Service-Level Agreement (IP SLA), Virtual Circuit Connectivity Verification (VCCV), ping, and traceroute	["NetFlow","IEEE 802.1ag","IEEE 802.3ah","ITU Y.1731","IP Service-Level Agreement (IP SLA)","Virtual Circuit Connectivity Verification (VCCV)","ping","traceroute"]
34827	12603	ADV-ED-400G-RTU1	ieee_standards	2b56b0b7c4e8c61a	yes	● 10 Gbps IEEE 802.3ae compliant ● 40/100-Gbps IEEE 802.3ba compliant ● 100 Gigabit Ethernet PHY monitoring ● IEEE 802.x flow control ● Full-duplex operation ●  ; ● 40/100-Gbps IEEE 802.3ba compliant ● 100 Gigabit Ethernet PHY monitoring ● 400-Gbos IEEE 802.3bs compliant ● IEEE 802.x flow control ● Full-duplex operation ● ; ● 10-Gbps IEEE 802.3ae compliant ● 25-Gbps IEEE 802.3by and IEEE 802.3cc compliant ● IEEE 802.x flow control ● Full-duplex operation ● Per-port byte and packet 	["10 Gbps IEEE 802.3ae compliant","40/100-Gbps IEEE 802.3ba compliant","100 Gigabit Ethernet PHY monitoring","IEEE 802.x flow control","Full-duplex operation","400-Gbos IEEE 802.3bs compliant","10-Gbps IEEE 802.3ae compliant","25-Gbps IEEE 802.3by and IEEE 802.3cc compliant","Per-port byte and packet"]
34828	12603	ADV-ED-400G-RTU1	temp_storage	2b56b0b7c4e8c61a	yes	–40 to 158°F (–40 to 70°C)	{"max":70,"min":-40}
34830	12603	ADV-ED-400G-RTU1	certifications	2b56b0b7c4e8c61a	yes	The Cisco ASR 9903 Router is designed to meet: ● FCC Class A ● ICES 003 Class A ● AS/NZS 3548 Class A ● CISPR 22 (EN55022) Class A ● VCCI Class A ● BSMI Class A	["The Cisco ASR 9903 Router is designed to meet:","FCC Class A","ICES 003 Class A","AS/NZS 3548 Class A","CISPR 22 (EN55022) Class A","VCCI Class A","BSMI Class A"]
34844	36349	ESS-ED-100G-RTU1	supported_protocols	2b56b0b7c4e8c61a	yes	NetFlow, IEEE 802.1ag, IEEE 802.3ah, ITU Y.1731, IP Service-Level Agreement (IP SLA), Virtual Circuit Connectivity Verification (VCCV), ping, and traceroute	["NetFlow","IEEE 802.1ag","IEEE 802.3ah","ITU Y.1731","IP Service-Level Agreement (IP SLA)","Virtual Circuit Connectivity Verification (VCCV)","ping","traceroute"]
34845	36349	ESS-ED-100G-RTU1	ieee_standards	2b56b0b7c4e8c61a	yes	● 10 Gbps IEEE 802.3ae compliant ● 40/100-Gbps IEEE 802.3ba compliant ● 100 Gigabit Ethernet PHY monitoring ● IEEE 802.x flow control ● Full-duplex operation ●  ; ● 40/100-Gbps IEEE 802.3ba compliant ● 100 Gigabit Ethernet PHY monitoring ● 400-Gbos IEEE 802.3bs compliant ● IEEE 802.x flow control ● Full-duplex operation ● ; ● 10-Gbps IEEE 802.3ae compliant ● 25-Gbps IEEE 802.3by and IEEE 802.3cc compliant ● IEEE 802.x flow control ● Full-duplex operation ● Per-port byte and packet 	["10 Gbps IEEE 802.3ae compliant","40/100-Gbps IEEE 802.3ba compliant","100 Gigabit Ethernet PHY monitoring","IEEE 802.x flow control","Full-duplex operation","400-Gbos IEEE 802.3bs compliant","10-Gbps IEEE 802.3ae compliant","25-Gbps IEEE 802.3by and IEEE 802.3cc compliant","Per-port byte and packet"]
34846	36349	ESS-ED-100G-RTU1	altitude_max	2b56b0b7c4e8c61a	yes	–60 to 1800 m	1800
34861	36610	ESS-ED-400G-RTU1	supported_protocols	2b56b0b7c4e8c61a	yes	NetFlow, IEEE 802.1ag, IEEE 802.3ah, ITU Y.1731, IP Service-Level Agreement (IP SLA), Virtual Circuit Connectivity Verification (VCCV), ping, and traceroute	["NetFlow","IEEE 802.1ag","IEEE 802.3ah","ITU Y.1731","IP Service-Level Agreement (IP SLA)","Virtual Circuit Connectivity Verification (VCCV)","ping","traceroute"]
34862	36610	ESS-ED-400G-RTU1	ieee_standards	2b56b0b7c4e8c61a	yes	● 10 Gbps IEEE 802.3ae compliant ● 40/100-Gbps IEEE 802.3ba compliant ● 100 Gigabit Ethernet PHY monitoring ● IEEE 802.x flow control ● Full-duplex operation ●  ; ● 40/100-Gbps IEEE 802.3ba compliant ● 100 Gigabit Ethernet PHY monitoring ● 400-Gbos IEEE 802.3bs compliant ● IEEE 802.x flow control ● Full-duplex operation ● ; ● 10-Gbps IEEE 802.3ae compliant ● 25-Gbps IEEE 802.3by and IEEE 802.3cc compliant ● IEEE 802.x flow control ● Full-duplex operation ● Per-port byte and packet 	["10 Gbps IEEE 802.3ae compliant","40/100-Gbps IEEE 802.3ba compliant","100 Gigabit Ethernet PHY monitoring","IEEE 802.x flow control","Full-duplex operation","400-Gbos IEEE 802.3bs compliant","10-Gbps IEEE 802.3ae compliant","25-Gbps IEEE 802.3by and IEEE 802.3cc compliant","Per-port byte and packet"]
34864	36610	ESS-ED-400G-RTU1	altitude_max	2b56b0b7c4e8c61a	yes	–60 to 1800 m	1800
34865	36610	ESS-ED-400G-RTU1	certifications	2b56b0b7c4e8c61a	yes	The Cisco ASR 9903 Router is designed to meet: ● FCC Class A ● ICES 003 Class A ● AS/NZS 3548 Class A ● CISPR 22 (EN55022) Class A ● VCCI Class A ● BSMI Class A	["The Cisco ASR 9903 Router is designed to meet:","FCC Class A","ICES 003 Class A","AS/NZS 3548 Class A","CISPR 22 (EN55022) Class A","VCCI Class A","BSMI Class A"]
34863	36610	ESS-ED-400G-RTU1	temp_storage	2b56b0b7c4e8c61a	yes	–40 to 158°F (–40 to 70°C)	{"max":70,"min":-40}
34890	72308	S-A9K-MACSEC-10	supported_protocols	2b56b0b7c4e8c61a	yes	NetFlow, IEEE 802.1ag, IEEE 802.3ah, ITU Y.1731, IP Service-Level Agreement (IP SLA), Virtual Circuit Connectivity Verification (VCCV), ping, and traceroute	["NetFlow","IEEE 802.1ag","IEEE 802.3ah","ITU Y.1731","IP Service-Level Agreement (IP SLA)","Virtual Circuit Connectivity Verification (VCCV)","ping","traceroute"]
34891	72308	S-A9K-MACSEC-10	ieee_standards	2b56b0b7c4e8c61a	yes	● 10 Gbps IEEE 802.3ae compliant ● 40/100-Gbps IEEE 802.3ba compliant ● 100 Gigabit Ethernet PHY monitoring ● IEEE 802.x flow control ● Full-duplex operation ●  ; ● 40/100-Gbps IEEE 802.3ba compliant ● 100 Gigabit Ethernet PHY monitoring ● 400-Gbos IEEE 802.3bs compliant ● IEEE 802.x flow control ● Full-duplex operation ● ; ● 10-Gbps IEEE 802.3ae compliant ● 25-Gbps IEEE 802.3by and IEEE 802.3cc compliant ● IEEE 802.x flow control ● Full-duplex operation ● Per-port byte and packet 	["10 Gbps IEEE 802.3ae compliant","40/100-Gbps IEEE 802.3ba compliant","100 Gigabit Ethernet PHY monitoring","IEEE 802.x flow control","Full-duplex operation","400-Gbos IEEE 802.3bs compliant","10-Gbps IEEE 802.3ae compliant","25-Gbps IEEE 802.3by and IEEE 802.3cc compliant","Per-port byte and packet"]
34893	72308	S-A9K-MACSEC-10	altitude_max	2b56b0b7c4e8c61a	yes	–60 to 1800 m	1800
34894	72308	S-A9K-MACSEC-10	certifications	2b56b0b7c4e8c61a	yes	The Cisco ASR 9903 Router is designed to meet: ● FCC Class A ● ICES 003 Class A ● AS/NZS 3548 Class A ● CISPR 22 (EN55022) Class A ● VCCI Class A ● BSMI Class A	["The Cisco ASR 9903 Router is designed to meet:","FCC Class A","ICES 003 Class A","AS/NZS 3548 Class A","CISPR 22 (EN55022) Class A","VCCI Class A","BSMI Class A"]
34913	72250	S-A9K-MACSEC-100	supported_protocols	2b56b0b7c4e8c61a	yes	NetFlow, IEEE 802.1ag, IEEE 802.3ah, ITU Y.1731, IP Service-Level Agreement (IP SLA), Virtual Circuit Connectivity Verification (VCCV), ping, and traceroute	["NetFlow","IEEE 802.1ag","IEEE 802.3ah","ITU Y.1731","IP Service-Level Agreement (IP SLA)","Virtual Circuit Connectivity Verification (VCCV)","ping","traceroute"]
34914	72250	S-A9K-MACSEC-100	ieee_standards	2b56b0b7c4e8c61a	yes	● 10 Gbps IEEE 802.3ae compliant ● 40/100-Gbps IEEE 802.3ba compliant ● 100 Gigabit Ethernet PHY monitoring ● IEEE 802.x flow control ● Full-duplex operation ●  ; ● 40/100-Gbps IEEE 802.3ba compliant ● 100 Gigabit Ethernet PHY monitoring ● 400-Gbos IEEE 802.3bs compliant ● IEEE 802.x flow control ● Full-duplex operation ● ; ● 10-Gbps IEEE 802.3ae compliant ● 25-Gbps IEEE 802.3by and IEEE 802.3cc compliant ● IEEE 802.x flow control ● Full-duplex operation ● Per-port byte and packet 	["10 Gbps IEEE 802.3ae compliant","40/100-Gbps IEEE 802.3ba compliant","100 Gigabit Ethernet PHY monitoring","IEEE 802.x flow control","Full-duplex operation","400-Gbos IEEE 802.3bs compliant","10-Gbps IEEE 802.3ae compliant","25-Gbps IEEE 802.3by and IEEE 802.3cc compliant","Per-port byte and packet"]
34916	72250	S-A9K-MACSEC-100	altitude_max	2b56b0b7c4e8c61a	yes	–60 to 1800 m	1800
34917	72250	S-A9K-MACSEC-100	certifications	2b56b0b7c4e8c61a	yes	The Cisco ASR 9903 Router is designed to meet: ● FCC Class A ● ICES 003 Class A ● AS/NZS 3548 Class A ● CISPR 22 (EN55022) Class A ● VCCI Class A ● BSMI Class A	["The Cisco ASR 9903 Router is designed to meet:","FCC Class A","ICES 003 Class A","AS/NZS 3548 Class A","CISPR 22 (EN55022) Class A","VCCI Class A","BSMI Class A"]
34915	72250	S-A9K-MACSEC-100	temp_storage	2b56b0b7c4e8c61a	yes	–40 to 158°F (–40 to 70°C)	{"max":70,"min":-40}
34940	72174	S-A9K-MACSEC-40	certifications	2b56b0b7c4e8c61a	yes	The Cisco ASR 9903 Router is designed to meet: ● FCC Class A ● ICES 003 Class A ● AS/NZS 3548 Class A ● CISPR 22 (EN55022) Class A ● VCCI Class A ● BSMI Class A	["The Cisco ASR 9903 Router is designed to meet:","FCC Class A","ICES 003 Class A","AS/NZS 3548 Class A","CISPR 22 (EN55022) Class A","VCCI Class A","BSMI Class A"]
34936	72174	S-A9K-MACSEC-40	supported_protocols	2b56b0b7c4e8c61a	yes	NetFlow, IEEE 802.1ag, IEEE 802.3ah, ITU Y.1731, IP Service-Level Agreement (IP SLA), Virtual Circuit Connectivity Verification (VCCV), ping, and traceroute	["NetFlow","IEEE 802.1ag","IEEE 802.3ah","ITU Y.1731","IP Service-Level Agreement (IP SLA)","Virtual Circuit Connectivity Verification (VCCV)","ping","traceroute"]
34937	72174	S-A9K-MACSEC-40	ieee_standards	2b56b0b7c4e8c61a	yes	● 10 Gbps IEEE 802.3ae compliant ● 40/100-Gbps IEEE 802.3ba compliant ● 100 Gigabit Ethernet PHY monitoring ● IEEE 802.x flow control ● Full-duplex operation ●  ; ● 40/100-Gbps IEEE 802.3ba compliant ● 100 Gigabit Ethernet PHY monitoring ● 400-Gbos IEEE 802.3bs compliant ● IEEE 802.x flow control ● Full-duplex operation ● ; ● 10-Gbps IEEE 802.3ae compliant ● 25-Gbps IEEE 802.3by and IEEE 802.3cc compliant ● IEEE 802.x flow control ● Full-duplex operation ● Per-port byte and packet 	["10 Gbps IEEE 802.3ae compliant","40/100-Gbps IEEE 802.3ba compliant","100 Gigabit Ethernet PHY monitoring","IEEE 802.x flow control","Full-duplex operation","400-Gbos IEEE 802.3bs compliant","10-Gbps IEEE 802.3ae compliant","25-Gbps IEEE 802.3by and IEEE 802.3cc compliant","Per-port byte and packet"]
34938	72174	S-A9K-MACSEC-40	temp_storage	2b56b0b7c4e8c61a	yes	–40 to 158°F (–40 to 70°C)	{"max":70,"min":-40}
35835	64374	NCS2K-MF-M16LC-CV=	regions_supported	33ab53989e6e62ff	yes	● European Union ● Africa ● CSI ● Australia ● New Zealand ● China ● Korea ● India ● Saudi Arabia ● South America	"● European Union ● Africa ● CSI ● Australia ● New Zealand ● China ● Korea ● India ● Saudi Arabia ● South America"
35817	64677	NCS2K-MF-6AD-CFS=	humidity_operating	33ab53989e6e62ff	yes	5 to 95%	{"max":95,"min":5}
35753	34106	DS-X9304-18K9=	supported_protocols	e8b6b46a85541966	yes	• Fibre Channel standards • FC-PH, Revision 4.3 (ANSI/INCITS 230-1994) • FC-PH, Amendment 1 (ANSI/INCITS 230-1994/AM1 1996) ; • Ethernet standards • IEEE 802.3z Gigabit Ethernet • IEEE 802.1Q VLAN • IPsec • RFC 2401 Security Architecture for IP	["Fibre Channel standards","FC-PH, Revision 4.3 (ANSI/INCITS 230-1994)","FC-PH, Amendment 1 (ANSI/INCITS 230-1994/AM1 1996)","Ethernet standards","IEEE 802.3z Gigabit Ethernet","IEEE 802.1Q VLAN","IPsec","RFC 2401 Security Architecture for IP"]
35754	34106	DS-X9304-18K9=	fabric_services	e8b6b46a85541966	yes	• Name server • Registered State Change Notification (RSCN) • Login services • Fabric Configuration Server (FCS) • iSCSI Network Boot (iNBP) • Private loop	["Name server","Registered State Change Notification (RSCN)","Login services","Fabric Configuration Server (FCS)","iSCSI Network Boot (iNBP)","Private loop"]
35755	34106	DS-X9304-18K9=	programming_interfaces	e8b6b46a85541966	yes	• Scriptable CLI • Fabric Manager GUI • Device Manager GUI	["Scriptable CLI","Fabric Manager GUI","Device Manager GUI"]
35818	64677	NCS2K-MF-6AD-CFS=	regions_supported	33ab53989e6e62ff	yes	● European Union ● Africa ● CSI ● Australia ● New Zealand ● China ● Korea ● India ● Saudi Arabia ● South America	"● European Union ● Africa ● CSI ● Australia ● New Zealand ● China ● Korea ● India ● Saudi Arabia ● South America"
35834	64374	NCS2K-MF-M16LC-CV=	humidity_operating	33ab53989e6e62ff	yes	5 to 95%	{"max":95,"min":5}
35819	64677	NCS2K-MF-6AD-CFS=	certifications	33ab53989e6e62ff	yes	● UL/CSA 60950-1, Second Ed 2011 ● IEC 60950-1 (2005/12), 2 nd Edition and National Differences as per CB Bulletin 112A ● + Amendment 1: 2009	["UL/CSA 60950-1, Second Ed 2011","IEC 60950-1 (2005/12), 2 nd Edition and National Differences as per CB Bulletin 112A","+ Amendment 1: 2009"]
35826	64397	NCS2K-MF-8X10G-FO=	humidity_operating	33ab53989e6e62ff	yes	5 to 95%	{"max":95,"min":5}
35829	64449	NCS2K-MF-DEG-5-CV=	humidity_operating	33ab53989e6e62ff	yes	5 to 95%	{"max":95,"min":5}
35830	64449	NCS2K-MF-DEG-5-CV=	regions_supported	33ab53989e6e62ff	yes	● European Union ● Africa ● CSI ● Australia ● New Zealand ● China ● Korea ● India ● Saudi Arabia ● South America	"● European Union ● Africa ● CSI ● Australia ● New Zealand ● China ● Korea ● India ● Saudi Arabia ● South America"
35831	64449	NCS2K-MF-DEG-5-CV=	certifications	33ab53989e6e62ff	yes	● UL/CSA 60950-1, Second Ed 2011 ● IEC 60950-1 (2005/12), 2 nd Edition and National Differences as per CB Bulletin 112A ● + Amendment 1: 2009	["UL/CSA 60950-1, Second Ed 2011","IEC 60950-1 (2005/12), 2 nd Edition and National Differences as per CB Bulletin 112A","+ Amendment 1: 2009"]
35836	64374	NCS2K-MF-M16LC-CV=	certifications	33ab53989e6e62ff	yes	● UL/CSA 60950-1, Second Ed 2011 ● IEC 60950-1 (2005/12), 2 nd Edition and National Differences as per CB Bulletin 112A ● + Amendment 1: 2009	["UL/CSA 60950-1, Second Ed 2011","IEC 60950-1 (2005/12), 2 nd Edition and National Differences as per CB Bulletin 112A","+ Amendment 1: 2009"]
35841	64297	NCS2K-MF-UPG-4-CV=	humidity_operating	33ab53989e6e62ff	yes	5 to 95%	{"max":95,"min":5}
35842	64297	NCS2K-MF-UPG-4-CV=	regions_supported	33ab53989e6e62ff	yes	● European Union ● Africa ● CSI ● Australia ● New Zealand ● China ● Korea ● India ● Saudi Arabia ● South America	"● European Union ● Africa ● CSI ● Australia ● New Zealand ● China ● Korea ● India ● Saudi Arabia ● South America"
35843	64297	NCS2K-MF-UPG-4-CV=	certifications	33ab53989e6e62ff	yes	● UL/CSA 60950-1, Second Ed 2011 ● IEC 60950-1 (2005/12), 2 nd Edition and National Differences as per CB Bulletin 112A ● + Amendment 1: 2009	["UL/CSA 60950-1, Second Ed 2011","IEC 60950-1 (2005/12), 2 nd Edition and National Differences as per CB Bulletin 112A","+ Amendment 1: 2009"]
36052	90941	XR-NC55-P-06.06	emc_immunity	10f44aa4d91b0c5d	yes	● EN55024 ● CISPR24 ● EN300386 ● KN 61000-4 series	["EN55024","CISPR24","EN300386","KN 61000-4 series"]
36053	90960	XR-NC55-PK9-06.06	emc_immunity	10f44aa4d91b0c5d	yes	● EN55024 ● CISPR24 ● EN300386 ● KN 61000-4 series	["EN55024","CISPR24","EN300386","KN 61000-4 series"]
36723	64754	NIM-1T	supported_protocols	786407366e3b300b	yes	EIA-232, EIA-449, EIA-530, EIA-530A, V.35, and X.21	["EIA-232","EIA-449","EIA-530","EIA-530A","V.35","X.21"]
36724	64754	NIM-1T	supported_protocols	41b9558980c56aa3	yes	EIA-232, EIA-449, EIA-530, EIA-530A, V.35, and X.21	["EIA-232","EIA-449","EIA-530","EIA-530A","V.35","X.21"]
36725	65175	NIM-2T	supported_protocols	786407366e3b300b	yes	EIA-232, EIA-449, EIA-530, EIA-530A, V.35, and X.21	["EIA-232","EIA-449","EIA-530","EIA-530A","V.35","X.21"]
36726	65175	NIM-2T	supported_protocols	41b9558980c56aa3	yes	EIA-232, EIA-449, EIA-530, EIA-530A, V.35, and X.21	["EIA-232","EIA-449","EIA-530","EIA-530A","V.35","X.21"]
36727	65070	NIM-4T	supported_protocols	786407366e3b300b	yes	EIA-232, EIA-449, EIA-530, EIA-530A, V.35, and X.21	["EIA-232","EIA-449","EIA-530","EIA-530A","V.35","X.21"]
36728	65070	NIM-4T	supported_protocols	41b9558980c56aa3	yes	EIA-232, EIA-449, EIA-530, EIA-530A, V.35, and X.21	["EIA-232","EIA-449","EIA-530","EIA-530A","V.35","X.21"]
38644	12432	ADN-ED-100G-RTU1	ieee_standards	e981c199c3b16224	yes	● 10-Gbps IEEE 802.3ae compliant ● 25-Gbps IEEE 802.3by and IEEE 802.3cc compliant ● 40/100-Gbps IEEE 802.3ba compliant ● 100 Gigabit Ethernet PHY monitoring ● 	["10-Gbps IEEE 802.3ae compliant","25-Gbps IEEE 802.3by and IEEE 802.3cc compliant","40/100-Gbps IEEE 802.3ba compliant","100 Gigabit Ethernet PHY monitoring"]
38671	12433	ADN-ED-400G-RTU1	certifications	e981c199c3b16224	yes	The Cisco ASR 9902 Router is designed to meet: ● FCC Class A ● ICES 003 Class A ● AS/NZS 3548 Class A ● CISPR 22 (EN55022) Class A ● VCCI Class A ● BSMI Class A	["The Cisco ASR 9902 Router is designed to meet:","FCC Class A","ICES 003 Class A","AS/NZS 3548 Class A","CISPR 22 (EN55022) Class A","VCCI Class A","BSMI Class A"]
38643	12432	ADN-ED-100G-RTU1	supported_protocols	e981c199c3b16224	yes	NetFlow, IEEE 802.1ag, IEEE 802.3ah, ITU Y.1731, IP Service-Level Agreement (IP SLA), Virtual Circuit Connectivity Verification (VCCV), ping, and traceroute	["NetFlow","IEEE 802.1ag","IEEE 802.3ah","ITU Y.1731","IP Service-Level Agreement (IP SLA)","Virtual Circuit Connectivity Verification (VCCV)","ping","traceroute"]
38809	72174	S-A9K-MACSEC-40	temp_storage	e981c199c3b16224	yes	–40 to 158°F (–40 to 70°C)	{"max":70,"min":-40}
38668	12433	ADN-ED-400G-RTU1	supported_protocols	e981c199c3b16224	yes	NetFlow, IEEE 802.1ag, IEEE 802.3ah, ITU Y.1731, IP Service-Level Agreement (IP SLA), Virtual Circuit Connectivity Verification (VCCV), ping, and traceroute	["NetFlow","IEEE 802.1ag","IEEE 802.3ah","ITU Y.1731","IP Service-Level Agreement (IP SLA)","Virtual Circuit Connectivity Verification (VCCV)","ping","traceroute"]
38669	12433	ADN-ED-400G-RTU1	ieee_standards	e981c199c3b16224	yes	● 10-Gbps IEEE 802.3ae compliant ● 25-Gbps IEEE 802.3by and IEEE 802.3cc compliant ● 40/100-Gbps IEEE 802.3ba compliant ● 100 Gigabit Ethernet PHY monitoring ● 	["10-Gbps IEEE 802.3ae compliant","25-Gbps IEEE 802.3by and IEEE 802.3cc compliant","40/100-Gbps IEEE 802.3ba compliant","100 Gigabit Ethernet PHY monitoring"]
38678	12658	ADV-ED-100G-RTU1	supported_protocols	e981c199c3b16224	yes	NetFlow, IEEE 802.1ag, IEEE 802.3ah, ITU Y.1731, IP Service-Level Agreement (IP SLA), Virtual Circuit Connectivity Verification (VCCV), ping, and traceroute	["NetFlow","IEEE 802.1ag","IEEE 802.3ah","ITU Y.1731","IP Service-Level Agreement (IP SLA)","Virtual Circuit Connectivity Verification (VCCV)","ping","traceroute"]
38679	12658	ADV-ED-100G-RTU1	ieee_standards	e981c199c3b16224	yes	● 10-Gbps IEEE 802.3ae compliant ● 25-Gbps IEEE 802.3by and IEEE 802.3cc compliant ● 40/100-Gbps IEEE 802.3ba compliant ● 100 Gigabit Ethernet PHY monitoring ● 	["10-Gbps IEEE 802.3ae compliant","25-Gbps IEEE 802.3by and IEEE 802.3cc compliant","40/100-Gbps IEEE 802.3ba compliant","100 Gigabit Ethernet PHY monitoring"]
38703	12603	ADV-ED-400G-RTU1	supported_protocols	e981c199c3b16224	yes	NetFlow, IEEE 802.1ag, IEEE 802.3ah, ITU Y.1731, IP Service-Level Agreement (IP SLA), Virtual Circuit Connectivity Verification (VCCV), ping, and traceroute	["NetFlow","IEEE 802.1ag","IEEE 802.3ah","ITU Y.1731","IP Service-Level Agreement (IP SLA)","Virtual Circuit Connectivity Verification (VCCV)","ping","traceroute"]
38704	12603	ADV-ED-400G-RTU1	ieee_standards	e981c199c3b16224	yes	● 10-Gbps IEEE 802.3ae compliant ● 25-Gbps IEEE 802.3by and IEEE 802.3cc compliant ● 40/100-Gbps IEEE 802.3ba compliant ● 100 Gigabit Ethernet PHY monitoring ● 	["10-Gbps IEEE 802.3ae compliant","25-Gbps IEEE 802.3by and IEEE 802.3cc compliant","40/100-Gbps IEEE 802.3ba compliant","100 Gigabit Ethernet PHY monitoring"]
38706	12603	ADV-ED-400G-RTU1	certifications	e981c199c3b16224	yes	The Cisco ASR 9902 Router is designed to meet: ● FCC Class A ● ICES 003 Class A ● AS/NZS 3548 Class A ● CISPR 22 (EN55022) Class A ● VCCI Class A ● BSMI Class A	["The Cisco ASR 9902 Router is designed to meet:","FCC Class A","ICES 003 Class A","AS/NZS 3548 Class A","CISPR 22 (EN55022) Class A","VCCI Class A","BSMI Class A"]
38734	36349	ESS-ED-100G-RTU1	supported_protocols	e981c199c3b16224	yes	NetFlow, IEEE 802.1ag, IEEE 802.3ah, ITU Y.1731, IP Service-Level Agreement (IP SLA), Virtual Circuit Connectivity Verification (VCCV), ping, and traceroute	["NetFlow","IEEE 802.1ag","IEEE 802.3ah","ITU Y.1731","IP Service-Level Agreement (IP SLA)","Virtual Circuit Connectivity Verification (VCCV)","ping","traceroute"]
38735	36349	ESS-ED-100G-RTU1	ieee_standards	e981c199c3b16224	yes	● 10-Gbps IEEE 802.3ae compliant ● 25-Gbps IEEE 802.3by and IEEE 802.3cc compliant ● 40/100-Gbps IEEE 802.3ba compliant ● 100 Gigabit Ethernet PHY monitoring ● 	["10-Gbps IEEE 802.3ae compliant","25-Gbps IEEE 802.3by and IEEE 802.3cc compliant","40/100-Gbps IEEE 802.3ba compliant","100 Gigabit Ethernet PHY monitoring"]
38759	36610	ESS-ED-400G-RTU1	supported_protocols	e981c199c3b16224	yes	NetFlow, IEEE 802.1ag, IEEE 802.3ah, ITU Y.1731, IP Service-Level Agreement (IP SLA), Virtual Circuit Connectivity Verification (VCCV), ping, and traceroute	["NetFlow","IEEE 802.1ag","IEEE 802.3ah","ITU Y.1731","IP Service-Level Agreement (IP SLA)","Virtual Circuit Connectivity Verification (VCCV)","ping","traceroute"]
38760	36610	ESS-ED-400G-RTU1	ieee_standards	e981c199c3b16224	yes	● 10-Gbps IEEE 802.3ae compliant ● 25-Gbps IEEE 802.3by and IEEE 802.3cc compliant ● 40/100-Gbps IEEE 802.3ba compliant ● 100 Gigabit Ethernet PHY monitoring ● 	["10-Gbps IEEE 802.3ae compliant","25-Gbps IEEE 802.3by and IEEE 802.3cc compliant","40/100-Gbps IEEE 802.3ba compliant","100 Gigabit Ethernet PHY monitoring"]
38762	36610	ESS-ED-400G-RTU1	certifications	e981c199c3b16224	yes	The Cisco ASR 9902 Router is designed to meet: ● FCC Class A ● ICES 003 Class A ● AS/NZS 3548 Class A ● CISPR 22 (EN55022) Class A ● VCCI Class A ● BSMI Class A	["The Cisco ASR 9902 Router is designed to meet:","FCC Class A","ICES 003 Class A","AS/NZS 3548 Class A","CISPR 22 (EN55022) Class A","VCCI Class A","BSMI Class A"]
38784	72308	S-A9K-MACSEC-10	ieee_standards	e981c199c3b16224	yes	● 10-Gbps IEEE 802.3ae compliant ● 25-Gbps IEEE 802.3by and IEEE 802.3cc compliant ● 40/100-Gbps IEEE 802.3ba compliant ● 100 Gigabit Ethernet PHY monitoring ● 	["10-Gbps IEEE 802.3ae compliant","25-Gbps IEEE 802.3by and IEEE 802.3cc compliant","40/100-Gbps IEEE 802.3ba compliant","100 Gigabit Ethernet PHY monitoring"]
38783	72308	S-A9K-MACSEC-10	supported_protocols	e981c199c3b16224	yes	NetFlow, IEEE 802.1ag, IEEE 802.3ah, ITU Y.1731, IP Service-Level Agreement (IP SLA), Virtual Circuit Connectivity Verification (VCCV), ping, and traceroute	["NetFlow","IEEE 802.1ag","IEEE 802.3ah","ITU Y.1731","IP Service-Level Agreement (IP SLA)","Virtual Circuit Connectivity Verification (VCCV)","ping","traceroute"]
38786	72308	S-A9K-MACSEC-10	certifications	e981c199c3b16224	yes	The Cisco ASR 9902 Router is designed to meet: ● FCC Class A ● ICES 003 Class A ● AS/NZS 3548 Class A ● CISPR 22 (EN55022) Class A ● VCCI Class A ● BSMI Class A	["The Cisco ASR 9902 Router is designed to meet:","FCC Class A","ICES 003 Class A","AS/NZS 3548 Class A","CISPR 22 (EN55022) Class A","VCCI Class A","BSMI Class A"]
38795	72250	S-A9K-MACSEC-100	supported_protocols	e981c199c3b16224	yes	NetFlow, IEEE 802.1ag, IEEE 802.3ah, ITU Y.1731, IP Service-Level Agreement (IP SLA), Virtual Circuit Connectivity Verification (VCCV), ping, and traceroute	["NetFlow","IEEE 802.1ag","IEEE 802.3ah","ITU Y.1731","IP Service-Level Agreement (IP SLA)","Virtual Circuit Connectivity Verification (VCCV)","ping","traceroute"]
38796	72250	S-A9K-MACSEC-100	ieee_standards	e981c199c3b16224	yes	● 10-Gbps IEEE 802.3ae compliant ● 25-Gbps IEEE 802.3by and IEEE 802.3cc compliant ● 40/100-Gbps IEEE 802.3ba compliant ● 100 Gigabit Ethernet PHY monitoring ● 	["10-Gbps IEEE 802.3ae compliant","25-Gbps IEEE 802.3by and IEEE 802.3cc compliant","40/100-Gbps IEEE 802.3ba compliant","100 Gigabit Ethernet PHY monitoring"]
38798	72250	S-A9K-MACSEC-100	certifications	e981c199c3b16224	yes	The Cisco ASR 9902 Router is designed to meet: ● FCC Class A ● ICES 003 Class A ● AS/NZS 3548 Class A ● CISPR 22 (EN55022) Class A ● VCCI Class A ● BSMI Class A	["The Cisco ASR 9902 Router is designed to meet:","FCC Class A","ICES 003 Class A","AS/NZS 3548 Class A","CISPR 22 (EN55022) Class A","VCCI Class A","BSMI Class A"]
38807	72174	S-A9K-MACSEC-40	supported_protocols	e981c199c3b16224	yes	NetFlow, IEEE 802.1ag, IEEE 802.3ah, ITU Y.1731, IP Service-Level Agreement (IP SLA), Virtual Circuit Connectivity Verification (VCCV), ping, and traceroute	["NetFlow","IEEE 802.1ag","IEEE 802.3ah","ITU Y.1731","IP Service-Level Agreement (IP SLA)","Virtual Circuit Connectivity Verification (VCCV)","ping","traceroute"]
38808	72174	S-A9K-MACSEC-40	ieee_standards	e981c199c3b16224	yes	● 10-Gbps IEEE 802.3ae compliant ● 25-Gbps IEEE 802.3by and IEEE 802.3cc compliant ● 40/100-Gbps IEEE 802.3ba compliant ● 100 Gigabit Ethernet PHY monitoring ● 	["10-Gbps IEEE 802.3ae compliant","25-Gbps IEEE 802.3by and IEEE 802.3cc compliant","40/100-Gbps IEEE 802.3ba compliant","100 Gigabit Ethernet PHY monitoring"]
38810	72174	S-A9K-MACSEC-40	certifications	e981c199c3b16224	yes	The Cisco ASR 9902 Router is designed to meet: ● FCC Class A ● ICES 003 Class A ● AS/NZS 3548 Class A ● CISPR 22 (EN55022) Class A ● VCCI Class A ● BSMI Class A	["The Cisco ASR 9902 Router is designed to meet:","FCC Class A","ICES 003 Class A","AS/NZS 3548 Class A","CISPR 22 (EN55022) Class A","VCCI Class A","BSMI Class A"]
39937	64284	NCS2K-16-WXC-FS=	regions_supported	58d47b3ecf7cf5d8	yes	● European Union ● Africa ● CSI ● Australia ● New Zealand ● China ● Korea ● India ● Saudi Arabia ● South America	"● European Union ● Africa ● CSI ● Australia ● New Zealand ● China ● Korea ● India ● Saudi Arabia ● South America"
39238	4001	DS-C9718	supported_protocols	f64dc0153dee65e5	yes	● Fibre Channel standards ● FC-PH, Revision 4.3 (ANSI INCITS 230-1994) ● FC-PH, Amendment 1 (ANSI INCITS 230-1994/AM1-1996)	["Fibre Channel standards","FC-PH, Revision 4.3 (ANSI INCITS 230-1994)","FC-PH, Amendment 1 (ANSI INCITS 230-1994/AM1-1996)"]
39240	4001	DS-C9718	diagnostics	f64dc0153dee65e5	yes	● POST diagnostics ● Online diagnostics ● Internal port loopbacks ● SPAN and RSPAN ● Fibre Channel traceroute ● Fibre Channel ping ● Fibre Channel debug	["POST diagnostics","Online diagnostics","Internal port loopbacks","SPAN and RSPAN","Fibre Channel traceroute","Fibre Channel ping","Fibre Channel debug"]
39241	4001	DS-C9718	certifications	f64dc0153dee65e5	yes	● Safety compliance ◦ CE Marking ◦ UL 60950 ◦ CAN/CSA-C22.2 No. 60950 ◦ EN 60950 ◦ IEC 60950 ◦ AS/NZS 3260 ◦ IEC60825 ◦ EN60825 ◦ 21 CFR 1040	["Safety compliance","CE Marking","UL 60950","CAN/CSA-C22.2 No. 60950","EN 60950","IEC 60950","AS/NZS 3260","IEC60825","EN60825","21 CFR 1040"]
41369	63526	NC57-MPA-2D4H-S	temp_operating	23c966d84c51cbdd	yes	NCS-57C3-MOD variants	{"max":-57,"min":-57}
41370	63526	NC57-MPA-2D4H-S	temp_operating	23c966d84c51cbdd	yes	0 – 45°C	{"max":45,"min":0}
39278	34065	DS-C9718=	supported_protocols	f64dc0153dee65e5	yes	● Fibre Channel standards ● FC-PH, Revision 4.3 (ANSI INCITS 230-1994) ● FC-PH, Amendment 1 (ANSI INCITS 230-1994/AM1-1996)	["Fibre Channel standards","FC-PH, Revision 4.3 (ANSI INCITS 230-1994)","FC-PH, Amendment 1 (ANSI INCITS 230-1994/AM1-1996)"]
39280	34065	DS-C9718=	diagnostics	f64dc0153dee65e5	yes	● POST diagnostics ● Online diagnostics ● Internal port loopbacks ● SPAN and RSPAN ● Fibre Channel traceroute ● Fibre Channel ping ● Fibre Channel debug	["POST diagnostics","Online diagnostics","Internal port loopbacks","SPAN and RSPAN","Fibre Channel traceroute","Fibre Channel ping","Fibre Channel debug"]
39281	34065	DS-C9718=	certifications	f64dc0153dee65e5	yes	● Safety compliance ◦ CE Marking ◦ UL 60950 ◦ CAN/CSA-C22.2 No. 60950 ◦ EN 60950 ◦ IEC 60950 ◦ AS/NZS 3260 ◦ IEC60825 ◦ EN60825 ◦ 21 CFR 1040	["Safety compliance","CE Marking","UL 60950","CAN/CSA-C22.2 No. 60950","EN 60950","IEC 60950","AS/NZS 3260","IEC60825","EN60825","21 CFR 1040"]
39294	33691	DS-X97-SF4-K9	supported_protocols	3c752f963012ecbe	yes	● Fibre Channel standards ● FC-PH, Revision 4.3 (ANSI INCITS 230-1994) ● FC-PH, Amendment 1 (ANSI INCITS 230-1994/AM1-1996) ● FC-PH, Amendment 2 (ANSI INCITS 23	["Fibre Channel standards","FC-PH, Revision 4.3 (ANSI INCITS 230-1994)","FC-PH, Amendment 1 (ANSI INCITS 230-1994/AM1-1996)","FC-PH, Amendment 2 (ANSI INCITS 23"]
39295	33691	DS-X97-SF4-K9	diagnostics	3c752f963012ecbe	yes	● POST diagnostics ● Online diagnostics ● Internal port loopbacks ● SPAN and RSPAN ● Fibre Channel traceroute ● Fibre Channel ping ● Fibre Channel debug ● Syslo	["POST diagnostics","Online diagnostics","Internal port loopbacks","SPAN and RSPAN","Fibre Channel traceroute","Fibre Channel ping","Fibre Channel debug","Syslo"]
39296	33691	DS-X97-SF4-K9	certifications	3c752f963012ecbe	yes	● Safety compliance ◦ CE Marking ◦ UL 60950 ◦ CAN/CSA-C22.2 No. 60950 ◦ EN 60950 ◦ IEC 60950 ◦ TS 001 ◦ AS/NZS 3260 ◦ IEC60825 ◦ EN60825 ◦ 21 CFR 1040 ● EMC com	["Safety compliance","CE Marking","UL 60950","CAN/CSA-C22.2 No. 60950","EN 60950","IEC 60950","TS 001","AS/NZS 3260","IEC60825","EN60825","21 CFR 1040","EMC com"]
41371	63526	NC57-MPA-2D4H-S	temp_operating	23c966d84c51cbdd	yes	0 – 40°C	{"max":40,"min":0}
39552	90941	XR-NC55-P-06.06	emc_immunity	92b1ee16755274c1	yes	● EN55024 ● CISPR24 ● EN300386 ● KN 61000-4 series	["EN55024","CISPR24","EN300386","KN 61000-4 series"]
39555	90941	XR-NC55-P-06.06	emc_immunity	07ac5acc909a3e58	yes	● EN55024 ● CISPR24 ● EN300386 ● KN 61000-4 series	["EN55024","CISPR24","EN300386","KN 61000-4 series"]
39576	91075	XR-NC55-P-07.02	temp_operating	163e8998487b6873	yes	Industrial Temperature –40C to +70C (1000 feet), +65C (6000 feet), +55C (13,000 feet)	{"max":70,"min":-40}
39578	91075	XR-NC55-P-07.02	temp_operating	163e8998487b6873	yes	0 to +55C (6,000 feet), +45C (13,000 feet)	{"max":55,"min":0}
39588	90960	XR-NC55-PK9-06.06	emc_immunity	92b1ee16755274c1	yes	● EN55024 ● CISPR24 ● EN300386 ● KN 61000-4 series	["EN55024","CISPR24","EN300386","KN 61000-4 series"]
39591	90960	XR-NC55-PK9-06.06	emc_immunity	07ac5acc909a3e58	yes	● EN55024 ● CISPR24 ● EN300386 ● KN 61000-4 series	["EN55024","CISPR24","EN300386","KN 61000-4 series"]
39612	91038	XR-NC55-PK9-07.02	temp_operating	163e8998487b6873	yes	Industrial Temperature –40C to +70C (1000 feet), +65C (6000 feet), +55C (13,000 feet)	{"max":70,"min":-40}
39614	91038	XR-NC55-PK9-07.02	temp_operating	163e8998487b6873	yes	0 to +55C (6,000 feet), +45C (13,000 feet)	{"max":55,"min":0}
39939	64284	NCS2K-16-WXC-FS=	certifications	58d47b3ecf7cf5d8	yes	● UL/CSA 60950-1,Second Ed 2011 ● IEC 60950-1(2005/12), 2nd Edition and National Differences as per CB Bulletin 112A ● + Amendment 1: 2009	["UL/CSA 60950-1,Second Ed 2011","IEC 60950-1(2005/12), 2nd Edition and National Differences as per CB Bulletin 112A","+ Amendment 1: 2009"]
40456	7185	15454-M-RAMAN-COP	emc_emissions	58d47b3ecf7cf5d8	yes	● EN 300 386 Telecommunications Network Equipment (EMC): 2008 (Note: EMC-1) ● CISPR22 Ed.6 (2008) and CISPR24: Ed.2 (2010) ● EN55024 Ed.2 2010: Immunity levels:	["EN 300 386 Telecommunications Network Equipment (EMC): 2008 (Note: EMC-1)","CISPR22 Ed.6 (2008) and CISPR24: Ed.2 (2010)","EN55024 Ed.2 2010: Immunity levels:"]
40457	7185	15454-M-RAMAN-COP	certifications	58d47b3ecf7cf5d8	yes	● UL/CSA 60950-1,Second Ed 2011 ● IEC 60950-1(2005/12), 2nd Edition and National Differences as per CB Bulletin 112A ● + Amendment 1: 2009	["UL/CSA 60950-1,Second Ed 2011","IEC 60950-1(2005/12), 2nd Edition and National Differences as per CB Bulletin 112A","+ Amendment 1: 2009"]
40458	6987	15454-M-RAMAN-CTP	emc_emissions	58d47b3ecf7cf5d8	yes	● EN 300 386 Telecommunications Network Equipment (EMC): 2008 (Note: EMC-1) ● CISPR22 Ed.6 (2008) and CISPR24: Ed.2 (2010) ● EN55024 Ed.2 2010: Immunity levels:	["EN 300 386 Telecommunications Network Equipment (EMC): 2008 (Note: EMC-1)","CISPR22 Ed.6 (2008) and CISPR24: Ed.2 (2010)","EN55024 Ed.2 2010: Immunity levels:"]
40459	6987	15454-M-RAMAN-CTP	certifications	58d47b3ecf7cf5d8	yes	● UL/CSA 60950-1,Second Ed 2011 ● IEC 60950-1(2005/12), 2nd Edition and National Differences as per CB Bulletin 112A ● + Amendment 1: 2009	["UL/CSA 60950-1,Second Ed 2011","IEC 60950-1(2005/12), 2nd Edition and National Differences as per CB Bulletin 112A","+ Amendment 1: 2009"]
40460	63901	NCS2K-EDRA1-26	emc_emissions	58d47b3ecf7cf5d8	yes	● EN 300 386 Telecommunications Network Equipment (EMC): 2008 (Note: EMC-1) ● CISPR22 Ed.6 (2008) and CISPR24: Ed.2 (2010) ● EN55024 Ed.2 2010: Immunity levels:	["EN 300 386 Telecommunications Network Equipment (EMC): 2008 (Note: EMC-1)","CISPR22 Ed.6 (2008) and CISPR24: Ed.2 (2010)","EN55024 Ed.2 2010: Immunity levels:"]
40461	63901	NCS2K-EDRA1-26	certifications	58d47b3ecf7cf5d8	yes	● UL/CSA 60950-1,Second Ed 2011 ● IEC 60950-1(2005/12), 2nd Edition and National Differences as per CB Bulletin 112A ● + Amendment 1: 2009	["UL/CSA 60950-1,Second Ed 2011","IEC 60950-1(2005/12), 2nd Edition and National Differences as per CB Bulletin 112A","+ Amendment 1: 2009"]
40462	64106	NCS2K-EDRA1-35	emc_emissions	58d47b3ecf7cf5d8	yes	● EN 300 386 Telecommunications Network Equipment (EMC): 2008 (Note: EMC-1) ● CISPR22 Ed.6 (2008) and CISPR24: Ed.2 (2010) ● EN55024 Ed.2 2010: Immunity levels:	["EN 300 386 Telecommunications Network Equipment (EMC): 2008 (Note: EMC-1)","CISPR22 Ed.6 (2008) and CISPR24: Ed.2 (2010)","EN55024 Ed.2 2010: Immunity levels:"]
40463	64106	NCS2K-EDRA1-35	certifications	58d47b3ecf7cf5d8	yes	● UL/CSA 60950-1,Second Ed 2011 ● IEC 60950-1(2005/12), 2nd Edition and National Differences as per CB Bulletin 112A ● + Amendment 1: 2009	["UL/CSA 60950-1,Second Ed 2011","IEC 60950-1(2005/12), 2nd Edition and National Differences as per CB Bulletin 112A","+ Amendment 1: 2009"]
40464	64200	NCS2K-EDRA2-26	emc_emissions	58d47b3ecf7cf5d8	yes	● EN 300 386 Telecommunications Network Equipment (EMC): 2008 (Note: EMC-1) ● CISPR22 Ed.6 (2008) and CISPR24: Ed.2 (2010) ● EN55024 Ed.2 2010: Immunity levels:	["EN 300 386 Telecommunications Network Equipment (EMC): 2008 (Note: EMC-1)","CISPR22 Ed.6 (2008) and CISPR24: Ed.2 (2010)","EN55024 Ed.2 2010: Immunity levels:"]
40465	64200	NCS2K-EDRA2-26	certifications	58d47b3ecf7cf5d8	yes	● UL/CSA 60950-1,Second Ed 2011 ● IEC 60950-1(2005/12), 2nd Edition and National Differences as per CB Bulletin 112A ● + Amendment 1: 2009	["UL/CSA 60950-1,Second Ed 2011","IEC 60950-1(2005/12), 2nd Edition and National Differences as per CB Bulletin 112A","+ Amendment 1: 2009"]
40466	64035	NCS2K-EDRA2-35	emc_emissions	58d47b3ecf7cf5d8	yes	● EN 300 386 Telecommunications Network Equipment (EMC): 2008 (Note: EMC-1) ● CISPR22 Ed.6 (2008) and CISPR24: Ed.2 (2010) ● EN55024 Ed.2 2010: Immunity levels:	["EN 300 386 Telecommunications Network Equipment (EMC): 2008 (Note: EMC-1)","CISPR22 Ed.6 (2008) and CISPR24: Ed.2 (2010)","EN55024 Ed.2 2010: Immunity levels:"]
40467	64035	NCS2K-EDRA2-35	certifications	58d47b3ecf7cf5d8	yes	● UL/CSA 60950-1,Second Ed 2011 ● IEC 60950-1(2005/12), 2nd Edition and National Differences as per CB Bulletin 112A ● + Amendment 1: 2009	["UL/CSA 60950-1,Second Ed 2011","IEC 60950-1(2005/12), 2nd Edition and National Differences as per CB Bulletin 112A","+ Amendment 1: 2009"]
40879	39159	GRWIC-1CE1T1-PRI=	temp_operating	3427f0cd196e4481	yes	-40 ºF to 140ºF (-40 to +60ºC) continuous operating temperature range -40 ºF to 185ºF (-40 to +85ºC) type test for 100 hours at 85ºC	{"max":60,"min":-40}
40880	39159	GRWIC-1CE1T1-PRI=	altitude_max	3427f0cd196e4481	yes	10,000 ft (3,048 m) Max operating temp is de-rated with increasing altitude per IEEE1613a-2008	3048
40885	38887	GRWIC-2CE1T1-PRI=	temp_operating	3427f0cd196e4481	yes	-40 ºF to 140ºF (-40 to +60ºC) continuous operating temperature range -40 ºF to 185ºF (-40 to +85ºC) type test for 100 hours at 85ºC	{"max":60,"min":-40}
40886	38887	GRWIC-2CE1T1-PRI=	altitude_max	3427f0cd196e4481	yes	10,000 ft (3,048 m) Max operating temp is de-rated with increasing altitude per IEEE1613a-2008	3048
41340	63654	NC57-MPA-12L-S	temp_operating	23c966d84c51cbdd	yes	0 to 40°C Please also see host platform documentation for more details on extended temperature range	{"max":40,"min":0}
41341	63654	NC57-MPA-12L-S	temp_operating	23c966d84c51cbdd	yes	NCS-57C3-MOD variants	{"max":-57,"min":-57}
41342	63654	NC57-MPA-12L-S	temp_operating	23c966d84c51cbdd	yes	0 – 45°C	{"max":45,"min":0}
41343	63654	NC57-MPA-12L-S	temp_operating	23c966d84c51cbdd	yes	0 – 40°C	{"max":40,"min":0}
41344	63654	NC57-MPA-12L-S	certifications	23c966d84c51cbdd	yes	Designed to meet: ● GR-63-CORE ● GR-1089-CORE ; FCC 47CFR15 AS/NZS CISPR 32 EN55032/EN55022 CISPR 32/CISPR 22 ICES-003 VCCI KN32 CNS-13438 ; EN61000-3-2 Power Line Harmonics EN61000-3-3 Voltage Changes, Fluctuations, and Flicker ; The product is RoHS-6 compliant with exceptions for leaded-ball grid-array (BGA) balls and lead press-fit connectors	["Designed to meet:","GR-63-CORE","GR-1089-CORE","FCC 47CFR15 AS/NZS CISPR 32 EN55032/EN55022 CISPR 32/CISPR 22 ICES-003 VCCI KN32 CNS-13438","EN61000-3-2 Power Line Harmonics EN61000-3-3 Voltage Changes","Fluctuations","Flicker","The product is RoHS-6 compliant with exceptions for leaded-ball grid-array (BGA) balls","lead press-fit connectors"]
41345	63654	NC57-MPA-12L-S	emc_immunity	23c966d84c51cbdd	yes	IEC/EN61000-4-2 IEC/EN61000-4-3 IEC/EN61000-4-4 IEC/EN61000-4-5 IEC/EN61000-4-6 IEC/EN61000-4-8 IEC/EN61000-4-11 ; EN 300 386 (C-4) EN55022 EN55024/CISPR 24 I EN55035/CISPR 35 EN61000-6-1 KN35	["IEC/EN61000-4-2 IEC/EN61000-4-3 IEC/EN61000-4-4 IEC/EN61000-4-5 IEC/EN61000-4-6 IEC/EN61000-4-8 IEC/EN61000-4-11","EN 300 386 (C-4) EN55022 EN55024/CISPR 24 I EN55035/CISPR 35 EN61000-6-1 KN35"]
41368	63526	NC57-MPA-2D4H-S	temp_operating	23c966d84c51cbdd	yes	0 to 40°C Please also see host platform documentation for more details on extended temperature range	{"max":40,"min":0}
41362	63558	NC57-MPA-1FH1D-S	certifications	23c966d84c51cbdd	yes	Designed to meet: ● GR-63-CORE ● GR-1089-CORE ; FCC 47CFR15 AS/NZS CISPR 32 EN55032/EN55022 CISPR 32/CISPR 22 ICES-003 VCCI KN32 CNS-13438 ; EN61000-3-2 Power Line Harmonics EN61000-3-3 Voltage Changes, Fluctuations, and Flicker ; The product is RoHS-6 compliant with exceptions for leaded-ball grid-array (BGA) balls and lead press-fit connectors	["Designed to meet:","GR-63-CORE","GR-1089-CORE","FCC 47CFR15 AS/NZS CISPR 32 EN55032/EN55022 CISPR 32/CISPR 22 ICES-003 VCCI KN32 CNS-13438","EN61000-3-2 Power Line Harmonics EN61000-3-3 Voltage Changes","Fluctuations","Flicker","The product is RoHS-6 compliant with exceptions for leaded-ball grid-array (BGA) balls","lead press-fit connectors"]
41363	63558	NC57-MPA-1FH1D-S	emc_immunity	23c966d84c51cbdd	yes	IEC/EN61000-4-2 IEC/EN61000-4-3 IEC/EN61000-4-4 IEC/EN61000-4-5 IEC/EN61000-4-6 IEC/EN61000-4-8 IEC/EN61000-4-11 ; EN 300 386 (C-4) EN55022 EN55024/CISPR 24 I EN55035/CISPR 35 EN61000-6-1 KN35	["IEC/EN61000-4-2 IEC/EN61000-4-3 IEC/EN61000-4-4 IEC/EN61000-4-5 IEC/EN61000-4-6 IEC/EN61000-4-8 IEC/EN61000-4-11","EN 300 386 (C-4) EN55022 EN55024/CISPR 24 I EN55035/CISPR 35 EN61000-6-1 KN35"]
41372	63526	NC57-MPA-2D4H-S	certifications	23c966d84c51cbdd	yes	Designed to meet: ● GR-63-CORE ● GR-1089-CORE ; FCC 47CFR15 AS/NZS CISPR 32 EN55032/EN55022 CISPR 32/CISPR 22 ICES-003 VCCI KN32 CNS-13438 ; EN61000-3-2 Power Line Harmonics EN61000-3-3 Voltage Changes, Fluctuations, and Flicker ; The product is RoHS-6 compliant with exceptions for leaded-ball grid-array (BGA) balls and lead press-fit connectors	["Designed to meet:","GR-63-CORE","GR-1089-CORE","FCC 47CFR15 AS/NZS CISPR 32 EN55032/EN55022 CISPR 32/CISPR 22 ICES-003 VCCI KN32 CNS-13438","EN61000-3-2 Power Line Harmonics EN61000-3-3 Voltage Changes","Fluctuations","Flicker","The product is RoHS-6 compliant with exceptions for leaded-ball grid-array (BGA) balls","lead press-fit connectors"]
41373	63526	NC57-MPA-2D4H-S	emc_immunity	23c966d84c51cbdd	yes	IEC/EN61000-4-2 IEC/EN61000-4-3 IEC/EN61000-4-4 IEC/EN61000-4-5 IEC/EN61000-4-6 IEC/EN61000-4-8 IEC/EN61000-4-11 ; EN 300 386 (C-4) EN55022 EN55024/CISPR 24 I EN55035/CISPR 35 EN61000-6-1 KN35	["IEC/EN61000-4-2 IEC/EN61000-4-3 IEC/EN61000-4-4 IEC/EN61000-4-5 IEC/EN61000-4-6 IEC/EN61000-4-8 IEC/EN61000-4-11","EN 300 386 (C-4) EN55022 EN55024/CISPR 24 I EN55035/CISPR 35 EN61000-6-1 KN35"]
41437	62961	NC55-MPA-12T-S	qos_features	5d1fd360bd83375c	yes	● Quality of Service (QoS) ● Ingress classification based on class of service (L2), IP differentiated service code point (L3), IP ACL (L3/L4), IP precedence (ty	["Quality of Service (QoS)","Ingress classification based on class of service (L2), IP differentiated service code point (L3), IP ACL (L3/L4), IP precedence (ty"]
41438	62961	NC55-MPA-12T-S	certifications	5d1fd360bd83375c	yes	Designed to meet GR-63-CORE and GR-1089-CORE ; ● 47CFR Part 15 Class A ● CISPR32 Class A ● EN55032 Class A ● EN300386 Class A ● ICES-003 Class A ● VCCI Class A ● TCVN 7189 Class A ● EN61000-3-2 ● EN61000-3-3	["Designed to meet GR-63-CORE","GR-1089-CORE","47CFR Part 15 Class A","CISPR32 Class A","EN55032 Class A","EN300386 Class A","ICES-003 Class A","VCCI Class A","TCVN 7189 Class A","EN61000-3-2","EN61000-3-3"]
41439	62961	NC55-MPA-12T-S	emc_immunity	5d1fd360bd83375c	yes	● EN55024 ● CISPR24 ● EN300386 ● KN 35 ● TCVN 7317	["EN55024","CISPR24","EN300386","KN 35","TCVN 7317"]
41454	63035	NC55-MPA-1TH2H-S	qos_features	5d1fd360bd83375c	yes	● Quality of Service (QoS) ● Ingress classification based on class of service (L2), IP differentiated service code point (L3), IP ACL (L3/L4), IP precedence (ty	["Quality of Service (QoS)","Ingress classification based on class of service (L2), IP differentiated service code point (L3), IP ACL (L3/L4), IP precedence (ty"]
41436	62961	NC55-MPA-12T-S	supported_protocols	5d1fd360bd83375c	yes	● Layer 2 switch ports ● IEEE 802.1Q VLAN encapsulation/Q-in-Q encapsulation ● IEEE 802.1ad ● Cisco bundle Ethernet technology (up to 32 ports per Ethernet bund ; ● IPv4 and IPv6 unicast ● Layer 3 interfaces: physical and subinterfaces ● Routing protocols: static, Open Shortest Path First (OSPFv2), OSPFv3, Intermediate Sy	["Layer 2 switch ports","IEEE 802.1Q VLAN encapsulation/Q-in-Q encapsulation","IEEE 802.1ad","Cisco bundle Ethernet technology (up to 32 ports per Ethernet bund","IPv4 and IPv6 unicast","Layer 3 interfaces: physical and subinterfaces","Routing protocols: static, Open Shortest Path First (OSPFv2), OSPFv3, Intermediate Sy"]
41453	63035	NC55-MPA-1TH2H-S	supported_protocols	5d1fd360bd83375c	yes	● Layer 2 switch ports ● IEEE 802.1Q VLAN encapsulation/Q-in-Q encapsulation ● IEEE 802.1ad ● Cisco bundle Ethernet technology (up to 32 ports per Ethernet bund ; ● IPv4 and IPv6 unicast ● Layer 3 interfaces: physical and subinterfaces ● Routing protocols: static, Open Shortest Path First (OSPFv2), OSPFv3, Intermediate Sy	["Layer 2 switch ports","IEEE 802.1Q VLAN encapsulation/Q-in-Q encapsulation","IEEE 802.1ad","Cisco bundle Ethernet technology (up to 32 ports per Ethernet bund","IPv4 and IPv6 unicast","Layer 3 interfaces: physical and subinterfaces","Routing protocols: static, Open Shortest Path First (OSPFv2), OSPFv3, Intermediate Sy"]
41455	63035	NC55-MPA-1TH2H-S	certifications	5d1fd360bd83375c	yes	Designed to meet GR-63-CORE and GR-1089-CORE ; ● 47CFR Part 15 Class A ● CISPR32 Class A ● EN55032 Class A ● EN300386 Class A ● ICES-003 Class A ● VCCI Class A ● TCVN 7189 Class A ● EN61000-3-2 ● EN61000-3-3	["Designed to meet GR-63-CORE","GR-1089-CORE","47CFR Part 15 Class A","CISPR32 Class A","EN55032 Class A","EN300386 Class A","ICES-003 Class A","VCCI Class A","TCVN 7189 Class A","EN61000-3-2","EN61000-3-3"]
41456	63035	NC55-MPA-1TH2H-S	emc_immunity	5d1fd360bd83375c	yes	● EN55024 ● CISPR24 ● EN300386 ● KN 35 ● TCVN 7317	["EN55024","CISPR24","EN300386","KN 35","TCVN 7317"]
41482	63225	NC55-MPA-2TH-S	supported_protocols	5d1fd360bd83375c	yes	● Layer 2 switch ports ● IEEE 802.1Q VLAN encapsulation/Q-in-Q encapsulation ● IEEE 802.1ad ● Cisco bundle Ethernet technology (up to 32 ports per Ethernet bund ; ● IPv4 and IPv6 unicast ● Layer 3 interfaces: physical and subinterfaces ● Routing protocols: static, Open Shortest Path First (OSPFv2), OSPFv3, Intermediate Sy	["Layer 2 switch ports","IEEE 802.1Q VLAN encapsulation/Q-in-Q encapsulation","IEEE 802.1ad","Cisco bundle Ethernet technology (up to 32 ports per Ethernet bund","IPv4 and IPv6 unicast","Layer 3 interfaces: physical and subinterfaces","Routing protocols: static, Open Shortest Path First (OSPFv2), OSPFv3, Intermediate Sy"]
41483	63225	NC55-MPA-2TH-S	qos_features	5d1fd360bd83375c	yes	● Quality of Service (QoS) ● Ingress classification based on class of service (L2), IP differentiated service code point (L3), IP ACL (L3/L4), IP precedence (ty	["Quality of Service (QoS)","Ingress classification based on class of service (L2), IP differentiated service code point (L3), IP ACL (L3/L4), IP precedence (ty"]
41484	63225	NC55-MPA-2TH-S	certifications	5d1fd360bd83375c	yes	Designed to meet GR-63-CORE and GR-1089-CORE ; ● 47CFR Part 15 Class A ● CISPR32 Class A ● EN55032 Class A ● EN300386 Class A ● ICES-003 Class A ● VCCI Class A ● TCVN 7189 Class A ● EN61000-3-2 ● EN61000-3-3	["Designed to meet GR-63-CORE","GR-1089-CORE","47CFR Part 15 Class A","CISPR32 Class A","EN55032 Class A","EN300386 Class A","ICES-003 Class A","VCCI Class A","TCVN 7189 Class A","EN61000-3-2","EN61000-3-3"]
41485	63225	NC55-MPA-2TH-S	emc_immunity	5d1fd360bd83375c	yes	● EN55024 ● CISPR24 ● EN300386 ● KN 35 ● TCVN 7317	["EN55024","CISPR24","EN300386","KN 35","TCVN 7317"]
41523	63659	NC55-MPA-4H-S	supported_protocols	5d1fd360bd83375c	yes	● Layer 2 switch ports ● IEEE 802.1Q VLAN encapsulation/Q-in-Q encapsulation ● IEEE 802.1ad ● Cisco bundle Ethernet technology (up to 32 ports per Ethernet bund ; ● IPv4 and IPv6 unicast ● Layer 3 interfaces: physical and subinterfaces ● Routing protocols: static, Open Shortest Path First (OSPFv2), OSPFv3, Intermediate Sy	["Layer 2 switch ports","IEEE 802.1Q VLAN encapsulation/Q-in-Q encapsulation","IEEE 802.1ad","Cisco bundle Ethernet technology (up to 32 ports per Ethernet bund","IPv4 and IPv6 unicast","Layer 3 interfaces: physical and subinterfaces","Routing protocols: static, Open Shortest Path First (OSPFv2), OSPFv3, Intermediate Sy"]
41524	63659	NC55-MPA-4H-S	qos_features	5d1fd360bd83375c	yes	● Quality of Service (QoS) ● Ingress classification based on class of service (L2), IP differentiated service code point (L3), IP ACL (L3/L4), IP precedence (ty	["Quality of Service (QoS)","Ingress classification based on class of service (L2), IP differentiated service code point (L3), IP ACL (L3/L4), IP precedence (ty"]
41525	63659	NC55-MPA-4H-S	certifications	5d1fd360bd83375c	yes	Designed to meet GR-63-CORE and GR-1089-CORE ; ● 47CFR Part 15 Class A ● CISPR32 Class A ● EN55032 Class A ● EN300386 Class A ● ICES-003 Class A ● VCCI Class A ● TCVN 7189 Class A ● EN61000-3-2 ● EN61000-3-3	["Designed to meet GR-63-CORE","GR-1089-CORE","47CFR Part 15 Class A","CISPR32 Class A","EN55032 Class A","EN300386 Class A","ICES-003 Class A","VCCI Class A","TCVN 7189 Class A","EN61000-3-2","EN61000-3-3"]
41526	63659	NC55-MPA-4H-S	emc_immunity	5d1fd360bd83375c	yes	● EN55024 ● CISPR24 ● EN300386 ● KN 35 ● TCVN 7317	["EN55024","CISPR24","EN300386","KN 35","TCVN 7317"]
43103	91051	XR-NC55-P-06.05	emc_immunity	07ac5acc909a3e58	yes	● EN55024 ● CISPR24 ● EN300386 ● KN 61000-4 series	["EN55024","CISPR24","EN300386","KN 61000-4 series"]
43115	91060	XR-NC55-PK9-06.05	emc_immunity	07ac5acc909a3e58	yes	● EN55024 ● CISPR24 ● EN300386 ● KN 61000-4 series	["EN55024","CISPR24","EN300386","KN 61000-4 series"]
42937	33821	DS-X9248-48K9	programming_interfaces	eada11f75465471d	yes	● Scriptable CLI ● Fabric Manager GUI ● Device Manager GUI	["Scriptable CLI","Fabric Manager GUI","Device Manager GUI"]
42934	33688	DS-X9224-96K9=	supported_protocols	eada11f75465471d	yes	● Fibre Channel standards ● FC-PH, Revision 4.3 (ANSI INCITS 230-1994) ● FC-PH, Amendment 1 (ANSI INCITS 230-1994/AM1-1996) ; ● FC-GS-6, Revision 9.21 ● FC-BB, Revision 4.7 (ANSI INCITS 342-2001) ● FC-BB-2, Revision 6.0 (ANSI INCITS 372-2003)	["Fibre Channel standards","FC-PH, Revision 4.3 (ANSI INCITS 230-1994)","FC-PH, Amendment 1 (ANSI INCITS 230-1994/AM1-1996)","FC-GS-6, Revision 9.21","FC-BB, Revision 4.7 (ANSI INCITS 342-2001)","FC-BB-2, Revision 6.0 (ANSI INCITS 372-2003)"]
42935	33688	DS-X9224-96K9=	programming_interfaces	eada11f75465471d	yes	● Scriptable CLI ● Fabric Manager GUI ● Device Manager GUI	["Scriptable CLI","Fabric Manager GUI","Device Manager GUI"]
42936	33821	DS-X9248-48K9	supported_protocols	eada11f75465471d	yes	● Fibre Channel standards ● FC-PH, Revision 4.3 (ANSI INCITS 230-1994) ● FC-PH, Amendment 1 (ANSI INCITS 230-1994/AM1-1996) ; ● FC-GS-6, Revision 9.21 ● FC-BB, Revision 4.7 (ANSI INCITS 342-2001) ● FC-BB-2, Revision 6.0 (ANSI INCITS 372-2003)	["Fibre Channel standards","FC-PH, Revision 4.3 (ANSI INCITS 230-1994)","FC-PH, Amendment 1 (ANSI INCITS 230-1994/AM1-1996)","FC-GS-6, Revision 9.21","FC-BB, Revision 4.7 (ANSI INCITS 342-2001)","FC-BB-2, Revision 6.0 (ANSI INCITS 372-2003)"]
42938	33870	DS-X9248-48K9=	supported_protocols	eada11f75465471d	yes	● Fibre Channel standards ● FC-PH, Revision 4.3 (ANSI INCITS 230-1994) ● FC-PH, Amendment 1 (ANSI INCITS 230-1994/AM1-1996) ; ● FC-GS-6, Revision 9.21 ● FC-BB, Revision 4.7 (ANSI INCITS 342-2001) ● FC-BB-2, Revision 6.0 (ANSI INCITS 372-2003)	["Fibre Channel standards","FC-PH, Revision 4.3 (ANSI INCITS 230-1994)","FC-PH, Amendment 1 (ANSI INCITS 230-1994/AM1-1996)","FC-GS-6, Revision 9.21","FC-BB, Revision 4.7 (ANSI INCITS 342-2001)","FC-BB-2, Revision 6.0 (ANSI INCITS 372-2003)"]
42939	33870	DS-X9248-48K9=	programming_interfaces	eada11f75465471d	yes	● Scriptable CLI ● Fabric Manager GUI ● Device Manager GUI	["Scriptable CLI","Fabric Manager GUI","Device Manager GUI"]
42940	33937	DS-X9248-96K9	supported_protocols	eada11f75465471d	yes	● Fibre Channel standards ● FC-PH, Revision 4.3 (ANSI INCITS 230-1994) ● FC-PH, Amendment 1 (ANSI INCITS 230-1994/AM1-1996) ; ● FC-GS-6, Revision 9.21 ● FC-BB, Revision 4.7 (ANSI INCITS 342-2001) ● FC-BB-2, Revision 6.0 (ANSI INCITS 372-2003)	["Fibre Channel standards","FC-PH, Revision 4.3 (ANSI INCITS 230-1994)","FC-PH, Amendment 1 (ANSI INCITS 230-1994/AM1-1996)","FC-GS-6, Revision 9.21","FC-BB, Revision 4.7 (ANSI INCITS 342-2001)","FC-BB-2, Revision 6.0 (ANSI INCITS 372-2003)"]
42941	33937	DS-X9248-96K9	programming_interfaces	eada11f75465471d	yes	● Scriptable CLI ● Fabric Manager GUI ● Device Manager GUI	["Scriptable CLI","Fabric Manager GUI","Device Manager GUI"]
42942	33907	DS-X9248-96K9=	supported_protocols	eada11f75465471d	yes	● Fibre Channel standards ● FC-PH, Revision 4.3 (ANSI INCITS 230-1994) ● FC-PH, Amendment 1 (ANSI INCITS 230-1994/AM1-1996) ; ● FC-GS-6, Revision 9.21 ● FC-BB, Revision 4.7 (ANSI INCITS 342-2001) ● FC-BB-2, Revision 6.0 (ANSI INCITS 372-2003)	["Fibre Channel standards","FC-PH, Revision 4.3 (ANSI INCITS 230-1994)","FC-PH, Amendment 1 (ANSI INCITS 230-1994/AM1-1996)","FC-GS-6, Revision 9.21","FC-BB, Revision 4.7 (ANSI INCITS 342-2001)","FC-BB-2, Revision 6.0 (ANSI INCITS 372-2003)"]
42943	33907	DS-X9248-96K9=	programming_interfaces	eada11f75465471d	yes	● Scriptable CLI ● Fabric Manager GUI ● Device Manager GUI	["Scriptable CLI","Fabric Manager GUI","Device Manager GUI"]
22824	91075	XR-NC55-P-07.02	temp_storage	92b1ee16755274c1	no		{"max":70,"min":-40}
22858	91038	XR-NC55-PK9-07.02	temp_storage	92b1ee16755274c1	no		{"max":70,"min":-40}
24163	39159	GRWIC-1CE1T1-PRI=	altitude_max	3427f0cd196e4481	no		4876
24167	38887	GRWIC-2CE1T1-PRI=	altitude_max	3427f0cd196e4481	no		4876
29643	12433	ADN-ED-400G-RTU1	temp_storage	2b56b0b7c4e8c61a	yes	–40 to 158°F (–40 to 70°C)	{"max":70,"min":-40}
29715	36610	ESS-ED-400G-RTU1	temp_storage	2b56b0b7c4e8c61a	yes	–40 to 158°F (–40 to 70°C)	{"max":70,"min":-40}
29747	72308	S-A9K-MACSEC-10	temp_storage	2b56b0b7c4e8c61a	yes	–40 to 158°F (–40 to 70°C)	{"max":70,"min":-40}
29770	72250	S-A9K-MACSEC-100	temp_storage	2b56b0b7c4e8c61a	yes	–40 to 158°F (–40 to 70°C)	{"max":70,"min":-40}
29793	72174	S-A9K-MACSEC-40	temp_storage	2b56b0b7c4e8c61a	yes	–40 to 158°F (–40 to 70°C)	{"max":70,"min":-40}
34892	72308	S-A9K-MACSEC-10	temp_storage	2b56b0b7c4e8c61a	yes	–40 to 158°F (–40 to 70°C)	{"max":70,"min":-40}
38705	12603	ADV-ED-400G-RTU1	temp_storage	e981c199c3b16224	yes	–40 to 158°F (–40 to 70°C)	{"max":70,"min":-40}
39600	91038	XR-NC55-PK9-07.02	temp_storage	92b1ee16755274c1	yes	-40° to 158°F (-40° to 70°C)	{"max":70,"min":-40}
38670	12433	ADN-ED-400G-RTU1	temp_storage	e981c199c3b16224	yes	–40 to 158°F (–40 to 70°C)	{"max":70,"min":-40}
38761	36610	ESS-ED-400G-RTU1	temp_storage	e981c199c3b16224	yes	–40 to 158°F (–40 to 70°C)	{"max":70,"min":-40}
38785	72308	S-A9K-MACSEC-10	temp_storage	e981c199c3b16224	yes	–40 to 158°F (–40 to 70°C)	{"max":70,"min":-40}
38797	72250	S-A9K-MACSEC-100	temp_storage	e981c199c3b16224	yes	–40 to 158°F (–40 to 70°C)	{"max":70,"min":-40}
39564	91075	XR-NC55-P-07.02	temp_storage	92b1ee16755274c1	yes	-40° to 158°F (-40° to 70°C)	{"max":70,"min":-40}
39239	4001	DS-C9718	fabric_services	f64dc0153dee65e5	yes	● Name server ● Registered State Change Notification (RSCN) ● Login services ● Fabric Configuration Server (FCS) ● Broadcast ● In-order delivery	["Name server","Registered State Change Notification (RSCN)","Login services","Fabric Configuration Server (FCS)","Broadcast","In-order delivery"]
39279	34065	DS-C9718=	fabric_services	f64dc0153dee65e5	yes	● Name server ● Registered State Change Notification (RSCN) ● Login services ● Fabric Configuration Server (FCS) ● Broadcast ● In-order delivery	["Name server","Registered State Change Notification (RSCN)","Login services","Fabric Configuration Server (FCS)","Broadcast","In-order delivery"]
1576	91075	XR-NC55-P-07.02	temp_operating	163e8998487b6873	no		{"max":70,"min":40}
1577	91038	XR-NC55-PK9-07.02	temp_operating	163e8998487b6873	no		{"max":70,"min":40}
1578	7137	15454-M-TNCE-K9=	humidity_operating	0b385601a4511af4	no		{"max":95,"min":5}
1579	6893	15454-M-TSCE-K9=	humidity_operating	0b385601a4511af4	no		{"max":95,"min":5}
1580	64505	NCS2K-TNCS-K9=	humidity_operating	0b385601a4511af4	no		{"max":95,"min":5}
1581	64399	NCS2K-TNCS-O-K9=	humidity_operating	0b385601a4511af4	no		{"max":95,"min":5}
7484	12658	ADV-ED-100G-RTU1	humidity_storage	b8b4ec84e4a93e32	no		"5 to 95% Note: Not to exceed 0.024 kg water or dry air"
7396	12432	ADN-ED-100G-RTU1	humidity_storage	b8b4ec84e4a93e32	no		"5 to 95% Note: Not to exceed 0.024 kg water or dry air"
7400	12432	ADN-ED-100G-RTU1	supported_protocols	2b56b0b7c4e8c61a	no		["NetFlow","IEEE 802.1ag","IEEE 802.3ah","ITU Y.1731","IP Service-Level Agreement (IP SLA)","Virtual Circuit Connectivity Verification (VCCV)","ping","traceroute"]
7401	12432	ADN-ED-100G-RTU1	ieee_standards	2b56b0b7c4e8c61a	no		["● 10 Gbps IEEE 802.3ae compliant ● 40","100-Gbps IEEE 802.3ba compliant ● 100 Gigabit Ethernet PHY monitoring ● IEEE 802.x flow control ● Full-duplex operation ●","● 40","100-Gbps IEEE 802.3ba compliant ● 100 Gigabit Ethernet PHY monitoring ● 400-Gbos IEEE 802.3bs compliant ● IEEE 802.x flow control ● Full-duplex operation ●","● 10-Gbps IEEE 802.3ae compliant ● 25-Gbps IEEE 802.3by","IEEE 802.3cc compliant ● IEEE 802.x flow control ● Full-duplex operation ● Per-port byte","packet"]
7465	12433	ADN-ED-400G-RTU1	certifications	2b56b0b7c4e8c61a	no		["The Cisco ASR 9903 Router is designed to meet: ● FCC Class A ● ICES 003 Class A ● AS","NZS 3548 Class A ● CISPR 22 (EN55022) Class A ● VCCI Class A ● BSMI Class A"]
7571	36349	ESS-ED-100G-RTU1	humidity_storage	b8b4ec84e4a93e32	no		"5 to 95% Note: Not to exceed 0.024 kg water or dry air"
7463	12433	ADN-ED-400G-RTU1	supported_protocols	2b56b0b7c4e8c61a	no		["NetFlow","IEEE 802.1ag","IEEE 802.3ah","ITU Y.1731","IP Service-Level Agreement (IP SLA)","Virtual Circuit Connectivity Verification (VCCV)","ping","traceroute"]
7464	12433	ADN-ED-400G-RTU1	ieee_standards	2b56b0b7c4e8c61a	no		["● 10 Gbps IEEE 802.3ae compliant ● 40","100-Gbps IEEE 802.3ba compliant ● 100 Gigabit Ethernet PHY monitoring ● IEEE 802.x flow control ● Full-duplex operation ●","● 40","100-Gbps IEEE 802.3ba compliant ● 100 Gigabit Ethernet PHY monitoring ● 400-Gbos IEEE 802.3bs compliant ● IEEE 802.x flow control ● Full-duplex operation ●","● 10-Gbps IEEE 802.3ae compliant ● 25-Gbps IEEE 802.3by","IEEE 802.3cc compliant ● IEEE 802.x flow control ● Full-duplex operation ● Per-port byte","packet"]
7488	12658	ADV-ED-100G-RTU1	supported_protocols	2b56b0b7c4e8c61a	no		["NetFlow","IEEE 802.1ag","IEEE 802.3ah","ITU Y.1731","IP Service-Level Agreement (IP SLA)","Virtual Circuit Connectivity Verification (VCCV)","ping","traceroute"]
7489	12658	ADV-ED-100G-RTU1	ieee_standards	2b56b0b7c4e8c61a	no		["● 10 Gbps IEEE 802.3ae compliant ● 40","100-Gbps IEEE 802.3ba compliant ● 100 Gigabit Ethernet PHY monitoring ● IEEE 802.x flow control ● Full-duplex operation ●","● 40","100-Gbps IEEE 802.3ba compliant ● 100 Gigabit Ethernet PHY monitoring ● 400-Gbos IEEE 802.3bs compliant ● IEEE 802.x flow control ● Full-duplex operation ●","● 10-Gbps IEEE 802.3ae compliant ● 25-Gbps IEEE 802.3by","IEEE 802.3cc compliant ● IEEE 802.x flow control ● Full-duplex operation ● Per-port byte","packet"]
7575	36349	ESS-ED-100G-RTU1	supported_protocols	2b56b0b7c4e8c61a	no		["NetFlow","IEEE 802.1ag","IEEE 802.3ah","ITU Y.1731","IP Service-Level Agreement (IP SLA)","Virtual Circuit Connectivity Verification (VCCV)","ping","traceroute"]
7576	36349	ESS-ED-100G-RTU1	ieee_standards	2b56b0b7c4e8c61a	no		["● 10 Gbps IEEE 802.3ae compliant ● 40","100-Gbps IEEE 802.3ba compliant ● 100 Gigabit Ethernet PHY monitoring ● IEEE 802.x flow control ● Full-duplex operation ●","● 40","100-Gbps IEEE 802.3ba compliant ● 100 Gigabit Ethernet PHY monitoring ● 400-Gbos IEEE 802.3bs compliant ● IEEE 802.x flow control ● Full-duplex operation ●","● 10-Gbps IEEE 802.3ae compliant ● 25-Gbps IEEE 802.3by","IEEE 802.3cc compliant ● IEEE 802.x flow control ● Full-duplex operation ● Per-port byte","packet"]
7638	36610	ESS-ED-400G-RTU1	supported_protocols	2b56b0b7c4e8c61a	no		["NetFlow","IEEE 802.1ag","IEEE 802.3ah","ITU Y.1731","IP Service-Level Agreement (IP SLA)","Virtual Circuit Connectivity Verification (VCCV)","ping","traceroute"]
7639	36610	ESS-ED-400G-RTU1	ieee_standards	2b56b0b7c4e8c61a	no		["● 10 Gbps IEEE 802.3ae compliant ● 40","100-Gbps IEEE 802.3ba compliant ● 100 Gigabit Ethernet PHY monitoring ● IEEE 802.x flow control ● Full-duplex operation ●","● 40","100-Gbps IEEE 802.3ba compliant ● 100 Gigabit Ethernet PHY monitoring ● 400-Gbos IEEE 802.3bs compliant ● IEEE 802.x flow control ● Full-duplex operation ●","● 10-Gbps IEEE 802.3ae compliant ● 25-Gbps IEEE 802.3by","IEEE 802.3cc compliant ● IEEE 802.x flow control ● Full-duplex operation ● Per-port byte","packet"]
7640	36610	ESS-ED-400G-RTU1	certifications	2b56b0b7c4e8c61a	no		["The Cisco ASR 9903 Router is designed to meet: ● FCC Class A ● ICES 003 Class A ● AS","NZS 3548 Class A ● CISPR 22 (EN55022) Class A ● VCCI Class A ● BSMI Class A"]
7820	72120	S-A9K-BNG-ADV-8K	humidity_storage	b8b4ec84e4a93e32	no		"5 to 95% Note: Not to exceed 0.024 kg water or dry air"
7669	72308	S-A9K-MACSEC-10	supported_protocols	2b56b0b7c4e8c61a	no		["NetFlow","IEEE 802.1ag","IEEE 802.3ah","ITU Y.1731","IP Service-Level Agreement (IP SLA)","Virtual Circuit Connectivity Verification (VCCV)","ping","traceroute"]
7670	72308	S-A9K-MACSEC-10	ieee_standards	2b56b0b7c4e8c61a	no		["● 10 Gbps IEEE 802.3ae compliant ● 40","100-Gbps IEEE 802.3ba compliant ● 100 Gigabit Ethernet PHY monitoring ● IEEE 802.x flow control ● Full-duplex operation ●","● 40","100-Gbps IEEE 802.3ba compliant ● 100 Gigabit Ethernet PHY monitoring ● 400-Gbos IEEE 802.3bs compliant ● IEEE 802.x flow control ● Full-duplex operation ●","● 10-Gbps IEEE 802.3ae compliant ● 25-Gbps IEEE 802.3by","IEEE 802.3cc compliant ● IEEE 802.x flow control ● Full-duplex operation ● Per-port byte","packet"]
7671	72308	S-A9K-MACSEC-10	humidity_storage	2b56b0b7c4e8c61a	no		"5 to 95% Note: Not to exceed 0.024 kg of water per kg of dry air"
7672	72308	S-A9K-MACSEC-10	certifications	2b56b0b7c4e8c61a	no		["The Cisco ASR 9903 Router is designed to meet: ● FCC Class A ● ICES 003 Class A ● AS","NZS 3548 Class A ● CISPR 22 (EN55022) Class A ● VCCI Class A ● BSMI Class A"]
7673	72308	S-A9K-MACSEC-10	humidity_storage	2b56b0b7c4e8c61a	no		"5 to 95% Note: Not to exceed 0.024 kg of water per kg of dry air"
7690	72250	S-A9K-MACSEC-100	supported_protocols	2b56b0b7c4e8c61a	no		["NetFlow","IEEE 802.1ag","IEEE 802.3ah","ITU Y.1731","IP Service-Level Agreement (IP SLA)","Virtual Circuit Connectivity Verification (VCCV)","ping","traceroute"]
7691	72250	S-A9K-MACSEC-100	ieee_standards	2b56b0b7c4e8c61a	no		["● 10 Gbps IEEE 802.3ae compliant ● 40","100-Gbps IEEE 802.3ba compliant ● 100 Gigabit Ethernet PHY monitoring ● IEEE 802.x flow control ● Full-duplex operation ●","● 40","100-Gbps IEEE 802.3ba compliant ● 100 Gigabit Ethernet PHY monitoring ● 400-Gbos IEEE 802.3bs compliant ● IEEE 802.x flow control ● Full-duplex operation ●","● 10-Gbps IEEE 802.3ae compliant ● 25-Gbps IEEE 802.3by","IEEE 802.3cc compliant ● IEEE 802.x flow control ● Full-duplex operation ● Per-port byte","packet"]
7692	72250	S-A9K-MACSEC-100	humidity_storage	2b56b0b7c4e8c61a	no		"5 to 95% Note: Not to exceed 0.024 kg of water per kg of dry air"
7693	72250	S-A9K-MACSEC-100	certifications	2b56b0b7c4e8c61a	no		["The Cisco ASR 9903 Router is designed to meet: ● FCC Class A ● ICES 003 Class A ● AS","NZS 3548 Class A ● CISPR 22 (EN55022) Class A ● VCCI Class A ● BSMI Class A"]
7694	72250	S-A9K-MACSEC-100	humidity_storage	2b56b0b7c4e8c61a	no		"5 to 95% Note: Not to exceed 0.024 kg of water per kg of dry air"
7711	72174	S-A9K-MACSEC-40	supported_protocols	2b56b0b7c4e8c61a	no		["NetFlow","IEEE 802.1ag","IEEE 802.3ah","ITU Y.1731","IP Service-Level Agreement (IP SLA)","Virtual Circuit Connectivity Verification (VCCV)","ping","traceroute"]
7712	72174	S-A9K-MACSEC-40	ieee_standards	2b56b0b7c4e8c61a	no		["● 10 Gbps IEEE 802.3ae compliant ● 40","100-Gbps IEEE 802.3ba compliant ● 100 Gigabit Ethernet PHY monitoring ● IEEE 802.x flow control ● Full-duplex operation ●","● 40","100-Gbps IEEE 802.3ba compliant ● 100 Gigabit Ethernet PHY monitoring ● 400-Gbos IEEE 802.3bs compliant ● IEEE 802.x flow control ● Full-duplex operation ●","● 10-Gbps IEEE 802.3ae compliant ● 25-Gbps IEEE 802.3by","IEEE 802.3cc compliant ● IEEE 802.x flow control ● Full-duplex operation ● Per-port byte","packet"]
7713	72174	S-A9K-MACSEC-40	humidity_storage	2b56b0b7c4e8c61a	no		"5 to 95% Note: Not to exceed 0.024 kg of water per kg of dry air"
7714	72174	S-A9K-MACSEC-40	certifications	2b56b0b7c4e8c61a	no		["The Cisco ASR 9903 Router is designed to meet: ● FCC Class A ● ICES 003 Class A ● AS","NZS 3548 Class A ● CISPR 22 (EN55022) Class A ● VCCI Class A ● BSMI Class A"]
7715	72174	S-A9K-MACSEC-40	humidity_storage	2b56b0b7c4e8c61a	no		"5 to 95% Note: Not to exceed 0.024 kg of water per kg of dry air"
8587	33689	DS-X9232-256K9=	supported_protocols	78779222a31c595e	no		["• FC-PH","Revision 4.3 (ANSI INCITS 230-1994) • FC-PH","Amendment 1 (ANSI INCITS 230-1994","AM1-1996) • FC-PH","Amendment 2 (ANSI INCITS 230-1994","AM2-1999)"]
8588	33689	DS-X9232-256K9=	fabric_services	78779222a31c595e	no		["• Name server • Registered State Change Notification (RSCN) • Login services • Fabric Configuration Server (FCS) • Public loop • Broadcast • In-order delivery"]
8589	33689	DS-X9232-256K9=	programming_interfaces	78779222a31c595e	no		["• Scriptable CLI • Cisco DCNM-SAN Essentials • Cisco DCNM-SAN Advanced"]
8590	33689	DS-X9232-256K9=	certifications	78779222a31c595e	no		["• Regulatory compliance • CE Markings per directives 2004","108","EC","2006","95","EC • Safety compliance • UL 60950-1 Second Edition"]
34776	12432	ADN-ED-100G-RTU1	altitude_max	2b56b0b7c4e8c61a	yes	–60 to 1800 m	1800
8601	34021	DS-X9248-256K9=	supported_protocols	78779222a31c595e	no		["• FC-PH","Revision 4.3 (ANSI INCITS 230-1994) • FC-PH","Amendment 1 (ANSI INCITS 230-1994","AM1-1996) • FC-PH","Amendment 2 (ANSI INCITS 230-1994","AM2-1999)"]
8602	34021	DS-X9248-256K9=	fabric_services	78779222a31c595e	no		["• Name server • Registered State Change Notification (RSCN) • Login services • Fabric Configuration Server (FCS) • Public loop • Broadcast • In-order delivery"]
8603	34021	DS-X9248-256K9=	programming_interfaces	78779222a31c595e	no		["• Scriptable CLI • Cisco DCNM-SAN Essentials • Cisco DCNM-SAN Advanced"]
8604	34021	DS-X9248-256K9=	certifications	78779222a31c595e	no		["• Regulatory compliance • CE Markings per directives 2004","108","EC","2006","95","EC • Safety compliance • UL 60950-1 Second Edition"]
34829	12603	ADV-ED-400G-RTU1	altitude_max	2b56b0b7c4e8c61a	yes	–60 to 1800 m	1800
11295	34106	DS-X9304-18K9=	programming_interfaces	e8b6b46a85541966	no		["• Scriptable CLI • Fabric Manager GUI • Device Manager GUI"]
935	7137	15454-M-TNCE-K9=	humidity_operating	0b385601a4511af4	no		{"max":95,"min":5}
7551	12603	ADV-ED-400G-RTU1	supported_protocols	2b56b0b7c4e8c61a	no		["NetFlow","IEEE 802.1ag","IEEE 802.3ah","ITU Y.1731","IP Service-Level Agreement (IP SLA)","Virtual Circuit Connectivity Verification (VCCV)","ping","traceroute"]
7552	12603	ADV-ED-400G-RTU1	ieee_standards	2b56b0b7c4e8c61a	no		["● 10 Gbps IEEE 802.3ae compliant ● 40","100-Gbps IEEE 802.3ba compliant ● 100 Gigabit Ethernet PHY monitoring ● IEEE 802.x flow control ● Full-duplex operation ●","● 40","100-Gbps IEEE 802.3ba compliant ● 100 Gigabit Ethernet PHY monitoring ● 400-Gbos IEEE 802.3bs compliant ● IEEE 802.x flow control ● Full-duplex operation ●","● 10-Gbps IEEE 802.3ae compliant ● 25-Gbps IEEE 802.3by","IEEE 802.3cc compliant ● IEEE 802.x flow control ● Full-duplex operation ● Per-port byte","packet"]
7553	12603	ADV-ED-400G-RTU1	certifications	2b56b0b7c4e8c61a	no		["The Cisco ASR 9903 Router is designed to meet: ● FCC Class A ● ICES 003 Class A ● AS","NZS 3548 Class A ● CISPR 22 (EN55022) Class A ● VCCI Class A ● BSMI Class A"]
936	6893	15454-M-TSCE-K9=	humidity_operating	0b385601a4511af4	no		{"max":95,"min":5}
937	64505	NCS2K-TNCS-K9=	humidity_operating	0b385601a4511af4	no		{"max":95,"min":5}
938	64399	NCS2K-TNCS-O-K9=	humidity_operating	0b385601a4511af4	no		{"max":95,"min":5}
11580	64374	NCS2K-MF-M16LC-CV=	certifications	33ab53989e6e62ff	no		["● UL","CSA 60950-1","Second Ed 2011 ● IEC 60950-1 (2005","12)","2 nd Edition","National Differences as per CB Bulletin 112A ● + Amendment 1: 2009"]
29626	12432	ADN-ED-100G-RTU1	altitude_max	2b56b0b7c4e8c61a	yes	–60 to 1800 m	1800
29680	12603	ADV-ED-400G-RTU1	altitude_max	2b56b0b7c4e8c61a	yes	–60 to 1800 m	1800
29716	36610	ESS-ED-400G-RTU1	altitude_max	2b56b0b7c4e8c61a	yes	–60 to 1800 m	1800
20496	72174	S-A9K-MACSEC-40	humidity_storage	e981c199c3b16224	no		"5 to 95% Note: Not to exceed 0.024 kg of water per kg of dry air"
