remedy	category	kind	cup	sku	value	method	doc_type
R4 widen	hyperconverged-infrastructure	cpu	cpu_base_clock	HCI-CPU-A9015	3.6	html_table	vendor_datasheet_pdf
R4 widen	hyperconverged-infrastructure	cpu	cpu_base_clock	HCI-CPU-A9115	2.6	html_table	vendor_datasheet_pdf
R4 widen	hyperconverged-infrastructure	cpu	cpu_base_clock	HCI-CPU-A9365	3.4	html_table	vendor_datasheet_pdf
R4 widen	hyperconverged-infrastructure	cpu	cpu_base_clock	HCI-CPU-A9555	3.2	pdf_table	vendor_datasheet_pdf
R4 widen	hyperconverged-infrastructure	cpu	cpu_base_clock	HCI-CPU-A95552	3.2	html_table	vendor_datasheet_pdf
R4 widen	hyperconverged-infrastructure	cpu	cpu_base_clock	HCI-CPU-A95652	3.15	html_table	vendor_datasheet_pdf
R4 widen	hyperconverged-infrastructure	cpu	cpu_base_clock	HCI-CPU-A9575F	3.3	html_table	vendor_datasheet_pdf
R4 widen	hyperconverged-infrastructure	cpu	cpu_base_clock	HCI-CPU-A9655	2.6	pdf_table	vendor_datasheet_pdf
R4 widen	hyperconverged-infrastructure	cpu	cpu_base_clock	HCI-CPU-A96552	2.6	html_table	vendor_datasheet_pdf
R4 widen	hyperconverged-infrastructure	cpu	cpu_base_clock	HCI-CPU-A9825	2.2	html_table	vendor_datasheet_pdf
R4 widen	hyperconverged-infrastructure	cpu	cpu_base_clock	HCI-CPU-A9845	2.1	html_table	vendor_datasheet_pdf
R4 widen	hyperconverged-infrastructure	cpu	cpu_base_clock	UCSX-CPU-A90153	3.6	html_table	vendor_datasheet_pdf
R4 widen	hyperconverged-infrastructure	cpu	cpu_base_clock	UCSX-CPU-A91153	2.6	html_table	vendor_datasheet_pdf
R4 widen	hyperconverged-infrastructure	cpu	cpu_base_clock	UCSX-CPU-A9175F3	4.2	html_table	vendor_datasheet_pdf
R4 widen	hyperconverged-infrastructure	cpu	cpu_base_clock	UCSX-CPU-A92553	3.2	html_table	vendor_datasheet_pdf
R4 widen	hyperconverged-infrastructure	cpu	cpu_base_clock	UCSX-CPU-A9275F3	4.1	html_table	vendor_datasheet_pdf
R4 widen	hyperconverged-infrastructure	cpu	cpu_base_clock	UCSX-CPU-A93353	3	html_table	vendor_datasheet_pdf
R4 widen	hyperconverged-infrastructure	cpu	cpu_base_clock	UCSX-CPU-A9355P3	3.55	html_table	vendor_datasheet_pdf
R4 widen	hyperconverged-infrastructure	cpu	cpu_base_clock	UCSX-CPU-A93653	3.4	html_table	vendor_datasheet_pdf
R4 widen	hyperconverged-infrastructure	cpu	cpu_base_clock	UCSX-CPU-A9375F3	3.8	html_table	vendor_datasheet_pdf
R4 widen	hyperconverged-infrastructure	cpu	cpu_base_clock	UCSX-CPU-A94553	3.15	html_table	vendor_datasheet_pdf
R4 widen	hyperconverged-infrastructure	cpu	cpu_base_clock	UCSX-CPU-A9455P3	3.15	html_table	vendor_datasheet_pdf
R4 widen	hyperconverged-infrastructure	cpu	cpu_base_clock	UCSX-CPU-A9475F3	3.65	html_table	vendor_datasheet_pdf
R4 widen	hyperconverged-infrastructure	cpu	cpu_base_clock	UCSX-CPU-A95353	2.4	html_table	vendor_datasheet_pdf
R4 widen	hyperconverged-infrastructure	cpu	cpu_base_clock	UCSX-CPU-A9555P3	3.2	html_table	vendor_datasheet_pdf
R4 widen	hyperconverged-infrastructure	cpu	cpu_base_clock	UCSX-CPU-A95653	3.15	html_table	vendor_datasheet_pdf
R4 widen	hyperconverged-infrastructure	cpu	cpu_base_clock	UCSX-CPU-A96453	2.3	html_table	vendor_datasheet_pdf
R4 widen	hyperconverged-infrastructure	cpu	cpu_base_clock	UCSX-CPU-A9655P3	2.6	html_table	vendor_datasheet_pdf
R4 widen	hyperconverged-systems	cpu	cache_l3	HX-CPU-A7232P	32	html_table	vendor_datasheet_pdf
R4 widen	hyperconverged-systems	cpu	cache_l3	HX-CPU-A7252	64	html_table	vendor_datasheet_pdf
R4 widen	hyperconverged-systems	cpu	cache_l3	HX-CPU-A7272	64	html_table	vendor_datasheet_pdf
R4 widen	hyperconverged-systems	cpu	cache_l3	HX-CPU-A7302	128	html_table	vendor_datasheet_pdf
R4 widen	hyperconverged-systems	cpu	cache_l3	HX-CPU-A7313	128	html_table	vendor_datasheet_pdf
R4 widen	hyperconverged-systems	cpu	cache_l3	HX-CPU-A7313P	128	html_table	vendor_datasheet_pdf
R4 widen	hyperconverged-systems	cpu	cache_l3	HX-CPU-A7343	128	html_table	vendor_datasheet_pdf
R4 widen	hyperconverged-systems	cpu	cache_l3	HX-CPU-A7352	128	html_table	vendor_datasheet_pdf
R4 widen	hyperconverged-systems	cpu	cache_l3	HX-CPU-A7373X	768	html_table	vendor_datasheet_pdf
R4 widen	hyperconverged-systems	cpu	cache_l3	HX-CPU-A73F3	256	html_table	vendor_datasheet_pdf
R4 widen	hyperconverged-systems	cpu	cache_l3	HX-CPU-A7413	128	html_table	vendor_datasheet_pdf
R4 widen	hyperconverged-systems	cpu	cache_l3	HX-CPU-A7443	128	html_table	vendor_datasheet_pdf
R4 widen	hyperconverged-systems	cpu	cache_l3	HX-CPU-A7443P	128	html_table	vendor_datasheet_pdf
R4 widen	hyperconverged-systems	cpu	cache_l3	HX-CPU-A7453	64	html_table	vendor_datasheet_pdf
R4 widen	hyperconverged-systems	cpu	cache_l3	HX-CPU-A7473X	768	html_table	vendor_datasheet_pdf
R4 widen	hyperconverged-systems	cpu	cache_l3	HX-CPU-A7502P	128	html_table	vendor_datasheet_pdf
R4 widen	hyperconverged-systems	cpu	cache_l3	HX-CPU-A7513	128	html_table	vendor_datasheet_pdf
R4 widen	hyperconverged-systems	cpu	cache_l3	HX-CPU-A7543	256	html_table	vendor_datasheet_pdf
R4 widen	hyperconverged-systems	cpu	cache_l3	HX-CPU-A7543P	256	html_table	vendor_datasheet_pdf
R4 widen	hyperconverged-systems	cpu	cache_l3	HX-CPU-A7573X	768	html_table	vendor_datasheet_pdf
R4 widen	hyperconverged-systems	cpu	cache_l3	HX-CPU-A75F3	256	html_table	vendor_datasheet_pdf
R4 widen	hyperconverged-systems	cpu	cache_l3	HX-CPU-A7643	256	html_table	vendor_datasheet_pdf
R4 widen	hyperconverged-systems	cpu	cache_l3	HX-CPU-A7662	256	html_table	vendor_datasheet_pdf
R4 widen	hyperconverged-systems	cpu	cache_l3	HX-CPU-A7663	256	html_table	vendor_datasheet_pdf
R4 widen	hyperconverged-systems	cpu	cache_l3	HX-CPU-A7713	256	html_table	vendor_datasheet_pdf
R4 widen	hyperconverged-systems	cpu	cache_l3	HX-CPU-A7713P	256	html_table	vendor_datasheet_pdf
R4 widen	hyperconverged-systems	cpu	cache_l3	HX-CPU-A7763	256	html_table	vendor_datasheet_pdf
R4 widen	hyperconverged-systems	cpu	cache_l3	HX-CPU-A7773X	768	html_table	vendor_datasheet_pdf
R4 widen	hyperconverged-systems	cpu	cache_l3	HXE-CPU-A7413	128	html_table	vendor_datasheet_pdf
R4 widen	hyperconverged-systems	cpu	cache_l3	HXE-CPU-A7543	256	html_table	vendor_datasheet_pdf
R4 widen	hyperconverged-systems	cpu	cache_l3	HXE-CPU-A7763	256	html_table	vendor_datasheet_pdf
R4 widen	hyperconverged-systems	gpu	certifications	HX-GPU-7150X2	["60950-1 Second Edition"]	pdf_table	vendor_datasheet_pdf
R4 widen	hyperconverged-systems	gpu	emc_emissions	HX-GPU-7150X2	["47CFR Part 15 (CFR 47) Class A"]	pdf_table	vendor_datasheet_pdf
R4 widen	hyperconverged-systems	gpu	humidity_operating	HX-GPU-7150X2	{"max": 90, "min": 10}	pdf_table	vendor_datasheet_pdf
R4 widen	hyperconverged-systems	gpu	humidity_storage	HX-GPU-7150X2	{"max": 93, "min": 5}	pdf_table	vendor_datasheet_pdf
to read	hyperconverged-systems	nic	storage_capacity	HX-PCI25-40010	400	description_mining	vendor_eol_bulletin
R4 widen	interfaces-modules	interface	certifications	HWIC-2SHDSL	["No"]	html_table	vendor_datasheet_html
R4 widen	interfaces-modules	interface	certifications	HWIC-4SHDSL	["No"]	html_table	vendor_datasheet_html
R4 widen	interfaces-modules	interface	certifications	HWIC-4SHDSL-E	["No"]	html_table	vendor_datasheet_html
to read	interfaces-modules	interface	compatible_platform	10000-SIP-600	"Cisco 10008, Cisco 10012"	aggregator_page:router-switch	aggregator_page
to read	interfaces-modules	interface	compatible_platform	12000-SIP-401	"Cisco 12000 Series Routers"	aggregator_page:router-switch	aggregator_page
to read	interfaces-modules	interface	compatible_platform	12000-SIP-501	"Cisco 12000 Series Routers"	aggregator_page:router-switch	aggregator_page
to read	interfaces-modules	interface	compatible_platform	12000-SIP-601	"Cisco 12000 Series Routers"	aggregator_page:router-switch	aggregator_page
to read	interfaces-modules	interface	compatible_platform	16OC3X/POS-I-LC-B	"n/a"	aggregator_page:router-switch	aggregator_page
to read	interfaces-modules	interface	connector	16OC3/POS-SM	"lc-duplex"	description_mining	vendor_eol_bulletin
to read	interfaces-modules	interface	connector	4CHOC12/DS3-I-SCB	"sc"	html_table	vendor_datasheet_html
to read	interfaces-modules	interface	connector	4OC12X/ATM-IR-SC	"sc"	description_mining	vendor_datasheet_html
to read	interfaces-modules	interface	connector	4OC12X/ATM-MM-SC	"sc"	description_mining	vendor_datasheet_html
to read	interfaces-modules	interface	connector	8FE-FX-SC-B	"sc"	description_mining	vendor_datasheet_html
to read	interfaces-modules	interface	connector	8OC3/POS-SM	"lc-duplex"	description_mining	vendor_eol_bulletin
to read	interfaces-modules	interface	connector	HWIC-4SHDSL	"rj45"	html_table	vendor_datasheet_html
to read	interfaces-modules	interface	connector	HWIC-4SHDSL-E	"rj45"	html_table	vendor_datasheet_html
R4 widen	interfaces-modules	interface	dimensions	C-NIM-1M	{"d": 184, "h": 32, "w": 89}	html_table	vendor_datasheet_html
R4 widen	interfaces-modules	interface	dimensions	C-NIM-1X	{"d": 184, "h": 32, "w": 89}	html_table	vendor_datasheet_html
R4 widen	interfaces-modules	interface	dimensions	C-NIM-2T	{"d": 184, "h": 32, "w": 89}	html_table	vendor_datasheet_html
R4 widen	interfaces-modules	interface	dimensions	C-NIM-4X	{"d": 184, "h": 32, "w": 89}	html_table	vendor_datasheet_html
R4 widen	interfaces-modules	interface	dimensions	C-NIM-8M	{"d": 184, "h": 32, "w": 89}	html_table	vendor_datasheet_html
R4 widen	interfaces-modules	interface	dimensions	C-NIM-8T	{"d": 184, "h": 32, "w": 89}	html_table	vendor_datasheet_html
R4 widen	interfaces-modules	interface	dimensions	HWIC-4SHDSL-E	{"d": 102.8, "h": 178, "w": 71.1}	html_table	vendor_datasheet_html
R4 widen	interfaces-modules	interface	dimensions	SM-X-16FXS/2FXO	{"d": 193.04, "h": 40.132, "w": 188.976}	html_table	vendor_datasheet_html
R4 widen	interfaces-modules	interface	dimensions	SM-X-16G4M2X	{"d": 8.9, "h": 43.82, "w": 46.99}	html_table	vendor_datasheet_html
R4 widen	interfaces-modules	interface	dimensions	SM-X-24FXS/4FXO	{"d": 193.04, "h": 40.132, "w": 188.976}	html_table	vendor_datasheet_html
R4 widen	interfaces-modules	interface	dimensions	SM-X-72FXS	{"d": 192.278, "h": 40.132, "w": 395.478}	html_table	vendor_datasheet_html
R4 widen	interfaces-modules	interface	dimensions	SM-X-8FXS/12FXO	{"d": 193.04, "h": 40.132, "w": 188.976}	html_table	vendor_datasheet_html
R4 widen	interfaces-modules	interface	dimensions	SM-X-ES3-16-P	{"d": 40, "h": 206, "w": 207}	html_table	vendor_datasheet_html
R4 widen	interfaces-modules	interface	dimensions	SM-X-ES3-24-P	{"d": 40, "h": 206, "w": 207}	html_table	vendor_datasheet_html
R4 widen	interfaces-modules	interface	dimensions	SM-X-ES3D-48-P	{"d": 40, "h": 412, "w": 207}	html_table	vendor_datasheet_html
R4 widen	interfaces-modules	interface	humidity_operating	C-NIM-1M	{"max": 85, "min": 5}	html_table	vendor_datasheet_html
R4 widen	interfaces-modules	interface	humidity_operating	C-NIM-1X	{"max": 85, "min": 5}	html_table	vendor_datasheet_html
R4 widen	interfaces-modules	interface	humidity_operating	C-NIM-2T	{"max": 85, "min": 5}	html_table	vendor_datasheet_html
R4 widen	interfaces-modules	interface	humidity_operating	C-NIM-4X	{"max": 85, "min": 5}	html_table	vendor_datasheet_html
R4 widen	interfaces-modules	interface	humidity_operating	C-NIM-8M	{"max": 85, "min": 5}	html_table	vendor_datasheet_html
R4 widen	interfaces-modules	interface	humidity_operating	C-NIM-8T	{"max": 85, "min": 5}	html_table	vendor_datasheet_html
to read	interfaces-modules	interface	installation_type	10000-SIP-600	"Hot-swappable, front-insertion line card for Cisco 10000 chassis"	aggregator_page:router-switch	aggregator_page
to read	interfaces-modules	interface	installation_type	12000-SIP-401	"Hot-swappable module for Cisco 12000 chassis"	aggregator_page:router-switch	aggregator_page
to read	interfaces-modules	interface	installation_type	12000-SIP-501	"Hot-swappable, modular slot-based"	aggregator_page:router-switch	aggregator_page
to read	interfaces-modules	interface	installation_type	12000-SIP-601	"n/a"	aggregator_page:router-switch	aggregator_page
to read	interfaces-modules	interface	installation_type	16OC3X/POS-I-LC-B	"n/a"	aggregator_page:router-switch	aggregator_page
to read	interfaces-modules	interface	ports	8FE-FX-SC-B	[{"speed": ["100M"], "anzahl": 8, "port_typ": "rj45"}]	description_mining	vendor_datasheet_html
to read	interfaces-modules	interface	ports	C-NIM-1M	[{"speed": ["1G"], "anzahl": 1, "port_typ": "rj45"}]	description_mining	vendor_datasheet_html
to read	interfaces-modules	interface	ports	C-NIM-1X	[{"speed": ["10G"], "anzahl": 1, "port_typ": "sfp-plus"}]	description_mining	vendor_datasheet_html
to read	interfaces-modules	interface	ports	C-NIM-2T	[{"speed": ["1G"], "anzahl": 2, "port_typ": "sfp"}]	description_mining	vendor_datasheet_html
to read	interfaces-modules	interface	ports	C-NIM-4X	[{"speed": ["10G"], "anzahl": 4, "port_typ": "sfp-plus"}]	description_mining	vendor_page
to read	interfaces-modules	interface	ports	C-NIM-8M	[{"speed": [], "anzahl": 8, "port_typ": "rj45"}, {"speed": [], "anzahl": 4, "port_typ": "rj45"}]	description_mining	vendor_datasheet_html
to read	interfaces-modules	interface	ports	C-NIM-WAN-2X	[{"speed": ["10G"], "anzahl": 2, "port_typ": "sfp-plus"}]	description_mining	vendor_page
to read	interfaces-modules	interface	ports	C-NIM-WAN-4S	[{"speed": ["1G"], "anzahl": 4, "port_typ": "sfp"}]	description_mining	vendor_page
to read	interfaces-modules	interface	ports	EHWIC-1GE-SFP-CU	[{"speed": ["1G"], "anzahl": 1, "port_typ": "sfp"}]	description_mining	vendor_eol_bulletin
to read	interfaces-modules	interface	ports	EHWIC-1GE-SFPCU++=	[{"speed": ["1G"], "anzahl": 1, "port_typ": "sfp"}]	description_mining	vendor_eol_bulletin
to read	interfaces-modules	interface	ports	GE-DCARD-ESW	[{"speed": ["1G"], "anzahl": 1, "port_typ": "rj45"}]	description_mining	vendor_eol_bulletin
to read	interfaces-modules	interface	ports	HWIC-4ESW	[{"speed": ["100M"], "anzahl": 4, "port_typ": "rj45"}]	description_mining	vendor_datasheet_html
to read	interfaces-modules	interface	ports	HWIC-D-9ESW	[{"speed": ["100M"], "anzahl": 9, "port_typ": "rj45"}]	description_mining	vendor_datasheet_html
to read	interfaces-modules	interface	ports	NIM-ES2-8-P	[{"speed": ["1G"], "anzahl": 8, "port_typ": "rj45"}]	description_mining	vendor_datasheet_html
to read	interfaces-modules	interface	ports	NIM-ES2-8-P=	[{"speed": ["2G"], "anzahl": 8, "port_typ": "rj45"}]	description_mining	vendor_eol_bulletin
to read	interfaces-modules	interface	ports	NM-16ESW	[{"speed": ["10/100M"], "anzahl": 16, "port_typ": "rj45"}]	description_mining	vendor_eol_bulletin
to read	interfaces-modules	interface	ports	NM-16ESW-1GIG	[{"speed": ["10/100M"], "anzahl": 16, "port_typ": "rj45"}, {"speed": ["1G"], "anzahl": 1, "port_typ": "rj45"}]	description_mining	vendor_eol_bulletin
to read	interfaces-modules	interface	ports	NM-16ESW=	[{"speed": ["10/100M"], "anzahl": 16, "port_typ": "rj45"}]	description_mining	vendor_eol_bulletin
to read	interfaces-modules	interface	ports	NMD-36-ESW	[{"speed": ["10/100M"], "anzahl": 36, "port_typ": "rj45"}]	description_mining	vendor_eol_bulletin
to read	interfaces-modules	interface	ports	NMD-36-ESW-PWR	[{"speed": ["10/100M"], "anzahl": 36, "port_typ": "rj45"}]	description_mining	vendor_eol_bulletin
to read	interfaces-modules	interface	ports	NMD-36-ESW-PWR-2G	[{"speed": ["10/100M", "2G"], "anzahl": 36, "port_typ": "rj45"}]	description_mining	vendor_eol_bulletin
to read	interfaces-modules	interface	ports	NMD-36-ESW-PWR-2G=	[{"speed": ["10/100M", "2G"], "anzahl": 36, "port_typ": "rj45"}]	description_mining	vendor_eol_bulletin
to read	interfaces-modules	interface	ports	NMD-36-ESW-PWR=	[{"speed": ["10/100M"], "anzahl": 36, "port_typ": "rj45"}]	description_mining	vendor_eol_bulletin
to read	interfaces-modules	interface	ports	NMD-36-ESW=	[{"speed": ["10/100M"], "anzahl": 36, "port_typ": "rj45"}]	description_mining	vendor_eol_bulletin
to read	interfaces-modules	interface	ports	SM-2GE-SFP-CU	[{"speed": ["1G"], "anzahl": 2, "port_typ": "sfp"}]	description_mining	vendor_eol_bulletin
to read	interfaces-modules	interface	ports	SM-2GE-SFP-CU=	[{"speed": ["1G"], "anzahl": 2, "port_typ": "sfp"}]	description_mining	vendor_eol_bulletin
to read	interfaces-modules	interface	ports	SM-D-ES3-48-P	[{"speed": ["100M"], "anzahl": 48, "port_typ": "rj45"}, {"speed": [], "anzahl": 2, "port_typ": "sfp"}]	description_mining	vendor_eol_bulletin
to read	interfaces-modules	interface	ports	SM-D-ES3-48-P=	[{"speed": ["100M"], "anzahl": 48, "port_typ": "rj45"}, {"speed": [], "anzahl": 2, "port_typ": "sfp"}]	description_mining	vendor_eol_bulletin
to read	interfaces-modules	interface	ports	SM-D-ES3G-48-P	[{"speed": ["1G"], "anzahl": 48, "port_typ": "rj45"}, {"speed": [], "anzahl": 2, "port_typ": "sfp"}]	description_mining	vendor_eol_bulletin
to read	interfaces-modules	interface	ports	SM-D-ES3G-48-P=	[{"speed": ["1G"], "anzahl": 48, "port_typ": "rj45"}, {"speed": [], "anzahl": 2, "port_typ": "sfp"}]	description_mining	vendor_eol_bulletin
to read	interfaces-modules	interface	ports	SM-ES3G-16-P	[{"speed": ["1G"], "anzahl": 16, "port_typ": "rj45"}]	description_mining	vendor_eol_bulletin
to read	interfaces-modules	interface	ports	SM-ES3G-16-P=	[{"speed": ["1G"], "anzahl": 16, "port_typ": "rj45"}]	description_mining	vendor_eol_bulletin
to read	interfaces-modules	interface	ports	SM-ES3G-24-P	[{"speed": ["1G"], "anzahl": 24, "port_typ": "rj45"}]	description_mining	vendor_eol_bulletin
to read	interfaces-modules	interface	ports	SM-ES3G-24-P=	[{"speed": ["1G"], "anzahl": 24, "port_typ": "rj45"}]	description_mining	vendor_eol_bulletin
to read	interfaces-modules	interface	ports	SM-X-6X1G	[{"speed": ["1G"], "anzahl": 6, "port_typ": "sfp"}]	description_mining	vendor_eol_bulletin
to read	interfaces-modules	interface	ports	SM-X-6X1G=	[{"speed": ["1G"], "anzahl": 6, "port_typ": "sfp"}]	description_mining	vendor_eol_bulletin
to read	interfaces-modules	interface	ports	SM-X-ES3-16-P	[{"speed": ["1G"], "anzahl": 16, "port_typ": "rj45"}]	description_mining	vendor_datasheet_html
to read	interfaces-modules	interface	ports	SM-X-ES3-16-P++=	[{"speed": ["1G"], "anzahl": 16, "port_typ": "rj45"}]	description_mining	vendor_eol_bulletin
to read	interfaces-modules	interface	ports	SM-X-ES3-16-P=	[{"speed": ["1G"], "anzahl": 16, "port_typ": "rj45"}]	description_mining	vendor_eol_bulletin
to read	interfaces-modules	interface	ports	SM-X-ES3-24-P	[{"speed": ["1G"], "anzahl": 24, "port_typ": "rj45"}]	description_mining	vendor_datasheet_html
to read	interfaces-modules	interface	ports	SM-X-ES3-24-P++=	[{"speed": ["1G"], "anzahl": 24, "port_typ": "rj45"}]	description_mining	vendor_eol_bulletin
to read	interfaces-modules	interface	ports	SM-X-ES3-24-P-T	[{"speed": ["1G"], "anzahl": 24, "port_typ": "rj45"}]	description_mining	vendor_eol_bulletin
to read	interfaces-modules	interface	ports	SM-X-ES3-24-P-T=	[{"speed": ["1G"], "anzahl": 24, "port_typ": "rj45"}]	description_mining	vendor_eol_bulletin
to read	interfaces-modules	interface	ports	SM-X-ES3-24-P=	[{"speed": ["1G"], "anzahl": 24, "port_typ": "rj45"}]	description_mining	vendor_eol_bulletin
to read	interfaces-modules	interface	ports	SM-X-ES3D-48-P++=	[{"speed": ["1G"], "anzahl": 48, "port_typ": "rj45"}, {"speed": [], "anzahl": 2, "port_typ": "sfp"}]	description_mining	vendor_eol_bulletin
to read	interfaces-modules	interface	ports	SM-X-ES3D-48-P=	[{"speed": ["1G"], "anzahl": 48, "port_typ": "rj45"}, {"speed": [], "anzahl": 2, "port_typ": "sfp"}]	description_mining	vendor_eol_bulletin
R4 widen	interfaces-modules	interface	temp_operating	C-NIM-1M	{"max": 40, "min": 0}	html_table	vendor_datasheet_html
R4 widen	interfaces-modules	interface	temp_operating	C-NIM-1X	{"max": 40, "min": 0}	html_table	vendor_datasheet_html
R4 widen	interfaces-modules	interface	temp_operating	C-NIM-2T	{"max": 40, "min": 0}	html_table	vendor_datasheet_html
R4 widen	interfaces-modules	interface	temp_operating	C-NIM-4X	{"max": 55, "min": -5}	html_table	vendor_datasheet_html
R4 widen	interfaces-modules	interface	temp_operating	C-NIM-8M	{"max": 55, "min": -5}	html_table	vendor_datasheet_html
R4 widen	interfaces-modules	interface	temp_operating	C-NIM-8T	{"max": 55, "min": -5}	html_table	vendor_datasheet_html
R4 widen	interfaces-modules	interface	temp_operating	SM-X-16FXS/2FXO	{"max": 40, "min": 0}	html_table	vendor_datasheet_html
R4 widen	interfaces-modules	interface	temp_operating	SM-X-16G4M2X	{"max": 40, "min": 0}	html_table	vendor_datasheet_html
R4 widen	interfaces-modules	interface	temp_operating	SM-X-24FXS/4FXO	{"max": 40, "min": 0}	html_table	vendor_datasheet_html
R4 widen	interfaces-modules	interface	temp_operating	SM-X-40G8M2X	{"max": 40, "min": 0}	html_table	vendor_datasheet_html
R4 widen	interfaces-modules	interface	temp_operating	SM-X-72FXS	{"max": 40, "min": 0}	html_table	vendor_datasheet_html
R4 widen	interfaces-modules	interface	temp_operating	SM-X-8FXS/12FXO	{"max": 40, "min": 0}	html_table	vendor_datasheet_html
R4 widen	interfaces-modules	interface	temp_operating	SM-X-ES3-16-P	{"max": 40, "min": 0}	html_table	vendor_datasheet_html
R4 widen	interfaces-modules	interface	temp_operating	SM-X-ES3-24-P	{"max": 40, "min": 0}	html_table	vendor_datasheet_html
R4 widen	meraki	cellular-gateway	temp_storage	MG41	{"max": 70, "min": -30}	html_table	vendor_datasheet_html
R4 widen	meraki	cellular-gateway	temp_storage	MG41E	{"max": 70, "min": -30}	html_table	vendor_datasheet_html
R4 widen	meraki	cellular-gateway	temp_storage	MG51	{"max": 70, "min": -30}	html_table	vendor_datasheet_html
R4 widen	meraki	cellular-gateway	temp_storage	MG51E	{"max": 70, "min": -30}	html_table	vendor_datasheet_html
R4 widen	meraki	cellular-gateway	temp_storage	MG52	{"max": 70, "min": -30}	html_table	vendor_datasheet_html
R4 widen	meraki	cellular-gateway	temp_storage	MG52E	{"max": 70, "min": -30}	html_table	vendor_datasheet_html
R4 widen	meraki	security-camera	ieee_standards	MV12N	["802.11a", "802.11b", "802.11g", "802.11n", "802.11ac"]	html_table	vendor_datasheet_html
R4 widen	meraki	security-camera	ieee_standards	MV12W	["802.11a", "802.11b", "802.11g", "802.11n", "802.11ac", "Yes"]	html_table	vendor_datasheet_html
R4 widen	meraki	security-camera	ieee_standards	MV12WE	["802.11a", "802.11b", "802.11g", "802.11n", "802.11ac"]	html_table	vendor_datasheet_html
R4 widen	meraki	security-camera	ieee_standards	MV2	["802.11a", "802.11b", "802.11g", "802.11n", "802.11ac"]	html_table	vendor_datasheet_html
R4 widen	meraki	security-camera	ieee_standards	MV21	["No"]	html_table	vendor_datasheet_html
R4 widen	meraki	security-camera	ieee_standards	MV32	["802.11a", "802.11b", "802.11g", "802.11n", "802.11ac"]	html_table	vendor_datasheet_html
R4 widen	meraki	security-camera	ieee_standards	MV52	["802.11a", "802.11n", "802.11ac"]	html_table	vendor_datasheet_html
R4 widen	meraki	security-camera	ieee_standards	MV71	["No"]	html_table	vendor_datasheet_html
to read	optical-networking	accessory	connector	MEC15201/SC/R=	"sc"	description_mining	vendor_eol_bulletin
to read	optical-networking	accessory	rack_units	NCS2K-MF10-6RU=	6	description_mining	vendor_datasheet_html
to read	optical-networking	amplifier	cable_length	15454-OPT-AMP-C=	2	description_mining	vendor_datasheet_html
to read	optical-networking	amplifier	cable_length	15454-OPT-AMP-L=	2	description_mining	vendor_datasheet_html
to read	optical-networking	amplifier	cable_length	15454-OPT-BST-L=	2	description_mining	vendor_datasheet_html
to read	optical-networking	amplifier	cable_length	15454-OPT-RAMP-C=	2	description_mining	vendor_datasheet_html
to read	optical-networking	amplifier	connector	15454-OPT-BST-E=	"lc-duplex"	description_mining	vendor_datasheet_html
to read	optical-networking	amplifier	connector	15454-OPT-EDFA-17=	"lc-duplex"	description_mining	vendor_datasheet_html
to read	optical-networking	amplifier	connector	15454-OPT-EDFA-24=	"lc-duplex"	description_mining	vendor_datasheet_html
to read	optical-networking	cable	rack_units	15454-YCBL-LC=	2	description_mining	vendor_datasheet_html
to read	optical-networking	mechanical	rack_units	15454-PP-4-SMR=	1	description_mining	vendor_datasheet_html
to read	optical-networking	mechanical	rack_units	15454-PP-80-LC	2	description_mining	vendor_eol_bulletin
to read	optical-networking	mechanical	rack_units	15454-PP-80-LC=	2	description_mining	vendor_datasheet_html
to read	optical-networking	mechanical	rack_units	15454-PP-MESH-4=	2	description_mining	vendor_datasheet_html
to read	optical-networking	mechanical	rack_units	15454-PP-MESH-8=	2	description_mining	vendor_datasheet_html
to read	optical-networking	mechanical	rack_units	NCS2K-2RU-COVER=	2	description_mining	vendor_datasheet_html
to read	optical-networking	mechanical	rack_units	NCS2K-MF-6RU-CVR=	6	description_mining	vendor_datasheet_html
to read	optical-networking	mechanical	rack_units	NCS2K-MF-COVER=	1	description_mining	vendor_datasheet_html
to read	optical-networking	mechanical	rack_units	NCS2K-PPMESH8-5AD=	2	description_mining	vendor_datasheet_html
to read	optical-networking	mux	cable_length	15454-MMU=	2	description_mining	vendor_datasheet_html
to read	optical-networking	mux	connector	15216-ATT-LC-10=	"lc-duplex"	description_mining	vendor_datasheet_html
to read	optical-networking	mux	connector	15216-ATT-LC-12=	"lc-duplex"	description_mining	vendor_datasheet_html
to read	optical-networking	mux	connector	15216-ATT-LC-15=	"lc-duplex"	description_mining	vendor_datasheet_html
to read	optical-networking	mux	connector	15216-ATT-LC-18=	"lc-duplex"	description_mining	vendor_datasheet_html
to read	optical-networking	mux	connector	15216-ATT-LC-2=	"lc-duplex"	description_mining	vendor_datasheet_html
to read	optical-networking	mux	connector	15216-ATT-LC-3=	"lc-duplex"	description_mining	vendor_datasheet_html
to read	optical-networking	mux	connector	15216-ATT-LC-5=	"lc-duplex"	description_mining	vendor_datasheet_html
to read	optical-networking	mux	connector	15216-ATT-LC-7=	"lc-duplex"	description_mining	vendor_datasheet_html
to read	optical-networking	mux	connector	15216-CS-SM-Y=	"lc-duplex"	description_mining	vendor_datasheet_html
to read	optical-networking	mux	connector	15454-32DMX-O=	"mpo-12"	description_mining	vendor_datasheet_html
to read	optical-networking	mux	connector	15454-32MUX-O=	"mpo-12"	description_mining	vendor_datasheet_html
R4 widen	optical-networking	mux	humidity_operating	15216-EF-40-EVEN=	{"max": 95, "min": 95}	html_table	vendor_datasheet_html
R4 widen	optical-networking	mux	humidity_operating	15216-EF-40-ODD=	{"max": 95, "min": 95}	html_table	vendor_datasheet_html
to read	optical-networking	mux	module_slots	NCS2K-MF-1RU=	4	description_mining	vendor_datasheet_html
to read	optical-networking	mux	ports	NCS2K-MF-8X10G-FO=	[{"speed": ["10G"], "anzahl": 2, "port_typ": "qsfp-plus"}]	description_mining	vendor_datasheet_html
to read	optical-networking	mux	rack_units	NCS2K-MF-1RU=	1	description_mining	vendor_datasheet_html
to read	optical-networking	mux	rack_units	NCS2K-MF-6RU=	6	description_mining	vendor_datasheet_html
to read	optical-networking	mux	standard	15216-FLC-CWDM-8=	["cwdm"]	description_mining	vendor_datasheet_html
R4 widen	optical-networking	mux	temp_operating	15216-EF-40-EVEN=	{"max": -5, "min": -5}	html_table	vendor_datasheet_html
R4 widen	optical-networking	mux	temp_operating	15216-EF-40-ODD=	{"max": -5, "min": -5}	html_table	vendor_datasheet_html
R4 widen	optical-networking	mux	temp_storage	15216-EF-40-EVEN=	{"max": -40, "min": -40}	html_table	vendor_datasheet_html
R4 widen	optical-networking	mux	temp_storage	15216-EF-40-ODD=	{"max": -40, "min": -40}	html_table	vendor_datasheet_html
R4 widen	optical-networking	mux	weight	15216-EF-40-EVEN=	4.7	html_table	vendor_datasheet_html
R4 widen	optical-networking	mux	weight	15216-EF-40-ODD=	4.7	html_table	vendor_datasheet_html
to read	optical-networking	pluggable	ports	15454-ML1000-2	[{"speed": [], "anzahl": 2, "port_typ": "sfp"}]	description_mining	vendor_datasheet_html
to read	optical-networking	pluggable	ports	15454E-ML1000-2	[{"speed": [], "anzahl": 2, "port_typ": "sfp"}]	description_mining	vendor_datasheet_html
R4 widen	optical-networking	transponder	input_power_range	CIM8-LE-K9	{"max": 0, "min": -12}	html_table	vendor_datasheet_html
to read	optical-networking	transponder	standard	15454-10DME-C=	["dwdm"]	description_mining	vendor_datasheet_html
to read	optical-networking	transponder	standard	15454-10DME-L=	["dwdm"]	description_mining	vendor_datasheet_html
to read	optical-networking	transponder	standard	15454-10EX-L1-C=	["dwdm"]	description_mining	vendor_datasheet_html
to read	optical-networking	transponder	standard	CO-10TDL50-X1001=	["dwdm"]	description_mining	vendor_eol_bulletin
to read	optical-networking	transponder	standard	CO-10TDL51-X1001=	["dwdm"]	description_mining	vendor_eol_bulletin
to read	optical-networking	transponder	standard	CO-40TDL40-X1001=	["dwdm"]	description_mining	vendor_eol_bulletin
to read	optical-networking	transponder	standard	CO-40TDL40-X1010=	["dwdm"]	description_mining	vendor_eol_bulletin
to read	optical-networking	transponder	standard	NCS1K4-1.2T-CW-K9=	["dwdm"]	description_mining	vendor_datasheet_html
to read	optical-networking	transponder	standard	NCS1K4-1.2T-K9=	["dwdm"]	description_mining	vendor_datasheet_html
to read	optical-networking	transponder	standard	NCS1K4-1.2T-L-K9=	["dwdm"]	description_mining	vendor_datasheet_html
R4 widen	optical-networking	transponder	tx_power	CIM8-LE-K9	{"max": 3, "min": -10}	html_table	vendor_datasheet_html
to read	routers	antenna	cable_length	3G-AE010-R	3.048	description_mining	vendor_eol_bulletin
to read	routers	antenna	cable_length	3G-AE010-R=	3.048	description_mining	vendor_eol_bulletin
to read	routers	antenna	cable_length	3G-AE015-R	4.572	description_mining	vendor_eol_bulletin
to read	routers	antenna	cable_length	3G-AE015-R=	4.572	description_mining	vendor_eol_bulletin
to read	routers	antenna	cable_length	3G-ANTM-SMKTS9=	1.524	description_mining	vendor_eol_bulletin
to read	routers	antenna	mounting	3G-ANTM-OUT-OM=	["wall"]	description_mining	vendor_eol_bulletin
to read	routers	antenna	mounting	3G-ANTM1916-CM	["ceiling"]	description_mining	vendor_eol_bulletin
to read	routers	antenna	mounting	3G-ANTM1916-CM=	["ceiling"]	description_mining	vendor_eol_bulletin
to read	routers	antenna	mounting	ANT-4G-CM-IN-TNC	["ceiling"]	description_mining	vendor_eol_bulletin
to read	routers	antenna	mounting	ANT-4G-CM-IN-TNC=	["ceiling"]	description_mining	vendor_eol_bulletin
R4 widen	routers	appliance	airflow	C1100TG-1N24P32A	"port-side-intake"	html_table	vendor_datasheet_html
R4 widen	routers	appliance	airflow	C1100TG-1N32A	"port-side-intake"	html_table	vendor_datasheet_html
R4 widen	routers	appliance	airflow	C1100TGX-1N24P32A	"port-side-intake"	html_table	vendor_datasheet_html
R4 widen	routers	appliance	altitude_max	C1100TG-1N24P32A	4750	html_table	vendor_datasheet_html
R4 widen	routers	appliance	altitude_max	C1100TG-1N32A	4750	html_table	vendor_datasheet_html
R4 widen	routers	appliance	altitude_max	C1100TGX-1N24P32A	4750	html_table	vendor_datasheet_html
R4 widen	routers	appliance	altitude_max	C8220TG-48A-O	3048	html_table	vendor_datasheet_html
to read	routers	appliance	dram	C8200-UCPE-1N8	64	html_table	vendor_datasheet_html
to read	routers	appliance	dram	C8300-UCPE-1N20	32	html_table	vendor_datasheet_html
to read	routers	appliance	dram	ENCS5104-200/K9	16	description_mining	vendor_eol_bulletin
to read	routers	appliance	dram	ENCS5104-400/K9	16	description_mining	vendor_eol_bulletin
to read	routers	appliance	dram	ENCS5104-64/K9	16	description_mining	vendor_eol_bulletin
to read	routers	appliance	dram	ENCS5406/K9	16	description_mining	vendor_eol_bulletin
to read	routers	appliance	dram	ENCS5408/K9	16	description_mining	vendor_eol_bulletin
to read	routers	appliance	dram	ENCS5412/K9	16	description_mining	vendor_eol_bulletin
R4 widen	routers	appliance	input_voltage	C1100TG-1N24P32A	{"max": 60, "min": 48}	html_table	vendor_datasheet_html
R4 widen	routers	appliance	input_voltage	C1100TG-1N32A	{"max": 60, "min": 48}	html_table	vendor_datasheet_html
R4 widen	routers	appliance	input_voltage	C1100TGX-1N24P32A	{"max": 60, "min": 48}	html_table	vendor_datasheet_html
to read	routers	appliance	module_slots	C1100TG-1N24P32A	1	html_table	vendor_datasheet_html
to read	routers	appliance	module_slots	C1100TG-1N32A	1	html_table	vendor_datasheet_html
to read	routers	appliance	module_slots	C1100TGX-1N24P32A	1	html_table	vendor_datasheet_html
to read	routers	appliance	module_slots	C8200-UCPE-1N8	2	description_mining	vendor_datasheet_html
R4 widen	routers	appliance	router_throughput	C1100TG-1N24P32A	0.5	html_table	vendor_datasheet_html
R4 widen	routers	appliance	router_throughput	C1100TG-1N32A	0.5	html_table	vendor_datasheet_html
R4 widen	routers	appliance	router_throughput	C1100TGX-1N24P32A	0.5	html_table	vendor_datasheet_html
R4 widen	routers	appliance	storage_capacity	C8220TG-48A-O	32	html_table	vendor_datasheet_html
R4 widen	routers	appliance	temp_storage	C8220TG-48A-O	{"max": 66, "min": -40}	html_table	vendor_datasheet_html
to read	routers	bundle	dram	ISR4320U-MEM-MSATA	8	description_mining	vendor_eol_bulletin
to read	routers	bundle	dram	ISR4330U-MEM-MSATA	16	description_mining	vendor_eol_bulletin
to read	routers	bundle	dram	ISR4350U-MEM-MSATA	16	description_mining	vendor_eol_bulletin
to read	routers	bundle	dram	ISR4430U-MEM-SSD	16	description_mining	vendor_eol_bulletin
to read	routers	bundle	flash	CRS-FD-16G-10PK=	16	description_mining	vendor_eol_bulletin
to read	routers	bundle	flash	ISR4320U-MEM-MSATA	8	description_mining	vendor_eol_bulletin
to read	routers	bundle	flash	ISR4330U-MEM-MSATA	16	description_mining	vendor_eol_bulletin
to read	routers	bundle	flash	ISR4350U-MEM-MSATA	16	description_mining	vendor_eol_bulletin
to read	routers	bundle	flash	ISR4430U-MEM-SSD	16	description_mining	vendor_eol_bulletin
to read	routers	bundle	module_slots	CRS-16-FC140/M-8P	16	description_mining	vendor_eol_bulletin
to read	routers	bundle	module_slots	CRS-16-FC140/M-8P=	16	description_mining	vendor_eol_bulletin
to read	routers	bundle	module_slots	CRS-16-FC140/M-BN	16	description_mining	vendor_eol_bulletin
to read	routers	bundle	module_slots	CRS-16-FC140/M-BN=	16	description_mining	vendor_eol_bulletin
to read	routers	bundle	module_slots	CRS-16-FC400/M-8P=	16	description_mining	vendor_eol_bulletin
to read	routers	bundle	module_slots	CRS-16-FC400/M-BN=	16	description_mining	vendor_eol_bulletin
to read	routers	bundle	module_slots	CRS-16-LCC-FILTER=	16	description_mining	vendor_eol_bulletin
to read	routers	bundle	module_slots	CRS-16/S-CNSK	16	description_mining	vendor_eol_bulletin
to read	routers	bundle	module_slots	CRS-4-CH-UPG-BUN	4	description_mining	vendor_eol_bulletin
to read	routers	bundle	module_slots	CRS-8-FC140/M-4P	8	description_mining	vendor_eol_bulletin
to read	routers	bundle	module_slots	CRS-8-FC140/M-4P=	8	description_mining	vendor_eol_bulletin
to read	routers	bundle	module_slots	CRS-8-FC400/M-4P=	8	description_mining	vendor_eol_bulletin
to read	routers	bundle	ports	NC6-20X100GE-L-C	[{"speed": ["100G"], "anzahl": 20, "port_typ": "combo"}]	description_mining	vendor_eol_bulletin
to read	routers	bundle	ports	NC6-20X100GE-M-C	[{"speed": ["100G"], "anzahl": 20, "port_typ": "combo"}]	description_mining	vendor_eol_bulletin
to read	routers	bundle	ports	NC6-2T-PAYG-L-BUN	[{"speed": ["100G"], "anzahl": 20, "port_typ": "combo"}]	description_mining	vendor_eol_bulletin
to read	routers	bundle	ports	NC6-2T-PAYG-M-BUN	[{"speed": ["100G"], "anzahl": 20, "port_typ": "combo"}]	description_mining	vendor_eol_bulletin
R4 widen	routers	chassis	dram	CRS-4/S	4	html_table	vendor_datasheet_html
to read	routers	drive	flash	M-ASR1K-EUSB-1GB=	1	description_mining	vendor_eol_bulletin
to read	routers	drive	flash	MEMUSB-128FT	0.125	description_mining	vendor_eol_bulletin
to read	routers	drive	flash	MEMUSB-128FT=	0.125	description_mining	vendor_eol_bulletin
R4 widen	routers	fabric	dimensions	8804-FC0	{"d": 291.338, "h": 261.366, "w": 46.482}	html_table	vendor_datasheet_html
R4 widen	routers	fabric	dimensions	8808-FC	{"d": 291.338, "h": 494.538, "w": 46.482}	html_table	vendor_datasheet_html
R4 widen	routers	fabric	dimensions	8808-FC0	{"d": 291.338, "h": 494.538, "w": 46.482}	html_table	vendor_datasheet_html
R4 widen	routers	fabric	dimensions	8812-FC	{"d": 291.338, "h": 700.532, "w": 46.482}	html_table	vendor_datasheet_html
R4 widen	routers	fabric	dimensions	8818-FC	{"d": 291.338, "h": 1030.224, "w": 46.482}	html_table	vendor_datasheet_html
R4 widen	routers	fabric	dimensions	8818-FC0	{"d": 291.338, "h": 1030.224, "w": 46.482}	html_table	vendor_datasheet_html
R4 widen	routers	fabric	dimensions	8818-FC1	{"d": 291.338, "h": 1030.224, "w": 46.482}	html_table	vendor_datasheet_html
R4 widen	routers	fabric	weight	8804-FC0	3.04	html_table	vendor_datasheet_html
R4 widen	routers	fabric	weight	8808-FC	5.86	html_table	vendor_datasheet_html
R4 widen	routers	fabric	weight	8808-FC0	5.57	html_table	vendor_datasheet_html
R4 widen	routers	fabric	weight	8812-FC	8.94	html_table	vendor_datasheet_html
R4 widen	routers	fabric	weight	8818-FC	13.51	html_table	vendor_datasheet_html
R4 widen	routers	fabric	weight	8818-FC0	14	html_table	vendor_datasheet_html
R4 widen	routers	fabric	weight	8818-FC1	21.77	html_table	vendor_datasheet_html
R4 widen	routers	fan	dimensions	8804-FAN-V2	{"d": 125.222, "h": 323.85, "w": 94.742}	html_table	vendor_datasheet_html
R4 widen	routers	fan	dimensions	8808-FAN-V2	{"d": 125.222, "h": 543.306, "w": 94.742}	html_table	vendor_datasheet_html
to read	routers	fan	module_slots	CRS-FCC-FAN-TR	24	description_mining	vendor_eol_bulletin
R4 widen	routers	fan	weight	8804-FAN	3	html_table	vendor_datasheet_html
R4 widen	routers	fan	weight	8804-FAN-V2	3.15	html_table	vendor_datasheet_html
R4 widen	routers	fan	weight	8808-FAN	5.3	html_table	vendor_datasheet_html
R4 widen	routers	fan	weight	8808-FAN-V2	5.67	html_table	vendor_datasheet_html
R4 widen	routers	fan	weight	8812-FAN	7.6	html_table	vendor_datasheet_html
R4 widen	routers	fan	weight	8812-FAN-V2	8.07	html_table	vendor_datasheet_html
R4 widen	routers	fan	weight	8818-FAN	12.2	html_table	vendor_datasheet_html
R4 widen	routers	fan	weight	8818-FAN-V2	12.59	html_table	vendor_datasheet_html
R4 widen	routers	linecard	weight	A9K-MOD200-SE	8.618255	html_table	vendor_datasheet_html
R4 widen	routers	linecard	weight	A9K-MOD200-TR	8.618255	html_table	vendor_datasheet_html
R4 widen	routers	linecard	weight	A9K-MOD400-SE	9.52544	html_table	vendor_datasheet_html
R4 widen	routers	linecard	weight	A9K-MOD400-TR	9.52544	html_table	vendor_datasheet_html
to read	routers	mechanical	airflow	8K-4RU-F2B-AIR	"front-to-back"	description_mining	vendor_datasheet_html
to read	routers	mechanical	airflow	N560-4-F2B-AIR-U	"front-to-back"	description_mining	vendor_datasheet_html
to read	routers	mechanical	airflow	N560-4-F2B-AIR-U=	"front-to-back"	description_mining	vendor_datasheet_html
to read	routers	mechanical	airflow	N560-4-F2B-AIR-V	"front-to-back"	description_mining	vendor_datasheet_html
to read	routers	mechanical	airflow	N560-4-F2B-AIR-V=	"front-to-back"	description_mining	vendor_datasheet_html
to read	routers	mechanical	airflow	NCS-5002-FLT-BK	"back-to-front"	description_mining	vendor_eol_bulletin
to read	routers	mechanical	airflow	NCS-5002-FLT-BK=	"back-to-front"	description_mining	vendor_eol_bulletin
to read	routers	mechanical	airflow	NCS-5002-FLT-FR	"front-to-back"	description_mining	vendor_eol_bulletin
to read	routers	mechanical	airflow	NCS-5002-FLT-FR=	"front-to-back"	description_mining	vendor_eol_bulletin
to read	routers	mechanical	airflow	NCS-5002-FLT-FRNT	"front-to-back"	description_mining	vendor_eol_bulletin
to read	routers	mechanical	airflow	NCS-5002-FLT-FRNT=	"front-to-back"	description_mining	vendor_eol_bulletin
to read	routers	mechanical	airflow	NCS-5011-FLT-BK	"back-to-front"	description_mining	vendor_eol_bulletin
to read	routers	mechanical	airflow	NCS-5011-FLT-BK=	"back-to-front"	description_mining	vendor_eol_bulletin
to read	routers	mechanical	airflow	NCS-5011-FLT-FR	"front-to-back"	description_mining	vendor_eol_bulletin
to read	routers	mechanical	airflow	NCS-5502-FLTR-RV	"port-side-exhaust"	description_mining	vendor_datasheet_html
to read	routers	mechanical	module_slots	CRS-LCC-CM-COVER	16	description_mining	vendor_eol_bulletin
to read	routers	mechanical	module_slots	CRS-LCC-CM-COVER=	16	description_mining	vendor_eol_bulletin
to read	routers	mechanical	rack_units	8K-2RU-KIT-L	2	description_mining	vendor_datasheet_html
to read	routers	mechanical	rack_units	8K-2RU-KIT-L=	2	description_mining	vendor_datasheet_html
to read	routers	mechanical	rack_units	8K-2RU-KIT-S	2	description_mining	vendor_datasheet_html
to read	routers	mechanical	rack_units	8K-2RU-KIT-S=	2	description_mining	vendor_datasheet_html
to read	routers	mechanical	rack_units	NCS4200-1RU-DOOR	1	description_mining	vendor_datasheet_html
to read	routers	module	cable_length	IRM-NIM-RS232	3.048	description_mining	vendor_datasheet_html
to read	routers	module	data_rate	NCS4200-1T8S-10CS	10	description_mining	vendor_eol_bulletin
to read	routers	module	data_rate	NCS4200-1T8S-10CS=	10	description_mining	vendor_eol_bulletin
R4 widen	routers	module	weight	A9K-MPA-1X100GE	0.91	html_table	vendor_datasheet_html
R4 widen	routers	module	weight	A9K-MPA-1X200GE	1.09	html_table	vendor_datasheet_html
R4 widen	routers	module	weight	A9K-MPA-1X40GE	0.7	html_table	vendor_datasheet_html
R4 widen	routers	module	weight	A9K-MPA-20X10GE	0.99	html_table	vendor_datasheet_html
R4 widen	routers	module	weight	A9K-MPA-20X1GE	0.96	html_table	vendor_datasheet_html
R4 widen	routers	module	weight	A9K-MPA-2X100GE	1.09	html_table	vendor_datasheet_html
R4 widen	routers	module	weight	A9K-MPA-2X10GE	0.7	html_table	vendor_datasheet_html
R4 widen	routers	module	weight	A9K-MPA-2X40GE	0.79	html_table	vendor_datasheet_html
R4 widen	routers	module	weight	A9K-MPA-32X1GE	0.93	html_table	vendor_datasheet_html
R4 widen	routers	module	weight	A9K-MPA-4X10GE	0.87	html_table	vendor_datasheet_html
R4 widen	routers	module	weight	A9K-MPA-8X10GE	0.79	html_table	vendor_datasheet_html
to read	routers	power	ports	800-IL-PM-2	[{"speed": [], "anzahl": 2, "port_typ": "rj45"}]	description_mining	vendor_eol_bulletin
to read	routers	power	ports	800-IL-PM-2=	[{"speed": [], "anzahl": 2, "port_typ": "rj45"}]	description_mining	vendor_eol_bulletin
to read	routers	power	ports	800-IL-PM-4	[{"speed": [], "anzahl": 4, "port_typ": "rj45"}]	description_mining	vendor_eol_bulletin
to read	routers	power	ports	800-IL-PM-4=	[{"speed": [], "anzahl": 4, "port_typ": "rj45"}]	description_mining	vendor_eol_bulletin
to read	routers	power	ports	800-IL-PM=2	[{"speed": [], "anzahl": 2, "port_typ": "rj45"}]	description_mining	vendor_datasheet_html
to read	routers	power	ports	800G2-POE-2	[{"speed": [], "anzahl": 2, "port_typ": "rj45"}]	description_mining	vendor_eol_bulletin
to read	routers	power	ports	800G2-POE-2=	[{"speed": [], "anzahl": 2, "port_typ": "rj45"}]	description_mining	vendor_eol_bulletin
to read	routers	power	ports	C800-PWRINJ-4	[{"speed": [], "anzahl": 4, "port_typ": "rj45"}]	description_mining	vendor_eol_bulletin
to read	routers	power	ports	C800-PWRINJ-4=	[{"speed": [], "anzahl": 4, "port_typ": "rj45"}]	description_mining	vendor_eol_bulletin
R4 widen	routers	processor	dimensions	8800-RP	{"d": 204.47, "h": 66.294, "w": 568.198}	html_table	vendor_datasheet_html
R4 widen	routers	processor	dimensions	8800-RP2	{"d": 204.47, "h": 66.294, "w": 568.198}	html_table	vendor_datasheet_html
R4 widen	routers	processor	weight	8800-RP	2.72	html_table	vendor_datasheet_html
R4 widen	routers	processor	weight	8800-RP2	2.72	html_table	vendor_datasheet_html
R4 widen	routers	router	compatible_platform	CG418-E	"● Cisco IOS ® XE based platforms, including Cisco 1000 and 4000 Series Integrated Services Routers and Cisco Catalyst 8	html_table	vendor_datasheet_html
R4 widen	routers	router	compatible_platform	CG522-E	"● Cisco IOS ® XE based platforms, including Cisco 1000 and 4000 Series Integrated Services Routers and Cisco Catalyst 8	html_table	vendor_datasheet_html
to read	routers	router	input_voltage	C8211-G2	{"max": 264, "min": 85}	html_table	vendor_page
to read	routers	router	input_voltage	C8231-G2	{"max": 264, "min": 85}	html_table	vendor_page
to read	routers	router	input_voltage	C8235-G2	{"max": 264, "min": 85}	html_table	vendor_page
to read	routers	router	input_voltage	C8355-G2	{"max": 264, "min": 85}	html_table	vendor_page
to read	routers	router	input_voltage	C841M-4X	{"max": 240, "min": 100}	html_table	vendor_datasheet_html
to read	routers	router	input_voltage	C841M-8X	{"max": 240, "min": 100}	html_table	vendor_datasheet_html
to read	routers	router	mounting	C8130-G2	["rack-19", "under-desk", "din-rail"]	html_table	vendor_guide
to read	routers	router	mounting	C8131-G2	["rack-19", "under-desk", "din-rail"]	html_table	vendor_guide
to read	routers	router	mounting	C8140-G2	["rack-19", "desktop", "under-desk", "wall", "din-rail"]	html_table	vendor_page
to read	routers	router	mounting	C8151-G2	["rack-19", "under-desk", "din-rail"]	html_table	vendor_guide
to read	routers	router	mounting	C8161-G2	["rack-19", "under-desk", "din-rail"]	html_table	vendor_guide
to read	routers	router	mounting	C8211-G2	["rack-19", "under-desk", "din-rail"]	html_table	vendor_guide
to read	routers	router	mounting	C8231-G2	["rack-19", "under-desk", "din-rail"]	html_table	vendor_guide
to read	routers	router	mounting	C8235-G2	["rack-19", "under-desk", "din-rail"]	html_table	vendor_guide
to read	routers	router	mounting	C8355-G2	["rack-19", "rack-23"]	html_table	vendor_guide
to read	routers	router	mounting	C8375-E-G2	["rack-19", "rack-23", "wall"]	html_table	vendor_guide
to read	routers	router	mounting	Z4	["desktop", "wall"]	html_table	vendor_datasheet_html
to read	routers	router	mounting	Z4C	["desktop", "wall"]	html_table	vendor_datasheet_html
to read	routers	router	ports	C1111-8PLTEEAS	[{"speed": [], "anzahl": 8, "port_typ": "sfp"}]	description_mining	vendor_eol_bulletin
to read	routers	router	ports	C1161-8P	[{"speed": ["1G"], "anzahl": 8, "port_typ": "sfp"}]	description_mining	vendor_eol_bulletin
to read	routers	router	ports	C1161-8P++	[{"speed": ["1G"], "anzahl": 8, "port_typ": "sfp"}]	description_mining	vendor_eol_bulletin
to read	routers	router	ports	C1161X-8P	[{"speed": ["1G"], "anzahl": 8, "port_typ": "sfp"}]	description_mining	vendor_eol_bulletin
to read	routers	router	ports	C1161X-8P++	[{"speed": ["1G"], "anzahl": 8, "port_typ": "sfp"}]	description_mining	vendor_eol_bulletin
to read	routers	router	ports	C8200-1N-4T	[{"speed": ["1G"], "anzahl": 2, "port_typ": "sfp"}, {"speed": ["1G"], "anzahl": 2, "port_typ": "rj45"}]	description_mining	vendor_guide
to read	routers	router	ports	C8200L-1N-4T	[{"speed": ["1G"], "anzahl": 2, "port_typ": "sfp"}, {"speed": ["1G"], "anzahl": 2, "port_typ": "rj45"}]	description_mining	vendor_guide
to read	routers	router	ports	C8300-1N1S-4T2X	[{"speed": ["10G"], "anzahl": 2, "port_typ": "sfp-plus"}, {"speed": ["1G"], "anzahl": 4, "port_typ": "rj45"}]	description_mining	vendor_guide
to read	routers	router	ports	C8300-1N1S-6T	[{"speed": ["1G"], "anzahl": 2, "port_typ": "sfp"}, {"speed": ["1G"], "anzahl": 4, "port_typ": "rj45"}]	description_mining	vendor_guide
to read	routers	router	ports	C8300-2N2S-6T	[{"speed": ["1G"], "anzahl": 2, "port_typ": "sfp"}, {"speed": ["1G"], "anzahl": 4, "port_typ": "rj45"}]	description_mining	vendor_guide
to read	routers	router	ports	C841M-4X	[{"speed": ["10/100/1000M"], "anzahl": 4, "port_typ": "rj45"}, {"speed": ["10/100/1000M"], "anzahl": 2, "port_typ": "rj4	description_mining	vendor_datasheet_html
to read	routers	router	ports	C841M-8X	[{"speed": ["10/100/1000M"], "anzahl": 8, "port_typ": "rj45"}, {"speed": ["10/100/1000M"], "anzahl": 2, "port_typ": "rj4	description_mining	vendor_datasheet_html
to read	routers	router	ports	C8500-12X	[{"speed": [], "anzahl": 12, "port_typ": "sfp-plus"}]	description_mining	vendor_datasheet_html
to read	routers	router	ports	C8500-20X6C	[{"speed": [], "anzahl": 20, "port_typ": "sfp-plus"}, {"speed": [], "anzahl": 6, "port_typ": "qsfp-plus"}]	description_mining	vendor_datasheet_html
to read	routers	router	ports	C897VAW-A-K9++	[{"speed": ["1G"], "anzahl": 1, "port_typ": "sfp"}]	description_mining	vendor_eol_bulletin
to read	routers	router	ports	C927-4P	[{"speed": ["1G"], "anzahl": 1, "port_typ": "sfp"}]	description_mining	vendor_eol_bulletin
to read	routers	router	ports	CISCO2821-AC-IP	[{"speed": ["1G"], "anzahl": 2, "port_typ": "rj45"}]	description_mining	vendor_datasheet_html
to read	routers	router	ports	CISCO2851-AC-IP	[{"speed": ["1G"], "anzahl": 2, "port_typ": "rj45"}]	description_mining	vendor_datasheet_html
to read	routers	router	ports	RV042-BR	[{"speed": [], "anzahl": 4, "port_typ": "rj45"}]	description_mining	vendor_eol_bulletin
to read	routers	router	ports	RV042-IN	[{"speed": [], "anzahl": 4, "port_typ": "rj45"}]	description_mining	vendor_eol_bulletin
to read	routers	router	ports	RV042-KR	[{"speed": [], "anzahl": 4, "port_typ": "rj45"}]	description_mining	vendor_eol_bulletin
to read	routers	router	ports	RV082	[{"speed": [], "anzahl": 8, "port_typ": "rj45"}]	description_mining	vendor_eol_bulletin
to read	routers	router	ports	RV082-AU	[{"speed": [], "anzahl": 8, "port_typ": "rj45"}]	description_mining	vendor_eol_bulletin
to read	routers	router	ports	RV082-CN	[{"speed": [], "anzahl": 8, "port_typ": "rj45"}]	description_mining	vendor_eol_bulletin
to read	routers	router	ports	RV082-EU	[{"speed": [], "anzahl": 8, "port_typ": "rj45"}]	description_mining	vendor_eol_bulletin
to read	routers	router	ports	RV082-UK	[{"speed": [], "anzahl": 8, "port_typ": "rj45"}]	description_mining	vendor_eol_bulletin
R4 widen	routers	router	psu_config	C841M-4X	"external"	html_table	vendor_datasheet_html
R4 widen	routers	router	psu_config	C841M-8X	"external"	html_table	vendor_datasheet_html
to read	routers	router	rack_units	C8355-G2	1	html_table	vendor_page
to read	routers	router	rack_units	C8455-G2	1	html_table	vendor_datasheet_html
to read	routers	router	rack_units	C8475-G2	1	html_table	vendor_datasheet_html
to read	routers	router	storage_capacity	C8211-G2	16	html_table	vendor_page
to read	routers	router	storage_capacity	C8231-G2	16	html_table	vendor_page
to read	routers	router	storage_capacity	C8235-G2	16	html_table	vendor_page
to read	routers	router	storage_capacity	C8455-G2	64	html_table	vendor_datasheet_html
to read	routers	router	storage_capacity	C8475-G2	64	html_table	vendor_datasheet_html
to read	routers	router	storage_capacity	C8550-G2	480	html_table	vendor_guide
to read	routers	router	storage_capacity	C8570-G2	480	html_table	vendor_guide
to read	routers	router	storage_capacity	C8650-G2	480	html_table	vendor_guide
R4 widen	routers	sp-router	airflow	8011-32Y8L2H2FH	"front-to-back"	html_table	vendor_datasheet_html
R4 widen	routers	sp-router	airflow	8011-4G24Y4H-I	"front-to-back"	html_table	vendor_datasheet_html
R4 widen	routers	sp-router	dram	8011-32Y8L2H2FH	16	html_table	vendor_datasheet_html
R4 widen	routers	sp-router	dram	8011-4G24Y4H-I	16	html_table	vendor_datasheet_html
R4 widen	routers	sp-router	dram	N540-6Z14S-SYS-D	8	html_table	vendor_datasheet_html
R4 widen	routers	sp-router	mounting	8011-32Y8L2H2FH	["rack-19", "rack-23", "rack-etsi"]	html_table	vendor_datasheet_html
R4 widen	routers	sp-router	mounting	8011-4G24Y4H-I	["rack-19", "rack-23", "rack-etsi"]	html_table	vendor_datasheet_html
R4 widen	routers	sp-router	mounting	N540-6Z14S-SYS-D	["rack-19", "rack-23"]	html_table	vendor_datasheet_html
to read	routers	sp-router	rack_units	NCS4201-SA	1	description_mining	vendor_datasheet_html
to read	routers	sp-router	rack_units	NCS4202-SA	1	description_mining	vendor_datasheet_html
R4 widen	routers	sp-router	storage_capacity	8011-32Y8L2H2FH	38	html_table	vendor_datasheet_html
R4 widen	routers	sp-router	storage_capacity	8011-4G24Y4H-I	38	html_table	vendor_datasheet_html
R4 widen	routers	sp-router	storage_capacity	N540-6Z14S-SYS-D	16	html_table	vendor_datasheet_html
R4 widen	security	analytics	mounting	CV-CNTR-M8N	["rack-19"]	html_table	vendor_datasheet_html
to read	security	drive	ports	ST-M6-D100GF	[{"speed": ["100G"], "anzahl": 2, "port_typ": "qsfp-plus"}]	description_mining	vendor_eol_bulletin
R4 widen	security	firewall	input_voltage	1210CE	{"max": 240, "min": 100}	html_table	vendor_datasheet_html
R4 widen	security	firewall	input_voltage	1210CP	{"max": 240, "min": 100}	html_table	vendor_datasheet_html
R4 widen	security	firewall	input_voltage	1220CX	{"max": 240, "min": 100}	html_table	vendor_datasheet_html
R4 widen	security	firewall	input_voltage	MX105	{"max": 127, "min": 100}	html_table	vendor_datasheet_html
R4 widen	security	firewall	input_voltage	MX75	{"max": 264, "min": 90}	html_table	vendor_datasheet_html
R4 widen	security	firewall	input_voltage	MX85	{"max": 127, "min": 100}	html_table	vendor_datasheet_html
R4 widen	security	firewall	input_voltage	MX95	{"max": 127, "min": 100}	html_table	vendor_datasheet_html
R4 widen	security	firewall	mounting	MX105	["rack-19"]	html_table	vendor_datasheet_html
R4 widen	security	firewall	mounting	MX64	["desktop", "wall"]	html_table	vendor_datasheet_html
R4 widen	security	firewall	mounting	MX64W	["desktop", "wall"]	html_table	vendor_datasheet_html
R4 widen	security	firewall	mounting	MX65	["desktop", "wall"]	html_table	vendor_datasheet_html
R4 widen	security	firewall	mounting	MX65W	["desktop", "wall"]	html_table	vendor_datasheet_html
R4 widen	security	firewall	mounting	MX67	["desktop", "wall"]	html_table	vendor_datasheet_html
R4 widen	security	firewall	mounting	MX67C	["desktop", "wall"]	html_table	vendor_datasheet_html
R4 widen	security	firewall	mounting	MX67W	["desktop", "wall"]	html_table	vendor_datasheet_html
R4 widen	security	firewall	mounting	MX68	["desktop", "wall"]	html_table	vendor_datasheet_html
R4 widen	security	firewall	mounting	MX68CW	["desktop", "wall"]	html_table	vendor_datasheet_html
R4 widen	security	firewall	mounting	MX68W	["desktop", "wall"]	html_table	vendor_datasheet_html
R4 widen	security	firewall	mounting	MX75	["desktop"]	html_table	vendor_datasheet_html
R4 widen	security	firewall	mounting	MX84	["rack-19"]	html_table	vendor_datasheet_html
R4 widen	security	firewall	mounting	MX85	["rack-19"]	html_table	vendor_datasheet_html
R4 widen	security	firewall	mounting	MX95	["rack-19"]	html_table	vendor_datasheet_html
R4 widen	security	firewall	threat_defense_throughput	1210CE	6	html_table	vendor_datasheet_html
R4 widen	security	firewall	threat_defense_throughput	1210CP	6	html_table	vendor_datasheet_html
R4 widen	security	firewall	threat_defense_throughput	1220CX	9	html_table	vendor_datasheet_html
R4 widen	security	security-module	vpn_throughput	SM-40	25	html_table	vendor_datasheet_html
R4 widen	security	security-module	vpn_throughput	SM-48	27	html_table	vendor_datasheet_html
R4 widen	security	security-module	vpn_throughput	SM-56	30	html_table	vendor_datasheet_html
to read	servers-unified-computing	bundle	data_rate	UCS-SPM-MDS-01E	16	description_mining	vendor_eol_bulletin
to read	servers-unified-computing	bundle	data_rate	UCS-SPM-MDS-02E	16	description_mining	vendor_eol_bulletin
to read	servers-unified-computing	bundle	data_rate	UCS-SPM-MDS-03E	16	description_mining	vendor_eol_bulletin
to read	servers-unified-computing	bundle	data_rate	UCS-SPM-MDS-04E	16	description_mining	vendor_eol_bulletin
to read	servers-unified-computing	bundle	data_rate	UCS-SPM-MDS-05E	16	description_mining	vendor_eol_bulletin
to read	servers-unified-computing	bundle	data_rate	UCS-SPM-MDS-06E	16	description_mining	vendor_eol_bulletin
to read	servers-unified-computing	bundle	data_rate	UCS-SPM-MDS-07E	16	description_mining	vendor_eol_bulletin
to read	servers-unified-computing	bundle	data_rate	UCS-SPM-MDS-08E	16	description_mining	vendor_eol_bulletin
to read	servers-unified-computing	chassis	data_rate	UCS-C3X60-12G0400	12	description_mining	vendor_eol_bulletin
to read	servers-unified-computing	chassis	data_rate	UCS-C3X60-12G0400=	12	description_mining	vendor_eol_bulletin
to read	servers-unified-computing	chassis	data_rate	UCSC-C3X60-HBA	12	description_mining	vendor_eol_bulletin
to read	servers-unified-computing	chassis	data_rate	UCSC-C3X60-HBA=	12	description_mining	vendor_eol_bulletin
to read	servers-unified-computing	chassis	data_rate	UCSC-C3X60-R1GB	12	description_mining	vendor_eol_bulletin
to read	servers-unified-computing	chassis	data_rate	UCSC-C3X60-R1GB=	12	description_mining	vendor_eol_bulletin
to read	servers-unified-computing	chassis	data_rate	UCSC-C3X60-R4GB	12	description_mining	vendor_eol_bulletin
to read	servers-unified-computing	chassis	data_rate	UCSC-C3X60-R4GB=	12	description_mining	vendor_eol_bulletin
R4 widen	servers-unified-computing	cpu	cpu_base_clock	UCS-CPU-A9015	3.6	html_table	vendor_datasheet_pdf
R4 widen	servers-unified-computing	cpu	cpu_base_clock	UCS-CPU-A9115	2.6	html_table	vendor_datasheet_pdf
R4 widen	servers-unified-computing	cpu	cpu_base_clock	UCS-CPU-A9124	3	html_table	vendor_datasheet_pdf
R4 widen	servers-unified-computing	cpu	cpu_base_clock	UCS-CPU-A9135	3.65	html_table	vendor_datasheet_pdf
R4 widen	servers-unified-computing	cpu	cpu_base_clock	UCS-CPU-A9224	2.5	html_table	vendor_datasheet_pdf
R4 widen	servers-unified-computing	cpu	cpu_base_clock	UCS-CPU-A9254	2.9	html_table	vendor_datasheet_pdf
R4 widen	servers-unified-computing	cpu	cpu_base_clock	UCS-CPU-A9354P	3.25	html_table	vendor_datasheet_pdf
R4 widen	servers-unified-computing	cpu	cpu_base_clock	UCS-CPU-A9355P	3.55	html_table	vendor_datasheet_pdf
R4 widen	servers-unified-computing	cpu	cpu_base_clock	UCS-CPU-A9365	3.4	html_table	vendor_datasheet_pdf
R4 widen	servers-unified-computing	cpu	cpu_base_clock	UCS-CPU-A9454P	2.75	html_table	vendor_datasheet_pdf
R4 widen	servers-unified-computing	cpu	cpu_base_clock	UCS-CPU-A9565	3.15	html_table	vendor_datasheet_pdf
R4 widen	servers-unified-computing	cpu	cpu_base_clock	UCS-CPU-A9575F	3.3	html_table	vendor_datasheet_pdf
R4 widen	servers-unified-computing	cpu	cpu_base_clock	UCS-CPU-A9684X	2.55	html_table	vendor_datasheet_pdf
R4 widen	servers-unified-computing	cpu	cpu_base_clock	UCS-CPU-A9825	2.2	html_table	vendor_datasheet_pdf
R4 widen	servers-unified-computing	cpu	cpu_base_clock	UCS-CPU-A9845	2.1	html_table	vendor_datasheet_pdf
R4 widen	servers-unified-computing	cpu	cpu_base_clock	UCSX-CPU-A9015	3.6	html_table	vendor_datasheet_pdf
R4 widen	servers-unified-computing	cpu	cpu_base_clock	UCSX-CPU-A9115	2.6	html_table	vendor_datasheet_pdf
R4 widen	servers-unified-computing	cpu	cpu_base_clock	UCSX-CPU-A9175F	4.2	pdf_table	vendor_datasheet_pdf
R4 widen	servers-unified-computing	cpu	cpu_base_clock	UCSX-CPU-A9255	3.2	pdf_table	vendor_datasheet_pdf
R4 widen	servers-unified-computing	cpu	cpu_base_clock	UCSX-CPU-A9275F	4.1	pdf_table	vendor_datasheet_pdf
R4 widen	servers-unified-computing	cpu	cpu_base_clock	UCSX-CPU-A9335	3	pdf_table	vendor_datasheet_pdf
R4 widen	servers-unified-computing	cpu	cpu_base_clock	UCSX-CPU-A9355P	3.55	pdf_table	vendor_datasheet_pdf
R4 widen	servers-unified-computing	cpu	cpu_base_clock	UCSX-CPU-A9365	3.4	html_table	vendor_datasheet_pdf
R4 widen	servers-unified-computing	cpu	cpu_base_clock	UCSX-CPU-A9375F	3.8	pdf_table	vendor_datasheet_pdf
R4 widen	servers-unified-computing	cpu	cpu_base_clock	UCSX-CPU-A9455	3.15	pdf_table	vendor_datasheet_pdf
R4 widen	servers-unified-computing	cpu	cpu_base_clock	UCSX-CPU-A9455P	3.15	pdf_table	vendor_datasheet_pdf
R4 widen	servers-unified-computing	cpu	cpu_base_clock	UCSX-CPU-A9475F	3.65	pdf_table	vendor_datasheet_pdf
R4 widen	servers-unified-computing	cpu	cpu_base_clock	UCSX-CPU-A9535	2.4	pdf_table	vendor_datasheet_pdf
R4 widen	servers-unified-computing	cpu	cpu_base_clock	UCSX-CPU-A9555P	3.2	pdf_table	vendor_datasheet_pdf
R4 widen	servers-unified-computing	cpu	cpu_base_clock	UCSX-CPU-A9565	3.15	html_table	vendor_datasheet_pdf
R4 widen	servers-unified-computing	cpu	cpu_base_clock	UCSX-CPU-A9575F	3.3	html_table	vendor_datasheet_pdf
R4 widen	servers-unified-computing	cpu	cpu_base_clock	UCSX-CPU-A9645	2.3	pdf_table	vendor_datasheet_pdf
R4 widen	servers-unified-computing	cpu	cpu_base_clock	UCSX-CPU-A9655P	2.6	pdf_table	vendor_datasheet_pdf
R4 widen	servers-unified-computing	cpu	cpu_base_clock	UCSX-CPU-A9825	2.2	html_table	vendor_datasheet_pdf
R4 widen	servers-unified-computing	cpu	cpu_base_clock	UCSX-CPU-A9845	2.1	html_table	vendor_datasheet_pdf
to read	servers-unified-computing	drive	cpu	UCSC-C3K-M4SRB	"E5-2600 v4"	description_mining	vendor_eol_bulletin
to read	servers-unified-computing	mechanical	cpu	UCS-M3-V2-LBL-100=	"E5-2600 v2"	description_mining	vendor_eol_bulletin
to read	servers-unified-computing	mechanical	data_rate	UCSC-MRAID-SC	12	description_mining	vendor_eol_bulletin
to read	servers-unified-computing	memory	input_voltage	CSP-MR-X16G1RS-H	{"max": 2, "min": 2}	description_mining	vendor_eol_bulletin
to read	servers-unified-computing	memory	input_voltage	CSP-MR-X16G1RT-H	{"max": 2, "min": 2}	description_mining	vendor_eol_bulletin
to read	servers-unified-computing	memory	input_voltage	CSP-MR-X32G2RS-H	{"max": 2, "min": 2}	description_mining	vendor_eol_bulletin
to read	servers-unified-computing	memory	input_voltage	CSP-MR-X32G2RT-H	{"max": 2, "min": 2}	description_mining	vendor_eol_bulletin
to read	servers-unified-computing	memory	storage_capacity	EM3-AF-480G-4T	480	description_mining	vendor_eol_bulletin
to read	servers-unified-computing	nic	storage_capacity	UCS-PCI25-16003	1600	description_mining	vendor_eol_bulletin
to read	servers-unified-computing	nic	storage_capacity	UCS-PCI25-16003=	1600	description_mining	vendor_eol_bulletin
to read	servers-unified-computing	nic	storage_capacity	UCS-PCI25-40010	400	description_mining	vendor_eol_bulletin
to read	servers-unified-computing	nic	storage_capacity	UCS-PCI25-40010=	400	description_mining	vendor_eol_bulletin
to read	servers-unified-computing	nic	storage_capacity	UCS-PCI25-80010	800	description_mining	vendor_eol_bulletin
to read	servers-unified-computing	nic	storage_capacity	UCS-PCI25-80010=	800	description_mining	vendor_eol_bulletin
to read	servers-unified-computing	nic	storage_capacity	UCS-PCI25-8003	800	description_mining	vendor_eol_bulletin
to read	servers-unified-computing	nic	storage_capacity	UCS-PCI25-8003=	800	description_mining	vendor_eol_bulletin
R4 widen	servers-unified-computing	power	modulation_format	UCSXE-PSU-2400W	"AC"	pdf_table	vendor_datasheet_pdf
R4 widen	servers-unified-computing	power	modulation_format	UCSXE-PSU-2400WDC	"DC"	pdf_table	vendor_datasheet_pdf
to read	servers-unified-computing	server	data_rate	C880-16GFC-L202	16	description_mining	vendor_eol_bulletin
to read	servers-unified-computing	server	data_rate	C880-16GFC-L202=	16	description_mining	vendor_eol_bulletin
to read	servers-unified-computing	server	data_rate	C880-SASCONTR	6	description_mining	vendor_eol_bulletin
to read	servers-unified-computing	server	data_rate	C880-SASCONTR=	6	description_mining	vendor_eol_bulletin
R4 widen	servers-unified-computing	server	drive_interface	UCSC-240M8E3-16X4	"pcie"	html_table	vendor_datasheet_pdf
R4 widen	servers-unified-computing	server	drive_interface	UCSC-240M8E3-24X4	"pcie"	html_table	vendor_datasheet_pdf
R4 widen	servers-unified-computing	server	drive_interface	UCSC-240M8E3-32X2	"pcie"	html_table	vendor_datasheet_pdf
R4 widen	servers-unified-computing	server	drive_interface	UCSC-240M8E3-32X4	"pcie"	html_table	vendor_datasheet_pdf
to read	servers-unified-computing	server	storage_capacity	C885A-NVD15TK1V	15667.2	description_mining	vendor_eol_bulletin
to read	servers-unified-computing	server	storage_capacity	C885A-NVD15TK1V=	15667.2	description_mining	vendor_eol_bulletin
to read	servers-unified-computing	server	storage_capacity	C885A-NVD3T8K1V	3891.2	description_mining	vendor_eol_bulletin
to read	servers-unified-computing	server	storage_capacity	C885A-NVD3T8K1V=	3891.2	description_mining	vendor_eol_bulletin
to read	servers-unified-computing	server	storage_capacity	C885A-NVD7T6K1V	7782.4	description_mining	vendor_eol_bulletin
to read	servers-unified-computing	server	storage_capacity	C885A-NVD7T6K1V=	7782.4	description_mining	vendor_eol_bulletin
to read	servers-unified-computing	server	storage_capacity	C890-M5-480SSD	480	description_mining	vendor_eol_bulletin
to read	servers-unified-computing	server	storage_capacity	C890-M5-480SSD=	480	description_mining	vendor_eol_bulletin
to read	servers-unified-computing	server	storage_capacity	UCS-E160S-M3/K9	8192	html_table	vendor_whitepaper
to read	servers-unified-computing	server	storage_capacity	UCS-E180D-M3/K9	16384	html_table	vendor_whitepaper
to read	servers-unified-computing	server	storage_capacity	UCS-S-MSD960GBK9	960	html_table	vendor_datasheet_pdf
to read	servers-unified-computing	server	storage_capacity	UCS-S3260-G3SD24G	240	html_table	vendor_datasheet_pdf
to read	servers-unified-computing	server	storage_capacity	UCS-S3260-G3SD48G	480	html_table	vendor_datasheet_pdf
to read	servers-unified-computing	server	storage_capacity	UCS-S3260-NVG240	4096	description_mining	vendor_eol_bulletin
to read	servers-unified-computing	server	storage_capacity	UCS-S3260-NVG240=	4096	description_mining	vendor_eol_bulletin
to read	servers-unified-computing	server	storage_capacity	UCS-S3260-NVMW16	1638.4	description_mining	vendor_eol_bulletin
to read	servers-unified-computing	server	storage_capacity	UCS-S3260-NVMW16=	1638.4	description_mining	vendor_eol_bulletin
to read	servers-unified-computing	server	storage_capacity	UCS-S3260-NVMW19T	1945.6	description_mining	vendor_eol_bulletin
to read	servers-unified-computing	server	storage_capacity	UCS-S3260-NVMW19T=	1945.6	description_mining	vendor_eol_bulletin
to read	servers-unified-computing	server	storage_capacity	UCS-S3260-NVMW32	3276.8	description_mining	vendor_eol_bulletin
to read	servers-unified-computing	server	storage_capacity	UCS-S3260-NVMW32=	3276.8	description_mining	vendor_eol_bulletin
to read	servers-unified-computing	server	storage_capacity	UCS-S3260-NVMW38T	3891.2	description_mining	vendor_eol_bulletin
to read	servers-unified-computing	server	storage_capacity	UCS-S3260-NVMW38T=	3891.2	description_mining	vendor_eol_bulletin
to read	servers-unified-computing	server	storage_capacity	UCS-S3260-NVMW64T	6553.6	description_mining	vendor_eol_bulletin
to read	servers-unified-computing	server	storage_capacity	UCS-S3260-NVMW64T=	6553.6	description_mining	vendor_eol_bulletin
to read	servers-unified-computing	server	storage_capacity	UCS-S3260G3SD160T	1638.4	html_table	vendor_datasheet_pdf
to read	servers-unified-computing	storage-controller	data_rate	PLHC-MRAID12G	12	description_mining	vendor_eol_bulletin
to read	servers-unified-computing	storage-controller	data_rate	UCSB-MRAID12G	12	description_mining	vendor_eol_bulletin
to read	servers-unified-computing	storage-controller	data_rate	UCSB-MRAID12G=	12	description_mining	vendor_eol_bulletin
to read	servers-unified-computing	storage-controller	data_rate	UCSB-RAID12G-M6	12	description_mining	vendor_eol_bulletin
to read	servers-unified-computing	storage-controller	data_rate	UCSB-RAID12G-M6=	12	description_mining	vendor_eol_bulletin
to read	servers-unified-computing	storage-controller	data_rate	UCSC-9400-8I	12	description_mining	vendor_eol_bulletin
to read	servers-unified-computing	storage-controller	data_rate	UCSC-9400-8I=	12	description_mining	vendor_eol_bulletin
to read	servers-unified-computing	storage-controller	data_rate	UCSC-MRAID12G	12	description_mining	vendor_eol_bulletin
to read	servers-unified-computing	storage-controller	data_rate	UCSC-MRAID12G-1GB	12	description_mining	vendor_eol_bulletin
to read	servers-unified-computing	storage-controller	data_rate	UCSC-MRAID12G-1GB=	12	description_mining	vendor_eol_bulletin
to read	servers-unified-computing	storage-controller	data_rate	UCSC-MRAID12G-2GB	12	description_mining	vendor_eol_bulletin
to read	servers-unified-computing	storage-controller	data_rate	UCSC-MRAID12G-2GB=	12	description_mining	vendor_eol_bulletin
to read	servers-unified-computing	storage-controller	data_rate	UCSC-MRAID12G-4GB	12	description_mining	vendor_eol_bulletin
to read	servers-unified-computing	storage-controller	data_rate	UCSC-MRAID12G-4GB=	12	description_mining	vendor_eol_bulletin
to read	servers-unified-computing	storage-controller	data_rate	UCSC-MRAID12G-512	12	description_mining	vendor_eol_bulletin
to read	servers-unified-computing	storage-controller	data_rate	UCSC-MRAID12G-512=	12	description_mining	vendor_eol_bulletin
to read	servers-unified-computing	storage-controller	data_rate	UCSC-MRAID12G=	12	description_mining	vendor_eol_bulletin
to read	servers-unified-computing	storage-controller	data_rate	UCSC-MRAIDC460	12	description_mining	vendor_eol_bulletin
to read	servers-unified-computing	storage-controller	data_rate	UCSC-MRAIDC460=	12	description_mining	vendor_eol_bulletin
to read	servers-unified-computing	storage-controller	data_rate	UCSC-PSAS12GHBA	12	description_mining	vendor_eol_bulletin
to read	servers-unified-computing	storage-controller	data_rate	UCSC-PSAS12GHBA=	12	description_mining	vendor_eol_bulletin
to read	servers-unified-computing	storage-controller	data_rate	UCSC-SAS9300-8E=	12	description_mining	vendor_eol_bulletin
R4 widen	storage-networking	director	cooling	DS-C9706	"redundant-replaceable"	hexcat_seed	vendor_datasheet_html
R4 widen	storage-networking	director	cooling	DS-C9710	"redundant-replaceable"	hexcat_seed	vendor_datasheet_html
R4 widen	storage-networking	director	cooling	DS-C9718	"redundant-replaceable"	hexcat_seed	vendor_datasheet_html
R4 widen	storage-networking	director	mgmt_class	DS-C9706	"managed"	hexcat_seed	vendor_datasheet_html
R4 widen	storage-networking	director	mgmt_class	DS-C9710	"managed"	hexcat_seed	vendor_datasheet_html
R4 widen	storage-networking	director	mgmt_class	DS-C9718	"managed"	hexcat_seed	vendor_datasheet_html
R4 widen	storage-networking	director	switching_capacity	DS-C9706	12000	hexcat_seed	vendor_datasheet_html
R4 widen	storage-networking	director	switching_capacity	DS-C9710	24000	hexcat_seed	vendor_datasheet_html
R4 widen	storage-networking	director	switching_capacity	DS-C9718	48000	hexcat_seed	vendor_datasheet_html
to read	storage-networking	fan	data_rate	DS-C32S-FAN-I=	32	description_mining	vendor_datasheet_html
to read	storage-networking	fan	rack_units	DS-1RU-FAN	1	description_mining	vendor_eol_bulletin
to read	switches	bundle	module_slots	C4500-10R-S8E-MGIG	10	description_mining	vendor_eol_bulletin
to read	switches	bundle	module_slots	C4500E-3NR-7E-MGIG	3	description_mining	vendor_eol_bulletin
to read	switches	bundle	module_slots	C4500E-3NR-7E-UPOE	3	description_mining	vendor_eol_bulletin
to read	switches	bundle	module_slots	C4500E-3NR-8E-MGIG	3	description_mining	vendor_eol_bulletin
to read	switches	bundle	module_slots	C4500E-3NR-8E-UPOE	3	description_mining	vendor_eol_bulletin
to read	switches	bundle	module_slots	C4500E-3NR-8L-4748	3	description_mining	vendor_eol_bulletin
to read	switches	bundle	module_slots	C4500E-3NR-8L-MGIG	3	description_mining	vendor_eol_bulletin
to read	switches	bundle	module_slots	C4500E-3NR-8L-UPOE	3	description_mining	vendor_eol_bulletin
to read	switches	bundle	module_slots	C4500E-6NR-7E-MGIG	6	description_mining	vendor_eol_bulletin
to read	switches	bundle	module_slots	C4500E-6NR-7E-UPOE	6	description_mining	vendor_eol_bulletin
to read	switches	bundle	module_slots	C4500E-6NR-8E-MGIG	6	description_mining	vendor_eol_bulletin
to read	switches	bundle	module_slots	C4500E-6NR-8E-UPOE	6	description_mining	vendor_eol_bulletin
to read	switches	bundle	module_slots	C4500E-6NR-8L-4748	6	description_mining	vendor_eol_bulletin
to read	switches	bundle	module_slots	C4500E-6NR-8L-MGIG	6	description_mining	vendor_eol_bulletin
to read	switches	bundle	module_slots	C4500E-6NR-8L-UPOE	6	description_mining	vendor_eol_bulletin
to read	switches	bundle	module_slots	C4500E-7R-S7E-MGIG	7	description_mining	vendor_eol_bulletin
to read	switches	bundle	module_slots	C4500E-7R-S7E-UPOE	7	description_mining	vendor_eol_bulletin
to read	switches	bundle	module_slots	C4500E-7R-S8E-MGIG	7	description_mining	vendor_eol_bulletin
to read	switches	bundle	module_slots	C4500E-7R-S8E-UPOE	7	description_mining	vendor_eol_bulletin
to read	switches	bundle	module_slots	C4500E-7R-S8L-4748	7	description_mining	vendor_eol_bulletin
to read	switches	bundle	module_slots	C4500E-7R-S8L-MGIG	7	description_mining	vendor_eol_bulletin
to read	switches	bundle	module_slots	C4500E-7R-S8L-UPOE	7	description_mining	vendor_eol_bulletin
to read	switches	bundle	module_slots	C4500E-7R-S9E-MGIG	7	description_mining	vendor_eol_bulletin
to read	switches	bundle	module_slots	C4500E-S6-4748RJV	6	description_mining	vendor_eol_bulletin
to read	switches	bundle	module_slots	C4500E-S6-MGIG	6	description_mining	vendor_eol_bulletin
to read	switches	bundle	module_slots	C4500E-S7-4748RJV	7	description_mining	vendor_eol_bulletin
to read	switches	bundle	module_slots	C4500RE-S7-MGIG	7	description_mining	vendor_eol_bulletin
to read	switches	bundle	module_slots	C4510RE-S8-MGIG	10	description_mining	vendor_eol_bulletin
to read	switches	bundle	poe_standard	C4500E-3NR-7E-UPOE	"upoe"	description_mining	vendor_eol_bulletin
to read	switches	bundle	poe_standard	C4500E-3NR-8E-UPOE	"upoe"	description_mining	vendor_eol_bulletin
to read	switches	bundle	poe_standard	C4500E-3NR-8L-UPOE	"upoe"	description_mining	vendor_eol_bulletin
to read	switches	bundle	poe_standard	C4500E-6NR-7E-UPOE	"upoe"	description_mining	vendor_eol_bulletin
to read	switches	bundle	poe_standard	C4500E-6NR-8E-UPOE	"upoe"	description_mining	vendor_eol_bulletin
to read	switches	bundle	poe_standard	C4500E-6NR-8L-UPOE	"upoe"	description_mining	vendor_eol_bulletin
to read	switches	bundle	poe_standard	C4500E-7R-S7E-UPOE	"upoe"	description_mining	vendor_eol_bulletin
to read	switches	bundle	poe_standard	C4500E-7R-S8E-UPOE	"upoe"	description_mining	vendor_eol_bulletin
to read	switches	bundle	poe_standard	C4500E-7R-S8L-UPOE	"upoe"	description_mining	vendor_eol_bulletin
to read	switches	bundle	poe_standard	C4500E-S6-MGIG	"upoe"	description_mining	vendor_eol_bulletin
to read	switches	bundle	poe_standard	C4500RE-S7-MGIG	"upoe"	description_mining	vendor_eol_bulletin
to read	switches	bundle	poe_standard	C4510RE-S8-MGIG	"upoe"	description_mining	vendor_eol_bulletin
to read	switches	bundle	poe_standard	C4510RE-S9-UPOE	"upoe"	description_mining	vendor_eol_bulletin
to read	switches	bundle	ports	C1-N5672UP4FEX10GT	[{"speed": ["10G"], "anzahl": 4, "port_typ": "rj45"}]	description_mining	vendor_eol_bulletin
to read	switches	bundle	ports	C1-N9K-C93108EXB24	[{"speed": ["100G"], "anzahl": 2, "port_typ": "qsfp-plus"}]	description_mining	vendor_eol_bulletin
to read	switches	bundle	ports	C1-N9K-C93180EXB24	[{"speed": ["100G"], "anzahl": 2, "port_typ": "qsfp-plus"}]	description_mining	vendor_eol_bulletin
to read	switches	bundle	ports	CH-C3560-24TS-S-24	[{"speed": ["10/100M"], "anzahl": 24, "port_typ": "rj45"}, {"speed": [], "anzahl": 2, "port_typ": "sfp"}]	description_mining	vendor_eol_bulletin
to read	switches	bundle	ports	CH-C3560-48TS-S-24	[{"speed": ["10/100M"], "anzahl": 48, "port_typ": "rj45"}, {"speed": [], "anzahl": 2, "port_typ": "sfp"}]	description_mining	vendor_eol_bulletin
to read	switches	bundle	ports	N3K-C3132Q-X-16BD	[{"speed": [], "anzahl": 16, "port_typ": "qsfp-plus"}]	description_mining	vendor_eol_bulletin
to read	switches	bundle	ports	N3K-C3172PQ-6BD	[{"speed": [], "anzahl": 6, "port_typ": "qsfp-plus"}]	description_mining	vendor_eol_bulletin
to read	switches	bundle	ports	N3K-C3172PQ-ZZ	[{"speed": [], "anzahl": 6, "port_typ": "qsfp-plus"}]	description_mining	vendor_eol_bulletin
to read	switches	bundle	ports	N3K-C3172TQ-6BD	[{"speed": [], "anzahl": 6, "port_typ": "qsfp-plus"}]	description_mining	vendor_eol_bulletin
to read	switches	bundle	ports	N3K-C3172TQ-ZZ	[{"speed": [], "anzahl": 6, "port_typ": "qsfp-plus"}]	description_mining	vendor_eol_bulletin
to read	switches	bundle	ports	N3K-C3408-B	[{"speed": [], "anzahl": 12, "port_typ": "qsfp-plus"}]	description_mining	vendor_eol_bulletin
to read	switches	bundle	ports	N3K-C3408-QSFP-B	[{"speed": [], "anzahl": 12, "port_typ": "qsfp-plus"}]	description_mining	vendor_eol_bulletin
to read	switches	bundle	ports	N5672UP-4FEX-10GT	[{"speed": ["10G"], "anzahl": 4, "port_typ": "rj45"}]	description_mining	vendor_eol_bulletin
to read	switches	bundle	ports	N5672UP-6FEX-10GT	[{"speed": ["10G"], "anzahl": 6, "port_typ": "rj45"}]	description_mining	vendor_eol_bulletin
to read	switches	bundle	ports	N5696Q-8FEX-10GT	[{"speed": ["10G"], "anzahl": 8, "port_typ": "rj45"}]	description_mining	vendor_eol_bulletin
to read	switches	bundle	ports	N6001P-4FEX-10GT	[{"speed": ["10G"], "anzahl": 4, "port_typ": "rj45"}]	description_mining	vendor_eol_bulletin
to read	switches	bundle	ports	N6001P-6FEX-10GT	[{"speed": ["10G"], "anzahl": 6, "port_typ": "rj45"}]	description_mining	vendor_eol_bulletin
to read	switches	bundle	ports	N6004-4FEX-10GT	[{"speed": ["10G"], "anzahl": 4, "port_typ": "rj45"}]	description_mining	vendor_eol_bulletin
to read	switches	bundle	ports	N6004-6FEX-10GT	[{"speed": ["10G"], "anzahl": 6, "port_typ": "rj45"}]	description_mining	vendor_eol_bulletin
to read	switches	bundle	ports	N6004-8FEX-10GT	[{"speed": ["10G"], "anzahl": 8, "port_typ": "rj45"}]	description_mining	vendor_eol_bulletin
to read	switches	bundle	ports	N6004EF-4FEX-10GT	[{"speed": ["10G"], "anzahl": 4, "port_typ": "rj45"}]	description_mining	vendor_eol_bulletin
to read	switches	bundle	ports	N6004EF-6FEX-10GT	[{"speed": ["10G"], "anzahl": 6, "port_typ": "rj45"}]	description_mining	vendor_eol_bulletin
to read	switches	bundle	ports	N6004EF-8FEX-10GT	[{"speed": ["10G"], "anzahl": 8, "port_typ": "rj45"}]	description_mining	vendor_eol_bulletin
to read	switches	bundle	ports	WS-C3560V2-48PS-SM	[{"speed": ["10/100M"], "anzahl": 48, "port_typ": "rj45"}, {"speed": [], "anzahl": 4, "port_typ": "sfp"}]	description_mining	vendor_eol_bulletin
R4 widen	switches	chassis	cooling	C6807-XL	"redundant-replaceable"	hexcat_seed	vendor_datasheet_html
R4 widen	switches	chassis	cooling	C9404R	"redundant-replaceable"	hexcat_seed	vendor_datasheet_html
R4 widen	switches	chassis	cooling	C9407R	"redundant-replaceable"	hexcat_seed	vendor_datasheet_html
R4 widen	switches	chassis	cooling	C9410R	"redundant-replaceable"	hexcat_seed	vendor_datasheet_html
R4 widen	switches	chassis	cooling	C9606R	"redundant-replaceable"	hexcat_seed	vendor_datasheet_html
R4 widen	switches	chassis	cooling	C9610R	"fixed-fans"	hexcat_seed	vendor_datasheet_html
R4 widen	switches	chassis	cooling	N77-C7702	"fixed-fans"	hexcat_seed	vendor_datasheet_html
R4 widen	switches	chassis	cooling	N77-C7706	"redundant-replaceable"	hexcat_seed	vendor_datasheet_html
R4 widen	switches	chassis	cooling	N77-C7710	"redundant-replaceable"	hexcat_seed	vendor_datasheet_html
R4 widen	switches	chassis	cooling	N77-C7718	"redundant-replaceable"	hexcat_seed	vendor_datasheet_html
R4 widen	switches	chassis	cooling	N7K-C7004	"redundant-replaceable"	hexcat_seed	vendor_datasheet_html
R4 widen	switches	chassis	cooling	N7K-C7009	"redundant-replaceable"	hexcat_seed	vendor_datasheet_html
R4 widen	switches	chassis	cooling	N7K-C7010	"redundant-replaceable"	hexcat_seed	vendor_datasheet_html
R4 widen	switches	chassis	cooling	N7K-C7018	"redundant-replaceable"	hexcat_seed	vendor_datasheet_html
R4 widen	switches	chassis	cooling	N9K-C9408	"redundant-replaceable"	hexcat_seed	vendor_datasheet_html
R4 widen	switches	chassis	cooling	N9K-C9504	"fixed-fans"	hexcat_seed	vendor_datasheet_html
R4 widen	switches	chassis	cooling	N9K-C9508	"fixed-fans"	hexcat_seed	vendor_datasheet_html
R4 widen	switches	chassis	cooling	N9K-C9516	"fixed-fans"	hexcat_seed	vendor_datasheet_html
R4 widen	switches	chassis	cooling	N9K-C9804	"redundant-replaceable"	hexcat_seed	vendor_datasheet_html
R4 widen	switches	chassis	cooling	N9K-C9808	"redundant-replaceable"	hexcat_seed	vendor_datasheet_html
R4 widen	switches	chassis	cooling	WS-C4503-E	"redundant-replaceable"	hexcat_seed	vendor_datasheet_html
R4 widen	switches	chassis	cooling	WS-C4506-E	"redundant-replaceable"	hexcat_seed	vendor_datasheet_html
R4 widen	switches	chassis	cooling	WS-C4507R+E	"redundant-replaceable"	hexcat_seed	vendor_datasheet_html
R4 widen	switches	chassis	cooling	WS-C4510R+E	"redundant-replaceable"	hexcat_seed	vendor_datasheet_html
R4 widen	switches	chassis	cooling	WS-C6503-E	"redundant-replaceable"	hexcat_seed	vendor_datasheet_html
R4 widen	switches	chassis	cooling	WS-C6504-E	"redundant-replaceable"	hexcat_seed	vendor_datasheet_html
R4 widen	switches	chassis	cooling	WS-C6506-E	"redundant-replaceable"	hexcat_seed	vendor_datasheet_html
R4 widen	switches	chassis	cooling	WS-C6509-E	"redundant-replaceable"	hexcat_seed	vendor_datasheet_html
R4 widen	switches	chassis	cooling	WS-C6509-V-E	"redundant-replaceable"	hexcat_seed	vendor_datasheet_html
R4 widen	switches	chassis	cooling	WS-C6513-E	"redundant-replaceable"	hexcat_seed	vendor_datasheet_html
R4 widen	switches	chassis	mounting	C9404R	["rack-19"]	html_table	vendor_datasheet_html
R4 widen	switches	chassis	mounting	C9407R	["rack-19"]	html_table	vendor_datasheet_html
R4 widen	switches	chassis	mounting	C9410R	["rack-19"]	html_table	vendor_datasheet_html
R4 widen	switches	chassis	mounting	WS-C4503-E	["rack-19", "rack-23"]	html_table	vendor_datasheet_html
R4 widen	switches	chassis	mounting	WS-C4506-E	["rack-19", "rack-23"]	html_table	vendor_datasheet_html
R4 widen	switches	chassis	mounting	WS-C4507R+E	["rack-19", "rack-23"]	html_table	vendor_datasheet_html
R4 widen	switches	chassis	mounting	WS-C4510R+E	["rack-19", "rack-23"]	html_table	vendor_datasheet_html
R4 widen	switches	chassis	mtbf	C9404R	2077070	html_table	vendor_datasheet_html
R4 widen	switches	chassis	mtbf	C9407R	1571010	html_table	vendor_datasheet_html
R4 widen	switches	chassis	mtbf	C9410R	1404840	html_table	vendor_datasheet_html
R4 widen	switches	chassis	mtbf	WS-C4503-E	1064279	html_table	vendor_datasheet_html
R4 widen	switches	chassis	mtbf	WS-C4506-E	710119	html_table	vendor_datasheet_html
R4 widen	switches	chassis	mtbf	WS-C4507R+E	248630	html_table	vendor_datasheet_html
R4 widen	switches	chassis	mtbf	WS-C4510R+E	179714	html_table	vendor_datasheet_html
R4 widen	switches	chassis	psu_redundant	C6807-XL	true	hexcat_seed	vendor_datasheet_html
R4 widen	switches	chassis	psu_redundant	C9404R	true	hexcat_seed	vendor_datasheet_html
R4 widen	switches	chassis	psu_redundant	C9407R	true	hexcat_seed	vendor_datasheet_html
R4 widen	switches	chassis	psu_redundant	C9410R	true	hexcat_seed	vendor_datasheet_html
R4 widen	switches	chassis	psu_redundant	C9606R	true	hexcat_seed	vendor_datasheet_html
R4 widen	switches	chassis	psu_redundant	C9610R	true	hexcat_seed	vendor_datasheet_html
R4 widen	switches	chassis	psu_redundant	N77-C7706	true	hexcat_seed	vendor_datasheet_html
R4 widen	switches	chassis	psu_redundant	N77-C7710	true	hexcat_seed	vendor_datasheet_html
R4 widen	switches	chassis	psu_redundant	N77-C7718	true	hexcat_seed	vendor_datasheet_html
R4 widen	switches	chassis	psu_redundant	N7K-C7004	true	hexcat_seed	vendor_datasheet_html
R4 widen	switches	chassis	psu_redundant	N7K-C7009	true	hexcat_seed	vendor_datasheet_html
R4 widen	switches	chassis	psu_redundant	N7K-C7010	true	hexcat_seed	vendor_datasheet_html
R4 widen	switches	chassis	psu_redundant	N7K-C7018	true	hexcat_seed	vendor_datasheet_html
R4 widen	switches	chassis	psu_redundant	N9K-C9408	true	hexcat_seed	vendor_datasheet_html
R4 widen	switches	chassis	psu_redundant	N9K-C9504	true	hexcat_seed	vendor_datasheet_html
R4 widen	switches	chassis	psu_redundant	N9K-C9508	true	hexcat_seed	vendor_datasheet_html
R4 widen	switches	chassis	psu_redundant	N9K-C9516	true	hexcat_seed	vendor_datasheet_html
R4 widen	switches	chassis	psu_redundant	N9K-C9804	true	hexcat_seed	vendor_datasheet_html
R4 widen	switches	chassis	psu_redundant	N9K-C9808	true	hexcat_seed	vendor_datasheet_html
R4 widen	switches	chassis	psu_redundant	WS-C4503-E	true	hexcat_seed	vendor_datasheet_html
R4 widen	switches	chassis	psu_redundant	WS-C4506-E	true	hexcat_seed	vendor_datasheet_html
R4 widen	switches	chassis	psu_redundant	WS-C4507R+E	true	hexcat_seed	vendor_datasheet_html
R4 widen	switches	chassis	psu_redundant	WS-C4510R+E	true	hexcat_seed	vendor_datasheet_html
R4 widen	switches	chassis	psu_redundant	WS-C6503-E	true	hexcat_seed	vendor_datasheet_html
R4 widen	switches	chassis	psu_redundant	WS-C6504-E	true	hexcat_seed	vendor_datasheet_html
R4 widen	switches	chassis	psu_redundant	WS-C6506-E	true	hexcat_seed	vendor_datasheet_html
R4 widen	switches	chassis	psu_redundant	WS-C6509-E	true	hexcat_seed	vendor_datasheet_html
R4 widen	switches	chassis	psu_redundant	WS-C6509-V-E	true	hexcat_seed	vendor_datasheet_html
R4 widen	switches	chassis	psu_redundant	WS-C6513-E	true	hexcat_seed	vendor_datasheet_html
R4 widen	switches	chassis	switching_capacity	C6807-XL	440	hexcat_seed	vendor_datasheet_html
R4 widen	switches	chassis	switching_capacity	C9404R	9000	hexcat_seed	vendor_datasheet_html
R4 widen	switches	chassis	switching_capacity	C9407R	9000	hexcat_seed	vendor_datasheet_html
R4 widen	switches	chassis	switching_capacity	C9410R	9000	hexcat_seed	vendor_datasheet_html
R4 widen	switches	chassis	switching_capacity	C9606R	25600	hexcat_seed	vendor_datasheet_html
R4 widen	switches	chassis	switching_capacity	C9610R	51200	hexcat_seed	vendor_datasheet_html
R4 widen	switches	chassis	switching_capacity	N77-C7706	1320	hexcat_seed	vendor_datasheet_html
R4 widen	switches	chassis	switching_capacity	N77-C7710	1320	hexcat_seed	vendor_datasheet_html
R4 widen	switches	chassis	switching_capacity	N77-C7718	1320	hexcat_seed	vendor_datasheet_html
R4 widen	switches	chassis	switching_capacity	N7K-C7004	440	hexcat_seed	vendor_datasheet_html
R4 widen	switches	chassis	switching_capacity	N7K-C7009	550	hexcat_seed	vendor_datasheet_html
R4 widen	switches	chassis	switching_capacity	N7K-C7010	550	hexcat_seed	vendor_datasheet_html
R4 widen	switches	chassis	switching_capacity	N7K-C7018	550	hexcat_seed	vendor_datasheet_html
R4 widen	switches	chassis	switching_capacity	N9K-C9408	25600	hexcat_seed	vendor_datasheet_html
R4 widen	switches	chassis	switching_capacity	N9K-C9504	43200	hexcat_seed	vendor_datasheet_html
R4 widen	switches	chassis	switching_capacity	N9K-C9508	86400	hexcat_seed	vendor_datasheet_html
R4 widen	switches	chassis	switching_capacity	N9K-C9516	172800	hexcat_seed	vendor_datasheet_html
R4 widen	switches	chassis	switching_capacity	N9K-C9804	115200	hexcat_seed	vendor_datasheet_html
R4 widen	switches	chassis	switching_capacity	WS-C4503-E	48	hexcat_seed	vendor_datasheet_html
R4 widen	switches	chassis	switching_capacity	WS-C4506-E	48	hexcat_seed	vendor_datasheet_html
R4 widen	switches	chassis	switching_capacity	WS-C4507R+E	48	hexcat_seed	vendor_datasheet_html
R4 widen	switches	chassis	switching_capacity	WS-C4510R+E	48	hexcat_seed	vendor_datasheet_html
R4 widen	switches	chassis	switching_capacity	WS-C6503-E	80	hexcat_seed	vendor_datasheet_html
R4 widen	switches	chassis	switching_capacity	WS-C6504-E	80	hexcat_seed	vendor_datasheet_html
R4 widen	switches	chassis	switching_capacity	WS-C6506-E	80	hexcat_seed	vendor_datasheet_html
R4 widen	switches	chassis	switching_capacity	WS-C6509-E	80	hexcat_seed	vendor_datasheet_html
R4 widen	switches	chassis	switching_capacity	WS-C6509-V-E	80	hexcat_seed	vendor_datasheet_html
R4 widen	switches	chassis	switching_capacity	WS-C6513-E	80	hexcat_seed	vendor_datasheet_html
R4 widen	switches	fabric	airflow	N9K-C9504-FM	"port-side-intake"	html_table	vendor_datasheet_html
R4 widen	switches	fabric	airflow	N9K-C9504-FM-E	"port-side-intake"	html_table	vendor_datasheet_html
R4 widen	switches	fabric	airflow	N9K-C9504-FM-G	"port-side-intake"	html_table	vendor_datasheet_html
R4 widen	switches	fabric	airflow	N9K-C9504-FM-S	"port-side-intake"	html_table	vendor_datasheet_html
R4 widen	switches	fabric	airflow	N9K-C9508-FM	"port-side-intake"	html_table	vendor_datasheet_html
R4 widen	switches	fabric	airflow	N9K-C9508-FM-E	"port-side-intake"	html_table	vendor_datasheet_html
R4 widen	switches	fabric	airflow	N9K-C9508-FM-E2	"port-side-intake"	html_table	vendor_datasheet_html
R4 widen	switches	fabric	airflow	N9K-C9508-FM-G	"port-side-intake"	html_table	vendor_datasheet_html
R4 widen	switches	fabric	airflow	N9K-C9508-FM-S	"port-side-intake"	html_table	vendor_datasheet_html
R4 widen	switches	fabric	airflow	N9K-C9516-FM	"port-side-intake"	html_table	vendor_datasheet_html
R4 widen	switches	fabric	airflow	N9K-C9516-FM-E	"port-side-intake"	html_table	vendor_datasheet_html
R4 widen	switches	fabric	airflow	N9K-C9516-FM-E2	"port-side-intake"	html_table	vendor_datasheet_html
to read	switches	fabric	certifications	N77-C7706-FAB-2++=	["TAA compliant"]	description_mining	vendor_eol_bulletin
to read	switches	fabric	certifications	N77-C7710-FAB-2++=	["TAA compliant"]	description_mining	vendor_eol_bulletin
to read	switches	fabric	certifications	N7K-C7009-FAB-2++=	["TAA compliant"]	description_mining	vendor_eol_bulletin
to read	switches	fabric	certifications	N7K-C7010-FAB-2++=	["TAA compliant"]	description_mining	vendor_eol_bulletin
R4 widen	switches	fabric	mtbf	N9K-C9504-FM	995020	html_table	vendor_datasheet_html
R4 widen	switches	fabric	mtbf	N9K-C9504-FM-E	829890	html_table	vendor_datasheet_html
R4 widen	switches	fabric	mtbf	N9K-C9504-FM-G	551390	html_table	vendor_datasheet_html
R4 widen	switches	fabric	mtbf	N9K-C9504-FM-R	908500	html_table	vendor_datasheet_html
R4 widen	switches	fabric	mtbf	N9K-C9504-FM-S	1011860	html_table	vendor_datasheet_html
R4 widen	switches	fabric	mtbf	N9K-C9508-FM	911040	html_table	vendor_datasheet_html
R4 widen	switches	fabric	mtbf	N9K-C9508-FM-E	653420	html_table	vendor_datasheet_html
R4 widen	switches	fabric	mtbf	N9K-C9508-FM-E2	642820	html_table	vendor_datasheet_html
R4 widen	switches	fabric	mtbf	N9K-C9508-FM-G	455270	html_table	vendor_datasheet_html
R4 widen	switches	fabric	mtbf	N9K-C9508-FM-R	840300	html_table	vendor_datasheet_html
R4 widen	switches	fabric	mtbf	N9K-C9508-FM-S	902860	html_table	vendor_datasheet_html
R4 widen	switches	fabric	mtbf	N9K-C9516-FM	650780	html_table	vendor_datasheet_html
R4 widen	switches	fabric	mtbf	N9K-C9516-FM-E	363100	html_table	vendor_datasheet_html
R4 widen	switches	fabric	mtbf	N9K-C9516-FM-E2	515870	html_table	vendor_datasheet_html
R4 widen	switches	fabric	power_typical	N9K-C9504-FM	95	html_table	vendor_datasheet_html
R4 widen	switches	fabric	power_typical	N9K-C9504-FM-E	234	html_table	vendor_datasheet_html
R4 widen	switches	fabric	power_typical	N9K-C9504-FM-G	455	html_table	vendor_datasheet_html
R4 widen	switches	fabric	power_typical	N9K-C9504-FM-R	115	html_table	vendor_datasheet_html
R4 widen	switches	fabric	power_typical	N9K-C9504-FM-S	171	html_table	vendor_datasheet_html
R4 widen	switches	fabric	power_typical	N9K-C9508-FM	176	html_table	vendor_datasheet_html
R4 widen	switches	fabric	power_typical	N9K-C9508-FM-E	455	html_table	vendor_datasheet_html
R4 widen	switches	fabric	power_typical	N9K-C9508-FM-E2	266	html_table	vendor_datasheet_html
R4 widen	switches	fabric	power_typical	N9K-C9508-FM-G	685	html_table	vendor_datasheet_html
R4 widen	switches	fabric	power_typical	N9K-C9508-FM-R	240	html_table	vendor_datasheet_html
R4 widen	switches	fabric	power_typical	N9K-C9508-FM-S	340	html_table	vendor_datasheet_html
R4 widen	switches	fabric	power_typical	N9K-C9516-FM	330	html_table	vendor_datasheet_html
R4 widen	switches	fabric	power_typical	N9K-C9516-FM-E	980	html_table	vendor_datasheet_html
R4 widen	switches	fabric	power_typical	N9K-C9516-FM-E2	439	html_table	vendor_datasheet_html
R4 widen	switches	fabric	weight	N9K-C9504-FM	2.6	html_table	vendor_datasheet_html
R4 widen	switches	fabric	weight	N9K-C9504-FM-E	2.98	html_table	vendor_datasheet_html
R4 widen	switches	fabric	weight	N9K-C9504-FM-G	3.4	html_table	vendor_datasheet_html
R4 widen	switches	fabric	weight	N9K-C9504-FM-R	2.8	html_table	vendor_datasheet_html
R4 widen	switches	fabric	weight	N9K-C9504-FM-S	2.6	html_table	vendor_datasheet_html
R4 widen	switches	fabric	weight	N9K-C9508-FM	4.4	html_table	vendor_datasheet_html
R4 widen	switches	fabric	weight	N9K-C9508-FM-E	5.28	html_table	vendor_datasheet_html
R4 widen	switches	fabric	weight	N9K-C9508-FM-E2	5	html_table	vendor_datasheet_html
R4 widen	switches	fabric	weight	N9K-C9508-FM-G	6.3	html_table	vendor_datasheet_html
R4 widen	switches	fabric	weight	N9K-C9508-FM-R	4.4	html_table	vendor_datasheet_html
R4 widen	switches	fabric	weight	N9K-C9508-FM-S	4.4	html_table	vendor_datasheet_html
R4 widen	switches	fabric	weight	N9K-C9516-FM	5.2	html_table	vendor_datasheet_html
R4 widen	switches	fabric	weight	N9K-C9516-FM-E	10.3	html_table	vendor_datasheet_html
R4 widen	switches	fabric	weight	N9K-C9516-FM-E2	9.21	html_table	vendor_datasheet_html
R4 widen	switches	fan	cooling	N2K-C2148T-FAN=	"fixed-fans"	html_table	vendor_datasheet_html
R4 widen	switches	fan	cooling	N2K-C2232-FAN-B=	"fixed-fans"	html_table	vendor_datasheet_html
R4 widen	switches	fan	cooling	N2K-C2232-FAN=	"fixed-fans"	html_table	vendor_datasheet_html
R4 widen	switches	fan	cooling	N2K-C2248-FAN-B=	"fixed-fans"	html_table	vendor_datasheet_html
R4 widen	switches	fan	cooling	N2K-C2248-FAN=	"fixed-fans"	html_table	vendor_datasheet_html
R4 widen	switches	fan	cooling	N56128-FAN-B	"fixed-fans"	html_table	vendor_datasheet_html
R4 widen	switches	fan	cooling	N56128-FAN-F	"fixed-fans"	html_table	vendor_datasheet_html
R4 widen	switches	fan	cooling	N56128-FAN-F=	"fixed-fans"	html_table	vendor_datasheet_html
R4 widen	switches	fan	cooling	N6K-C6001-FAN-B	"fixed-fans"	html_table	vendor_datasheet_html
R4 widen	switches	fan	cooling	N6K-C6001-FAN-B=	"fixed-fans"	html_table	vendor_datasheet_html
R4 widen	switches	fan	cooling	N6K-C6001-FAN-F	"fixed-fans"	html_table	vendor_datasheet_html
R4 widen	switches	fan	cooling	N6K-C6001-FAN-F=	"fixed-fans"	html_table	vendor_datasheet_html
R4 widen	switches	fan	cooling	N6K-C6004-FAN-B=	"fixed-fans"	html_table	vendor_datasheet_html
R4 widen	switches	fan	cooling	N6K-C6004-FAN-F	"fixed-fans"	html_table	vendor_datasheet_html
R4 widen	switches	fan	cooling	N6K-C6004-FAN-F=	"fixed-fans"	html_table	vendor_datasheet_html
R4 widen	switches	fan	cooling	N9K-C9300-FAN2	"fixed-fans"	html_table	vendor_datasheet_html
R4 widen	switches	fan	cooling	N9K-C9300-FAN2-B	"fixed-fans"	html_table	vendor_datasheet_html
R4 widen	switches	fan	cooling	NXA-FAN-30CFM-B	"fixed-fans"	html_table	vendor_datasheet_html
R4 widen	switches	fan	cooling	NXA-FAN-30CFM-B=	"fixed-fans"	html_table	vendor_datasheet_html
R4 widen	switches	fan	cooling	NXA-FAN-30CFM-F	"fixed-fans"	html_table	vendor_datasheet_html
R4 widen	switches	fan	cooling	NXA-FAN-30CFM-F=	"fixed-fans"	html_table	vendor_datasheet_html
R4 widen	switches	fan	cooling	NXA-FAN-35CFM-B	"fixed-fans"	html_table	vendor_datasheet_html
R4 widen	switches	fan	cooling	NXA-FAN-35CFM-F	"fixed-fans"	html_table	vendor_datasheet_html
R4 widen	switches	fan	cooling	NXA-FAN-35CFM-PE	"fixed-fans"	html_table	vendor_datasheet_html
R4 widen	switches	fan	cooling	NXA-FAN-35CFM-PI	"fixed-fans"	html_table	vendor_datasheet_html
R4 widen	switches	fan	cooling	NXA-SFAN-30CFM-PE	"fixed-fans"	html_table	vendor_datasheet_html
R4 widen	switches	fan	cooling	NXA-SFAN-30CFM-PI	"fixed-fans"	html_table	vendor_datasheet_html
R4 widen	switches	fan	cooling	NXA-SFAN-35CFM-PE	"fixed-fans"	html_table	vendor_datasheet_html
R4 widen	switches	fan	cooling	NXA-SFAN-35CFM-PI	"fixed-fans"	html_table	vendor_datasheet_html
R4 widen	switches	fan	cooling	NXASFAN-160CFM2PE	"fixed-fans"	html_table	vendor_datasheet_html
R4 widen	switches	fan	cooling	NXASFAN-160CFM2PI	"fixed-fans"	html_table	vendor_datasheet_html
R4 widen	switches	fan	dimensions	N9K-C9400-FAN-PI	{"d": 133.858, "h": 100.838, "w": 78.486}	html_table	vendor_datasheet_html
R4 widen	switches	fan	mtbf	C9500X-FAN-1U-F	4429340	html_table	vendor_datasheet_html
R4 widen	switches	fan	mtbf	C9500X-FAN-1U-R	4429340	html_table	vendor_datasheet_html
R4 widen	switches	fan	mtbf	C9K-T1-FANTRAY	3035430	html_table	vendor_datasheet_html
R4 widen	switches	fan	mtbf	FAN-T2	4521330	html_table	vendor_datasheet_html
R4 widen	switches	fan	mtbf	FAN-T4-R	5710990	html_table	vendor_datasheet_html
R4 widen	switches	fan	power_typical	N9K-C9504-FAN	95	html_table	vendor_datasheet_html
R4 widen	switches	fan	power_typical	N9K-C9504-FAN2	306	html_table	vendor_datasheet_html
R4 widen	switches	fan	power_typical	N9K-C9508-FAN	176	html_table	vendor_datasheet_html
R4 widen	switches	fan	power_typical	N9K-C9508-FAN2	450	html_table	vendor_datasheet_html
R4 widen	switches	fan	power_typical	N9K-C9516-FAN	330	html_table	vendor_datasheet_html
R4 widen	switches	fan	weight	FAN-PI-V4	0.57	html_table	vendor_datasheet_html
R4 widen	switches	fan	weight	N9K-C9400-FAN-PI	0.757499	html_table	vendor_datasheet_html
R4 widen	switches	fan	weight	N9K-C9504-FAN	2.6	html_table	vendor_datasheet_html
R4 widen	switches	fan	weight	N9K-C9504-FAN2	3.7	html_table	vendor_datasheet_html
R4 widen	switches	fan	weight	N9K-C9508-FAN	4.4	html_table	vendor_datasheet_html
R4 widen	switches	fan	weight	N9K-C9508-FAN2	3.9	html_table	vendor_datasheet_html
R4 widen	switches	fan	weight	N9K-C9516-FAN	5.2	html_table	vendor_datasheet_html
R4 widen	switches	fan	weight	NXA-FAN-35CFM-PI	0.13	html_table	vendor_datasheet_html
R4 widen	switches	fan	weight	NXA-SFAN-35CFM-PI	0.1	html_table	vendor_datasheet_html
R4 widen	switches	fan	weight	NXASFAN-160CFM2PI	0.58967	html_table	vendor_datasheet_html
R4 widen	switches	fex	forwarding_rate	N2K-B22DELL-P	297	hexcat_seed	vendor_datasheet_html
R4 widen	switches	fex	forwarding_rate	N2K-B22FTS-P	297	hexcat_seed	vendor_datasheet_html
R4 widen	switches	fex	forwarding_rate	N2K-B22HP-P	297	hexcat_seed	vendor_datasheet_html
R4 widen	switches	fex	forwarding_rate	N2K-B22IBM-P	297	hexcat_seed	vendor_datasheet_html
R4 widen	switches	fex	forwarding_rate	N2K-C2148T	131	hexcat_seed	vendor_datasheet_html
R4 widen	switches	fex	forwarding_rate	N2K-C2224TP-1GE	65	hexcat_seed	vendor_datasheet_html
R4 widen	switches	fex	forwarding_rate	N2K-C2232PP-10GE	595	hexcat_seed	vendor_datasheet_html
R4 widen	switches	fex	forwarding_rate	N2K-C2232TM-10GE	595	hexcat_seed	vendor_datasheet_html
R4 widen	switches	fex	forwarding_rate	N2K-C2232TM-E-10GE	595	hexcat_seed	vendor_datasheet_html
R4 widen	switches	fex	forwarding_rate	N2K-C2248PQ-10GE	952	hexcat_seed	vendor_datasheet_html
R4 widen	switches	fex	forwarding_rate	N2K-C2248TP-1GE	131	hexcat_seed	vendor_datasheet_html
R4 widen	switches	fex	forwarding_rate	N2K-C2248TP-E-1GE	131	hexcat_seed	vendor_datasheet_html
R4 widen	switches	fex	forwarding_rate	N2K-C2332TQ-10GE	1440	hexcat_seed	vendor_datasheet_html
R4 widen	switches	fex	forwarding_rate	N2K-C2348TQ-10GE	2160	hexcat_seed	vendor_datasheet_html
R4 widen	switches	fex	forwarding_rate	N2K-C2348TQ-E-10GE	2160	hexcat_seed	vendor_datasheet_html
R4 widen	switches	fex	forwarding_rate	N2K-C2348UPQ-10GE	2160	hexcat_seed	vendor_datasheet_html
R4 widen	switches	fex	poe_standard	N2K-B22DELL-P	"none"	hexcat_seed	vendor_datasheet_html
R4 widen	switches	fex	poe_standard	N2K-B22FTS-P	"none"	hexcat_seed	vendor_datasheet_html
R4 widen	switches	fex	poe_standard	N2K-B22HP-P	"none"	hexcat_seed	vendor_datasheet_html
R4 widen	switches	fex	poe_standard	N2K-B22IBM-P	"none"	hexcat_seed	vendor_datasheet_html
R4 widen	switches	fex	poe_standard	N2K-C2148T	"none"	hexcat_seed	vendor_datasheet_html
R4 widen	switches	fex	poe_standard	N2K-C2224TP-1GE	"none"	hexcat_seed	vendor_datasheet_html
R4 widen	switches	fex	poe_standard	N2K-C2232PP-10GE	"none"	hexcat_seed	vendor_datasheet_html
R4 widen	switches	fex	poe_standard	N2K-C2232TM-10GE	"none"	hexcat_seed	vendor_datasheet_html
R4 widen	switches	fex	poe_standard	N2K-C2232TM-E-10GE	"none"	hexcat_seed	vendor_datasheet_html
R4 widen	switches	fex	poe_standard	N2K-C2248PQ-10GE	"none"	hexcat_seed	vendor_datasheet_html
R4 widen	switches	fex	poe_standard	N2K-C2248TP-1GE	"none"	hexcat_seed	vendor_datasheet_html
R4 widen	switches	fex	poe_standard	N2K-C2248TP-E-1GE	"none"	hexcat_seed	vendor_datasheet_html
R4 widen	switches	fex	poe_standard	N2K-C2332TQ-10GE	"none"	hexcat_seed	vendor_datasheet_html
R4 widen	switches	fex	poe_standard	N2K-C2348TQ-10GE	"none"	hexcat_seed	vendor_datasheet_html
R4 widen	switches	fex	poe_standard	N2K-C2348TQ-E-10GE	"none"	hexcat_seed	vendor_datasheet_html
R4 widen	switches	fex	poe_standard	N2K-C2348UPQ-10GE	"none"	hexcat_seed	vendor_datasheet_html
R4 widen	switches	fex	stackable	N2K-B22DELL-P	false	hexcat_seed	vendor_datasheet_html
R4 widen	switches	fex	stackable	N2K-B22FTS-P	false	hexcat_seed	vendor_datasheet_html
R4 widen	switches	fex	stackable	N2K-B22HP-P	false	hexcat_seed	vendor_datasheet_html
R4 widen	switches	fex	stackable	N2K-B22IBM-P	false	hexcat_seed	vendor_datasheet_html
R4 widen	switches	fex	stackable	N2K-C2148T	false	hexcat_seed	vendor_datasheet_html
R4 widen	switches	fex	stackable	N2K-C2224TP-1GE	false	hexcat_seed	vendor_datasheet_html
R4 widen	switches	fex	stackable	N2K-C2232PP-10GE	false	hexcat_seed	vendor_datasheet_html
R4 widen	switches	fex	stackable	N2K-C2232TM-10GE	false	hexcat_seed	vendor_datasheet_html
R4 widen	switches	fex	stackable	N2K-C2232TM-E-10GE	false	hexcat_seed	vendor_datasheet_html
R4 widen	switches	fex	stackable	N2K-C2248PQ-10GE	false	hexcat_seed	vendor_datasheet_html
R4 widen	switches	fex	stackable	N2K-C2248TP-1GE	false	hexcat_seed	vendor_datasheet_html
R4 widen	switches	fex	stackable	N2K-C2248TP-E-1GE	false	hexcat_seed	vendor_datasheet_html
R4 widen	switches	fex	stackable	N2K-C2332TQ-10GE	false	hexcat_seed	vendor_datasheet_html
R4 widen	switches	fex	stackable	N2K-C2348TQ-10GE	false	hexcat_seed	vendor_datasheet_html
R4 widen	switches	fex	stackable	N2K-C2348TQ-E-10GE	false	hexcat_seed	vendor_datasheet_html
R4 widen	switches	fex	stackable	N2K-C2348UPQ-10GE	false	hexcat_seed	vendor_datasheet_html
R4 widen	switches	fex	switching_capacity	N2K-B22DELL-P	400	hexcat_seed	vendor_datasheet_html
R4 widen	switches	fex	switching_capacity	N2K-B22FTS-P	400	hexcat_seed	vendor_datasheet_html
R4 widen	switches	fex	switching_capacity	N2K-B22HP-P	400	hexcat_seed	vendor_datasheet_html
R4 widen	switches	fex	switching_capacity	N2K-B22IBM-P	400	hexcat_seed	vendor_datasheet_html
R4 widen	switches	fex	switching_capacity	N2K-C2148T	176	hexcat_seed	vendor_datasheet_html
R4 widen	switches	fex	switching_capacity	N2K-C2224TP-1GE	88	hexcat_seed	vendor_datasheet_html
R4 widen	switches	fex	switching_capacity	N2K-C2232PP-10GE	800	hexcat_seed	vendor_datasheet_html
R4 widen	switches	fex	switching_capacity	N2K-C2232TM-10GE	800	hexcat_seed	vendor_datasheet_html
R4 widen	switches	fex	switching_capacity	N2K-C2232TM-E-10GE	800	hexcat_seed	vendor_datasheet_html
R4 widen	switches	fex	switching_capacity	N2K-C2248PQ-10GE	1280	hexcat_seed	vendor_datasheet_html
R4 widen	switches	fex	switching_capacity	N2K-C2248TP-1GE	176	hexcat_seed	vendor_datasheet_html
R4 widen	switches	fex	switching_capacity	N2K-C2248TP-E-1GE	176	hexcat_seed	vendor_datasheet_html
R4 widen	switches	fex	switching_capacity	N2K-C2332TQ-10GE	960	hexcat_seed	vendor_datasheet_html
R4 widen	switches	fex	switching_capacity	N2K-C2348TQ-10GE	1440	hexcat_seed	vendor_datasheet_html
R4 widen	switches	fex	switching_capacity	N2K-C2348TQ-E-10GE	1440	hexcat_seed	vendor_datasheet_html
R4 widen	switches	fex	switching_capacity	N2K-C2348UPQ-10GE	1440	hexcat_seed	vendor_datasheet_html
to read	switches	flash	dram	SD-X45-2GB-E	2	description_mining	vendor_datasheet_html
R4 widen	switches	linecard	airflow	X9432PQ	"port-side-intake"	html_table	vendor_datasheet_html
R4 widen	switches	linecard	airflow	X9536PQ	"port-side-intake"	html_table	vendor_datasheet_html
R4 widen	switches	linecard	airflow	X9636PQ	"port-side-intake"	html_table	vendor_datasheet_html
R4 widen	switches	linecard	airflow	X97160YC-EX	"port-side-intake"	html_table	vendor_datasheet_html
R4 widen	switches	linecard	airflow	X9716D-GX	"port-side-intake"	html_table	vendor_datasheet_html
R4 widen	switches	linecard	airflow	X9732C-EX	"port-side-intake"	html_table	vendor_datasheet_html
R4 widen	switches	linecard	airflow	X9732C-FX	"port-side-intake"	html_table	vendor_datasheet_html
R4 widen	switches	linecard	airflow	X9736C-EX	"port-side-intake"	html_table	vendor_datasheet_html
R4 widen	switches	linecard	airflow	X9736C-FX	"port-side-intake"	html_table	vendor_datasheet_html
R4 widen	switches	linecard	airflow	X9736C-FX3	"port-side-intake"	html_table	vendor_datasheet_html
R4 widen	switches	linecard	airflow	X9736PQ	"port-side-intake"	html_table	vendor_datasheet_html
R4 widen	switches	linecard	airflow	X9788TC-FX	"port-side-intake"	html_table	vendor_datasheet_html
to read	switches	linecard	certifications	C9600-LC-48S++	["TAA compliant"]	description_mining	vendor_eol_bulletin
to read	switches	linecard	certifications	C9600-LC-48S++=	["TAA compliant"]	description_mining	vendor_eol_bulletin
to read	switches	linecard	certifications	N9K-X9464PX++=	["TAA compliant"]	description_mining	vendor_eol_bulletin
to read	switches	linecard	certifications	WS-X4748-UPOE+E++=	["TAA compliant"]	description_mining	vendor_eol_bulletin
to read	switches	linecard	connector	WS-X4124-RJ45=	"rj45"	description_mining	vendor_eol_bulletin
to read	switches	linecard	connector	WS-X4148-RJ	"rj45"	description_mining	vendor_datasheet_html
to read	switches	linecard	connector	WS-X4148-RJ=	"rj45"	description_mining	vendor_eol_bulletin
to read	switches	linecard	connector	WS-X4232-GB-RJ=	"rj45"	description_mining	vendor_eol_bulletin
to read	switches	linecard	connector	WS-X4248-RJ45V	"rj45"	description_mining	vendor_datasheet_html
to read	switches	linecard	connector	WS-X4248-RJ45V=	"rj45"	description_mining	vendor_eol_bulletin
to read	switches	linecard	connector	WS-X4424-GB-RJ45=	"rj45"	description_mining	vendor_eol_bulletin
to read	switches	linecard	connector	WS-X4524-GB-RJ45V	"rj45"	description_mining	vendor_datasheet_html
to read	switches	linecard	connector	WS-X4524-GB-RJ45V=	"rj45"	description_mining	vendor_eol_bulletin
to read	switches	linecard	connector	WS-X4548-GB-RJ45	"rj45"	description_mining	vendor_datasheet_html
to read	switches	linecard	connector	WS-X4548-GB-RJ45=	"rj45"	description_mining	vendor_eol_bulletin
to read	switches	linecard	connector	WS-X4548-GB-RJ45V	"rj45"	description_mining	vendor_datasheet_html
to read	switches	linecard	connector	WS-X4548-RJ45V+	"rj45"	description_mining	vendor_datasheet_html
to read	switches	linecard	connector	WS-X4548-RJ45V+=	"rj45"	description_mining	vendor_eol_bulletin
to read	switches	linecard	connector	WS-X4648-RJ45V+E=	"rj45"	description_mining	vendor_eol_bulletin
R4 widen	switches	linecard	dimensions	N9K-C9400-SW-GX2A	{"d": 390.906, "h": 123.952, "w": 438.658}	html_table	vendor_datasheet_html
R4 widen	switches	linecard	dimensions	N9K-X9400-16W	{"d": 240.03, "h": 170.942, "w": 47.752}	html_table	vendor_datasheet_html
R4 widen	switches	linecard	dimensions	N9K-X9400-22L	{"d": 240.03, "h": 170.942, "w": 47.752}	html_table	vendor_datasheet_html
R4 widen	switches	linecard	dimensions	N9K-X9400-8D	{"d": 240.03, "h": 170.942, "w": 47.752}	html_table	vendor_datasheet_html
R4 widen	switches	linecard	jumbo_mtu	WS-6148-GE-TX	1518	html_table	vendor_datasheet_html
R4 widen	switches	linecard	jumbo_mtu	WS-X6148-21AF	8092	html_table	vendor_datasheet_html
R4 widen	switches	linecard	jumbo_mtu	WS-X6148-45AF	8092	html_table	vendor_datasheet_html
R4 widen	switches	linecard	jumbo_mtu	WS-X6148-GE-45AF	1518	html_table	vendor_datasheet_html
R4 widen	switches	linecard	jumbo_mtu	WS-X6148-RJ21	8092	html_table	vendor_datasheet_html
R4 widen	switches	linecard	jumbo_mtu	WS-X6148-RJ21V	8092	html_table	vendor_datasheet_html
R4 widen	switches	linecard	jumbo_mtu	WS-X6148-RJ45	8092	html_table	vendor_datasheet_html
R4 widen	switches	linecard	jumbo_mtu	WS-X6148-RJ45V	8092	html_table	vendor_datasheet_html
R4 widen	switches	linecard	jumbo_mtu	WS-X6148A-45AF	9216	html_table	vendor_datasheet_html
R4 widen	switches	linecard	jumbo_mtu	WS-X6148A-GE-45AF	9216	html_table	vendor_datasheet_html
R4 widen	switches	linecard	jumbo_mtu	WS-X6148A-GE-TX	9216	html_table	vendor_datasheet_html
R4 widen	switches	linecard	jumbo_mtu	WS-X6148A-RJ-45	9216	html_table	vendor_datasheet_html
R4 widen	switches	linecard	jumbo_mtu	WS-X6148E-GE-45AT	9216	html_table	vendor_datasheet_html
R4 widen	switches	linecard	jumbo_mtu	WS-X6148V-GE-TX	1518	html_table	vendor_datasheet_html
R4 widen	switches	linecard	jumbo_mtu	WS-X6148X2-45AF	9216	html_table	vendor_datasheet_html
R4 widen	switches	linecard	jumbo_mtu	WS-X6148X2-RJ-45	9216	html_table	vendor_datasheet_html
R4 widen	switches	linecard	jumbo_mtu	WS-X6196-21AF	9216	html_table	vendor_datasheet_html
R4 widen	switches	linecard	jumbo_mtu	WS-X6196-RJ-21	9216	html_table	vendor_datasheet_html
R4 widen	switches	linecard	jumbo_mtu	WS-X6348-RJ21V	8092	html_table	vendor_datasheet_html
R4 widen	switches	linecard	jumbo_mtu	WS-X6348-RJ45	8092	html_table	vendor_datasheet_html
R4 widen	switches	linecard	jumbo_mtu	WS-X6348-RJ45V	8092	html_table	vendor_datasheet_html
to read	switches	linecard	mgmt_class	C9610-LC-32CD	"smart-managed"	description_mining	vendor_datasheet_html
to read	switches	linecard	mgmt_class	C9610-LC-40YL4CD	"smart-managed"	description_mining	vendor_datasheet_html
R4 widen	switches	linecard	mtbf	C9400-LC-12QC	493359	html_table	vendor_datasheet_html
R4 widen	switches	linecard	mtbf	C9400-LC-24S	1104470	html_table	vendor_datasheet_html
R4 widen	switches	linecard	mtbf	C9400-LC-24XS	545080	html_table	vendor_datasheet_html
R4 widen	switches	linecard	mtbf	C9400-LC-24XY	508152	html_table	vendor_datasheet_html
R4 widen	switches	linecard	mtbf	C9400-LC-48H	874140	html_table	vendor_datasheet_html
R4 widen	switches	linecard	mtbf	C9400-LC-48HN	422690	html_table	vendor_datasheet_html
R4 widen	switches	linecard	mtbf	C9400-LC-48HX	401560	html_table	vendor_datasheet_html
R4 widen	switches	linecard	mtbf	C9400-LC-48P	980440	html_table	vendor_datasheet_html
R4 widen	switches	linecard	mtbf	C9400-LC-48S	937600	html_table	vendor_datasheet_html
R4 widen	switches	linecard	mtbf	C9400-LC-48T	1214080	html_table	vendor_datasheet_html
R4 widen	switches	linecard	mtbf	C9400-LC-48TX	1214080	html_table	vendor_datasheet_html
R4 widen	switches	linecard	mtbf	C9400-LC-48U	915150	html_table	vendor_datasheet_html
R4 widen	switches	linecard	mtbf	C9400-LC-48UX	469550	html_table	vendor_datasheet_html
R4 widen	switches	linecard	mtbf	C9400-LC-48XS	420073	html_table	vendor_datasheet_html
R4 widen	switches	linecard	mtbf	WS-X4148-RJ	350860	html_table	vendor_datasheet_html
R4 widen	switches	linecard	mtbf	WS-X4248-FE-SFP	687828	html_table	vendor_datasheet_html
R4 widen	switches	linecard	mtbf	WS-X4248-RJ45V	187594	html_table	vendor_datasheet_html
R4 widen	switches	linecard	mtbf	WS-X4306-GB	570262	html_table	vendor_datasheet_html
R4 widen	switches	linecard	mtbf	WS-X4418-GB	355330	html_table	vendor_datasheet_html
R4 widen	switches	linecard	mtbf	WS-X4448-GB-SFP	290732	html_table	vendor_datasheet_html
R4 widen	switches	linecard	mtbf	WS-X4506-GB-T	392098	html_table	vendor_datasheet_html
R4 widen	switches	linecard	mtbf	WS-X4548-GB-RJ45	171356	html_table	vendor_datasheet_html
R4 widen	switches	linecard	mtbf	WS-X4548-GB-RJ45V	434646	html_table	vendor_datasheet_html
R4 widen	switches	linecard	mtbf	WS-X4548-RJ45V+	239436	html_table	vendor_datasheet_html
R4 widen	switches	linecard	mtbf	WS-X4606-X2-E	535717	html_table	vendor_datasheet_html
R4 widen	switches	linecard	mtbf	WS-X4612-SFP-E	676740	html_table	vendor_datasheet_html
R4 widen	switches	linecard	mtbf	WS-X4624-SFP-E	591109	html_table	vendor_datasheet_html
R4 widen	switches	linecard	mtbf	WS-X4640-CSFP-E	347724	html_table	vendor_datasheet_html
R4 widen	switches	linecard	mtbf	WS-X4648-RJ45-E	280365	html_table	vendor_datasheet_html
R4 widen	switches	linecard	mtbf	WS-X4648-RJ45V+E	280365	html_table	vendor_datasheet_html
R4 widen	switches	linecard	mtbf	WS-X4648-RJ45V-E	280365	html_table	vendor_datasheet_html
R4 widen	switches	linecard	mtbf	WS-X4712-SFP+E	387172	html_table	vendor_datasheet_html
R4 widen	switches	linecard	mtbf	WS-X4712-SFP-E	1329480	html_table	vendor_datasheet_html
R4 widen	switches	linecard	mtbf	WS-X4724-SFP-E	1139510	html_table	vendor_datasheet_html
R4 widen	switches	linecard	mtbf	WS-X4748-12X48U+E	524630	html_table	vendor_datasheet_html
R4 widen	switches	linecard	mtbf	WS-X4748-RJ45-E	402386	html_table	vendor_datasheet_html
R4 widen	switches	linecard	mtbf	WS-X4748-RJ45V+E	183330	html_table	vendor_datasheet_html
R4 widen	switches	linecard	mtbf	WS-X4748-SFP-E	876100	html_table	vendor_datasheet_html
R4 widen	switches	linecard	mtbf	WS-X4748-UPOE+E	140696	html_table	vendor_datasheet_html
R4 widen	switches	linecard	mtbf	X9432PQ	880290	html_table	vendor_datasheet_html
R4 widen	switches	linecard	mtbf	X9464PX	677750	html_table	vendor_datasheet_html
R4 widen	switches	linecard	mtbf	X9464TX2	630150	html_table	vendor_datasheet_html
R4 widen	switches	linecard	mtbf	X9536PQ	608000	html_table	vendor_datasheet_html
R4 widen	switches	linecard	mtbf	X9564PX	509870	html_table	vendor_datasheet_html
R4 widen	switches	linecard	mtbf	X9564TX	479110	html_table	vendor_datasheet_html
R4 widen	switches	linecard	mtbf	X96136YC-R	545740	html_table	vendor_datasheet_html
R4 widen	switches	linecard	mtbf	X9624D-R2	1715000	html_table	vendor_datasheet_html
R4 widen	switches	linecard	mtbf	X9636C-R	239340	html_table	vendor_datasheet_html
R4 widen	switches	linecard	mtbf	X9636C-RX	262680	html_table	vendor_datasheet_html
R4 widen	switches	linecard	mtbf	X9636PQ	759420	html_table	vendor_datasheet_html
R4 widen	switches	linecard	mtbf	X9636Q-R	273370	html_table	vendor_datasheet_html
R4 widen	switches	linecard	mtbf	X97160YC-EX	580050	html_table	vendor_datasheet_html
R4 widen	switches	linecard	mtbf	X9716D-GX	338442	html_table	vendor_datasheet_html
R4 widen	switches	linecard	mtbf	X9732C-EX	481470	html_table	vendor_datasheet_html
R4 widen	switches	linecard	mtbf	X9732C-FX	429090	html_table	vendor_datasheet_html
R4 widen	switches	linecard	mtbf	X9736C-EX	476970	html_table	vendor_datasheet_html
R4 widen	switches	linecard	mtbf	X9736C-FX	420050	html_table	vendor_datasheet_html
R4 widen	switches	linecard	mtbf	X9736C-FX3	368050	html_table	vendor_datasheet_html
R4 widen	switches	linecard	mtbf	X9736PQ	790220	html_table	vendor_datasheet_html
R4 widen	switches	linecard	mtbf	X9788TC-FX	429630	html_table	vendor_datasheet_html
R4 widen	switches	linecard	packet_buffer	WS-6148-GE-TX	1	html_table	vendor_datasheet_html
R4 widen	switches	linecard	packet_buffer	WS-X6148-21AF	0.125	html_table	vendor_datasheet_html
R4 widen	switches	linecard	packet_buffer	WS-X6148-45AF	0.125	html_table	vendor_datasheet_html
R4 widen	switches	linecard	packet_buffer	WS-X6148-GE-45AF	1	html_table	vendor_datasheet_html
R4 widen	switches	linecard	packet_buffer	WS-X6148-RJ21	0.125	html_table	vendor_datasheet_html
R4 widen	switches	linecard	packet_buffer	WS-X6148-RJ21V	0.125	html_table	vendor_datasheet_html
R4 widen	switches	linecard	packet_buffer	WS-X6148-RJ45	0.125	html_table	vendor_datasheet_html
R4 widen	switches	linecard	packet_buffer	WS-X6148-RJ45V	0.125	html_table	vendor_datasheet_html
R4 widen	switches	linecard	packet_buffer	WS-X6148A-45AF	1.2	html_table	vendor_datasheet_html
R4 widen	switches	linecard	packet_buffer	WS-X6148A-GE-45AF	2.67	html_table	vendor_datasheet_html
R4 widen	switches	linecard	packet_buffer	WS-X6148A-GE-TX	2.67	html_table	vendor_datasheet_html
R4 widen	switches	linecard	packet_buffer	WS-X6148A-RJ-45	1.2	html_table	vendor_datasheet_html
R4 widen	switches	linecard	packet_buffer	WS-X6148E-GE-45AT	5.3	html_table	vendor_datasheet_html
R4 widen	switches	linecard	packet_buffer	WS-X6148V-GE-TX	1	html_table	vendor_datasheet_html
R4 widen	switches	linecard	packet_buffer	WS-X6148X2-45AF	1.2	html_table	vendor_datasheet_html
R4 widen	switches	linecard	packet_buffer	WS-X6148X2-RJ-45	1.2	html_table	vendor_datasheet_html
R4 widen	switches	linecard	packet_buffer	WS-X6196-21AF	1.2	html_table	vendor_datasheet_html
R4 widen	switches	linecard	packet_buffer	WS-X6196-RJ-21	1.2	html_table	vendor_datasheet_html
R4 widen	switches	linecard	packet_buffer	WS-X6348-RJ21V	0.125	html_table	vendor_datasheet_html
R4 widen	switches	linecard	packet_buffer	WS-X6348-RJ45	0.125	html_table	vendor_datasheet_html
R4 widen	switches	linecard	packet_buffer	WS-X6348-RJ45V	0.125	html_table	vendor_datasheet_html
R4 widen	switches	linecard	packet_buffer	X96136YC-R	4096	html_table	vendor_datasheet_html
R4 widen	switches	linecard	packet_buffer	X9624D-R2	16384	html_table	vendor_datasheet_html
R4 widen	switches	linecard	packet_buffer	X9636C-R	24576	html_table	vendor_datasheet_html
R4 widen	switches	linecard	packet_buffer	X9636C-RX	16384	html_table	vendor_datasheet_html
R4 widen	switches	linecard	packet_buffer	X9636Q-R	12288	html_table	vendor_datasheet_html
R4 widen	switches	linecard	power_typical	N9K-C9400-SW-GX2A	760	html_table	vendor_datasheet_html
R4 widen	switches	linecard	power_typical	N9K-X9400-16W	100	html_table	vendor_datasheet_html
R4 widen	switches	linecard	power_typical	N9K-X9400-22L	52	html_table	vendor_datasheet_html
R4 widen	switches	linecard	power_typical	N9K-X9400-8D	120	html_table	vendor_datasheet_html
R4 widen	switches	linecard	power_typical	X9432PQ	240	html_table	vendor_datasheet_html
R4 widen	switches	linecard	power_typical	X9464PX	160	html_table	vendor_datasheet_html
R4 widen	switches	linecard	power_typical	X9464TX2	288	html_table	vendor_datasheet_html
R4 widen	switches	linecard	power_typical	X9536PQ	360	html_table	vendor_datasheet_html
R4 widen	switches	linecard	power_typical	X9564PX	300	html_table	vendor_datasheet_html
R4 widen	switches	linecard	power_typical	X9564TX	450	html_table	vendor_datasheet_html
R4 widen	switches	linecard	power_typical	X96136YC-R	213	html_table	vendor_datasheet_html
R4 widen	switches	linecard	power_typical	X9624D-R2	900	html_table	vendor_datasheet_html
R4 widen	switches	linecard	power_typical	X9636C-R	650	html_table	vendor_datasheet_html
R4 widen	switches	linecard	power_typical	X9636C-RX	800	html_table	vendor_datasheet_html
R4 widen	switches	linecard	power_typical	X9636PQ	260	html_table	vendor_datasheet_html
R4 widen	switches	linecard	power_typical	X9636Q-R	329	html_table	vendor_datasheet_html
R4 widen	switches	linecard	power_typical	X97160YC-EX	415	html_table	vendor_datasheet_html
R4 widen	switches	linecard	power_typical	X9716D-GX	650	html_table	vendor_datasheet_html
R4 widen	switches	linecard	power_typical	X9732C-EX	430	html_table	vendor_datasheet_html
R4 widen	switches	linecard	power_typical	X9732C-FX	520	html_table	vendor_datasheet_html
R4 widen	switches	linecard	power_typical	X9736C-EX	632	html_table	vendor_datasheet_html
R4 widen	switches	linecard	power_typical	X9736C-FX	607	html_table	vendor_datasheet_html
R4 widen	switches	linecard	power_typical	X9736C-FX3	690	html_table	vendor_datasheet_html
R4 widen	switches	linecard	power_typical	X9736PQ	197	html_table	vendor_datasheet_html
R4 widen	switches	linecard	power_typical	X9788TC-FX	513	html_table	vendor_datasheet_html
R4 widen	switches	linecard	switching_capacity	C6800-48P-SFP	40	hexcat_seed	vendor_datasheet_html
R4 widen	switches	linecard	switching_capacity	C6800-48P-SFP-XL	40	hexcat_seed	vendor_datasheet_html
R4 widen	switches	linecard	switching_capacity	C6800-48P-TX	40	hexcat_seed	vendor_datasheet_html
R4 widen	switches	linecard	switching_capacity	C6800-48P-TX-XL	40	hexcat_seed	vendor_datasheet_html
R4 widen	switches	linecard	switching_capacity	C6880-X-16P10G	220	hexcat_seed	vendor_datasheet_html
R4 widen	switches	linecard	switching_capacity	N77-F248XP-23E	480	hexcat_seed	vendor_datasheet_html
R4 widen	switches	linecard	switching_capacity	N77-F312CK-26	1200	hexcat_seed	vendor_datasheet_html
R4 widen	switches	linecard	switching_capacity	N77-F324FQ-25	960	hexcat_seed	vendor_datasheet_html
R4 widen	switches	linecard	switching_capacity	N77-F348XP-23	480	hexcat_seed	vendor_datasheet_html
R4 widen	switches	linecard	switching_capacity	N77-F430CQ-36	3000	hexcat_seed	vendor_datasheet_html
R4 widen	switches	linecard	switching_capacity	N77-M312CQ-26L	1200	hexcat_seed	vendor_datasheet_html
R4 widen	switches	linecard	switching_capacity	N77-M324FQ-25L	960	hexcat_seed	vendor_datasheet_html
R4 widen	switches	linecard	switching_capacity	N77-M348XP-23L	480	hexcat_seed	vendor_datasheet_html
R4 widen	switches	linecard	switching_capacity	N7K-F132XP-15	320	hexcat_seed	vendor_datasheet_html
R4 widen	switches	linecard	switching_capacity	N7K-F248XP-25	480	hexcat_seed	vendor_datasheet_html
R4 widen	switches	linecard	switching_capacity	N7K-F248XP-25E	480	hexcat_seed	vendor_datasheet_html
R4 widen	switches	linecard	switching_capacity	N7K-F248XT-25E	480	hexcat_seed	vendor_datasheet_html
R4 widen	switches	linecard	switching_capacity	N7K-F306CK-25	600	hexcat_seed	vendor_datasheet_html
R4 widen	switches	linecard	switching_capacity	N7K-F312FQ-25	480	hexcat_seed	vendor_datasheet_html
R4 widen	switches	linecard	switching_capacity	N7K-F348XP-25	480	hexcat_seed	vendor_datasheet_html
R4 widen	switches	linecard	switching_capacity	N7K-M108X2-12	80	hexcat_seed	vendor_datasheet_html
R4 widen	switches	linecard	switching_capacity	N7K-M108X2-12L	80	hexcat_seed	vendor_datasheet_html
R4 widen	switches	linecard	switching_capacity	N7K-M132XP-12	80	hexcat_seed	vendor_datasheet_html
R4 widen	switches	linecard	switching_capacity	N7K-M132XP-12L	80	hexcat_seed	vendor_datasheet_html
R4 widen	switches	linecard	switching_capacity	N7K-M148GS-11	46	hexcat_seed	vendor_datasheet_html
R4 widen	switches	linecard	switching_capacity	N7K-M148GS-11L	46	hexcat_seed	vendor_datasheet_html
R4 widen	switches	linecard	switching_capacity	N7K-M148GT-11	46	hexcat_seed	vendor_datasheet_html
R4 widen	switches	linecard	switching_capacity	N7K-M148GT-11L	46	hexcat_seed	vendor_datasheet_html
R4 widen	switches	linecard	switching_capacity	N7K-M202CF-22L	200	hexcat_seed	vendor_datasheet_html
R4 widen	switches	linecard	switching_capacity	N7K-M206FQ-23L	240	hexcat_seed	vendor_datasheet_html
R4 widen	switches	linecard	switching_capacity	N7K-M224XP-23L	240	hexcat_seed	vendor_datasheet_html
R4 widen	switches	linecard	switching_capacity	N7K-M324FQ-25L	550	hexcat_seed	vendor_datasheet_html
R4 widen	switches	linecard	switching_capacity	N7K-M348XP-25L	480	hexcat_seed	vendor_datasheet_html
R4 widen	switches	linecard	switching_capacity	WS-X6904-40G-2T	80	hexcat_seed	vendor_datasheet_html
R4 widen	switches	linecard	switching_capacity	WS-X6904-40G-2TXL	80	hexcat_seed	vendor_datasheet_html
R4 widen	switches	linecard	switching_capacity	WS-X6908-10G-2T	80	hexcat_seed	vendor_datasheet_html
R4 widen	switches	linecard	switching_capacity	WS-X6908-10G-2TXL	80	hexcat_seed	vendor_datasheet_html
R4 widen	switches	linecard	weight	N9K-C9400-SW-GX2A	16.097993	html_table	vendor_datasheet_html
R4 widen	switches	linecard	weight	N9K-X9400-16W	1.868801	html_table	vendor_datasheet_html
R4 widen	switches	linecard	weight	N9K-X9400-22L	1.64654	html_table	vendor_datasheet_html
R4 widen	switches	linecard	weight	N9K-X9400-8D	1.700971	html_table	vendor_datasheet_html
R4 widen	switches	linecard	weight	X9432PQ	4.921477	html_table	vendor_datasheet_html
R4 widen	switches	linecard	weight	X9464PX	4.880654	html_table	vendor_datasheet_html
R4 widen	switches	linecard	weight	X9464TX2	4.54046	html_table	vendor_datasheet_html
R4 widen	switches	linecard	weight	X9536PQ	5.438573	html_table	vendor_datasheet_html
R4 widen	switches	linecard	weight	X9564PX	5.20724	html_table	vendor_datasheet_html
R4 widen	switches	linecard	weight	X9564TX	5.706192	html_table	vendor_datasheet_html
R4 widen	switches	linecard	weight	X96136YC-R	5.79691	html_table	vendor_datasheet_html
R4 widen	switches	linecard	weight	X9624D-R2	8.2	html_table	vendor_datasheet_html
R4 widen	switches	linecard	weight	X9636C-R	5.58	html_table	vendor_datasheet_html
R4 widen	switches	linecard	weight	X9636C-RX	7.2	html_table	vendor_datasheet_html
R4 widen	switches	linecard	weight	X9636PQ	5.20724	html_table	vendor_datasheet_html
R4 widen	switches	linecard	weight	X9636Q-R	5.2	html_table	vendor_datasheet_html
R4 widen	switches	linecard	weight	X97160YC-EX	5.783303	html_table	vendor_datasheet_html
R4 widen	switches	linecard	weight	X9716D-GX	6.894604	html_table	vendor_datasheet_html
R4 widen	switches	linecard	weight	X9732C-EX	5.502075	html_table	vendor_datasheet_html
R4 widen	switches	linecard	weight	X9732C-FX	6.803886	html_table	vendor_datasheet_html
R4 widen	switches	linecard	weight	X9736C-EX	6.699559	html_table	vendor_datasheet_html
R4 widen	switches	linecard	weight	X9736C-FX	6.522658	html_table	vendor_datasheet_html
R4 widen	switches	linecard	weight	X9736C-FX3	6.522658	html_table	vendor_datasheet_html
R4 widen	switches	linecard	weight	X9736PQ	5.080235	html_table	vendor_datasheet_html
R4 widen	switches	linecard	weight	X9788TC-FX	5.896701	html_table	vendor_datasheet_html
to read	switches	mechanical	airflow	C9606-FB-23-KIT=	"front-to-back"	description_mining	vendor_datasheet_html
to read	switches	mechanical	input_voltage	N9800-DC-TRAY	{"max": 48, "min": 48}	description_mining	vendor_datasheet_html
to read	switches	mechanical	mgmt_class	C9610-23-KIT-2=	"smart-managed"	description_mining	vendor_datasheet_html
to read	switches	mechanical	mgmt_class	C9610-NEBS-KIT	"smart-managed"	description_mining	vendor_datasheet_html
to read	switches	mechanical	mgmt_class	C9610-NEBSFILTER=	"smart-managed"	description_mining	vendor_datasheet_html
R4 widen	switches	module	mounting	IEM-3300-14T2S=	["din-rail"]	html_table	vendor_datasheet_html
R4 widen	switches	module	mounting	IEM-3300-16P=	["din-rail"]	html_table	vendor_datasheet_html
R4 widen	switches	module	mounting	IEM-3300-16T=	["din-rail"]	html_table	vendor_datasheet_html
R4 widen	switches	module	mounting	IEM-3300-4MU=	["din-rail"]	html_table	vendor_datasheet_html
R4 widen	switches	module	mounting	IEM-3300-6T2S=	["din-rail"]	html_table	vendor_datasheet_html
R4 widen	switches	module	mounting	IEM-3300-8P=	["din-rail"]	html_table	vendor_datasheet_html
R4 widen	switches	module	mounting	IEM-3300-8S=	["din-rail"]	html_table	vendor_datasheet_html
R4 widen	switches	module	mounting	IEM-3300-8T=	["din-rail"]	html_table	vendor_datasheet_html
R4 widen	switches	module	mounting	IEM-3400-8P=	["din-rail"]	html_table	vendor_datasheet_html
R4 widen	switches	module	mounting	IEM-3400-8S=	["din-rail"]	html_table	vendor_datasheet_html
R4 widen	switches	module	mounting	IEM-3400-8T=	["din-rail"]	html_table	vendor_datasheet_html
R4 widen	switches	module	mounting	IEM-3500-14T2S=	["din-rail"]	html_table	vendor_datasheet_html
R4 widen	switches	module	mounting	IEM-3500-16P=	["din-rail"]	html_table	vendor_datasheet_html
R4 widen	switches	module	mounting	IEM-3500-16T=	["din-rail"]	html_table	vendor_datasheet_html
R4 widen	switches	module	mounting	IEM-3500-4MU=	["din-rail"]	html_table	vendor_datasheet_html
R4 widen	switches	module	mounting	IEM-3500-6T2S=	["din-rail"]	html_table	vendor_datasheet_html
R4 widen	switches	module	mounting	IEM-3500-8P=	["din-rail"]	html_table	vendor_datasheet_html
R4 widen	switches	module	mounting	IEM-3500-8S=	["din-rail"]	html_table	vendor_datasheet_html
R4 widen	switches	module	mounting	IEM-3500-8T=	["din-rail"]	html_table	vendor_datasheet_html
R4 widen	switches	module	mtbf	C3850-NM-2-10G	4315970	html_table	vendor_datasheet_html
R4 widen	switches	module	mtbf	C3850-NM-2-40G	9303100	html_table	vendor_datasheet_html
R4 widen	switches	module	mtbf	C3850-NM-4-10G	3835330	html_table	vendor_datasheet_html
R4 widen	switches	module	mtbf	C3850-NM-4-1G	7052100	html_table	vendor_datasheet_html
R4 widen	switches	module	mtbf	C3850-NM-8-10G	6544410	html_table	vendor_datasheet_html
R4 widen	switches	module	mtbf	C3KX-NM-10G	2468553	html_table	vendor_datasheet_html
R4 widen	switches	module	mtbf	C3KX-NM-10GT	1411719	html_table	vendor_datasheet_html
R4 widen	switches	module	mtbf	C3KX-NM-1G	5083574	html_table	vendor_datasheet_html
R4 widen	switches	module	mtbf	C3KX-SM-10G	396940	html_table	vendor_datasheet_html
R4 widen	switches	module	mtbf	C9300-NM-2Y	7568820	html_table	vendor_datasheet_html
R4 widen	switches	module	mtbf	C9300-NM-4G	8953570	html_table	vendor_datasheet_html
R4 widen	switches	module	mtbf	C9300-NM-8X	7151930	html_table	vendor_datasheet_html
R4 widen	switches	module	mtbf	C9300X-NM-2C	9411520	html_table	vendor_datasheet_html
R4 widen	switches	module	mtbf	C9300X-NM-8Y	6349010	html_table	vendor_datasheet_html
R4 widen	switches	module	mtbf	IEM-3300-14T2S=	1865300	html_table	vendor_datasheet_html
R4 widen	switches	module	mtbf	IEM-3300-16P=	1043520	html_table	vendor_datasheet_html
R4 widen	switches	module	mtbf	IEM-3300-16T=	1594210	html_table	vendor_datasheet_html
R4 widen	switches	module	mtbf	IEM-3300-4MU=	1272430	html_table	vendor_datasheet_html
R4 widen	switches	module	mtbf	IEM-3300-6T2S=	3729130	html_table	vendor_datasheet_html
R4 widen	switches	module	mtbf	IEM-3300-8P=	2931233	html_table	vendor_datasheet_html
R4 widen	switches	module	mtbf	IEM-3300-8S=	6810960	html_table	vendor_datasheet_html
R4 widen	switches	module	mtbf	IEM-3300-8T=	3041040	html_table	vendor_datasheet_html
R4 widen	switches	module	mtbf	IEM-3400-8P=	1802010	html_table	vendor_datasheet_html
R4 widen	switches	module	mtbf	IEM-3400-8S=	5572640	html_table	vendor_datasheet_html
R4 widen	switches	module	mtbf	IEM-3400-8T=	3385166	html_table	vendor_datasheet_html
R4 widen	switches	module	mtbf	IEM-3500-14T2S=	1590095	html_table	vendor_datasheet_html
R4 widen	switches	module	mtbf	IEM-3500-16P=	991619	html_table	vendor_datasheet_html
R4 widen	switches	module	mtbf	IEM-3500-16T=	1649967	html_table	vendor_datasheet_html
R4 widen	switches	module	mtbf	IEM-3500-4MU=	2199022	html_table	vendor_datasheet_html
R4 widen	switches	module	mtbf	IEM-3500-6T2S=	2438014	html_table	vendor_datasheet_html
R4 widen	switches	module	mtbf	IEM-3500-8P=	1881021	html_table	vendor_datasheet_html
R4 widen	switches	module	mtbf	IEM-3500-8S=	4268192	html_table	vendor_datasheet_html
R4 widen	switches	module	mtbf	IEM-3500-8T=	3012621	html_table	vendor_datasheet_html
R4 widen	switches	module	weight	IEM-3300-14T2S=	1.224699	html_table	vendor_datasheet_html
R4 widen	switches	module	weight	IEM-3300-16P=	1.224699	html_table	vendor_datasheet_html
R4 widen	switches	module	weight	IEM-3300-16T=	1.224699	html_table	vendor_datasheet_html
R4 widen	switches	module	weight	IEM-3300-4MU=	1.360777	html_table	vendor_datasheet_html
R4 widen	switches	module	weight	IEM-3300-6T2S=	0.907185	html_table	vendor_datasheet_html
R4 widen	switches	module	weight	IEM-3300-8P=	0.907185	html_table	vendor_datasheet_html
R4 widen	switches	module	weight	IEM-3300-8S=	0.907185	html_table	vendor_datasheet_html
R4 widen	switches	module	weight	IEM-3300-8T=	0.907185	html_table	vendor_datasheet_html
R4 widen	switches	module	weight	IEM-3400-8P=	0.907185	html_table	vendor_datasheet_html
R4 widen	switches	module	weight	IEM-3400-8S=	1.632933	html_table	vendor_datasheet_html
R4 widen	switches	module	weight	IEM-3400-8T=	0.907185	html_table	vendor_datasheet_html
R4 widen	switches	module	weight	IEM-3500-14T2S=	1.133981	html_table	vendor_datasheet_html
R4 widen	switches	module	weight	IEM-3500-16P=	1.133981	html_table	vendor_datasheet_html
R4 widen	switches	module	weight	IEM-3500-16T=	1.111301	html_table	vendor_datasheet_html
R4 widen	switches	module	weight	IEM-3500-4MU=	0.975224	html_table	vendor_datasheet_html
R4 widen	switches	module	weight	IEM-3500-6T2S=	0.884505	html_table	vendor_datasheet_html
R4 widen	switches	module	weight	IEM-3500-8P=	0.884505	html_table	vendor_datasheet_html
R4 widen	switches	module	weight	IEM-3500-8S=	0.884505	html_table	vendor_datasheet_html
R4 widen	switches	module	weight	IEM-3500-8T=	0.884505	html_table	vendor_datasheet_html
R4 widen	switches	olt	dimensions	CGP-OLT-16T	{"d": 381, "h": 43.18, "w": 439.42}	html_table	vendor_datasheet_html
R4 widen	switches	olt	dimensions	CGP-OLT-8T	{"d": 274.32, "h": 43.18, "w": 439.42}	html_table	vendor_datasheet_html
R4 widen	switches	olt	flash	CGP-OLT-16T	0.03125	html_table	vendor_datasheet_html
R4 widen	switches	olt	flash	CGP-OLT-8T	0.03125	html_table	vendor_datasheet_html
R4 widen	switches	olt	forwarding_rate	CGP-OLT-16T	95	html_table	vendor_datasheet_html
R4 widen	switches	olt	forwarding_rate	CGP-OLT-8T	65	html_table	vendor_datasheet_html
R4 widen	switches	olt	jumbo_mtu	CGP-OLT-16T	9220	html_table	vendor_datasheet_html
R4 widen	switches	olt	jumbo_mtu	CGP-OLT-8T	9220	html_table	vendor_datasheet_html
R4 widen	switches	olt	mac_table	CGP-OLT-16T	64000	html_table	vendor_datasheet_html
R4 widen	switches	olt	mac_table	CGP-OLT-8T	32000	html_table	vendor_datasheet_html
R4 widen	switches	olt	mtbf	CGP-OLT-16T	330000	html_table	vendor_datasheet_html
R4 widen	switches	olt	mtbf	CGP-OLT-8T	340000	html_table	vendor_datasheet_html
R4 widen	switches	olt	switching_capacity	CGP-OLT-16T	108	html_table	vendor_datasheet_html
R4 widen	switches	olt	switching_capacity	CGP-OLT-8T	78	html_table	vendor_datasheet_html
to read	switches	olt	uplink_ports	CGP-OLT-16T	[{"speed": [], "anzahl": 2, "port_typ": "sfp-plus"}]	vendor_page:cisco-datasheets	vendor_datasheet_html
to read	switches	olt	uplink_ports	CGP-OLT-8T	[{"speed": [], "anzahl": 2, "port_typ": "sfp-plus"}]	vendor_page:cisco-datasheets	vendor_datasheet_html
R4 widen	switches	olt	weight	CGP-OLT-16T	7.6	html_table	vendor_datasheet_html
R4 widen	switches	olt	weight	CGP-OLT-8T	4.5	html_table	vendor_datasheet_html
R4 widen	switches	ont	connector	ENC-10G-ONT-01PR	"sc"	html_table	vendor_datasheet_html
R4 widen	switches	ont	connector	ENC-10G-ONT-10	"sc"	html_table	vendor_datasheet_html
R4 widen	switches	ont	connector	ENC-10G-ONT-14A	"sc"	html_table	vendor_datasheet_html
to read	switches	ont	cooling	CGP-ONT-1P	"fanless"	vendor_page:cisco-datasheets	vendor_datasheet_html
to read	switches	ont	cooling	CGP-ONT-4P	"fanless"	vendor_page:cisco-datasheets	vendor_datasheet_html
to read	switches	ont	cooling	CGP-ONT-4PV	"fanless"	vendor_page:cisco-datasheets	vendor_datasheet_html
to read	switches	ont	cooling	CGP-ONT-4PVC	"fanless"	vendor_page:cisco-datasheets	vendor_datasheet_html
R4 widen	switches	ont	dimensions	CGP-ONT-1P	{"d": 190.5, "h": 38.1, "w": 104.14}	html_table	vendor_datasheet_html
R4 widen	switches	ont	dimensions	CGP-ONT-4P	{"d": 144.78, "h": 43.18, "w": 238.76}	html_table	vendor_datasheet_html
R4 widen	switches	ont	dimensions	CGP-ONT-4PV	{"d": 144.78, "h": 43.18, "w": 238.76}	html_table	vendor_datasheet_html
R4 widen	switches	ont	dimensions	CGP-ONT-4PVC	{"d": 144.78, "h": 43.18, "w": 238.76}	html_table	vendor_datasheet_html
R4 widen	switches	ont	dimensions	CGP-ONT-4TVCW-x	{"d": 175.26, "h": 40.64, "w": 167.64}	html_table	vendor_datasheet_html
R4 widen	switches	ont	flash	CGP-ONT-4P	0.125	html_table	vendor_datasheet_html
R4 widen	switches	ont	flash	CGP-ONT-4PV	0.125	html_table	vendor_datasheet_html
R4 widen	switches	ont	flash	CGP-ONT-4PVC	0.125	html_table	vendor_datasheet_html
R4 widen	switches	ont	flash	CGP-ONT-4TVCW-x	0.125	html_table	vendor_datasheet_html
R4 widen	switches	ont	forwarding_rate	CGP-ONT-1P	5.2	html_table	vendor_datasheet_html
R4 widen	switches	ont	forwarding_rate	CGP-ONT-4P	9.6	html_table	vendor_datasheet_html
R4 widen	switches	ont	forwarding_rate	CGP-ONT-4PV	9.6	html_table	vendor_datasheet_html
R4 widen	switches	ont	forwarding_rate	CGP-ONT-4PVC	9.6	html_table	vendor_datasheet_html
R4 widen	switches	ont	forwarding_rate	CGP-ONT-4TVCW-x	9.6	html_table	vendor_datasheet_html
R4 widen	switches	ont	humidity_operating	ENC-10G-ONT-01PR	{"max": 95, "min": 10}	html_table	vendor_datasheet_html
R4 widen	switches	ont	humidity_operating	ENC-10G-ONT-10	{"max": 95, "min": 10}	html_table	vendor_datasheet_html
R4 widen	switches	ont	humidity_operating	ENC-10G-ONT-14A	{"max": 95, "min": 10}	html_table	vendor_datasheet_html
R4 widen	switches	ont	jumbo_mtu	CGP-ONT-1P	1500	html_table	vendor_datasheet_html
R4 widen	switches	ont	jumbo_mtu	CGP-ONT-4P	1500	html_table	vendor_datasheet_html
R4 widen	switches	ont	jumbo_mtu	CGP-ONT-4PV	1500	html_table	vendor_datasheet_html
R4 widen	switches	ont	jumbo_mtu	CGP-ONT-4PVC	1500	html_table	vendor_datasheet_html
R4 widen	switches	ont	jumbo_mtu	CGP-ONT-4TVCW-x	1500	html_table	vendor_datasheet_html
R4 widen	switches	ont	mac_table	CGP-ONT-1P	2000	html_table	vendor_datasheet_html
R4 widen	switches	ont	mac_table	CGP-ONT-4P	2000	html_table	vendor_datasheet_html
R4 widen	switches	ont	mac_table	CGP-ONT-4PV	2000	html_table	vendor_datasheet_html
R4 widen	switches	ont	mac_table	CGP-ONT-4PVC	2000	html_table	vendor_datasheet_html
R4 widen	switches	ont	mac_table	CGP-ONT-4TVCW-x	2000	html_table	vendor_datasheet_html
R4 widen	switches	ont	mtbf	CGP-ONT-1P	830000	html_table	vendor_datasheet_html
R4 widen	switches	ont	mtbf	CGP-ONT-4P	450000	html_table	vendor_datasheet_html
R4 widen	switches	ont	mtbf	CGP-ONT-4PV	410000	html_table	vendor_datasheet_html
R4 widen	switches	ont	mtbf	CGP-ONT-4PVC	360000	html_table	vendor_datasheet_html
R4 widen	switches	ont	mtbf	CGP-ONT-4TVCW-x	830000	html_table	vendor_datasheet_html
to read	switches	ont	poe_standard	CGP-ONT-4P	"802.3at"	description_mining	vendor_eol_bulletin
to read	switches	ont	poe_standard	CGP-ONT-4PV	"802.3at"	description_mining	vendor_eol_bulletin
to read	switches	ont	poe_standard	CGP-ONT-4PVC	"802.3at"	description_mining	vendor_datasheet_html
R4 widen	switches	ont	power_max	ENC-10G-ONT-01PR	5	html_table	vendor_datasheet_html
R4 widen	switches	ont	power_max	ENC-10G-ONT-10	10	html_table	vendor_datasheet_html
R4 widen	switches	ont	power_max	ENC-10G-ONT-14A	10	html_table	vendor_datasheet_html
R4 widen	switches	ont	switching_capacity	CGP-ONT-1P	5.75	html_table	vendor_datasheet_html
R4 widen	switches	ont	switching_capacity	CGP-ONT-4P	11.75	html_table	vendor_datasheet_html
R4 widen	switches	ont	switching_capacity	CGP-ONT-4PV	11.75	html_table	vendor_datasheet_html
R4 widen	switches	ont	switching_capacity	CGP-ONT-4PVC	11.75	html_table	vendor_datasheet_html
R4 widen	switches	ont	switching_capacity	CGP-ONT-4TVCW-x	11.75	html_table	vendor_datasheet_html
R4 widen	switches	ont	temp_operating	ENC-10G-ONT-01PR	{"max": 65, "min": -40}	html_table	vendor_datasheet_html
R4 widen	switches	ont	temp_operating	ENC-10G-ONT-10	{"max": 40, "min": 0}	html_table	vendor_datasheet_html
R4 widen	switches	ont	temp_operating	ENC-10G-ONT-14A	{"max": 40, "min": 0}	html_table	vendor_datasheet_html
R4 widen	switches	ont	weight	CGP-ONT-1P	0.84	html_table	vendor_datasheet_html
R4 widen	switches	ont	weight	CGP-ONT-4P	1.25	html_table	vendor_datasheet_html
R4 widen	switches	ont	weight	CGP-ONT-4PV	1.25	html_table	vendor_datasheet_html
R4 widen	switches	ont	weight	CGP-ONT-4PVC	1.25	html_table	vendor_datasheet_html
R4 widen	switches	ont	weight	CGP-ONT-4TVCW-x	0.36	html_table	vendor_datasheet_html
to read	switches	power	certifications	PWR-C2-1600WAC-I/2	["80 PLUS Platinum"]	description_mining	vendor_guide
to read	switches	power	certifications	PWR-C2-500WAC-I	["80 PLUS Platinum"]	description_mining	vendor_guide
to read	switches	power	certifications	PWR-C2-500WAC-I/2	["80 PLUS Platinum"]	description_mining	vendor_guide
to read	switches	power	certifications	PWR-C2-500WAC-I=	["80 PLUS Platinum"]	description_mining	vendor_guide
to read	switches	power	certifications	PWR-C2-850WAC-I	["80 PLUS Platinum"]	description_mining	vendor_guide
to read	switches	power	certifications	PWR-C2-850WAC-I/2	["80 PLUS Platinum"]	description_mining	vendor_guide
to read	switches	power	certifications	PWR-C2-850WAC-I=	["80 PLUS Platinum"]	description_mining	vendor_guide
to read	switches	power	certifications	PWR-C2-850WAC-IUP	["80 PLUS Platinum"]	description_mining	vendor_guide
R4 widen	switches	power	dimensions	PWR-IE170W-PC-AC=	{"d": 146, "h": 150, "w": 96}	html_table	vendor_datasheet_html
R4 widen	switches	power	dimensions	PWR-IE170W-PC-DC=	{"d": 146, "h": 150, "w": 114}	html_table	vendor_datasheet_html
R4 widen	switches	power	dimensions	PWR-IE240W-AC-IEC=	{"d": 127, "h": 120, "w": 85}	html_table	vendor_datasheet_html
R4 widen	switches	power	dimensions	PWR-IE240W-PCAC-L=	{"d": 124.1, "h": 121, "w": 85}	html_table	vendor_datasheet_html
R4 widen	switches	power	dimensions	PWR-IE400W-AC-IEC=	{"d": 126, "h": 120, "w": 144}	html_table	vendor_datasheet_html
R4 widen	switches	power	dimensions	PWR-IE480W-PCAC-L=	{"d": 118.6, "h": 121, "w": 144}	html_table	vendor_datasheet_html
R4 widen	switches	power	dimensions	PWR-IE50W-AC-IEC=	{"d": 148, "h": 118, "w": 51}	html_table	vendor_datasheet_html
R4 widen	switches	power	dimensions	PWR-IE50W-AC-L=	{"d": 89.5, "h": 75, "w": 30}	html_table	vendor_datasheet_html
R4 widen	switches	power	dimensions	PWR-IE50W-AC=	{"d": 148, "h": 118, "w": 51}	html_table	vendor_datasheet_html
R4 widen	switches	power	dimensions	PWR-IE65W-PC-AC=	{"d": 118, "h": 148, "w": 66}	html_table	vendor_datasheet_html
R4 widen	switches	power	dimensions	PWR-IE65W-PC-DC=	{"d": 117, "h": 150, "w": 66}	html_table	vendor_datasheet_html
R4 widen	switches	power	heat_dissipation	N55-PAC-1100W	45	html_table	vendor_datasheet_html
R4 widen	switches	power	heat_dissipation	N55-PDC-1100W	260	html_table	vendor_datasheet_html
R4 widen	switches	power	heat_dissipation	NXA-PAC-1100W	45	html_table	vendor_datasheet_html
R4 widen	switches	power	heat_dissipation	NXA-PHV-1100W	170	html_table	vendor_datasheet_html
R4 widen	switches	power	humidity_operating	PWR-IE170W-PC-AC=	{"max": 95, "min": 95}	html_table	vendor_datasheet_html
R4 widen	switches	power	humidity_operating	PWR-IE170W-PC-DC=	{"max": 95, "min": 95}	html_table	vendor_datasheet_html
R4 widen	switches	power	humidity_operating	PWR-IE240W-PCAC-L=	{"max": 95, "min": 5}	html_table	vendor_datasheet_html
R4 widen	switches	power	humidity_operating	PWR-IE480W-PCAC-L=	{"max": 95, "min": 5}	html_table	vendor_datasheet_html
R4 widen	switches	power	humidity_operating	PWR-IE50W-AC-IEC=	{"max": 95, "min": 95}	html_table	vendor_datasheet_html
R4 widen	switches	power	humidity_operating	PWR-IE50W-AC-L=	{"max": 95, "min": 5}	html_table	vendor_datasheet_html
R4 widen	switches	power	humidity_operating	PWR-IE50W-AC=	{"max": 95, "min": 95}	html_table	vendor_datasheet_html
R4 widen	switches	power	humidity_operating	PWR-IE65W-PC-AC=	{"max": 95, "min": 95}	html_table	vendor_datasheet_html
R4 widen	switches	power	humidity_operating	PWR-IE65W-PC-DC=	{"max": 95, "min": 95}	html_table	vendor_datasheet_html
R4 widen	switches	power	ip_rating	PWR-IE170W-PC-AC=	"ip20"	html_table	vendor_datasheet_html
R4 widen	switches	power	ip_rating	PWR-IE170W-PC-DC=	"ip20"	html_table	vendor_datasheet_html
R4 widen	switches	power	ip_rating	PWR-IE240W-PCAC-L=	"ip20"	html_table	vendor_datasheet_html
R4 widen	switches	power	ip_rating	PWR-IE480W-PCAC-L=	"ip20"	html_table	vendor_datasheet_html
R4 widen	switches	power	ip_rating	PWR-IE50W-AC-IEC=	"ip20"	html_table	vendor_datasheet_html
R4 widen	switches	power	ip_rating	PWR-IE50W-AC-L=	"ip20"	html_table	vendor_datasheet_html
R4 widen	switches	power	ip_rating	PWR-IE50W-AC=	"ip20"	html_table	vendor_datasheet_html
R4 widen	switches	power	ip_rating	PWR-IE65W-PC-AC=	"ip20"	html_table	vendor_datasheet_html
R4 widen	switches	power	ip_rating	PWR-IE65W-PC-DC=	"ip20"	html_table	vendor_datasheet_html
R4 widen	switches	power	mtbf	C3KX-PWR-1100WAC	392174	html_table	vendor_datasheet_html
R4 widen	switches	power	mtbf	C3KX-PWR-350WAC	580710	html_table	vendor_datasheet_html
R4 widen	switches	power	mtbf	C3KX-PWR-440WDC	469350	html_table	vendor_datasheet_html
R4 widen	switches	power	mtbf	C3KX-PWR-715WAC	664055	html_table	vendor_datasheet_html
R4 widen	switches	power	mtbf	C9K-PWR-1500WAC	1303300	html_table	vendor_datasheet_html
R4 widen	switches	power	mtbf	C9K-PWR-1500WDC	1737740	html_table	vendor_datasheet_html
R4 widen	switches	power	mtbf	C9K-PWR-1600WAC-R	1718780	html_table	vendor_datasheet_html
R4 widen	switches	power	mtbf	C9K-PWR-1600WDC-R	2559000	html_table	vendor_datasheet_html
R4 widen	switches	power	mtbf	C9K-PWR-650WAC-R	2268760	html_table	vendor_datasheet_html
R4 widen	switches	power	mtbf	C9K-PWR-650WACL-R	1229043	html_table	vendor_datasheet_html
R4 widen	switches	power	mtbf	C9K-PWR-930WDC-R	3008280	html_table	vendor_datasheet_html
R4 widen	switches	power	mtbf	PWR-C1-1100WAC	392174	html_table	vendor_datasheet_html
R4 widen	switches	power	mtbf	PWR-C1-1100WAC-P	1217904	html_table	vendor_datasheet_html
R4 widen	switches	power	mtbf	PWR-C1-350WAC	580710	html_table	vendor_datasheet_html
R4 widen	switches	power	mtbf	PWR-C1-350WAC-P	1335012	html_table	vendor_datasheet_html
R4 widen	switches	power	mtbf	PWR-C1-440WDC	469350	html_table	vendor_datasheet_html
R4 widen	switches	power	mtbf	PWR-C1-715WAC	664055	html_table	vendor_datasheet_html
R4 widen	switches	power	mtbf	PWR-C1-715WAC-P	1054881	html_table	vendor_datasheet_html
R4 widen	switches	power	mtbf	PWR-C1-715WDC	1812103	html_table	vendor_datasheet_html
R4 widen	switches	power	mtbf	PWR-C2-1025WAC	570259	html_table	vendor_datasheet_html
R4 widen	switches	power	mtbf	PWR-C2-250WAC	751642	html_table	vendor_datasheet_html
R4 widen	switches	power	mtbf	PWR-C2-640WAC	693692	html_table	vendor_datasheet_html
R4 widen	switches	power	mtbf	PWR-C2-640WDC	706759	html_table	vendor_datasheet_html
R4 widen	switches	power	mtbf	PWR-C4-950WAC-R	2268760	html_table	vendor_datasheet_html
R4 widen	switches	power	mtbf	PWR-C4-950WDC-R	2559000	html_table	vendor_datasheet_html
R4 widen	switches	power	mtbf	PWR-C45-1000AC	250000	html_table	vendor_datasheet_html
R4 widen	switches	power	mtbf	PWR-C45-1300ACV	164220	html_table	vendor_datasheet_html
R4 widen	switches	power	mtbf	PWR-C45-1400AC	570530	html_table	vendor_datasheet_html
R4 widen	switches	power	mtbf	PWR-C45-1400DC	316454	html_table	vendor_datasheet_html
R4 widen	switches	power	mtbf	PWR-C45-1400DC-P	316454	html_table	vendor_datasheet_html
R4 widen	switches	power	mtbf	PWR-C45-2800ACV	155822	html_table	vendor_datasheet_html
R4 widen	switches	power	mtbf	PWR-C45-4200ACV	331945	html_table	vendor_datasheet_html
R4 widen	switches	power	mtbf	PWR-C45-6000ACV	341356	html_table	vendor_datasheet_html
R4 widen	switches	power	mtbf	PWR-C45-9000ACV	186000	html_table	vendor_datasheet_html
R4 widen	switches	power	mtbf	PWR-C5-125WAC	3332120	html_table	vendor_datasheet_html
R4 widen	switches	power	mtbf	PWR-C5-1KWAC	1600060	html_table	vendor_datasheet_html
R4 widen	switches	power	mtbf	PWR-C5-600WAC	1600060	html_table	vendor_datasheet_html
R4 widen	switches	power	mtbf	PWR-C6-1000WAC	1600060	html_table	vendor_datasheet_html
R4 widen	switches	power	mtbf	PWR-C6-125WAC	3332120	html_table	vendor_datasheet_html
R4 widen	switches	power	mtbf	PWR-C6-1KWAC	1600060	html_table	vendor_datasheet_html
R4 widen	switches	power	mtbf	PWR-C6-600WAC	1600060	html_table	vendor_datasheet_html
R4 widen	switches	power	mtbf	PWR-C6-715WDC	1712103	html_table	vendor_datasheet_html
R4 widen	switches	power	mtbf	PWR-IE170W-PC-AC=	2384975	html_table	vendor_datasheet_html
R4 widen	switches	power	mtbf	PWR-IE170W-PC-DC=	2164641	html_table	vendor_datasheet_html
R4 widen	switches	power	mtbf	PWR-IE240W-AC-IEC=	2084151	html_table	vendor_datasheet_html
R4 widen	switches	power	mtbf	PWR-IE240W-PCAC-L=	1579900	html_table	vendor_datasheet_html
R4 widen	switches	power	mtbf	PWR-IE400W-AC-IEC=	1411751	html_table	vendor_datasheet_html
R4 widen	switches	power	mtbf	PWR-IE480W-PCAC-L=	1058750	html_table	vendor_datasheet_html
R4 widen	switches	power	mtbf	PWR-IE50W-AC-IEC=	1662359	html_table	vendor_datasheet_html
R4 widen	switches	power	mtbf	PWR-IE50W-AC-L=	2255613	html_table	vendor_datasheet_html
R4 widen	switches	power	mtbf	PWR-IE50W-AC=	1662359	html_table	vendor_datasheet_html
R4 widen	switches	power	mtbf	PWR-IE65W-PC-AC=	2488401	html_table	vendor_datasheet_html
R4 widen	switches	power	mtbf	PWR-IE65W-PC-DC=	4802673	html_table	vendor_datasheet_html
to read	switches	power	poe_standard	PWR-C2-1025WAC=	"802.3at"	description_mining	vendor_datasheet_html
to read	switches	power	poe_standard	PWR-C2-640WAC=	"802.3at"	description_mining	vendor_datasheet_html
to read	switches	power	poe_standard	WS-UPOE-12VPSPL	"upoe"	description_mining	vendor_eol_bulletin
to read	switches	power	poe_standard	WS-UPOE-12VPSPL=	"upoe"	description_mining	vendor_eol_bulletin
R4 widen	switches	power	power_typical	N55-PAC-1100W	650	html_table	vendor_datasheet_html
R4 widen	switches	power	power_typical	N55-PDC-1100W	650	html_table	vendor_datasheet_html
R4 widen	switches	power	power_typical	NXA-PAC-1100W	650	html_table	vendor_datasheet_html
R4 widen	switches	power	power_typical	NXA-PHV-1100W	650	html_table	vendor_datasheet_html
R4 widen	switches	power	temp_operating	PWR-IE170W-PC-AC=	{"max": 75, "min": -40}	html_table	vendor_datasheet_html
R4 widen	switches	power	temp_operating	PWR-IE170W-PC-DC=	{"max": 75, "min": -40}	html_table	vendor_datasheet_html
R4 widen	switches	power	temp_operating	PWR-IE240W-PCAC-L=	{"max": 80, "min": -40}	html_table	vendor_datasheet_html
R4 widen	switches	power	temp_operating	PWR-IE480W-PCAC-L=	{"max": 75, "min": -40}	html_table	vendor_datasheet_html
R4 widen	switches	power	temp_operating	PWR-IE50W-AC-IEC=	{"max": 70, "min": -20}	html_table	vendor_datasheet_html
R4 widen	switches	power	temp_operating	PWR-IE50W-AC-L=	{"max": 70, "min": -20}	html_table	vendor_datasheet_html
R4 widen	switches	power	temp_operating	PWR-IE50W-AC=	{"max": 75, "min": -40}	html_table	vendor_datasheet_html
R4 widen	switches	power	temp_operating	PWR-IE65W-PC-AC=	{"max": 75, "min": -40}	html_table	vendor_datasheet_html
R4 widen	switches	power	temp_operating	PWR-IE65W-PC-DC=	{"max": 75, "min": -40}	html_table	vendor_datasheet_html
R4 widen	switches	power	temp_storage	PWR-IE170W-PC-AC=	{"max": 85, "min": -40}	html_table	vendor_datasheet_html
R4 widen	switches	power	temp_storage	PWR-IE170W-PC-DC=	{"max": 85, "min": -40}	html_table	vendor_datasheet_html
R4 widen	switches	power	temp_storage	PWR-IE240W-PCAC-L=	{"max": 85, "min": -40}	html_table	vendor_datasheet_html
R4 widen	switches	power	temp_storage	PWR-IE480W-PCAC-L=	{"max": 85, "min": -40}	html_table	vendor_datasheet_html
R4 widen	switches	power	temp_storage	PWR-IE50W-AC-IEC=	{"max": 85, "min": -40}	html_table	vendor_datasheet_html
R4 widen	switches	power	temp_storage	PWR-IE50W-AC-L=	{"max": 85, "min": -40}	html_table	vendor_datasheet_html
R4 widen	switches	power	temp_storage	PWR-IE50W-AC=	{"max": 85, "min": -40}	html_table	vendor_datasheet_html
R4 widen	switches	power	temp_storage	PWR-IE65W-PC-AC=	{"max": 85, "min": -40}	html_table	vendor_datasheet_html
R4 widen	switches	power	temp_storage	PWR-IE65W-PC-DC=	{"max": 85, "min": -40}	html_table	vendor_datasheet_html
R4 widen	switches	power	weight	PSU3KW-HVPI	0.79	html_table	vendor_datasheet_html
R4 widen	switches	power	weight	PWR-IE170W-PC-AC=	1.759938	html_table	vendor_datasheet_html
R4 widen	switches	power	weight	PWR-IE170W-PC-DC=	1.66922	html_table	vendor_datasheet_html
R4 widen	switches	power	weight	PWR-IE240W-AC-IEC=	1.020583	html_table	vendor_datasheet_html
R4 widen	switches	power	weight	PWR-IE240W-PCAC-L=	0.95708	html_table	vendor_datasheet_html
R4 widen	switches	power	weight	PWR-IE400W-AC-IEC=	1.406136	html_table	vendor_datasheet_html
R4 widen	switches	power	weight	PWR-IE480W-PCAC-L=	1.369849	html_table	vendor_datasheet_html
R4 widen	switches	power	weight	PWR-IE50W-AC-IEC=	0.648637	html_table	vendor_datasheet_html
R4 widen	switches	power	weight	PWR-IE50W-AC-L=	0.176901	html_table	vendor_datasheet_html
R4 widen	switches	power	weight	PWR-IE50W-AC=	0.639565	html_table	vendor_datasheet_html
R4 widen	switches	power	weight	PWR-IE65W-PC-AC=	1.197484	html_table	vendor_datasheet_html
R4 widen	switches	power	weight	PWR-IE65W-PC-DC=	1.17934	html_table	vendor_datasheet_html
to read	switches	power-cord	input_voltage	CAB-AC-250V/13A	{"max": 250, "min": 250}	description_mining	vendor_datasheet_html
to read	switches	power-cord	input_voltage	CAB-TA-125V-JP=	{"max": 125, "min": 125}	description_mining	vendor_datasheet_html
to read	switches	power-cord	input_voltage	N7K-DC-CAB-CAN=	{"max": 48, "min": 48}	description_mining	vendor_eol_bulletin
to read	switches	power-cord	input_voltage	N7K-DC-CAB-CLO=	{"max": 48, "min": 48}	description_mining	vendor_eol_bulletin
to read	switches	power-cord	input_voltage	N7K-DC-CAB=	{"max": 48, "min": 48}	description_mining	vendor_eol_bulletin
R4 widen	switches	supervisor	airflow	N9K-SUP-A	"port-side-intake"	html_table	vendor_datasheet_html
R4 widen	switches	supervisor	airflow	N9K-SUP-A+	"port-side-intake"	html_table	vendor_datasheet_html
R4 widen	switches	supervisor	airflow	N9K-SUP-B	"port-side-intake"	html_table	vendor_datasheet_html
R4 widen	switches	supervisor	airflow	N9K-SUP-B+	"port-side-intake"	html_table	vendor_datasheet_html
to read	switches	supervisor	certifications	C9400-SUP-1++=	["TAA compliant"]	description_mining	vendor_eol_bulletin
to read	switches	supervisor	certifications	C9400-SUP-1XL++=	["TAA compliant"]	description_mining	vendor_eol_bulletin
to read	switches	supervisor	certifications	N9K-SUP-A++=	["TAA compliant"]	description_mining	vendor_eol_bulletin
to read	switches	supervisor	certifications	N9K-SUP-B++=	["TAA compliant"]	description_mining	vendor_eol_bulletin
to read	switches	supervisor	certifications	WS-X45-SUP9-E++=	["TAA compliant"]	description_mining	vendor_eol_bulletin
R4 widen	switches	supervisor	dimensions	N9K-C9400-SUP-A	{"d": 240.03, "h": 170.942, "w": 29.464}	html_table	vendor_datasheet_html
R4 widen	switches	supervisor	jumbo_mtu	C6800-SUP6T	9216	html_table	vendor_datasheet_html
R4 widen	switches	supervisor	jumbo_mtu	C6800-SUP6T-XL	9216	html_table	vendor_datasheet_html
R4 widen	switches	supervisor	jumbo_mtu	C9600-SUP-1	9216	html_table	vendor_datasheet_html
R4 widen	switches	supervisor	jumbo_mtu	C9600X-SUP-2	9216	html_table	vendor_datasheet_html
R4 widen	switches	supervisor	jumbo_mtu	C9610-SUP-3	9216	html_table	vendor_datasheet_html
R4 widen	switches	supervisor	jumbo_mtu	C9610-SUP-3XL	9216	html_table	vendor_datasheet_html
R4 widen	switches	supervisor	mtbf	N9K-SUP-A	312070	html_table	vendor_datasheet_html
R4 widen	switches	supervisor	mtbf	N9K-SUP-A+	414240	html_table	vendor_datasheet_html
R4 widen	switches	supervisor	mtbf	N9K-SUP-B	292110	html_table	vendor_datasheet_html
R4 widen	switches	supervisor	mtbf	N9K-SUP-B+	421040	html_table	vendor_datasheet_html
R4 widen	switches	supervisor	packet_buffer	C9600-SUP-1	108	html_table	vendor_datasheet_html
R4 widen	switches	supervisor	packet_buffer	C9600X-SUP-2	80	html_table	vendor_datasheet_html
R4 widen	switches	supervisor	packet_buffer	C9610-SUP-3	256	html_table	vendor_datasheet_html
R4 widen	switches	supervisor	packet_buffer	C9610-SUP-3XL	256	html_table	vendor_datasheet_html
R4 widen	switches	supervisor	power_typical	N9K-C9400-SUP-A	50	html_table	vendor_datasheet_html
R4 widen	switches	supervisor	power_typical	N9K-SUP-A	69	html_table	vendor_datasheet_html
R4 widen	switches	supervisor	power_typical	N9K-SUP-A+	69	html_table	vendor_datasheet_html
R4 widen	switches	supervisor	power_typical	N9K-SUP-B	75	html_table	vendor_datasheet_html
R4 widen	switches	supervisor	power_typical	N9K-SUP-B+	75	html_table	vendor_datasheet_html
R4 widen	switches	supervisor	storage_capacity	C9600-SUP-1	960	html_table	vendor_datasheet_html
R4 widen	switches	supervisor	storage_capacity	C9600X-SUP-2	960	html_table	vendor_datasheet_html
R4 widen	switches	supervisor	storage_capacity	C9610-SUP-3	960	html_table	vendor_datasheet_html
R4 widen	switches	supervisor	storage_capacity	C9610-SUP-3XL	960	html_table	vendor_datasheet_html
R4 widen	switches	supervisor	weight	N9K-C9400-SUP-A	1.20202	html_table	vendor_datasheet_html
R4 widen	switches	supervisor	weight	N9K-SUP-A	2.2	html_table	vendor_datasheet_html
R4 widen	switches	supervisor	weight	N9K-SUP-A+	2.37	html_table	vendor_datasheet_html
R4 widen	switches	supervisor	weight	N9K-SUP-B	2.72	html_table	vendor_datasheet_html
R4 widen	switches	supervisor	weight	N9K-SUP-B+	2.39	html_table	vendor_datasheet_html
to read	switches	switch	airflow	C1-C4500X-16SFP+	"front-to-back"	description_mining	vendor_eol_bulletin
to read	switches	switch	airflow	C1-C4500X-24X-IPB	"front-to-back"	description_mining	vendor_eol_bulletin
to read	switches	switch	airflow	C1-C4500X-32SFP+	"front-to-back"	description_mining	vendor_eol_bulletin
to read	switches	switch	airflow	N3K-C3016-BA-L3	"port-side-intake"	description_mining	vendor_datasheet_html
to read	switches	switch	airflow	N3K-C3016-BD-L3	"port-side-intake"	description_mining	vendor_datasheet_html
to read	switches	switch	airflow	N3K-C3048-BA-L3	"port-side-intake"	description_mining	vendor_datasheet_html
to read	switches	switch	airflow	N3K-C3048-BD-L3	"port-side-intake"	description_mining	vendor_datasheet_html
to read	switches	switch	airflow	N3K-C3048-ZM-1BS	"port-side-intake"	description_mining	vendor_eol_bulletin
to read	switches	switch	airflow	N3K-C3048-ZM-2BS	"port-side-intake"	description_mining	vendor_eol_bulletin
to read	switches	switch	airflow	N3K-C3048-ZM-B	"port-side-intake"	description_mining	vendor_eol_bulletin
to read	switches	switch	airflow	N3K-C3064-E-BD-L3	"port-side-intake"	description_mining	vendor_eol_bulletin
to read	switches	switch	airflow	N3K-C3064-E-ZM-1B	"port-side-intake"	description_mining	vendor_eol_bulletin
to read	switches	switch	airflow	N3K-C3064-E-ZM-B	"port-side-intake"	description_mining	vendor_eol_bulletin
to read	switches	switch	airflow	N3K-C3064-T-BA-L3	"port-side-intake"	description_mining	vendor_datasheet_html
to read	switches	switch	airflow	N3K-C3064-X-BA-L3	"port-side-intake"	description_mining	vendor_datasheet_html
to read	switches	switch	airflow	N3K-C3064-X-BD-L3	"port-side-intake"	description_mining	vendor_datasheet_html
to read	switches	switch	airflow	N3K-C3064-X-ZM-1B	"port-side-intake"	description_mining	vendor_eol_bulletin
to read	switches	switch	airflow	N3K-C3064-X-ZM-2B	"port-side-intake"	description_mining	vendor_eol_bulletin
to read	switches	switch	airflow	N3K-C3064-X-ZZ-BA	"port-side-intake"	description_mining	vendor_eol_bulletin
to read	switches	switch	airflow	N3K-C3064-X-ZZ-BD	"port-side-intake"	description_mining	vendor_eol_bulletin
to read	switches	switch	airflow	N3K-C3064PQ-FA-L3	"front-to-back"	description_mining	vendor_eol_bulletin
to read	switches	switch	airflow	N3K-C3132-X-ZZ-B	"port-side-intake"	description_mining	vendor_eol_bulletin
to read	switches	switch	airflow	N3K-C3132Q-BA-L3	"port-side-intake"	description_mining	vendor_datasheet_html
to read	switches	switch	airflow	N3K-C3132Q-BD-L3	"port-side-intake"	description_mining	vendor_datasheet_html
to read	switches	switch	airflow	N3K-C3132Q-X-BA-L3	"port-side-intake"	description_mining	vendor_datasheet_html
to read	switches	switch	airflow	N3K-C3132Q-X-BD-L3	"port-side-intake"	description_mining	vendor_datasheet_html
to read	switches	switch	airflow	N3K-C3164-ZZ-PI	"port-side-intake"	description_mining	vendor_eol_bulletin
to read	switches	switch	airflow	N3K-C3172-BA-L3	"port-side-intake"	description_mining	vendor_datasheet_html
to read	switches	switch	airflow	N3K-C3172-BD-L3	"port-side-intake"	description_mining	vendor_datasheet_html
to read	switches	switch	airflow	N3K-C3232C-ZZ-PI	"port-side-intake"	description_mining	vendor_eol_bulletin
to read	switches	switch	airflow	N3K-C3264Q-ZZ-PI	"port-side-intake"	description_mining	vendor_eol_bulletin
to read	switches	switch	airflow	N3K-C3548P-BA-L3A	"port-side-intake"	description_mining	vendor_eol_bulletin
to read	switches	switch	airflow	N3K-C3548P-BD-L3A	"port-side-intake"	description_mining	vendor_eol_bulletin
to read	switches	switch	airflow	N5K-C5548P-FA	"front-to-back"	description_mining	vendor_datasheet_html
to read	switches	switch	airflow	N5K-C5548UP-FA	"front-to-back"	description_mining	vendor_datasheet_html
to read	switches	switch	airflow	N5K-C5596UP-FA	"front-to-back"	description_mining	vendor_datasheet_html
to read	switches	switch	airflow	N9K-C92304QC-ZZ-PI	"port-side-intake"	description_mining	vendor_eol_bulletin
to read	switches	switch	airflow	N9K-C9232C-ZZ-PI	"port-side-intake"	description_mining	vendor_eol_bulletin
to read	switches	switch	airflow	WS-C3850-48XS-E	"front-to-back"	description_mining	vendor_datasheet_html
to read	switches	switch	airflow	WS-C3850-48XS-S	"front-to-back"	description_mining	vendor_datasheet_html
to read	switches	switch	airflow	WS-C4500X-16SFP+	"front-to-back"	description_mining	vendor_datasheet_html
to read	switches	switch	airflow	WS-C4500X-24X-ES	"front-to-back"	description_mining	vendor_datasheet_html
to read	switches	switch	airflow	WS-C4500X-24X-IPB	"front-to-back"	description_mining	vendor_datasheet_html
to read	switches	switch	airflow	WS-C4500X-32SFP+	"front-to-back"	description_mining	vendor_datasheet_html
to read	switches	switch	airflow	WS-C4500X-40X-ES	"front-to-back"	description_mining	vendor_datasheet_html
R4 widen	switches	switch	storage_capacity	IE-3100-8T4S-E	1	html_table	vendor_datasheet_html
R4 widen	switches	switch	storage_capacity	IE-3100H-6FT2T-E	16	html_table	vendor_datasheet_html
R4 widen	switches	switch	storage_capacity	IE-3100H-8T-E	16	html_table	vendor_datasheet_html
R4 widen	switches	switch	storage_capacity	IE-9310-16P8S4X-E/-A	16	html_table	vendor_datasheet_html
R4 widen	switches	switch	storage_capacity	IE-9320-16P8U4X-E/-A	16	html_table	vendor_datasheet_html
R4 widen	transceiver	breakout-cable	connector	Q-4SFP25G-CU1.5M	"integrated"	hexcat_seed	vendor_datasheet_html
R4 widen	transceiver	breakout-cable	connector	Q-4SFP25G-CU2.5M	"integrated"	hexcat_seed	vendor_datasheet_html
R4 widen	transceiver	breakout-cable	connector	QDD-2Q200-CU3M	"integrated"	hexcat_seed	vendor_datasheet_html
R4 widen	transceiver	breakout-cable	connector	QSFP-2Q200-CU3M	"integrated"	hexcat_seed	vendor_datasheet_html
R4 widen	transceiver	breakout-cable	connector	QSFP-4SFP10-CU0-5	"integrated"	hexcat_seed	vendor_datasheet_html
R4 widen	transceiver	breakout-cable	connector	QSFP-4SFP10G-CU1M	"integrated"	hexcat_seed	vendor_datasheet_html
R4 widen	transceiver	breakout-cable	connector	QSFP-4SFP10G-CU2M	"integrated"	hexcat_seed	vendor_datasheet_html
R4 widen	transceiver	breakout-cable	connector	QSFP-4SFP10G-CU3M	"integrated"	hexcat_seed	vendor_datasheet_html
R4 widen	transceiver	breakout-cable	connector	QSFP-4SFP10G-CU4M	"integrated"	hexcat_seed	vendor_datasheet_html
R4 widen	transceiver	breakout-cable	connector	QSFP-4SFP10G-CU5M	"integrated"	hexcat_seed	vendor_datasheet_html
R4 widen	transceiver	breakout-cable	connector	QSFP-4SFP25-CU1M	"integrated"	hexcat_seed	vendor_datasheet_html
R4 widen	transceiver	breakout-cable	connector	QSFP-4SFP25-CU2M	"integrated"	hexcat_seed	vendor_datasheet_html
R4 widen	transceiver	breakout-cable	connector	QSFP-4SFP25-CU3M	"integrated"	hexcat_seed	vendor_datasheet_html
R4 widen	transceiver	breakout-cable	connector	QSFP-4SFP25-CU4M	"integrated"	hexcat_seed	vendor_datasheet_html
R4 widen	transceiver	breakout-cable	connector	QSFP-4SFP25-CU5M	"integrated"	hexcat_seed	vendor_datasheet_html
R4 widen	transceiver	breakout-cable	connector	QSFP-4SFP25G-CU1M	"integrated"	hexcat_seed	vendor_datasheet_html
R4 widen	transceiver	breakout-cable	connector	QSFP-4SFP25G-CU2M	"integrated"	hexcat_seed	vendor_datasheet_html
R4 widen	transceiver	breakout-cable	connector	QSFP-4SFP25G-CU3M	"integrated"	hexcat_seed	vendor_datasheet_html
R4 widen	transceiver	breakout-cable	connector	QSFP-4SFP25G-CU5M	"integrated"	hexcat_seed	vendor_datasheet_html
R4 widen	transceiver	breakout-cable	connector	QSFP-4X10G-AC10M	"integrated"	hexcat_seed	vendor_datasheet_html
R4 widen	transceiver	breakout-cable	connector	QSFP-4X10G-AC7M	"integrated"	hexcat_seed	vendor_datasheet_html
R4 widen	transceiver	breakout-cable	connector	QSFP-4X10G-AOC10M	"integrated"	hexcat_seed	vendor_datasheet_html
R4 widen	transceiver	breakout-cable	connector	QSFP-4X10G-AOC1M	"integrated"	hexcat_seed	vendor_datasheet_html
R4 widen	transceiver	breakout-cable	connector	QSFP-4X10G-AOC2M	"integrated"	hexcat_seed	vendor_datasheet_html
R4 widen	transceiver	breakout-cable	connector	QSFP-4X10G-AOC3M	"integrated"	hexcat_seed	vendor_datasheet_html
R4 widen	transceiver	breakout-cable	connector	QSFP-4X10G-AOC5M	"integrated"	hexcat_seed	vendor_datasheet_html
R4 widen	transceiver	breakout-cable	connector	QSFP-4X10G-AOC7M	"integrated"	hexcat_seed	vendor_datasheet_html
R4 widen	transceiver	breakout-cable	ddm	Q-4SFP25G-CU1.5M	false	hexcat_seed	vendor_datasheet_html
R4 widen	transceiver	breakout-cable	ddm	Q-4SFP25G-CU2.5M	false	hexcat_seed	vendor_datasheet_html
R4 widen	transceiver	breakout-cable	ddm	QDD-2Q200-CU1M	false	hexcat_seed	vendor_datasheet_html
R4 widen	transceiver	breakout-cable	ddm	QDD-2Q200-CU2.5M	false	hexcat_seed	vendor_datasheet_html
R4 widen	transceiver	breakout-cable	ddm	QDD-2Q200-CU2M	false	hexcat_seed	vendor_datasheet_html
R4 widen	transceiver	breakout-cable	ddm	QDD-2Q200-CU3M	false	hexcat_seed	vendor_datasheet_html
R4 widen	transceiver	breakout-cable	ddm	QDD-4ZQ100-CU1M	false	hexcat_seed	vendor_datasheet_html
R4 widen	transceiver	breakout-cable	ddm	QDD-4ZQ100-CU2.5M	false	hexcat_seed	vendor_datasheet_html
R4 widen	transceiver	breakout-cable	ddm	QDD-4ZQ100-CU2M	false	hexcat_seed	vendor_datasheet_html
R4 widen	transceiver	breakout-cable	ddm	QDD-4ZQ100-CU3M	false	hexcat_seed	vendor_datasheet_html
R4 widen	transceiver	breakout-cable	ddm	QSFP-2Q200-CU3M	false	hexcat_seed	vendor_datasheet_html
R4 widen	transceiver	breakout-cable	ddm	QSFP-4SFP10-CU0-5	false	hexcat_seed	vendor_datasheet_html
R4 widen	transceiver	breakout-cable	ddm	QSFP-4SFP10G-CU1M	false	hexcat_seed	vendor_datasheet_html
R4 widen	transceiver	breakout-cable	ddm	QSFP-4SFP10G-CU2M	false	hexcat_seed	vendor_datasheet_html
R4 widen	transceiver	breakout-cable	ddm	QSFP-4SFP10G-CU3M	false	hexcat_seed	vendor_datasheet_html
R4 widen	transceiver	breakout-cable	ddm	QSFP-4SFP10G-CU4M	false	hexcat_seed	vendor_datasheet_html
R4 widen	transceiver	breakout-cable	ddm	QSFP-4SFP10G-CU5M	false	hexcat_seed	vendor_datasheet_html
R4 widen	transceiver	breakout-cable	ddm	QSFP-4SFP25-CU1M	false	hexcat_seed	vendor_datasheet_html
R4 widen	transceiver	breakout-cable	ddm	QSFP-4SFP25-CU2M	false	hexcat_seed	vendor_datasheet_html
R4 widen	transceiver	breakout-cable	ddm	QSFP-4SFP25-CU3M	false	hexcat_seed	vendor_datasheet_html
R4 widen	transceiver	breakout-cable	ddm	QSFP-4SFP25-CU4M	false	hexcat_seed	vendor_datasheet_html
R4 widen	transceiver	breakout-cable	ddm	QSFP-4SFP25-CU5M	false	hexcat_seed	vendor_datasheet_html
R4 widen	transceiver	breakout-cable	ddm	QSFP-4SFP25G-CU1.5M	false	hexcat_seed	vendor_datasheet_html
R4 widen	transceiver	breakout-cable	ddm	QSFP-4SFP25G-CU1M	false	hexcat_seed	vendor_datasheet_html
R4 widen	transceiver	breakout-cable	ddm	QSFP-4SFP25G-CU2.5M	false	hexcat_seed	vendor_datasheet_html
R4 widen	transceiver	breakout-cable	ddm	QSFP-4SFP25G-CU2M	false	hexcat_seed	vendor_datasheet_html
R4 widen	transceiver	breakout-cable	ddm	QSFP-4SFP25G-CU3M	false	hexcat_seed	vendor_datasheet_html
R4 widen	transceiver	breakout-cable	ddm	QSFP-4SFP25G-CU4M	false	hexcat_seed	vendor_datasheet_html
R4 widen	transceiver	breakout-cable	ddm	QSFP-4SFP25G-CU5M	false	hexcat_seed	vendor_datasheet_html
R4 widen	transceiver	breakout-cable	ddm	QSFP-4X10G-AC10M	false	hexcat_seed	vendor_datasheet_html
R4 widen	transceiver	breakout-cable	ddm	QSFP-4X10G-AC7M	false	hexcat_seed	vendor_datasheet_html
R4 widen	transceiver	breakout-cable	ddm	QSFP-4X10G-AOC10M	false	hexcat_seed	vendor_datasheet_html
R4 widen	transceiver	breakout-cable	ddm	QSFP-4X10G-AOC1M	false	hexcat_seed	vendor_datasheet_html
R4 widen	transceiver	breakout-cable	ddm	QSFP-4X10G-AOC2M	false	hexcat_seed	vendor_datasheet_html
R4 widen	transceiver	breakout-cable	ddm	QSFP-4X10G-AOC3M	false	hexcat_seed	vendor_datasheet_html
R4 widen	transceiver	breakout-cable	ddm	QSFP-4X10G-AOC5M	false	hexcat_seed	vendor_datasheet_html
R4 widen	transceiver	breakout-cable	ddm	QSFP-4X10G-AOC7M	false	hexcat_seed	vendor_datasheet_html
R4 widen	transceiver	breakout-cable	form_factor	Q-4SFP25G-CU1.5M	"qsfp28"	hexcat_seed	vendor_datasheet_html
R4 widen	transceiver	breakout-cable	form_factor	Q-4SFP25G-CU2.5M	"qsfp28"	hexcat_seed	vendor_datasheet_html
R4 widen	transceiver	breakout-cable	form_factor	QDD-2Q200-CU1M	"qsfp-dd"	hexcat_seed	vendor_datasheet_html
R4 widen	transceiver	breakout-cable	form_factor	QDD-2Q200-CU2.5M	"qsfp-dd"	hexcat_seed	vendor_datasheet_html
R4 widen	transceiver	breakout-cable	form_factor	QDD-2Q200-CU2M	"qsfp-dd"	hexcat_seed	vendor_datasheet_html
R4 widen	transceiver	breakout-cable	form_factor	QDD-2Q200-CU3M	"qsfp-dd"	hexcat_seed	vendor_datasheet_html
R4 widen	transceiver	breakout-cable	form_factor	QDD-4ZQ100-CU1M	"qsfp-dd"	hexcat_seed	vendor_datasheet_html
R4 widen	transceiver	breakout-cable	form_factor	QDD-4ZQ100-CU2.5M	"qsfp-dd"	hexcat_seed	vendor_datasheet_html
R4 widen	transceiver	breakout-cable	form_factor	QDD-4ZQ100-CU2M	"qsfp-dd"	hexcat_seed	vendor_datasheet_html
R4 widen	transceiver	breakout-cable	form_factor	QDD-4ZQ100-CU3M	"qsfp-dd"	hexcat_seed	vendor_datasheet_html
R4 widen	transceiver	breakout-cable	form_factor	QSFP-2Q200-CU3M	"qsfp-dd"	hexcat_seed	vendor_datasheet_html
R4 widen	transceiver	breakout-cable	form_factor	QSFP-4SFP10-CU0-5	"qsfp-plus"	hexcat_seed	vendor_datasheet_html
R4 widen	transceiver	breakout-cable	form_factor	QSFP-4SFP10G-CU1M	"qsfp-plus"	hexcat_seed	vendor_datasheet_html
R4 widen	transceiver	breakout-cable	form_factor	QSFP-4SFP10G-CU2M	"qsfp-plus"	hexcat_seed	vendor_datasheet_html
R4 widen	transceiver	breakout-cable	form_factor	QSFP-4SFP10G-CU3M	"qsfp-plus"	hexcat_seed	vendor_datasheet_html
R4 widen	transceiver	breakout-cable	form_factor	QSFP-4SFP10G-CU4M	"qsfp-plus"	hexcat_seed	vendor_datasheet_html
R4 widen	transceiver	breakout-cable	form_factor	QSFP-4SFP10G-CU5M	"qsfp-plus"	hexcat_seed	vendor_datasheet_html
R4 widen	transceiver	breakout-cable	form_factor	QSFP-4SFP25-CU1M	"qsfp28"	hexcat_seed	vendor_datasheet_html
R4 widen	transceiver	breakout-cable	form_factor	QSFP-4SFP25-CU2M	"qsfp28"	hexcat_seed	vendor_datasheet_html
R4 widen	transceiver	breakout-cable	form_factor	QSFP-4SFP25-CU3M	"qsfp28"	hexcat_seed	vendor_datasheet_html
R4 widen	transceiver	breakout-cable	form_factor	QSFP-4SFP25-CU4M	"qsfp28"	hexcat_seed	vendor_datasheet_html
R4 widen	transceiver	breakout-cable	form_factor	QSFP-4SFP25-CU5M	"qsfp28"	hexcat_seed	vendor_datasheet_html
R4 widen	transceiver	breakout-cable	form_factor	QSFP-4SFP25G-CU1.5M	"qsfp28"	hexcat_seed	vendor_datasheet_html
R4 widen	transceiver	breakout-cable	form_factor	QSFP-4SFP25G-CU1M	"qsfp28"	hexcat_seed	vendor_datasheet_html
R4 widen	transceiver	breakout-cable	form_factor	QSFP-4SFP25G-CU2.5M	"qsfp28"	hexcat_seed	vendor_datasheet_html
R4 widen	transceiver	breakout-cable	form_factor	QSFP-4SFP25G-CU2M	"qsfp28"	hexcat_seed	vendor_datasheet_html
R4 widen	transceiver	breakout-cable	form_factor	QSFP-4SFP25G-CU3M	"qsfp28"	hexcat_seed	vendor_datasheet_html
R4 widen	transceiver	breakout-cable	form_factor	QSFP-4SFP25G-CU4M	"qsfp28"	hexcat_seed	vendor_datasheet_html
R4 widen	transceiver	breakout-cable	form_factor	QSFP-4SFP25G-CU5M	"qsfp28"	hexcat_seed	vendor_datasheet_html
R4 widen	transceiver	breakout-cable	form_factor	QSFP-4X10G-AC10M	"qsfp-plus"	hexcat_seed	vendor_datasheet_html
R4 widen	transceiver	breakout-cable	form_factor	QSFP-4X10G-AC7M	"qsfp-plus"	hexcat_seed	vendor_datasheet_html
R4 widen	transceiver	breakout-cable	form_factor	QSFP-4X10G-AOC10M	"qsfp-plus"	hexcat_seed	vendor_datasheet_html
R4 widen	transceiver	breakout-cable	form_factor	QSFP-4X10G-AOC1M	"qsfp-plus"	hexcat_seed	vendor_datasheet_html
R4 widen	transceiver	breakout-cable	form_factor	QSFP-4X10G-AOC2M	"qsfp-plus"	hexcat_seed	vendor_datasheet_html
R4 widen	transceiver	breakout-cable	form_factor	QSFP-4X10G-AOC3M	"qsfp-plus"	hexcat_seed	vendor_datasheet_html
R4 widen	transceiver	breakout-cable	form_factor	QSFP-4X10G-AOC5M	"qsfp-plus"	hexcat_seed	vendor_datasheet_html
R4 widen	transceiver	breakout-cable	form_factor	QSFP-4X10G-AOC7M	"qsfp-plus"	hexcat_seed	vendor_datasheet_html
R4 widen	transceiver	breakout-cable	power_max	QDD-2Q200-CU3M	1.5	hexcat_seed	vendor_datasheet_html
R4 widen	transceiver	breakout-cable	power_max	QSFP-2Q200-CU3M	1.5	hexcat_seed	vendor_datasheet_html
R4 widen	transceiver	breakout-cable	standard	Q-4SFP25G-CU1.5M	["100gbase-cr4", "25gbase-cr"]	hexcat_seed	vendor_datasheet_html
R4 widen	transceiver	breakout-cable	standard	Q-4SFP25G-CU2.5M	["100gbase-cr4", "25gbase-cr"]	hexcat_seed	vendor_datasheet_html
R4 widen	transceiver	breakout-cable	standard	QDD-2Q200-CU3M	["200gbase-cr4"]	hexcat_seed	vendor_datasheet_html
R4 widen	transceiver	breakout-cable	standard	QSFP-2Q200-CU3M	["200gbase-cr4"]	hexcat_seed	vendor_datasheet_html
R4 widen	transceiver	breakout-cable	standard	QSFP-4SFP10-CU0-5	["40gbase-cr4", "10gbase-cr"]	hexcat_seed	vendor_datasheet_html
R4 widen	transceiver	breakout-cable	standard	QSFP-4SFP10G-CU1M	["40gbase-cr4", "10gbase-cr"]	hexcat_seed	vendor_datasheet_html
R4 widen	transceiver	breakout-cable	standard	QSFP-4SFP10G-CU2M	["40gbase-cr4", "10gbase-cr"]	hexcat_seed	vendor_datasheet_html
R4 widen	transceiver	breakout-cable	standard	QSFP-4SFP10G-CU3M	["40gbase-cr4", "10gbase-cr"]	hexcat_seed	vendor_datasheet_html
R4 widen	transceiver	breakout-cable	standard	QSFP-4SFP10G-CU4M	["40gbase-cr4", "10gbase-cr"]	hexcat_seed	vendor_datasheet_html
R4 widen	transceiver	breakout-cable	standard	QSFP-4SFP10G-CU5M	["40gbase-cr4", "10gbase-cr"]	hexcat_seed	vendor_datasheet_html
R4 widen	transceiver	breakout-cable	standard	QSFP-4SFP25-CU1M	["100gbase-cr4", "25gbase-cr"]	hexcat_seed	vendor_datasheet_html
R4 widen	transceiver	breakout-cable	standard	QSFP-4SFP25-CU2M	["100gbase-cr4", "25gbase-cr"]	hexcat_seed	vendor_datasheet_html
R4 widen	transceiver	breakout-cable	standard	QSFP-4SFP25-CU3M	["100gbase-cr4", "25gbase-cr"]	hexcat_seed	vendor_datasheet_html
R4 widen	transceiver	breakout-cable	standard	QSFP-4SFP25-CU4M	["100gbase-cr4", "25gbase-cr"]	hexcat_seed	vendor_datasheet_html
R4 widen	transceiver	breakout-cable	standard	QSFP-4SFP25-CU5M	["100gbase-cr4", "25gbase-cr"]	hexcat_seed	vendor_datasheet_html
R4 widen	transceiver	breakout-cable	standard	QSFP-4SFP25G-CU1M	["100gbase-cr4", "25gbase-cr"]	hexcat_seed	vendor_datasheet_html
R4 widen	transceiver	breakout-cable	standard	QSFP-4SFP25G-CU2M	["100gbase-cr4", "25gbase-cr"]	hexcat_seed	vendor_datasheet_html
R4 widen	transceiver	breakout-cable	standard	QSFP-4SFP25G-CU3M	["100gbase-cr4", "25gbase-cr"]	hexcat_seed	vendor_datasheet_html
R4 widen	transceiver	breakout-cable	standard	QSFP-4SFP25G-CU5M	["100gbase-cr4", "25gbase-cr"]	hexcat_seed	vendor_datasheet_html
R4 widen	transceiver	breakout-cable	standard	QSFP-4X10G-AC10M	["40gbase-cr4", "10gbase-cr"]	hexcat_seed	vendor_datasheet_html
R4 widen	transceiver	breakout-cable	standard	QSFP-4X10G-AC7M	["40gbase-cr4", "10gbase-cr"]	hexcat_seed	vendor_datasheet_html
R4 widen	transceiver	cable	wavelength	QDD-400-AOC10M	850	hexcat_seed	vendor_datasheet_html
R4 widen	transceiver	cable	wavelength	QDD-400-AOC15M	850	hexcat_seed	vendor_datasheet_html
R4 widen	transceiver	cable	wavelength	QDD-400-AOC1M	850	hexcat_seed	vendor_datasheet_html
R4 widen	transceiver	cable	wavelength	QDD-400-AOC20M	850	hexcat_seed	vendor_datasheet_html
R4 widen	transceiver	cable	wavelength	QDD-400-AOC25M	850	hexcat_seed	vendor_datasheet_html
R4 widen	transceiver	cable	wavelength	QDD-400-AOC2M	850	hexcat_seed	vendor_datasheet_html
R4 widen	transceiver	cable	wavelength	QDD-400-AOC30M	850	hexcat_seed	vendor_datasheet_html
R4 widen	transceiver	cable	wavelength	QDD-400-AOC3M	850	hexcat_seed	vendor_datasheet_html
R4 widen	transceiver	cable	wavelength	QDD-400-AOC5M	850	hexcat_seed	vendor_datasheet_html
R4 widen	transceiver	cable	wavelength	QDD-400-AOC7M	850	hexcat_seed	vendor_datasheet_html
R4 widen	transceiver	cable	wavelength	QSFP-100G-AOC	850	hexcat_seed	vendor_datasheet_html
R4 widen	transceiver	tunable	wavelength	DP04QSDD-HE0	1550	hexcat_seed	vendor_datasheet_html
to read	video	accessory	input_voltage	741982	{"max": -48, "min": -48}	description_mining	vendor_eol_bulletin
to read	video	accessory	tx_power	4003219.00	{"max": 0, "min": 0}	description_mining	vendor_eol_bulletin
to read	video	amplifier	connector	4005263	"sc"	description_mining	vendor_eol_bulletin
to read	video	amplifier	connector	4010485.103.000.AB	"lc-duplex"	description_mining	vendor_eol_bulletin
to read	video	amplifier	connector	4010485.105.000.AB	"lc-duplex"	description_mining	vendor_eol_bulletin
to read	video	chassis	input_voltage	4011176.012.000.AA	{"max": -48, "min": -48}	description_mining	vendor_eol_bulletin
to read	video	chassis	input_voltage	4011176.012.000.AB	{"max": -48, "min": -48}	description_mining	vendor_eol_bulletin
to read	video	chassis	input_voltage	4030061	{"max": -48, "min": -48}	description_mining	vendor_eol_bulletin
to read	video	chassis	input_voltage	4030062	{"max": -48, "min": -48}	description_mining	vendor_eol_bulletin
to read	video	chassis	input_voltage	736732	{"max": -48, "min": -48}	description_mining	vendor_eol_bulletin
to read	video	chassis	input_voltage	736740	{"max": -48, "min": -48}	description_mining	vendor_eol_bulletin
to read	video	chassis	input_voltage	736743	{"max": -48, "min": -48}	description_mining	vendor_eol_bulletin
to read	video	chassis	input_voltage	736744	{"max": -48, "min": -48}	description_mining	vendor_eol_bulletin
to read	video	chassis	input_voltage	736750	{"max": -48, "min": -48}	description_mining	vendor_eol_bulletin
to read	video	chassis	input_voltage	736766	{"max": -48, "min": -48}	description_mining	vendor_eol_bulletin
to read	video	node	tx_power	HAX1X1XXXXXXXXXXBA	{"max": 20, "min": 20}	description_mining	vendor_eol_bulletin
to read	video	node	tx_power	HB1XX1XXXXXXXXXXBA	{"max": 17, "min": 17}	description_mining	vendor_eol_bulletin
to read	video	node	tx_power	HB1XXX1XXXXXXXXXBA	{"max": 17, "min": 17}	description_mining	vendor_eol_bulletin
to read	video	node	tx_power	HB1XXXXXXXXXXXXXBA	{"max": 17, "min": 17}	description_mining	vendor_eol_bulletin
to read	video	node	tx_power	HB1XXXXXXXXXXXXXBX	{"max": 17, "min": 17}	description_mining	vendor_eol_bulletin
to read	video	node	tx_power	HBXXXXXX1XXXXXXXBA	{"max": 20, "min": 20}	description_mining	vendor_eol_bulletin
to read	video	node	tx_power	HBXXXXXX1XXXXXXXBX	{"max": 20, "min": 20}	description_mining	vendor_eol_bulletin
to read	video	passive	connector	1030007	"sc"	description_mining	vendor_datasheet_html
to read	video	passive	connector	1030008	"sc"	description_mining	vendor_datasheet_html
to read	video	passive	connector	1030009	"sc"	description_mining	vendor_datasheet_html
to read	video	passive	connector	1030010	"sc"	description_mining	vendor_datasheet_html
to read	video	passive	connector	1030011	"sc"	description_mining	vendor_datasheet_html
to read	video	passive	connector	1030012	"sc"	description_mining	vendor_datasheet_html
to read	video	passive	connector	1030013	"sc"	description_mining	vendor_datasheet_html
to read	video	passive	connector	1030014	"sc"	description_mining	vendor_datasheet_html
to read	video	passive	connector	1030016	"lc-duplex"	description_mining	vendor_datasheet_html
to read	video	passive	connector	1030017	"lc-duplex"	description_mining	vendor_datasheet_html
to read	video	passive	connector	1030030	"lc-duplex"	description_mining	vendor_datasheet_html
to read	video	passive	connector	1030031	"lc-duplex"	description_mining	vendor_datasheet_html
to read	video	passive	connector	1030034	"lc-duplex"	description_mining	vendor_datasheet_html
to read	video	passive	connector	1030035	"lc-duplex"	description_mining	vendor_datasheet_html
to read	video	passive	connector	1030036	"lc-duplex"	description_mining	vendor_datasheet_html
to read	video	passive	connector	1030037	"lc-duplex"	description_mining	vendor_datasheet_html
to read	video	passive	connector	1030038	"lc-duplex"	description_mining	vendor_datasheet_html
to read	video	passive	connector	1030065	"lc-duplex"	description_mining	vendor_datasheet_html
to read	video	passive	connector	4004874	"sc"	description_mining	vendor_datasheet_html
to read	video	passive	connector	4004875	"sc"	description_mining	vendor_datasheet_html
to read	video	passive	connector	4034491	"lc-duplex"	description_mining	vendor_datasheet_html
to read	video	passive	connector	4043556	"sc"	description_mining	vendor_datasheet_html
to read	video	passive	connector	4043597	"sc"	description_mining	vendor_datasheet_html
to read	video	passive	connector	4043598	"sc"	description_mining	vendor_datasheet_html
to read	video	passive	connector	4043601	"sc"	description_mining	vendor_datasheet_html
to read	video	passive	connector	4043602	"sc"	description_mining	vendor_datasheet_html
to read	video	passive	connector	4043603	"sc"	description_mining	vendor_datasheet_html
to read	video	passive	connector	4043953	"sc"	description_mining	vendor_datasheet_html
to read	video	passive	connector	4043955	"sc"	description_mining	vendor_datasheet_html
to read	video	passive	connector	4043956	"sc"	description_mining	vendor_datasheet_html
to read	video	passive	connector	OPCAS-MD08-2027-SA	"sc"	description_mining	vendor_datasheet_html
to read	video	passive	connector	OPCAS-MD08-2835-SA	"sc"	description_mining	vendor_datasheet_html
to read	video	passive	connector	OPCAS-MD08-3643-SA	"sc"	description_mining	vendor_datasheet_html
to read	video	passive	connector	OPCAS-MD08-4451-SA	"sc"	description_mining	vendor_datasheet_html
to read	video	passive	connector	OPCAS-MD08-5259-SA	"sc"	description_mining	vendor_datasheet_html
to read	video	passive	connector	OPCAS-MD12-5061-SA	"sc"	description_mining	vendor_datasheet_html
to read	video	passive	connector	OPCAS-MD16-2540-SA	"sc"	description_mining	vendor_datasheet_html
to read	video	passive	connector	OPCAS-MD20-2039-SA	"sc"	description_mining	vendor_datasheet_html
to read	video	passive	connector	OPCAS-MD20-4059-SA	"sc"	description_mining	vendor_datasheet_html
to read	video	passive	connector	OPCAS-MD40-2059-SC	"sc"	description_mining	vendor_datasheet_html
to read	video	passive	connector	OPLGX-BPF2-1862-SA	"sc"	description_mining	vendor_datasheet_html
to read	video	passive	connector	OPLGX-BPF4-2162-LA	"lc-duplex"	description_mining	vendor_datasheet_html
to read	video	passive	connector	OPLGX-MD04-2126-LA	"lc-duplex"	description_mining	vendor_datasheet_html
to read	video	passive	connector	OPLGX-MD04-2839-LA	"lc-duplex"	description_mining	vendor_datasheet_html
to read	video	passive	connector	OPLGX-MD04-4454-LA	"lc-duplex"	description_mining	vendor_datasheet_html
to read	video	passive	connector	OPLGX-MD04-5762-LA	"lc-duplex"	description_mining	vendor_datasheet_html
to read	video	passive	connector	OPLGX-MD08-2139-LA	"lc-duplex"	description_mining	vendor_datasheet_html
to read	video	passive	connector	OPLGX-MD08-4462-LA	"lc-duplex"	description_mining	vendor_datasheet_html
to read	video	passive	connector	OPLGX-MD16-2162-LA	"lc-duplex"	description_mining	vendor_datasheet_html
to read	video	passive	connector	OPLGX-MD16-2162-LQ	"lc-duplex"	description_mining	vendor_datasheet_html
to read	video	passive	connector	OPLGX-MD20-2039-LQ	"lc-duplex"	description_mining	vendor_datasheet_html
to read	video	passive	connector	OPLGX-MD20-4059-LQ	"lc-duplex"	description_mining	vendor_datasheet_html
to read	video	passive	connector	OPLGX-MD40-2059-LQ	"lc-duplex"	description_mining	vendor_datasheet_html
to read	video	passive	data_rate	4021052	100	description_mining	vendor_eol_bulletin
to read	video	passive	data_rate	4030093	200	description_mining	vendor_datasheet_html
to read	video	passive	data_rate	4030094	200	description_mining	vendor_datasheet_html
to read	video	passive	data_rate	4030096	100	description_mining	vendor_datasheet_html
to read	video	passive	data_rate	4030097	100	description_mining	vendor_datasheet_html
to read	video	passive	data_rate	4030098	100	description_mining	vendor_eol_bulletin
to read	video	passive	data_rate	4030099	100	description_mining	vendor_eol_bulletin
to read	video	passive	data_rate	4033329	200	description_mining	vendor_eol_bulletin
to read	video	passive	data_rate	4040562	100	description_mining	vendor_eol_bulletin
to read	video	passive	data_rate	4040589	100	description_mining	vendor_eol_bulletin
to read	video	passive	data_rate	4040816	100	description_mining	vendor_eol_bulletin
to read	video	passive	data_rate	4040817	100	description_mining	vendor_eol_bulletin
to read	video	passive	data_rate	4040818	100	description_mining	vendor_eol_bulletin
to read	video	passive	data_rate	4043574	100	description_mining	vendor_eol_bulletin
to read	video	passive	wavelength	4004874	1340	description_mining	vendor_datasheet_html
to read	video	passive	wavelength	4004875	1340	description_mining	vendor_datasheet_html
to read	video	passive	wavelength	4034491	1360	description_mining	vendor_datasheet_html
to read	video	transmitter	connector	P2HD1.2G13TXP04=	"sc"	description_mining	vendor_datasheet_html
to read	video	transmitter	connector	P2HD1.2G13TXP06=	"sc"	description_mining	vendor_datasheet_html
to read	video	transmitter	connector	P2HD1.2G13TXP08=	"sc"	description_mining	vendor_datasheet_html
to read	video	transmitter	connector	P2HD1.2G13TXP10=	"sc"	description_mining	vendor_datasheet_html
to read	video	transmitter	connector	P2HD1.2G13TXP12=	"sc"	description_mining	vendor_datasheet_html
to read	video	transmitter	connector	P2HD1.2G13TXP14=	"sc"	description_mining	vendor_datasheet_html
to read	video	transmitter	connector	P2HD1.2G13TXP15=	"sc"	description_mining	vendor_datasheet_html
to read	video	transmitter	connector	P2HD1.2G13TXS03=	"sc"	description_mining	vendor_datasheet_html
to read	video	transmitter	connector	P2HD1.2G13TXS05=	"sc"	description_mining	vendor_datasheet_html
to read	video	transmitter	connector	P2HD1.2G13TXS06=	"sc"	description_mining	vendor_datasheet_html
to read	video	transmitter	connector	P2HD1.2G13TXS08=	"sc"	description_mining	vendor_datasheet_html
to read	video	transmitter	connector	P2HD1.2G15TXM21I=	"sc"	description_mining	vendor_eol_bulletin
to read	video	transmitter	connector	P2HD1.2G15TXM22I=	"sc"	description_mining	vendor_eol_bulletin
to read	video	transmitter	connector	P2HD1.2G15TXM24I=	"sc"	description_mining	vendor_eol_bulletin
to read	video	transmitter	connector	P2HD1.2G15TXM26I=	"sc"	description_mining	vendor_eol_bulletin
to read	video	transmitter	connector	P2HD1.2G15TXM28I=	"sc"	description_mining	vendor_eol_bulletin
to read	video	transmitter	connector	P2HD1.2G15TXM33I=	"sc"	description_mining	vendor_eol_bulletin
to read	video	transmitter	connector	P2HD1.2G15TXM36I=	"sc"	description_mining	vendor_eol_bulletin
to read	video	transmitter	connector	P2HD1.2G15TXM39I=	"sc"	description_mining	vendor_eol_bulletin
to read	video	transmitter	connector	P2HD1.2G15TXM44I=	"sc"	description_mining	vendor_eol_bulletin
to read	video	transmitter	connector	P2HD1.2G15TXM48I=	"sc"	description_mining	vendor_eol_bulletin
to read	video	transmitter	connector	P2HD1.2G15TXM52I=	"sc"	description_mining	vendor_eol_bulletin
to read	video	transmitter	connector	P2HD1.2G15TXM54I=	"sc"	description_mining	vendor_eol_bulletin
to read	video	transmitter	connector	P2HD1.2G15TXM57I=	"sc"	description_mining	vendor_eol_bulletin
to read	video	transmitter	connector	P2HD1.2G15TXM60I=	"sc"	description_mining	vendor_eol_bulletin
to read	video	transmitter	connector	P2HD1.2G15TXM61I=	"sc"	description_mining	vendor_eol_bulletin
to read	video	transmitter	connector	P2HD1.2G15TXM62I=	"sc"	description_mining	vendor_eol_bulletin
to read	video	transmitter	connector	P2HD1.2G15TXQ20=	"sc"	description_mining	vendor_eol_bulletin
to read	video	transmitter	connector	P2HD1.2G15TXQ21I=	"sc"	description_mining	vendor_eol_bulletin
to read	video	transmitter	connector	P2HD1.2G15TXQ22I=	"sc"	description_mining	vendor_eol_bulletin
to read	video	transmitter	connector	P2HD1.2G15TXQ23=	"sc"	description_mining	vendor_eol_bulletin
to read	video	transmitter	connector	P2HD1.2G15TXQ24I=	"sc"	description_mining	vendor_eol_bulletin
to read	video	transmitter	connector	P2HD1.2G15TXQ25=	"sc"	description_mining	vendor_eol_bulletin
to read	video	transmitter	connector	P2HD1.2G15TXQ26I=	"sc"	description_mining	vendor_eol_bulletin
to read	video	transmitter	connector	P2HD1.2G15TXQ27=	"sc"	description_mining	vendor_eol_bulletin
to read	video	transmitter	connector	P2HD1.2G15TXQ28I=	"sc"	description_mining	vendor_eol_bulletin
to read	video	transmitter	connector	P2HD1.2G15TXQ29=	"sc"	description_mining	vendor_eol_bulletin
to read	video	transmitter	connector	P2HD1.2G15TXQ30=	"sc"	description_mining	vendor_eol_bulletin
to read	video	transmitter	connector	P2HD1.2G15TXQ31=	"sc"	description_mining	vendor_eol_bulletin
to read	video	transmitter	connector	P2HD1.2G15TXQ32=	"sc"	description_mining	vendor_eol_bulletin
to read	video	transmitter	connector	P2HD1.2G15TXQ33I=	"sc"	description_mining	vendor_eol_bulletin
to read	video	transmitter	connector	P2HD1.2G15TXQ34=	"sc"	description_mining	vendor_eol_bulletin
to read	video	transmitter	connector	P2HD1.2G15TXQ35=	"sc"	description_mining	vendor_eol_bulletin
to read	video	transmitter	connector	P2HD1.2G15TXQ36I=	"sc"	description_mining	vendor_eol_bulletin
to read	video	transmitter	connector	P2HD1.2G15TXQ37=	"sc"	description_mining	vendor_eol_bulletin
to read	video	transmitter	connector	P2HD1.2G15TXQ38=	"sc"	description_mining	vendor_eol_bulletin
to read	video	transmitter	connector	P2HD1.2G15TXQ39I=	"sc"	description_mining	vendor_eol_bulletin
to read	video	transmitter	connector	P2HD1.2G15TXQ40=	"sc"	description_mining	vendor_eol_bulletin
to read	video	transmitter	connector	P2HD1.2G15TXQ41=	"sc"	description_mining	vendor_eol_bulletin
to read	video	transmitter	connector	P2HD1.2G15TXQ42=	"sc"	description_mining	vendor_eol_bulletin
to read	video	transmitter	connector	P2HD1.2G15TXQ43=	"sc"	description_mining	vendor_eol_bulletin
to read	video	transmitter	connector	P2HD1.2G15TXQ44I=	"sc"	description_mining	vendor_eol_bulletin
to read	video	transmitter	connector	P2HD1.2G15TXQ45=	"sc"	description_mining	vendor_eol_bulletin
to read	video	transmitter	connector	P2HD1.2G15TXQ46=	"sc"	description_mining	vendor_eol_bulletin
to read	video	transmitter	connector	P2HD1.2G15TXQ47=	"sc"	description_mining	vendor_eol_bulletin
to read	video	transmitter	connector	P2HD1.2G15TXQ48I=	"sc"	description_mining	vendor_eol_bulletin
to read	video	transmitter	connector	P2HD1.2G15TXQ49=	"sc"	description_mining	vendor_eol_bulletin
to read	video	transmitter	connector	P2HD1.2G15TXQ50=	"sc"	description_mining	vendor_eol_bulletin
to read	video	transmitter	connector	P2HD1.2G15TXQ51=	"sc"	description_mining	vendor_eol_bulletin
to read	video	transmitter	connector	P2HD1.2G15TXQ52I=	"sc"	description_mining	vendor_eol_bulletin
to read	video	transmitter	connector	P2HD1.2G15TXQ53=	"sc"	description_mining	vendor_eol_bulletin
to read	video	transmitter	connector	P2HD1.2G15TXQ54I=	"sc"	description_mining	vendor_eol_bulletin
to read	video	transmitter	connector	P2HD1.2G15TXQ55=	"sc"	description_mining	vendor_eol_bulletin
to read	video	transmitter	connector	P2HD1.2G15TXQ56=	"sc"	description_mining	vendor_eol_bulletin
to read	video	transmitter	connector	P2HD1.2G15TXQ57I=	"sc"	description_mining	vendor_eol_bulletin
to read	video	transmitter	connector	P2HD1.2G15TXQ58=	"sc"	description_mining	vendor_eol_bulletin
to read	video	transmitter	connector	P2HD1.2G15TXQ59=	"sc"	description_mining	vendor_eol_bulletin
to read	video	transmitter	connector	P2HD1.2G15TXQ60I=	"sc"	description_mining	vendor_eol_bulletin
to read	video	transmitter	connector	P2HD1.2G15TXQ61I=	"sc"	description_mining	vendor_eol_bulletin
to read	video	transmitter	connector	P2HD1.2G15TXQ62I=	"sc"	description_mining	vendor_eol_bulletin
to read	video	transmitter	temp_operating	4012980	{"max": 50, "min": 0}	description_mining	vendor_eol_bulletin
to read	video	transmitter	temp_operating	4012981	{"max": 50, "min": 0}	description_mining	vendor_eol_bulletin
to read	video	transmitter	temp_operating	4012982	{"max": 50, "min": 0}	description_mining	vendor_eol_bulletin
to read	video	transmitter	temp_operating	4012983	{"max": 50, "min": 0}	description_mining	vendor_eol_bulletin
to read	video	transmitter	temp_operating	4012985	{"max": 50, "min": 0}	description_mining	vendor_eol_bulletin
to read	video	transmitter	temp_operating	4012986	{"max": 50, "min": 0}	description_mining	vendor_eol_bulletin
to read	video	transmitter	temp_operating	4012987	{"max": 50, "min": 0}	description_mining	vendor_eol_bulletin
to read	video	transmitter	temp_operating	4012988	{"max": 50, "min": 0}	description_mining	vendor_eol_bulletin
to read	video	transmitter	temp_operating	4012990	{"max": 50, "min": 0}	description_mining	vendor_eol_bulletin
to read	video	transmitter	temp_operating	4012991	{"max": 50, "min": 0}	description_mining	vendor_eol_bulletin
to read	video	transmitter	temp_operating	4012992	{"max": 50, "min": 0}	description_mining	vendor_eol_bulletin
to read	video	transmitter	temp_operating	4012993	{"max": 50, "min": 0}	description_mining	vendor_eol_bulletin
to read	wireless	accessory	antenna_connector	AIR-ACC1622	"rp-tnc"	description_mining	vendor_eol_bulletin
to read	wireless	accessory	antenna_connector	AIR-ACC1623	"rp-tnc"	description_mining	vendor_eol_bulletin
to read	wireless	accessory	antenna_connector	AIR-ACC1655	"rp-tnc"	description_mining	vendor_eol_bulletin
to read	wireless	accessory	antenna_connector	AIR-ACC1828	"rp-tnc"	description_mining	vendor_eol_bulletin
to read	wireless	accessory	antenna_connector	AIR-ACC2538	"rp-tnc"	description_mining	vendor_eol_bulletin
to read	wireless	accessory	antenna_connector	CW-ACC-N2RPTNC	"rp-tnc"	description_mining	vendor_guide
to read	wireless	antenna	cable_length	AIR-ANT2544V4M-R8=	2.4384	description_mining	vendor_datasheet_html
to read	wireless	antenna	mounting	AIR-ANT2440NV-R=	["wall"]	description_mining	vendor_eol_bulletin
to read	wireless	antenna	mounting	AIR-ANT2524V4C-R	["ceiling"]	description_mining	vendor_guide
to read	wireless	antenna	mounting	AIR-ANT2524V4C-R=	["ceiling"]	description_mining	vendor_guide
to read	wireless	antenna	mounting	AIR-ANT2524V4C-RS=	["ceiling"]	description_mining	vendor_guide
to read	wireless	antenna	mounting	AIR-ANT2544V4M-R	["wall"]	description_mining	vendor_guide
to read	wireless	antenna	mounting	AIR-ANT2544V4M-R8=	["wall"]	description_mining	vendor_datasheet_html
to read	wireless	antenna	mounting	AIR-ANT2544V4M-R=	["wall"]	description_mining	vendor_guide
to read	wireless	antenna	mounting	AIR-ANT2544V4M-RS=	["pole"]	description_mining	vendor_guide
to read	wireless	antenna	mounting	AIR-ANT2566D4M-DS=	["pole"]	description_mining	vendor_guide
to read	wireless	antenna	mounting	AIR-ANT2566D4M-RS=	["pole"]	description_mining	vendor_guide
to read	wireless	antenna	mounting	AIR-ANT2566P4W-DS=	["pole"]	description_mining	vendor_guide
to read	wireless	antenna	mounting	AIR-ANT2566P4W-RS=	["pole"]	description_mining	vendor_guide
to read	wireless	antenna	mounting	AIR-ANT5140NV-R=	["wall"]	description_mining	vendor_eol_bulletin
to read	wireless	antenna	mounting	C-ANT9101=	["ceiling"]	description_mining	vendor_datasheet_html
to read	wireless	antenna	mounting	C-ANT9102=	["pole"]	description_mining	vendor_datasheet_html
to read	wireless	antenna	mounting	C-ANT9103=	["pole"]	description_mining	vendor_datasheet_html
to read	wireless	antenna	mounting	C-ANT9104=	["pole"]	description_mining	vendor_datasheet_html
to read	wireless	antenna	mounting	CW-ANT-T-O2-D8	["ceiling"]	description_mining	vendor_guide
to read	wireless	antenna	spatial_streams	CW-ANT-GPS2-S-00	"2x2:2"	description_mining	vendor_guide
to read	wireless	antenna	spatial_streams	CW-ANT-O1-NS-00	"2x2:2"	description_mining	vendor_guide
to read	wireless	antenna	wifi_generation	CW-ANT-GPS2-S-00	"wi-fi 6e"	description_mining	vendor_guide
to read	wireless	antenna	wifi_generation	CW-ANT-O1-NS-00	"wi-fi 6e"	description_mining	vendor_guide
R4 widen	wireless	ap	humidity_operating	MR45	{"max": 95, "min": 5}	html_table	vendor_datasheet_html
R4 widen	wireless	ap	humidity_operating	MR55	{"max": 95, "min": 5}	html_table	vendor_datasheet_html
to read	wireless	ap	mounting	3-CBW140AC-A-CA	["ceiling"]	description_mining	vendor_eol_bulletin
to read	wireless	ap	mounting	3-CBW140AC-B	["ceiling"]	description_mining	vendor_eol_bulletin
to read	wireless	ap	mounting	3-CBW140AC-D	["ceiling"]	description_mining	vendor_eol_bulletin
to read	wireless	ap	mounting	3-CBW140AC-E	["ceiling"]	description_mining	vendor_eol_bulletin
to read	wireless	ap	mounting	3-CBW140AC-G	["ceiling"]	description_mining	vendor_eol_bulletin
to read	wireless	ap	mounting	3-CBW140AC-Z	["ceiling"]	description_mining	vendor_eol_bulletin
to read	wireless	ap	mounting	3-CBW140AC-x	["ceiling"]	description_mining	vendor_datasheet_html
to read	wireless	ap	mounting	3-CBW240AC-A-CA	["ceiling"]	description_mining	vendor_eol_bulletin
to read	wireless	ap	mounting	3-CBW240AC-B	["ceiling"]	description_mining	vendor_eol_bulletin
to read	wireless	ap	mounting	3-CBW240AC-D	["ceiling"]	description_mining	vendor_eol_bulletin
to read	wireless	ap	mounting	3-CBW240AC-E	["ceiling"]	description_mining	vendor_eol_bulletin
to read	wireless	ap	mounting	3-CBW240AC-G	["ceiling"]	description_mining	vendor_eol_bulletin
to read	wireless	ap	mounting	3-CBW240AC-Z	["ceiling"]	description_mining	vendor_eol_bulletin
to read	wireless	ap	mounting	3-CBW240AC-x	["ceiling"]	description_mining	vendor_datasheet_html
to read	wireless	ap	mounting	5-CBW140AC-A-CA	["ceiling"]	description_mining	vendor_eol_bulletin
to read	wireless	ap	mounting	5-CBW140AC-B	["ceiling"]	description_mining	vendor_eol_bulletin
to read	wireless	ap	mounting	5-CBW140AC-D	["ceiling"]	description_mining	vendor_eol_bulletin
to read	wireless	ap	mounting	5-CBW140AC-E	["ceiling"]	description_mining	vendor_eol_bulletin
to read	wireless	ap	mounting	5-CBW140AC-G	["ceiling"]	description_mining	vendor_eol_bulletin
to read	wireless	ap	mounting	5-CBW140AC-Z	["ceiling"]	description_mining	vendor_eol_bulletin
to read	wireless	ap	mounting	5-CBW140AC-x	["ceiling"]	description_mining	vendor_datasheet_html
to read	wireless	ap	mounting	5-CBW240AC-A-CA	["ceiling"]	description_mining	vendor_eol_bulletin
to read	wireless	ap	mounting	5-CBW240AC-B	["ceiling"]	description_mining	vendor_eol_bulletin
to read	wireless	ap	mounting	5-CBW240AC-D	["ceiling"]	description_mining	vendor_eol_bulletin
to read	wireless	ap	mounting	5-CBW240AC-E	["ceiling"]	description_mining	vendor_eol_bulletin
to read	wireless	ap	mounting	5-CBW240AC-G	["ceiling"]	description_mining	vendor_eol_bulletin
to read	wireless	ap	mounting	5-CBW240AC-Z	["ceiling"]	description_mining	vendor_eol_bulletin
to read	wireless	ap	mounting	5-CBW240AC-x	["ceiling"]	description_mining	vendor_datasheet_html
to read	wireless	ap	mounting	C9105AXI-x	["ceiling"]	description_mining	vendor_guide
to read	wireless	ap	mounting	C9105AXW-A	["wall"]	description_mining	vendor_eol_bulletin
to read	wireless	ap	mounting	C9105AXW-B	["wall"]	description_mining	vendor_eol_bulletin
to read	wireless	ap	mounting	C9105AXW-B++	["wall"]	description_mining	vendor_eol_bulletin
to read	wireless	ap	mounting	C9105AXW-B-EDU	["wall"]	description_mining	vendor_eol_bulletin
to read	wireless	ap	mounting	C9105AXW-B1	["wall"]	description_mining	vendor_eol_bulletin
to read	wireless	ap	mounting	C9105AXW-C	["wall"]	description_mining	vendor_eol_bulletin
to read	wireless	ap	mounting	C9105AXW-D	["wall"]	description_mining	vendor_eol_bulletin
to read	wireless	ap	mounting	C9105AXW-E	["wall"]	description_mining	vendor_eol_bulletin
to read	wireless	ap	mounting	C9105AXW-E1	["wall"]	description_mining	vendor_eol_bulletin
to read	wireless	ap	mounting	C9105AXW-F	["wall"]	description_mining	vendor_eol_bulletin
to read	wireless	ap	mounting	C9105AXW-G	["wall"]	description_mining	vendor_eol_bulletin
to read	wireless	ap	mounting	C9105AXW-H	["wall"]	description_mining	vendor_eol_bulletin
to read	wireless	ap	mounting	C9105AXW-I	["wall"]	description_mining	vendor_eol_bulletin
to read	wireless	ap	mounting	C9105AXW-K	["wall"]	description_mining	vendor_eol_bulletin
to read	wireless	ap	mounting	C9105AXW-N	["wall"]	description_mining	vendor_eol_bulletin
to read	wireless	ap	mounting	C9105AXW-Q	["wall"]	description_mining	vendor_eol_bulletin
to read	wireless	ap	mounting	C9105AXW-R	["wall"]	description_mining	vendor_eol_bulletin
to read	wireless	ap	mounting	C9105AXW-S	["wall"]	description_mining	vendor_eol_bulletin
to read	wireless	ap	mounting	C9105AXW-T	["wall"]	description_mining	vendor_eol_bulletin
to read	wireless	ap	mounting	C9105AXW-Z	["wall"]	description_mining	vendor_eol_bulletin
to read	wireless	ap	mounting	C9105AXW-x	["wall"]	description_mining	vendor_guide
to read	wireless	ap	mounting	CBW140AC-A-CA	["ceiling"]	description_mining	vendor_eol_bulletin
to read	wireless	ap	mounting	CBW140AC-B	["ceiling"]	description_mining	vendor_eol_bulletin
to read	wireless	ap	mounting	CBW140AC-D	["ceiling"]	description_mining	vendor_eol_bulletin
to read	wireless	ap	mounting	CBW140AC-E	["ceiling"]	description_mining	vendor_eol_bulletin
to read	wireless	ap	mounting	CBW140AC-G	["ceiling"]	description_mining	vendor_eol_bulletin
to read	wireless	ap	mounting	CBW140AC-Z	["ceiling"]	description_mining	vendor_eol_bulletin
to read	wireless	ap	mounting	CBW140AC-x	["ceiling"]	description_mining	vendor_datasheet_html
to read	wireless	ap	mounting	CBW143ACM-A-CA	["wall"]	description_mining	vendor_eol_bulletin
to read	wireless	ap	mounting	CBW143ACM-B-NA	["wall"]	description_mining	vendor_eol_bulletin
to read	wireless	ap	mounting	CBW143ACM-D-IN	["wall"]	description_mining	vendor_eol_bulletin
to read	wireless	ap	mounting	CBW143ACM-E-EU	["wall"]	description_mining	vendor_eol_bulletin
to read	wireless	ap	mounting	CBW143ACM-E-UK	["wall"]	description_mining	vendor_eol_bulletin
to read	wireless	ap	mounting	CBW143ACM-I-EU	["wall"]	description_mining	vendor_eol_bulletin
to read	wireless	ap	mounting	CBW143ACM-Z-AU	["wall"]	description_mining	vendor_eol_bulletin
to read	wireless	ap	mounting	CBW143ACM-x-xx	["wall"]	description_mining	vendor_datasheet_html
to read	wireless	ap	mounting	CBW145AC-A-CA	["wall"]	description_mining	vendor_eol_bulletin
to read	wireless	ap	mounting	CBW145AC-B	["wall"]	description_mining	vendor_eol_bulletin
to read	wireless	ap	mounting	CBW145AC-D	["wall"]	description_mining	vendor_eol_bulletin
to read	wireless	ap	mounting	CBW145AC-E	["wall"]	description_mining	vendor_eol_bulletin
to read	wireless	ap	mounting	CBW145AC-G	["wall"]	description_mining	vendor_eol_bulletin
to read	wireless	ap	mounting	CBW145AC-Z	["wall"]	description_mining	vendor_eol_bulletin
to read	wireless	ap	mounting	CBW150AX-A-EU	["ceiling"]	description_mining	vendor_datasheet_html
to read	wireless	ap	mounting	CBW150AX-A-NA	["ceiling"]	description_mining	vendor_datasheet_html
to read	wireless	ap	mounting	CBW150AX-B-NA	["ceiling"]	description_mining	vendor_datasheet_html
to read	wireless	ap	mounting	CBW150AX-C-UK	["ceiling"]	description_mining	vendor_datasheet_html
to read	wireless	ap	mounting	CBW150AX-D-IN	["ceiling"]	description_mining	vendor_datasheet_html
to read	wireless	ap	mounting	CBW150AX-E-EU	["ceiling"]	description_mining	vendor_datasheet_html
to read	wireless	ap	mounting	CBW150AX-E-UK	["ceiling"]	description_mining	vendor_datasheet_html
to read	wireless	ap	mounting	CBW150AX-F-EU	["ceiling"]	description_mining	vendor_datasheet_html
to read	wireless	ap	mounting	CBW150AX-H-CN	["ceiling"]	description_mining	vendor_datasheet_html
to read	wireless	ap	mounting	CBW150AX-K-KR	["ceiling"]	description_mining	vendor_datasheet_html
to read	wireless	ap	mounting	CBW150AX-K-UK	["ceiling"]	description_mining	vendor_datasheet_html
to read	wireless	ap	mounting	CBW150AX-Q-JP	["ceiling"]	description_mining	vendor_datasheet_html
to read	wireless	ap	mounting	CBW150AX-S-UK	["ceiling"]	description_mining	vendor_datasheet_html
to read	wireless	ap	mounting	CBW150AX-T-TW	["ceiling"]	description_mining	vendor_datasheet_html
to read	wireless	ap	mounting	CBW150AX-Z-AU	["ceiling"]	description_mining	vendor_datasheet_html
to read	wireless	ap	mounting	CBW240AC-A-CA	["ceiling"]	description_mining	vendor_eol_bulletin
to read	wireless	ap	mounting	CBW240AC-B	["ceiling"]	description_mining	vendor_eol_bulletin
to read	wireless	ap	mounting	CBW240AC-D	["ceiling"]	description_mining	vendor_eol_bulletin
to read	wireless	ap	mounting	CBW240AC-E	["ceiling"]	description_mining	vendor_eol_bulletin
to read	wireless	ap	mounting	CBW240AC-Z	["ceiling"]	description_mining	vendor_eol_bulletin
to read	wireless	ap	mounting	CBW240AC-x	["ceiling"]	description_mining	vendor_datasheet_html
to read	wireless	ap	mounting	MR45	["desktop", "wall", "ceiling"]	html_table	vendor_datasheet_html
to read	wireless	ap	mounting	MR55	["desktop", "wall", "ceiling"]	html_table	vendor_datasheet_html
to read	wireless	ap	mounting	WAP361	["wall"]	description_mining	vendor_datasheet_html
to read	wireless	ap	mounting	WAP361-A-K9	["wall"]	description_mining	vendor_datasheet_html
to read	wireless	ap	mounting	WAP361-C-K9	["wall"]	description_mining	vendor_datasheet_html
to read	wireless	ap	mounting	WAP361-E-K9	["wall"]	description_mining	vendor_datasheet_html
to read	wireless	ap	mounting	WAP361-J-K9	["wall"]	description_mining	vendor_datasheet_html
to read	wireless	ap	mounting	WAP361-K-K9	["wall"]	description_mining	vendor_datasheet_html
to read	wireless	ap	mounting	WAP361-R-K9	["wall"]	description_mining	vendor_datasheet_html
to read	wireless	ap	tdp	MR28	15	vendor_page:meraki	vendor_datasheet_html
to read	wireless	ap	tdp	MR36	15	vendor_page:meraki	vendor_datasheet_html
to read	wireless	ap	tdp	MR36H	30	vendor_page:meraki	vendor_datasheet_html
to read	wireless	ap	tdp	MR44	30	vendor_page:meraki	vendor_datasheet_html
to read	wireless	ap	tdp	MR46	30	vendor_page:meraki	vendor_datasheet_html
to read	wireless	ap	tdp	MR56	30	vendor_page:meraki	vendor_datasheet_html
to read	wireless	ap	tdp	MR57	40	vendor_page:meraki	vendor_datasheet_html
to read	wireless	ap	tdp	MR78	15	vendor_page:meraki	vendor_datasheet_html
to read	wireless	cpu	power_max	AIR-CPU-E52609D	85	description_mining	vendor_eol_bulletin
to read	wireless	cpu	power_max	AIR-CPU-E52680D	120	description_mining	vendor_eol_bulletin
to read	wireless	cpu	power_max	CMX-CPU-5118	105	description_mining	vendor_eol_bulletin
to read	wireless	cpu	power_max	DN3-LOC-CPU-5118	105	description_mining	vendor_eol_bulletin
to read	wireless	cpu	power_max	IWA-CPU-I4310	120	description_mining	vendor_eol_bulletin
to read	wireless	cpu	power_max	MSE-CPU-E52650D	105	description_mining	vendor_eol_bulletin
to read	wireless	mechanical	antenna_connector	AIR-ACC15-N-CAP=	"n-type"	description_mining	vendor_guide
to read	wireless	mechanical	antenna_connector	AIR-ACC1725	"rp-tnc"	description_mining	vendor_eol_bulletin
to read	wireless	mechanical	antenna_connector	AIR-ACC245LA-N=	"n-type"	description_mining	vendor_guide
to read	wireless	mechanical	radio_bands	AIR-ACC245LA-N=	["5ghz"]	description_mining	vendor_guide
to read	wireless	power	cable_length	AIR-PWR-ST-LT-R3P=	1.2192	description_mining	vendor_eol_bulletin
to read	wireless	power-injector	mounting	AIR-PWRINJ-60-PMK=	["pole"]	description_mining	vendor_guide
