sku	name	series_label	kind	placement	product_line	product_family	series	nav_bucket	placed_by	deploy_role	role_rule	role_issue	plan	belongs	label_evidence	family_carrier
15216-AD1-2-1510	1510nm OADM Add Drop Multiplexer	ONS 15200 Series DWDM Systems	mux	layered	ONS 15216 / 15200 DWDM passives	(none)	ONS 15216 filters, OADM, mux/demux and DCU		sku ^15216(?!-GBIC)							
15216-AD1-2-1510=	1510 OADM Add Drop Multiplexer	ONS 15200 Series DWDM Systems	mux	layered	ONS 15216 / 15200 DWDM passives	(none)	ONS 15216 filters, OADM, mux/demux and DCU		sku ^15216(?!-GBIC)							
15216-AD1-2-30.3	ITU-200 GHz 1-channel, 2 path OADM ch. 1530.33nm	ONS 15200 Series DWDM Systems	mux	layered	ONS 15216 / 15200 DWDM passives	(none)	ONS 15216 filters, OADM, mux/demux and DCU		sku ^15216(?!-GBIC)							
15216-AD1-2-30.3=	ITU-200 GHz 1-channel, 2 path OADM ch. 1530.33nm	ONS 15200 Series DWDM Systems	mux	layered	ONS 15216 / 15200 DWDM passives	(none)	ONS 15216 filters, OADM, mux/demux and DCU		sku ^15216(?!-GBIC)							
15216-AD1-2-31.9	ITU-200 GHz 1-channel, 2 path OADM ch. 1531.90nm	ONS 15200 Series DWDM Systems	mux	layered	ONS 15216 / 15200 DWDM passives	(none)	ONS 15216 filters, OADM, mux/demux and DCU		sku ^15216(?!-GBIC)							
15216-AD1-2-31.9=	ITU-200 GHz 1-channel, 2 path OADM ch. 1531.90nm	ONS 15200 Series DWDM Systems	mux	layered	ONS 15216 / 15200 DWDM passives	(none)	ONS 15216 filters, OADM, mux/demux and DCU		sku ^15216(?!-GBIC)							
15216-AD1-2-33.4	ITU-200 GHz 1-channel, 2 path OADM ch. 1533.47nm	ONS 15200 Series DWDM Systems	mux	layered	ONS 15216 / 15200 DWDM passives	(none)	ONS 15216 filters, OADM, mux/demux and DCU		sku ^15216(?!-GBIC)							
15216-AD1-2-33.4=	ITU-200 GHz 1-channel, 2 path OADM ch. 1533.47nm	ONS 15200 Series DWDM Systems	mux	layered	ONS 15216 / 15200 DWDM passives	(none)	ONS 15216 filters, OADM, mux/demux and DCU		sku ^15216(?!-GBIC)							
15216-AD1-2-35.0	ITU-200 GHz 1-channel, 2 path OADM ch. 1535.04nm	ONS 15200 Series DWDM Systems	mux	layered	ONS 15216 / 15200 DWDM passives	(none)	ONS 15216 filters, OADM, mux/demux and DCU		sku ^15216(?!-GBIC)							
15216-AD1-2-35.0=	ITU-200 GHz 1-channel, 2 path OADM ch. 1535.04nm	ONS 15200 Series DWDM Systems	mux	layered	ONS 15216 / 15200 DWDM passives	(none)	ONS 15216 filters, OADM, mux/demux and DCU		sku ^15216(?!-GBIC)							
15216-AD1-2-36.6	ITU-200 GHz 1-channel, 2 path OADM ch. 1536.61nm	ONS 15200 Series DWDM Systems	mux	layered	ONS 15216 / 15200 DWDM passives	(none)	ONS 15216 filters, OADM, mux/demux and DCU		sku ^15216(?!-GBIC)							
15216-AD1-2-36.6=	ITU-200 GHz 1-channel, 2 path OADM ch. 1536.61nm	ONS 15200 Series DWDM Systems	mux	layered	ONS 15216 / 15200 DWDM passives	(none)	ONS 15216 filters, OADM, mux/demux and DCU		sku ^15216(?!-GBIC)							
15216-AD1-2-38.1	ITU-200 GHz 1-channel, 2 path OADM ch. 1538.19nm	ONS 15200 Series DWDM Systems	mux	layered	ONS 15216 / 15200 DWDM passives	(none)	ONS 15216 filters, OADM, mux/demux and DCU		sku ^15216(?!-GBIC)							
15216-AD1-2-38.1=	ITU-200 GHz 1-channel, 2 path OADM ch. 1538.19nm	ONS 15200 Series DWDM Systems	mux	layered	ONS 15216 / 15200 DWDM passives	(none)	ONS 15216 filters, OADM, mux/demux and DCU		sku ^15216(?!-GBIC)							
15216-AD1-2-39.7	ITU-200 GHz 1-channel, 2 path OADM ch. 1539.77nm	ONS 15200 Series DWDM Systems	mux	layered	ONS 15216 / 15200 DWDM passives	(none)	ONS 15216 filters, OADM, mux/demux and DCU		sku ^15216(?!-GBIC)							
15216-AD1-2-39.7=	ITU-200 GHz 1-channel, 2 path OADM ch. 1539.77nm	ONS 15200 Series DWDM Systems	mux	layered	ONS 15216 / 15200 DWDM passives	(none)	ONS 15216 filters, OADM, mux/demux and DCU		sku ^15216(?!-GBIC)							
15216-AD1-2-41.3	ITU-200 GHz 1-channel, 2 path OADM ch. 1541.35nm	ONS 15200 Series DWDM Systems	mux	layered	ONS 15216 / 15200 DWDM passives	(none)	ONS 15216 filters, OADM, mux/demux and DCU		sku ^15216(?!-GBIC)							
15216-AD1-2-41.3=	ITU-200 GHz 1-channel, 2 path OADM ch. 1541.35nm	ONS 15200 Series DWDM Systems	mux	layered	ONS 15216 / 15200 DWDM passives	(none)	ONS 15216 filters, OADM, mux/demux and DCU		sku ^15216(?!-GBIC)							
15216-AD1-2-42.9	ITU-200 GHz 1-channel, 2 path OADM ch. 1542.94nm	ONS 15200 Series DWDM Systems	mux	layered	ONS 15216 / 15200 DWDM passives	(none)	ONS 15216 filters, OADM, mux/demux and DCU		sku ^15216(?!-GBIC)							
15216-AD1-2-42.9=	ITU-200 GHz 1-channel, 2 path OADM ch. 1542.94nm	ONS 15200 Series DWDM Systems	mux	layered	ONS 15216 / 15200 DWDM passives	(none)	ONS 15216 filters, OADM, mux/demux and DCU		sku ^15216(?!-GBIC)							
15216-AD1-2-47.7	ITU-200 GHz 1-channel, 2 path OADM ch. 1547.72nm	ONS 15200 Series DWDM Systems	mux	layered	ONS 15216 / 15200 DWDM passives	(none)	ONS 15216 filters, OADM, mux/demux and DCU		sku ^15216(?!-GBIC)							
15216-AD1-2-47.7=	ITU-200 GHz 1-channel, 2 path OADM ch. 1547.72nm	ONS 15200 Series DWDM Systems	mux	layered	ONS 15216 / 15200 DWDM passives	(none)	ONS 15216 filters, OADM, mux/demux and DCU		sku ^15216(?!-GBIC)							
15216-AD1-2-49.3	ITU-200 GHz 1-channel, 2 path OADM ch. 1549.32nm	ONS 15200 Series DWDM Systems	mux	layered	ONS 15216 / 15200 DWDM passives	(none)	ONS 15216 filters, OADM, mux/demux and DCU		sku ^15216(?!-GBIC)							
15216-AD1-2-49.3=	ITU-200 GHz 1-channel, 2 path OADM ch. 1549.32nm	ONS 15200 Series DWDM Systems	mux	layered	ONS 15216 / 15200 DWDM passives	(none)	ONS 15216 filters, OADM, mux/demux and DCU		sku ^15216(?!-GBIC)							
15216-AD1-2-50.9	ITU-200 GHz 1-channel, 2 path OADM ch. 1550.92nm	ONS 15200 Series DWDM Systems	mux	layered	ONS 15216 / 15200 DWDM passives	(none)	ONS 15216 filters, OADM, mux/demux and DCU		sku ^15216(?!-GBIC)							
15216-AD1-2-50.9=	ITU-200 GHz 1-channel, 2 path OADM ch. 1550.92nm	ONS 15200 Series DWDM Systems	mux	layered	ONS 15216 / 15200 DWDM passives	(none)	ONS 15216 filters, OADM, mux/demux and DCU		sku ^15216(?!-GBIC)							
15216-AD1-2-52.5	ITU-200 GHz 1-channel, 2 path OADM ch. 1552.52nm	ONS 15200 Series DWDM Systems	mux	layered	ONS 15216 / 15200 DWDM passives	(none)	ONS 15216 filters, OADM, mux/demux and DCU		sku ^15216(?!-GBIC)							
15216-AD1-2-52.5=	ITU-200 GHz 1-channel, 2 path OADM ch. 1552.52nm	ONS 15200 Series DWDM Systems	mux	layered	ONS 15216 / 15200 DWDM passives	(none)	ONS 15216 filters, OADM, mux/demux and DCU		sku ^15216(?!-GBIC)							
15216-AD1-2-54.1	ITU-200 GHz 1-channel, 2 path OADM ch. 1554.13nm	ONS 15200 Series DWDM Systems	mux	layered	ONS 15216 / 15200 DWDM passives	(none)	ONS 15216 filters, OADM, mux/demux and DCU		sku ^15216(?!-GBIC)							
15216-AD1-2-54.1=	ITU-200 GHz 1-channel, 2 path OADM ch. 1554.13nm	ONS 15200 Series DWDM Systems	mux	layered	ONS 15216 / 15200 DWDM passives	(none)	ONS 15216 filters, OADM, mux/demux and DCU		sku ^15216(?!-GBIC)							
15216-AD1-2-55.7	ITU-200 GHz 1-channel, 2 path OADM ch. 1555.75nm	ONS 15200 Series DWDM Systems	mux	layered	ONS 15216 / 15200 DWDM passives	(none)	ONS 15216 filters, OADM, mux/demux and DCU		sku ^15216(?!-GBIC)							
15216-AD1-2-55.7=	ITU-200 GHz 1-channel, 2 path OADM ch. 1555.75nm	ONS 15200 Series DWDM Systems	mux	layered	ONS 15216 / 15200 DWDM passives	(none)	ONS 15216 filters, OADM, mux/demux and DCU		sku ^15216(?!-GBIC)							
15216-AD1-2-57.3	ITU-200 GHz 1-channel, 2 path OADM ch. 1557.36nm	ONS 15200 Series DWDM Systems	mux	layered	ONS 15216 / 15200 DWDM passives	(none)	ONS 15216 filters, OADM, mux/demux and DCU		sku ^15216(?!-GBIC)							
15216-AD1-2-57.3=	ITU-200 GHz 1-channel, 2 path OADM ch. 1557.36nm	ONS 15200 Series DWDM Systems	mux	layered	ONS 15216 / 15200 DWDM passives	(none)	ONS 15216 filters, OADM, mux/demux and DCU		sku ^15216(?!-GBIC)							
15216-AD1-2-58.9	ITU-200 GHz 1-channel, 2 path OADM ch. 1558.98nm	ONS 15200 Series DWDM Systems	mux	layered	ONS 15216 / 15200 DWDM passives	(none)	ONS 15216 filters, OADM, mux/demux and DCU		sku ^15216(?!-GBIC)							
15216-AD1-2-58.9=	ITU-200 GHz 1-channel, 2 path OADM ch. 1558.98nm	ONS 15200 Series DWDM Systems	mux	layered	ONS 15216 / 15200 DWDM passives	(none)	ONS 15216 filters, OADM, mux/demux and DCU		sku ^15216(?!-GBIC)							
15216-AD1-2-60.6	ITU-200 GHz 1-channel, 2 path OADM ch. 1560.61nm	ONS 15200 Series DWDM Systems	mux	layered	ONS 15216 / 15200 DWDM passives	(none)	ONS 15216 filters, OADM, mux/demux and DCU		sku ^15216(?!-GBIC)							
15216-AD1-2-60.6=	ITU-200 GHz 1-channel, 2 path OADM ch. 1560.61nm	ONS 15200 Series DWDM Systems	mux	layered	ONS 15216 / 15200 DWDM passives	(none)	ONS 15216 filters, OADM, mux/demux and DCU		sku ^15216(?!-GBIC)							
15216-AD1-2A-30.3=	ITU 100-GHz 1-channel, 2 path optical add/drop multiplexer (OADM), 1530.33 nm with automatic variable optical attenuator (Auto VOA)	ONS 15200 Series DWDM Systems	mux	layered	ONS 15216 / 15200 DWDM passives	(none)	ONS 15216 filters, OADM, mux/demux and DCU		sku ^15216(?!-GBIC)							
15216-AD1-2A-31.1=	ITU 100-GHz 1-channel, 2 path OADM, 1531.12 nm with Auto VOA	ONS 15200 Series DWDM Systems	mux	layered	ONS 15216 / 15200 DWDM passives	(none)	ONS 15216 filters, OADM, mux/demux and DCU		sku ^15216(?!-GBIC)							
15216-AD1-2A-31.9=	ITU 100-GHz 1-channel, 2 path OADM, 1531.90 nm with Auto VOA	ONS 15200 Series DWDM Systems	mux	layered	ONS 15216 / 15200 DWDM passives	(none)	ONS 15216 filters, OADM, mux/demux and DCU		sku ^15216(?!-GBIC)							
15216-AD1-2A-32.6=	ITU 100-GHz 1-channel, 2 path OADM, 1532.68 nm with Auto VOA	ONS 15200 Series DWDM Systems	mux	layered	ONS 15216 / 15200 DWDM passives	(none)	ONS 15216 filters, OADM, mux/demux and DCU		sku ^15216(?!-GBIC)							
15216-AD1-2A-34.2=	ITU 100-GHz 1-channel, 2 path OADM, 1534.25 nm with Auto VOA	ONS 15200 Series DWDM Systems	mux	layered	ONS 15216 / 15200 DWDM passives	(none)	ONS 15216 filters, OADM, mux/demux and DCU		sku ^15216(?!-GBIC)							
15216-AD1-2A-35.0=	ITU 100-GHz 1-channel, 2 path OADM, 1535.04 nm with Auto VOA	ONS 15200 Series DWDM Systems	mux	layered	ONS 15216 / 15200 DWDM passives	(none)	ONS 15216 filters, OADM, mux/demux and DCU		sku ^15216(?!-GBIC)							
15216-AD1-2A-35.8=	ITU 100-GHz 1-channel, 2 path OADM, 1535.82 nm with Auto VOA	ONS 15200 Series DWDM Systems	mux	layered	ONS 15216 / 15200 DWDM passives	(none)	ONS 15216 filters, OADM, mux/demux and DCU		sku ^15216(?!-GBIC)							
15216-AD1-2A-36.6=	ITU 100-GHz 1-channel, 2 path OADM, 1536.61 nm with Auto VOA	ONS 15200 Series DWDM Systems	mux	layered	ONS 15216 / 15200 DWDM passives	(none)	ONS 15216 filters, OADM, mux/demux and DCU		sku ^15216(?!-GBIC)							
15216-AD1-2A-38.1=	ITU 100-GHz 1-channel, 2 path OADM, 1538.19 nm with Auto VOA	ONS 15200 Series DWDM Systems	mux	layered	ONS 15216 / 15200 DWDM passives	(none)	ONS 15216 filters, OADM, mux/demux and DCU		sku ^15216(?!-GBIC)							
15216-AD1-2A-38.9=	ITU 100-GHz 1-channel, 2 path OADM, 1538.98 nm with Auto VOA	ONS 15200 Series DWDM Systems	mux	layered	ONS 15216 / 15200 DWDM passives	(none)	ONS 15216 filters, OADM, mux/demux and DCU		sku ^15216(?!-GBIC)							
15216-AD1-2A-39.7=	ITU 100-GHz 1-channel, 2 path OADM, 1539.77 nm with Auto VOA	ONS 15200 Series DWDM Systems	mux	layered	ONS 15216 / 15200 DWDM passives	(none)	ONS 15216 filters, OADM, mux/demux and DCU		sku ^15216(?!-GBIC)							
15216-AD1-2A-40.5=	ITU 100-GHz 1-channel, 2 path OADM, 1540.56 nm with Auto VOA	ONS 15200 Series DWDM Systems	mux	layered	ONS 15216 / 15200 DWDM passives	(none)	ONS 15216 filters, OADM, mux/demux and DCU		sku ^15216(?!-GBIC)							
15216-AD1-2A-42.1=	ITU 100-GHz 1-channel, 2 path OADM, 1542.14 nm with Auto VOA	ONS 15200 Series DWDM Systems	mux	layered	ONS 15216 / 15200 DWDM passives	(none)	ONS 15216 filters, OADM, mux/demux and DCU		sku ^15216(?!-GBIC)							
15216-AD1-2A-42.9=	ITU 100-GHz 1-channel, 2 path OADM, 1542.94 nm with Auto VOA	ONS 15200 Series DWDM Systems	mux	layered	ONS 15216 / 15200 DWDM passives	(none)	ONS 15216 filters, OADM, mux/demux and DCU		sku ^15216(?!-GBIC)							
15216-AD1-2A-43.7=	ITU 100-GHz 1-channel, 2 path OADM, 1543.73 nm with Auto VOA	ONS 15200 Series DWDM Systems	mux	layered	ONS 15216 / 15200 DWDM passives	(none)	ONS 15216 filters, OADM, mux/demux and DCU		sku ^15216(?!-GBIC)							
15216-AD1-2A-44.5=	ITU 100-GHz 1-channel, 2 path OADM, 1544.53 nm with Auto VOA	ONS 15200 Series DWDM Systems	mux	layered	ONS 15216 / 15200 DWDM passives	(none)	ONS 15216 filters, OADM, mux/demux and DCU		sku ^15216(?!-GBIC)							
15216-AD1-2A-46.1=	ITU 100-GHz 1-channel, 2 path OADM, 1546.12 nm with Auto VOA	ONS 15200 Series DWDM Systems	mux	layered	ONS 15216 / 15200 DWDM passives	(none)	ONS 15216 filters, OADM, mux/demux and DCU		sku ^15216(?!-GBIC)							
15216-AD1-2A-46.9=	ITU 100-GHz 1-channel, 2 path OADM, 1546.92 nm with Auto VOA	ONS 15200 Series DWDM Systems	mux	layered	ONS 15216 / 15200 DWDM passives	(none)	ONS 15216 filters, OADM, mux/demux and DCU		sku ^15216(?!-GBIC)							
15216-AD1-2A-47.7=	ITU 100-GHz 1-channel, 2 path OADM, 1547.72 nm with Auto VOA	ONS 15200 Series DWDM Systems	mux	layered	ONS 15216 / 15200 DWDM passives	(none)	ONS 15216 filters, OADM, mux/demux and DCU		sku ^15216(?!-GBIC)							
15216-AD1-2A-48.5=	ITU 100-GHz 1-channel, 2 path OADM, 1548.51 nm with Auto VOA	ONS 15200 Series DWDM Systems	mux	layered	ONS 15216 / 15200 DWDM passives	(none)	ONS 15216 filters, OADM, mux/demux and DCU		sku ^15216(?!-GBIC)							
15216-AD1-2A-50.1=	ITU 100-GHz 1-channel, 2 path OADM, 1550.12 nm with Auto VOA	ONS 15200 Series DWDM Systems	mux	layered	ONS 15216 / 15200 DWDM passives	(none)	ONS 15216 filters, OADM, mux/demux and DCU		sku ^15216(?!-GBIC)							
15216-AD1-2A-50.9=	ITU 100-GHz 1-channel, 2 path OADM, 1550.92 nm with Auto VOA	ONS 15200 Series DWDM Systems	mux	layered	ONS 15216 / 15200 DWDM passives	(none)	ONS 15216 filters, OADM, mux/demux and DCU		sku ^15216(?!-GBIC)							
15216-AD1-2A-51.7=	ITU 100-GHz 1-channel, 2 path OADM, 1551.72 nm with Auto VOA	ONS 15200 Series DWDM Systems	mux	layered	ONS 15216 / 15200 DWDM passives	(none)	ONS 15216 filters, OADM, mux/demux and DCU		sku ^15216(?!-GBIC)							
15216-AD1-2A-52.5=	ITU 100-GHz 1-channel, 2 path OADM, 1552.52 nm with Auto VOA	ONS 15200 Series DWDM Systems	mux	layered	ONS 15216 / 15200 DWDM passives	(none)	ONS 15216 filters, OADM, mux/demux and DCU		sku ^15216(?!-GBIC)							
15216-AD1-2A-54.1=	ITU 100-GHz 1-channel, 2 path OADM, 1554.13 nm with Auto VOA	ONS 15200 Series DWDM Systems	mux	layered	ONS 15216 / 15200 DWDM passives	(none)	ONS 15216 filters, OADM, mux/demux and DCU		sku ^15216(?!-GBIC)							
15216-AD1-2A-54.9=	ITU 100-GHz 1-channel, 2 path OADM, 1554.94 nm with Auto VOA	ONS 15200 Series DWDM Systems	mux	layered	ONS 15216 / 15200 DWDM passives	(none)	ONS 15216 filters, OADM, mux/demux and DCU		sku ^15216(?!-GBIC)							
15216-AD1-2A-55.7=	ITU 100-GHz 1-channel, 2 path OADM, 1555.75 nm with Auto VOA	ONS 15200 Series DWDM Systems	mux	layered	ONS 15216 / 15200 DWDM passives	(none)	ONS 15216 filters, OADM, mux/demux and DCU		sku ^15216(?!-GBIC)							
15216-AD1-2A-56.5=	ITU 100-GHz 1-channel, 2 path OADM, 1556.55 nm with Auto VOA	ONS 15200 Series DWDM Systems	mux	layered	ONS 15216 / 15200 DWDM passives	(none)	ONS 15216 filters, OADM, mux/demux and DCU		sku ^15216(?!-GBIC)							
15216-AD1-2A-58.1=	ITU 100-GHz 1-channel, 2 path OADM, 1558.17 nm with Auto VOA	ONS 15200 Series DWDM Systems	mux	layered	ONS 15216 / 15200 DWDM passives	(none)	ONS 15216 filters, OADM, mux/demux and DCU		sku ^15216(?!-GBIC)							
15216-AD1-2A-58.9=	ITU 100-GHz 1-channel, 2 path OADM, 1558.98 nm with Auto VOA	ONS 15200 Series DWDM Systems	mux	layered	ONS 15216 / 15200 DWDM passives	(none)	ONS 15216 filters, OADM, mux/demux and DCU		sku ^15216(?!-GBIC)							
15216-AD1-2A-59.7=	ITU 100-GHz 1-channel, 2 path OADM, 1559.79 nm with Auto VOA	ONS 15200 Series DWDM Systems	mux	layered	ONS 15216 / 15200 DWDM passives	(none)	ONS 15216 filters, OADM, mux/demux and DCU		sku ^15216(?!-GBIC)							
15216-AD1-2A-60.6=	ITU 100-GHz 1-channel, 2 path OADM, 1560.61 nm with Auto VOA	ONS 15200 Series DWDM Systems	mux	layered	ONS 15216 / 15200 DWDM passives	(none)	ONS 15216 filters, OADM, mux/demux and DCU		sku ^15216(?!-GBIC)							
15216-AD2-2-33.4	ITU-200 GHz 2-channel, 2 path OADM ch. 1533.47nm, 1531.90nm	ONS 15200 Series DWDM Systems	mux	layered	ONS 15216 / 15200 DWDM passives	(none)	ONS 15216 filters, OADM, mux/demux and DCU		sku ^15216(?!-GBIC)							
15216-AD2-2-33.4=	ITU-200 GHz 2-channel, 2 path OADM ch. 1533.47nm, 1531.90nm	ONS 15200 Series DWDM Systems	mux	layered	ONS 15216 / 15200 DWDM passives	(none)	ONS 15216 filters, OADM, mux/demux and DCU		sku ^15216(?!-GBIC)							
15216-AD2-2-36.6	ITU-200 GHz 2-channel, 2 path OADM ch. 1536.61nm, 1535.04nm	ONS 15200 Series DWDM Systems	mux	layered	ONS 15216 / 15200 DWDM passives	(none)	ONS 15216 filters, OADM, mux/demux and DCU		sku ^15216(?!-GBIC)							
15216-AD2-2-36.6=	ITU-200 GHz 2-channel, 2 path OADM ch. 1536.61nm, 1535.04nm	ONS 15200 Series DWDM Systems	mux	layered	ONS 15216 / 15200 DWDM passives	(none)	ONS 15216 filters, OADM, mux/demux and DCU		sku ^15216(?!-GBIC)							
15216-AD2-2-39.7	ITU-200 GHz 2-channel, 2 path OADM ch. 1539.77nm, 1538.19nm	ONS 15200 Series DWDM Systems	mux	layered	ONS 15216 / 15200 DWDM passives	(none)	ONS 15216 filters, OADM, mux/demux and DCU		sku ^15216(?!-GBIC)							
15216-AD2-2-39.7=	ITU-200 GHz 2-channel, 2 path OADM ch. 1539.77nm, 1538.19nm	ONS 15200 Series DWDM Systems	mux	layered	ONS 15216 / 15200 DWDM passives	(none)	ONS 15216 filters, OADM, mux/demux and DCU		sku ^15216(?!-GBIC)							
15216-AD2-2-42.9	ITU-200 GHz 2-channel, 2 path OADM ch. 1542.94nm, 1541.35nm	ONS 15200 Series DWDM Systems	mux	layered	ONS 15216 / 15200 DWDM passives	(none)	ONS 15216 filters, OADM, mux/demux and DCU		sku ^15216(?!-GBIC)							
15216-AD2-2-42.9=	ITU-200 GHz 2-channel, 2 path OADM ch. 1542.94nm, 1541.35nm	ONS 15200 Series DWDM Systems	mux	layered	ONS 15216 / 15200 DWDM passives	(none)	ONS 15216 filters, OADM, mux/demux and DCU		sku ^15216(?!-GBIC)							
15216-AD2-2-49.3	ITU-200 GHz 2-channel, 2 path OADM ch. 1549.32nm, 1547.72nm	ONS 15200 Series DWDM Systems	mux	layered	ONS 15216 / 15200 DWDM passives	(none)	ONS 15216 filters, OADM, mux/demux and DCU		sku ^15216(?!-GBIC)							
15216-AD2-2-49.3=	ITU-200 GHz 2-channel, 2 path OADM ch. 1549.32nm, 1547.72nm	ONS 15200 Series DWDM Systems	mux	layered	ONS 15216 / 15200 DWDM passives	(none)	ONS 15216 filters, OADM, mux/demux and DCU		sku ^15216(?!-GBIC)							
15216-AD2-2-52.5	ITU-200 GHz 2-channel, 2 path OADM ch. 1552.52nm, 1550.92nm	ONS 15200 Series DWDM Systems	mux	layered	ONS 15216 / 15200 DWDM passives	(none)	ONS 15216 filters, OADM, mux/demux and DCU		sku ^15216(?!-GBIC)							
15216-AD2-2-52.5=	ITU-200 GHz 2-channel, 2 path OADM ch. 1552.52nm, 1550.92nm	ONS 15200 Series DWDM Systems	mux	layered	ONS 15216 / 15200 DWDM passives	(none)	ONS 15216 filters, OADM, mux/demux and DCU		sku ^15216(?!-GBIC)							
15216-AD2-2-55.7	ITU-200 GHz 2-channel, 2 path OADM ch. 1555.75nm, 1554.13nm	ONS 15200 Series DWDM Systems	mux	layered	ONS 15216 / 15200 DWDM passives	(none)	ONS 15216 filters, OADM, mux/demux and DCU		sku ^15216(?!-GBIC)							
15216-AD2-2-55.7=	ITU-200 GHz 2-channel, 2 path OADM ch. 1555.75nm, 1554.13nm	ONS 15200 Series DWDM Systems	mux	layered	ONS 15216 / 15200 DWDM passives	(none)	ONS 15216 filters, OADM, mux/demux and DCU		sku ^15216(?!-GBIC)							
15216-AD2-2-58.9	ITU-200 GHz 2-channel, 2 path OADM ch. 1558.98nm, 1557.36nm	ONS 15200 Series DWDM Systems	mux	layered	ONS 15216 / 15200 DWDM passives	(none)	ONS 15216 filters, OADM, mux/demux and DCU		sku ^15216(?!-GBIC)							
15216-AD2-2-58.9=	ITU-200 GHz 2-channel, 2 path OADM ch. 1558.98nm, 1557.36nm	ONS 15200 Series DWDM Systems	mux	layered	ONS 15216 / 15200 DWDM passives	(none)	ONS 15216 filters, OADM, mux/demux and DCU		sku ^15216(?!-GBIC)							
15216-AD2-2A-31.1=	ITU 100-GHz 2-channel, 2 path OADM, 1531.12, 1530.33 nm with Auto VOA	ONS 15200 Series DWDM Systems	mux	layered	ONS 15216 / 15200 DWDM passives	(none)	ONS 15216 filters, OADM, mux/demux and DCU		sku ^15216(?!-GBIC)							
15216-AD2-2A-32.6=	ITU 100-GHz 2-channel, 2 path OADM, 1532.68, 1531.90 nm with Auto VOA	ONS 15200 Series DWDM Systems	mux	layered	ONS 15216 / 15200 DWDM passives	(none)	ONS 15216 filters, OADM, mux/demux and DCU		sku ^15216(?!-GBIC)							
15216-AD2-2A-35.0=	ITU 100-GHz 2-channel, 2 path OADM, 1535.04, 1534.25 nm with Auto VOA	ONS 15200 Series DWDM Systems	mux	layered	ONS 15216 / 15200 DWDM passives	(none)	ONS 15216 filters, OADM, mux/demux and DCU		sku ^15216(?!-GBIC)							
15216-AD2-2A-36.6=	ITU 100-GHz 2-channel, 2 path OADM, 1536.61, 1535.82 nm with Auto VOA	ONS 15200 Series DWDM Systems	mux	layered	ONS 15216 / 15200 DWDM passives	(none)	ONS 15216 filters, OADM, mux/demux and DCU		sku ^15216(?!-GBIC)							
15216-AD2-2A-38.9=	ITU 100-GHz 2-channel, 2 path OADM, 1538.98, 1538.19 nm with Auto VOA	ONS 15200 Series DWDM Systems	mux	layered	ONS 15216 / 15200 DWDM passives	(none)	ONS 15216 filters, OADM, mux/demux and DCU		sku ^15216(?!-GBIC)							
15216-AD2-2A-40.5=	ITU 100-GHz 2-channel, 2 path OADM, 1540.56, 1539.77 nm with Auto VOA	ONS 15200 Series DWDM Systems	mux	layered	ONS 15216 / 15200 DWDM passives	(none)	ONS 15216 filters, OADM, mux/demux and DCU		sku ^15216(?!-GBIC)							
15216-AD2-2A-42.9=	ITU 100-GHz 2-channel, 2 path OADM, 1542.94, 1542.14 nm with Auto VOA	ONS 15200 Series DWDM Systems	mux	layered	ONS 15216 / 15200 DWDM passives	(none)	ONS 15216 filters, OADM, mux/demux and DCU		sku ^15216(?!-GBIC)							
15216-AD2-2A-44.5=	ITU 100-GHz 2-channel, 2 path OADM, 1544.53, 1543.73 nm with Auto VOA	ONS 15200 Series DWDM Systems	mux	layered	ONS 15216 / 15200 DWDM passives	(none)	ONS 15216 filters, OADM, mux/demux and DCU		sku ^15216(?!-GBIC)							
15216-AD2-2A-46.9=	ITU 100-GHz 2-channel, 2 path OADM, 1546.92, 1546.12 nm with Auto VOA	ONS 15200 Series DWDM Systems	mux	layered	ONS 15216 / 15200 DWDM passives	(none)	ONS 15216 filters, OADM, mux/demux and DCU		sku ^15216(?!-GBIC)							
15216-AD2-2A-48.5=	ITU 100-GHz 2-channel, 2 path OADM, 1548.51, 1547.72 nm with Auto VOA	ONS 15200 Series DWDM Systems	mux	layered	ONS 15216 / 15200 DWDM passives	(none)	ONS 15216 filters, OADM, mux/demux and DCU		sku ^15216(?!-GBIC)							
15216-AD2-2A-50.9=	ITU 100-GHz 2-channel, 2 path OADM, 1550.92, 1550.12 nm with Auto VOA	ONS 15200 Series DWDM Systems	mux	layered	ONS 15216 / 15200 DWDM passives	(none)	ONS 15216 filters, OADM, mux/demux and DCU		sku ^15216(?!-GBIC)							
15216-AD2-2A-52.5=	ITU 100-GHz 2-channel, 2 path OADM, 1552.52, 1530.33 nm with Auto VOA	ONS 15200 Series DWDM Systems	mux	layered	ONS 15216 / 15200 DWDM passives	(none)	ONS 15216 filters, OADM, mux/demux and DCU		sku ^15216(?!-GBIC)							
15216-AD2-2A-54.9=	ITU 100-GHz 2-channel, 2 path OADM, 1554.94, 1554.13 nm with Auto VOA	ONS 15200 Series DWDM Systems	mux	layered	ONS 15216 / 15200 DWDM passives	(none)	ONS 15216 filters, OADM, mux/demux and DCU		sku ^15216(?!-GBIC)							
15216-AD2-2A-56.5=	ITU 100-GHz 2-channel, 2 path OADM, 1556.55, 1555.75 nm with Auto VOA	ONS 15200 Series DWDM Systems	mux	layered	ONS 15216 / 15200 DWDM passives	(none)	ONS 15216 filters, OADM, mux/demux and DCU		sku ^15216(?!-GBIC)							
15216-AD2-2A-58.9=	ITU 100-GHz 2-channel, 2 path OADM, 1558.98, 1557.36 nm with Auto VOA	ONS 15200 Series DWDM Systems	mux	layered	ONS 15216 / 15200 DWDM passives	(none)	ONS 15216 filters, OADM, mux/demux and DCU		sku ^15216(?!-GBIC)							
15216-AD2-2A-60.6=	ITU 100-GHz 2-channel, 2 path OADM, 1560.61, 1559.79 nm with Auto VOA	ONS 15200 Series DWDM Systems	mux	layered	ONS 15216 / 15200 DWDM passives	(none)	ONS 15216 filters, OADM, mux/demux and DCU		sku ^15216(?!-GBIC)							
15216-AD4-2A-32.6=	ITU 100-GHz 4-channel, 2 path OADM, 1532.68,31.90,31.12,30.33 with Auto VOA	ONS 15200 Series DWDM Systems	mux	layered	ONS 15216 / 15200 DWDM passives	(none)	ONS 15216 filters, OADM, mux/demux and DCU		sku ^15216(?!-GBIC)							
15216-AD4-2A-36.6=	ITU 100-GHz 4-channel, 2 path OADM, 1536.61,35.82,35.04,34.25 with Auto VOA	ONS 15200 Series DWDM Systems	mux	layered	ONS 15216 / 15200 DWDM passives	(none)	ONS 15216 filters, OADM, mux/demux and DCU		sku ^15216(?!-GBIC)							
15216-AD4-2A-40.5=	ITU 100-GHz 4-channel, 2 path OADM, 1540.56,39.77,38.98,38.19 with Auto VOA	ONS 15200 Series DWDM Systems	mux	layered	ONS 15216 / 15200 DWDM passives	(none)	ONS 15216 filters, OADM, mux/demux and DCU		sku ^15216(?!-GBIC)							
15216-AD4-2A-44.1=	ITU 100-GHz 4-channel, 2 path OADM, 1544.15,43.73,42.94,42.14 with Auto VOA	ONS 15200 Series DWDM Systems	mux	layered	ONS 15216 / 15200 DWDM passives	(none)	ONS 15216 filters, OADM, mux/demux and DCU		sku ^15216(?!-GBIC)							
15216-AD4-2A-48.5=	ITU 100-GHz 4-channel, 2 path OADM, 1548.51,47.72,46.92,46.12 with Auto VOA	ONS 15200 Series DWDM Systems	mux	layered	ONS 15216 / 15200 DWDM passives	(none)	ONS 15216 filters, OADM, mux/demux and DCU		sku ^15216(?!-GBIC)							
15216-AD4-2A-52.5=	ITU 100-GHz 4-channel, 2 path OADM, 1552.52,51.72,50.92,50.12 with Auto VOA	ONS 15200 Series DWDM Systems	mux	layered	ONS 15216 / 15200 DWDM passives	(none)	ONS 15216 filters, OADM, mux/demux and DCU		sku ^15216(?!-GBIC)							
15216-AD4-2A-56.5=	ITU 100-GHz 4-channel, 2 path OADM, 1556.55,55.75,54.94,54.13 with Auto VOA	ONS 15200 Series DWDM Systems	mux	layered	ONS 15216 / 15200 DWDM passives	(none)	ONS 15216 filters, OADM, mux/demux and DCU		sku ^15216(?!-GBIC)							
15216-AD4-2A-60.6=	ITU 100 -GHz 4-channel, 2 path OADM, 1560.61,59.79,58.98,58.17 with Auto VOA	ONS 15200 Series DWDM Systems	mux	layered	ONS 15216 / 15200 DWDM passives	(none)	ONS 15216 filters, OADM, mux/demux and DCU		sku ^15216(?!-GBIC)							
15216-ATT-LC-10=	Bulk Attenuator - LC Connector - 10dB	Network Convergence System 2000 Series	mux	layered	ONS 15216 / 15200 DWDM passives	(none)	ONS 15216 filters, OADM, mux/demux and DCU		sku ^15216(?!-GBIC)							
15216-ATT-LC-12=	Bulk Attenuator - LC Connector - 12dB	Network Convergence System 2000 Series	mux	layered	ONS 15216 / 15200 DWDM passives	(none)	ONS 15216 filters, OADM, mux/demux and DCU		sku ^15216(?!-GBIC)							
15216-ATT-LC-15=	Bulk Attenuator - LC Connector - 15dB	Network Convergence System 2000 Series	mux	layered	ONS 15216 / 15200 DWDM passives	(none)	ONS 15216 filters, OADM, mux/demux and DCU		sku ^15216(?!-GBIC)							
15216-ATT-LC-18=	Bulk Attenuator - LC Connector - 18dB	Network Convergence System 2000 Series	mux	layered	ONS 15216 / 15200 DWDM passives	(none)	ONS 15216 filters, OADM, mux/demux and DCU		sku ^15216(?!-GBIC)							
15216-ATT-LC-2=	Bulk Attenuator - LC Connector - 2dB	Network Convergence System 2000 Series	mux	layered	ONS 15216 / 15200 DWDM passives	(none)	ONS 15216 filters, OADM, mux/demux and DCU		sku ^15216(?!-GBIC)							
15216-ATT-LC-3=	Bulk Attenuator - LC Connector - 3dB	Network Convergence System 2000 Series	mux	layered	ONS 15216 / 15200 DWDM passives	(none)	ONS 15216 filters, OADM, mux/demux and DCU		sku ^15216(?!-GBIC)							
15216-ATT-LC-5=	Bulk Attenuator - LC Connector - 5dB	Network Convergence System 2000 Series	mux	layered	ONS 15216 / 15200 DWDM passives	(none)	ONS 15216 filters, OADM, mux/demux and DCU		sku ^15216(?!-GBIC)							
15216-ATT-LC-7=	Bulk Attenuator - LC Connector - 7dB	Network Convergence System 2000 Series	mux	layered	ONS 15216 / 15200 DWDM passives	(none)	ONS 15216 filters, OADM, mux/demux and DCU		sku ^15216(?!-GBIC)							
15216-CAB-MULC01=	1m MU to LC 8-10/125 micron SM jumper cable	ONS 15200 Series DWDM Systems	cable	layered	ONS 15216 / 15200 DWDM passives	(none)	ONS 15216 filters, OADM, mux/demux and DCU		sku ^15216(?!-GBIC)							
15216-CAB-MULC03=	3m MU to LC 8-10/125 micron SM jumper cable	ONS 15200 Series DWDM Systems	cable	layered	ONS 15216 / 15200 DWDM passives	(none)	ONS 15216 filters, OADM, mux/demux and DCU		sku ^15216(?!-GBIC)							
15216-CMXDMX-SK	KIT -Contains MD40ODD and Lic for 10 WL	ONS 15200 Series DWDM Systems	mux	layered	ONS 15216 / 15200 DWDM passives	(none)	ONS 15216 filters, OADM, mux/demux and DCU		sku ^15216(?!-GBIC)							
15216-CS-2=	2 Channel Optical Splitter or Combiner FlexMod	ONS 15200 Series DWDM Systems	mux	layered	ONS 15216 / 15200 DWDM passives	(none)	ONS 15216 filters, OADM, mux/demux and DCU		sku ^15216(?!-GBIC)							
15216-CS-3=	3 Channel Optical Splitter or Combiner FlexMod	ONS 15200 Series DWDM Systems	mux	layered	ONS 15216 / 15200 DWDM passives	(none)	ONS 15216 filters, OADM, mux/demux and DCU		sku ^15216(?!-GBIC)							
15216-CS-4=	4 Channel Optical Splitter or Combiner FlexMod	ONS 15200 Series DWDM Systems	mux	layered	ONS 15216 / 15200 DWDM passives	(none)	ONS 15216 filters, OADM, mux/demux and DCU		sku ^15216(?!-GBIC)							
15216-CS-MM-Y=	Y-cable splitter/combiner module, multimode, single-width module, installs in Cisco FlexLayer shelf assembly (15216-FL-SA)	Optical Transponders	mux	layered	ONS 15216 / 15200 DWDM passives	(none)	ONS 15216 filters, OADM, mux/demux and DCU		sku ^15216(?!-GBIC)							
15216-CS-SM-Y=	Y-cable splitter/combiner module, single-mode, single-width module, LC connectors, installs in Cisco FlexLayer shelf assembly (15216-FL-SA)	Optical Transponders	mux	layered	ONS 15216 / 15200 DWDM passives	(none)	ONS 15216 filters, OADM, mux/demux and DCU		sku ^15216(?!-GBIC)							
15216-DCU-100=	DCF of -100 ps/nm	ONS 15200 Series DWDM Systems	dcu	layered	ONS 15216 / 15200 DWDM passives	(none)	ONS 15216 filters, OADM, mux/demux and DCU		sku ^15216(?!-GBIC)							
15216-DCU-1150=	DCF of -1150 ps/nm	ONS 15200 Series DWDM Systems	dcu	layered	ONS 15216 / 15200 DWDM passives	(none)	ONS 15216 filters, OADM, mux/demux and DCU		sku ^15216(?!-GBIC)							
15216-DCU-1350=	DCF of -1350 ps/nm	ONS 15200 Series DWDM Systems	dcu	layered	ONS 15216 / 15200 DWDM passives	(none)	ONS 15216 filters, OADM, mux/demux and DCU		sku ^15216(?!-GBIC)							
15216-DCU-1550=	DCF of -1550 ps/nm	ONS 15200 Series DWDM Systems	dcu	layered	ONS 15216 / 15200 DWDM passives	(none)	ONS 15216 filters, OADM, mux/demux and DCU		sku ^15216(?!-GBIC)							
15216-DCU-1950=	DCF of -1950 ps/nm	ONS 15200 Series DWDM Systems	dcu	layered	ONS 15216 / 15200 DWDM passives	(none)	ONS 15216 filters, OADM, mux/demux and DCU		sku ^15216(?!-GBIC)							
15216-DCU-350=	DCF of -350 ps/nm	ONS 15200 Series DWDM Systems	dcu	layered	ONS 15216 / 15200 DWDM passives	(none)	ONS 15216 filters, OADM, mux/demux and DCU		sku ^15216(?!-GBIC)							
15216-DCU-450=	DCF of - 450 ps/nm	ONS 15200 Series DWDM Systems	dcu	layered	ONS 15216 / 15200 DWDM passives	(none)	ONS 15216 filters, OADM, mux/demux and DCU		sku ^15216(?!-GBIC)							
15216-DCU-550=	DCF of - 550 ps/nm	ONS 15200 Series DWDM Systems	dcu	layered	ONS 15216 / 15200 DWDM passives	(none)	ONS 15216 filters, OADM, mux/demux and DCU		sku ^15216(?!-GBIC)							
15216-DCU-750=	DCF of -750 ps/nm	ONS 15200 Series DWDM Systems	dcu	layered	ONS 15216 / 15200 DWDM passives	(none)	ONS 15216 filters, OADM, mux/demux and DCU		sku ^15216(?!-GBIC)							
15216-DCU-950=	DCF of - 950 ps/nm	ONS 15200 Series DWDM Systems	dcu	layered	ONS 15216 / 15200 DWDM passives	(none)	ONS 15216 filters, OADM, mux/demux and DCU		sku ^15216(?!-GBIC)							
15216-DCU-E-200=	E-LEAF Dispersion Compensation Unit 200 ps/nm	ONS 15200 Series DWDM Systems	dcu	layered	ONS 15216 / 15200 DWDM passives	(none)	ONS 15216 filters, OADM, mux/demux and DCU		sku ^15216(?!-GBIC)							
15216-DCU-E-350=	E-LEAF Dispersion Compensation Unit 350 ps/nm	ONS 15200 Series DWDM Systems	dcu	layered	ONS 15216 / 15200 DWDM passives	(none)	ONS 15216 filters, OADM, mux/demux and DCU		sku ^15216(?!-GBIC)							
15216-DCU-L-1000=	SMF L-band Dispersion Compensation Unit 1000ps/nm	ONS 15200 Series DWDM Systems	dcu	layered	ONS 15216 / 15200 DWDM passives	(none)	ONS 15216 filters, OADM, mux/demux and DCU		sku ^15216(?!-GBIC)							
15216-DCU-L-1100	SMF L-band Dispersion Compensation Unit 1100ps/nm	ONS 15200 Series DWDM Systems	dcu	layered	ONS 15216 / 15200 DWDM passives	(none)	ONS 15216 filters, OADM, mux/demux and DCU		sku ^15216(?!-GBIC)							
15216-DCU-L-1100=	SMF L-band Dispersion Compensation Unit 1100ps/nm	ONS 15200 Series DWDM Systems	dcu	layered	ONS 15216 / 15200 DWDM passives	(none)	ONS 15216 filters, OADM, mux/demux and DCU		sku ^15216(?!-GBIC)							
15216-DCU-L-300=	SMF L-band Dispersion Compensation Unit 300ps/nm	ONS 15200 Series DWDM Systems	dcu	layered	ONS 15216 / 15200 DWDM passives	(none)	ONS 15216 filters, OADM, mux/demux and DCU		sku ^15216(?!-GBIC)							
15216-DCU-L-600=	SMF L-band Dispersion Compensation Unit 600ps/nm	ONS 15200 Series DWDM Systems	dcu	layered	ONS 15216 / 15200 DWDM passives	(none)	ONS 15216 filters, OADM, mux/demux and DCU		sku ^15216(?!-GBIC)							
15216-DCU-L-700=	SMF L-band Dispersion Compensation Unit 700ps/nm	ONS 15200 Series DWDM Systems	dcu	layered	ONS 15216 / 15200 DWDM passives	(none)	ONS 15216 filters, OADM, mux/demux and DCU		sku ^15216(?!-GBIC)							
15216-DCU-L-800	SMF L-band Dispersion Compensation Unit 800ps/nm	ONS 15200 Series DWDM Systems	dcu	layered	ONS 15216 / 15200 DWDM passives	(none)	ONS 15216 filters, OADM, mux/demux and DCU		sku ^15216(?!-GBIC)							
15216-DCU-L-800=	SMF L-band Dispersion Compensation Unit 800ps/nm	ONS 15200 Series DWDM Systems	dcu	layered	ONS 15216 / 15200 DWDM passives	(none)	ONS 15216 filters, OADM, mux/demux and DCU		sku ^15216(?!-GBIC)							
15216-DCU-SA=	Mechanical shelf (housing 2 DCM)	ONS 15200 Series DWDM Systems	mechanical	layered	ONS 15216 / 15200 DWDM passives	(none)	ONS 15216 filters, OADM, mux/demux and DCU		sku ^15216(?!-GBIC)							
15216-EDFA1=	Metro Erbium-Doped Fiber Amplifier 17 dBm	ONS 15200 Series DWDM Systems	amplifier	layered	ONS 15216 / 15200 DWDM passives	(none)	ONS 15216 filters, OADM, mux/demux and DCU		sku ^15216(?!-GBIC)							
15216-EDFA2	Metro Erbium Dopped Fiber Amplifier 17 dBm w/ SNMP, Rev2	ONS 15200 Series DWDM Systems	amplifier	layered	ONS 15216 / 15200 DWDM passives	(none)	ONS 15216 filters, OADM, mux/demux and DCU		sku ^15216(?!-GBIC)							
15216-EDFA2-A	Metro Erbium-Doped Fiber Amplifier (EDFA) 17 dBm with SNMP	ONS 15200 Series DWDM Systems	amplifier	layered	ONS 15216 / 15200 DWDM passives	(none)	ONS 15216 filters, OADM, mux/demux and DCU		sku ^15216(?!-GBIC)							
15216-EDFA2-A=	Metro EDFA 17 dBm with SNMP	ONS 15200 Series DWDM Systems	amplifier	layered	ONS 15216 / 15200 DWDM passives	(none)	ONS 15216 filters, OADM, mux/demux and DCU		sku ^15216(?!-GBIC)							
15216-EDFA2=	Metro Erbium Dopped Fiber Amplifier 17 dBm w/ SNMP, Rev2, spare	ONS 15200 Series DWDM Systems	amplifier	layered	ONS 15216 / 15200 DWDM passives	(none)	ONS 15216 filters, OADM, mux/demux and DCU		sku ^15216(?!-GBIC)							
15216-EDFA3=	Metro EDFA, Mid Stage Access, Variable Gain 17 dBm	ONS 15200 Series DWDM Systems	amplifier	layered	ONS 15216 / 15200 DWDM passives	(none)	ONS 15216 filters, OADM, mux/demux and DCU		sku ^15216(?!-GBIC)							
15216-EF-40-EVEN	ONS 15216 40-Channel Mux/DeMux Exposed Faceplate Patch Panel Even	ONS 15200 Series DWDM Systems	mux	layered	ONS 15216 / 15200 DWDM passives	(none)	ONS 15216 filters, OADM, mux/demux and DCU		sku ^15216(?!-GBIC)							
15216-EF-40-EVEN=	ONS 15216 40-Channel Mux/DeMux Exposed Faceplate Patch Panel Even	ONS 15200 Series DWDM Systems	mux	layered	ONS 15216 / 15200 DWDM passives	(none)	ONS 15216 filters, OADM, mux/demux and DCU		sku ^15216(?!-GBIC)							
15216-EF-40-ODD	ONS 15216 40-Channel Mux/DeMux Exposed Faceplate Patch Panel Odd	ONS 15200 Series DWDM Systems	mux	layered	ONS 15216 / 15200 DWDM passives	(none)	ONS 15216 filters, OADM, mux/demux and DCU		sku ^15216(?!-GBIC)							
15216-EF-40-ODD=	ONS 15216 40-Channel Mux/DeMux Exposed Faceplate Patch Panel Odd	ONS 15200 Series DWDM Systems	mux	layered	ONS 15216 / 15200 DWDM passives	(none)	ONS 15216 filters, OADM, mux/demux and DCU		sku ^15216(?!-GBIC)							
15216-EF-ODD-LIC=	Cisco 15216-EF-ODD-LIC=	ONS 15200 Series DWDM Systems	mux	layered	ONS 15216 / 15200 DWDM passives	(none)	ONS 15216 filters, OADM, mux/demux and DCU		sku ^15216(?!-GBIC)							
15216-FBGDCU-1157=	Cisco 15216-FBGDCU-1157=	ONS 15200 Series DWDM Systems	dcu	layered	ONS 15216 / 15200 DWDM passives	(none)	ONS 15216 filters, OADM, mux/demux and DCU		sku ^15216(?!-GBIC)							
15216-FBGDCU-1322=	Cisco 15216-FBGDCU-1322=	ONS 15200 Series DWDM Systems	dcu	layered	ONS 15216 / 15200 DWDM passives	(none)	ONS 15216 filters, OADM, mux/demux and DCU		sku ^15216(?!-GBIC)							
15216-FBGDCU-1653=	Cisco 15216-FBGDCU-1653=	ONS 15200 Series DWDM Systems	dcu	layered	ONS 15216 / 15200 DWDM passives	(none)	ONS 15216 filters, OADM, mux/demux and DCU		sku ^15216(?!-GBIC)							
15216-FBGDCU-165=	Cisco 15216-FBGDCU-165=	ONS 15200 Series DWDM Systems	dcu	layered	ONS 15216 / 15200 DWDM passives	(none)	ONS 15216 filters, OADM, mux/demux and DCU		sku ^15216(?!-GBIC)							
15216-FBGDCU-1983=	Cisco 15216-FBGDCU-1983=	ONS 15200 Series DWDM Systems	dcu	layered	ONS 15216 / 15200 DWDM passives	(none)	ONS 15216 filters, OADM, mux/demux and DCU		sku ^15216(?!-GBIC)							
15216-FBGDCU-331=	Cisco 15216-FBGDCU-331=	ONS 15200 Series DWDM Systems	dcu	layered	ONS 15216 / 15200 DWDM passives	(none)	ONS 15216 filters, OADM, mux/demux and DCU		sku ^15216(?!-GBIC)							
15216-FBGDCU-496=	Cisco 15216-FBGDCU-496=	ONS 15200 Series DWDM Systems	dcu	layered	ONS 15216 / 15200 DWDM passives	(none)	ONS 15216 filters, OADM, mux/demux and DCU		sku ^15216(?!-GBIC)							
15216-FBGDCU-661=	Cisco 15216-FBGDCU-661=	ONS 15200 Series DWDM Systems	dcu	layered	ONS 15216 / 15200 DWDM passives	(none)	ONS 15216 filters, OADM, mux/demux and DCU		sku ^15216(?!-GBIC)							
15216-FBGDCU-826=	Cisco 15216-FBGDCU-826=	ONS 15200 Series DWDM Systems	dcu	layered	ONS 15216 / 15200 DWDM passives	(none)	ONS 15216 filters, OADM, mux/demux and DCU		sku ^15216(?!-GBIC)							
15216-FBGDCU-992=	Cisco 15216-FBGDCU-992=	ONS 15200 Series DWDM Systems	dcu	layered	ONS 15216 / 15200 DWDM passives	(none)	ONS 15216 filters, OADM, mux/demux and DCU		sku ^15216(?!-GBIC)							
15216-FL-SA=	Shelf assembly, 4 module slots, 1-rack unit high, 19- or 23-inch rack mounting, Cisco FlexLayer platform	Optical Transponders	chassis	layered	ONS 15216 / 15200 DWDM passives	(none)	ONS 15216 filters, OADM, mux/demux and DCU		sku ^15216(?!-GBIC)							
15216-FLA-8-36.6	ITU-100 GHz 8-Ch, FlexMod-1536.61 to 1530.33	ONS 15200 Series DWDM Systems	mux	layered	ONS 15216 / 15200 DWDM passives	(none)	ONS 15216 filters, OADM, mux/demux and DCU		sku ^15216(?!-GBIC)							
15216-FLA-8-36.6=	ITU-100 GHz 8-Ch, FlexMod-1536.61 to 1530.33	ONS 15200 Series DWDM Systems	mux	layered	ONS 15216 / 15200 DWDM passives	(none)	ONS 15216 filters, OADM, mux/demux and DCU		sku ^15216(?!-GBIC)							
15216-FLA-8-44.5	ITU-100 GHz 8-Ch, FlexMod-1544.53 to 1538.19	ONS 15200 Series DWDM Systems	mux	layered	ONS 15216 / 15200 DWDM passives	(none)	ONS 15216 filters, OADM, mux/demux and DCU		sku ^15216(?!-GBIC)							
15216-FLA-8-44.5=	ITU-100 GHz 8-Ch, FlexMod-1544.53 to 1538.19	ONS 15200 Series DWDM Systems	mux	layered	ONS 15216 / 15200 DWDM passives	(none)	ONS 15216 filters, OADM, mux/demux and DCU		sku ^15216(?!-GBIC)							
15216-FLA-8-52.5	ITU-100 GHz 8-Ch, FlexMod-1556.55 to 1546.12	ONS 15200 Series DWDM Systems	mux	layered	ONS 15216 / 15200 DWDM passives	(none)	ONS 15216 filters, OADM, mux/demux and DCU		sku ^15216(?!-GBIC)							
15216-FLA-8-52.5=	ITU-100 GHz 8-Ch, FlexMod-1552.52 to 1546.12	ONS 15200 Series DWDM Systems	mux	layered	ONS 15216 / 15200 DWDM passives	(none)	ONS 15216 filters, OADM, mux/demux and DCU		sku ^15216(?!-GBIC)							
15216-FLA-8-60.6	ITU-100 GHz 8-Ch, FlexMod-1560.61to 1554.13	ONS 15200 Series DWDM Systems	mux	layered	ONS 15216 / 15200 DWDM passives	(none)	ONS 15216 filters, OADM, mux/demux and DCU		sku ^15216(?!-GBIC)							
15216-FLA-8-60.6=	ITU-100 GHz 8-Ch, FlexMod-1560.61 to 1554.13	ONS 15200 Series DWDM Systems	mux	layered	ONS 15216 / 15200 DWDM passives	(none)	ONS 15216 filters, OADM, mux/demux and DCU		sku ^15216(?!-GBIC)							
15216-FLAMP36.6-SK	1ea 15216-FLA-8-36.6 and 15216-EDFA2-A	ONS 15200 Series DWDM Systems	amplifier	layered	ONS 15216 / 15200 DWDM passives	(none)	ONS 15216 filters, OADM, mux/demux and DCU		sku ^15216(?!-GBIC)							
15216-FLAMP44.5-SK	1ea 15216-FLA-8-44.5 and 15216-EDFA2-A	ONS 15200 Series DWDM Systems	amplifier	layered	ONS 15216 / 15200 DWDM passives	(none)	ONS 15216 filters, OADM, mux/demux and DCU		sku ^15216(?!-GBIC)							
15216-FLAMP52.5-SK	1ea 15216-FLA-8-52.5 and 15216-EDFA2-A	ONS 15200 Series DWDM Systems	amplifier	layered	ONS 15216 / 15200 DWDM passives	(none)	ONS 15216 filters, OADM, mux/demux and DCU		sku ^15216(?!-GBIC)							
15216-FLAMP60.6-SK	1ea 15216-FLA-8-60.6 and 15216-EDFA2-A	ONS 15200 Series DWDM Systems	amplifier	layered	ONS 15216 / 15200 DWDM passives	(none)	ONS 15216 filters, OADM, mux/demux and DCU		sku ^15216(?!-GBIC)							
15216-FLB-2-31.1=	ITU-100 GHz 2-Ch, FlexMod-1531.12, 1530.33	ONS 15200 Series DWDM Systems	mux	layered	ONS 15216 / 15200 DWDM passives	(none)	ONS 15216 filters, OADM, mux/demux and DCU		sku ^15216(?!-GBIC)							
15216-FLB-2-32.6=	ITU-100 GHz 2-Ch, FlexMod-1532.68, 1531.90	ONS 15200 Series DWDM Systems	mux	layered	ONS 15216 / 15200 DWDM passives	(none)	ONS 15216 filters, OADM, mux/demux and DCU		sku ^15216(?!-GBIC)							
15216-FLB-2-35.0=	ITU-100 GHz 2-Ch, FlexMod-1535.04, 1534.25	ONS 15200 Series DWDM Systems	mux	layered	ONS 15216 / 15200 DWDM passives	(none)	ONS 15216 filters, OADM, mux/demux and DCU		sku ^15216(?!-GBIC)							
15216-FLB-2-36.6=	ITU-100 GHz 2-Ch, FlexMod-1536.61, 1535.82	ONS 15200 Series DWDM Systems	mux	layered	ONS 15216 / 15200 DWDM passives	(none)	ONS 15216 filters, OADM, mux/demux and DCU		sku ^15216(?!-GBIC)							
15216-FLB-2-38.9=	ITU-100 GHz 2-Ch, FlexMod-1538.98, 1538.19	ONS 15200 Series DWDM Systems	mux	layered	ONS 15216 / 15200 DWDM passives	(none)	ONS 15216 filters, OADM, mux/demux and DCU		sku ^15216(?!-GBIC)							
15216-FLB-2-40.5=	ITU-100 GHz 2-Ch, FlexMod-1540.56, 1539.77	ONS 15200 Series DWDM Systems	mux	layered	ONS 15216 / 15200 DWDM passives	(none)	ONS 15216 filters, OADM, mux/demux and DCU		sku ^15216(?!-GBIC)							
15216-FLB-2-42.9=	ITU-100 GHz 2-Ch, FlexMod-1542.94, 1542.14	ONS 15200 Series DWDM Systems	mux	layered	ONS 15216 / 15200 DWDM passives	(none)	ONS 15216 filters, OADM, mux/demux and DCU		sku ^15216(?!-GBIC)							
15216-FLB-2-44.5=	ITU-100 GHz 2-Ch, FlexMod-1544.53, 1543.73	ONS 15200 Series DWDM Systems	mux	layered	ONS 15216 / 15200 DWDM passives	(none)	ONS 15216 filters, OADM, mux/demux and DCU		sku ^15216(?!-GBIC)							
15216-FLB-2-46.9=	ITU-100 GHz 2-Ch, FlexMod-1546.92, 1546.12	ONS 15200 Series DWDM Systems	mux	layered	ONS 15216 / 15200 DWDM passives	(none)	ONS 15216 filters, OADM, mux/demux and DCU		sku ^15216(?!-GBIC)							
15216-FLB-2-48.5=	ITU-100 GHz 2-Ch, FlexMod-1548.51, 1547.72	ONS 15200 Series DWDM Systems	mux	layered	ONS 15216 / 15200 DWDM passives	(none)	ONS 15216 filters, OADM, mux/demux and DCU		sku ^15216(?!-GBIC)							
15216-FLB-2-50.9=	ITU-100 GHz 2-Ch, FlexMod-1550.92, 1550.12	ONS 15200 Series DWDM Systems	mux	layered	ONS 15216 / 15200 DWDM passives	(none)	ONS 15216 filters, OADM, mux/demux and DCU		sku ^15216(?!-GBIC)							
15216-FLB-2-52.5=	ITU-100 GHz 2-Ch, FlexMod-1552.52, 1551.72	ONS 15200 Series DWDM Systems	mux	layered	ONS 15216 / 15200 DWDM passives	(none)	ONS 15216 filters, OADM, mux/demux and DCU		sku ^15216(?!-GBIC)							
15216-FLB-2-54.9=	ITU-100 GHz 2-Ch, FlexMod-1554.94, 1554.13	ONS 15200 Series DWDM Systems	mux	layered	ONS 15216 / 15200 DWDM passives	(none)	ONS 15216 filters, OADM, mux/demux and DCU		sku ^15216(?!-GBIC)							
15216-FLB-2-56.5=	ITU-100 GHz 2-Ch, FlexMod-1556.55, 1555.75	ONS 15200 Series DWDM Systems	mux	layered	ONS 15216 / 15200 DWDM passives	(none)	ONS 15216 filters, OADM, mux/demux and DCU		sku ^15216(?!-GBIC)							
15216-FLB-2-58.9=	ITU-100 GHz 2-Ch, FlexMod-1558.98, 1558.17	ONS 15200 Series DWDM Systems	mux	layered	ONS 15216 / 15200 DWDM passives	(none)	ONS 15216 filters, OADM, mux/demux and DCU		sku ^15216(?!-GBIC)							
15216-FLB-2-60.6=	ITU-100 GHz 2-Ch, FlexMod-1560.61, 1559.79	ONS 15200 Series DWDM Systems	mux	layered	ONS 15216 / 15200 DWDM passives	(none)	ONS 15216 filters, OADM, mux/demux and DCU		sku ^15216(?!-GBIC)							
15216-FLC-CWDM-8=	Cisco ONS 15215 8-Channel CWDM Muxponder/Demuxponder	ONS 15200 Series DWDM Systems	mux	layered	ONS 15216 / 15200 DWDM passives	(none)	ONS 15216 filters, OADM, mux/demux and DCU		sku ^15216(?!-GBIC)							
15216-FLD-4-30.3=	Edge 4-Ch Bi-Directional OADM Mod1530.33 to 1532.68	ONS 15200 Series DWDM Systems	mux	layered	ONS 15216 / 15200 DWDM passives	(none)	ONS 15216 filters, OADM, mux/demux and DCU		sku ^15216(?!-GBIC)							
15216-FLD-4-33.4=	Edge 4-Ch Bi-Directional OADM Mod1533.47 to 1535.82	ONS 15200 Series DWDM Systems	mux	layered	ONS 15216 / 15200 DWDM passives	(none)	ONS 15216 filters, OADM, mux/demux and DCU		sku ^15216(?!-GBIC)							
15216-FLD-4-36.6=	Edge 4-Ch Bi-Directional OADM Mod1536.61 to 1538.98	ONS 15200 Series DWDM Systems	mux	layered	ONS 15216 / 15200 DWDM passives	(none)	ONS 15216 filters, OADM, mux/demux and DCU		sku ^15216(?!-GBIC)							
15216-FLD-4-39.7=	Edge 4-Ch Bi-Directional OADM Mod 1539.77 to 1542.14	Transceiver Modules	mux	layered	ONS 15216 / 15200 DWDM passives	(none)	ONS 15216 filters, OADM, mux/demux and DCU		sku ^15216(?!-GBIC)							
15216-FLD-4-42.9=	Edge 4-Ch Bi-Directional OADM Mod 1542.94 to 1545.32	Transceiver Modules	mux	layered	ONS 15216 / 15200 DWDM passives	(none)	ONS 15216 filters, OADM, mux/demux and DCU		sku ^15216(?!-GBIC)							
15216-FLD-4-46.1=	Edge 4-Ch Bi-Directional OADM Mod 1546.12 to 1548.51	Transceiver Modules	mux	layered	ONS 15216 / 15200 DWDM passives	(none)	ONS 15216 filters, OADM, mux/demux and DCU		sku ^15216(?!-GBIC)							
15216-FLD-4-49.3=	Edge 4-Ch Bi-Directional OADM Mod 1549.32 to 1551.72	Transceiver Modules	mux	layered	ONS 15216 / 15200 DWDM passives	(none)	ONS 15216 filters, OADM, mux/demux and DCU		sku ^15216(?!-GBIC)							
15216-FLD-4-52.5=	Edge 4-Ch Bi-Directional OADM Mod 1552.52 to 1554.94	Transceiver Modules	mux	layered	ONS 15216 / 15200 DWDM passives	(none)	ONS 15216 filters, OADM, mux/demux and DCU		sku ^15216(?!-GBIC)							
15216-FLD-4-55.7=	Edge 4-Ch Bi-Directional OADM Mod 1555.75 to 1558.17	Transceiver Modules	mux	layered	ONS 15216 / 15200 DWDM passives	(none)	ONS 15216 filters, OADM, mux/demux and DCU		sku ^15216(?!-GBIC)							
15216-FLD-4-58.9=	Edge 4-Ch Bi-Directional OADM Mod1558.98 to 1561.42	ONS 15200 Series DWDM Systems	mux	layered	ONS 15216 / 15200 DWDM passives	(none)	ONS 15216 filters, OADM, mux/demux and DCU		sku ^15216(?!-GBIC)							
15216-HD-EXT-PNL=	Cisco ONS 15216 Edge Mounting Bracket	ONS 15200 Series DWDM Systems	mechanical	layered	ONS 15216 / 15200 DWDM passives	(none)	ONS 15216 filters, OADM, mux/demux and DCU		sku ^15216(?!-GBIC)							
15216-ID-50=	50GHz - 100GHz Interleaver / De-Interleaver	ONS 15200 Series DWDM Systems	mux	layered	ONS 15216 / 15200 DWDM passives	(none)	ONS 15216 filters, OADM, mux/demux and DCU		sku ^15216(?!-GBIC)							
15216-LC-LC-10	Fiber patchcord - LC to LC - 6m	Network Convergence System 2000 Series	cable	layered	ONS 15216 / 15200 DWDM passives	(none)	ONS 15216 filters, OADM, mux/demux and DCU		sku ^15216(?!-GBIC)							
15216-LC-LC-10=	Fiber patchcord - LC to LC - 6m	Network Convergence System 2000 Series	cable	layered	ONS 15216 / 15200 DWDM passives	(none)	ONS 15216 filters, OADM, mux/demux and DCU		sku ^15216(?!-GBIC)							
15216-LC-LC-20	Fiber patchcord - LC to LC - 8m	Network Convergence System 2000 Series	cable	layered	ONS 15216 / 15200 DWDM passives	(none)	ONS 15216 filters, OADM, mux/demux and DCU		sku ^15216(?!-GBIC)							
15216-LC-LC-20=	Fiber patchcord - LC to LC - 8m	Network Convergence System 2000 Series	cable	layered	ONS 15216 / 15200 DWDM passives	(none)	ONS 15216 filters, OADM, mux/demux and DCU		sku ^15216(?!-GBIC)							
15216-LC-LC-5	Fiber patchcord - LC to LC - 4m	Network Convergence System 2000 Series	cable	layered	ONS 15216 / 15200 DWDM passives	(none)	ONS 15216 filters, OADM, mux/demux and DCU		sku ^15216(?!-GBIC)							
15216-LC-LC-5=	Fiber patchcord - LC to LC - 4m	Network Convergence System 2000 Series	cable	layered	ONS 15216 / 15200 DWDM passives	(none)	ONS 15216 filters, OADM, mux/demux and DCU		sku ^15216(?!-GBIC)							
15216-LC-LC-MM-2	Fiber patchcord - LC to LC - Multi Mode - 2m	Network Convergence System 2000 Series	cable	layered	ONS 15216 / 15200 DWDM passives	(none)	ONS 15216 filters, OADM, mux/demux and DCU		sku ^15216(?!-GBIC)							
15216-LC-LC-MM-2=	Fiber patchcord - LC to LC - Multi Mode - 2m	Network Convergence System 2000 Series	cable	layered	ONS 15216 / 15200 DWDM passives	(none)	ONS 15216 filters, OADM, mux/demux and DCU		sku ^15216(?!-GBIC)							
15216-LC-LC-MM-5	Fiber patchcord - LC to LC - Multi Mode - 5m	Network Convergence System 2000 Series	cable	layered	ONS 15216 / 15200 DWDM passives	(none)	ONS 15216 filters, OADM, mux/demux and DCU		sku ^15216(?!-GBIC)							
15216-LC-LC-MM-5=	Fiber patchcord - LC to LC - Multi Mode - 5m	Network Convergence System 2000 Series	cable	layered	ONS 15216 / 15200 DWDM passives	(none)	ONS 15216 filters, OADM, mux/demux and DCU		sku ^15216(?!-GBIC)							
15216-LC-SC-10=	Fiber patchcord - LC to SC - 6m	Network Convergence System 2000 Series	cable	layered	ONS 15216 / 15200 DWDM passives	(none)	ONS 15216 filters, OADM, mux/demux and DCU		sku ^15216(?!-GBIC)							
15216-LC-SC-20=	Fiber patchcord - LC to SC - 8m	Network Convergence System 2000 Series	cable	layered	ONS 15216 / 15200 DWDM passives	(none)	ONS 15216 filters, OADM, mux/demux and DCU		sku ^15216(?!-GBIC)							
15216-LC-SC-5=	Fiber patchcord - LC to SC - 4m	Network Convergence System 2000 Series	cable	layered	ONS 15216 / 15200 DWDM passives	(none)	ONS 15216 filters, OADM, mux/demux and DCU		sku ^15216(?!-GBIC)							
15216-MD-40-EVEN	ONS 15216 40ch Mux Demux Patch Panel Even	ONS 15200 Series DWDM Systems	mux	layered	ONS 15216 / 15200 DWDM passives	(none)	ONS 15216 filters, OADM, mux/demux and DCU		sku ^15216(?!-GBIC)							
15216-MD-40-EVEN=	ONS 15216 40ch Mux Demux Patch Panel Even	ONS 15200 Series DWDM Systems	mux	layered	ONS 15216 / 15200 DWDM passives	(none)	ONS 15216 filters, OADM, mux/demux and DCU		sku ^15216(?!-GBIC)							
15216-MD-40-ODD	ONS 15216 40ch Mux Demux Patch Panel Odd	ONS 15200 Series DWDM Systems	mux	layered	ONS 15216 / 15200 DWDM passives	(none)	ONS 15216 filters, OADM, mux/demux and DCU		sku ^15216(?!-GBIC)							
15216-MD-40-ODD=	ONS 15216 40ch Mux Demux Patch Panel Odd	ONS 15454 Series Multiservice Transport Platforms	mux	layered	ONS 15216 / 15200 DWDM passives	(none)	ONS 15216 filters, OADM, mux/demux and DCU		sku ^15216(?!-GBIC)							
15216-MD-48-CM=	Cisco ONS 15216 48-Channel 50-GHz De-Interleaver with Coupler	ONS 15200 Series DWDM Systems	mux	layered	ONS 15216 / 15200 DWDM passives	(none)	ONS 15216 filters, OADM, mux/demux and DCU		sku ^15216(?!-GBIC)							
15216-MD-48-CME=	Cisco 15216-MD-48-CME=	ONS 15200 Series DWDM Systems	mux	layered	ONS 15216 / 15200 DWDM passives	(none)	ONS 15216 filters, OADM, mux/demux and DCU		sku ^15216(?!-GBIC)							
15216-MD-48-EVEN	Cisco 15216-MD-48-EVEN	ONS 15200 Series DWDM Systems	mux	layered	ONS 15216 / 15200 DWDM passives	(none)	ONS 15216 filters, OADM, mux/demux and DCU		sku ^15216(?!-GBIC)							
15216-MD-48-ODD	Cisco 15216-MD-48-ODD	ONS 15200 Series DWDM Systems	mux	layered	ONS 15216 / 15200 DWDM passives	(none)	ONS 15216 filters, OADM, mux/demux and DCU		sku ^15216(?!-GBIC)							
15216-MD-ID-50=	Mux/Demux Plugin Interleaver Module	ONS 15200 Series DWDM Systems	mux	layered	ONS 15216 / 15200 DWDM passives	(none)	ONS 15216 filters, OADM, mux/demux and DCU		sku ^15216(?!-GBIC)							
15216-MD-ODD-LIC	Mux demux patch panel 100GHZ ODD License restricted	ONS 15200 Series DWDM Systems	mux	layered	ONS 15216 / 15200 DWDM passives	(none)	ONS 15216 filters, OADM, mux/demux and DCU		sku ^15216(?!-GBIC)							
15216-MD-ODD-LIC=	Mux demux patch panel 100GHZ ODD 10ch License restricted	ONS 15200 Series DWDM Systems	mux	layered	ONS 15216 / 15200 DWDM passives	(none)	ONS 15216 filters, OADM, mux/demux and DCU		sku ^15216(?!-GBIC)							
15216-MD16-2-BLUE=	ITU 100-GHz 16x16 Blue multiplexer/demultiplexer	ONS 15200 Series DWDM Systems	mux	layered	ONS 15216 / 15200 DWDM passives	(none)	ONS 15216 filters, OADM, mux/demux and DCU		sku ^15216(?!-GBIC)							
15216-MD16-2-RED=	ITU 100-GHz 16x16 Red multiplexer/demultiplexer	ONS 15200 Series DWDM Systems	mux	layered	ONS 15216 / 15200 DWDM passives	(none)	ONS 15216 filters, OADM, mux/demux and DCU		sku ^15216(?!-GBIC)							
15216-MD9-2-BLUE	ITU-200 GHz 9x9 Blue Mux/Demux	ONS 15200 Series DWDM Systems	mux	layered	ONS 15216 / 15200 DWDM passives	(none)	ONS 15216 filters, OADM, mux/demux and DCU		sku ^15216(?!-GBIC)							
15216-MD9-2-BLUE=	ITU-200 GHz 9x9 Blue Mux/Demux	ONS 15200 Series DWDM Systems	mux	layered	ONS 15216 / 15200 DWDM passives	(none)	ONS 15216 filters, OADM, mux/demux and DCU		sku ^15216(?!-GBIC)							
15216-MD9-2-RED	ITU-200 GHz 9x9 Red Mux/Demux	ONS 15200 Series DWDM Systems	mux	layered	ONS 15216 / 15200 DWDM passives	(none)	ONS 15216 filters, OADM, mux/demux and DCU		sku ^15216(?!-GBIC)							
15216-MD9-2-RED=	ITU-200 GHz 9x9 Red Mux/Demux	ONS 15200 Series DWDM Systems	mux	layered	ONS 15216 / 15200 DWDM passives	(none)	ONS 15216 filters, OADM, mux/demux and DCU		sku ^15216(?!-GBIC)							
15216-OADM1-21	ITU-200 GHz 1-channel, 2 path OADM ch. 1560.01nm	ONS 15200 Series DWDM Systems	mux	layered	ONS 15216 / 15200 DWDM passives	(none)	ONS 15216 filters, OADM, mux/demux and DCU		sku ^15216(?!-GBIC)							
15216-OADM1-21=	ITU-200 GHz 1-channel, 2 path OADM ch. 1560.01nm	ONS 15200 Series DWDM Systems	mux	layered	ONS 15216 / 15200 DWDM passives	(none)	ONS 15216 filters, OADM, mux/demux and DCU		sku ^15216(?!-GBIC)							
15216-OADM1-23	ITU-200 GHz 1-channel, 2 path OADM ch. 1558.98nm	ONS 15200 Series DWDM Systems	mux	layered	ONS 15216 / 15200 DWDM passives	(none)	ONS 15216 filters, OADM, mux/demux and DCU		sku ^15216(?!-GBIC)							
15216-OADM1-23=	ITU-200 GHz 1-channel, 2 path OADM ch. 1558.98nm	ONS 15200 Series DWDM Systems	mux	layered	ONS 15216 / 15200 DWDM passives	(none)	ONS 15216 filters, OADM, mux/demux and DCU		sku ^15216(?!-GBIC)							
15216-OADM1-25	ITU-200 GHz 1-channel, 2 path OADM ch. 1557.36nm	ONS 15200 Series DWDM Systems	mux	layered	ONS 15216 / 15200 DWDM passives	(none)	ONS 15216 filters, OADM, mux/demux and DCU		sku ^15216(?!-GBIC)							
15216-OADM1-25=	ITU-200 GHz 1-channel, 2 path OADM ch. 1557.36nm	ONS 15200 Series DWDM Systems	mux	layered	ONS 15216 / 15200 DWDM passives	(none)	ONS 15216 filters, OADM, mux/demux and DCU		sku ^15216(?!-GBIC)							
15216-OADM1-27	ITU-200 GHz 1-channel, 2 path OADM ch. 1555.75nm	ONS 15200 Series DWDM Systems	mux	layered	ONS 15216 / 15200 DWDM passives	(none)	ONS 15216 filters, OADM, mux/demux and DCU		sku ^15216(?!-GBIC)							
15216-OADM1-27=	ITU-200 GHz 1-channel, 2 path OADM ch. 1555.75nm	ONS 15200 Series DWDM Systems	mux	layered	ONS 15216 / 15200 DWDM passives	(none)	ONS 15216 filters, OADM, mux/demux and DCU		sku ^15216(?!-GBIC)							
15216-OADM1-29	ITU-200 GHz 1-channel, 2 path OADM ch. 1554.13nm	ONS 15200 Series DWDM Systems	mux	layered	ONS 15216 / 15200 DWDM passives	(none)	ONS 15216 filters, OADM, mux/demux and DCU		sku ^15216(?!-GBIC)							
15216-OADM1-29=	ITU-200 GHz 1-channel, 2 path OADM ch. 1554.13nm	ONS 15200 Series DWDM Systems	mux	layered	ONS 15216 / 15200 DWDM passives	(none)	ONS 15216 filters, OADM, mux/demux and DCU		sku ^15216(?!-GBIC)							
15216-OADM1-31	ITU-200 GHz 1-channel, 2 path OADM ch. 1552.52nm	ONS 15200 Series DWDM Systems	mux	layered	ONS 15216 / 15200 DWDM passives	(none)	ONS 15216 filters, OADM, mux/demux and DCU		sku ^15216(?!-GBIC)							
15216-OADM1-31=	ITU-200 GHz 1-channel, 2 path OADM ch. 1552.52nm	ONS 15200 Series DWDM Systems	mux	layered	ONS 15216 / 15200 DWDM passives	(none)	ONS 15216 filters, OADM, mux/demux and DCU		sku ^15216(?!-GBIC)							
15216-OADM1-33	ITU-200 GHz 1-channel, 2 path OADM ch. 1550.92nm	ONS 15200 Series DWDM Systems	mux	layered	ONS 15216 / 15200 DWDM passives	(none)	ONS 15216 filters, OADM, mux/demux and DCU		sku ^15216(?!-GBIC)							
15216-OADM1-33=	ITU-200 GHz 1-channel, 2 path OADM ch. 1550.92nm	ONS 15200 Series DWDM Systems	mux	layered	ONS 15216 / 15200 DWDM passives	(none)	ONS 15216 filters, OADM, mux/demux and DCU		sku ^15216(?!-GBIC)							
15216-OADM1-35	ITU-200 GHz 1-channel, 2 path OADM ch. 1549.32nm	ONS 15200 Series DWDM Systems	mux	layered	ONS 15216 / 15200 DWDM passives	(none)	ONS 15216 filters, OADM, mux/demux and DCU		sku ^15216(?!-GBIC)							
15216-OADM1-35=	ITU-200 GHz 1-channel, 2 path OADM ch. 1549.32nm	ONS 15200 Series DWDM Systems	mux	layered	ONS 15216 / 15200 DWDM passives	(none)	ONS 15216 filters, OADM, mux/demux and DCU		sku ^15216(?!-GBIC)							
15216-OADM1-37	ITU-200 GHz 1-channel, 2 path OADM ch. 1547.72nm	ONS 15200 Series DWDM Systems	mux	layered	ONS 15216 / 15200 DWDM passives	(none)	ONS 15216 filters, OADM, mux/demux and DCU		sku ^15216(?!-GBIC)							
15216-OADM1-37=	ITU-200 GHz 1-channel, 2 path OADM ch. 1547.72nm	ONS 15200 Series DWDM Systems	mux	layered	ONS 15216 / 15200 DWDM passives	(none)	ONS 15216 filters, OADM, mux/demux and DCU		sku ^15216(?!-GBIC)							
15216-OADM1-43	ITU-200 GHz 1-channel, 2 path OADM ch. 1542.94nm	ONS 15200 Series DWDM Systems	mux	layered	ONS 15216 / 15200 DWDM passives	(none)	ONS 15216 filters, OADM, mux/demux and DCU		sku ^15216(?!-GBIC)							
15216-OADM1-43=	ITU-200 GHz 1-channel, 2 path OADM ch. 1542.94nm	ONS 15200 Series DWDM Systems	mux	layered	ONS 15216 / 15200 DWDM passives	(none)	ONS 15216 filters, OADM, mux/demux and DCU		sku ^15216(?!-GBIC)							
15216-OADM1-45	ITU-200 GHz 1-channel, 2 path OADM ch. 1541.35nm	ONS 15200 Series DWDM Systems	mux	layered	ONS 15216 / 15200 DWDM passives	(none)	ONS 15216 filters, OADM, mux/demux and DCU		sku ^15216(?!-GBIC)							
15216-OADM1-45=	ITU-200 GHz 1-channel, 2 path OADM ch. 1541.35nm	ONS 15200 Series DWDM Systems	mux	layered	ONS 15216 / 15200 DWDM passives	(none)	ONS 15216 filters, OADM, mux/demux and DCU		sku ^15216(?!-GBIC)							
15216-OADM1-47	ITU-200 GHz 1-channel, 2 path OADM ch. 1539.77nm	ONS 15200 Series DWDM Systems	mux	layered	ONS 15216 / 15200 DWDM passives	(none)	ONS 15216 filters, OADM, mux/demux and DCU		sku ^15216(?!-GBIC)							
15216-OADM1-47=	ITU-200 GHz 1-channel, 2 path OADM ch. 1539.77nm	ONS 15200 Series DWDM Systems	mux	layered	ONS 15216 / 15200 DWDM passives	(none)	ONS 15216 filters, OADM, mux/demux and DCU		sku ^15216(?!-GBIC)							
15216-OADM1-49	ITU-200 GHz 1-channel, 2 path OADM ch. 1538.19nm	ONS 15200 Series DWDM Systems	mux	layered	ONS 15216 / 15200 DWDM passives	(none)	ONS 15216 filters, OADM, mux/demux and DCU		sku ^15216(?!-GBIC)							
15216-OADM1-49=	ITU-200 GHz 1-channel, 2 path OADM ch. 1538.19nm	ONS 15200 Series DWDM Systems	mux	layered	ONS 15216 / 15200 DWDM passives	(none)	ONS 15216 filters, OADM, mux/demux and DCU		sku ^15216(?!-GBIC)							
15216-OADM1-51	ITU-200 GHz 1-channel, 2 path OADM ch. 1536.61nm	ONS 15200 Series DWDM Systems	mux	layered	ONS 15216 / 15200 DWDM passives	(none)	ONS 15216 filters, OADM, mux/demux and DCU		sku ^15216(?!-GBIC)							
15216-OADM1-51=	ITU-200 GHz 1-channel, 2 path OADM ch. 1536.61nm	ONS 15200 Series DWDM Systems	mux	layered	ONS 15216 / 15200 DWDM passives	(none)	ONS 15216 filters, OADM, mux/demux and DCU		sku ^15216(?!-GBIC)							
15216-OADM1-53	ITU-200 GHz 1-channel, 2 path OADM ch. 1535.04nm	ONS 15200 Series DWDM Systems	mux	layered	ONS 15216 / 15200 DWDM passives	(none)	ONS 15216 filters, OADM, mux/demux and DCU		sku ^15216(?!-GBIC)							
15216-OADM1-53=	ITU-200 GHz 1-channel, 2 path OADM ch. 1535.04nm	ONS 15200 Series DWDM Systems	mux	layered	ONS 15216 / 15200 DWDM passives	(none)	ONS 15216 filters, OADM, mux/demux and DCU		sku ^15216(?!-GBIC)							
15216-OADM1-55	ITU-200 GHz 1-channel, 2 path OADM ch. 1533.47nm	ONS 15200 Series DWDM Systems	mux	layered	ONS 15216 / 15200 DWDM passives	(none)	ONS 15216 filters, OADM, mux/demux and DCU		sku ^15216(?!-GBIC)							
15216-OADM1-55=	ITU-200 GHz 1-channel, 2 path OADM ch. 1533.47nm	ONS 15200 Series DWDM Systems	mux	layered	ONS 15216 / 15200 DWDM passives	(none)	ONS 15216 filters, OADM, mux/demux and DCU		sku ^15216(?!-GBIC)							
15216-OADM1-57	ITU-200 GHz 1-channel, 2 path OADM ch. 1531.90nm	ONS 15200 Series DWDM Systems	mux	layered	ONS 15216 / 15200 DWDM passives	(none)	ONS 15216 filters, OADM, mux/demux and DCU		sku ^15216(?!-GBIC)							
15216-OADM1-57=	ITU-200 GHz 1-channel, 2 path OADM ch. 1531.90nm	ONS 15200 Series DWDM Systems	mux	layered	ONS 15216 / 15200 DWDM passives	(none)	ONS 15216 filters, OADM, mux/demux and DCU		sku ^15216(?!-GBIC)							
15216-OADM1-59	ITU-200 GHz 1-channel, 2 path OADM ch. 1530.33nm	ONS 15200 Series DWDM Systems	mux	layered	ONS 15216 / 15200 DWDM passives	(none)	ONS 15216 filters, OADM, mux/demux and DCU		sku ^15216(?!-GBIC)							
15216-OADM1-59=	ITU-200 GHz 1-channel, 2 path OADM ch. 1530.33nm	ONS 15200 Series DWDM Systems	mux	layered	ONS 15216 / 15200 DWDM passives	(none)	ONS 15216 filters, OADM, mux/demux and DCU		sku ^15216(?!-GBIC)							
15216-OADM2-23-25	ITU-200 GHz 2-channel, 2 path OADM ch. 1558.98nm, 1557.36nm	ONS 15200 Series DWDM Systems	mux	layered	ONS 15216 / 15200 DWDM passives	(none)	ONS 15216 filters, OADM, mux/demux and DCU		sku ^15216(?!-GBIC)							
15216-OADM2-23-25=	ITU-200 GHz 2-channel, 2 path OADM ch. 1558.98nm, 1557.36nm	ONS 15200 Series DWDM Systems	mux	layered	ONS 15216 / 15200 DWDM passives	(none)	ONS 15216 filters, OADM, mux/demux and DCU		sku ^15216(?!-GBIC)							
15216-OADM2-27-29	ITU-200 GHz 2-channel, 2 path OADM ch. 1555.75nm, 1554.13nm	ONS 15200 Series DWDM Systems	mux	layered	ONS 15216 / 15200 DWDM passives	(none)	ONS 15216 filters, OADM, mux/demux and DCU		sku ^15216(?!-GBIC)							
15216-OADM2-27-29=	ITU-200 GHz 2-channel, 2 path OADM ch. 1555.75nm, 1554.13nm	ONS 15200 Series DWDM Systems	mux	layered	ONS 15216 / 15200 DWDM passives	(none)	ONS 15216 filters, OADM, mux/demux and DCU		sku ^15216(?!-GBIC)							
15216-OADM2-31-33	ITU-200 GHz 2-channel, 2 path OADM ch. 1552.52nm, 1550.92nm	ONS 15200 Series DWDM Systems	mux	layered	ONS 15216 / 15200 DWDM passives	(none)	ONS 15216 filters, OADM, mux/demux and DCU		sku ^15216(?!-GBIC)							
15216-OADM2-31-33=	ITU-200 GHz 2-channel, 2 path OADM ch. 1552.52nm, 1550.92nm	ONS 15200 Series DWDM Systems	mux	layered	ONS 15216 / 15200 DWDM passives	(none)	ONS 15216 filters, OADM, mux/demux and DCU		sku ^15216(?!-GBIC)							
15216-OADM2-35-37	ITU-200 GHz 2-channel, 2 path OADM ch. 1549.32nm, 1547.72nm	ONS 15200 Series DWDM Systems	mux	layered	ONS 15216 / 15200 DWDM passives	(none)	ONS 15216 filters, OADM, mux/demux and DCU		sku ^15216(?!-GBIC)							
15216-OADM2-35-37=	ITU-200 GHz 2-channel, 2 path OADM ch. 1549.32nm, 1547.72nm	ONS 15200 Series DWDM Systems	mux	layered	ONS 15216 / 15200 DWDM passives	(none)	ONS 15216 filters, OADM, mux/demux and DCU		sku ^15216(?!-GBIC)							
15216-OADM2-43-45	ITU-200 GHz 2-channel, 2 path OADM ch. 1542.94nm, 1541.35nm	ONS 15200 Series DWDM Systems	mux	layered	ONS 15216 / 15200 DWDM passives	(none)	ONS 15216 filters, OADM, mux/demux and DCU		sku ^15216(?!-GBIC)							
15216-OADM2-43-45=	ITU-200 GHz 2-channel, 2 path OADM ch. 1542.94nm, 1541.35nm	ONS 15200 Series DWDM Systems	mux	layered	ONS 15216 / 15200 DWDM passives	(none)	ONS 15216 filters, OADM, mux/demux and DCU		sku ^15216(?!-GBIC)							
15216-OADM2-47-49	ITU-200 GHz 2-channel, 2 path OADM ch. 1539.77nm, 1538.19nm	ONS 15200 Series DWDM Systems	mux	layered	ONS 15216 / 15200 DWDM passives	(none)	ONS 15216 filters, OADM, mux/demux and DCU		sku ^15216(?!-GBIC)							
15216-OADM2-47-49=	ITU-200 GHz 2-channel, 2 path OADM ch. 1539.77nm, 1538.19nm	ONS 15200 Series DWDM Systems	mux	layered	ONS 15216 / 15200 DWDM passives	(none)	ONS 15216 filters, OADM, mux/demux and DCU		sku ^15216(?!-GBIC)							
15216-OADM2-51-53	ITU-200 GHz 2-channel, 2 path OADM ch. 1536.61nm, 1535.04nm	ONS 15200 Series DWDM Systems	mux	layered	ONS 15216 / 15200 DWDM passives	(none)	ONS 15216 filters, OADM, mux/demux and DCU		sku ^15216(?!-GBIC)							
15216-OADM2-51-53=	ITU-200 GHz 2-channel, 2 path OADM ch. 1536.61nm, 1535.04nm	ONS 15200 Series DWDM Systems	mux	layered	ONS 15216 / 15200 DWDM passives	(none)	ONS 15216 filters, OADM, mux/demux and DCU		sku ^15216(?!-GBIC)							
15216-OADM2-55-57	ITU-200 GHz 2-channel, 2 path OADM ch. 1533.47nm, 1531.90nm	ONS 15200 Series DWDM Systems	mux	layered	ONS 15216 / 15200 DWDM passives	(none)	ONS 15216 filters, OADM, mux/demux and DCU		sku ^15216(?!-GBIC)							
15216-OADM2-55-57=	ITU-200 GHz 2-channel, 2 path OADM ch. 1533.47nm, 1531.90nm	ONS 15200 Series DWDM Systems	mux	layered	ONS 15216 / 15200 DWDM passives	(none)	ONS 15216 filters, OADM, mux/demux and DCU		sku ^15216(?!-GBIC)							
15216-OPM=	Cisco ONS 15216 Optical Performance Manager Unit	ONS 15200 Series DWDM Systems	controller	layered	ONS 15216 / 15200 DWDM passives	(none)	ONS 15216 filters, OADM, mux/demux and DCU		sku ^15216(?!-GBIC)							
15216-OSC-2950	ATO OSC Product	ONS 15200 Series DWDM Systems	linecard	layered	ONS 15216 / 15200 DWDM passives	(none)	ONS 15216 filters, OADM, mux/demux and DCU		sku ^15216(?!-GBIC)							
15216-OSC-PTP=	Cisco 15216-OSC-PTP=	Network Convergence System 2000 Series	linecard	layered	ONS 15216 / 15200 DWDM passives	(none)	ONS 15216 filters, OADM, mux/demux and DCU		sku ^15216(?!-GBIC)							
15216-SC-4B=	Band Combiner	ONS 15200 Series DWDM Systems	mux	layered	ONS 15216 / 15200 DWDM passives	(none)	ONS 15216 filters, OADM, mux/demux and DCU		sku ^15216(?!-GBIC)							
15216-SC-CL=	C+L-Band Splitter/Combiner Module	ONS 15200 Series DWDM Systems	mux	layered	ONS 15216 / 15200 DWDM passives	(none)	ONS 15216 filters, OADM, mux/demux and DCU		sku ^15216(?!-GBIC)							
15216-V-4=	4 Channel VOA FlexMod	ONS 15200 Series DWDM Systems	mux	layered	ONS 15216 / 15200 DWDM passives	(none)	ONS 15216 filters, OADM, mux/demux and DCU		sku ^15216(?!-GBIC)							
15252-N3/UPGRADE=	Upgrade kit from MCU with Plenum to MCU FAN	ONS 15200 Series DWDM Systems	mechanical	layered	ONS 15216 / 15200 DWDM passives	(none)	ONS 15200 (15201 / 15252) CLIP and NAM modules		sku 15252							
15454-10DME-C=	8-port EFEC data muxponder card, 8 SFP-based client interfaces, full C-band tunable on 50-GHz ITU wavelengths, DWDM line with LC connectors	ONS 15454 Series Multiservice Transport Platforms	transponder	layered	ONS 15454 MSTP and NCS 2000	(none)	ONS 15454 MSTP (M2 / M6 / M12 shelves and cards)		sku ^15454							
15454-10DME-L=	8-port EFEC data muxponder card, 8 SFP-based client interfaces, full L-band tunable on 50-GHz ITU wavelengths, DWDM line with LC connectors	ONS 15454 Series Multiservice Transport Platforms	transponder	layered	ONS 15454 MSTP and NCS 2000	(none)	ONS 15454 MSTP (M2 / M6 / M12 shelves and cards)		sku ^15454							
15454-10DMEX-C++=	15454 Extd Perf 10Gbps DataMxp EFEC Full C-Band Tunable, TAA	ONS 15454 Series Multiservice Transport Platforms	transponder	layered	ONS 15454 MSTP and NCS 2000	(none)	ONS 15454 MSTP (M2 / M6 / M12 shelves and cards)		sku ^15454							
15454-10DMEX-C=	15454 Extd Perf 10Gbps Data Mxp EFEC Full C-Band Tunable	ONS 15454 Series Multiservice Transport Platforms	transponder	layered	ONS 15454 MSTP and NCS 2000	(none)	ONS 15454 MSTP (M2 / M6 / M12 shelves and cards)		sku ^15454							
15454-10E-L1-C++=	15454 10G Multi-Rate Transpondr-EFEC-Full C-Band Tunable, TA	ONS 15454 Series Multiservice Transport Platforms	transponder	layered	ONS 15454 MSTP and NCS 2000	(none)	ONS 15454 MSTP (M2 / M6 / M12 shelves and cards)		sku ^15454							
15454-10E-L1-C=	15454 10G Multi-Rate Transponder- EFEC- Full C-Band Tunable	ONS 15454 Series Multiservice Transport Platforms	transponder	layered	ONS 15454 MSTP and NCS 2000	(none)	ONS 15454 MSTP (M2 / M6 / M12 shelves and cards)		sku ^15454							
15454-10EX-L1-C=	Extended performance 10-Gbps E-FEC multirate transponder card, 1x XFP-based client interface, full C-band tunable on 50-GHz ITU wavelengths (odd and even), DWDM line with LC connectors	ONS 15454 Series Multiservice Transport Platforms	transponder	layered	ONS 15454 MSTP and NCS 2000	(none)	ONS 15454 MSTP (M2 / M6 / M12 shelves and cards)		sku ^15454							
15454-10GE-XP++=	Ethernet 4-10GE Crossponder, TAA	ONS 15454 Series Multiservice Transport Platforms	transponder	layered	ONS 15454 MSTP and NCS 2000	(none)	ONS 15454 MSTP (M2 / M6 / M12 shelves and cards)		sku ^15454							
15454-10GE-XP=	Ethernet 4-10 Gigabit Ethernet XPonder	ONS 15454 Series Multiservice Transport Platforms	transponder	layered	ONS 15454 MSTP and NCS 2000	(none)	ONS 15454 MSTP (M2 / M6 / M12 shelves and cards)		sku ^15454							
15454-10GE-XPE++=	4x10GE Enhanced Crossponder, TAA	ONS 15454 Series Multiservice Transport Platforms	transponder	layered	ONS 15454 MSTP and NCS 2000	(none)	ONS 15454 MSTP (M2 / M6 / M12 shelves and cards)		sku ^15454							
15454-10GE-XPE=	4x10GE Enhanced Crossponder	ONS 15454 Series Multiservice Transport Platforms	transponder	layered	ONS 15454 MSTP and NCS 2000	(none)	ONS 15454 MSTP (M2 / M6 / M12 shelves and cards)		sku ^15454							
15454-10GEXPE-LLP3	BUNDLE 15454 10GE XPE AND 3YRSNTNBD IF SKU BOUGHT	ONS 15454 Series Multiservice Transport Platforms	linecard	layered	ONS 15454 MSTP and NCS 2000	(none)	ONS 15454 MSTP (M2 / M6 / M12 shelves and cards)		sku ^15454							
15454-10GEXPE-LLP5	BUNDLE 15454 10GE XPE AND 5YRSNTNBD IF SKU BOUGHT	ONS 15454 Series Multiservice Transport Platforms	linecard	layered	ONS 15454 MSTP and NCS 2000	(none)	ONS 15454 MSTP (M2 / M6 / M12 shelves and cards)		sku ^15454							
15454-10ME-L1-C=	15454 4x2.5Gbps-10Gbps MuxPonder- EFEC- Full C-Band Tunable	ONS 15454 Series Multiservice Transport Platforms	transponder	layered	ONS 15454 MSTP and NCS 2000	(none)	ONS 15454 MSTP (M2 / M6 / M12 shelves and cards)		sku ^15454							
15454-10MEX-L1-C=	15454 Extd Perf 4x2.5Gbps-10Gbps Mxp EFEC C-Band Tunable	ONS 15454 Series Multiservice Transport Platforms	transponder	layered	ONS 15454 MSTP and NCS 2000	(none)	ONS 15454 MSTP (M2 / M6 / M12 shelves and cards)		sku ^15454							
15454-24MPO-MPO-2=	24-Fiber patchcord - MPO to MPO - 2m	Network Convergence System 2000 Series	cable	layered	ONS 15454 MSTP and NCS 2000	(none)	ONS 15454 MSTP (M2 / M6 / M12 shelves and cards)		sku ^15454							
15454-24MPO-MPO-4=	24-Fiber patchcord - MPO to MPO - 4m	Network Convergence System 2000 Series	cable	layered	ONS 15454 MSTP and NCS 2000	(none)	ONS 15454 MSTP (M2 / M6 / M12 shelves and cards)		sku ^15454							
15454-24MPO-MPO-6=	24-Fiber patchcord - MPO to MPO - 6m	Network Convergence System 2000 Series	cable	layered	ONS 15454 MSTP and NCS 2000	(none)	ONS 15454 MSTP (M2 / M6 / M12 shelves and cards)		sku ^15454							
15454-24MPO-MPO-8=	24-Fiber patchcord - MPO to MPO - 8m	Network Convergence System 2000 Series	cable	layered	ONS 15454 MSTP and NCS 2000	(none)	ONS 15454 MSTP (M2 / M6 / M12 shelves and cards)		sku ^15454							
15454-32-DMX-L=	32-Channel Demultiplexer 100 GHz (for use with 32-WSS), L-band, MPO connectors for drop path, LC connectors for interconnection, includes one 2-m LC/LC fiber-optic cables	ONS 15454 Series Multiservice Transport Platforms	mux	layered	ONS 15454 MSTP and NCS 2000	(none)	ONS 15454 MSTP (M2 / M6 / M12 shelves and cards)		sku ^15454							
15454-32-DMX=	32-Channel Demultiplexer 100 GHz (for use with 32-WSS), C-band, MPO connectors for drop path, LC connectors for interconnection, includes one 2-m LC/LC fiber-optic cables	ONS 15454 Series Multiservice Transport Platforms	mux	layered	ONS 15454 MSTP and NCS 2000	(none)	ONS 15454 MSTP (M2 / M6 / M12 shelves and cards)		sku ^15454							
15454-32-WSS-L=	32-Channel Wavelength Selective Switch, L-band, MPO connectors for add path, LC connectors for interconnection, includes two 2-m LC/LC fiber-optic cables	ONS 15454 Series Multiservice Transport Platforms	roadm	layered	ONS 15454 MSTP and NCS 2000	(none)	ONS 15454 MSTP (M2 / M6 / M12 shelves and cards)		sku ^15454							
15454-32-WSS=	32-Channel Wavelength Selective Switch, C-band, MPO connectors for add path, LC connectors for interconnection, includes two 2-m LC/LC fiber-optic cables	ONS 15454 Series Multiservice Transport Platforms	roadm	layered	ONS 15454 MSTP and NCS 2000	(none)	ONS 15454 MSTP (M2 / M6 / M12 shelves and cards)		sku ^15454							
15454-32DMX-O=	32-channel demultiplexer card, C-band, 100-GHz, MPO connectors for drop path, LC connectors for interconnection, includes one 2-m LC/LC fiber-optic cables	WDM Transmission Modules	mux	layered	ONS 15454 MSTP and NCS 2000	(none)	ONS 15454 MSTP (M2 / M6 / M12 shelves and cards)		sku ^15454							
15454-32MUX-O=	32-channel multiplexer card, C-band, 100-GHz, MPO connectors for add path, LC connector for interconnection	WDM Transmission Modules	mux	layered	ONS 15454 MSTP and NCS 2000	(none)	ONS 15454 MSTP (M2 / M6 / M12 shelves and cards)		sku ^15454							
15454-3SA-CXNONE	3 Shelves , 3 FTA3,1 BNC-B48 and 1 A blank for 7 foot bay	ONS 15200 Series DWDM Systems	chassis	layered	ONS 15454 MSTP and NCS 2000	(none)	ONS 15454 MSTP (M2 / M6 / M12 shelves and cards)		sku ^15454							
15454-3SA11-CXNONE	3 Shelves , 3 FTA3,1 BNC-B48 and 1 A blank for 11 foot bay	ONS 15200 Series DWDM Systems	chassis	layered	ONS 15454 MSTP and NCS 2000	(none)	ONS 15454 MSTP (M2 / M6 / M12 shelves and cards)		sku ^15454							
15454-3SA9-CXNONE	3 Shelves , 3 FTA3,1 BNC-B48 and 1 A blank for 9 foot bay	ONS 15200 Series DWDM Systems	chassis	layered	ONS 15454 MSTP and NCS 2000	(none)	ONS 15454 MSTP (M2 / M6 / M12 shelves and cards)		sku ^15454							
15454-40-DMX-C++=	40Chs Demultiplexer - C-band - Odd, TAA	ONS 15454 Series Multiservice Transport Platforms	mux	layered	ONS 15454 MSTP and NCS 2000	(none)	ONS 15454 MSTP (M2 / M6 / M12 shelves and cards)		sku ^15454							
15454-40-DMX-C=	40Chs Demultiplexer - C-band - Odd	ONS 15454 Series Multiservice Transport Platforms	mux	layered	ONS 15454 MSTP and NCS 2000	(none)	ONS 15454 MSTP (M2 / M6 / M12 shelves and cards)		sku ^15454							
15454-40-DMX-CE=	40Chs Demultiplexer - C-band - Even	ONS 15454 Series Multiservice Transport Platforms	mux	layered	ONS 15454 MSTP and NCS 2000	(none)	ONS 15454 MSTP (M2 / M6 / M12 shelves and cards)		sku ^15454							
15454-40-MUX-C++=	40Chs Multiplexer - C-band - Odd, TAA	ONS 15454 Series Multiservice Transport Platforms	mux	layered	ONS 15454 MSTP and NCS 2000	(none)	ONS 15454 MSTP (M2 / M6 / M12 shelves and cards)		sku ^15454							
15454-40-MUX-C=	40Chs Multiplexer - C-band - Odd	ONS 15454 Series Multiservice Transport Platforms	mux	layered	ONS 15454 MSTP and NCS 2000	(none)	ONS 15454 MSTP (M2 / M6 / M12 shelves and cards)		sku ^15454							
15454-40-SMR1-C	40Chs Single Module ROADM with integrated Optical PRE Amplif	Network Convergence System 2000 Series	roadm	layered	ONS 15454 MSTP and NCS 2000	(none)	ONS 15454 MSTP (M2 / M6 / M12 shelves and cards)		sku ^15454							
15454-40-SMR1-C=	40Chs Single Module ROADM with integrated Optical PRE Amplif, includes one 2m LC/LC fiber-optic cable and one LC/LC LOOPBACK	Network Convergence System 2000 Series	roadm	layered	ONS 15454 MSTP and NCS 2000	(none)	ONS 15454 MSTP (M2 / M6 / M12 shelves and cards)		sku ^15454							
15454-40-SMR2-C++=	40Ch SMROADM w integrated Optical PRE, Boost Amplifier,TAA	Network Convergence System 2000 Series	roadm	layered	ONS 15454 MSTP and NCS 2000	(none)	ONS 15454 MSTP (M2 / M6 / M12 shelves and cards)		sku ^15454							
15454-40-SMR2-C=	40Chs Single Module ROADM with integrated Optical PRE, Boos, includes one LC/LC LOOPBACK	Network Convergence System 2000 Series	roadm	layered	ONS 15454 MSTP and NCS 2000	(none)	ONS 15454 MSTP (M2 / M6 / M12 shelves and cards)		sku ^15454							
15454-40-WSS-C=	40Chs Wavelength Selective Switch - C-band - Odd	ONS 15454 Series Multiservice Transport Platforms	roadm	layered	ONS 15454 MSTP and NCS 2000	(none)	ONS 15454 MSTP (M2 / M6 / M12 shelves and cards)		sku ^15454							
15454-40-WSS-CE=	40Chs Wavelength Selective Switch - C-band - Even	ONS 15454 Series Multiservice Transport Platforms	roadm	layered	ONS 15454 MSTP and NCS 2000	(none)	ONS 15454 MSTP (M2 / M6 / M12 shelves and cards)		sku ^15454							
15454-40-WXC-C++=	40Chs Broadcast Wavelength Cross-Connect - C-band- Odd, TA	ONS 15454 Series Multiservice Transport Platforms	roadm	layered	ONS 15454 MSTP and NCS 2000	(none)	ONS 15454 MSTP (M2 / M6 / M12 shelves and cards)		sku ^15454							
15454-40-WXC-C=	40Chs Broadcast Wavelength Cross-Connect - C-band- Odd	ONS 15454 Series Multiservice Transport Platforms	roadm	layered	ONS 15454 MSTP and NCS 2000	(none)	ONS 15454 MSTP (M2 / M6 / M12 shelves and cards)		sku ^15454							
15454-40E-MXP-C=	4x10GE/OC192/STM64/OTU2Muxponder CP-DQPSK Extd Performance	ONS 15454 Series Multiservice Transport Platforms	transponder	layered	ONS 15454 MSTP and NCS 2000	(none)	ONS 15454 MSTP (M2 / M6 / M12 shelves and cards)		sku ^15454							
15454-40E-TXP-C=	OC-768/STM-256/40 GE Transponder CP-DQPSK Extended Performance	ONS 15454 Series Multiservice Transport Platforms	transponder	layered	ONS 15454 MSTP and NCS 2000	(none)	ONS 15454 MSTP (M2 / M6 / M12 shelves and cards)		sku ^15454							
15454-40EX-MXP-C	4x10GE/OC192/STM64/OTU2Muxponder CP-DQPSK Extd Performance	ONS 15454 Series Multiservice Transport Platforms	transponder	layered	ONS 15454 MSTP and NCS 2000	(none)	ONS 15454 MSTP (M2 / M6 / M12 shelves and cards)		sku ^15454							
15454-40EX-MXP-C=	4x10GE/OC192/STM64/OTU2Muxponder CP-DQPSK Extd Performance	ONS 15454 Series Multiservice Transport Platforms	transponder	layered	ONS 15454 MSTP and NCS 2000	(none)	ONS 15454 MSTP (M2 / M6 / M12 shelves and cards)		sku ^15454							
15454-40EX-TXP-C=	OC-768/STM-256/40 GE Transponder CP-DQPSK Extended Performance	ONS 15454 Series Multiservice Transport Platforms	transponder	layered	ONS 15454 MSTP and NCS 2000	(none)	ONS 15454 MSTP (M2 / M6 / M12 shelves and cards)		sku ^15454							
15454-40ME-MXP-C=	4x10GE/OC192/STM64/OTU2Muxponder CP-DQPSK Metro Edge Perf	ONS 15454 Series Multiservice Transport Platforms	transponder	layered	ONS 15454 MSTP and NCS 2000	(none)	ONS 15454 MSTP (M2 / M6 / M12 shelves and cards)		sku ^15454							
15454-40ME-TXP-C=	OC-768/STM-256/40 GE Transponder CP-DQPSK Metro Edge Performance	ONS 15454 Series Multiservice Transport Platforms	transponder	layered	ONS 15454 MSTP and NCS 2000	(none)	ONS 15454 MSTP (M2 / M6 / M12 shelves and cards)		sku ^15454							
15454-40SMR2-LLP3	BUNDLE 15454 40 SMR2 C AND 3YRSNTNBD IF SKU BOUGHT	Network Convergence System 2000 Series	roadm	layered	ONS 15454 MSTP and NCS 2000	(none)	ONS 15454 MSTP (M2 / M6 / M12 shelves and cards)		sku ^15454							
15454-40SMR2-LLP5	BUNDLE 15454 40 SMR2 C AND 5YRSNTNBD IF SKU BOUGHT	Network Convergence System 2000 Series	roadm	layered	ONS 15454 MSTP and NCS 2000	(none)	ONS 15454 MSTP (M2 / M6 / M12 shelves and cards)		sku ^15454							
15454-80-WXC-C++=	80ch Colorless Wavelength Cross Connect C band , TAA	ONS 15454 Series Multiservice Transport Platforms	roadm	layered	ONS 15454 MSTP and NCS 2000	(none)	ONS 15454 MSTP (M2 / M6 / M12 shelves and cards)		sku ^15454							
15454-80-WXC-C=	80ch Colorless Wavelength Cross Connect C band	ONS 15454 Series Multiservice Transport Platforms	roadm	layered	ONS 15454 MSTP and NCS 2000	(none)	ONS 15454 MSTP (M2 / M6 / M12 shelves and cards)		sku ^15454							
15454-80ROADM-LLP3	BUNDLE 15454 80WXCC,15216MD40ODD AND 3YRSNTNBD IF SKU BOUGHT	ONS 15454 Series Multiservice Transport Platforms	linecard	layered	ONS 15454 MSTP and NCS 2000	(none)	ONS 15454 MSTP (M2 / M6 / M12 shelves and cards)		sku ^15454							
15454-80ROADM-LLP5	BUNDLE 15454 80WXCC,15216MD40ODD AND 5YRSNTNBD IF SKU BOUGHT	ONS 15454 Series Multiservice Transport Platforms	linecard	layered	ONS 15454 MSTP and NCS 2000	(none)	ONS 15454 MSTP (M2 / M6 / M12 shelves and cards)		sku ^15454							
15454-ADM-10G=	ADM on a Blade OC192 3/12/48/GE 16-Client	ONS 15454 Series Multiservice Transport Platforms	linecard	layered	ONS 15454 MSTP and NCS 2000	(none)	ONS 15454 MSTP (M2 / M6 / M12 shelves and cards)		sku ^15454							
15454-AR-MXP-LIC	ONS15454 Any-Rate Muxponder - SW License Upgradeable	ONS 15454 Series Multiservice Transport Platforms	transponder	layered	ONS 15454 MSTP and NCS 2000	(none)	ONS 15454 MSTP (M2 / M6 / M12 shelves and cards)		sku ^15454							
15454-AR-MXP-LIC=	ONS15454 Any-Rate Muxponder - License Upgradeable	ONS 15454 Series Multiservice Transport Platforms	transponder	layered	ONS 15454 MSTP and NCS 2000	(none)	ONS 15454 MSTP (M2 / M6 / M12 shelves and cards)		sku ^15454							
15454-AR-MXP=	ONS 15454 Any-Rate Muxponder	ONS 15454 Series Multiservice Transport Platforms	transponder	layered	ONS 15454 MSTP and NCS 2000	(none)	ONS 15454 MSTP (M2 / M6 / M12 shelves and cards)		sku ^15454							
15454-AR-XP-LIC	ONS15454 Any-Rate Xponder - SW License Upgradeable	ONS 15454 Series Multiservice Transport Platforms	transponder	layered	ONS 15454 MSTP and NCS 2000	(none)	ONS 15454 MSTP (M2 / M6 / M12 shelves and cards)		sku ^15454							
15454-AR-XP-LIC=	ONS15454 Any-Rate Xponder - SW License Upgradeable	ONS 15454 Series Multiservice Transport Platforms	transponder	layered	ONS 15454 MSTP and NCS 2000	(none)	ONS 15454 MSTP (M2 / M6 / M12 shelves and cards)		sku ^15454							
15454-AR-XP=	ONS 15454 Any-Rate Xponder	ONS 15454 Series Multiservice Transport Platforms	transponder	layered	ONS 15454 MSTP and NCS 2000	(none)	ONS 15454 MSTP (M2 / M6 / M12 shelves and cards)		sku ^15454							
15454-AR-XPE=	Cisco ONS 15454 Any Rate Enhanced Xponder Card	ONS 15454 Series Multiservice Transport Platforms	transponder	layered	ONS 15454 MSTP and NCS 2000	(none)	ONS 15454 MSTP (M2 / M6 / M12 shelves and cards)		sku ^15454							
15454-ARE-K9-SK	Kit - Contains WSE, SFP+ SR, XFP SR & AR-XP - LIC	ONS 15454 Series Multiservice Transport Platforms	linecard	layered	ONS 15454 MSTP and NCS 2000	(none)	ONS 15454 MSTP (M2 / M6 / M12 shelves and cards)		sku ^15454							
15454-ARE-L-K9-SK	Kit - Contains WSE-L, SFP+ SR, XFP SR & AR-MXP-LIC	ONS 15454 Series Multiservice Transport Platforms	linecard	layered	ONS 15454 MSTP and NCS 2000	(none)	ONS 15454 MSTP (M2 / M6 / M12 shelves and cards)		sku ^15454							
15454-BLANK=	Shelf slot-filler panel, fits any slot in Cisco ONS 15454 ANSI shelf assembly	Network Convergence System 2000 Series	mechanical	layered	ONS 15454 MSTP and NCS 2000	(none)	ONS 15454 MSTP (M2 / M6 / M12 shelves and cards)		sku ^15454							
15454-CONSOLE-02	Cable, console, Cisco ML-Series, RJ-11 plug to RJ-45 jack, 22 in. (55.9 cm) long, SONET (ANSI) system	Line cards	cable	layered	ONS 15454 MSTP and NCS 2000	(none)	ONS 15454 MSTP (M2 / M6 / M12 shelves and cards)		sku ^15454							
15454-DS3XM-12	DS3, Transmux, 12 Ckt, I-Temp	ONS 15454 Series Multiservice Transport Platforms	linecard	layered	ONS 15454 MSTP and NCS 2000	(none)	ONS 15454 MSTP (M2 / M6 / M12 shelves and cards)		sku ^15454							
15454-DS3XM-12++=	DS3, Transmux, 12 Ckt, I-Temp, TAA	ONS 15454 Series Multiservice Transport Platforms	linecard	layered	ONS 15454 MSTP and NCS 2000	(none)	ONS 15454 MSTP (M2 / M6 / M12 shelves and cards)		sku ^15454							
15454-DS3XM-12=	DS3, Transmux, 12 Ckt, I-Temp	ONS 15454 Series Multiservice Transport Platforms	linecard	layered	ONS 15454 MSTP and NCS 2000	(none)	ONS 15454 MSTP (M2 / M6 / M12 shelves and cards)		sku ^15454							
15454-GE-XP=	Ethernet 20-GE / 2-10GE Crossponder	ONS 15454 Series Multiservice Transport Platforms	transponder	layered	ONS 15454 MSTP and NCS 2000	(none)	ONS 15454 MSTP (M2 / M6 / M12 shelves and cards)		sku ^15454							
15454-GE-XPE++=	20 GBE ENHANCED CROSSPONDER, TAA	ONS 15454 Series Multiservice Transport Platforms	transponder	layered	ONS 15454 MSTP and NCS 2000	(none)	ONS 15454 MSTP (M2 / M6 / M12 shelves and cards)		sku ^15454							
15454-GE-XPE=	20 GBE ENHANCED CROSSPONDER	ONS 15454 Series Multiservice Transport Platforms	transponder	layered	ONS 15454 MSTP and NCS 2000	(none)	ONS 15454 MSTP (M2 / M6 / M12 shelves and cards)		sku ^15454							
15454-LC-LC-2=	Fiber patchcord - LC to LC - 2m	Network Convergence System 2000 Series	cable	layered	ONS 15454 MSTP and NCS 2000	(none)	ONS 15454 MSTP (M2 / M6 / M12 shelves and cards)		sku ^15454							
15454-M-100G-LC-C	100G OTU-4 ITU-T CP-DQPSK Full C Band Tuneable LC	Network Convergence System 2000 Series	transponder	layered	ONS 15454 MSTP and NCS 2000	(none)	ONS 15454 MSTP (M2 / M6 / M12 shelves and cards)		sku ^15454							
15454-M-100G-LC-C=	100G OTU-4 ITU-T CP-DQPSK Full C Band Tuneable LC	ONS 15454 Series Multiservice Transport Platforms	transponder	layered	ONS 15454 MSTP and NCS 2000	(none)	ONS 15454 MSTP (M2 / M6 / M12 shelves and cards)		sku ^15454							
15454-M-100G-ME-C	100G OTU-4 CP-DQPSK Full C Band Tuneable LC Metro Edge	Network Convergence System 2000 Series	transponder	layered	ONS 15454 MSTP and NCS 2000	(none)	ONS 15454 MSTP (M2 / M6 / M12 shelves and cards)		sku ^15454							
15454-M-100G-ME-C=	100G OTU-4 CP-DQPSK Full C Band Tuneable LC Metro Edge	ONS 15454 Series Multiservice Transport Platforms	transponder	layered	ONS 15454 MSTP and NCS 2000	(none)	ONS 15454 MSTP (M2 / M6 / M12 shelves and cards)		sku ^15454							
15454-M-100GC-LIC	100G OTU-4 ITU-T CP-DQPSK Full C Band Tuneable LC - Licensed	Network Convergence System 2000 Series	transponder	layered	ONS 15454 MSTP and NCS 2000	(none)	ONS 15454 MSTP (M2 / M6 / M12 shelves and cards)		sku ^15454							
15454-M-100GC-LIC=	100G OTU-4 ITU-T CP-DQPSK Full C Band Tuneable LC – Licensed	ONS 15454 Series Multiservice Transport Platforms	transponder	layered	ONS 15454 MSTP and NCS 2000	(none)	ONS 15454 MSTP (M2 / M6 / M12 shelves and cards)		sku ^15454							
15454-M-10X10-LIC=	10-Port 10 Gbps Multirate Client LC Licensed w/ 1 Licence at 10G	ONS 15454 Series Multiservice Transport Platforms	linecard	layered	ONS 15454 MSTP and NCS 2000	(none)	ONS 15454 MSTP (M2 / M6 / M12 shelves and cards)		sku ^15454							
15454-M-10X10G-LC	10-Port 10 Gbps Multirate Client Line Card	ONS 15454 Series Multiservice Transport Platforms	linecard	layered	ONS 15454 MSTP and NCS 2000	(none)	ONS 15454 MSTP (M2 / M6 / M12 shelves and cards)		sku ^15454							
15454-M-10X10G-LC=	10-Port 10 Gbps Multirate Client Line Card	ONS 15454 Series Multiservice Transport Platforms	linecard	layered	ONS 15454 MSTP and NCS 2000	(none)	ONS 15454 MSTP (M2 / M6 / M12 shelves and cards)		sku ^15454							
15454-M-120TMGCBL	BITS IN/OUT cable for ANSI	ONS 15454 Series Multiservice Transport Platforms	cable	layered	ONS 15454 MSTP and NCS 2000	(none)	ONS 15454 MSTP (M2 / M6 / M12 shelves and cards)		sku ^15454							
15454-M-120TMGCBL=	BITS IN/OUT cable for ANSI	Network Convergence System 2000 Series	cable	layered	ONS 15454 MSTP and NCS 2000	(none)	ONS 15454 MSTP (M2 / M6 / M12 shelves and cards)		sku ^15454							
15454-M-ACCBL2-L2=	AC2 power cable ANSI 220Vac left exit	Network Convergence System 2000 Series	cable	layered	ONS 15454 MSTP and NCS 2000	(none)	ONS 15454 MSTP (M2 / M6 / M12 shelves and cards)		sku ^15454							
15454-M-ACCBL2-L=	AC2 power cable ANSI 110Vac left exit	Network Convergence System 2000 Series	cable	layered	ONS 15454 MSTP and NCS 2000	(none)	ONS 15454 MSTP (M2 / M6 / M12 shelves and cards)		sku ^15454							
15454-M-ACCBL2-R2=	AC2 power cable ANSI 220Vac right exit	Network Convergence System 2000 Series	cable	layered	ONS 15454 MSTP and NCS 2000	(none)	ONS 15454 MSTP (M2 / M6 / M12 shelves and cards)		sku ^15454							
15454-M-ACCBL2-R=	AC2 power cable ANSI 110Vac right exit	Network Convergence System 2000 Series	cable	layered	ONS 15454 MSTP and NCS 2000	(none)	ONS 15454 MSTP (M2 / M6 / M12 shelves and cards)		sku ^15454							
15454-M-ALMCBL2=	SCSI Alarm cable limited to 8 inputs	Network Convergence System 2000 Series	cable	layered	ONS 15454 MSTP and NCS 2000	(none)	ONS 15454 MSTP (M2 / M6 / M12 shelves and cards)		sku ^15454							
15454-M-ALMCBL=	SCSI Alarm cable	Network Convergence System 2000 Series	cable	layered	ONS 15454 MSTP and NCS 2000	(none)	ONS 15454 MSTP (M2 / M6 / M12 shelves and cards)		sku ^15454							
15454-M-CBL-L-JPN	AC power cable - Japan left exit	Network Convergence System 5500 Series	cable	layered	ONS 15454 MSTP and NCS 2000	(none)	ONS 15454 MSTP (M2 / M6 / M12 shelves and cards)		sku ^15454							
15454-M-CBL-R-JPN	AC power cable - Japan right exit	Network Convergence System 5500 Series	cable	layered	ONS 15454 MSTP and NCS 2000	(none)	ONS 15454 MSTP (M2 / M6 / M12 shelves and cards)		sku ^15454							
15454-M-CBL2-L-EU=	AC2 power cable - EU left exit	Network Convergence System 2000 Series	cable	layered	ONS 15454 MSTP and NCS 2000	(none)	ONS 15454 MSTP (M2 / M6 / M12 shelves and cards)		sku ^15454							
15454-M-CBL2-L-UK=	AC2 power cable - UK left exit	Network Convergence System 2000 Series	cable	layered	ONS 15454 MSTP and NCS 2000	(none)	ONS 15454 MSTP (M2 / M6 / M12 shelves and cards)		sku ^15454							
15454-M-CBL2-LARG=	AC2 power cable - ARG left exit	Network Convergence System 2000 Series	cable	layered	ONS 15454 MSTP and NCS 2000	(none)	ONS 15454 MSTP (M2 / M6 / M12 shelves and cards)		sku ^15454							
15454-M-CBL2-LAUS=	AC2 power cable - AUS left exit	Network Convergence System 2000 Series	cable	layered	ONS 15454 MSTP and NCS 2000	(none)	ONS 15454 MSTP (M2 / M6 / M12 shelves and cards)		sku ^15454							
15454-M-CBL2-LKOR=	AC2 power cable - KOR left exit	Network Convergence System 2000 Series	cable	layered	ONS 15454 MSTP and NCS 2000	(none)	ONS 15454 MSTP (M2 / M6 / M12 shelves and cards)		sku ^15454							
15454-M-CBL2-R-EU=	AC2 power cable - EU right exit	Network Convergence System 2000 Series	cable	layered	ONS 15454 MSTP and NCS 2000	(none)	ONS 15454 MSTP (M2 / M6 / M12 shelves and cards)		sku ^15454							
15454-M-CBL2-R-UK=	AC2 power cable - UK right exit	Network Convergence System 2000 Series	cable	layered	ONS 15454 MSTP and NCS 2000	(none)	ONS 15454 MSTP (M2 / M6 / M12 shelves and cards)		sku ^15454							
15454-M-CBL2-RARG=	AC2 power cable - ARG right exit	Network Convergence System 2000 Series	cable	layered	ONS 15454 MSTP and NCS 2000	(none)	ONS 15454 MSTP (M2 / M6 / M12 shelves and cards)		sku ^15454							
15454-M-CBL2-RAUS=	AC2 power cable - AUS right exit	Network Convergence System 2000 Series	cable	layered	ONS 15454 MSTP and NCS 2000	(none)	ONS 15454 MSTP (M2 / M6 / M12 shelves and cards)		sku ^15454							
15454-M-CBL2-RKOR=	AC2 power cable - KOR right exit	Network Convergence System 2000 Series	cable	layered	ONS 15454 MSTP and NCS 2000	(none)	ONS 15454 MSTP (M2 / M6 / M12 shelves and cards)		sku ^15454							
15454-M-CBL2L-CHI=	AC2 power cable - China left exit	Network Convergence System 2000 Series	cable	layered	ONS 15454 MSTP and NCS 2000	(none)	ONS 15454 MSTP (M2 / M6 / M12 shelves and cards)		sku ^15454							
15454-M-CBL2L-IND=	AC2 power cable - India left exit	Network Convergence System 2000 Series	cable	layered	ONS 15454 MSTP and NCS 2000	(none)	ONS 15454 MSTP (M2 / M6 / M12 shelves and cards)		sku ^15454							
15454-M-CBL2L-JPN=	AC2 power cable - Japan left exit	Network Convergence System 2000 Series	cable	layered	ONS 15454 MSTP and NCS 2000	(none)	ONS 15454 MSTP (M2 / M6 / M12 shelves and cards)		sku ^15454							
15454-M-CBL2R-CHI=	AC2 power cable - China right exit	Network Convergence System 2000 Series	cable	layered	ONS 15454 MSTP and NCS 2000	(none)	ONS 15454 MSTP (M2 / M6 / M12 shelves and cards)		sku ^15454							
15454-M-CBL2R-IND=	AC2 power cable - India right exit	Network Convergence System 2000 Series	cable	layered	ONS 15454 MSTP and NCS 2000	(none)	ONS 15454 MSTP (M2 / M6 / M12 shelves and cards)		sku ^15454							
15454-M-CBL2R-JPN=	AC2 power cable - Japan right exit	Network Convergence System 2000 Series	cable	layered	ONS 15454 MSTP and NCS 2000	(none)	ONS 15454 MSTP (M2 / M6 / M12 shelves and cards)		sku ^15454							
15454-M-CFP-LC	2 x 100G CFP Line Card	ONS 15454 Series Multiservice Transport Platforms	linecard	layered	ONS 15454 MSTP and NCS 2000	(none)	ONS 15454 MSTP (M2 / M6 / M12 shelves and cards)		sku ^15454							
15454-M-CFP-LC=	Cisco ONS 15454 2-Port CFP Line Card	ONS 15454 Series Multiservice Transport Platforms	linecard	layered	ONS 15454 MSTP and NCS 2000	(none)	ONS 15454 MSTP (M2 / M6 / M12 shelves and cards)		sku ^15454							
15454-M-FILLER=	Shelf line-slot filler card, fits line-card slots in Cisco ONS 15454 M6 and NCS2002 chassis	Network Convergence System 2000 Series	mechanical	layered	ONS 15454 MSTP and NCS 2000	(none)	ONS 15454 MSTP (M2 / M6 / M12 shelves and cards)		sku ^15454							
15454-M-RAMAN-COP	High-Power Co-Propagating, 1W optical pump output power, C-band, 96-channel 50-GHz Raman unit with 1 ES 2000 PS PC 2m cable	Network Convergence System 2000 Series	amplifier	layered	ONS 15454 MSTP and NCS 2000	(none)	ONS 15454 MSTP (M2 / M6 / M12 shelves and cards)		sku ^15454							
15454-M-RAMAN-COP=	15454 MSTP - Raman Amplifier - C-band - Co-Propagating, includes one 2m E2000/PC High power fiber optical cable	Network Convergence System 2000 Series	amplifier	layered	ONS 15454 MSTP and NCS 2000	(none)	ONS 15454 MSTP (M2 / M6 / M12 shelves and cards)		sku ^15454							
15454-M-RAMAN-CTP	High-Power Counter-Propagating, 1W optical pump output power, C-band, 96-channel 50-GHz Raman unit with 2 ES 2000 PS PC - LC 2m cables	Network Convergence System 2000 Series	amplifier	layered	ONS 15454 MSTP and NCS 2000	(none)	ONS 15454 MSTP (M2 / M6 / M12 shelves and cards)		sku ^15454							
15454-M-RAMAN-CTP=	15454 MSTP - Raman Amplifier - C-band - Counter-Propagating, includes two 2m E2000/PC High power fiber optical cable	Network Convergence System 2000 Series	amplifier	layered	ONS 15454 MSTP and NCS 2000	(none)	ONS 15454 MSTP (M2 / M6 / M12 shelves and cards)		sku ^15454							
15454-M-SHIPKIT=	Shipkit, Cisco ONS 15454 M6 and Cisco ONS 15454 M2	Network Convergence System 2000 Series	accessory	layered	ONS 15454 MSTP and NCS 2000	(none)	ONS 15454 MSTP (M2 / M6 / M12 shelves and cards)		sku ^15454							
15454-M-T-FILLER=	Shelf control-slot filler card, fits control-card slots in Cisco ONS 15454 M6 and NCS2002 chassis	Network Convergence System 2000 Series	mechanical	layered	ONS 15454 MSTP and NCS 2000	(none)	ONS 15454 MSTP (M2 / M6 / M12 shelves and cards)		sku ^15454							
15454-M-TMGCBL=	BITS IN/OUT cable for ETSI	Network Convergence System 2000 Series	cable	layered	ONS 15454 MSTP and NCS 2000	(none)	ONS 15454 MSTP (M2 / M6 / M12 shelves and cards)		sku ^15454							
15454-M-TNC-K9=	Transport Node Controller for M2, M6 chassis	ONS 15454 Series Multiservice Transport Platforms	controller	layered	ONS 15454 MSTP and NCS 2000	(none)	ONS 15454 MSTP (M2 / M6 / M12 shelves and cards)		sku ^15454							
15454-M-TNCE-B1K9=	Transport Transport Node Controller Ethernet PTP, ATT NE for	Network Convergence System 2000 Series	controller	layered	ONS 15454 MSTP and NCS 2000	(none)	ONS 15454 MSTP (M2 / M6 / M12 shelves and cards)		sku ^15454							
15454-M-TNCE-K9	MSTP / NCS 2K Transport Node Controller with Ethernet PTP	Network Convergence System 2000 Series	controller	layered	ONS 15454 MSTP and NCS 2000	(none)	ONS 15454 MSTP (M2 / M6 / M12 shelves and cards)		sku ^15454							
15454-M-TNCE-K9=	Enhanced Transport Node Controller for M2, M6, CPT200, CPT600	Network Convergence System 2000 Series	controller	layered	ONS 15454 MSTP and NCS 2000	(none)	ONS 15454 MSTP (M2 / M6 / M12 shelves and cards)		sku ^15454							
15454-M-TNCEK9++=	MSTP/NCS2K Transport Node Controller with Ethernet PTP, TAA	Network Convergence System 2000 Series	controller	layered	ONS 15454 MSTP and NCS 2000	(none)	ONS 15454 MSTP (M2 / M6 / M12 shelves and cards)		sku ^15454							
15454-M-TSC-K9=	Transport Shelf Controller for M2, M6 chassis	ONS 15454 Series Multiservice Transport Platforms	controller	layered	ONS 15454 MSTP and NCS 2000	(none)	ONS 15454 MSTP (M2 / M6 / M12 shelves and cards)		sku ^15454							
15454-M-TSCE-B1K9=	Transport Shelf Controller Ethernet PTP, ATT NE for M2, M6	Network Convergence System 2000 Series	controller	layered	ONS 15454 MSTP and NCS 2000	(none)	ONS 15454 MSTP (M2 / M6 / M12 shelves and cards)		sku ^15454							
15454-M-TSCE-K9	MSTP / NCS 2K Transport Shelf Controller with Ethernet PTP	Network Convergence System 2000 Series	controller	layered	ONS 15454 MSTP and NCS 2000	(none)	ONS 15454 MSTP (M2 / M6 / M12 shelves and cards)		sku ^15454							
15454-M-TSCE-K9=	Enhanced Transport Shelf Controller for M2, M6, CPT200, CPT600	Network Convergence System 2000 Series	controller	layered	ONS 15454 MSTP and NCS 2000	(none)	ONS 15454 MSTP (M2 / M6 / M12 shelves and cards)		sku ^15454							
15454-M-TSCEK9++=	MSTP/NCS2K Transport Shelf Controller with Ethernet PTP, TA	Network Convergence System 2000 Series	controller	layered	ONS 15454 MSTP and NCS 2000	(none)	ONS 15454 MSTP (M2 / M6 / M12 shelves and cards)		sku ^15454							
15454-M-USBCBL=	USB cable for passive devices	Network Convergence System 2000 Series	cable	layered	ONS 15454 MSTP and NCS 2000	(none)	ONS 15454 MSTP (M2 / M6 / M12 shelves and cards)		sku ^15454							
15454-M-WSE-K9	Full Feature Wire Speed Encryption Unit	Network Convergence System 2000 Series	linecard	layered	ONS 15454 MSTP and NCS 2000	(none)	ONS 15454 MSTP (M2 / M6 / M12 shelves and cards)		sku ^15454							
15454-M-WSE-K9++	Full Feature Wire Speed Encryption Unit	Network Convergence System 2000 Series	linecard	layered	ONS 15454 MSTP and NCS 2000	(none)	ONS 15454 MSTP (M2 / M6 / M12 shelves and cards)		sku ^15454							
15454-M-WSE-K9++=	Full Feature Wire Speed Encryption Unit, TAA	Network Convergence System 2000 Series	linecard	layered	ONS 15454 MSTP and NCS 2000	(none)	ONS 15454 MSTP (M2 / M6 / M12 shelves and cards)		sku ^15454							
15454-M-WSE-K9=	Full Feature Wire Speed Encryption Unit	ONS 15454 Series Multiservice Transport Platforms	linecard	layered	ONS 15454 MSTP and NCS 2000	(none)	ONS 15454 MSTP (M2 / M6 / M12 shelves and cards)		sku ^15454							
15454-M-WSE-L-K9=	Wire Speed Encryption Unit, software license upgradable	ONS 15454 Series Multiservice Transport Platforms	linecard	layered	ONS 15454 MSTP and NCS 2000	(none)	ONS 15454 MSTP (M2 / M6 / M12 shelves and cards)		sku ^15454							
15454-M-WSEL-K9++	Wire Speed Encryption Unit - SW license upgradable	Network Convergence System 2000 Series	linecard	layered	ONS 15454 MSTP and NCS 2000	(none)	ONS 15454 MSTP (M2 / M6 / M12 shelves and cards)		sku ^15454							
15454-M-WSEL-K9++=	Wire Speed Encryption Unit - SW license upgradable, TAA	Network Convergence System 2000 Series	linecard	layered	ONS 15454 MSTP and NCS 2000	(none)	ONS 15454 MSTP (M2 / M6 / M12 shelves and cards)		sku ^15454							
15454-M2-AC	2 service slot MSTP chassis AC power supply with memory	ONS 15454 Series Multiservice Transport Platforms	power	layered	ONS 15454 MSTP and NCS 2000	(none)	ONS 15454 MSTP (M2 / M6 / M12 shelves and cards)		sku ^15454							
15454-M2-AC=	2 service slot MSTP chassis AC power supply with memory	ONS 15454 Series Multiservice Transport Platforms	power	layered	ONS 15454 MSTP and NCS 2000	(none)	ONS 15454 MSTP (M2 / M6 / M12 shelves and cards)		sku ^15454							
15454-M2-BRKT=	19”/23” and 21” Brackets, Cisco NCS2002	Network Convergence System 2000 Series	mechanical	layered	ONS 15454 MSTP and NCS 2000	(none)	ONS 15454 MSTP (M2 / M6 / M12 shelves and cards)		sku ^15454							
15454-M2-DC	2 service slot MSTP chassis DC ANSI filter with memory	ONS 15454 Series Multiservice Transport Platforms	power	layered	ONS 15454 MSTP and NCS 2000	(none)	ONS 15454 MSTP (M2 / M6 / M12 shelves and cards)		sku ^15454							
15454-M2-DC-E	2 service slot MSTP chassis DC ETSI filter with memory	ONS 15454 Series Multiservice Transport Platforms	power	layered	ONS 15454 MSTP and NCS 2000	(none)	ONS 15454 MSTP (M2 / M6 / M12 shelves and cards)		sku ^15454							
15454-M2-DC-E=	2 service slot MSTP chassis DC ETSI filter with memory	ONS 15454 Series Multiservice Transport Platforms	power	layered	ONS 15454 MSTP and NCS 2000	(none)	ONS 15454 MSTP (M2 / M6 / M12 shelves and cards)		sku ^15454							
15454-M2-DC=	2 service slot MSTP chassis DC ANSI filter with memory	ONS 15454 Series Multiservice Transport Platforms	power	layered	ONS 15454 MSTP and NCS 2000	(none)	ONS 15454 MSTP (M2 / M6 / M12 shelves and cards)		sku ^15454							
15454-M2-DCCBL-LE=	DC power cable for ETSI left exit	Network Convergence System 2000 Series	cable	layered	ONS 15454 MSTP and NCS 2000	(none)	ONS 15454 MSTP (M2 / M6 / M12 shelves and cards)		sku ^15454							
15454-M2-DDR	2 service slot MSTP chassis deep door	ONS 15454 Series Multiservice Transport Platforms	mechanical	layered	ONS 15454 MSTP and NCS 2000	(none)	ONS 15454 MSTP (M2 / M6 / M12 shelves and cards)		sku ^15454							
15454-M2-DDR=	2 service slot MSTP chassis deep door	ONS 15454 Series Multiservice Transport Platforms	mechanical	layered	ONS 15454 MSTP and NCS 2000	(none)	ONS 15454 MSTP (M2 / M6 / M12 shelves and cards)		sku ^15454							
15454-M2-DEF21=	21” Air deflector, Cisco NCS2002	Network Convergence System 2000 Series	accessory	layered	ONS 15454 MSTP and NCS 2000	(none)	ONS 15454 MSTP (M2 / M6 / M12 shelves and cards)		sku ^15454							
15454-M2-DEF23=	23” Air deflector, Cisco NCS2002	Network Convergence System 2000 Series	accessory	layered	ONS 15454 MSTP and NCS 2000	(none)	ONS 15454 MSTP (M2 / M6 / M12 shelves and cards)		sku ^15454							
15454-M2-DR	2 service slot MSTP chassis door	ONS 15454 Series Multiservice Transport Platforms	mechanical	layered	ONS 15454 MSTP and NCS 2000	(none)	ONS 15454 MSTP (M2 / M6 / M12 shelves and cards)		sku ^15454							
15454-M2-DR=	2 service slot MSTP chassis door	ONS 15454 Series Multiservice Transport Platforms	mechanical	layered	ONS 15454 MSTP and NCS 2000	(none)	ONS 15454 MSTP (M2 / M6 / M12 shelves and cards)		sku ^15454							
15454-M2-FTA	2 service slot MSTP chassis fan tray	ONS 15454 Series Multiservice Transport Platforms	fan	layered	ONS 15454 MSTP and NCS 2000	(none)	ONS 15454 MSTP (M2 / M6 / M12 shelves and cards)		sku ^15454							
15454-M2-FTA2	2 service slot MSTP chassis 2 nd gen fan tray	ONS 15454 Series Multiservice Transport Platforms	fan	layered	ONS 15454 MSTP and NCS 2000	(none)	ONS 15454 MSTP (M2 / M6 / M12 shelves and cards)		sku ^15454							
15454-M2-FTA2=	2 service slot MSTP chassis 2 nd gen fan tray	ONS 15454 Series Multiservice Transport Platforms	fan	layered	ONS 15454 MSTP and NCS 2000	(none)	ONS 15454 MSTP (M2 / M6 / M12 shelves and cards)		sku ^15454							
15454-M2-FTA=	2 service slot MSTP chassis fan tray	ONS 15454 Series Multiservice Transport Platforms	fan	layered	ONS 15454 MSTP and NCS 2000	(none)	ONS 15454 MSTP (M2 / M6 / M12 shelves and cards)		sku ^15454							
15454-M2-FTF=	2-service-slot MSTP chassis fan tray filter	Network Convergence System 2000 Series	mechanical	layered	ONS 15454 MSTP and NCS 2000	(none)	ONS 15454 MSTP (M2 / M6 / M12 shelves and cards)		sku ^15454							
15454-M2-SA	2 service slot MSTP shelf, includes M-SHIPKIT, M2‑FTF, BRKTS	ONS 15454 Series Multiservice Transport Platforms	chassis	layered	ONS 15454 MSTP and NCS 2000	(none)	ONS 15454 MSTP (M2 / M6 / M12 shelves and cards)		sku ^15454							
15454-M2-SA=	2 service slot MSTP shelf, includes M-SHIPKIT, M2‑FTF, BRKTS	ONS 15454 Series Multiservice Transport Platforms	chassis	layered	ONS 15454 MSTP and NCS 2000	(none)	ONS 15454 MSTP (M2 / M6 / M12 shelves and cards)		sku ^15454							
15454-M2-WM	Wall mount bracket, Cisco NCS2002	ONS 15454 Series Multiservice Transport Platforms	mechanical	layered	ONS 15454 MSTP and NCS 2000	(none)	ONS 15454 MSTP (M2 / M6 / M12 shelves and cards)		sku ^15454							
15454-M2-WM=	Wall mount bracket, Cisco NCS2002	Network Convergence System 2000 Series	mechanical	layered	ONS 15454 MSTP and NCS 2000	(none)	ONS 15454 MSTP (M2 / M6 / M12 shelves and cards)		sku ^15454							
15454-M6-AC	6 service slot MSTP chassis AC power supply	ONS 15454 Series Multiservice Transport Platforms	power	layered	ONS 15454 MSTP and NCS 2000	(none)	ONS 15454 MSTP (M2 / M6 / M12 shelves and cards)		sku ^15454							
15454-M6-AC2	Cisco 15454-M6-AC2	ONS 15454 Series Multiservice Transport Platforms	power	layered	ONS 15454 MSTP and NCS 2000	(none)	ONS 15454 MSTP (M2 / M6 / M12 shelves and cards)		sku ^15454							
15454-M6-AC2=	Cisco 15454-M6-AC2=	ONS 15454 Series Multiservice Transport Platforms	power	layered	ONS 15454 MSTP and NCS 2000	(none)	ONS 15454 MSTP (M2 / M6 / M12 shelves and cards)		sku ^15454							
15454-M6-AC=	6 service slot MSTP chassis AC power supply	ONS 15454 Series Multiservice Transport Platforms	power	layered	ONS 15454 MSTP and NCS 2000	(none)	ONS 15454 MSTP (M2 / M6 / M12 shelves and cards)		sku ^15454							
15454-M6-BRKT21	MSTP M6 / NCS 2006 Front-to-Back Deflectors & Brackets - 21	ONS 15454 Series Multiservice Transport Platforms	mechanical	layered	ONS 15454 MSTP and NCS 2000	(none)	ONS 15454 MSTP (M2 / M6 / M12 shelves and cards)		sku ^15454							
15454-M6-BRKT21=	MSTP M6 / NCS 2006 Front-to-Back Deflectors & Brackets - 21	ONS 15454 Series Multiservice Transport Platforms	mechanical	layered	ONS 15454 MSTP and NCS 2000	(none)	ONS 15454 MSTP (M2 / M6 / M12 shelves and cards)		sku ^15454							
15454-M6-BRKT23	MSTP M6 / NCS 2006 Front-to-Back Deflectors & Brackets - 23	ONS 15454 Series Multiservice Transport Platforms	mechanical	layered	ONS 15454 MSTP and NCS 2000	(none)	ONS 15454 MSTP (M2 / M6 / M12 shelves and cards)		sku ^15454							
15454-M6-BRKT23=	MSTP M6 / NCS 2006 Front-to-Back Deflectors & Brackets - 23	ONS 15454 Series Multiservice Transport Platforms	mechanical	layered	ONS 15454 MSTP and NCS 2000	(none)	ONS 15454 MSTP (M2 / M6 / M12 shelves and cards)		sku ^15454							
15454-M6-BRKT=	19-in./23-in. and 21-in. Brackets, Cisco NCS 2006	Network Convergence System 2000 Series	mechanical	layered	ONS 15454 MSTP and NCS 2000	(none)	ONS 15454 MSTP (M2 / M6 / M12 shelves and cards)		sku ^15454							
15454-M6-DC	6 slot MSTP chassis 30A DC power filter	ONS 15454 Series Multiservice Transport Platforms	power	layered	ONS 15454 MSTP and NCS 2000	(none)	ONS 15454 MSTP (M2 / M6 / M12 shelves and cards)		sku ^15454							
15454-M6-DC20	6 service slot MSTP chassis 20A DC power filter	ONS 15454 Series Multiservice Transport Platforms	power	layered	ONS 15454 MSTP and NCS 2000	(none)	ONS 15454 MSTP (M2 / M6 / M12 shelves and cards)		sku ^15454							
15454-M6-DC20=	6 service slot MSTP chassis 20A DC power filter	ONS 15454 Series Multiservice Transport Platforms	power	layered	ONS 15454 MSTP and NCS 2000	(none)	ONS 15454 MSTP (M2 / M6 / M12 shelves and cards)		sku ^15454							
15454-M6-DC40	6 service slot MSTP chassis 40A DC power filter	ONS 15454 Series Multiservice Transport Platforms	power	layered	ONS 15454 MSTP and NCS 2000	(none)	ONS 15454 MSTP (M2 / M6 / M12 shelves and cards)		sku ^15454							
15454-M6-DC40=	6 service slot MSTP chassis 40A DC power filter	ONS 15454 Series Multiservice Transport Platforms	power	layered	ONS 15454 MSTP and NCS 2000	(none)	ONS 15454 MSTP (M2 / M6 / M12 shelves and cards)		sku ^15454							
15454-M6-DC=	6 slot MSTP chassis 30A DC power filter	ONS 15454 Series Multiservice Transport Platforms	power	layered	ONS 15454 MSTP and NCS 2000	(none)	ONS 15454 MSTP (M2 / M6 / M12 shelves and cards)		sku ^15454							
15454-M6-DCCBL2-L=	DC power cable for DC40 ETSI Left exit	Network Convergence System 2000 Series	cable	layered	ONS 15454 MSTP and NCS 2000	(none)	ONS 15454 MSTP (M2 / M6 / M12 shelves and cards)		sku ^15454							
15454-M6-DCCBL2-R=	DC power cable for DC40 ETSI right exit	Network Convergence System 2000 Series	cable	layered	ONS 15454 MSTP and NCS 2000	(none)	ONS 15454 MSTP (M2 / M6 / M12 shelves and cards)		sku ^15454							
15454-M6-DDR	6 service slot MSTP chassis deep door	ONS 15454 Series Multiservice Transport Platforms	mechanical	layered	ONS 15454 MSTP and NCS 2000	(none)	ONS 15454 MSTP (M2 / M6 / M12 shelves and cards)		sku ^15454							
15454-M6-DDR=	6 service slot MSTP chassis deep door	ONS 15454 Series Multiservice Transport Platforms	mechanical	layered	ONS 15454 MSTP and NCS 2000	(none)	ONS 15454 MSTP (M2 / M6 / M12 shelves and cards)		sku ^15454							
15454-M6-DEF21=	21-in. Air deflector, Cisco NCS 2006	Network Convergence System 2000 Series	accessory	layered	ONS 15454 MSTP and NCS 2000	(none)	ONS 15454 MSTP (M2 / M6 / M12 shelves and cards)		sku ^15454							
15454-M6-DEF23=	23-in. Air deflector, Cisco NCS 2006	Network Convergence System 2000 Series	accessory	layered	ONS 15454 MSTP and NCS 2000	(none)	ONS 15454 MSTP (M2 / M6 / M12 shelves and cards)		sku ^15454							
15454-M6-DR	6 service slot MSTP chassis door	ONS 15454 Series Multiservice Transport Platforms	mechanical	layered	ONS 15454 MSTP and NCS 2000	(none)	ONS 15454 MSTP (M2 / M6 / M12 shelves and cards)		sku ^15454							
15454-M6-DR=	6 service slot MSTP chassis door	ONS 15454 Series Multiservice Transport Platforms	mechanical	layered	ONS 15454 MSTP and NCS 2000	(none)	ONS 15454 MSTP (M2 / M6 / M12 shelves and cards)		sku ^15454							
15454-M6-ECU-60=	6 slot MSTP external connection unit with TOD/PPS (60V)	ONS 15454 Series Multiservice Transport Platforms	accessory	layered	ONS 15454 MSTP and NCS 2000	(none)	ONS 15454 MSTP (M2 / M6 / M12 shelves and cards)		sku ^15454							
15454-M6-ECU2	6 service slot MSTP external connection unit with TOD/PPS	ONS 15454 Series Multiservice Transport Platforms	accessory	layered	ONS 15454 MSTP and NCS 2000	(none)	ONS 15454 MSTP (M2 / M6 / M12 shelves and cards)		sku ^15454							
15454-M6-ECU2=	External Connection Unit with PPS/ToD, Cisco ONS 15454 M6	ONS 15454 Series Multiservice Transport Platforms	accessory	layered	ONS 15454 MSTP and NCS 2000	(none)	ONS 15454 MSTP (M2 / M6 / M12 shelves and cards)		sku ^15454							
15454-M6-FTA	6 service slot MSTP chassis fan tray	ONS 15454 Series Multiservice Transport Platforms	fan	layered	ONS 15454 MSTP and NCS 2000	(none)	ONS 15454 MSTP (M2 / M6 / M12 shelves and cards)		sku ^15454							
15454-M6-FTA2	6 service slot MSTP chassis 2nd gen fan tray	ONS 15454 Series Multiservice Transport Platforms	fan	layered	ONS 15454 MSTP and NCS 2000	(none)	ONS 15454 MSTP (M2 / M6 / M12 shelves and cards)		sku ^15454							
15454-M6-FTA2=	6 service slot MSTP chassis 2nd gen fan tray	ONS 15454 Series Multiservice Transport Platforms	fan	layered	ONS 15454 MSTP and NCS 2000	(none)	ONS 15454 MSTP (M2 / M6 / M12 shelves and cards)		sku ^15454							
15454-M6-FTA=	6 service slot MSTP chassis fan tray	ONS 15454 Series Multiservice Transport Platforms	fan	layered	ONS 15454 MSTP and NCS 2000	(none)	ONS 15454 MSTP (M2 / M6 / M12 shelves and cards)		sku ^15454							
15454-M6-FTF=	6-service-slot MSTP chassis fan tray filter	Network Convergence System 2000 Series	mechanical	layered	ONS 15454 MSTP and NCS 2000	(none)	ONS 15454 MSTP (M2 / M6 / M12 shelves and cards)		sku ^15454							
15454-M6-LCD	6 service slot MSTP chassis LCD Display with backup Memory	ONS 15454 Series Multiservice Transport Platforms	accessory	layered	ONS 15454 MSTP and NCS 2000	(none)	ONS 15454 MSTP (M2 / M6 / M12 shelves and cards)		sku ^15454							
15454-M6-LCD=	6 service slot MSTP chassis LCD Display with backup Memory	ONS 15454 Series Multiservice Transport Platforms	accessory	layered	ONS 15454 MSTP and NCS 2000	(none)	ONS 15454 MSTP (M2 / M6 / M12 shelves and cards)		sku ^15454							
15454-M6-PWRFLR	6 service slot MSTP power filter filler card	ONS 15454 Series Multiservice Transport Platforms	mechanical	layered	ONS 15454 MSTP and NCS 2000	(none)	ONS 15454 MSTP (M2 / M6 / M12 shelves and cards)		sku ^15454							
15454-M6-PWRFLR=	6 service slot MSTP power filter filler card	ONS 15454 Series Multiservice Transport Platforms	mechanical	layered	ONS 15454 MSTP and NCS 2000	(none)	ONS 15454 MSTP (M2 / M6 / M12 shelves and cards)		sku ^15454							
15454-M6-SA	6 service slot MSTP shelf, includes M-SHIPKIT, M6-FTF, BRKTS	ONS 15454 Series Multiservice Transport Platforms	chassis	layered	ONS 15454 MSTP and NCS 2000	(none)	ONS 15454 MSTP (M2 / M6 / M12 shelves and cards)		sku ^15454							
15454-M6-SA=	6 service slot MSTP shelf, includes M-SHIPKIT, M6-FTF, BRKTS	ONS 15454 Series Multiservice Transport Platforms	chassis	layered	ONS 15454 MSTP and NCS 2000	(none)	ONS 15454 MSTP (M2 / M6 / M12 shelves and cards)		sku ^15454							
15454-ML1000-2	1000-Mbps Ethernet card, 2 SFP slots, Layer 2 and Layer 3 switching, SONET (ANSI) system	Line cards	linecard	layered	ONS 15454 MSTP and NCS 2000	(none)	ONS 15454 MSTP (M2 / M6 / M12 shelves and cards)		sku ^15454							
15454-ML100T-12	10/100-Mbps Ethernet card, 12 ports, RJ-45, Layer 2 and Layer 3 switching, SONET (ANSI) system, includes console cable	Line cards	linecard	layered	ONS 15454 MSTP and NCS 2000	(none)	ONS 15454 MSTP (M2 / M6 / M12 shelves and cards)		sku ^15454							
15454-ML100X-8	100 Mbps BASE-FX/LX Ethernet card, eight SFP connections, Layer 2 and Layer 3 switching, SONET (ANSI) system	Line cards	linecard	layered	ONS 15454 MSTP and NCS 2000	(none)	ONS 15454 MSTP (M2 / M6 / M12 shelves and cards)		sku ^15454							
15454-MMU=	Mesh/Multiring upgrade unit, C band and L band, for use with ONS 15454 MSTP Reconfigurable Optical Addr/Drop Multiplexer (ROADM) nodes (32-WSS/32-DMX or 32-WSS-L/32-DMX-L), LC connectors, includes one 2-meter LC/LC fiber-optic cable	ONS 15454 Series Multiservice Transport Platforms	mux	layered	ONS 15454 MSTP and NCS 2000	(none)	ONS 15454 MSTP (M2 / M6 / M12 shelves and cards)		sku ^15454							
15454-MPO-8LC-2=	Multi-fiber patchcord - MPO to 8xLC - 2m	Network Convergence System 2000 Series	cable	layered	ONS 15454 MSTP and NCS 2000	(none)	ONS 15454 MSTP (M2 / M6 / M12 shelves and cards)		sku ^15454							
15454-MPO-8LC-4=	Multi-fiber patchcord - MPO to 8xLC - 4m	Network Convergence System 2000 Series	cable	layered	ONS 15454 MSTP and NCS 2000	(none)	ONS 15454 MSTP (M2 / M6 / M12 shelves and cards)		sku ^15454							
15454-MPO-8LC-6=	Multi-fiber patchcord - MPO to 8xLC - 6m	Network Convergence System 2000 Series	cable	layered	ONS 15454 MSTP and NCS 2000	(none)	ONS 15454 MSTP (M2 / M6 / M12 shelves and cards)		sku ^15454							
15454-MPO-8LC-8=	Multi-fiber patchcord - MPO to 8xLC - 8m	Network Convergence System 2000 Series	cable	layered	ONS 15454 MSTP and NCS 2000	(none)	ONS 15454 MSTP (M2 / M6 / M12 shelves and cards)		sku ^15454							
15454-MPO-MPO-2=	Multi-fiber patchcord - MPO to MPO - 2m	Network Convergence System 2000 Series	cable	layered	ONS 15454 MSTP and NCS 2000	(none)	ONS 15454 MSTP (M2 / M6 / M12 shelves and cards)		sku ^15454							
15454-MPO-MPO-4=	Multi-fiber patchcord - MPO to MPO - 4m	Network Convergence System 2000 Series	cable	layered	ONS 15454 MSTP and NCS 2000	(none)	ONS 15454 MSTP (M2 / M6 / M12 shelves and cards)		sku ^15454							
15454-MPO-MPO-6=	Multi-fiber patchcord - MPO to MPO - 6m	Network Convergence System 2000 Series	cable	layered	ONS 15454 MSTP and NCS 2000	(none)	ONS 15454 MSTP (M2 / M6 / M12 shelves and cards)		sku ^15454							
15454-MPO-MPO-8=	Multi-fiber patchcord - MPO to MPO - 8m	Network Convergence System 2000 Series	cable	layered	ONS 15454 MSTP and NCS 2000	(none)	ONS 15454 MSTP (M2 / M6 / M12 shelves and cards)		sku ^15454							
15454-MPO-XMPO-2=	Multi-fiber patchcord - MPO to MPO Xrossed - 2m	Network Convergence System 2000 Series	cable	layered	ONS 15454 MSTP and NCS 2000	(none)	ONS 15454 MSTP (M2 / M6 / M12 shelves and cards)		sku ^15454							
15454-MS-EXT-24=	ONS 15454- EXTERNAL MSM SOLUTION- 24 PORTS-DC POWER	ONS 15454 Series Multiservice Transport Platforms	linecard	layered	ONS 15454 MSTP and NCS 2000	(none)	ONS 15454 MSTP (M2 / M6 / M12 shelves and cards)		sku ^15454							
15454-MSEXT24-LLP3	BUNDLE 15454 MS EXT 24 AND 3YRSNTNBD IF SKU BOUGHT	ONS 15454 Series Multiservice Transport Platforms	linecard	layered	ONS 15454 MSTP and NCS 2000	(none)	ONS 15454 MSTP (M2 / M6 / M12 shelves and cards)		sku ^15454							
15454-MSEXT24-LLP5	BUNDLE 15454 MS EXT 24 AND 5YRSNTNBD IF SKU BOUGHT	ONS 15454 Series Multiservice Transport Platforms	linecard	layered	ONS 15454 MSTP and NCS 2000	(none)	ONS 15454 MSTP (M2 / M6 / M12 shelves and cards)		sku ^15454							
15454-OPT-AMP-17C=	17dB Gain, Amp, includes two 2m LC/LC fiber-optic cable and one LC/LC LOOPBACK	Network Convergence System 2000 Series	amplifier	layered	ONS 15454 MSTP and NCS 2000	(none)	ONS 15454 MSTP (M2 / M6 / M12 shelves and cards)		sku ^15454							
15454-OPT-AMP-C	ONS 15454 Enhanced Optical Amplifier	Network Convergence System 2000 Series	amplifier	layered	ONS 15454 MSTP and NCS 2000	(none)	ONS 15454 MSTP (M2 / M6 / M12 shelves and cards)		sku ^15454							
15454-OPT-AMP-C++=	ONS 15454 Enhanced Optical Amplifier , TAA	Network Convergence System 2000 Series	amplifier	layered	ONS 15454 MSTP and NCS 2000	(none)	ONS 15454 MSTP (M2 / M6 / M12 shelves and cards)		sku ^15454							
15454-OPT-AMP-C=	Enhanced optical amplifier, 20 dBm output power, can be configured as preamplifier or booster, C-band, 80 channel, 50-GHz compatible, LC connectors, midstage access, includes one 4-dB LC/LC attenuated loopback (to be used if DCU is not required) and two 2-meter LC/LC fiber-optic cables	Network Convergence System 2000 Series	amplifier	layered	ONS 15454 MSTP and NCS 2000	(none)	ONS 15454 MSTP (M2 / M6 / M12 shelves and cards)		sku ^15454							
15454-OPT-AMP-L=	Optical amplifier; can be configured as preamplifier or booster; L-band, 64 channels, 50-GHz compatible, LC connectors, midstage access; includes one 4-dB LC/LC attenuated loopback (to be used if Dispersion Compensation Units [DCU] are not required) and two 2-meter LC/LC fiber-optic cables	ONS 15454 Series Multiservice Transport Platforms	amplifier	layered	ONS 15454 MSTP and NCS 2000	(none)	ONS 15454 MSTP (M2 / M6 / M12 shelves and cards)		sku ^15454							
15454-OPT-BST	ONS 15454 Optical Booster Amplifier Module	ONS 15454 Series Multiservice Transport Platforms	amplifier	layered	ONS 15454 MSTP and NCS 2000	(none)	ONS 15454 MSTP (M2 / M6 / M12 shelves and cards)		sku ^15454							
15454-OPT-BST-E=	Enhanced optical booster amplifier, C-band, 64-channel, 50-GHz compatible, LC connector	ONS 15454 Series Multiservice Transport Platforms	amplifier	layered	ONS 15454 MSTP and NCS 2000	(none)	ONS 15454 MSTP (M2 / M6 / M12 shelves and cards)		sku ^15454							
15454-OPT-BST-L=	Optical booster amplifier, L-band, 64 channels, 50-GHz compatible, LC connectors; includes two 2-meter LC/LC fiber-optic cables	ONS 15454 Series Multiservice Transport Platforms	amplifier	layered	ONS 15454 MSTP and NCS 2000	(none)	ONS 15454 MSTP (M2 / M6 / M12 shelves and cards)		sku ^15454							
15454-OPT-BST=	ONS 15454 Optical Booster Amplifier Module	ONS 15454 Series Multiservice Transport Platforms	amplifier	layered	ONS 15454 MSTP and NCS 2000	(none)	ONS 15454 MSTP (M2 / M6 / M12 shelves and cards)		sku ^15454							
15454-OPT-EDFA-17=	Enhanced C-band 96 channel low cost amplifier 17 dB max gain, 50 GHz compatible, LC connector, includes two 2m LC/LC fiber-optic cables	Network Convergence System 2000 Series	amplifier	layered	ONS 15454 MSTP and NCS 2000	(none)	ONS 15454 MSTP (M2 / M6 / M12 shelves and cards)		sku ^15454							
15454-OPT-EDFA-24=	Enhanced C-band 96 channel low cost amplifier 24 dB max gain, 50 GHz compatible, LC connector, includes two 2m LC/LC fiber-optic cables	Network Convergence System 2000 Series	amplifier	layered	ONS 15454 MSTP and NCS 2000	(none)	ONS 15454 MSTP (M2 / M6 / M12 shelves and cards)		sku ^15454							
15454-OPT-PRE	ONS 15454 Optical Pre-Amplifier Module	ONS 15454 Series Multiservice Transport Platforms	amplifier	layered	ONS 15454 MSTP and NCS 2000	(none)	ONS 15454 MSTP (M2 / M6 / M12 shelves and cards)		sku ^15454							
15454-OPT-PRE=	ONS 15454 Optical Pre-Amplifier Module	ONS 15454 Series Multiservice Transport Platforms	amplifier	layered	ONS 15454 MSTP and NCS 2000	(none)	ONS 15454 MSTP (M2 / M6 / M12 shelves and cards)		sku ^15454							
15454-OPT-RAMP-C=	Optical Raman amplifier with embedded EDFA, 500mW total counter-propagating Raman pump power, 17dBm EDFA Output Power, C-band, 80 channel, 50-GHz compatible, LC connectors, midstage access, includes one LC/LC loopback (to be used if DCU is not required) and two 2-meter LC/LC fiber-optic cables	ONS 15454 Series Multiservice Transport Platforms	amplifier	layered	ONS 15454 MSTP and NCS 2000	(none)	ONS 15454 MSTP (M2 / M6 / M12 shelves and cards)		sku ^15454							
15454-OPT-RAMP-CE=	15454 Extended Performance RAMAN Amplifier	Network Convergence System 2000 Series	amplifier	layered	ONS 15454 MSTP and NCS 2000	(none)	ONS 15454 MSTP (M2 / M6 / M12 shelves and cards)		sku ^15454							
15454-OPT-RAMPC++=	ONS 15454 RAMAN AMPLIFIER , TAA	Network Convergence System 2000 Series	amplifier	layered	ONS 15454 MSTP and NCS 2000	(none)	ONS 15454 MSTP (M2 / M6 / M12 shelves and cards)		sku ^15454							
15454-OPTAMP17C++=	17dB Gain, Amp, TAA	ONS 15454 Series Multiservice Transport Platforms	amplifier	layered	ONS 15454 MSTP and NCS 2000	(none)	ONS 15454 MSTP (M2 / M6 / M12 shelves and cards)		sku ^15454							
15454-OPTAMPC-LLP3	BUNDLE 15454 OPT AMP C AND 3YRSNTNBD IF SKU BOUGHT	Network Convergence System 2000 Series	roadm	layered	ONS 15454 MSTP and NCS 2000	(none)	ONS 15454 MSTP (M2 / M6 / M12 shelves and cards)		sku ^15454							
15454-OPTAMPC-LLP5	BUNDLE 15454 OPT AMP C AND 5YRSNTNBD IF SKU BOUGHT	Network Convergence System 2000 Series	roadm	layered	ONS 15454 MSTP and NCS 2000	(none)	ONS 15454 MSTP (M2 / M6 / M12 shelves and cards)		sku ^15454							
15454-OPTEDFA24++=	15454 MSTP - Optical Amplifier - C-band - 24dB Gain	Network Convergence System 2000 Series	amplifier	layered	ONS 15454 MSTP and NCS 2000	(none)	ONS 15454 MSTP (M2 / M6 / M12 shelves and cards)		sku ^15454							
15454-OTU2-XP	4 X OTN 10G MR TRANSPONDER	ONS 15454 Series Multiservice Transport Platforms	transponder	layered	ONS 15454 MSTP and NCS 2000	(none)	ONS 15454 MSTP (M2 / M6 / M12 shelves and cards)		sku ^15454							
15454-OTU2-XP++=	4 X OTN 10G MR TRANSPONDER, TAA	ONS 15454 Series Multiservice Transport Platforms	transponder	layered	ONS 15454 MSTP and NCS 2000	(none)	ONS 15454 MSTP (M2 / M6 / M12 shelves and cards)		sku ^15454							
15454-OTU2-XP=	Ethernet 4-10 Gigabit Ethernet Xponder	ONS 15454 Series Multiservice Transport Platforms	transponder	layered	ONS 15454 MSTP and NCS 2000	(none)	ONS 15454 MSTP (M2 / M6 / M12 shelves and cards)		sku ^15454							
15454-OTU2XP-LLP3	BUNDLE 15454 OTU2 XP AND 3YRSNTNBD IF SKU BOUGHT	ONS 15454 Series Multiservice Transport Platforms	linecard	layered	ONS 15454 MSTP and NCS 2000	(none)	ONS 15454 MSTP (M2 / M6 / M12 shelves and cards)		sku ^15454							
15454-OTU2XP-LLP5	BUNDLE 15454 OTU2 XP AND 5YRSNTNBD IF SKU BOUGHT	ONS 15454 Series Multiservice Transport Platforms	linecard	layered	ONS 15454 MSTP and NCS 2000	(none)	ONS 15454 MSTP (M2 / M6 / M12 shelves and cards)		sku ^15454							
15454-PP-4-SMR=	1 RU 4-Degree SM ROADM Mesh Patch Panel	ONS 15454 Series Multiservice Transport Platforms	mechanical	layered	ONS 15454 MSTP and NCS 2000	(none)	ONS 15454 MSTP (M2 / M6 / M12 shelves and cards)		sku ^15454							
15454-PP-80-LC	2RU 80 Ports LC Patch Panel	ONS 15454 Series Multiservice Transport Platforms	mechanical	layered	ONS 15454 MSTP and NCS 2000	(none)	ONS 15454 MSTP (M2 / M6 / M12 shelves and cards)		sku ^15454							
15454-PP-80-LC=	2RU 80 Ports LC Patch Panel	ONS 15454 Series Multiservice Transport Platforms	mechanical	layered	ONS 15454 MSTP and NCS 2000	(none)	ONS 15454 MSTP (M2 / M6 / M12 shelves and cards)		sku ^15454							
15454-PP-MESH-4=	2RU 4-Degree Mesh Patch Panel	ONS 15454 Series Multiservice Transport Platforms	mechanical	layered	ONS 15454 MSTP and NCS 2000	(none)	ONS 15454 MSTP (M2 / M6 / M12 shelves and cards)		sku ^15454							
15454-PP-MESH-8=	2RU 8-Degree Mesh Patch Panel	ONS 15454 Series Multiservice Transport Platforms	mechanical	layered	ONS 15454 MSTP and NCS 2000	(none)	ONS 15454 MSTP (M2 / M6 / M12 shelves and cards)		sku ^15454							
15454-PP4SMR-LLP3	BUNDLE 15454 PP 4 SMR AND 3YRSNTNBD IF SKU BOUGHT	Network Convergence System 2000 Series	roadm	layered	ONS 15454 MSTP and NCS 2000	(none)	ONS 15454 MSTP (M2 / M6 / M12 shelves and cards)		sku ^15454							
15454-PP4SMR-LLP5	BUNDLE 15454 PP 4 SMR AND 5YRSNTNBD IF SKU BOUGHT	Network Convergence System 2000 Series	roadm	layered	ONS 15454 MSTP and NCS 2000	(none)	ONS 15454 MSTP (M2 / M6 / M12 shelves and cards)		sku ^15454							
15454-PPMESH8-LLP3	BUNDLE 15454 PP MESH 8 AND 3YRSNTNBD IF SKU BOUGHT	ONS 15454 Series Multiservice Transport Platforms	linecard	layered	ONS 15454 MSTP and NCS 2000	(none)	ONS 15454 MSTP (M2 / M6 / M12 shelves and cards)		sku ^15454							
15454-PPMESH8-LLP5	BUNDLE 15454 PP MESH 8 AND 5YRSNTNBD IF SKU BOUGHT	ONS 15454 Series Multiservice Transport Platforms	linecard	layered	ONS 15454 MSTP and NCS 2000	(none)	ONS 15454 MSTP (M2 / M6 / M12 shelves and cards)		sku ^15454							
15454-PSM=	Includes two 2m LC/LC fiber-optic cable and one LC/LC LOOPBACK	Network Convergence System 2000 Series	mux	layered	ONS 15454 MSTP and NCS 2000	(none)	ONS 15454 MSTP (M2 / M6 / M12 shelves and cards)		sku ^15454							
15454-SC-SC-2=	SC to SC fiber patchcord-2m(duplex)	Network Convergence System 2000 Series	cable	layered	ONS 15454 MSTP and NCS 2000	(none)	ONS 15454 MSTP (M2 / M6 / M12 shelves and cards)		sku ^15454							
15454-SFP-200=	SFP-ESCON - 1310 nm - MM - LC	Network Convergence System 2000 Series	pluggable	layered	ONS 15454 MSTP and NCS 2000	(none)	ONS 15454 MSTP (M2 / M6 / M12 shelves and cards)		sku ^15454							
15454-SFP-GE+-LX=	Cisco 15454-SFP-GE+-LX=	Network Convergence System 2000 Series	pluggable	layered	ONS 15454 MSTP and NCS 2000	(none)	ONS 15454 MSTP (M2 / M6 / M12 shelves and cards)		sku ^15454							
15454-SFP-GE+-LX=EOS	SFP - GE/1G-FC/2G-FC - 1310 nm - MM - LC	Network Convergence System 2000 Series	pluggable	layered	ONS 15454 MSTP and NCS 2000	(none)	ONS 15454 MSTP (M2 / M6 / M12 shelves and cards)		sku ^15454							
15454-SFP-GEFC-SX=	Cisco 15454-SFP-GEFC-SX=	Network Convergence System 2000 Series	pluggable	layered	ONS 15454 MSTP and NCS 2000	(none)	ONS 15454 MSTP (M2 / M6 / M12 shelves and cards)		sku ^15454							
15454-SFP-GEFC-SX=EOS	SFP - GE/1G-FC/2G-FC - 850 nm - MM - LC	Network Convergence System 2000 Series	pluggable	layered	ONS 15454 MSTP and NCS 2000	(none)	ONS 15454 MSTP (M2 / M6 / M12 shelves and cards)		sku ^15454							
15454-SFP-LC-LX/LH=	Cisco 15454-SFP-LC-LX/LH=	Network Convergence System 2000 Series	pluggable	layered	ONS 15454 MSTP and NCS 2000	(none)	ONS 15454 MSTP (M2 / M6 / M12 shelves and cards)		sku ^15454							
15454-SFP-LC-LX=	1000BASE LX LC, SFP	Network Convergence System 2000 Series	pluggable	layered	ONS 15454 MSTP and NCS 2000	(none)	ONS 15454 MSTP (M2 / M6 / M12 shelves and cards)		sku ^15454							
15454-SFP-LC-SX=	1000BASE-ASESX LC, SFP	Network Convergence System 2000 Series	pluggable	layered	ONS 15454 MSTP and NCS 2000	(none)	ONS 15454 MSTP (M2 / M6 / M12 shelves and cards)		sku ^15454							
15454-SFP-OC48-IR=	Cisco 15454-SFP-OC48-IR=	Network Convergence System 2000 Series	pluggable	layered	ONS 15454 MSTP and NCS 2000	(none)	ONS 15454 MSTP (M2 / M6 / M12 shelves and cards)		sku ^15454							
15454-SFP12-4-IR=	Cisco 15454-SFP12-4-IR=	Network Convergence System 2000 Series	pluggable	layered	ONS 15454 MSTP and NCS 2000	(none)	ONS 15454 MSTP (M2 / M6 / M12 shelves and cards)		sku ^15454							
15454-SFP3-1-IR=	Cisco 15454-SFP3-1-IR=	Network Convergence System 2000 Series	pluggable	layered	ONS 15454 MSTP and NCS 2000	(none)	ONS 15454 MSTP (M2 / M6 / M12 shelves and cards)		sku ^15454							
15454-SMR1-LIC	SM ROADM 1-PRE-AMP 100GHZ-CBAND-10ch License Restricted	Network Convergence System 2000 Series	roadm	layered	ONS 15454 MSTP and NCS 2000	(none)	ONS 15454 MSTP (M2 / M6 / M12 shelves and cards)		sku ^15454							
15454-SMR1-LIC=	SM ROADM 1-PRE-AMP 100GHZ-CBAND-10ch License Restricted	Network Convergence System 2000 Series	roadm	layered	ONS 15454 MSTP and NCS 2000	(none)	ONS 15454 MSTP (M2 / M6 / M12 shelves and cards)		sku ^15454							
15454-SMR2-LIC	SM ROADM 2-PRE-AMP-BST 100GHZ-CBAND-10ch License Restricted	Network Convergence System 2000 Series	roadm	layered	ONS 15454 MSTP and NCS 2000	(none)	ONS 15454 MSTP (M2 / M6 / M12 shelves and cards)		sku ^15454							
15454-SMR2-LIC=	SM ROADM 2-PRE-AMP-BST 100GHZ-CBAND-10ch License Restricted	Network Convergence System 2000 Series	roadm	layered	ONS 15454 MSTP and NCS 2000	(none)	ONS 15454 MSTP (M2 / M6 / M12 shelves and cards)		sku ^15454							
15454-TDC-CC=	Tunable Dispersion Compensation Unit – C- Band – Coarse	ONS 15454 Series Multiservice Transport Platforms	dcu	layered	ONS 15454 MSTP and NCS 2000	(none)	ONS 15454 MSTP (M2 / M6 / M12 shelves and cards)		sku ^15454							
15454-TDC-FC=	Tunable Dispersion Compensation Unit – C- Band – Fine	ONS 15454 Series Multiservice Transport Platforms	dcu	layered	ONS 15454 MSTP and NCS 2000	(none)	ONS 15454 MSTP (M2 / M6 / M12 shelves and cards)		sku ^15454							
15454-WXC-LIC	80-WXC - 80 chs - C-Band - 10ch Licensed Restricted	ONS 15454 Series Multiservice Transport Platforms	roadm	layered	ONS 15454 MSTP and NCS 2000	(none)	ONS 15454 MSTP (M2 / M6 / M12 shelves and cards)		sku ^15454							
15454-WXC-LIC=	80-WXC -80 chs - C-Band - 10ch Licensed Restricted	ONS 15454 Series Multiservice Transport Platforms	roadm	layered	ONS 15454 MSTP and NCS 2000	(none)	ONS 15454 MSTP (M2 / M6 / M12 shelves and cards)		sku ^15454							
15454-YCBL-LC=	15454 - 2RU Y-Cable Drawer (8 Modules positions)	Network Convergence System 2000 Series	accessory	layered	ONS 15454 MSTP and NCS 2000	(none)	ONS 15454 MSTP (M2 / M6 / M12 shelves and cards)		sku ^15454							
15454-YCM-MM-LC=	15454 - Y-Cable Module - MM - LC (1 channel)	Network Convergence System 2000 Series	mux	layered	ONS 15454 MSTP and NCS 2000	(none)	ONS 15454 MSTP (M2 / M6 / M12 shelves and cards)		sku ^15454							
15454-YCM-SM-LC=	15454 - Y-Cable Module - SM - LC (1 channel)	Network Convergence System 2000 Series	mux	layered	ONS 15454 MSTP and NCS 2000	(none)	ONS 15454 MSTP (M2 / M6 / M12 shelves and cards)		sku ^15454							
15454E-BLANK=	15454 ETSI Blank Module (Slot Filler)	Network Convergence System 2000 Series	mechanical	layered	ONS 15454 MSTP and NCS 2000	(none)	ONS 15454 MSTP (M2 / M6 / M12 shelves and cards)		sku ^15454							
15454E-CONSOLE-02	Cable, console, Cisco ML-Series, RJ-11 plug to RJ-45 jack, 22 in. (55.9 cm) long, SDH (ETSI) system	Line cards	cable	layered	ONS 15454 MSTP and NCS 2000	(none)	ONS 15454 MSTP (M2 / M6 / M12 shelves and cards)		sku ^15454							
15454E-ML1000-2	1000-Mbps Ethernet card, 2 SFP slots, Layer 2 and Layer 3 switching, SDH (ETSI) system	Line cards	linecard	layered	ONS 15454 MSTP and NCS 2000	(none)	ONS 15454 MSTP (M2 / M6 / M12 shelves and cards)		sku ^15454							
15454E-ML100T-12	10/100-Mbps Ethernet card, 12 ports, RJ-45, Layer 2 and Layer 3 switching, SDH (ETSI) system, includes console cable	Line cards	linecard	layered	ONS 15454 MSTP and NCS 2000	(none)	ONS 15454 MSTP (M2 / M6 / M12 shelves and cards)		sku ^15454							
15454E-ML100X-8	100 Mbps BASE-FX/LX Ethernet card, eight SFP connections, Layer 2 and Layer 3 switching, SDH (ETSI) system	Line cards	linecard	layered	ONS 15454 MSTP and NCS 2000	(none)	ONS 15454 MSTP (M2 / M6 / M12 shelves and cards)		sku ^15454							
15454E-OPT-BST	^Optical Booster Amplifier Module, EOS 09-05(2800)	ONS 15454 Series Multiservice Transport Platforms	amplifier	layered	ONS 15454 MSTP and NCS 2000	(none)	ONS 15454 MSTP (M2 / M6 / M12 shelves and cards)		sku ^15454							
15454E-OPT-BST=	^Optical Booster Amplifier Module, EOS 09-05(2800)	ONS 15454 Series Multiservice Transport Platforms	amplifier	layered	ONS 15454 MSTP and NCS 2000	(none)	ONS 15454 MSTP (M2 / M6 / M12 shelves and cards)		sku ^15454							
15454E-OPT-PRE	^Optical Pre-Amplifier Module, EOS 09-05(2800)	ONS 15454 Series Multiservice Transport Platforms	amplifier	layered	ONS 15454 MSTP and NCS 2000	(none)	ONS 15454 MSTP (M2 / M6 / M12 shelves and cards)		sku ^15454							
15454E-OPT-PRE=	^Optical Pre-Amplifier Module, EOS 09-05(2800)	ONS 15454 Series Multiservice Transport Platforms	amplifier	layered	ONS 15454 MSTP and NCS 2000	(none)	ONS 15454 MSTP (M2 / M6 / M12 shelves and cards)		sku ^15454							
15454E-SFP-L.16.1=	SFP - OC-48/STM-16 - 1310nm SH - SM - LC	ONS 15454 Series Multiservice Transport Platforms	pluggable	layered	ONS 15454 MSTP and NCS 2000	(none)	ONS 15454 MSTP (M2 / M6 / M12 shelves and cards)		sku ^15454							
15454W-100X10G-SK	10x 100G MXP LH - Starter Kit	ONS 15454 Series Multiservice Transport Platforms	mechanical	layered	ONS 15454 MSTP and NCS 2000	(none)	ONS 15454 MSTP (M2 / M6 / M12 shelves and cards)		sku ^15454							
15454W-2X100G-SK	2x 100G LR4 LH Transponder - Starter Kit	ONS 15454 Series Multiservice Transport Platforms	linecard	layered	ONS 15454 MSTP and NCS 2000	(none)	ONS 15454 MSTP (M2 / M6 / M12 shelves and cards)		sku ^15454							
15454W-5X40GMXP-SK	5x 4x10G Coherent Muxponder w/SR XFPs Starter Kit	ONS 15454 Series Multiservice Transport Platforms	linecard	layered	ONS 15454 MSTP and NCS 2000	(none)	ONS 15454 MSTP (M2 / M6 / M12 shelves and cards)		sku ^15454							
15454W-5XOTU2XP-SK	5x 2x10G OTN MR Transponder w/SR & Tunable XFPs Starter Kit	ONS 15454 Series Multiservice Transport Platforms	linecard	layered	ONS 15454 MSTP and NCS 2000	(none)	ONS 15454 MSTP (M2 / M6 / M12 shelves and cards)		sku ^15454							
800-103176-01	Cisco 800-103176-01	Network Convergence System 2000 Series	unknown	layered	ONS 15454 MSTP and NCS 2000	(shared across the line)		ONS 15454 MSTP and NCS 2000 shared parts	label-unsupported (label Network Convergence System 2000 Series; was NCS 2000 (NCS 2002 / 2006 / 2015)): no platform token (2000, 2002, 2006, 2015) in the SKU or name, no compatible part placed in the series						none: no platform token (2000, 2002, 2006, 2015) in the SKU or name, no compatible part placed in the series	
800-39910-07	Cisco 800-39910-07	Network Convergence System 2000 Series	unknown	layered	ONS 15454 MSTP and NCS 2000	(shared across the line)		ONS 15454 MSTP and NCS 2000 shared parts	label-unsupported (label Network Convergence System 2000 Series; was NCS 2000 (NCS 2002 / 2006 / 2015)): no platform token (2000, 2002, 2006, 2015) in the SKU or name, no compatible part placed in the series						none: no platform token (2000, 2002, 2006, 2015) in the SKU or name, no compatible part placed in the series	
800-41495-01	Cisco 800-41495-01	Network Convergence System 2000 Series	unknown	layered	ONS 15454 MSTP and NCS 2000	(shared across the line)		ONS 15454 MSTP and NCS 2000 shared parts	label-unsupported (label Network Convergence System 2000 Series; was NCS 2000 (NCS 2002 / 2006 / 2015)): no platform token (2000, 2002, 2006, 2015) in the SKU or name, no compatible part placed in the series						none: no platform token (2000, 2002, 2006, 2015) in the SKU or name, no compatible part placed in the series	
AK/15201=	Accessory Kit, 15201 Single-Channel Unit (SCU)	ONS 15200 Series DWDM Systems	mechanical	layered	ONS 15216 / 15200 DWDM passives	(none)	ONS 15200 (15201 / 15252) CLIP and NAM modules		sku 15201							
AK/15252=	Accessory Kit, 15252 Multi-Channel Unit (MCU)	ONS 15200 Series DWDM Systems	mechanical	layered	ONS 15216 / 15200 DWDM passives	(none)	ONS 15200 (15201 / 15252) CLIP and NAM modules		sku 15252							
CH23/L/U/SC/15200	CLIP Chan 23, Long Range, Unprotected, SC Connector,15200	ONS 15200 Series DWDM Systems	transponder	layered	ONS 15216 / 15200 DWDM passives	(none)	ONS 15200 (15201 / 15252) CLIP and NAM modules		sku ^CH[0-9]{2}/							
CH23/L/U/SC/15200=	CLIP Chan 23, Long Range, Unprotected, SC Connector,15200	ONS 15200 Series DWDM Systems	transponder	layered	ONS 15216 / 15200 DWDM passives	(none)	ONS 15200 (15201 / 15252) CLIP and NAM modules		sku ^CH[0-9]{2}/							
CH23/M/P/SC/15200	CLIP Chan 23, Med Range, Protected, SC Connector,15200	ONS 15200 Series DWDM Systems	transponder	layered	ONS 15216 / 15200 DWDM passives	(none)	ONS 15200 (15201 / 15252) CLIP and NAM modules		sku ^CH[0-9]{2}/							
CH23/M/P/SC/15200=	CLIP Chan 23, Med Range, Protected, SC Connector,15200	ONS 15200 Series DWDM Systems	transponder	layered	ONS 15216 / 15200 DWDM passives	(none)	ONS 15200 (15201 / 15252) CLIP and NAM modules		sku ^CH[0-9]{2}/							
CH23/M/U/SC/15200	CLIP Chan 23, Med Range, Unprotected, SC Connector,15200	ONS 15200 Series DWDM Systems	transponder	layered	ONS 15216 / 15200 DWDM passives	(none)	ONS 15200 (15201 / 15252) CLIP and NAM modules		sku ^CH[0-9]{2}/							
CH23/M/U/SC/15200=	CLIP Chan 23, Med Range, Unprotected, SC Connector,15200	ONS 15200 Series DWDM Systems	transponder	layered	ONS 15216 / 15200 DWDM passives	(none)	ONS 15200 (15201 / 15252) CLIP and NAM modules		sku ^CH[0-9]{2}/							
CH25/M/P/SC/15200	CLIP Chan 25, Med Range, Protected, SC Connector,15200	ONS 15200 Series DWDM Systems	transponder	layered	ONS 15216 / 15200 DWDM passives	(none)	ONS 15200 (15201 / 15252) CLIP and NAM modules		sku ^CH[0-9]{2}/							
CH25/M/P/SC/15200=	CLIP Chan 25, Med Range, Protected, SC Connector,15200	ONS 15200 Series DWDM Systems	transponder	layered	ONS 15216 / 15200 DWDM passives	(none)	ONS 15200 (15201 / 15252) CLIP and NAM modules		sku ^CH[0-9]{2}/							
CH25/M/U/SC/15200	CLIP Chan 25, Med Range, Unprotected, SC Connector,15200	ONS 15200 Series DWDM Systems	transponder	layered	ONS 15216 / 15200 DWDM passives	(none)	ONS 15200 (15201 / 15252) CLIP and NAM modules		sku ^CH[0-9]{2}/							
CH25/M/U/SC/15200=	CLIP Chan 25, Med Range, Unprotected, SC Connector,15200	ONS 15200 Series DWDM Systems	transponder	layered	ONS 15216 / 15200 DWDM passives	(none)	ONS 15200 (15201 / 15252) CLIP and NAM modules		sku ^CH[0-9]{2}/							
CH27/L/U/SC/15200	CLIP Chan 27, Long Range, Unprotected, SC Connector,15200	ONS 15200 Series DWDM Systems	transponder	layered	ONS 15216 / 15200 DWDM passives	(none)	ONS 15200 (15201 / 15252) CLIP and NAM modules		sku ^CH[0-9]{2}/							
CH27/L/U/SC/15200=	CLIP Chan 27, Long Range, Unprotected, SC Connector,15200	ONS 15200 Series DWDM Systems	transponder	layered	ONS 15216 / 15200 DWDM passives	(none)	ONS 15200 (15201 / 15252) CLIP and NAM modules		sku ^CH[0-9]{2}/							
CH27/M/P/SC/15200	CLIP Chan 27, Med Range, Protected, SC Connector,15200	ONS 15200 Series DWDM Systems	transponder	layered	ONS 15216 / 15200 DWDM passives	(none)	ONS 15200 (15201 / 15252) CLIP and NAM modules		sku ^CH[0-9]{2}/							
CH27/M/P/SC/15200=	CLIP Chan 27, Med Range, Protected, SC Connector,15200	ONS 15200 Series DWDM Systems	transponder	layered	ONS 15216 / 15200 DWDM passives	(none)	ONS 15200 (15201 / 15252) CLIP and NAM modules		sku ^CH[0-9]{2}/							
CH27/M/U/SC/15200	CLIP Chan 27, Med Range, Unprotected, SC Connector,15200	ONS 15200 Series DWDM Systems	transponder	layered	ONS 15216 / 15200 DWDM passives	(none)	ONS 15200 (15201 / 15252) CLIP and NAM modules		sku ^CH[0-9]{2}/							
CH27/M/U/SC/15200=	CLIP Chan 27, Med Range, Unprotected, SC Connector,15200	ONS 15200 Series DWDM Systems	transponder	layered	ONS 15216 / 15200 DWDM passives	(none)	ONS 15200 (15201 / 15252) CLIP and NAM modules		sku ^CH[0-9]{2}/							
CH29/L/U/SC/15200	CLIP Chan 29, Long Range, Unprotected, SC Connector,15200	ONS 15200 Series DWDM Systems	transponder	layered	ONS 15216 / 15200 DWDM passives	(none)	ONS 15200 (15201 / 15252) CLIP and NAM modules		sku ^CH[0-9]{2}/							
CH29/L/U/SC/15200=	CLIP Chan 29, Long Range, Unprotected, SC Connector,15200	ONS 15200 Series DWDM Systems	transponder	layered	ONS 15216 / 15200 DWDM passives	(none)	ONS 15200 (15201 / 15252) CLIP and NAM modules		sku ^CH[0-9]{2}/							
CH29/M/P/SC/15200	CLIP Chan 29, Med Range, Protected, SC Connector,15200	ONS 15200 Series DWDM Systems	transponder	layered	ONS 15216 / 15200 DWDM passives	(none)	ONS 15200 (15201 / 15252) CLIP and NAM modules		sku ^CH[0-9]{2}/							
CH29/M/P/SC/15200=	CLIP Chan 29, Med Range, Protected, SC Connector,15200	ONS 15200 Series DWDM Systems	transponder	layered	ONS 15216 / 15200 DWDM passives	(none)	ONS 15200 (15201 / 15252) CLIP and NAM modules		sku ^CH[0-9]{2}/							
CH29/M/U/SC/15200	CLIP Chan 29, Med Range, Unprotected, SC Connector,15200	ONS 15200 Series DWDM Systems	transponder	layered	ONS 15216 / 15200 DWDM passives	(none)	ONS 15200 (15201 / 15252) CLIP and NAM modules		sku ^CH[0-9]{2}/							
CH29/M/U/SC/15200=	CLIP Chan 29, Med Range, Unprotected, SC Connector,15200	ONS 15200 Series DWDM Systems	transponder	layered	ONS 15216 / 15200 DWDM passives	(none)	ONS 15200 (15201 / 15252) CLIP and NAM modules		sku ^CH[0-9]{2}/							
CH31/L/U/SC/15200	CLIP Chan 31, Long Range, Unprotected, SC Connector,15200	ONS 15200 Series DWDM Systems	transponder	layered	ONS 15216 / 15200 DWDM passives	(none)	ONS 15200 (15201 / 15252) CLIP and NAM modules		sku ^CH[0-9]{2}/							
CH31/L/U/SC/15200=	CLIP Chan 31, Long Range, Unprotected, SC Connector,15200	ONS 15200 Series DWDM Systems	transponder	layered	ONS 15216 / 15200 DWDM passives	(none)	ONS 15200 (15201 / 15252) CLIP and NAM modules		sku ^CH[0-9]{2}/							
CH31/M/P/SC/15200	CLIP Chan 31, Med Range, Protected, SC Connector,15200	ONS 15200 Series DWDM Systems	transponder	layered	ONS 15216 / 15200 DWDM passives	(none)	ONS 15200 (15201 / 15252) CLIP and NAM modules		sku ^CH[0-9]{2}/							
CH31/M/P/SC/15200=	CLIP Chan 31, Med Range, Protected, SC Connector,15200	ONS 15200 Series DWDM Systems	transponder	layered	ONS 15216 / 15200 DWDM passives	(none)	ONS 15200 (15201 / 15252) CLIP and NAM modules		sku ^CH[0-9]{2}/							
CH31/M/U/SC/15200	CLIP Chan 31, Med Range, Unprotected, SC Connector,15200	ONS 15200 Series DWDM Systems	transponder	layered	ONS 15216 / 15200 DWDM passives	(none)	ONS 15200 (15201 / 15252) CLIP and NAM modules		sku ^CH[0-9]{2}/							
CH31/M/U/SC/15200=	CLIP Chan 31, Med Range, Unprotected, SC Connector,15200	ONS 15200 Series DWDM Systems	transponder	layered	ONS 15216 / 15200 DWDM passives	(none)	ONS 15200 (15201 / 15252) CLIP and NAM modules		sku ^CH[0-9]{2}/							
CH33/L/U/SC/15200	CLIP Chan 33, Long Range, Unprotected, SC Connector,15200	ONS 15200 Series DWDM Systems	transponder	layered	ONS 15216 / 15200 DWDM passives	(none)	ONS 15200 (15201 / 15252) CLIP and NAM modules		sku ^CH[0-9]{2}/							
CH33/L/U/SC/15200=	CLIP Chan 33, Long Range, Unprotected, SC Connector,15200	ONS 15200 Series DWDM Systems	transponder	layered	ONS 15216 / 15200 DWDM passives	(none)	ONS 15200 (15201 / 15252) CLIP and NAM modules		sku ^CH[0-9]{2}/							
CH33/M/P/SC/15200	CLIP Chan 33, Med Range, Protected, SC Connector,15200	ONS 15200 Series DWDM Systems	transponder	layered	ONS 15216 / 15200 DWDM passives	(none)	ONS 15200 (15201 / 15252) CLIP and NAM modules		sku ^CH[0-9]{2}/							
CH33/M/P/SC/15200=	CLIP Chan 33, Med Range, Protected, SC Connector,15200	ONS 15200 Series DWDM Systems	transponder	layered	ONS 15216 / 15200 DWDM passives	(none)	ONS 15200 (15201 / 15252) CLIP and NAM modules		sku ^CH[0-9]{2}/							
CH33/M/U/SC/15200	CLIP Chan 33, Med Range, Unprotected, SC Connector,15200	ONS 15200 Series DWDM Systems	transponder	layered	ONS 15216 / 15200 DWDM passives	(none)	ONS 15200 (15201 / 15252) CLIP and NAM modules		sku ^CH[0-9]{2}/							
CH33/M/U/SC/15200=	CLIP Chan 33, Med Range, Unprotected, SC Connector,15200	ONS 15200 Series DWDM Systems	transponder	layered	ONS 15216 / 15200 DWDM passives	(none)	ONS 15200 (15201 / 15252) CLIP and NAM modules		sku ^CH[0-9]{2}/							
CH35/L/U/SC/15200	CLIP Chan 35, Long Range, Unprotected, SC Connector,15200	ONS 15200 Series DWDM Systems	transponder	layered	ONS 15216 / 15200 DWDM passives	(none)	ONS 15200 (15201 / 15252) CLIP and NAM modules		sku ^CH[0-9]{2}/							
CH35/L/U/SC/15200=	CLIP Chan 35, Long Range, Unprotected, SC Connector,15200	ONS 15200 Series DWDM Systems	transponder	layered	ONS 15216 / 15200 DWDM passives	(none)	ONS 15200 (15201 / 15252) CLIP and NAM modules		sku ^CH[0-9]{2}/							
CH35/M/P/SC/15200	CLIP Chan 35, Med Range, Protected, SC Connector,15200	ONS 15200 Series DWDM Systems	transponder	layered	ONS 15216 / 15200 DWDM passives	(none)	ONS 15200 (15201 / 15252) CLIP and NAM modules		sku ^CH[0-9]{2}/							
CH35/M/P/SC/15200=	CLIP Chan 35, Med Range, Protected, SC Connector,15200	ONS 15200 Series DWDM Systems	transponder	layered	ONS 15216 / 15200 DWDM passives	(none)	ONS 15200 (15201 / 15252) CLIP and NAM modules		sku ^CH[0-9]{2}/							
CH35/M/U/SC/15200	CLIP Chan 35, Med Range, Unprotected, SC Connector,15200	ONS 15200 Series DWDM Systems	transponder	layered	ONS 15216 / 15200 DWDM passives	(none)	ONS 15200 (15201 / 15252) CLIP and NAM modules		sku ^CH[0-9]{2}/							
CH35/M/U/SC/15200=	CLIP Chan 35, Med Range, Unprotected, SC Connector,15200	ONS 15200 Series DWDM Systems	transponder	layered	ONS 15216 / 15200 DWDM passives	(none)	ONS 15200 (15201 / 15252) CLIP and NAM modules		sku ^CH[0-9]{2}/							
CH37/L/P/SC/15200	CLIP Chan 37, Long Range, Protected, SC Connector,15200	ONS 15200 Series DWDM Systems	transponder	layered	ONS 15216 / 15200 DWDM passives	(none)	ONS 15200 (15201 / 15252) CLIP and NAM modules		sku ^CH[0-9]{2}/							
CH37/L/P/SC/15200=	CLIP Chan 37, Long Range, Protected, SC Connector,15200	ONS 15200 Series DWDM Systems	transponder	layered	ONS 15216 / 15200 DWDM passives	(none)	ONS 15200 (15201 / 15252) CLIP and NAM modules		sku ^CH[0-9]{2}/							
CH37/L/U/SC/15200	CLIP Chan 37, Long Range, Unprotected, SC Connector,15200	ONS 15200 Series DWDM Systems	transponder	layered	ONS 15216 / 15200 DWDM passives	(none)	ONS 15200 (15201 / 15252) CLIP and NAM modules		sku ^CH[0-9]{2}/							
CH37/L/U/SC/15200=	CLIP Chan 37, Long Range, Unprotected, SC Connector,15200	ONS 15200 Series DWDM Systems	transponder	layered	ONS 15216 / 15200 DWDM passives	(none)	ONS 15200 (15201 / 15252) CLIP and NAM modules		sku ^CH[0-9]{2}/							
CH37/M/P/SC/15200	CLIP Chan 37, Med Range, Protected, SC Connector,15200	ONS 15200 Series DWDM Systems	transponder	layered	ONS 15216 / 15200 DWDM passives	(none)	ONS 15200 (15201 / 15252) CLIP and NAM modules		sku ^CH[0-9]{2}/							
CH37/M/P/SC/15200=	CLIP Chan 37, Med Range, Protected, SC Connector,15200	ONS 15200 Series DWDM Systems	transponder	layered	ONS 15216 / 15200 DWDM passives	(none)	ONS 15200 (15201 / 15252) CLIP and NAM modules		sku ^CH[0-9]{2}/							
CH37/M/U/SC/15200	CLIP Chan 37, Med Range, Unprotected, SC Connector,15200	ONS 15200 Series DWDM Systems	transponder	layered	ONS 15216 / 15200 DWDM passives	(none)	ONS 15200 (15201 / 15252) CLIP and NAM modules		sku ^CH[0-9]{2}/							
CH37/M/U/SC/15200=	CLIP Chan 37, Med Range, Unprotected, SC Connector,15200	ONS 15200 Series DWDM Systems	transponder	layered	ONS 15216 / 15200 DWDM passives	(none)	ONS 15200 (15201 / 15252) CLIP and NAM modules		sku ^CH[0-9]{2}/							
CH43/L/P/SC/15200	CLIP Chan 43, Long Range, Protected, SC Connector,15200	ONS 15200 Series DWDM Systems	transponder	layered	ONS 15216 / 15200 DWDM passives	(none)	ONS 15200 (15201 / 15252) CLIP and NAM modules		sku ^CH[0-9]{2}/							
CH43/L/P/SC/15200=	CLIP Chan 43, Long Range, Protected, SC Connector,15200	ONS 15200 Series DWDM Systems	transponder	layered	ONS 15216 / 15200 DWDM passives	(none)	ONS 15200 (15201 / 15252) CLIP and NAM modules		sku ^CH[0-9]{2}/							
CH43/L/U/SC/15200	CLIP Chan 43, Long Range, Unprotected, SC Connector,15200	ONS 15200 Series DWDM Systems	transponder	layered	ONS 15216 / 15200 DWDM passives	(none)	ONS 15200 (15201 / 15252) CLIP and NAM modules		sku ^CH[0-9]{2}/							
CH43/L/U/SC/15200=	CLIP Chan 43, Long Range, Unprotected, SC Connector,15200	ONS 15200 Series DWDM Systems	transponder	layered	ONS 15216 / 15200 DWDM passives	(none)	ONS 15200 (15201 / 15252) CLIP and NAM modules		sku ^CH[0-9]{2}/							
CH43/M/P/SC/15200	CLIP Chan 43, Med Range, Protected, SC Connector,15200	ONS 15200 Series DWDM Systems	transponder	layered	ONS 15216 / 15200 DWDM passives	(none)	ONS 15200 (15201 / 15252) CLIP and NAM modules		sku ^CH[0-9]{2}/							
CH43/M/P/SC/15200=	CLIP Chan 43, Med Range, Protected, SC Connector,15200	ONS 15200 Series DWDM Systems	transponder	layered	ONS 15216 / 15200 DWDM passives	(none)	ONS 15200 (15201 / 15252) CLIP and NAM modules		sku ^CH[0-9]{2}/							
CH43/M/U/SC/15200	CLIP Chan 43, Med Range, Unprotected, SC Connector,15200	ONS 15200 Series DWDM Systems	transponder	layered	ONS 15216 / 15200 DWDM passives	(none)	ONS 15200 (15201 / 15252) CLIP and NAM modules		sku ^CH[0-9]{2}/							
CH43/M/U/SC/15200=	CLIP Chan 43, Med Range, Unprotected, SC Connector,15200	ONS 15200 Series DWDM Systems	transponder	layered	ONS 15216 / 15200 DWDM passives	(none)	ONS 15200 (15201 / 15252) CLIP and NAM modules		sku ^CH[0-9]{2}/							
CH45/L/U/SC/15200	CLIP Chan 45, Long Range, Unprotected, SC Connector,15200	ONS 15200 Series DWDM Systems	transponder	layered	ONS 15216 / 15200 DWDM passives	(none)	ONS 15200 (15201 / 15252) CLIP and NAM modules		sku ^CH[0-9]{2}/							
CH45/L/U/SC/15200=	CLIP Chan 45, Long Range, Unprotected, SC Connector,15200	ONS 15200 Series DWDM Systems	transponder	layered	ONS 15216 / 15200 DWDM passives	(none)	ONS 15200 (15201 / 15252) CLIP and NAM modules		sku ^CH[0-9]{2}/							
CH45/M/P/SC/15200	CLIP Chan 45, Med Range, Protected, SC Connector,15200	ONS 15200 Series DWDM Systems	transponder	layered	ONS 15216 / 15200 DWDM passives	(none)	ONS 15200 (15201 / 15252) CLIP and NAM modules		sku ^CH[0-9]{2}/							
CH45/M/P/SC/15200=	CLIP Chan 45, Med Range, Protected, SC Connector,15200	ONS 15200 Series DWDM Systems	transponder	layered	ONS 15216 / 15200 DWDM passives	(none)	ONS 15200 (15201 / 15252) CLIP and NAM modules		sku ^CH[0-9]{2}/							
CH45/M/U/SC/15200	CLIP Chan 45, Med Range, Unprotected, SC Connector,15200	ONS 15200 Series DWDM Systems	transponder	layered	ONS 15216 / 15200 DWDM passives	(none)	ONS 15200 (15201 / 15252) CLIP and NAM modules		sku ^CH[0-9]{2}/							
CH45/M/U/SC/15200=	CLIP Chan 45, Med Range, Unprotected, SC Connector,15200	ONS 15200 Series DWDM Systems	transponder	layered	ONS 15216 / 15200 DWDM passives	(none)	ONS 15200 (15201 / 15252) CLIP and NAM modules		sku ^CH[0-9]{2}/							
CH47/L/P/SC/15200	CLIP Chan 47, Long Range, Protected, SC Connector,15200	ONS 15200 Series DWDM Systems	transponder	layered	ONS 15216 / 15200 DWDM passives	(none)	ONS 15200 (15201 / 15252) CLIP and NAM modules		sku ^CH[0-9]{2}/							
CH47/L/P/SC/15200=	CLIP Chan 47, Long Range, Protected, SC Connector,15200	ONS 15200 Series DWDM Systems	transponder	layered	ONS 15216 / 15200 DWDM passives	(none)	ONS 15200 (15201 / 15252) CLIP and NAM modules		sku ^CH[0-9]{2}/							
CH47/L/U/SC/15200	CLIP Chan 47, Long Range, Unprotected, SC Connector,15200	ONS 15200 Series DWDM Systems	transponder	layered	ONS 15216 / 15200 DWDM passives	(none)	ONS 15200 (15201 / 15252) CLIP and NAM modules		sku ^CH[0-9]{2}/							
CH47/L/U/SC/15200=	CLIP Chan 47, Long Range, Unprotected, SC Connector,15200	ONS 15200 Series DWDM Systems	transponder	layered	ONS 15216 / 15200 DWDM passives	(none)	ONS 15200 (15201 / 15252) CLIP and NAM modules		sku ^CH[0-9]{2}/							
CH47/M/P/SC/15200	CLIP Chan 47, Med Range, Protected, SC Connector,15200	ONS 15200 Series DWDM Systems	transponder	layered	ONS 15216 / 15200 DWDM passives	(none)	ONS 15200 (15201 / 15252) CLIP and NAM modules		sku ^CH[0-9]{2}/							
CH47/M/P/SC/15200=	CLIP Chan 47, Med Range, Protected, SC Connector,15200	ONS 15200 Series DWDM Systems	transponder	layered	ONS 15216 / 15200 DWDM passives	(none)	ONS 15200 (15201 / 15252) CLIP and NAM modules		sku ^CH[0-9]{2}/							
CH47/M/U/SC/15200	CLIP Chan 47, Med Range, Unprotected, SC Connector,15200	ONS 15200 Series DWDM Systems	transponder	layered	ONS 15216 / 15200 DWDM passives	(none)	ONS 15200 (15201 / 15252) CLIP and NAM modules		sku ^CH[0-9]{2}/							
CH47/M/U/SC/15200=	CLIP Chan 47, Med Range, Unprotected, SC Connector,15200	ONS 15200 Series DWDM Systems	transponder	layered	ONS 15216 / 15200 DWDM passives	(none)	ONS 15200 (15201 / 15252) CLIP and NAM modules		sku ^CH[0-9]{2}/							
CH49/L/U/SC/15200	CLIP Chan 49, Long Range, Unprotected, SC Connector,15200	ONS 15200 Series DWDM Systems	transponder	layered	ONS 15216 / 15200 DWDM passives	(none)	ONS 15200 (15201 / 15252) CLIP and NAM modules		sku ^CH[0-9]{2}/							
CH49/L/U/SC/15200=	CLIP Chan 49, Long Range, Unprotected, SC Connector,15200	ONS 15200 Series DWDM Systems	transponder	layered	ONS 15216 / 15200 DWDM passives	(none)	ONS 15200 (15201 / 15252) CLIP and NAM modules		sku ^CH[0-9]{2}/							
CH49/M/P/SC/15200	CLIP Chan 49, Med Range, Protected, SC Connector,15200	ONS 15200 Series DWDM Systems	transponder	layered	ONS 15216 / 15200 DWDM passives	(none)	ONS 15200 (15201 / 15252) CLIP and NAM modules		sku ^CH[0-9]{2}/							
CH49/M/P/SC/15200=	CLIP Chan 49, Med Range, Protected, SC Connector,15200	ONS 15200 Series DWDM Systems	transponder	layered	ONS 15216 / 15200 DWDM passives	(none)	ONS 15200 (15201 / 15252) CLIP and NAM modules		sku ^CH[0-9]{2}/							
CH49/M/U/SC/15200	CLIP Chan 49, Med Range, Unprotected, SC Connector,15200	ONS 15200 Series DWDM Systems	transponder	layered	ONS 15216 / 15200 DWDM passives	(none)	ONS 15200 (15201 / 15252) CLIP and NAM modules		sku ^CH[0-9]{2}/							
CH49/M/U/SC/15200=	CLIP Chan 49, Med Range, Unprotected, SC Connector,15200	ONS 15200 Series DWDM Systems	transponder	layered	ONS 15216 / 15200 DWDM passives	(none)	ONS 15200 (15201 / 15252) CLIP and NAM modules		sku ^CH[0-9]{2}/							
CH51/L/P/SC/15200	CLIP Chan 51, Long Range, Protected, SC Connector,15200	ONS 15200 Series DWDM Systems	transponder	layered	ONS 15216 / 15200 DWDM passives	(none)	ONS 15200 (15201 / 15252) CLIP and NAM modules		sku ^CH[0-9]{2}/							
CH51/L/P/SC/15200=	CLIP Chan 51, Long Range, Protected, SC Connector,15200	ONS 15200 Series DWDM Systems	transponder	layered	ONS 15216 / 15200 DWDM passives	(none)	ONS 15200 (15201 / 15252) CLIP and NAM modules		sku ^CH[0-9]{2}/							
CH51/L/U/SC/15200	CLIP Chan 51, Long Range, Unprotected, SC Connector,15200	ONS 15200 Series DWDM Systems	transponder	layered	ONS 15216 / 15200 DWDM passives	(none)	ONS 15200 (15201 / 15252) CLIP and NAM modules		sku ^CH[0-9]{2}/							
CH51/L/U/SC/15200=	CLIP Chan 51, Long Range, Unprotected, SC Connector,15200	ONS 15200 Series DWDM Systems	transponder	layered	ONS 15216 / 15200 DWDM passives	(none)	ONS 15200 (15201 / 15252) CLIP and NAM modules		sku ^CH[0-9]{2}/							
CH51/M/P/SC/15200	CLIP Chan 51, Med Range, Protected, SC Connector,15200	ONS 15200 Series DWDM Systems	transponder	layered	ONS 15216 / 15200 DWDM passives	(none)	ONS 15200 (15201 / 15252) CLIP and NAM modules		sku ^CH[0-9]{2}/							
CH51/M/P/SC/15200=	CLIP Chan 51, Med Range, Protected, SC Connector,15200	ONS 15200 Series DWDM Systems	transponder	layered	ONS 15216 / 15200 DWDM passives	(none)	ONS 15200 (15201 / 15252) CLIP and NAM modules		sku ^CH[0-9]{2}/							
CH51/M/U/SC/15200	CLIP Chan 51, Med Range, Unprotected, SC Connector,15200	ONS 15200 Series DWDM Systems	transponder	layered	ONS 15216 / 15200 DWDM passives	(none)	ONS 15200 (15201 / 15252) CLIP and NAM modules		sku ^CH[0-9]{2}/							
CH51/M/U/SC/15200=	CLIP Chan 51, Med Range, Unprotected, SC Connector,15200	ONS 15200 Series DWDM Systems	transponder	layered	ONS 15216 / 15200 DWDM passives	(none)	ONS 15200 (15201 / 15252) CLIP and NAM modules		sku ^CH[0-9]{2}/							
CH53/L/U/SC/15200	CLIP Chan 53, Long Range, Unprotected, SC Connector,15200	ONS 15200 Series DWDM Systems	transponder	layered	ONS 15216 / 15200 DWDM passives	(none)	ONS 15200 (15201 / 15252) CLIP and NAM modules		sku ^CH[0-9]{2}/							
CH53/L/U/SC/15200=	CLIP Chan 53, Long Range, Unprotected, SC Connector,15200	ONS 15200 Series DWDM Systems	transponder	layered	ONS 15216 / 15200 DWDM passives	(none)	ONS 15200 (15201 / 15252) CLIP and NAM modules		sku ^CH[0-9]{2}/							
CH53/M/P/SC/15200	CLIP Chan 53, Med Range, Protected, SC Connector,15200	ONS 15200 Series DWDM Systems	transponder	layered	ONS 15216 / 15200 DWDM passives	(none)	ONS 15200 (15201 / 15252) CLIP and NAM modules		sku ^CH[0-9]{2}/							
CH53/M/P/SC/15200=	CLIP Chan 53, Med Range, Protected, SC Connector,15200	ONS 15200 Series DWDM Systems	transponder	layered	ONS 15216 / 15200 DWDM passives	(none)	ONS 15200 (15201 / 15252) CLIP and NAM modules		sku ^CH[0-9]{2}/							
CH53/M/U/SC/15200	CLIP Chan 53, Med Range, Unprotected, SC Connector,15200	ONS 15200 Series DWDM Systems	transponder	layered	ONS 15216 / 15200 DWDM passives	(none)	ONS 15200 (15201 / 15252) CLIP and NAM modules		sku ^CH[0-9]{2}/							
CH53/M/U/SC/15200=	CLIP Chan 53, Med Range, Unprotected, SC Connector,15200	ONS 15200 Series DWDM Systems	transponder	layered	ONS 15216 / 15200 DWDM passives	(none)	ONS 15200 (15201 / 15252) CLIP and NAM modules		sku ^CH[0-9]{2}/							
CH55/L/P/SC/15200	CLIP Chan 55, Long Range, Protected, SC Connector,15200	ONS 15200 Series DWDM Systems	transponder	layered	ONS 15216 / 15200 DWDM passives	(none)	ONS 15200 (15201 / 15252) CLIP and NAM modules		sku ^CH[0-9]{2}/							
CH55/L/P/SC/15200=	CLIP Chan 55, Long Range, Protected, SC Connector,15200	ONS 15200 Series DWDM Systems	transponder	layered	ONS 15216 / 15200 DWDM passives	(none)	ONS 15200 (15201 / 15252) CLIP and NAM modules		sku ^CH[0-9]{2}/							
CH55/L/U/SC/15200	CLIP Chan 55, Long Range, Unprotected, SC Connector,15200	ONS 15200 Series DWDM Systems	transponder	layered	ONS 15216 / 15200 DWDM passives	(none)	ONS 15200 (15201 / 15252) CLIP and NAM modules		sku ^CH[0-9]{2}/							
CH55/L/U/SC/15200=	CLIP Chan 55, Long Range, Unprotected, SC Connector,15200	ONS 15200 Series DWDM Systems	transponder	layered	ONS 15216 / 15200 DWDM passives	(none)	ONS 15200 (15201 / 15252) CLIP and NAM modules		sku ^CH[0-9]{2}/							
CH55/M/P/SC/15200	CLIP Chan 55, Med Range, Protected, SC Connector,15200	ONS 15200 Series DWDM Systems	transponder	layered	ONS 15216 / 15200 DWDM passives	(none)	ONS 15200 (15201 / 15252) CLIP and NAM modules		sku ^CH[0-9]{2}/							
CH55/M/P/SC/15200=	CLIP Chan 55, Med Range, Protected, SC Connector,15200	ONS 15200 Series DWDM Systems	transponder	layered	ONS 15216 / 15200 DWDM passives	(none)	ONS 15200 (15201 / 15252) CLIP and NAM modules		sku ^CH[0-9]{2}/							
CH55/M/U/SC/15200	CLIP Chan 55, Med Range, Unprotected, SC Connector,15200	ONS 15200 Series DWDM Systems	transponder	layered	ONS 15216 / 15200 DWDM passives	(none)	ONS 15200 (15201 / 15252) CLIP and NAM modules		sku ^CH[0-9]{2}/							
CH55/M/U/SC/15200=	CLIP Chan 55, Med Range, Unprotected, SC Connector,15200	ONS 15200 Series DWDM Systems	transponder	layered	ONS 15216 / 15200 DWDM passives	(none)	ONS 15200 (15201 / 15252) CLIP and NAM modules		sku ^CH[0-9]{2}/							
CH57/L/U/SC/15200	CLIP Chan 57, Long Range, Unprotected, SC Connector,15200	ONS 15200 Series DWDM Systems	transponder	layered	ONS 15216 / 15200 DWDM passives	(none)	ONS 15200 (15201 / 15252) CLIP and NAM modules		sku ^CH[0-9]{2}/							
CH57/L/U/SC/15200=	CLIP Chan 57, Long Range, Unprotected, SC Connector,15200	ONS 15200 Series DWDM Systems	transponder	layered	ONS 15216 / 15200 DWDM passives	(none)	ONS 15200 (15201 / 15252) CLIP and NAM modules		sku ^CH[0-9]{2}/							
CH57/M/P/SC/15200	CLIP Chan 57, Med Range, Protected, SC Connector,15200	ONS 15200 Series DWDM Systems	transponder	layered	ONS 15216 / 15200 DWDM passives	(none)	ONS 15200 (15201 / 15252) CLIP and NAM modules		sku ^CH[0-9]{2}/							
CH57/M/P/SC/15200=	CLIP Chan 57, Med Range, Protected, SC Connector,15200	ONS 15200 Series DWDM Systems	transponder	layered	ONS 15216 / 15200 DWDM passives	(none)	ONS 15200 (15201 / 15252) CLIP and NAM modules		sku ^CH[0-9]{2}/							
CH57/M/U/SC/15200	CLIP Chan 57, Med Range, Unprotected, SC Connector,15200	ONS 15200 Series DWDM Systems	transponder	layered	ONS 15216 / 15200 DWDM passives	(none)	ONS 15200 (15201 / 15252) CLIP and NAM modules		sku ^CH[0-9]{2}/							
CH57/M/U/SC/15200=	CLIP Chan 57, Med Range, Unprotected, SC Connector,15200	ONS 15200 Series DWDM Systems	transponder	layered	ONS 15216 / 15200 DWDM passives	(none)	ONS 15200 (15201 / 15252) CLIP and NAM modules		sku ^CH[0-9]{2}/							
CIM8-C-K9=	Coherent Interface Module 8 C-Band	Network Convergence System 1000 Series	transponder	layered	NCS 1000	(none)	NCS 1001 / 1002 / 1004 / 1010 / 1014		sku ^CIM8							
CIM8-CE-K9=	Coherent Interface Module 8 enhanced C-Band	Network Convergence System 1000 Series	transponder	layered	NCS 1000	(none)	NCS 1001 / 1002 / 1004 / 1010 / 1014		sku ^CIM8							
CIM8-LE-K9	Coherent Interface Module 8 enhanced L-Band	Network Convergence System 1000 Series	transponder	layered	NCS 1000	(none)	NCS 1001 / 1002 / 1004 / 1010 / 1014		sku ^CIM8							
CISCO-15454-M6	6 service slot MSTP chassis ATO (assemble to order)	ONS 15454 Series Multiservice Transport Platforms	chassis	layered	ONS 15454 MSTP and NCS 2000	(none)	ONS 15454 MSTP (M2 / M6 / M12 shelves and cards)		label ONS 15454 Series Multiservice Transport Platforms						sku-token: 15454	
CISCO15252-N3	ATO (Assemble to Order) NEBS3, CIM, AccKit, w/shelf.	ONS 15200 Series DWDM Systems	chassis	layered	ONS 15216 / 15200 DWDM passives	(none)	ONS 15200 (15201 / 15252) CLIP and NAM modules		sku 15252							
CO-10TDL50-X1001=	10G DWDM dispersion tolerant TRP (chirped)	ONS 15454 Series Multiservice Transport Platforms	transponder	layered	ONS 15454 MSTP and NCS 2000	(shared across the line)		ONS 15454 MSTP and NCS 2000 shared parts	label-unsupported (label ONS 15454 Series Multiservice Transport Platforms; was ONS 15454 MSTP (M2 / M6 / M12 shelves and cards)): no platform token (15454) in the SKU or name, no compatible part placed in the series						none: no platform token (15454) in the SKU or name, no compatible part placed in the series	
CO-10TDL51-X1001=	10G DWDM dispersion tolerant TRP (PIN)	ONS 15454 Series Multiservice Transport Platforms	transponder	layered	ONS 15454 MSTP and NCS 2000	(shared across the line)		ONS 15454 MSTP and NCS 2000 shared parts	label-unsupported (label ONS 15454 Series Multiservice Transport Platforms; was ONS 15454 MSTP (M2 / M6 / M12 shelves and cards)): no platform token (15454) in the SKU or name, no compatible part placed in the series						none: no platform token (15454) in the SKU or name, no compatible part placed in the series	
CO-40TDL40-X1001=	40G DWDM CP-QPSK Transponder (customer variant B)	ONS 15454 Series Multiservice Transport Platforms	transponder	layered	ONS 15454 MSTP and NCS 2000	(shared across the line)		ONS 15454 MSTP and NCS 2000 shared parts	label-unsupported (label ONS 15454 Series Multiservice Transport Platforms; was ONS 15454 MSTP (M2 / M6 / M12 shelves and cards)): no platform token (15454) in the SKU or name, no compatible part placed in the series						none: no platform token (15454) in the SKU or name, no compatible part placed in the series	
CO-40TDL40-X1010=	40G DWDM CP-QPSK Transponder (customer variant C)	ONS 15454 Series Multiservice Transport Platforms	transponder	layered	ONS 15454 MSTP and NCS 2000	(shared across the line)		ONS 15454 MSTP and NCS 2000 shared parts	label-unsupported (label ONS 15454 Series Multiservice Transport Platforms; was ONS 15454 MSTP (M2 / M6 / M12 shelves and cards)): no platform token (15454) in the SKU or name, no compatible part placed in the series						none: no platform token (15454) in the SKU or name, no compatible part placed in the series	
CO-40TDL40-X2110=	40G module for NSN, variant X2110 (NeoPhotonics)	ONS 15454 Series Multiservice Transport Platforms	transponder	layered	ONS 15454 MSTP and NCS 2000	(shared across the line)		ONS 15454 MSTP and NCS 2000 shared parts	label-unsupported (label ONS 15454 Series Multiservice Transport Platforms; was ONS 15454 MSTP (M2 / M6 / M12 shelves and cards)): no platform token (15454) in the SKU or name, no compatible part placed in the series						none: no platform token (15454) in the SKU or name, no compatible part placed in the series	
CWDM-MUX-4-SF1=	Single Fiber 4-Channel Mux/Demux	Transceiver Modules	mux	layered	CWDM passives (CWDM-CHASSIS-2 system)	(none)	CWDM mux/demux, OADM plug-ins and chassis (CWDM-MUX / CWDM-OADM / DS-CWDM)		sku ^CWDM-(MUX|OADM)							
CWDM-MUX-4-SF2=	Single Fiber 4-Channel Mux/Demux	Transceiver Modules	mux	layered	CWDM passives (CWDM-CHASSIS-2 system)	(none)	CWDM mux/demux, OADM plug-ins and chassis (CWDM-MUX / CWDM-OADM / DS-CWDM)		sku ^CWDM-(MUX|OADM)							
CWDM-MUX-4=	4-Wavelength Add/Drop Mux for CWDM-CHASSIS-2=	3750	mux	layered	CWDM passives (CWDM-CHASSIS-2 system)	(none)	CWDM mux/demux, OADM plug-ins and chassis (CWDM-MUX / CWDM-OADM / DS-CWDM)		sku ^CWDM-(MUX|OADM)							
CWDM-MUX-8=	8-Wavelength Mux/Demux Plug-in Module for CWDM-CHASSIS-2=	3750	mux	layered	CWDM passives (CWDM-CHASSIS-2 system)	(none)	CWDM mux/demux, OADM plug-ins and chassis (CWDM-MUX / CWDM-OADM / DS-CWDM)		sku ^CWDM-(MUX|OADM)							
CWDM-MUX-AD-1470=	1470 nm Add/Drop Mux Plug-in Module for CWDM-CHASSIS-2=	3750	mux	layered	CWDM passives (CWDM-CHASSIS-2 system)	(none)	CWDM mux/demux, OADM plug-ins and chassis (CWDM-MUX / CWDM-OADM / DS-CWDM)		sku ^CWDM-(MUX|OADM)							
CWDM-MUX-AD-1490=	1490 nm Add/Drop Mux Plug-in Module for CWDM-CHASSIS-2=	3750	mux	layered	CWDM passives (CWDM-CHASSIS-2 system)	(none)	CWDM mux/demux, OADM plug-ins and chassis (CWDM-MUX / CWDM-OADM / DS-CWDM)		sku ^CWDM-(MUX|OADM)							
CWDM-MUX-AD-1510=	1510 nm Add/Drop Mux Plug-in Module for CWDM-CHASSIS-2=	3750	mux	layered	CWDM passives (CWDM-CHASSIS-2 system)	(none)	CWDM mux/demux, OADM plug-ins and chassis (CWDM-MUX / CWDM-OADM / DS-CWDM)		sku ^CWDM-(MUX|OADM)							
CWDM-MUX-AD-1530=	1530 nm Add/Drop Mux Plug-in Module for CWDM-CHASSIS-2=	3750	mux	layered	CWDM passives (CWDM-CHASSIS-2 system)	(none)	CWDM mux/demux, OADM plug-ins and chassis (CWDM-MUX / CWDM-OADM / DS-CWDM)		sku ^CWDM-(MUX|OADM)							
CWDM-MUX-AD-1550=	1550 nm Add/Drop Mux Plug-in Module for CWDM-CHASSIS-2=	3750	mux	layered	CWDM passives (CWDM-CHASSIS-2 system)	(none)	CWDM mux/demux, OADM plug-ins and chassis (CWDM-MUX / CWDM-OADM / DS-CWDM)		sku ^CWDM-(MUX|OADM)							
CWDM-MUX-AD-1570=	1570 nm Add/Drop Mux Plug-in Module for CWDM-CHASSIS-2=	3750	mux	layered	CWDM passives (CWDM-CHASSIS-2 system)	(none)	CWDM mux/demux, OADM plug-ins and chassis (CWDM-MUX / CWDM-OADM / DS-CWDM)		sku ^CWDM-(MUX|OADM)							
CWDM-MUX-AD-1590=	1590 nm Add/Drop Mux Plug-in Module for CWDM-CHASSIS-2=	3750	mux	layered	CWDM passives (CWDM-CHASSIS-2 system)	(none)	CWDM mux/demux, OADM plug-ins and chassis (CWDM-MUX / CWDM-OADM / DS-CWDM)		sku ^CWDM-(MUX|OADM)							
CWDM-MUX-AD-1610=	1610 nm Add/Drop Mux Plug-in Module for CWDM-CHASSIS-2=	3750	mux	layered	CWDM passives (CWDM-CHASSIS-2 system)	(none)	CWDM mux/demux, OADM plug-ins and chassis (CWDM-MUX / CWDM-OADM / DS-CWDM)		sku ^CWDM-(MUX|OADM)							
CWDM-MUX8A=	Cisco CWDM-MUX8A=	3750	mux	layered	CWDM passives (CWDM-CHASSIS-2 system)	(none)	CWDM mux/demux, OADM plug-ins and chassis (CWDM-MUX / CWDM-OADM / DS-CWDM)		sku ^CWDM-(MUX|OADM)							
CWDM-OADM1-1470=	Dual single channel OADM Module ( 1470nm)	Transceiver Modules	mux	layered	CWDM passives (CWDM-CHASSIS-2 system)	(none)	CWDM mux/demux, OADM plug-ins and chassis (CWDM-MUX / CWDM-OADM / DS-CWDM)		sku ^CWDM-(MUX|OADM)							
CWDM-OADM1-1490=	Dual single channel OADM Module ( 1490nm)	Transceiver Modules	mux	layered	CWDM passives (CWDM-CHASSIS-2 system)	(none)	CWDM mux/demux, OADM plug-ins and chassis (CWDM-MUX / CWDM-OADM / DS-CWDM)		sku ^CWDM-(MUX|OADM)							
CWDM-OADM1-1510=	Dual single channel OADM Module ( 1510nm)	Transceiver Modules	mux	layered	CWDM passives (CWDM-CHASSIS-2 system)	(none)	CWDM mux/demux, OADM plug-ins and chassis (CWDM-MUX / CWDM-OADM / DS-CWDM)		sku ^CWDM-(MUX|OADM)							
CWDM-OADM1-1530=	Dual single channel OADM Module ( 1530nm)	Transceiver Modules	mux	layered	CWDM passives (CWDM-CHASSIS-2 system)	(none)	CWDM mux/demux, OADM plug-ins and chassis (CWDM-MUX / CWDM-OADM / DS-CWDM)		sku ^CWDM-(MUX|OADM)							
CWDM-OADM1-1550=	Dual single channel OADM Module ( 1550nm)	Transceiver Modules	mux	layered	CWDM passives (CWDM-CHASSIS-2 system)	(none)	CWDM mux/demux, OADM plug-ins and chassis (CWDM-MUX / CWDM-OADM / DS-CWDM)		sku ^CWDM-(MUX|OADM)							
CWDM-OADM1-1570=	Dual single channel OADM Module ( 1570nm)	Transceiver Modules	mux	layered	CWDM passives (CWDM-CHASSIS-2 system)	(none)	CWDM mux/demux, OADM plug-ins and chassis (CWDM-MUX / CWDM-OADM / DS-CWDM)		sku ^CWDM-(MUX|OADM)							
CWDM-OADM1-1590=	Dual single channel OADM Module ( 1590nm)	Transceiver Modules	mux	layered	CWDM passives (CWDM-CHASSIS-2 system)	(none)	CWDM mux/demux, OADM plug-ins and chassis (CWDM-MUX / CWDM-OADM / DS-CWDM)		sku ^CWDM-(MUX|OADM)							
CWDM-OADM1-1610=	Dual single channel OADM Module ( 1610nm)	Transceiver Modules	mux	layered	CWDM passives (CWDM-CHASSIS-2 system)	(none)	CWDM mux/demux, OADM plug-ins and chassis (CWDM-MUX / CWDM-OADM / DS-CWDM)		sku ^CWDM-(MUX|OADM)							
CWDM-OADM4-1=	4-channels CWDM OADM Module ( 1470, 1490, 1510, 1530)	Transceiver Modules	mux	layered	CWDM passives (CWDM-CHASSIS-2 system)	(none)	CWDM mux/demux, OADM plug-ins and chassis (CWDM-MUX / CWDM-OADM / DS-CWDM)		sku ^CWDM-(MUX|OADM)							
CWDM-OADM4-2=	4-channels CWDM OADM Module ( 1550, 1570, 1590, 16100)	Transceiver Modules	mux	layered	CWDM passives (CWDM-CHASSIS-2 system)	(none)	CWDM mux/demux, OADM plug-ins and chassis (CWDM-MUX / CWDM-OADM / DS-CWDM)		sku ^CWDM-(MUX|OADM)							
DCU-100	Cisco DCU-100	ONS 15200 Series DWDM Systems	dcu	layered	ONS 15216 / 15200 DWDM passives	(none)	ONS 15216 filters, OADM, mux/demux and DCU		sku ^DCU-							
DCU-1150	Cisco DCU-1150	ONS 15200 Series DWDM Systems	dcu	layered	ONS 15216 / 15200 DWDM passives	(none)	ONS 15216 filters, OADM, mux/demux and DCU		sku ^DCU-							
DCU-1350	Cisco DCU-1350	ONS 15200 Series DWDM Systems	dcu	layered	ONS 15216 / 15200 DWDM passives	(none)	ONS 15216 filters, OADM, mux/demux and DCU		sku ^DCU-							
DCU-1550	Cisco DCU-1550	ONS 15200 Series DWDM Systems	dcu	layered	ONS 15216 / 15200 DWDM passives	(none)	ONS 15216 filters, OADM, mux/demux and DCU		sku ^DCU-							
DCU-1950	Cisco DCU-1950	ONS 15200 Series DWDM Systems	dcu	layered	ONS 15216 / 15200 DWDM passives	(none)	ONS 15216 filters, OADM, mux/demux and DCU		sku ^DCU-							
DCU-350	Cisco DCU-350	ONS 15200 Series DWDM Systems	dcu	layered	ONS 15216 / 15200 DWDM passives	(none)	ONS 15216 filters, OADM, mux/demux and DCU		sku ^DCU-							
DCU-450	Cisco DCU-450	ONS 15200 Series DWDM Systems	dcu	layered	ONS 15216 / 15200 DWDM passives	(none)	ONS 15216 filters, OADM, mux/demux and DCU		sku ^DCU-							
DCU-550	Cisco DCU-550	ONS 15200 Series DWDM Systems	dcu	layered	ONS 15216 / 15200 DWDM passives	(none)	ONS 15216 filters, OADM, mux/demux and DCU		sku ^DCU-							
DCU-750	Cisco DCU-750	ONS 15200 Series DWDM Systems	dcu	layered	ONS 15216 / 15200 DWDM passives	(none)	ONS 15216 filters, OADM, mux/demux and DCU		sku ^DCU-							
DCU-950	Cisco DCU-950	ONS 15200 Series DWDM Systems	dcu	layered	ONS 15216 / 15200 DWDM passives	(none)	ONS 15216 filters, OADM, mux/demux and DCU		sku ^DCU-							
DCU-E-200	Cisco DCU-E-200	ONS 15200 Series DWDM Systems	dcu	layered	ONS 15216 / 15200 DWDM passives	(none)	ONS 15216 filters, OADM, mux/demux and DCU		sku ^DCU-							
DCU-E-350	Cisco DCU-E-350	ONS 15200 Series DWDM Systems	dcu	layered	ONS 15216 / 15200 DWDM passives	(none)	ONS 15216 filters, OADM, mux/demux and DCU		sku ^DCU-							
DCU-L-1000	Cisco DCU-L-1000	ONS 15200 Series DWDM Systems	dcu	layered	ONS 15216 / 15200 DWDM passives	(none)	ONS 15216 filters, OADM, mux/demux and DCU		sku ^DCU-							
DCU-L-1100	Cisco DCU-L-1100	ONS 15200 Series DWDM Systems	dcu	layered	ONS 15216 / 15200 DWDM passives	(none)	ONS 15216 filters, OADM, mux/demux and DCU		sku ^DCU-							
DCU-L-300	Cisco DCU-L-300	ONS 15200 Series DWDM Systems	dcu	layered	ONS 15216 / 15200 DWDM passives	(none)	ONS 15216 filters, OADM, mux/demux and DCU		sku ^DCU-							
DCU-L-600	Cisco DCU-L-600	ONS 15200 Series DWDM Systems	dcu	layered	ONS 15216 / 15200 DWDM passives	(none)	ONS 15216 filters, OADM, mux/demux and DCU		sku ^DCU-							
DCU-L-700	Cisco DCU-L-700	ONS 15200 Series DWDM Systems	dcu	layered	ONS 15216 / 15200 DWDM passives	(none)	ONS 15216 filters, OADM, mux/demux and DCU		sku ^DCU-							
DCU-L-800	Cisco DCU-L-800	ONS 15200 Series DWDM Systems	dcu	layered	ONS 15216 / 15200 DWDM passives	(none)	ONS 15216 filters, OADM, mux/demux and DCU		sku ^DCU-							
DS-CWDM-MUX8A=	8-channel multiplexer/demultiplexer	MDS 9500 Series Multilayer Directors	mux	layered	CWDM passives (CWDM-CHASSIS-2 system)	(none)	CWDM mux/demux, OADM plug-ins and chassis (CWDM-MUX / CWDM-OADM / DS-CWDM)		sku ^DS-CWDM(-MUX|MUX|OADM|CHASSIS)							
DS-CWDMCHASSIS=	2-slot chassis for Cisco OADM and multiplexer/demultiplexer	MDS 9500 Series Multilayer Directors	chassis	layered	CWDM passives (CWDM-CHASSIS-2 system)	(none)	CWDM mux/demux, OADM plug-ins and chassis (CWDM-MUX / CWDM-OADM / DS-CWDM)		sku ^DS-CWDM(-MUX|MUX|OADM|CHASSIS)							
DS-CWDMOADM4A=	4-channel (1470, 1490, 1510, and 1530 nm) optical add/drop multiplexer OADM	MDS 9500 Series Multilayer Directors	mux	layered	CWDM passives (CWDM-CHASSIS-2 system)	(none)	CWDM mux/demux, OADM plug-ins and chassis (CWDM-MUX / CWDM-OADM / DS-CWDM)		sku ^DS-CWDM(-MUX|MUX|OADM|CHASSIS)							
DS-CWDMOADM4B=	4-channel (1550, 1570, 1590, and 1610 nm) optical add/drop multiplexer OADM	MDS 9500 Series Multilayer Directors	mux	layered	CWDM passives (CWDM-CHASSIS-2 system)	(none)	CWDM mux/demux, OADM plug-ins and chassis (CWDM-MUX / CWDM-OADM / DS-CWDM)		sku ^DS-CWDM(-MUX|MUX|OADM|CHASSIS)							
DS-CWDMOADM4x=	Cisco DS-CWDMOADM4x=	MDS 9500 Series Multilayer Directors	mux	layered	CWDM passives (CWDM-CHASSIS-2 system)	(none)	CWDM mux/demux, OADM plug-ins and chassis (CWDM-MUX / CWDM-OADM / DS-CWDM)		sku ^DS-CWDM(-MUX|MUX|OADM|CHASSIS)							
EWDM-OA=	EWDM Optical Amplifier	Transceiver Modules	amplifier	layered	CWDM passives (CWDM-CHASSIS-2 system)	(none)	CWDM mux/demux, OADM plug-ins and chassis (CWDM-MUX / CWDM-OADM / DS-CWDM)		sku ^EWDM-							
EWDM-OADM2=	2-channels EWDM OADM Module	Transceiver Modules	mux	layered	CWDM passives (CWDM-CHASSIS-2 system)	(none)	CWDM mux/demux, OADM plug-ins and chassis (CWDM-MUX / CWDM-OADM / DS-CWDM)		sku ^EWDM-							
EWDM-OADM4=	4-channels EWDM OADM Module	Transceiver Modules	mux	layered	CWDM passives (CWDM-CHASSIS-2 system)	(none)	CWDM mux/demux, OADM plug-ins and chassis (CWDM-MUX / CWDM-OADM / DS-CWDM)		sku ^EWDM-							
MEC15201/SC/R=	Mechanics, SC Rear Connector, 15201 Single-Channel Unit	ONS 15200 Series DWDM Systems	accessory	layered	ONS 15216 / 15200 DWDM passives	(none)	ONS 15200 (15201 / 15252) CLIP and NAM modules		sku 15201							
MEC15252/C=	Mechanics, 15252 Multi-Channel Uunit, Covers, Accessory Kit	ONS 15200 Series DWDM Systems	mechanical	layered	ONS 15216 / 15200 DWDM passives	(none)	ONS 15200 (15201 / 15252) CLIP and NAM modules		sku 15252							
NCS1001-K9=	Network Convergence System 1001 line system 3 slots	Network Convergence System 1000 Series	chassis	layered	NCS 1000	(none)	NCS 1001 / 1002 / 1004 / 1010 / 1014		sku ^NCS10[0-9]{2}							
NCS1002++=	Network Convergence System 1002 20 QSFP28/QSFP+ slots, TAA	Network Convergence System 1000 Series	chassis	layered	NCS 1000	(none)	NCS 1001 / 1002 / 1004 / 1010 / 1014		sku ^NCS10[0-9]{2}							
NCS1002-K9	Network Convergence System 1002 20 QSFP28/QSFP+ slots	Network Convergence System 1000 Series	chassis	layered	NCS 1000	(none)	NCS 1001 / 1002 / 1004 / 1010 / 1014		sku ^NCS10[0-9]{2}							
NCS1002-K9=	Network Convergence System 1002 20 QSFP28/QSFP+ slots	Network Convergence System 1000 Series	chassis	layered	NCS 1000	(none)	NCS 1001 / 1002 / 1004 / 1010 / 1014		sku ^NCS10[0-9]{2}							
NCS1004=	Network Convergence System 1004 4 line card slots	Network Convergence System 1000 Series	chassis	layered	NCS 1000	(none)	NCS 1001 / 1002 / 1004 / 1010 / 1014		sku ^NCS10[0-9]{2}							
NCS1010-23-KIT=	NCS 1010 Accessory Kit add-on for 23-inch racks	Optical Network Planner	mechanical	layered	NCS 1000	(none)	NCS 1001 / 1002 / 1004 / 1010 / 1014		sku ^NCS10[0-9]{2}							
NCS1010-AC-PSU=	NCS 1010 AC Power Supply Unit	Optical Network Planner	power	layered	NCS 1000	(none)	NCS 1001 / 1002 / 1004 / 1010 / 1014		sku ^NCS10[0-9]{2}							
NCS1010-ACC-KIT=	NCS 1010 Accessory Kit for 19-inch racks	Optical Network Planner	mechanical	layered	NCS 1000	(none)	NCS 1001 / 1002 / 1004 / 1010 / 1014		sku ^NCS10[0-9]{2}							
NCS1010-CNTLR-K9=	NCS 1010 Controller (*with 112500bps default console baud rate)	Optical Network Planner	controller	layered	NCS 1000	(none)	NCS 1001 / 1002 / 1004 / 1010 / 1014		sku ^NCS10[0-9]{2}							
NCS1010-CTLR-B-K9=	NCS 1010 Controller, 9600bps console baud-rate	Optical Network Planner	controller	layered	NCS 1000	(none)	NCS 1001 / 1002 / 1004 / 1010 / 1014		sku ^NCS10[0-9]{2}							
NCS1010-DC-CBL-ET=	NCS 1010 DC Cable - ETSI compliant	Optical Network Planner	cable	layered	NCS 1000	(none)	NCS 1001 / 1002 / 1004 / 1010 / 1014		sku ^NCS10[0-9]{2}							
NCS1010-DC-PSU=	NCS 1010 DC Power Supply Unit	Optical Network Planner	power	layered	NCS 1000	(none)	NCS 1001 / 1002 / 1004 / 1010 / 1014		sku ^NCS10[0-9]{2}							
NCS1010-E-ACC-KIT=	NCS 1010 Accessory Kit for 19-inch racks, enhanced	Optical Network Planner	mechanical	layered	NCS 1000	(none)	NCS 1001 / 1002 / 1004 / 1010 / 1014		sku ^NCS10[0-9]{2}							
NCS1010-ETSI-KIT=	NCS 1010 Accessory Kit add-on for ETSI racks	Optical Network Planner	mechanical	layered	NCS 1000	(none)	NCS 1001 / 1002 / 1004 / 1010 / 1014		sku ^NCS10[0-9]{2}							
NCS1010-FAN=	NCS 1010 Shelf Fan Assembly	Optical Network Planner	fan	layered	NCS 1000	(none)	NCS 1001 / 1002 / 1004 / 1010 / 1014		sku ^NCS10[0-9]{2}							
NCS1010-FTF=	NCS 1010 Fan Tray Filter	Optical Network Planner	mechanical	layered	NCS 1000	(none)	NCS 1001 / 1002 / 1004 / 1010 / 1014		sku ^NCS10[0-9]{2}							
NCS1010-SA=	NCS 1010 Shelf Assembly	Optical Network Planner	chassis	layered	NCS 1000	(none)	NCS 1001 / 1002 / 1004 / 1010 / 1014		sku ^NCS10[0-9]{2}							
NCS1010-SYS	NCS 1010 Assemble to Order	Optical Network Planner	chassis	layered	NCS 1000	(none)	NCS 1001 / 1002 / 1004 / 1010 / 1014		sku ^NCS10[0-9]{2}							
NCS1010-USB-1M=	NCS 1010 USB Cable - 1 meter	Optical Network Planner	cable	layered	NCS 1000	(none)	NCS 1001 / 1002 / 1004 / 1010 / 1014		sku ^NCS10[0-9]{2}							
NCS1010-USB-3M=	NCS 1010 USB Cable - 3 meters	Optical Network Planner	cable	layered	NCS 1000	(none)	NCS 1001 / 1002 / 1004 / 1010 / 1014		sku ^NCS10[0-9]{2}							
NCS1014	Network Convergence System 1014 chassis with timing support	Optical Network Planner	chassis	layered	NCS 1000	(none)	NCS 1001 / 1002 / 1004 / 1010 / 1014		sku ^NCS10[0-9]{2}							
NCS1014-2=	NCS 1014 Chassis	Network Convergence System 1000 Series	chassis	layered	NCS 1000	(none)	NCS 1001 / 1002 / 1004 / 1010 / 1014		sku ^NCS10[0-9]{2}							
NCS1K-2KW-AC	Network Convergence System 1000 2KW AC PSU	Network Convergence System 1000 Series	power	layered	NCS 1000	(none)	NCS 1001 / 1002 / 1004 / 1010 / 1014		sku ^NCS1K							
NCS1K-2KW-AC-CBL=	NCS1K AC IEC C15 to NEMA L6-20P cable	Network Convergence System 1000 Series	cable	layered	NCS 1000	(none)	NCS 1001 / 1002 / 1004 / 1010 / 1014		sku ^NCS1K							
NCS1K-2KW-AC=	Network Convergence System 1002 2KW AC PSU	Network Convergence System 1000 Series	power	layered	NCS 1000	(none)	NCS 1001 / 1002 / 1004 / 1010 / 1014		sku ^NCS1K							
NCS1K-2KW-DC-CBL=	NCS1K DC cable with connector	Network Convergence System 1000 Series	cable	layered	NCS 1000	(none)	NCS 1001 / 1002 / 1004 / 1010 / 1014		sku ^NCS1K							
NCS1K-2KW-DC=	Network Convergence System 1001 2KW DC PSU	Network Convergence System 1000 Series	power	layered	NCS 1000	(none)	NCS 1001 / 1002 / 1004 / 1010 / 1014		sku ^NCS1K							
NCS1K-ACC-KIT	NCS 1002 extended accessory kit	Network Convergence System 1000 Series	mechanical	layered	NCS 1000	(none)	NCS 1001 / 1002 / 1004 / 1010 / 1014		sku ^NCS1K							
NCS1K-ACC-KIT=	NCS 1002 extended accessory kit	Network Convergence System 1000 Series	mechanical	layered	NCS 1000	(none)	NCS 1001 / 1002 / 1004 / 1010 / 1014		sku ^NCS1K							
NCS1K-BRK-16=	NCS 1000 MTP/MPO to 16 colorless chs passive breakout module	Optical Network Planner	mux	layered	NCS 1000	(none)	NCS 1001 / 1002 / 1004 / 1010 / 1014		sku ^NCS1K							
NCS1K-BRK-24=	NCS 1000 MTP/MPO to 24 colorless chs passive breakout module	Optical Network Planner	mux	layered	NCS 1000	(none)	NCS 1001 / 1002 / 1004 / 1010 / 1014		sku ^NCS1K							
NCS1K-BRK-8=	NCS 1000 MTP/MPO to 8 port passive breakout module	Optical Network Planner	mux	layered	NCS 1000	(none)	NCS 1001 / 1002 / 1004 / 1010 / 1014		sku ^NCS1K							
NCS1K-BRK-KIT=	NCS 1K Breakout Shelf Accessory Kit for 19-inch racks	Optical Network Planner	mechanical	layered	NCS 1000	(none)	NCS 1001 / 1002 / 1004 / 1010 / 1014		sku ^NCS1K							
NCS1K-BRK-SA=	NCS 1000 shelf for 4 passive modules	Optical Network Planner	chassis	layered	NCS 1000	(none)	NCS 1001 / 1002 / 1004 / 1010 / 1014		sku ^NCS1K							
NCS1K-BRK-SYS	NCS 1000 shelf for 4 passive modules - assemble to order	Optical Network Planner	chassis	layered	NCS 1000	(none)	NCS 1001 / 1002 / 1004 / 1010 / 1014		sku ^NCS1K							
NCS1K-CNTLR	Network Convergence System 1000 Controller	Network Convergence System 1000 Series	controller	layered	NCS 1000	(none)	NCS 1001 / 1002 / 1004 / 1010 / 1014		sku ^NCS1K							
NCS1K-CNTLR2=	Network Convergence System 1001 controller 2	Network Convergence System 1000 Series	controller	layered	NCS 1000	(none)	NCS 1001 / 1002 / 1004 / 1010 / 1014		sku ^NCS1K							
NCS1K-CNTLR=	Network Convergence System 1002 Controller	Network Convergence System 1000 Series	controller	layered	NCS 1000	(none)	NCS 1001 / 1002 / 1004 / 1010 / 1014		sku ^NCS1K							
NCS1K-E-ILA-2R-C	NCS 1010 In-Line Amplifier with 2x Raman - C-band, enhanced	ONS 15454 Series Multiservice Transport Platforms	amplifier	layered	NCS 1000	(none)	NCS 1001 / 1002 / 1004 / 1010 / 1014		sku ^NCS1K							
NCS1K-E-ILA-2R-C=	NCS 1010 In-Line Amplifier with 2x Raman - C-band, enhanced	Optical Network Planner	amplifier	layered	NCS 1000	(none)	NCS 1001 / 1002 / 1004 / 1010 / 1014		sku ^NCS1K							
NCS1K-E-ILA-R-C	NCS 1010 In-Line Amplifier with 1x Raman - C-band, enhanced	ONS 15454 Series Multiservice Transport Platforms	amplifier	layered	NCS 1000	(none)	NCS 1001 / 1002 / 1004 / 1010 / 1014		sku ^NCS1K							
NCS1K-E-ILA-R-C-2=	NCS 1010 In-Line Amplifier with 1x Raman west facing - C-band, enhanced	Optical Network Planner	amplifier	layered	NCS 1000	(none)	NCS 1001 / 1002 / 1004 / 1010 / 1014		sku ^NCS1K							
NCS1K-E-ILA-R-C=	NCS 1010 In-Line Amplifier with 1x Raman - C-band, enhanced	Optical Network Planner	amplifier	layered	NCS 1000	(none)	NCS 1001 / 1002 / 1004 / 1010 / 1014		sku ^NCS1K							
NCS1K-E-LC-LC-5=	NCS 1010 LC-LC 5m cable with pull tab	Optical Network Planner	cable	layered	NCS 1000	(none)	NCS 1001 / 1002 / 1004 / 1010 / 1014		sku ^NCS1K							
NCS1K-E-OLT-C	NCS 1010 Optical Line Terminal - C-band, enhanced	ONS 15454 Series Multiservice Transport Platforms	amplifier	layered	NCS 1000	(none)	NCS 1001 / 1002 / 1004 / 1010 / 1014		sku ^NCS1K							
NCS1K-E-OLT-C=	NCS 1010 Optical Line Terminal - C-band, enhanced	Optical Network Planner	amplifier	layered	NCS 1000	(none)	NCS 1001 / 1002 / 1004 / 1010 / 1014		sku ^NCS1K							
NCS1K-E-OLT-L	NCS 1010 Optical Line Terminal - L-band, enhanced	ONS 15454 Series Multiservice Transport Platforms	amplifier	layered	NCS 1000	(none)	NCS 1001 / 1002 / 1004 / 1010 / 1014		sku ^NCS1K							
NCS1K-E-OLT-L=	NCS 1010 Optical Line Terminal - L-band, enhanced	Optical Network Planner	amplifier	layered	NCS 1000	(none)	NCS 1001 / 1002 / 1004 / 1010 / 1014		sku ^NCS1K							
NCS1K-E-OLT-R-C	NCS 1010 Optical Line Terminal with Raman - C-band, enhanced	ONS 15454 Series Multiservice Transport Platforms	amplifier	layered	NCS 1000	(none)	NCS 1001 / 1002 / 1004 / 1010 / 1014		sku ^NCS1K							
NCS1K-E-OLT-R-C=	NCS 1010 Optical Line Terminal with Raman - C-band, enhanced	Optical Network Planner	amplifier	layered	NCS 1000	(none)	NCS 1001 / 1002 / 1004 / 1010 / 1014		sku ^NCS1K							
NCS1K-EDFA=	Network Convergence System 1001 amplifier module	Network Convergence System 1000 Series	amplifier	layered	NCS 1000	(none)	NCS 1001 / 1002 / 1004 / 1010 / 1014		sku ^NCS1K							
NCS1K-FAN	Network Convergence System 1000 Fan	Network Convergence System 1000 Series	fan	layered	NCS 1000	(none)	NCS 1001 / 1002 / 1004 / 1010 / 1014		sku ^NCS1K							
NCS1K-FAN=	Network Convergence System 1002 Fan	Network Convergence System 1000 Series	fan	layered	NCS 1000	(none)	NCS 1001 / 1002 / 1004 / 1010 / 1014		sku ^NCS1K							
NCS1K-ILA-2R-C	NCS 1010 In-Line Amplifier with 2x Raman - C-band	ONS 15454 Series Multiservice Transport Platforms	amplifier	layered	NCS 1000	(none)	NCS 1001 / 1002 / 1004 / 1010 / 1014		sku ^NCS1K							
NCS1K-ILA-2R-C=	NCS 1010 In-Line Amplifier with 2x Raman - C-band	ONS 15454 Series Multiservice Transport Platforms	amplifier	layered	NCS 1000	(none)	NCS 1001 / 1002 / 1004 / 1010 / 1014		sku ^NCS1K							
NCS1K-ILA-C=	NCS 1010 In-Line Amplifier - C-band	Optical Network Planner	amplifier	layered	NCS 1000	(none)	NCS 1001 / 1002 / 1004 / 1010 / 1014		sku ^NCS1K							
NCS1K-ILA-L=	CS 1010 In-Line Amplifier - L-band	Optical Network Planner	amplifier	layered	NCS 1000	(none)	NCS 1001 / 1002 / 1004 / 1010 / 1014		sku ^NCS1K							
NCS1K-ILA-R-C	NCS 1010 In-Line Amplifier with 1x Raman - C-band	ONS 15454 Series Multiservice Transport Platforms	amplifier	layered	NCS 1000	(none)	NCS 1001 / 1002 / 1004 / 1010 / 1014		sku ^NCS1K							
NCS1K-ILA-R-C=	NCS 1010 In-Line Amplifier with 1x Raman - C-band	ONS 15454 Series Multiservice Transport Platforms	amplifier	layered	NCS 1000	(none)	NCS 1001 / 1002 / 1004 / 1010 / 1014		sku ^NCS1K							
NCS1K-MD-32E-C=	NCS 1000 32 chs Even Mux/Demux Patch Panel - 150GHz - C-band	Optical Network Planner	mux	layered	NCS 1000	(none)	NCS 1001 / 1002 / 1004 / 1010 / 1014		sku ^NCS1K							
NCS1K-MD-32E-CE=	NCS 1000 32chs Even Mux/Demux-150GHz-C-band Enhanced	Network Convergence System 1000 Series	mux	layered	NCS 1000	(none)	NCS 1001 / 1002 / 1004 / 1010 / 1014		sku ^NCS1K							
NCS1K-MD-32O-C=	NCS 1000 32 chs Odd Mux/Demux Patch Panel - 150GHz - C-band	Optical Network Planner	mux	layered	NCS 1000	(none)	NCS 1001 / 1002 / 1004 / 1010 / 1014		sku ^NCS1K							
NCS1K-MD-32O-CE=	NCS 1000 32chs Odd Mux/Demux-150GHz-C-band Enhanced	Network Convergence System 1000 Series	mux	layered	NCS 1000	(none)	NCS 1001 / 1002 / 1004 / 1010 / 1014		sku ^NCS1K							
NCS1K-MD-64-C=	NCS 1000 64 chs Odd Mux/Demux Patch Panel - C-band	Transceiver Modules	mux	layered	NCS 1000	(none)	NCS 1001 / 1002 / 1004 / 1010 / 1014		sku ^NCS1K							
NCS1K-OLT-C	NCS 1010 Optical Line Terminal - C-band	ONS 15454 Series Multiservice Transport Platforms	amplifier	layered	NCS 1000	(none)	NCS 1001 / 1002 / 1004 / 1010 / 1014		sku ^NCS1K							
NCS1K-OLT-C=	NCS 1010 Optical Line Terminal - C-band	ONS 15454 Series Multiservice Transport Platforms	amplifier	layered	NCS 1000	(none)	NCS 1001 / 1002 / 1004 / 1010 / 1014		sku ^NCS1K							
NCS1K-OLT-L	NCS 1010 Optical Line Terminal - L-band	ONS 15454 Series Multiservice Transport Platforms	amplifier	layered	NCS 1000	(none)	NCS 1001 / 1002 / 1004 / 1010 / 1014		sku ^NCS1K							
NCS1K-OLT-L=	NCS 1010 Optical Line Terminal - L-band	ONS 15454 Series Multiservice Transport Platforms	amplifier	layered	NCS 1000	(none)	NCS 1001 / 1002 / 1004 / 1010 / 1014		sku ^NCS1K							
NCS1K-OLT-R-C	NCS 1010 Optical Line Terminal with Raman - C-band	ONS 15454 Series Multiservice Transport Platforms	amplifier	layered	NCS 1000	(none)	NCS 1001 / 1002 / 1004 / 1010 / 1014		sku ^NCS1K							
NCS1K-OLT-R-C=	NCS 1010 Optical Line Terminal with Raman - C-band	ONS 15454 Series Multiservice Transport Platforms	amplifier	layered	NCS 1000	(none)	NCS 1001 / 1002 / 1004 / 1010 / 1014		sku ^NCS1K							
NCS1K-OTDR=	NCS 1000 Optical Time Domain Reflectometer module	Network Convergence System 1000 Series	controller	layered	NCS 1000	(none)	NCS 1001 / 1002 / 1004 / 1010 / 1014		sku ^NCS1K							
NCS1K-PSM=	Network Convergence System 1001 protection module	Network Convergence System 1000 Series	mux	layered	NCS 1000	(none)	NCS 1001 / 1002 / 1004 / 1010 / 1014		sku ^NCS1K							
NCS1K-Q-CFP2-KIT	NCS 1002 Kit 1x CFP2 and 1x QSFP port license	ONS 15454 Series Multiservice Transport Platforms	accessory	layered	NCS 1000	(none)	NCS 1001 / 1002 / 1004 / 1010 / 1014		sku ^NCS1K							
NCS1K-Q-CFP2KE-KIT	NCS 1002 Kit 1x CFP2-1KE and 1x QSFP port license	ONS 15454 Series Multiservice Transport Platforms	accessory	layered	NCS 1000	(none)	NCS 1001 / 1002 / 1004 / 1010 / 1014		sku ^NCS1K							
NCS1K-SSD=	Network Convergence System 1002 SSD	Network Convergence System 1000 Series	accessory	layered	NCS 1000	(none)	NCS 1001 / 1002 / 1004 / 1010 / 1014		sku ^NCS1K							
NCS1K1-FAN=	Network Convergence System 1001 line system fan	Network Convergence System 1000 Series	fan	layered	NCS 1000	(none)	NCS 1001 / 1002 / 1004 / 1010 / 1014		sku ^NCS1K							
NCS1K14-2.4T-K9=	Network Convergence System 1014 2.4T Line Card	Network Convergence System 1000 Series	transponder	layered	NCS 1000	(none)	NCS 1001 / 1002 / 1004 / 1010 / 1014		sku ^NCS1K							
NCS1K14-2.4T-L-K9=	Network Convergence System 1014 2.4T Line Card Licensed	Network Convergence System 1000 Series	transponder	layered	NCS 1000	(none)	NCS 1001 / 1002 / 1004 / 1010 / 1014		sku ^NCS1K							
NCS1K14-2.4T-X-K9=	NCS 1014 2.4T Line Card Cross Connect Mode	Network Convergence System 1000 Series	transponder	layered	NCS 1000	(none)	NCS 1001 / 1002 / 1004 / 1010 / 1014		sku ^NCS1K							
NCS1K14-2.4TXL-K9=	NCS 1014 2.4T licensed card-Cross Connect Mode	Network Convergence System 1000 Series	transponder	layered	NCS 1000	(none)	NCS 1001 / 1002 / 1004 / 1010 / 1014		sku ^NCS1K							
NCS1K14-AC-PSU-3=	Network Convergence System 1014 AC Power Supply Unit 3.2KW	Network Convergence System 1000 Series	power	layered	NCS 1000	(none)	NCS 1001 / 1002 / 1004 / 1010 / 1014		sku ^NCS1K							
NCS1K14-BLANK	Network Convergence System 1014 Blank card	Optical Network Planner	mechanical	layered	NCS 1000	(none)	NCS 1001 / 1002 / 1004 / 1010 / 1014		sku ^NCS1K							
NCS1K14-BLANK-2=	NCS 1014 Dual width Blank for NCS 1014-2 chassis	Network Convergence System 1000 Series	mechanical	layered	NCS 1000	(none)	NCS 1001 / 1002 / 1004 / 1010 / 1014		sku ^NCS1K							
NCS1K14-CCMD-16-C=	NCS 1000 16-port Colorless Direct attach LC with EDFA C-band	Network Convergence System 1000 Series	mux	layered	NCS 1000	(none)	NCS 1001 / 1002 / 1004 / 1010 / 1014		sku ^NCS1K							
NCS1K14-CCMD-16-L=	NCS 1000 16-port Colorless Direct attach LC with EDFA L-band	Network Convergence System 1000 Series	mux	layered	NCS 1000	(none)	NCS 1001 / 1002 / 1004 / 1010 / 1014		sku ^NCS1K							
NCS1K14-CNTLR-K9	Network Convergence System 1014 Controller	Optical Network Planner	controller	layered	NCS 1000	(none)	NCS 1001 / 1002 / 1004 / 1010 / 1014		sku ^NCS1K							
NCS1K14-CNTLR-K9=	Network Convergence System 1014 Controller	Network Convergence System 1000 Series	controller	layered	NCS 1000	(none)	NCS 1001 / 1002 / 1004 / 1010 / 1014		sku ^NCS1K							
NCS1K14-EDFA2=	NCS 1014 EDFA terminal with equalization	Network Convergence System 1000 Series	amplifier	layered	NCS 1000	(none)	NCS 1001 / 1002 / 1004 / 1010 / 1014		sku ^NCS1K							
NCS1K14-FAN	Network Convergence System 1014 FAN Module	Optical Network Planner	fan	layered	NCS 1000	(none)	NCS 1001 / 1002 / 1004 / 1010 / 1014		sku ^NCS1K							
NCS1K14-FAN-2=	Network Convergence System 1014 FAN Module	Network Convergence System 1000 Series	fan	layered	NCS 1000	(none)	NCS 1001 / 1002 / 1004 / 1010 / 1014		sku ^NCS1K							
NCS1K14-OXP2-K9=	NCS 1014 OSFP 12.8T Line card	Network Convergence System 1000 Series	transponder	layered	NCS 1000	(none)	NCS 1001 / 1002 / 1004 / 1010 / 1014		sku ^NCS1K							
NCS1K14-OXP2-L-K9=	NCS 1014 OSFP 12.8T Line card, Licensed	Network Convergence System 1000 Series	transponder	layered	NCS 1000	(none)	NCS 1001 / 1002 / 1004 / 1010 / 1014		sku ^NCS1K							
NCS1K14-S-KIT=	NCS 1014 slide rails with rear lug and cable management	Network Convergence System 1000 Series	mechanical	layered	NCS 1000	(none)	NCS 1001 / 1002 / 1004 / 1010 / 1014		sku ^NCS1K							
NCS1K14-SA-D=	Network Convergence System 1014 Shelf Assembly Divider	Network Convergence System 1000 Series	accessory	layered	NCS 1000	(none)	NCS 1001 / 1002 / 1004 / 1010 / 1014		sku ^NCS1K							
NCS1K14-SSD	Network Convergence System 1014 SSD	Optical Network Planner	accessory	layered	NCS 1000	(none)	NCS 1001 / 1002 / 1004 / 1010 / 1014		sku ^NCS1K							
NCS1K14-SSD=	Network Convergence System 1014 SSD	Network Convergence System 1000 Series	accessory	layered	NCS 1000	(none)	NCS 1001 / 1002 / 1004 / 1010 / 1014		sku ^NCS1K							
NCS1K14-SYS	NCS 1014 Assemble to order	Optical Network Planner	chassis	layered	NCS 1000	(none)	NCS 1001 / 1002 / 1004 / 1010 / 1014		sku ^NCS1K							
NCS1K14-SYS-P	NCS 1014 ATO Chassis, RTU enabled	Network Convergence System 1000 Series	chassis	layered	NCS 1000	(none)	NCS 1001 / 1002 / 1004 / 1010 / 1014		sku ^NCS1K							
NCS1K2-SYS-AC	NCS1002 AC Assemble to Order	Network Convergence System 1000 Series	chassis	layered	NCS 1000	(none)	NCS 1001 / 1002 / 1004 / 1010 / 1014		sku ^NCS1K							
NCS1K2-SYS-DC	NCS1002 DC Assemble to Order	Network Convergence System 1000 Series	chassis	layered	NCS 1000	(none)	NCS 1001 / 1002 / 1004 / 1010 / 1014		sku ^NCS1K							
NCS1K4-1.2T-CW-K9=	NCS1K4 12x QSFP28 2 Trunk C-Band DWDM card	Network Convergence System 1000 Series	transponder	layered	NCS 1000	(none)	NCS 1001 / 1002 / 1004 / 1010 / 1014		sku ^NCS1K							
NCS1K4-1.2T-K9=	NCS1K4 12x QSFP28 2 Trunk C-Band DWDM card	Network Convergence System 1000 Series	transponder	layered	NCS 1000	(none)	NCS 1001 / 1002 / 1004 / 1010 / 1014		sku ^NCS1K							
NCS1K4-1.2T-L-K9=	NCS1K4 12x QSFP28 2 Trunk C-Band DWDM card - Licensed	Network Convergence System 1000 Series	transponder	layered	NCS 1000	(none)	NCS 1001 / 1002 / 1004 / 1010 / 1014		sku ^NCS1K							
NCS1K4-1.2TL-K9=	Network Convergence System 1004 L Band Card	Network Convergence System 1000 Series	transponder	layered	NCS 1000	(none)	NCS 1001 / 1002 / 1004 / 1010 / 1014		sku ^NCS1K							
NCS1K4-1.2TLCW-K9=	NCS 1004 1.2T Licensed Line Card - C-band	Network Convergence System 1000 Series	transponder	layered	NCS 1000	(none)	NCS 1001 / 1002 / 1004 / 1010 / 1014		sku ^NCS1K							
NCS1K4-2-QDD-C-K9=	Network Convergence System 1004 2x QSFP-DD C-Band Line Card	Network Convergence System 1000 Series	linecard	layered	NCS 1000	(none)	NCS 1001 / 1002 / 1004 / 1010 / 1014		sku ^NCS1K							
NCS1K4-AC-CBL-EU=	Network Convergence System 1004 AC Power Supply Cable EU	Network Convergence System 1000 Series	cable	layered	NCS 1000	(none)	NCS 1001 / 1002 / 1004 / 1010 / 1014		sku ^NCS1K							
NCS1K4-AC-PSU-2	Network Convergence System 1004 AC Power Supply Unit 2.5KW	Optical Network Planner	power	layered	NCS 1000	(none)	NCS 1001 / 1002 / 1004 / 1010 / 1014		sku ^NCS1K							
NCS1K4-AC-PSU-CBL=	Network Convergence System 1004 AC Power Supply Cable	Network Convergence System 1000 Series	cable	layered	NCS 1000	(none)	NCS 1001 / 1002 / 1004 / 1010 / 1014		sku ^NCS1K							
NCS1K4-AC-PSU=	Network Convergence System 1004 AC Power Supply Unit	Network Convergence System 1000 Series	power	layered	NCS 1000	(none)	NCS 1001 / 1002 / 1004 / 1010 / 1014		sku ^NCS1K							
NCS1K4-BRKT-19=	NCS1004 mounting brackets for 19 inch rack	Network Convergence System 1000 Series	mechanical	layered	NCS 1000	(none)	NCS 1001 / 1002 / 1004 / 1010 / 1014		sku ^NCS1K							
NCS1K4-C21-C14-2M=	NCS1004 power cord C21-C14 2 meter long	Network Convergence System 1000 Series	cable	layered	NCS 1000	(none)	NCS 1001 / 1002 / 1004 / 1010 / 1014		sku ^NCS1K							
NCS1K4-CBL-4.25M=	NCS1004 power cord C21-C14 4.25 meter long	Network Convergence System 1000 Series	cable	layered	NCS 1000	(none)	NCS 1001 / 1002 / 1004 / 1010 / 1014		sku ^NCS1K							
NCS1K4-CNTLR-K9=	Network Convergence System 1004 Controller	Network Convergence System 1000 Series	controller	layered	NCS 1000	(none)	NCS 1001 / 1002 / 1004 / 1010 / 1014		sku ^NCS1K							
NCS1K4-DC-PSU-2	Network Convergence System 1004 DC Power Supply Unit 2.5KW	Optical Network Planner	power	layered	NCS 1000	(none)	NCS 1001 / 1002 / 1004 / 1010 / 1014		sku ^NCS1K							
NCS1K4-DC-PSU=	Network Convergence System 1004 DC Power Supply Unit	Network Convergence System 1000 Series	power	layered	NCS 1000	(none)	NCS 1001 / 1002 / 1004 / 1010 / 1014		sku ^NCS1K							
NCS1K4-FAN=	Network Convergence System 1004 Fan	Network Convergence System 1000 Series	fan	layered	NCS 1000	(none)	NCS 1001 / 1002 / 1004 / 1010 / 1014		sku ^NCS1K							
NCS1K4-FLTR-ASL=	Mechanical assembly for NCS1004 air filter	Network Convergence System 1000 Series	accessory	layered	NCS 1000	(none)	NCS 1001 / 1002 / 1004 / 1010 / 1014		sku ^NCS1K							
NCS1K4-FLTR=	Network Convergence System 1004 Air Filter	Network Convergence System 1000 Series	mechanical	layered	NCS 1000	(none)	NCS 1001 / 1002 / 1004 / 1010 / 1014		sku ^NCS1K							
NCS1K4-OTN-XP=	NCS1004 4x DDQSFP56, 6x QSFP28, 2 CFP2 DCO OTN Xponder	Network Convergence System 1000 Series	transponder	layered	NCS 1000	(none)	NCS 1001 / 1002 / 1004 / 1010 / 1014		sku ^NCS1K							
NCS1K4-OTN-XPL=	NCS1004 OTN Xponder Licensed	Network Convergence System 1000 Series	transponder	layered	NCS 1000	(none)	NCS 1001 / 1002 / 1004 / 1010 / 1014		sku ^NCS1K							
NCS1K4-QXP-K9=	NCS1004 3.2T QSFP-DD DCO Transponder	Network Convergence System 1000 Series	transponder	layered	NCS 1000	(none)	NCS 1001 / 1002 / 1004 / 1010 / 1014		sku ^NCS1K							
NCS1K4-QXP-L-K9=	NCS1004 3.2T QSFP-DD DCO Licensed Transponder	Network Convergence System 1000 Series	transponder	layered	NCS 1000	(none)	NCS 1001 / 1002 / 1004 / 1010 / 1014		sku ^NCS1K							
NCS1K4-SYS	NCS1004 Assemble To Order	Network Convergence System 1000 Series	chassis	layered	NCS 1000	(none)	NCS 1001 / 1002 / 1004 / 1010 / 1014		sku ^NCS1K							
NCS1KB-23-KIT=	NCS 1K Breakout Shelf Accessory Kit add-on for 23-inch racks	Optical Network Planner	mechanical	layered	NCS 1000	(none)	NCS 1001 / 1002 / 1004 / 1010 / 1014		sku ^NCS1K							
NCS1KB-ETSI-KIT=	NCS 1K Breakout Shelf Accessory Kit add-on for ETSI racks	Optical Network Planner	mechanical	layered	NCS 1000	(none)	NCS 1001 / 1002 / 1004 / 1010 / 1014		sku ^NCS1K							
NCS1k-2KW-AC2=	Network Convergence System 1001 2KW AC PSU 2	Network Convergence System 1000 Series	power	layered	NCS 1000	(none)	NCS 1001 / 1002 / 1004 / 1010 / 1014		sku ^NCS1K							
NCS2002-AC=	AC Power Supply Module, Cisco NCS2002	Network Convergence System 2000 Series	power	layered	ONS 15454 MSTP and NCS 2000	(none)	NCS 2000 (NCS 2002 / 2006 / 2015)		sku ^NCS20[0-9]{2}							
NCS2002-DC-E=	DC ETSI Power Supply Module, Cisco NCS2002	Network Convergence System 2000 Series	power	layered	ONS 15454 MSTP and NCS 2000	(none)	NCS 2000 (NCS 2002 / 2006 / 2015)		sku ^NCS20[0-9]{2}							
NCS2002-DC=	DC Power Supply Module, Cisco NCS2002	Network Convergence System 2000 Series	power	layered	ONS 15454 MSTP and NCS 2000	(none)	NCS 2000 (NCS 2002 / 2006 / 2015)		sku ^NCS20[0-9]{2}							
NCS2002-DDR=	Chassis Deep Door, Cisco NCS2002	Network Convergence System 2000 Series	mechanical	layered	ONS 15454 MSTP and NCS 2000	(none)	NCS 2000 (NCS 2002 / 2006 / 2015)		sku ^NCS20[0-9]{2}							
NCS2002-DR=	Chassis Door, Cisco NCS2002	Network Convergence System 2000 Series	mechanical	layered	ONS 15454 MSTP and NCS 2000	(none)	NCS 2000 (NCS 2002 / 2006 / 2015)		sku ^NCS20[0-9]{2}							
NCS2002-FTA=	Fran Tray assembly, Cisco NCS2002	Network Convergence System 2000 Series	fan	layered	ONS 15454 MSTP and NCS 2000	(none)	NCS 2000 (NCS 2002 / 2006 / 2015)		sku ^NCS20[0-9]{2}							
NCS2002-SA=	Shelf assembly, Cisco NCS2002	Network Convergence System 2000 Series	chassis	layered	ONS 15454 MSTP and NCS 2000	(none)	NCS 2000 (NCS 2002 / 2006 / 2015)		sku ^NCS20[0-9]{2}							
NCS2006-30X10M-SK	NCS 2006 - 3x 100G MXP Metro - Starter Kit	Network Convergence System 2000 Series	mechanical	layered	ONS 15454 MSTP and NCS 2000	(none)	NCS 2000 (NCS 2002 / 2006 / 2015)		sku ^NCS20[0-9]{2}							
NCS2006-AC=	AC Power Supply Module, Cisco NCS2006	Network Convergence System 2000 Series	power	layered	ONS 15454 MSTP and NCS 2000	(none)	NCS 2000 (NCS 2002 / 2006 / 2015)		sku ^NCS20[0-9]{2}							
NCS2006-CAB-DEFL=	NCS2006/M6 Front-to-Back air defl, 19, 21, 23 cabinets, 23 rack	Network Convergence System 2000 Series	accessory	layered	ONS 15454 MSTP and NCS 2000	(none)	NCS 2000 (NCS 2002 / 2006 / 2015)		sku ^NCS20[0-9]{2}							
NCS2006-DC20=	20A DC Power Supply Module, Cisco NCS2006	Network Convergence System 2000 Series	power	layered	ONS 15454 MSTP and NCS 2000	(none)	NCS 2000 (NCS 2002 / 2006 / 2015)		sku ^NCS20[0-9]{2}							
NCS2006-DC40=	NCS 2006 40A DC Power Filter	Network Convergence System 2000 Series	power	layered	ONS 15454 MSTP and NCS 2000	(none)	NCS 2000 (NCS 2002 / 2006 / 2015)		sku ^NCS20[0-9]{2}							
NCS2006-DC=	30A DC Power Supply Module, Cisco NCS2006	Network Convergence System 2000 Series	power	layered	ONS 15454 MSTP and NCS 2000	(none)	NCS 2000 (NCS 2002 / 2006 / 2015)		sku ^NCS20[0-9]{2}							
NCS2006-DCCBL-LE=	DC power cable for ETSI left exit	Network Convergence System 2000 Series	cable	layered	ONS 15454 MSTP and NCS 2000	(none)	NCS 2000 (NCS 2002 / 2006 / 2015)		sku ^NCS20[0-9]{2}							
NCS2006-DCCBL-RE=	DC power cable for ETSI right exit	Network Convergence System 2000 Series	cable	layered	ONS 15454 MSTP and NCS 2000	(none)	NCS 2000 (NCS 2002 / 2006 / 2015)		sku ^NCS20[0-9]{2}							
NCS2006-DDR=	Chassis Deep Door, Cisco NCS 2006	Network Convergence System 2000 Series	mechanical	layered	ONS 15454 MSTP and NCS 2000	(none)	NCS 2000 (NCS 2002 / 2006 / 2015)		sku ^NCS20[0-9]{2}							
NCS2006-DR=	Chassis Door, Cisco NCS 2006	Network Convergence System 2000 Series	mechanical	layered	ONS 15454 MSTP and NCS 2000	(none)	NCS 2000 (NCS 2002 / 2006 / 2015)		sku ^NCS20[0-9]{2}							
NCS2006-ECU-S=	NCS 2006 External Connections Unit - w/ 2x USB 3.0 Ports	Network Convergence System 2000 Series	accessory	layered	ONS 15454 MSTP and NCS 2000	(none)	NCS 2000 (NCS 2002 / 2006 / 2015)		sku ^NCS20[0-9]{2}							
NCS2006-ECU60-S=	NCS 2006 External Connections Unit -w/ 2x USB 3.0 Ports -60V	Network Convergence System 2000 Series	accessory	layered	ONS 15454 MSTP and NCS 2000	(none)	NCS 2000 (NCS 2002 / 2006 / 2015)		sku ^NCS20[0-9]{2}							
NCS2006-ECU=	External Connection Unit, Cisco NCS 2006	Network Convergence System 2000 Series	accessory	layered	ONS 15454 MSTP and NCS 2000	(none)	NCS 2000 (NCS 2002 / 2006 / 2015)		sku ^NCS20[0-9]{2}							
NCS2006-FS-RDR-SK	NCS 2006 - FlexSpectrum ROADM Degree w/EDRA - Starter Kit	Network Convergence System 2000 Series	roadm	layered	ONS 15454 MSTP and NCS 2000	(none)	NCS 2000 (NCS 2002 / 2006 / 2015)		sku ^NCS20[0-9]{2}							
NCS2006-FTA=	Fran Tray assembly, Cisco NCS 2006	Network Convergence System 2000 Series	fan	layered	ONS 15454 MSTP and NCS 2000	(none)	NCS 2000 (NCS 2002 / 2006 / 2015)		sku ^NCS20[0-9]{2}							
NCS2006-LCD=	LCD and Memory, Cisco NCS 2006	Network Convergence System 2000 Series	accessory	layered	ONS 15454 MSTP and NCS 2000	(none)	NCS 2000 (NCS 2002 / 2006 / 2015)		sku ^NCS20[0-9]{2}							
NCS2006-PWRFLR=	Power Module blank filler, Cisco NCS 2006	Network Convergence System 2000 Series	mechanical	layered	ONS 15454 MSTP and NCS 2000	(none)	NCS 2000 (NCS 2002 / 2006 / 2015)		sku ^NCS20[0-9]{2}							
NCS2006-SA=	Shelf assembly with brackets, Cisco NCS 2006	Network Convergence System 2000 Series	chassis	layered	ONS 15454 MSTP and NCS 2000	(none)	NCS 2000 (NCS 2002 / 2006 / 2015)		sku ^NCS20[0-9]{2}							
NCS2015-AC-DDR=	NCS 2015 AC Shelf Deep Door and Fiber Tray	Network Convergence System 2000 Series	mechanical	layered	ONS 15454 MSTP and NCS 2000	(none)	NCS 2000 (NCS 2002 / 2006 / 2015)		sku ^NCS20[0-9]{2}							
NCS2015-BRK-KIT=	NCS 2015 Spare Bracket Kit	Network Convergence System 2000 Series	mechanical	layered	ONS 15454 MSTP and NCS 2000	(none)	NCS 2000 (NCS 2002 / 2006 / 2015)		sku ^NCS20[0-9]{2}							
NCS2015-DDR=	NCS 2015 Deep Door and Fiber Tray	Network Convergence System 2000 Series	mechanical	layered	ONS 15454 MSTP and NCS 2000	(none)	NCS 2000 (NCS 2002 / 2006 / 2015)		sku ^NCS20[0-9]{2}							
NCS2015-DOOR=	NCS 2015 Door and Fiber Tray	Network Convergence System 2000 Series	mechanical	layered	ONS 15454 MSTP and NCS 2000	(none)	NCS 2000 (NCS 2002 / 2006 / 2015)		sku ^NCS20[0-9]{2}							
NCS2015-ECU=	NCS 2015 External Connections Unit	Network Convergence System 2000 Series	accessory	layered	ONS 15454 MSTP and NCS 2000	(none)	NCS 2000 (NCS 2002 / 2006 / 2015)		sku ^NCS20[0-9]{2}							
NCS2015-FTA=	NCS 2015 Fan Tray	Network Convergence System 2000 Series	fan	layered	ONS 15454 MSTP and NCS 2000	(none)	NCS 2000 (NCS 2002 / 2006 / 2015)		sku ^NCS20[0-9]{2}							
NCS2015-FTF=	NCS 2015 Fan tray Air Filter	Network Convergence System 2000 Series	mechanical	layered	ONS 15454 MSTP and NCS 2000	(none)	NCS 2000 (NCS 2002 / 2006 / 2015)		sku ^NCS20[0-9]{2}							
NCS2015-SA-AC=	NCS 2015 Shelf Assembly - AC Power	Network Convergence System 2000 Series	chassis	layered	ONS 15454 MSTP and NCS 2000	(none)	NCS 2000 (NCS 2002 / 2006 / 2015)		sku ^NCS20[0-9]{2}							
NCS2015-SA-DC=	NCS 2015 Shelf Assembly - DC Power	Network Convergence System 2000 Series	chassis	layered	ONS 15454 MSTP and NCS 2000	(none)	NCS 2000 (NCS 2002 / 2006 / 2015)		sku ^NCS20[0-9]{2}							
NCS2015-SYS-AC	NCS 2015 AC power System Assembly to Order	Network Convergence System 2000 Series	chassis	layered	ONS 15454 MSTP and NCS 2000	(none)	NCS 2000 (NCS 2002 / 2006 / 2015)		sku ^NCS20[0-9]{2}							
NCS2015-SYS-AC++	NCS 2015 AC power System Assembly to Order - TAA	Network Convergence System 2000 Series	chassis	layered	ONS 15454 MSTP and NCS 2000	(none)	NCS 2000 (NCS 2002 / 2006 / 2015)		sku ^NCS20[0-9]{2}							
NCS2015-SYS-DC	NCS 2015 DC power System Assembly to Order	Network Convergence System 2000 Series	chassis	layered	ONS 15454 MSTP and NCS 2000	(none)	NCS 2000 (NCS 2002 / 2006 / 2015)		sku ^NCS20[0-9]{2}							
NCS2015-SYS-DC++	NCS 2015 DC power System Assembly to Order - TAA	Network Convergence System 2000 Series	chassis	layered	ONS 15454 MSTP and NCS 2000	(none)	NCS 2000 (NCS 2002 / 2006 / 2015)		sku ^NCS20[0-9]{2}							
NCS2K-1.2T-MXP-L=	NCS2K 1.2Tbps Muxponder Licensed for 100G Client Bandwidth	Network Convergence System 2000 Series	transponder	layered	ONS 15454 MSTP and NCS 2000	(none)	NCS 2000 (NCS 2002 / 2006 / 2015)		sku ^NCS2K							
NCS2K-1.2T-MXP=	NCS2K 3x DDQSFP56, 5x QSFP28, 3x CFP2 WDM 1.2Tbps Muxponder	Network Convergence System 2000 Series	transponder	layered	ONS 15454 MSTP and NCS 2000	(none)	NCS 2000 (NCS 2002 / 2006 / 2015)		sku ^NCS2K							
NCS2K-100G-CK-C	100G CPAK Multi-Rate Line Card - CP-DQPSK - C-Band	Network Convergence System 2000 Series	transponder	layered	ONS 15454 MSTP and NCS 2000	(none)	NCS 2000 (NCS 2002 / 2006 / 2015)		sku ^NCS2K							
NCS2K-100G-CK-C=	100G CPAK Multi-Rate Line Card - CP-DQPSK - C-Band	Network Convergence System 2000 Series	transponder	layered	ONS 15454 MSTP and NCS 2000	(none)	NCS 2000 (NCS 2002 / 2006 / 2015)		sku ^NCS2K							
NCS2K-100G-CK-LIC=	100G CPAK MR SD-FEC Line Card - C-Band - Licensed (includes Client, FS, HG FEC and SD FEC)	ONS 15454 Series Multiservice Transport Platforms	transponder	layered	ONS 15454 MSTP and NCS 2000	(none)	NCS 2000 (NCS 2002 / 2006 / 2015)		sku ^NCS2K							
NCS2K-100GS-CK-C	100G - CPAK Multi-Rate Line Card -SD FEC - C-Band	Network Convergence System 2000 Series	transponder	layered	ONS 15454 MSTP and NCS 2000	(none)	NCS 2000 (NCS 2002 / 2006 / 2015)		sku ^NCS2K							
NCS2K-100GS-CK-C=	100G - CPAK Multi-Rate Line Card -SD FEC - C-Band	ONS 15454 Series Multiservice Transport Platforms	transponder	layered	ONS 15454 MSTP and NCS 2000	(none)	NCS 2000 (NCS 2002 / 2006 / 2015)		sku ^NCS2K							
NCS2K-100GS-CKC++=	100G - CPAK Multi-Rate Line Card -SD FEC - C-Band	Network Convergence System 2000 Series	transponder	layered	ONS 15454 MSTP and NCS 2000	(none)	NCS 2000 (NCS 2002 / 2006 / 2015)		sku ^NCS2K							
NCS2K-100ME-CKC	100G CPAK Multi-Rate Line Card - CP-DQPSK - Metro - C-Band	Network Convergence System 2000 Series	transponder	layered	ONS 15454 MSTP and NCS 2000	(none)	NCS 2000 (NCS 2002 / 2006 / 2015)		sku ^NCS2K							
NCS2K-100ME-CKC=	100G CPAK Multi-Rate Line Card - CP-DQPSK - Metro - C-Band	Network Convergence System 2000 Series	transponder	layered	ONS 15454 MSTP and NCS 2000	(none)	NCS 2000 (NCS 2002 / 2006 / 2015)		sku ^NCS2K							
NCS2K-10X200XP-SK	10X100G or 100X10G over 200G ring w/400G-XP	ONS 15454 Series Multiservice Transport Platforms	linecard	layered	ONS 15454 MSTP and NCS 2000	(none)	NCS 2000 (NCS 2002 / 2006 / 2015)		sku ^NCS2K							
NCS2K-10XMXP-SK	10X100G or 100X10G over 200G lambda w/400G-XP	ONS 15454 Series Multiservice Transport Platforms	linecard	layered	ONS 15454 MSTP and NCS 2000	(none)	NCS 2000 (NCS 2002 / 2006 / 2015)		sku ^NCS2K							
NCS2K-12-AD-CCOFS	12-port - 4-degree - Contentionless Add/Drop Unit.	Network Convergence System 2000 Series	mux	layered	ONS 15454 MSTP and NCS 2000	(none)	NCS 2000 (NCS 2002 / 2006 / 2015)		sku ^NCS2K							
NCS2K-12-AD-CCOFS=	12-port - 4-degree - Contentionless Add/Drop Unit.	Network Convergence System 2000 Series	mux	layered	ONS 15454 MSTP and NCS 2000	(none)	NCS 2000 (NCS 2002 / 2006 / 2015)		sku ^NCS2K							
NCS2K-12CCOFS-OF	NCS 2000 12-port 4-degree CCOFS - Out of Franchise Kit	Network Convergence System 2000 Series	mux	layered	ONS 15454 MSTP and NCS 2000	(none)	NCS 2000 (NCS 2002 / 2006 / 2015)		sku ^NCS2K							
NCS2K-16-AD-CCOFS=	16-port - 4- to 12-degree - Contentionless Add/Drop Unit	Network Convergence System 2000 Series	mux	layered	ONS 15454 MSTP and NCS 2000	(none)	NCS 2000 (NCS 2002 / 2006 / 2015)		sku ^NCS2K							
NCS2K-16-WXC-FS	16-ports Wavelength X-Connect and Mux/Demux - Flex Spectrum	Network Convergence System 2000 Series	roadm	layered	ONS 15454 MSTP and NCS 2000	(none)	NCS 2000 (NCS 2002 / 2006 / 2015)		sku ^NCS2K							
NCS2K-16-WXC-FS=	16-ports Wavelength X-Connect and Mux/Demux - Flex Spectrum	Network Convergence System 2000 Series	roadm	layered	ONS 15454 MSTP and NCS 2000	(none)	NCS 2000 (NCS 2002 / 2006 / 2015)		sku ^NCS2K							
NCS2K-20-SMRFS	20-port Single Module ROADM - Switchable Gain Flex Spectrum	Network Convergence System 2000 Series	roadm	layered	ONS 15454 MSTP and NCS 2000	(none)	NCS 2000 (NCS 2002 / 2006 / 2015)		sku ^NCS2K							
NCS2K-20-SMRFS-CV	20-port Single Module ROADM - Switchable Gain Flex Spectrum - Connectivity Verification	Network Convergence System 2000 Series	roadm	layered	ONS 15454 MSTP and NCS 2000	(none)	NCS 2000 (NCS 2002 / 2006 / 2015)		sku ^NCS2K							
NCS2K-20-SMRFS-CV=	20-port SMR - Switch. Gain Flex Spectrum - Conn. Verif.	Network Convergence System 2000 Series	roadm	layered	ONS 15454 MSTP and NCS 2000	(none)	NCS 2000 (NCS 2002 / 2006 / 2015)		sku ^NCS2K							
NCS2K-20-SMRFS-L	20-port Single Module ROADM - Switchable Gain FS - Licensed	Network Convergence System 2000 Series	roadm	layered	ONS 15454 MSTP and NCS 2000	(none)	NCS 2000 (NCS 2002 / 2006 / 2015)		sku ^NCS2K							
NCS2K-20-SMRFS-L=	20-port Single Module ROADM - Switchable Gain FS - Licensed	Network Convergence System 2000 Series	roadm	layered	ONS 15454 MSTP and NCS 2000	(none)	NCS 2000 (NCS 2002 / 2006 / 2015)		sku ^NCS2K							
NCS2K-20-SMRFS=	20-port Single Module ROADM - Switchable Gain Flex Spectrum	Network Convergence System 2000 Series	roadm	layered	ONS 15454 MSTP and NCS 2000	(none)	NCS 2000 (NCS 2002 / 2006 / 2015)		sku ^NCS2K							
NCS2K-200G-CK-C	50G/100G/200G CPAK Multi-Rate Line Card - SD FEC - C-Band	Network Convergence System 2000 Series	transponder	layered	ONS 15454 MSTP and NCS 2000	(none)	NCS 2000 (NCS 2002 / 2006 / 2015)		sku ^NCS2K							
NCS2K-200G-CK-C++=	50G/100G/200G CPAK Multi-Rate Line Card - SD FEC - C-Band	Network Convergence System 2000 Series	transponder	layered	ONS 15454 MSTP and NCS 2000	(none)	NCS 2000 (NCS 2002 / 2006 / 2015)		sku ^NCS2K							
NCS2K-200G-CK-C=	50G/100G/200G CPAK Multi-Rate Line Card - SD FEC - C-Band	Network Convergence System 2000 Series	transponder	layered	ONS 15454 MSTP and NCS 2000	(none)	NCS 2000 (NCS 2002 / 2006 / 2015)		sku ^NCS2K							
NCS2K-200G-CK-LIC	200G - CPAK MR Line Card - C-Band - Licensed	Network Convergence System 2000 Series	transponder	layered	ONS 15454 MSTP and NCS 2000	(none)	NCS 2000 (NCS 2002 / 2006 / 2015)		sku ^NCS2K							
NCS2K-200G-CK-LIC=	200G - CPAK MR Line Card - C-Band - Licensed	ONS 15454 Series Multiservice Transport Platforms	transponder	layered	ONS 15454 MSTP and NCS 2000	(none)	NCS 2000 (NCS 2002 / 2006 / 2015)		sku ^NCS2K							
NCS2K-2RU-COVER=	2RU Cover for the EF-40, MD-48 and PPMESH8 Units	Network Convergence System 2000 Series	mechanical	layered	ONS 15454 MSTP and NCS 2000	(none)	NCS 2000 (NCS 2002 / 2006 / 2015)		sku ^NCS2K							
NCS2K-400G-BUN-SK	400G XPonder + 1X CFP2-WDM - 1X LIC	ONS 15454 Series Multiservice Transport Platforms	linecard	layered	ONS 15454 MSTP and NCS 2000	(none)	NCS 2000 (NCS 2002 / 2006 / 2015)		sku ^NCS2K							
NCS2K-400G-BUN2-SK	Cisco NCS2K-400G-BUN2-SK	ONS 15454 Series Multiservice Transport Platforms	unknown	layered	ONS 15454 MSTP and NCS 2000	(none)	NCS 2000 (NCS 2002 / 2006 / 2015)		sku ^NCS2K							
NCS2K-400G-XP++=	400G CFP2 MR Xponder - TAA	Network Convergence System 2000 Series	transponder	layered	ONS 15454 MSTP and NCS 2000	(none)	NCS 2000 (NCS 2002 / 2006 / 2015)		sku ^NCS2K							
NCS2K-400G-XP=	400G CFP2 MR xponder	Network Convergence System 2000 Series	transponder	layered	ONS 15454 MSTP and NCS 2000	(none)	NCS 2000 (NCS 2002 / 2006 / 2015)		sku ^NCS2K							
NCS2K-400GXP-L-K9=	400G CFP2 MR XP licensed 100G client bandwidth + 1 port WDM	Network Convergence System 2000 Series	transponder	layered	ONS 15454 MSTP and NCS 2000	(none)	NCS 2000 (NCS 2002 / 2006 / 2015)		sku ^NCS2K							
NCS2K-400GXP-SK	400G XPonder + 2x CFP2-WDM - No Capacity Bundle	ONS 15454 Series Multiservice Transport Platforms	linecard	layered	ONS 15454 MSTP and NCS 2000	(none)	NCS 2000 (NCS 2002 / 2006 / 2015)		sku ^NCS2K							
NCS2K-6AD-DD-CFS=	NCS 2000 - 6 port Colorless Flex Spectrum Add/Drop Line Card	ONS 15454 Series Multiservice Transport Platforms	mux	layered	ONS 15454 MSTP and NCS 2000	(none)	NCS 2000 (NCS 2002 / 2006 / 2015)		sku ^NCS2K							
NCS2K-9-SMR17FS	9-port Single Module ROADM - 0-17dB Gain - Flex Spectrum	Network Convergence System 2000 Series	roadm	layered	ONS 15454 MSTP and NCS 2000	(none)	NCS 2000 (NCS 2002 / 2006 / 2015)		sku ^NCS2K							
NCS2K-9-SMR17FS-L	9-port Single Module ROADM - 0-17dB Gain - FS - Licensed	Network Convergence System 2000 Series	roadm	layered	ONS 15454 MSTP and NCS 2000	(none)	NCS 2000 (NCS 2002 / 2006 / 2015)		sku ^NCS2K							
NCS2K-9-SMR17FS-L=	9-port Single Module ROADM - 0-17dB Gain - FS - Licensed	Network Convergence System 2000 Series	roadm	layered	ONS 15454 MSTP and NCS 2000	(none)	NCS 2000 (NCS 2002 / 2006 / 2015)		sku ^NCS2K							
NCS2K-9-SMR17FS=	9-port Single Module ROADM - 0-17dB Gain - Flex Spectrum	Network Convergence System 2000 Series	roadm	layered	ONS 15454 MSTP and NCS 2000	(none)	NCS 2000 (NCS 2002 / 2006 / 2015)		sku ^NCS2K							
NCS2K-9-SMR24FS	9-port Single Module ROADM - 12-24dB Gain - Flex Spectrum	Network Convergence System 2000 Series	roadm	layered	ONS 15454 MSTP and NCS 2000	(none)	NCS 2000 (NCS 2002 / 2006 / 2015)		sku ^NCS2K							
NCS2K-9-SMR24FS-L	9-port Single Module ROADM - 12-24dB Gain - FS - Licensed	Network Convergence System 2000 Series	roadm	layered	ONS 15454 MSTP and NCS 2000	(none)	NCS 2000 (NCS 2002 / 2006 / 2015)		sku ^NCS2K							
NCS2K-9-SMR24FS-L=	9-port Single Module ROADM - 12-24dB Gain - FS - Licensed	Network Convergence System 2000 Series	roadm	layered	ONS 15454 MSTP and NCS 2000	(none)	NCS 2000 (NCS 2002 / 2006 / 2015)		sku ^NCS2K							
NCS2K-9-SMR24FS=	9-port Single Module ROADM - 12-24dB Gain - Flex Spectrum	Network Convergence System 2000 Series	roadm	layered	ONS 15454 MSTP and NCS 2000	(none)	NCS 2000 (NCS 2002 / 2006 / 2015)		sku ^NCS2K							
NCS2K-9-SMR34FS	9-port Single Module ROADM - 20-34dB Gain - Flex Spectrum	Network Convergence System 2000 Series	roadm	layered	ONS 15454 MSTP and NCS 2000	(none)	NCS 2000 (NCS 2002 / 2006 / 2015)		sku ^NCS2K							
NCS2K-9-SMR34FS-L	9-port Single Module ROADM - 20-34dB Gain - FS - Licensed	Network Convergence System 2000 Series	roadm	layered	ONS 15454 MSTP and NCS 2000	(none)	NCS 2000 (NCS 2002 / 2006 / 2015)		sku ^NCS2K							
NCS2K-9-SMR34FS-L=	9-port Single Module ROADM - 20-34dB Gain - FS - Licensed	Network Convergence System 2000 Series	roadm	layered	ONS 15454 MSTP and NCS 2000	(none)	NCS 2000 (NCS 2002 / 2006 / 2015)		sku ^NCS2K							
NCS2K-9-SMR34FS=	9-port Single Module ROADM - 20-34dB Gain - Flex Spectrum	Network Convergence System 2000 Series	roadm	layered	ONS 15454 MSTP and NCS 2000	(none)	NCS 2000 (NCS 2002 / 2006 / 2015)		sku ^NCS2K							
NCS2K-EDRA1-26	21dBm Erbium Doped Raman Amplifier 26dB Span - C-Band	Network Convergence System 2000 Series	amplifier	layered	ONS 15454 MSTP and NCS 2000	(none)	NCS 2000 (NCS 2002 / 2006 / 2015)		sku ^NCS2K							
NCS2K-EDRA1-26C	21dBm Erbium Doped Raman Amplifier 26dB Span - C-Band, includes one 2m LC/LC fiber-optic cables and one 2m E2000/PC High power fiber optical cable	Network Convergence System 2000 Series	amplifier	layered	ONS 15454 MSTP and NCS 2000	(none)	NCS 2000 (NCS 2002 / 2006 / 2015)		sku ^NCS2K							
NCS2K-EDRA1-26C=	21dBm Erbium Doped Raman Amplifier 26dB Span - C-Band, includes one 2m LC/LC fiber-optic cables and one 2m E2000/PC High power fiber optical cable	Network Convergence System 2000 Series	amplifier	layered	ONS 15454 MSTP and NCS 2000	(none)	NCS 2000 (NCS 2002 / 2006 / 2015)		sku ^NCS2K							
NCS2K-EDRA1-35	21dBm Erbium Doped Raman Amplifier 35dB Span - C-Band	Network Convergence System 2000 Series	amplifier	layered	ONS 15454 MSTP and NCS 2000	(none)	NCS 2000 (NCS 2002 / 2006 / 2015)		sku ^NCS2K							
NCS2K-EDRA1-35C	21dBm Erbium Doped Raman Amplifier 35dB Span - C-Band, includes one 2m LC/LC fiber-optic cable and one 2m E2000/PC High power fiber optical cable	Network Convergence System 2000 Series	amplifier	layered	ONS 15454 MSTP and NCS 2000	(none)	NCS 2000 (NCS 2002 / 2006 / 2015)		sku ^NCS2K							
NCS2K-EDRA1-35C=	21dBm Erbium Doped Raman Amplifier 35dB Span - C-Band, includes one 2m LC/LC fiber-optic cable and one 2m E2000/PC High power fiber optical cable	Network Convergence System 2000 Series	amplifier	layered	ONS 15454 MSTP and NCS 2000	(none)	NCS 2000 (NCS 2002 / 2006 / 2015)		sku ^NCS2K							
NCS2K-EDRA2-26	21dBm Erbium Doped Raman Amplifier + Bst 26dB Span - C-Band	Network Convergence System 2000 Series	amplifier	layered	ONS 15454 MSTP and NCS 2000	(none)	NCS 2000 (NCS 2002 / 2006 / 2015)		sku ^NCS2K							
NCS2K-EDRA2-26C	21dBm Erbium Doped Raman Amplifier + Bst 26dB Span - C-Band	Network Convergence System 2000 Series	amplifier	layered	ONS 15454 MSTP and NCS 2000	(none)	NCS 2000 (NCS 2002 / 2006 / 2015)		sku ^NCS2K							
NCS2K-EDRA2-26C=	21dBm Erbium Doped Raman Amplifier + Bst 26dB Span - C-Band, includes two 2m LC/LC fiber-optic cables and one 2m E2000/PC High power fiber optical cable	Network Convergence System 2000 Series	amplifier	layered	ONS 15454 MSTP and NCS 2000	(none)	NCS 2000 (NCS 2002 / 2006 / 2015)		sku ^NCS2K							
NCS2K-EDRA2-35	21dBm Erbium Doped Raman Amplifier + Bst 35dB Span - C-Band	Network Convergence System 2000 Series	amplifier	layered	ONS 15454 MSTP and NCS 2000	(none)	NCS 2000 (NCS 2002 / 2006 / 2015)		sku ^NCS2K							
NCS2K-EDRA2-35C	21dBm Erbium Doped Raman Amplifier + Bst 35dB Span - C-Band, includes two 2m LC/LC fiber-optic cables and one 2m E2000/PC High power fiber optical cable	Network Convergence System 2000 Series	amplifier	layered	ONS 15454 MSTP and NCS 2000	(none)	NCS 2000 (NCS 2002 / 2006 / 2015)		sku ^NCS2K							
NCS2K-EDRA2-35C=	21dBm Erbium Doped Raman Amplifier + Bst 35dB Span - C-Band, includes two 2m LC/LC fiber-optic cables and one 2m E2000/PC High power fiber optical cable	Network Convergence System 2000 Series	amplifier	layered	ONS 15454 MSTP and NCS 2000	(none)	NCS 2000 (NCS 2002 / 2006 / 2015)		sku ^NCS2K							
NCS2K-HP-LC-2=	E2000 High-Power to LC pacth cord - 2m	Network Convergence System 2000 Series	cable	layered	ONS 15454 MSTP and NCS 2000	(none)	NCS 2000 (NCS 2002 / 2006 / 2015)		sku ^NCS2K							
NCS2K-LC-LBK=	LC Loopback - Male connectors	Network Convergence System 2000 Series	cable	layered	ONS 15454 MSTP and NCS 2000	(none)	NCS 2000 (NCS 2002 / 2006 / 2015)		sku ^NCS2K							
NCS2K-MF-10AD-CFS=	10-Port Add/Drop MF Unit - Colorless Flex Spectrum	Network Convergence System 2000 Series	mux	layered	ONS 15454 MSTP and NCS 2000	(none)	NCS 2000 (NCS 2002 / 2006 / 2015)		sku ^NCS2K							
NCS2K-MF-16AD-CFS=	16-Ports Add/Drop MF Unit - Colorless and FlexSpectrum	Network Convergence System 2000 Series	mux	layered	ONS 15454 MSTP and NCS 2000	(none)	NCS 2000 (NCS 2002 / 2006 / 2015)		sku ^NCS2K							
NCS2K-MF-16AE-CFS=	16-Port Add/Drop + Express MF Unit - Colorless Flex Spectrum	Network Convergence System 2000 Series	mux	layered	ONS 15454 MSTP and NCS 2000	(none)	NCS 2000 (NCS 2002 / 2006 / 2015)		sku ^NCS2K							
NCS2K-MF-1RU=	Mechanical Frame - 4 slots - 1 RU	Network Convergence System 2000 Series	accessory	layered	ONS 15454 MSTP and NCS 2000	(none)	NCS 2000 (NCS 2002 / 2006 / 2015)		sku ^NCS2K							
NCS2K-MF-1SL-CVR=	Cisco NCS2K-MF-1SL-CVR=	Network Convergence System 2000 Series	accessory	layered	ONS 15454 MSTP and NCS 2000	(none)	NCS 2000 (NCS 2002 / 2006 / 2015)		sku ^NCS2K							
NCS2K-MF-2LC-ADP=	Double LC-LC Adapter MF Unit	Network Convergence System 2000 Series	mux	layered	ONS 15454 MSTP and NCS 2000	(none)	NCS 2000 (NCS 2002 / 2006 / 2015)		sku ^NCS2K							
NCS2K-MF-2MPO-ADP=	Double MPO-16 to 2xMPO-8 Adapter MF Unit - Monitoring	Network Convergence System 2000 Series	mux	layered	ONS 15454 MSTP and NCS 2000	(none)	NCS 2000 (NCS 2002 / 2006 / 2015)		sku ^NCS2K							
NCS2K-MF-2SL-CVR=	Cover for the Mechanical Frame w/ USB cable holder - 2slot	Network Convergence System 2000 Series	mechanical	layered	ONS 15454 MSTP and NCS 2000	(none)	NCS 2000 (NCS 2002 / 2006 / 2015)		sku ^NCS2K							
NCS2K-MF-4X4-COFS=	4-Degree and 4-Ports Add/Drop MF Unit - CO and FlexSpectrum	Network Convergence System 2000 Series	mux	layered	ONS 15454 MSTP and NCS 2000	(none)	NCS 2000 (NCS 2002 / 2006 / 2015)		sku ^NCS2K							
NCS2K-MF-6AD-CFS=	6-Port Add/Drop MF Unit - Colorless Flex Spectrum	Network Convergence System 2000 Series	mux	layered	ONS 15454 MSTP and NCS 2000	(none)	NCS 2000 (NCS 2002 / 2006 / 2015)		sku ^NCS2K							
NCS2K-MF-6RU-CVR=	Cover for the 6RU Mechanical Frame for Passive Units	Network Convergence System 2000 Series	mechanical	layered	ONS 15454 MSTP and NCS 2000	(none)	NCS 2000 (NCS 2002 / 2006 / 2015)		sku ^NCS2K							
NCS2K-MF-6RU=	Mechanical Frame for Passive Units - 14slots w/ USB Hub - 6RU	Network Convergence System 2000 Series	accessory	layered	ONS 15454 MSTP and NCS 2000	(none)	NCS 2000 (NCS 2002 / 2006 / 2015)		sku ^NCS2K							
NCS2K-MF-8X10G-FO=	2x4x10G QSFP+ to 10G Fan Out	Network Convergence System 2000 Series	mux	layered	ONS 15454 MSTP and NCS 2000	(none)	NCS 2000 (NCS 2002 / 2006 / 2015)		sku ^NCS2K							
NCS2K-MF-COVER=	1RU cover for mechanical frame	Network Convergence System 2000 Series	mechanical	layered	ONS 15454 MSTP and NCS 2000	(none)	NCS 2000 (NCS 2002 / 2006 / 2015)		sku ^NCS2K							
NCS2K-MF-DEG-5-CV=	5 Degrees Mesh Interconnect - w/ Connection Verification	Network Convergence System 2000 Series	mux	layered	ONS 15454 MSTP and NCS 2000	(none)	NCS 2000 (NCS 2002 / 2006 / 2015)		sku ^NCS2K							
NCS2K-MF-DEG-5=	Mesh Interconnection MF Unit - Up to 5 Degrees	Network Convergence System 2000 Series	mux	layered	ONS 15454 MSTP and NCS 2000	(none)	NCS 2000 (NCS 2002 / 2006 / 2015)		sku ^NCS2K							
NCS2K-MF-M16LC-CV=	MPO-16 to 16xLC Fan-Out - w/ Connection Verification	Network Convergence System 2000 Series	mux	layered	ONS 15454 MSTP and NCS 2000	(none)	NCS 2000 (NCS 2002 / 2006 / 2015)		sku ^NCS2K							
NCS2K-MF-MPO-16LC=	MPO-16 to 16xLC Fan-Out MF Unit - With Integrated Monitoring	Network Convergence System 2000 Series	mux	layered	ONS 15454 MSTP and NCS 2000	(none)	NCS 2000 (NCS 2002 / 2006 / 2015)		sku ^NCS2K							
NCS2K-MF-MPO-20LC=	MPO to 8x LC Fan-Out MF Unit - With Integrated Monitoring	Network Convergence System 4000 Series	mux	layered	ONS 15454 MSTP and NCS 2000	(none)	NCS 2000 (NCS 2002 / 2006 / 2015)		sku ^NCS2K							
NCS2K-MF-MPO-8LC=	MPO to 8x LC Fan-Out MF Unit - With Integrated Monitoring	Network Convergence System 2000 Series	mux	layered	ONS 15454 MSTP and NCS 2000	(none)	NCS 2000 (NCS 2002 / 2006 / 2015)		sku ^NCS2K							
NCS2K-MF-UPG-4-CV=	4-Deg Upgrade Mesh Interconnect - w/ Connection Verification	Network Convergence System 2000 Series	mux	layered	ONS 15454 MSTP and NCS 2000	(none)	NCS 2000 (NCS 2002 / 2006 / 2015)		sku ^NCS2K							
NCS2K-MF-UPG-4=	Mesh Interconnection MF Unit - Upgrade - 4 Degrees	Network Convergence System 2000 Series	mux	layered	ONS 15454 MSTP and NCS 2000	(none)	NCS 2000 (NCS 2002 / 2006 / 2015)		sku ^NCS2K							
NCS2K-MF10-6RU=	Mechanical Frame for Passive Units - 10slots w/ USB Hub - 6RU	Network Convergence System 2000 Series	accessory	layered	ONS 15454 MSTP and NCS 2000	(none)	NCS 2000 (NCS 2002 / 2006 / 2015)		sku ^NCS2K							
NCS2K-MPO-LBK=	8-fiber MPO Loopback - Male connector	Network Convergence System 2000 Series	cable	layered	ONS 15454 MSTP and NCS 2000	(none)	NCS 2000 (NCS 2002 / 2006 / 2015)		sku ^NCS2K							
NCS2K-MPO16-LBK=	16-fiber MPO Loopback - Male connector	Network Convergence System 2000 Series	cable	layered	ONS 15454 MSTP and NCS 2000	(none)	NCS 2000 (NCS 2002 / 2006 / 2015)		sku ^NCS2K							
NCS2K-MR-MXP-LIC	10/40/100G MR Muxponder - Licensable for Encryption	ONS 15454 Series Multiservice Transport Platforms	transponder	layered	ONS 15454 MSTP and NCS 2000	(none)	NCS 2000 (NCS 2002 / 2006 / 2015)		sku ^NCS2K							
NCS2K-MR-MXP-LIC=	10/40/100G MR Muxponder - Licensable for Encryption	Network Convergence System 2000 Series	transponder	layered	ONS 15454 MSTP and NCS 2000	(none)	NCS 2000 (NCS 2002 / 2006 / 2015)		sku ^NCS2K							
NCS2K-MR-MXPLIC++=	10/40/100G MR Muxponder - Licensable for Encryption	Network Convergence System 2000 Series	transponder	layered	ONS 15454 MSTP and NCS 2000	(none)	NCS 2000 (NCS 2002 / 2006 / 2015)		sku ^NCS2K							
NCS2K-OPT-EDFA-35=	NCS2000 - Optical Amplifier, C Band, Switchable Gain	ONS 15454 Series Multiservice Transport Platforms	amplifier	layered	ONS 15454 MSTP and NCS 2000	(none)	NCS 2000 (NCS 2002 / 2006 / 2015)		sku ^NCS2K							
NCS2K-PPMESH8-5AD=	2RU 8-Degree Mesh Patch Panel- 5-Add/Drop Port + Monitoring	Network Convergence System 2000 Series	mechanical	layered	ONS 15454 MSTP and NCS 2000	(none)	NCS 2000 (NCS 2002 / 2006 / 2015)		sku ^NCS2K							
NCS2K-SVO-K9=	Shelf Virtualization Orchestrator - LC	Network Convergence System 2000 Series	controller	layered	ONS 15454 MSTP and NCS 2000	(none)	NCS 2000 (NCS 2002 / 2006 / 2015)		sku ^NCS2K							
NCS2K-TNCS-2-K9	NCS 2000 Transport Node Controller, version 2	Network Convergence System 2000 Series	controller	layered	ONS 15454 MSTP and NCS 2000	(none)	NCS 2000 (NCS 2002 / 2006 / 2015)		sku ^NCS2K							
NCS2K-TNCS-2-K9=	NCS 2000 Transport Node Controller, version 2	ONS 15454 Series Multiservice Transport Platforms	controller	layered	ONS 15454 MSTP and NCS 2000	(none)	NCS 2000 (NCS 2002 / 2006 / 2015)		sku ^NCS2K							
NCS2K-TNCS-2O-K9	NCS 2000 Transport Node Controller w/2xOTDR/OSC, version 2	Network Convergence System 2000 Series	controller	layered	ONS 15454 MSTP and NCS 2000	(none)	NCS 2000 (NCS 2002 / 2006 / 2015)		sku ^NCS2K							
NCS2K-TNCS-2O-K9=	NCS 2000 Transport Node Controller w/2xOTDR/OSC, version 2	ONS 15454 Series Multiservice Transport Platforms	controller	layered	ONS 15454 MSTP and NCS 2000	(none)	NCS 2000 (NCS 2002 / 2006 / 2015)		sku ^NCS2K							
NCS2K-TNCS-K9	Transport Node Controller for NCS2002, 2006 & 2015 chassis	Network Convergence System 2000 Series	controller	layered	ONS 15454 MSTP and NCS 2000	(none)	NCS 2000 (NCS 2002 / 2006 / 2015)		sku ^NCS2K							
NCS2K-TNCS-K9-OF	NCS 2000 TNCS Controller - Out of Franchise Kit	Network Convergence System 2000 Series	controller	layered	ONS 15454 MSTP and NCS 2000	(none)	NCS 2000 (NCS 2002 / 2006 / 2015)		sku ^NCS2K							
NCS2K-TNCS-K9=	Transport Node Controller for NCS 2002, 2006 and 2015 chassis	Network Convergence System 2000 Series	controller	layered	ONS 15454 MSTP and NCS 2000	(none)	NCS 2000 (NCS 2002 / 2006 / 2015)		sku ^NCS2K							
NCS2K-TNCS-O-K9	NCS 2000 Transport Node Controller w/2x OTDR/OSC	Network Convergence System 2000 Series	controller	layered	ONS 15454 MSTP and NCS 2000	(none)	NCS 2000 (NCS 2002 / 2006 / 2015)		sku ^NCS2K							
NCS2K-TNCS-O-K9=	NCS 2000 Transport Node Controller w/ 2x OTDR/OSC	Network Convergence System 2000 Series	controller	layered	ONS 15454 MSTP and NCS 2000	(none)	NCS 2000 (NCS 2002 / 2006 / 2015)		sku ^NCS2K							
NCS2K-TNCSO-K9-OF	NCS 2000 TNCS Controller with 2x OTDR - Out of Franchise Kit	Network Convergence System 2000 Series	controller	layered	ONS 15454 MSTP and NCS 2000	(none)	NCS 2000 (NCS 2002 / 2006 / 2015)		sku ^NCS2K							
NCS4009-DOOR=	NCS 4009 Door	Network Convergence System 4000 Series	accessory	layered	NCS 4000	(none)	NCS 4009 / 4016		sku ^NCS400[0-9]							
NCS4009-FC-S	NCS 4009 Agnostic Cross connect - Single-chassis	Network Convergence System 4000 Series	fabric	layered	NCS 4000	(none)	NCS 4009 / 4016		sku ^NCS400[0-9]							
NCS4009-FC-S=	NCS 4009 Agnostic Cross connect - Single-chassis	Network Convergence System 4000 Series	fabric	layered	NCS 4000	(none)	NCS 4009 / 4016		sku ^NCS400[0-9]							
NCS4009-FC2-S	NCS 4009 Agnostic Cross connect - Single-chassis - 400G	Network Convergence System 4000 Series	fabric	layered	NCS 4000	(none)	NCS 4009 / 4016		sku ^NCS400[0-9]							
NCS4009-FC2-S-KIT	NCS 4009 Fabric – Single-chassis – V2 with Fan - kit	Network Convergence System 4000 Series	fabric	layered	NCS 4000	(none)	NCS 4009 / 4016		sku ^NCS400[0-9]							
NCS4009-FC2-S=	NCS 4009 Agnostic Cross connect - Single-chassis - 400G	Network Convergence System 4000 Series	fabric	layered	NCS 4000	(none)	NCS 4009 / 4016		sku ^NCS400[0-9]							
NCS4009-SA-AC=	NCS 4009 shelf assembly - AC Power	Network Convergence System 4000 Series	chassis	layered	NCS 4000	(none)	NCS 4009 / 4016		sku ^NCS400[0-9]							
NCS4009-SA-DC	NCS 4009 shelf assembly - DC Power	Network Convergence System 4000 Series	chassis	layered	NCS 4000	(none)	NCS 4009 / 4016		sku ^NCS400[0-9]							
NCS4009-SA-DC=	NCS 4009 shelf assembly - DC Power	Network Convergence System 4000 Series	chassis	layered	NCS 4000	(none)	NCS 4009 / 4016		sku ^NCS400[0-9]							
NCS4009-STRT-KIT	NCS 4009 DC Starter Kit	Network Convergence System 4000 Series	mechanical	layered	NCS 4000	(none)	NCS 4009 / 4016		sku ^NCS400[0-9]							
NCS4016-DOOR=	NCS 4016 Door	Network Convergence System 4000 Series	accessory	layered	NCS 4000	(none)	NCS 4009 / 4016		sku ^NCS4016							
NCS4016-FC-M	NCS 4016 Agnostic Cross Connect - Multi-chassis	Network Convergence System 4000 Series	fabric	layered	NCS 4000	(none)	NCS 4009 / 4016		sku ^NCS4016							
NCS4016-FC-M=	NCS 4016 Agnostic Cross connect - Multichassis	Network Convergence System 4000 Series	fabric	layered	NCS 4000	(none)	NCS 4009 / 4016		sku ^NCS4016							
NCS4016-FC2-M	NCS 4016 Agnostic Cross connect - Multichassis - 400G	Network Convergence System 4000 Series	fabric	layered	NCS 4000	(none)	NCS 4009 / 4016		sku ^NCS4016							
NCS4016-FC2-M=	NCS 4016 Agnostic Cross connect - Multichassis - 400G	Network Convergence System 4000 Series	fabric	layered	NCS 4000	(none)	NCS 4009 / 4016		sku ^NCS4016							
NCS4016-SA-AC=	NCS 4016 shelf assembly - AC Power	Network Convergence System 4000 Series	chassis	layered	NCS 4000	(none)	NCS 4009 / 4016		sku ^NCS4016							
NCS4016-SA-DC	NCS 4016 shelf assembly - DC Power	Network Convergence System 4000 Series	chassis	layered	NCS 4000	(none)	NCS 4009 / 4016		sku ^NCS4016							
NCS4016-SA-DC=	NCS 4016 shelf assembly - DC Power	Network Convergence System 4000 Series	chassis	layered	NCS 4000	(none)	NCS 4009 / 4016		sku ^NCS4016							
NCS4016-STRT-KIT2	NCS 4016 DC Starter Kit	Network Convergence System 4000 Series	mechanical	layered	NCS 4000	(none)	NCS 4009 / 4016		sku ^NCS4016							
NCS4K-20T-O-S	NCS 4000 20x10G OTN Card - SFP+	Network Convergence System 4000 Series	linecard	layered	NCS 4000	(none)	NCS 4009 / 4016		sku ^NCS4K							
NCS4K-20T-O-S++=	NCS 4000 20x10G OTN Card - SFP+	Network Convergence System 4000 Series	linecard	layered	NCS 4000	(none)	NCS 4009 / 4016		sku ^NCS4K							
NCS4K-20T-O-S=	NCS 4000 20x10G OTN Card - SFP+	Network Convergence System 4000 Series	linecard	layered	NCS 4000	(none)	NCS 4009 / 4016		sku ^NCS4K							
NCS4K-24LR-O-S	NCS 4000 24-port Low rate OTN LC - SFP	Network Convergence System 4000 Series	linecard	layered	NCS 4000	(none)	NCS 4009 / 4016		sku ^NCS4K							
NCS4K-24LR-O-S++=	NCS 4000 24-port Low rate OTN LC - SFP	Network Convergence System 4000 Series	linecard	layered	NCS 4000	(none)	NCS 4009 / 4016		sku ^NCS4K							
NCS4K-24LR-O-S=	NCS 4000 24-port Low rate OTN LC – SFP	Network Convergence System 4000 Series	linecard	layered	NCS 4000	(none)	NCS 4009 / 4016		sku ^NCS4K							
NCS4K-2H-O-K	NCS 4000 2x 100G CPAK - OTN Line Card - CPAK	Network Convergence System 4000 Series	linecard	layered	NCS 4000	(none)	NCS 4009 / 4016		sku ^NCS4K							
NCS4K-2H-O-K++=	NCS 4000 2x 100G CPAK - OTN Line Card - CPAK	Network Convergence System 4000 Series	linecard	layered	NCS 4000	(none)	NCS 4009 / 4016		sku ^NCS4K							
NCS4K-2H-O-K=	NCS 4000 2x 100G CPAK - OTN Line Card - CPAK	Network Convergence System 4000 Series	linecard	layered	NCS 4000	(none)	NCS 4009 / 4016		sku ^NCS4K							
NCS4K-2H-W	NCS 4000 2x 100G CP-DQPSK WDM - Full C band Tunable	Network Convergence System 4000 Series	transponder	layered	NCS 4000	(none)	NCS 4009 / 4016		sku ^NCS4K							
NCS4K-2H-W++=	NCS 4000 2x 100G CP-DQPSK WDM - Full C band Tunable	Network Convergence System 4000 Series	transponder	layered	NCS 4000	(none)	NCS 4009 / 4016		sku ^NCS4K							
NCS4K-2H-W=	NCS 4000 2x 100G CP-DQPSK - Full C band Tunable	Network Convergence System 4000 Series	transponder	layered	NCS 4000	(none)	NCS 4009 / 4016		sku ^NCS4K							
NCS4K-2H10T-OP-KS	NCS 4000 2x 100G CPAK 10x10G SFP+ OTN/Packet Line Card	Network Convergence System 4000 Series	linecard	layered	NCS 4000	(none)	NCS 4009 / 4016		sku ^NCS4K							
NCS4K-2H10T-OP-KS=	NCS 4000 2x 100G CPAK 10x10G SFP+ OTN/Packet Line Card	Network Convergence System 4000 Series	linecard	layered	NCS 4000	(none)	NCS 4009 / 4016		sku ^NCS4K							
NCS4K-2X100G-SK	NCS4000 2x 100G CP-DQPSK WDM Line Card + 4x CPAK LR4 STARTER KIT	Network Convergence System 4000 Series	mechanical	layered	NCS 4000	(none)	NCS 4009 / 4016		sku ^NCS4K							
NCS4K-4H-OPW-LO=	NCS 4000 400G Packet/OTN/WDM - QSFP28/CFP2 - Lic. 100G OTN	Network Convergence System 4000 Series	transponder	layered	NCS 4000	(none)	NCS 4009 / 4016		sku ^NCS4K							
NCS4K-4H-OPW-QC2	NCS 4000 400G WDM w/Packet/OTN - 10x QSFP + 2x CFP2 Line Card	Network Convergence System 4000 Series	transponder	layered	NCS 4000	(none)	NCS 4009 / 4016		sku ^NCS4K							
NCS4K-4H-OPW-QC2=	NCS 4000 400G WDM w/Packet/OTN - 10x QSFP + 2x CFP2 Line Card	Network Convergence System 4000 Series	transponder	layered	NCS 4000	(none)	NCS 4009 / 4016		sku ^NCS4K							
NCS4K-AC-CBL-IEC=	NCS 4000 AC Power Cable - IEC compliant	Network Convergence System 4000 Series	cable	layered	NCS 4000	(none)	NCS 4009 / 4016		sku ^NCS4K							
NCS4K-AC-CBL-NEMA=	NCS 4000 AC Power Cable - NEMA compliant	Network Convergence System 4000 Series	cable	layered	NCS 4000	(none)	NCS 4009 / 4016		sku ^NCS4K							
NCS4K-AC-PEM=	NCS 4000 AC Power Entry Module - Power Tray	Network Convergence System 4000 Series	power	layered	NCS 4000	(none)	NCS 4009 / 4016		sku ^NCS4K							
NCS4K-AC-PSU=	NCS 4000 AC Power System Unit - 3000 W	Network Convergence System 4000 Series	power	layered	NCS 4000	(none)	NCS 4009 / 4016		sku ^NCS4K							
NCS4K-BLANK=	NCS 4000 Blank Filler	Network Convergence System 4000 Series	mechanical	layered	NCS 4000	(none)	NCS 4009 / 4016		sku ^NCS4K							
NCS4K-CBL-HKA=	NCS 4000 Housekeeping Alarm Cable	Network Convergence System 4000 Series	cable	layered	NCS 4000	(none)	NCS 4009 / 4016		sku ^NCS4K							
NCS4K-CRAFT	NCS 4000 Craft Panel	Network Convergence System 4000 Series	mechanical	layered	NCS 4000	(none)	NCS 4009 / 4016		sku ^NCS4K							
NCS4K-CRAFT=	NCS 4000 Craft Panel	Network Convergence System 4000 Series	mechanical	layered	NCS 4000	(none)	NCS 4009 / 4016		sku ^NCS4K							
NCS4K-DC-FA	NCS 4000 AC Power front connection adapter	Network Convergence System 4000 Series	accessory	layered	NCS 4000	(none)	NCS 4009 / 4016		sku ^NCS4K							
NCS4K-DC-FA=	NCS 4000 AC Power front connection adapter	Network Convergence System 4000 Series	accessory	layered	NCS 4000	(none)	NCS 4009 / 4016		sku ^NCS4K							
NCS4K-DC-PEM	NCS 4000 DC Power Entry Module - Power Tray	Network Convergence System 4000 Series	power	layered	NCS 4000	(none)	NCS 4009 / 4016		sku ^NCS4K							
NCS4K-DC-PEM=	NCS 4000 DC Power Entry Module - Power Tray	Network Convergence System 4000 Series	power	layered	NCS 4000	(none)	NCS 4009 / 4016		sku ^NCS4K							
NCS4K-DC-PSU-V1	DC Power System Unit - 1750 W - Balanced Power	Network Convergence System 4000 Series	power	layered	NCS 4000	(none)	NCS 4009 / 4016		sku ^NCS4K							
NCS4K-DC-PSU-V1=	NCS 4000 DC Power System Unit - 1750 W - Balanced A and B	Network Convergence System 4000 Series	power	layered	NCS 4000	(none)	NCS 4009 / 4016		sku ^NCS4K							
NCS4K-ECU	NCS 4000 External Connection Unit	Network Convergence System 4000 Series	accessory	layered	NCS 4000	(none)	NCS 4009 / 4016		sku ^NCS4K							
NCS4K-ECU2	NCS 4000 External Connection Unit – Version 2	Network Convergence System 4000 Series	accessory	layered	NCS 4000	(none)	NCS 4009 / 4016		sku ^NCS4K							
NCS4K-ECU2=	NCS 4000 External Connection Unit – Version 2 (used with 4016)	Network Convergence System 4000 Series	accessory	layered	NCS 4000	(none)	NCS 4009 / 4016		sku ^NCS4K							
NCS4K-ECU=	NCS 4000 External Connection Unit (used with 4009)	Network Convergence System 4000 Series	accessory	layered	NCS 4000	(none)	NCS 4009 / 4016		sku ^NCS4K							
NCS4K-FTA	NCS 4000 Fan tray Assembly	Network Convergence System 4000 Series	fan	layered	NCS 4000	(none)	NCS 4009 / 4016		sku ^NCS4K							
NCS4K-FTA=	NCS 4000 Fan tray Assembly	Network Convergence System 4000 Series	fan	layered	NCS 4000	(none)	NCS 4009 / 4016		sku ^NCS4K							
NCS4K-FTF=	NCS 4000 Fan Tray Filter	Network Convergence System 4000 Series	mechanical	layered	NCS 4000	(none)	NCS 4009 / 4016		sku ^NCS4K							
NCS4K-RP++=	NCS 4000 Router Processor and Controller (32G RAM)	Network Convergence System 4000 Series	controller	layered	NCS 4000	(none)	NCS 4009 / 4016		sku ^NCS4K							
NCS4K-RP=	NCS 4000 Router Processor and Controller (32G RAM)	Network Convergence System 4000 Series	controller	layered	NCS 4000	(none)	NCS 4009 / 4016		sku ^NCS4K							
NCS4K-SSD-100G	NCS 4000 100G SSD disk for ECU	Network Convergence System 4000 Series	accessory	layered	NCS 4000	(none)	NCS 4009 / 4016		sku ^NCS4K							
NCS4K-SSD-100G=	NCS 4000 100G SSD disk for ECU	Network Convergence System 4000 Series	accessory	layered	NCS 4000	(none)	NCS 4009 / 4016		sku ^NCS4K							
NCS4K-SSD-200G	NCS 4000 200G SSD disk for ECU	Network Convergence System 4000 Series	accessory	layered	NCS 4000	(none)	NCS 4009 / 4016		sku ^NCS4K							
NCS4K-SSD-200G++=	NCS 4000 200G SSD disk for ECU	Network Convergence System 4000 Series	accessory	layered	NCS 4000	(none)	NCS 4009 / 4016		sku ^NCS4K							
NCS4K-SSD-200G=	NCS 4000 200G SSD disk for ECU	Network Convergence System 4000 Series	accessory	layered	NCS 4000	(none)	NCS 4009 / 4016		sku ^NCS4K							
NCS4KF-CRAFT	NCS 4000 Centralized Fabric Chassis Craft Panel	Network Convergence System 4000 Series	mechanical	layered	NCS 4000	(none)	NCS 4009 / 4016		sku ^NCS4K							
NCS4KF-CRAFT=	NCS 4000 Centralized Fabric Chassis Craft Panel	Network Convergence System 4000 Series	mechanical	layered	NCS 4000	(none)	NCS 4009 / 4016		sku ^NCS4K							
NCS4KF-DOOR	NCS 4000 Centralized Fabric Chassis Door	Network Convergence System 4000 Series	mechanical	layered	NCS 4000	(none)	NCS 4009 / 4016		sku ^NCS4K							
NCS4KF-DOOR=	NCS 4000 Centralized Fabric Chassis Door	Network Convergence System 4000 Series	mechanical	layered	NCS 4000	(none)	NCS 4009 / 4016		sku ^NCS4K							
NCS4KF-FC2-C=	NCS 4016 Centralized Agnostic Xross connect 24 CXP2 - 400G	Network Convergence System 4000 Series	fabric	layered	NCS 4000	(none)	NCS 4009 / 4016		sku ^NCS4K							
NCS4KF-FTA	NCS 4000 Centralized Fabric Chassis Fan Tray Assembly	Network Convergence System 4000 Series	fan	layered	NCS 4000	(none)	NCS 4009 / 4016		sku ^NCS4K							
NCS4KF-FTA=	NCS 4000 Centralized Fabric Chassis Fan tray Assembly	Network Convergence System 4000 Series	fan	layered	NCS 4000	(none)	NCS 4009 / 4016		sku ^NCS4K							
NCS4KF-INST-KIT	NCS 4000 systems Installation Kit	Network Convergence System 4000 Series	mechanical	layered	NCS 4000	(none)	NCS 4009 / 4016		sku ^NCS4K							
NCS4KF-INST-KIT=	NCS 4000 system NCS 4000 systems Installation Kits Installation Kit	Network Convergence System 4000 Series	mechanical	layered	NCS 4000	(none)	NCS 4009 / 4016		sku ^NCS4K							
NCS4KF-RPMC=	NCS 4000 Centralized Fabric Chassis RP w/Ethernet Switch for Multi-Chassis Inter-Connect	Network Convergence System 4000 Series	controller	layered	NCS 4000	(none)	NCS 4009 / 4016		sku ^NCS4K							
NCS4KF-SA-DC	NCS 4000 Centralized Fabric Chassis Shelf Assembly - DC Power	Network Convergence System 4000 Series	chassis	layered	NCS 4000	(none)	NCS 4009 / 4016		sku ^NCS4K							
NCS4KF-SA-DC=	NCS 4000 Centralized Agnostic Xross connect 24 CXP	Network Convergence System 4000 Series	chassis	layered	NCS 4000	(none)	NCS 4009 / 4016		sku ^NCS4K							
NCS4KF-STRT-KIT	NCS 4000 Centralized Fabric Sys Starter Kit - DC Power	Network Convergence System 4000 Series	mechanical	layered	NCS 4000	(none)	NCS 4009 / 4016		sku ^NCS4K							
NCS4KF-STRT-KIT2	NCS 4000 Centralized Fabric Sys Starter Kit - DC Power	Network Convergence System 4000 Series	mechanical	layered	NCS 4000	(none)	NCS 4009 / 4016		sku ^NCS4K							
NP/10/15252	NAM, Protecting, 10/90, 15252 Multi-Channel Unit	ONS 15200 Series DWDM Systems	mux	layered	ONS 15216 / 15200 DWDM passives	(none)	ONS 15200 (15201 / 15252) CLIP and NAM modules		sku ^N[PU]/							
NP/10/15252=	NAM, Protecting, 10/90, 15252 Multi-Channel Unit	ONS 15200 Series DWDM Systems	mux	layered	ONS 15216 / 15200 DWDM passives	(none)	ONS 15200 (15201 / 15252) CLIP and NAM modules		sku ^N[PU]/							
NP/50/15252	NAM, Protecting, 50/50, 15252 Multi-Channel Unit	ONS 15200 Series DWDM Systems	mux	layered	ONS 15216 / 15200 DWDM passives	(none)	ONS 15200 (15201 / 15252) CLIP and NAM modules		sku ^N[PU]/							
NP/50/15252=	NAM, Protecting, 50/50, 15252 Multi-Channel Unit	ONS 15200 Series DWDM Systems	mux	layered	ONS 15216 / 15200 DWDM passives	(none)	ONS 15200 (15201 / 15252) CLIP and NAM modules		sku ^N[PU]/							
NP/90/15252	NAM, Protecting, 90/10, 15252 Multi-Channel Unit	ONS 15200 Series DWDM Systems	mux	layered	ONS 15216 / 15200 DWDM passives	(none)	ONS 15200 (15201 / 15252) CLIP and NAM modules		sku ^N[PU]/							
NP/90/15252=	NAM, Protecting, 90/10, 15252 Multi-Channel Unit	ONS 15200 Series DWDM Systems	mux	layered	ONS 15216 / 15200 DWDM passives	(none)	ONS 15200 (15201 / 15252) CLIP and NAM modules		sku ^N[PU]/							
NU/0/15252	NAM, Unprotecting, 0/100, 15252 Multi-Channel Unit	ONS 15200 Series DWDM Systems	mux	layered	ONS 15216 / 15200 DWDM passives	(none)	ONS 15200 (15201 / 15252) CLIP and NAM modules		sku ^N[PU]/							
NU/0/15252=	NAM, Unprotecting, 0/100, 15252 Multi-Channel Unit	ONS 15200 Series DWDM Systems	mux	layered	ONS 15216 / 15200 DWDM passives	(none)	ONS 15200 (15201 / 15252) CLIP and NAM modules		sku ^N[PU]/							
NU/100/15252	NAM, Unprotecting, 100/0, 15252 Multi-Channel Unit	ONS 15200 Series DWDM Systems	mux	layered	ONS 15216 / 15200 DWDM passives	(none)	ONS 15200 (15201 / 15252) CLIP and NAM modules		sku ^N[PU]/							
NU/100/15252=	NAM, Unprotecting, 100/0, 15252 Multi-Channel Unit	ONS 15200 Series DWDM Systems	mux	layered	ONS 15216 / 15200 DWDM passives	(none)	ONS 15200 (15201 / 15252) CLIP and NAM modules		sku ^N[PU]/							
ONS-12MPO-MPO-2=	Multi-fiber patchcord - MPO to MPO 12 fibers - 2m	Network Convergence System 2000 Series	cable	layered	Optical cabling and patch panels	(none)	MPO / LC patchcords, attenuators and patch panels		sku ^ONS-(FMPO|12MPO|CXP2-MPO)							
ONS-12MPO-MPO-4=	Multi-fiber patchcord - MPO to MPO 12 fibers - 4m	Network Convergence System 2000 Series	cable	layered	Optical cabling and patch panels	(none)	MPO / LC patchcords, attenuators and patch panels		sku ^ONS-(FMPO|12MPO|CXP2-MPO)							
ONS-12MPO-MPO-6=	Multi-fiber patchcord - MPO to MPO 12 fibers - 6m	Network Convergence System 2000 Series	cable	layered	Optical cabling and patch panels	(none)	MPO / LC patchcords, attenuators and patch panels		sku ^ONS-(FMPO|12MPO|CXP2-MPO)							
ONS-12MPO-MPO-8=	Multi-fiber patchcord - MPO to MPO 12 fibers - 8m	Network Convergence System 2000 Series	cable	layered	Optical cabling and patch panels	(none)	MPO / LC patchcords, attenuators and patch panels		sku ^ONS-(FMPO|12MPO|CXP2-MPO)							
ONS-12MPO-XMPO-2=	Multi-fiber patchcord - MPO to MPO Xrossed - 2m	Network Convergence System 2000 Series	cable	layered	Optical cabling and patch panels	(none)	MPO / LC patchcords, attenuators and patch panels		sku ^ONS-(FMPO|12MPO|CXP2-MPO)							
ONS-12MPO-XMPO-4=	Multi-fiber patchcord - MPO to MPO Xrossed - 4m	Network Convergence System 2000 Series	cable	layered	Optical cabling and patch panels	(none)	MPO / LC patchcords, attenuators and patch panels		sku ^ONS-(FMPO|12MPO|CXP2-MPO)							
ONS-12MPO-XMPO-6=	Multi-fiber patchcord - MPO to MPO Xrossed - 6m	Network Convergence System 2000 Series	cable	layered	Optical cabling and patch panels	(none)	MPO / LC patchcords, attenuators and patch panels		sku ^ONS-(FMPO|12MPO|CXP2-MPO)							
ONS-12MPO-XMPO-8=	Multi-fiber patchcord - MPO to MPO Xrossed - 8m	Network Convergence System 2000 Series	cable	layered	Optical cabling and patch panels	(none)	MPO / LC patchcords, attenuators and patch panels		sku ^ONS-(FMPO|12MPO|CXP2-MPO)							
ONS-16MPO-MPO-2=	Multi-fiber patchcord - MPO to MPO 16 fibers - 2m	Network Convergence System 2000 Series	cable	layered	Optical cabling and patch panels	(none)	MPO / LC patchcords, attenuators and patch panels		sku MPO-MPO							
ONS-16MPO-MPO-4=	Multi-fiber patchcord - MPO to MPO 16 fibers - 4m	Network Convergence System 2000 Series	cable	layered	Optical cabling and patch panels	(none)	MPO / LC patchcords, attenuators and patch panels		sku MPO-MPO							
ONS-16MPO-MPO-6=	Multi-fiber patchcord - MPO to MPO 16 fibers - 6m	Network Convergence System 2000 Series	cable	layered	Optical cabling and patch panels	(none)	MPO / LC patchcords, attenuators and patch panels		sku MPO-MPO							
ONS-16MPO-MPO-8=	Multi-fiber patchcord - MPO to MPO 16 fibers - 8m	Network Convergence System 2000 Series	cable	layered	Optical cabling and patch panels	(none)	MPO / LC patchcords, attenuators and patch panels		sku MPO-MPO							
ONS-4X10-MMCBL-10=	4x10G Foldable MPO to LC cable - Multimode - 10 meter	Network Convergence System 1000 Series	cable	layered	NCS 1000	(shared across the line)		NCS 1000 shared parts	accessory CBL (label Network Convergence System 1000 Series)							
ONS-4X10-MMCBL-20=	4x10G Foldable MPO to LC cable - Multimode - 20 meter	Network Convergence System 1000 Series	cable	layered	NCS 1000	(shared across the line)		NCS 1000 shared parts	accessory CBL (label Network Convergence System 1000 Series)							
ONS-4X10-MMCBL-5=	4x 10G Foldable MPO to LC cable - Multimode - 5 meter	Network Convergence System 1000 Series	cable	layered	NCS 1000	(shared across the line)		NCS 1000 shared parts	accessory CBL (label Network Convergence System 1000 Series)							
ONS-BRK-CS-16LC=	16-chs Colorless Flex-spectrum Mux/Dmx - LCs to CS connector	Transceiver Modules	mux	layered	Routed Optical Networking	(none)	QSFP-DD Pluggable Open Line System (QDD OLS)		sku ^ONS-BRK-CS-							
ONS-BRK-CS-8LC=	8-chs Colorless Flex-spectrum Mux/Dmx - LCs to CS connector	Transceiver Modules	mux	layered	Routed Optical Networking	(none)	QSFP-DD Pluggable Open Line System (QDD OLS)		sku ^ONS-BRK-CS-							
ONS-CAB-CS-LC-5=	Duplex optical patchcord, LC to CS connectors, 5m	Transceiver Modules	cable	layered	Optical cabling and patch panels	(none)	MPO / LC patchcords, attenuators and patch panels		sku ^ONS-CAB-							
ONS-CXP2-MPO-100=	Multi-mode patchcord - MPO to MPO - For CXP2 - 100m	Network Convergence System 4000 Series	cable	layered	Optical cabling and patch panels	(none)	MPO / LC patchcords, attenuators and patch panels		sku ^ONS-(FMPO|12MPO|CXP2-MPO)							
ONS-CXP2-MPO-10=	Multi-mode patchcord - MPO to MPO - For CXP2 - 10m	Network Convergence System 4000 Series	cable	layered	Optical cabling and patch panels	(none)	MPO / LC patchcords, attenuators and patch panels		sku ^ONS-(FMPO|12MPO|CXP2-MPO)							
ONS-CXP2-MPO-20=	Multi-mode patchcord - MPO to MPO - For CXP2 - 20m	Network Convergence System 4000 Series	cable	layered	Optical cabling and patch panels	(none)	MPO / LC patchcords, attenuators and patch panels		sku ^ONS-(FMPO|12MPO|CXP2-MPO)							
ONS-CXP2-MPO-30=	Multi-mode patchcord - MPO to MPO - For CXP2 - 30m	Network Convergence System 4000 Series	cable	layered	Optical cabling and patch panels	(none)	MPO / LC patchcords, attenuators and patch panels		sku ^ONS-(FMPO|12MPO|CXP2-MPO)							
ONS-CXP2-MPO-40=	Multi-mode patchcord - MPO to MPO - For CXP2 - 40m	Network Convergence System 4000 Series	cable	layered	Optical cabling and patch panels	(none)	MPO / LC patchcords, attenuators and patch panels		sku ^ONS-(FMPO|12MPO|CXP2-MPO)							
ONS-CXP2-MPO-50=	Multi-mode patchcord - MPO to MPO - For CXP2 - 50m	Network Convergence System 4000 Series	cable	layered	Optical cabling and patch panels	(none)	MPO / LC patchcords, attenuators and patch panels		sku ^ONS-(FMPO|12MPO|CXP2-MPO)							
ONS-CXP2-MPO-70=	Multi-mode patchcord - MPO to MPO - For CXP2 - 70m	Network Convergence System 4000 Series	cable	layered	Optical cabling and patch panels	(none)	MPO / LC patchcords, attenuators and patch panels		sku ^ONS-(FMPO|12MPO|CXP2-MPO)							
ONS-FMPO-SM-10=	MPO- Foldable MPO cables - Single Mode - 10 meter	Network Convergence System 1000 Series	cable	layered	Optical cabling and patch panels	(none)	MPO / LC patchcords, attenuators and patch panels		sku ^ONS-(FMPO|12MPO|CXP2-MPO)							
ONS-FMPO-SM-20=	MPO- Foldable MPO cables - Single Mode - 20 meter	Network Convergence System 1000 Series	cable	layered	Optical cabling and patch panels	(none)	MPO / LC patchcords, attenuators and patch panels		sku ^ONS-(FMPO|12MPO|CXP2-MPO)							
ONS-FMPO-SM-30=	MPO- Foldable MPO cables - Single Mode - 30 meter	Network Convergence System 1000 Series	cable	layered	Optical cabling and patch panels	(none)	MPO / LC patchcords, attenuators and patch panels		sku ^ONS-(FMPO|12MPO|CXP2-MPO)							
ONS-FMPO-SM-40=	MPO- Foldable MPO cables - Single Mode - 40 meter	Network Convergence System 1000 Series	cable	layered	Optical cabling and patch panels	(none)	MPO / LC patchcords, attenuators and patch panels		sku ^ONS-(FMPO|12MPO|CXP2-MPO)							
ONS-FMPO-SM-50=	MPO- Foldable MPO cables - Single Mode - 50 meter	Network Convergence System 1000 Series	cable	layered	Optical cabling and patch panels	(none)	MPO / LC patchcords, attenuators and patch panels		sku ^ONS-(FMPO|12MPO|CXP2-MPO)							
ONS-FMPO-SM-5=	MPO- Foldable MPO cables - Single Mode - 5 meter	Network Convergence System 1000 Series	cable	layered	Optical cabling and patch panels	(none)	MPO / LC patchcords, attenuators and patch panels		sku ^ONS-(FMPO|12MPO|CXP2-MPO)							
ONS-FMPO-SM-60=	MPO- Foldable MPO cables - Single Mode - 60 meter	Network Convergence System 1000 Series	cable	layered	Optical cabling and patch panels	(none)	MPO / LC patchcords, attenuators and patch panels		sku ^ONS-(FMPO|12MPO|CXP2-MPO)							
ONS-FMPO-SM-70=	MPO- Foldable MPO cables - Single Mode - 70 meter	Network Convergence System 1000 Series	cable	layered	Optical cabling and patch panels	(none)	MPO / LC patchcords, attenuators and patch panels		sku ^ONS-(FMPO|12MPO|CXP2-MPO)							
ONS-FMPO-SM-80=	MPO- Foldable MPO cables - Single Mode - 80 meter	Network Convergence System 1000 Series	cable	layered	Optical cabling and patch panels	(none)	MPO / LC patchcords, attenuators and patch panels		sku ^ONS-(FMPO|12MPO|CXP2-MPO)							
ONS-FMPO-SM-90=	MPO- Foldable MPO cables - Single Mode - 90 meter	Network Convergence System 1000 Series	cable	layered	Optical cabling and patch panels	(none)	MPO / LC patchcords, attenuators and patch panels		sku ^ONS-(FMPO|12MPO|CXP2-MPO)							
ONS-MPO-16LC-2=	16-fiber MPO to 16xLC Fan-Out MPO cable - 2m	Network Convergence System 2000 Series	cable	layered	ONS 15454 MSTP and NCS 2000	(shared across the line)		ONS 15454 MSTP and NCS 2000 shared parts	label-unsupported (label Network Convergence System 2000 Series; was NCS 2000 (NCS 2002 / 2006 / 2015)): no platform token (2000, 2002, 2006, 2015) in the SKU or name, no compatible part placed in the series						none: no platform token (2000, 2002, 2006, 2015) in the SKU or name, no compatible part placed in the series	
ONS-MPO-MPOLC-10=	24-MPO to Two 12-MPO and Four LC cable, 10m	Network Convergence System 2000 Series	cable	layered	Optical cabling and patch panels	(none)	MPO / LC patchcords, attenuators and patch panels		sku MPO-MPO							
ONS-MPO-MPOLC-2=	24-MPO to Two 12-MPO and Four LC cable, 2m	Network Convergence System 2000 Series	cable	layered	Optical cabling and patch panels	(none)	MPO / LC patchcords, attenuators and patch panels		sku MPO-MPO							
ONS-MPO24-2MPO12=	Two 40G SR4 to 100G SR10, 2x12MPO-24MPO 20m CPAK cable	Network Convergence System 2000 Series	cable	layered	ONS 15454 MSTP and NCS 2000	(shared across the line)		ONS 15454 MSTP and NCS 2000 shared parts	label-unsupported (label Network Convergence System 2000 Series; was NCS 2000 (NCS 2002 / 2006 / 2015)): no platform token (2000, 2002, 2006, 2015) in the SKU or name, no compatible part placed in the series						none: no platform token (2000, 2002, 2006, 2015) in the SKU or name, no compatible part placed in the series	
ONS-QDD-OLS=	QSFP-DD Open Line System, Pre and Bst EDFA, 2.4 THz C-Band	Transceiver Modules	pluggable	layered	Routed Optical Networking	(none)	QSFP-DD Pluggable Open Line System (QDD OLS)		sku ^ONS-QDD-OLS							
ONS-SYNC-CBL-100=	NCS 4000 Multichassis synchronization cable - 100 meters	Network Convergence System 4000 Series	cable	layered	NCS 4000	(none)	NCS 4009 / 4016		sku ^ONS-SYNC							
ONS-SYNC-CBL-15=	NCS 4000 Multichassis synchronization cable - 15 meters	Network Convergence System 4000 Series	cable	layered	NCS 4000	(none)	NCS 4009 / 4016		sku ^ONS-SYNC							
ONS-SYNC-CBL-25=	NCS 4000 Multichassis synchronization cable - 25 meters	Network Convergence System 4000 Series	cable	layered	NCS 4000	(none)	NCS 4009 / 4016		sku ^ONS-SYNC							
ONS-SYNC-CBL-50=	NCS 4000 Multichassis synchronization cable - 50 meters	Network Convergence System 4000 Series	cable	layered	NCS 4000	(none)	NCS 4009 / 4016		sku ^ONS-SYNC							
ONS-SYNC-CBL-75=	NCS 4000 Multichassis synchronization cable - 75 meters	Network Convergence System 4000 Series	cable	layered	NCS 4000	(none)	NCS 4009 / 4016		sku ^ONS-SYNC							
ONS15252	Multi-Channel Unit,Mechanics,Covers,Accessory Kit	ONS 15200 Series DWDM Systems	chassis	layered	ONS 15216 / 15200 DWDM passives	(none)	ONS 15200 (15201 / 15252) CLIP and NAM modules		sku 15252							
