sku	name	series_label	kind	bucket	product_line	product_family	series	placed_by	deploy_role	role_rule	role_issue	plan	belongs	label_evidence
10000-SIP-600	Cisco 10000-SIP-600	Shared Port Adapters/SPA Interface Processors	interface	layered	Router and switch line cards (legacy)	(shared across the line)	Router and switch line cards (legacy) shared parts	sku ^10000-SIP-						
10000-SIP-600=	Cisco 10000-SIP-600=	Shared Port Adapters/SPA Interface Processors	interface	layered	Router and switch line cards (legacy)	(shared across the line)	Router and switch line cards (legacy) shared parts	sku ^10000-SIP-						
12000-SIP-401	Cisco XR 12000 and 12000 Series SPA Interface Processor-401	Line cards	interface	layered	Router and switch line cards (legacy)		Cisco 12000 / XR 12000 SIP and line cards	sku ^12000-						
12000-SIP-401=	Cisco XR 12000 and 12000 Series SPA Interface Processor-401, spare	Line cards	interface	layered	Router and switch line cards (legacy)		Cisco 12000 / XR 12000 SIP and line cards	sku ^12000-						
12000-SIP-501	Cisco XR 12000 and 12000 Series SPA Interface Processor-501	Line cards	interface	layered	Router and switch line cards (legacy)		Cisco 12000 / XR 12000 SIP and line cards	sku ^12000-						
12000-SIP-501=	Cisco XR 12000 and 12000 Series SPA Interface Processor-501, spare	Line cards	interface	layered	Router and switch line cards (legacy)		Cisco 12000 / XR 12000 SIP and line cards	sku ^12000-						
12000-SIP-601	Cisco XR 12000 and 12000 Series SPA Interface Processor-601	Line cards	interface	layered	Router and switch line cards (legacy)		Cisco 12000 / XR 12000 SIP and line cards	sku ^12000-						
12000-SIP-601=	Cisco XR 12000 and 12000 Series SPA Interface Processor-601, spare	Line cards	interface	layered	Router and switch line cards (legacy)		Cisco 12000 / XR 12000 SIP and line cards	sku ^12000-						
15216-CS-MM-Y=	Y-cable splitter/combiner module, multimode, single-width module, installs in Cisco FlexLayer shelf assembly (15216-FL-SA)	Optical Transponders	mux	pending_plan								move optical-networking		
15216-CS-SM-Y=	Y-cable splitter/combiner module, single-mode, single-width module, LC connectors, installs in Cisco FlexLayer shelf assembly (15216-FL-SA)	Optical Transponders	mux	pending_plan								move optical-networking		
15216-FL-SA=	Shelf assembly, 4 module slots, 1-rack unit high, 19- or 23-inch rack mounting, Cisco FlexLayer platform	Optical Transponders	mechanical	pending_plan								move optical-networking		
15216-FLD-4-39.7=	Edge 4-Ch Bi-Directional OADM Mod 1539.77 to 1542.14	Transceiver Modules	mux	pending_plan								move optical-networking		
15216-FLD-4-42.9=	Edge 4-Ch Bi-Directional OADM Mod 1542.94 to 1545.32	Transceiver Modules	mux	pending_plan								move optical-networking		
15216-FLD-4-46.1=	Edge 4-Ch Bi-Directional OADM Mod 1546.12 to 1548.51	Transceiver Modules	mux	pending_plan								move optical-networking		
15216-FLD-4-49.3=	Edge 4-Ch Bi-Directional OADM Mod 1549.32 to 1551.72	Transceiver Modules	mux	pending_plan								move optical-networking		
15216-FLD-4-52.5=	Edge 4-Ch Bi-Directional OADM Mod 1552.52 to 1554.94	Transceiver Modules	mux	pending_plan								move optical-networking		
15216-FLD-4-55.7=	Edge 4-Ch Bi-Directional OADM Mod 1555.75 to 1558.17	Transceiver Modules	mux	pending_plan								move optical-networking		
15454-32DMX-O=	32-channel demultiplexer card, C-band, 100-GHz, MPO connectors for drop path, LC connectors for interconnection, includes one 2-m LC/LC fiber-optic cables	WDM Transmission Modules	mux	pending_plan								move optical-networking		
15454-32MUX-O=	32-channel multiplexer card, C-band, 100-GHz, MPO connectors for add path, LC connector for interconnection	WDM Transmission Modules	mux	pending_plan								move optical-networking		
15454-AD-1B-xx=	1-band OADM, C-band, 100-GHz, LC connectors, includes two 2-m LC/LC fiber-optic cables	WDM Transmission Modules	mux	pending_plan								class non_product		
15454-AD-4B-xx=	4-band OADM, C-band, 100-GHz, LC connectors, includes two 2-m LC/LC fiber-optic cables	WDM Transmission Modules	mux	pending_plan								class non_product		
15454-CONSOLE-02	Cable, console, Cisco ML-Series, RJ-11 plug to RJ-45 jack, 22 in. (55.9 cm) long, SONET (ANSI) system	Line cards	cable	pending_plan								move optical-networking		
15454-ML1000-2	1000-Mbps Ethernet card, 2 SFP slots, Layer 2 and Layer 3 switching, SONET (ANSI) system	Line cards	interface	pending_plan								move optical-networking		
15454-ML100T-12	10/100-Mbps Ethernet card, 12 ports, RJ-45, Layer 2 and Layer 3 switching, SONET (ANSI) system, includes console cable	Line cards	interface	pending_plan								move optical-networking		
15454-ML100X-8	100 Mbps BASE-FX/LX Ethernet card, eight SFP connections, Layer 2 and Layer 3 switching, SONET (ANSI) system	Line cards	interface	pending_plan								move optical-networking		
15454E-CONSOLE-02	Cable, console, Cisco ML-Series, RJ-11 plug to RJ-45 jack, 22 in. (55.9 cm) long, SDH (ETSI) system	Line cards	cable	pending_plan								move optical-networking		
15454E-ML1000-2	1000-Mbps Ethernet card, 2 SFP slots, Layer 2 and Layer 3 switching, SDH (ETSI) system	Line cards	interface	pending_plan								move optical-networking		
15454E-ML100T-12	10/100-Mbps Ethernet card, 12 ports, RJ-45, Layer 2 and Layer 3 switching, SDH (ETSI) system, includes console cable	Line cards	interface	pending_plan								move optical-networking		
15454E-ML100X-8	100 Mbps BASE-FX/LX Ethernet card, eight SFP connections, Layer 2 and Layer 3 switching, SDH (ETSI) system	Line cards	interface	pending_plan								move optical-networking		
16OC3/POS-MM	16 port OC3/STM1 SONET/SDH Multi-Mode LC with MTRJ connector	Line cards	interface	layered	Router and switch line cards (legacy)		Cisco 12000 / XR 12000 SIP and line cards	sku ^[0-9]{1,2}OC(3|12)X?/						
16OC3/POS-MM=	16 port OC3/STM1 SONET/SDH Multi-Mode LC with MTRJ conn	Line cards	interface	layered	Router and switch line cards (legacy)		Cisco 12000 / XR 12000 SIP and line cards	sku ^[0-9]{1,2}OC(3|12)X?/						
16OC3/POS-SM	16 port OC3/STM1 SONET/SDH Single-Mode LC with LC connector	Line cards	interface	layered	Router and switch line cards (legacy)		Cisco 12000 / XR 12000 SIP and line cards	sku ^[0-9]{1,2}OC(3|12)X?/						
16OC3/POS-SM=	16 port OC3/STM1 SONET/SDH Single-Mode LC with LC conn Spare	Line cards	interface	layered	Router and switch line cards (legacy)		Cisco 12000 / XR 12000 SIP and line cards	sku ^[0-9]{1,2}OC(3|12)X?/						
16OC3X/POS-I-LC-B	Cisco 16OC3X/POS-I-LC-B	Line cards	interface	layered	Router and switch line cards (legacy)		Cisco 12000 / XR 12000 SIP and line cards	sku ^[0-9]{1,2}OC(3|12)X?/						
16OC3X/POS-I-LC-B=	Cisco 16OC3X/POS-I-LC-B=	Line cards	interface	layered	Router and switch line cards (legacy)		Cisco 12000 / XR 12000 SIP and line cards	sku ^[0-9]{1,2}OC(3|12)X?/						
16OC3X/POS-M-MJ-B	Cisco 16OC3X/POS-M-MJ-B	Line cards	interface	layered	Router and switch line cards (legacy)		Cisco 12000 / XR 12000 SIP and line cards	sku ^[0-9]{1,2}OC(3|12)X?/						
16OC3X/POS-M-MJ-B=	Cisco 16OC3X/POS-M-MJ-B=	Line cards	interface	layered	Router and switch line cards (legacy)		Cisco 12000 / XR 12000 SIP and line cards	sku ^[0-9]{1,2}OC(3|12)X?/						
1x10GE-ER-SC	Cisco 12000 Series 1-Port 10-Gigabit Ethernet Line Card with 40-km reach optics	Line cards	interface	layered	Router and switch line cards (legacy)		Cisco 12000 / XR 12000 SIP and line cards	sku ^([0-9](GE-SFP|CHOC)|1X10GE-)						
1x10GE-LR-SC	Cisco 12000 Series 1-Port 10-Gigabit Ethernet Line Card with 10-km reach optics	Line cards	interface	layered	Router and switch line cards (legacy)		Cisco 12000 / XR 12000 SIP and line cards	sku ^([0-9](GE-SFP|CHOC)|1X10GE-)						
2911-BEZEL=	Cisco 2911 Front Bezel (Replacement Plastic Bezel)	Network Modules	mechanical	pending_plan								move routers		
3810-APM-EM	Analog Personality Module for EandM, Type I - IV, 2/4 Wire	Network Modules	interface	layered	Interface cards (NIM / SM-X / HWIC / SPA / PVDM / VIC / cellular)		MC3810 modules (legacy)	sku ^3810-						
3810-DVM-BNC	E1 Unbalanced Digital Voice Interface	Network Modules	interface	layered	Interface cards (NIM / SM-X / HWIC / SPA / PVDM / VIC / cellular)		MC3810 modules (legacy)	sku ^3810-						
3810-E1-75-BRI-S	3810 Multi-Flex Trunk With E1-BNC and BRI S/T Interfaces	Network Modules	interface	layered	Interface cards (NIM / SM-X / HWIC / SPA / PVDM / VIC / cellular)		MC3810 modules (legacy)	sku ^3810-						
3810-E1-BNC	Multi-Flex Trunk Module, E1 With BNC	Network Modules	interface	layered	Interface cards (NIM / SM-X / HWIC / SPA / PVDM / VIC / cellular)		MC3810 modules (legacy)	sku ^3810-						
3810-T1-BRI-U	Multi-Flex Trunk Moduel, T1	Network Modules	interface	layered	Interface cards (NIM / SM-X / HWIC / SPA / PVDM / VIC / cellular)		MC3810 modules (legacy)	sku ^3810-						
3810-T1E1	Multi-Flex Trunk Module, T1/E1 Interface, RJ45	Network Modules	interface	layered	Interface cards (NIM / SM-X / HWIC / SPA / PVDM / VIC / cellular)		MC3810 modules (legacy)	sku ^3810-						
3810-VCM3	Voice Compression Module, 3 DSPs	Network Modules	module	layered	Interface cards (NIM / SM-X / HWIC / SPA / PVDM / VIC / cellular)		MC3810 modules (legacy)	sku ^3810-						
4CHOC12/DS3-I-SCB	Cisco 12000 Series 4-Port Channelized OC-12/STM-4 (DS3/E3, OC-3c/STM-1c) POS/SDH ISE Line Card	Line cards	interface	layered	Router and switch line cards (legacy)		Cisco 12000 / XR 12000 SIP and line cards	sku ^([0-9](GE-SFP|CHOC)|1X10GE-)						
4GE-SFP-LC	Cisco XR 12000 and 12000 Series 4-Port Gigabit Ethernet ISE Line Card	Line cards	interface	layered	Router and switch line cards (legacy)		Cisco 12000 / XR 12000 SIP and line cards	sku ^([0-9](GE-SFP|CHOC)|1X10GE-)						
4OC-3/ATM-ISE-IR-SC	Cisco 4OC-3/ATM-ISE-IR-SC	Line cards	interface	layered	Router and switch line cards (legacy)		Cisco 12000 / XR 12000 SIP and line cards	sku ^4OC-3						
4OC12X/ATM-IR-SC	4-port OC-12/STM-4 ATM single-mode, intermediate-reach ISE line card with SC Connector	Line cards	interface	layered	Router and switch line cards (legacy)		Cisco 12000 / XR 12000 SIP and line cards	sku ^[0-9]{1,2}OC(3|12)X?/						
4OC12X/ATM-MM-SC	4-port OC-12/STM-4 ATM multimode ISE line card with SC connector	Line cards	interface	layered	Router and switch line cards (legacy)		Cisco 12000 / XR 12000 SIP and line cards	sku ^[0-9]{1,2}OC(3|12)X?/						
4OC3X/ATM-BLANK	Blank faceplate for Cisco 12008 and 12012 chassis	Line cards	mechanical	layered	Router and switch line cards (legacy)		Cisco 12000 / XR 12000 SIP and line cards	sku ^[0-9]{1,2}OC(3|12)X?/						
4OC3X/ATM-IR-SC	Cisco 12000 Series 4-Port OC-3c/STM-1c ATM ISE Line Card, single-mode	Line cards	interface	layered	Router and switch line cards (legacy)		Cisco 12000 / XR 12000 SIP and line cards	sku ^[0-9]{1,2}OC(3|12)X?/						
4OC3X/ATM-MM-SC	Cisco 12000 Series 4-Port OC-3c/STM-1c ATM ISE Line Card, multimode	Line cards	interface	layered	Router and switch line cards (legacy)		Cisco 12000 / XR 12000 SIP and line cards	sku ^[0-9]{1,2}OC(3|12)X?/						
7300-1OC12POS-SMI	1-port OC-12c/STM-4 Packet over SONET/SDH, Cisco 7300 Line Card, Single-mode – Intermediate Reach	Line cards	interface	pending_plan								move routers		
7300-1OC12POS-SMI=	1-port OC-12c/STM-4 Packet over SONET/SDH, Cisco 7300 Line Card, Single-mode – Intermediate Reach, SPARE	Line cards	interface	pending_plan								move routers		
7300-1OC12POS-X	Cisco 7300-1OC12POS-X	Line cards	interface	pending_plan								move routers		
7300-1OC48POS-SMI	Cisco 7304 1-Port OC-48c/STM-16 Packet over SONET/SDH Line Card, single mode-intermediate reach (SM-IR)	Line cards	interface	pending_plan								move routers		
7300-1OC48POS-SMI=	Cisco 7304 1-Port OC-48c/STM-16 Packet over SONET/SDH (SM-IR), spare	Line cards	interface	pending_plan								move routers		
7300-1OC48POS-SMS	Cisco 7304 1-Port OC-48c/STM-16 Packet over SONET/SDH Line Card, single mode-short reach (SM-SR)	Line cards	interface	pending_plan								move routers		
7300-1OC48POS-SMS=	Cisco 7304 1-Port OC-48c/STM-16 Packet over SONET/SDH Line Card (SM-SR), spare	Line cards	interface	pending_plan								move routers		
7300-2OC12POS-SMI	2-port OC-12c/STM-4 Packet over SONET/SDH, Cisco 7300 Line Card, Single-mode – Intermediate Reach	Line cards	interface	pending_plan								move routers		
7300-2OC12POS-SMI=	2-port OC-12c/STM-4 Packet over SONET/SDH, Cisco 7300 Line Card, Single-mode – Intermediate Reach, SPARE	Line cards	interface	pending_plan								move routers		
7300-2OC12POS-X	Cisco 7300-2OC12POS-X	Line cards	interface	pending_plan								move routers		
7300-2OC3ATM-MM	2-port OC-3 ATM line card for Cisco 7304 Router, MM	Line cards	interface	pending_plan								move routers		
7300-2OC3ATM-MM=	2-port OC-3 ATM line card for Cisco 7304 Router, MM, spare	Line cards	interface	pending_plan								move routers		
7300-2OC3ATM-SMI	2-port OC-3 ATM line card for Cisco 7304 Router, SM-IR	Line cards	interface	pending_plan								move routers		
7300-2OC3ATM-SMI=	2-port OC-3 ATM line card for Cisco 7304 Router, SM-IR, spare	Line cards	interface	pending_plan								move routers		
7300-2OC3POS-MM	2-port OC-3c/STM-1 POS/SDH, Cisco 7304 Line Card,Multi-mode (MM )	Line cards	interface	pending_plan								move routers		
7300-2OC3POS-MM=	2-port OC-3c/STM-1 POS/SDH, Cisco 7304 Line Card, MM, spare	Line cards	interface	pending_plan								move routers		
7300-2OC3POS-SMI	2-port OC-3c/STM-1 POS/SDH, Cisco 7304 Line Card, SM-IR	Line cards	interface	pending_plan								move routers		
7300-2OC3POS-SMI=	2-port OC-3c/STM-1 POS/SDH, Cisco 7304 Line Card, SM-IR, spare	Line cards	interface	pending_plan								move routers		
7300-4OC3POS-SMI	4-port OC-3c/STM-1 POS/SDH, Cisco 7304 Line Card, Single-mode-Intermediate Reach (SM-IR)	Line cards	interface	pending_plan								move routers		
7300-4OC3POS-SMI=	4-port OC-3c/STM-1 POS/SDH, Cisco 7304 Line Card, SM-IR, spare	Line cards	interface	pending_plan								move routers		
7600-SSC-400=	Cisco 7600/Catalyst 6500 Services SPA Carrier Card	Shared Port Adapters/SPA Interface Processors	interface	pending_plan								move switches		
88-LCO-34H14FH	Cisco 88-LCO-34H14FH	Transceiver Modules	interface	pending_plan								move routers		
88-LCO-36FH	Cisco 88-LCO-36FH	Transceiver Modules	interface	pending_plan								move routers		
88-LCO-36FH-M	Cisco 88-LCO-36FH-M	Transceiver Modules	interface	pending_plan								move routers		
8FE-FX-SC-B	8-port Fast Ethernet 100BASE-TX interface, SC connectors, with error correcting code (ECC) memory	Line cards	interface	layered	Router and switch line cards (legacy)		Cisco 12000 / XR 12000 SIP and line cards	sku ^8FE-						
8FE-TX-RJ45-B	8-port Fast Ethernet 100BASE-TX interface, RJ-45 connectors, with ECC memory	Line cards	interface	layered	Router and switch line cards (legacy)		Cisco 12000 / XR 12000 SIP and line cards	sku ^8FE-						
8OC3/POS-MM	8 port OC3/STM1 SONET/SDH Multi-Mode LC with MTRJ connector	Line cards	interface	layered	Router and switch line cards (legacy)		Cisco 12000 / XR 12000 SIP and line cards	sku ^[0-9]{1,2}OC(3|12)X?/						
8OC3/POS-MM=	8 port OC3/STM1 SONET/SDH Multi-Mode LC with MTRJ conn Spare	Line cards	interface	layered	Router and switch line cards (legacy)		Cisco 12000 / XR 12000 SIP and line cards	sku ^[0-9]{1,2}OC(3|12)X?/						
8OC3/POS-SM	8 port OC3/STM1 SONET/SDH Single-Mode LC with LC connector	Line cards	interface	layered	Router and switch line cards (legacy)		Cisco 12000 / XR 12000 SIP and line cards	sku ^[0-9]{1,2}OC(3|12)X?/						
8OC3/POS-SM=	8 port OC3/STM1 SONET/SDH Single-Mode LC with LC conn Spare	Line cards	interface	layered	Router and switch line cards (legacy)		Cisco 12000 / XR 12000 SIP and line cards	sku ^[0-9]{1,2}OC(3|12)X?/						
8OC3X/POS-IR-LC-B	Cisco 8OC3X/POS-IR-LC-B	Line cards	interface	layered	Router and switch line cards (legacy)		Cisco 12000 / XR 12000 SIP and line cards	sku ^[0-9]{1,2}OC(3|12)X?/						
8OC3X/POS-IR-LC-B=	Cisco 8OC3X/POS-IR-LC-B=	Line cards	interface	layered	Router and switch line cards (legacy)		Cisco 12000 / XR 12000 SIP and line cards	sku ^[0-9]{1,2}OC(3|12)X?/						
8OC3X/POS-MM-MJ-B	Cisco 8OC3X/POS-MM-MJ-B	Line cards	interface	layered	Router and switch line cards (legacy)		Cisco 12000 / XR 12000 SIP and line cards	sku ^[0-9]{1,2}OC(3|12)X?/						
8OC3X/POS-MM-MJ-B=	Cisco 8OC3X/POS-MM-MJ-B=	Line cards	interface	layered	Router and switch line cards (legacy)		Cisco 12000 / XR 12000 SIP and line cards	sku ^[0-9]{1,2}OC(3|12)X?/						
ACE30-BASE-04-K9	ACE30 Module with 4G, 1G Comp, 1K SSL TPS and 5VC	Services Modules	module	pending_plan								move switches		
ACE30-MOD-04-K9	ACE30 Module with 4G, 4G Comp, 30K SSL TPS and 250VC	Services Modules	module	pending_plan								move switches		
ACE30-MOD-08-K9	ACE30 Module with 8G, 6G Comp, 30K SSL TPS and 250VC	Services Modules	module	pending_plan								move switches		
ACE30-MOD-16-K9	ACE30 Module with 16G, 6G Comp, 30K SSL TPS and 250VC	Services Modules	module	pending_plan								move switches		
ACE30-MOD-K9	Application Control Engine 30 Hardware	Services Modules	module	pending_plan								move switches		
ACE30-MOD-K9=	Application Control Engine 30 Hardware	Services Modules	module	pending_plan								move switches		
ACE30-SYS-AC-04-K9	ACE30 16G 6504-E 720-10G-3C 6716 AC System	Services Modules	module	pending_plan								move switches		
ACE30-SYS-DC-04-K9	ACE30 16G 6504-E 720-10G-3C 6716 DC System	Services Modules	module	pending_plan								move switches		
ACS-2900-RM-23	23 inch rack mount kit for Cisco 2911/2921/2951 ISR	Network Modules	mechanical	pending_plan								move routers		
ACS-2900-RM-23=	23 inch rack mount kit for Cisco 2911/2921/2951 ISR (only as spare)	Network Modules	mechanical	pending_plan								move routers		
ACS-2900-RM-ETSI	ETSI rack mount kit for Cisco 2911/2921/2951 ISR	Network Modules	mechanical	pending_plan								move routers		
ACS-2900-RM-ETSI=	ETSI rack mount kit for Cisco 2911/2921/2951 ISR	Network Modules	mechanical	pending_plan								move routers		
ACS-2901-RM-23	23 inch rack mount kit for Cisco 2901 ISR	Network Modules	mechanical	pending_plan								move routers		
ACS-2901-RM-23=	23 inch rack mount kit for Cisco 2901 ISR (only as spare)	Network Modules	mechanical	pending_plan								move routers		
ACS-2901-RM-ETSI	ETSI rack mount kit for Cisco 2901 ISR	Network Modules	mechanical	pending_plan								move routers		
ACS-2901-RM-ETSI=	ETSI rack mount kit for Cisco 2901 ISR	Network Modules	mechanical	pending_plan								move routers		
AIC-DBL-PNL	Patch panel for terminating up to two AIC or 128 alarm points	Network Modules	mechanical	layered	Interface cards (NIM / SM-X / HWIC / SPA / PVDM / VIC / cellular)	(shared across the line)	Interface cards (NIM / SM-X / HWIC / SPA / PVDM / VIC / cellular) shared parts	label-unsupported (label Network Modules; was NM / NME Network Modules): no series token in the SKU or name, no compatible part placed in the series						none: no series token in the SKU or name, no compatible part placed in the series
AIC-SGL-PNL	Patch panel with power monitoring terminals, for terminating one AIC with eight lugs and fuses for power monitoring	Network Modules	mechanical	layered	Interface cards (NIM / SM-X / HWIC / SPA / PVDM / VIC / cellular)	(shared across the line)	Interface cards (NIM / SM-X / HWIC / SPA / PVDM / VIC / cellular) shared parts	label-unsupported (label Network Modules; was NM / NME Network Modules): no series token in the SKU or name, no compatible part placed in the series						none: no series token in the SKU or name, no compatible part placed in the series
AIR-ANT-LOC-01=	Hyperlocation Antenna, Model 1, Attached Omni	Access Point Modules	accessory	pending_plan								move wireless		
AIR-ANT25-LOC-02=	Hyperlocation Antenna, Model 2, + WiFi Ant., Directional	Access Point Modules	accessory	pending_plan								move wireless		
AIR-RM3000M	2.4 GHz & 5 GHz XOR Security Monitor Module	Access Point Modules	radio	pending_plan								move wireless		
AIR-RM3000M++=	Wireless Security Module - TAA	Access Point Modules	radio	pending_plan								move wireless		
AIR-RM3000M-10	2.4 GHz & 5 GHz XOR Security Monitor Module	Access Point Modules	radio	pending_plan								move wireless		
AIR-RM3000M-10++=	Wireless Security Module 10 Pack TAA	Access Point Modules	radio	pending_plan								move wireless		
AIR-RM3000M-10=	Wireless Security Module, 10 Pack	Access Point Modules	radio	pending_plan								move wireless		
AIR-RM3000M-BULK	BOM Level Wireless Security & Spectrum Intelligence Bulk PID	Access Point Modules	radio	pending_plan								move wireless		
AIR-RM3000M-BULK=	BOM Level Wireless Security & Spectrum Intelligence Bulk PID	Access Point Modules	radio	pending_plan								move wireless		
AIR-RM3000M=	Wireless Security Module	Access Point Modules	radio	pending_plan								move wireless		
AIR-RM3000MTAABULK	BOM Level Wireless Security Module TAA Bulk PID	Access Point Modules	radio	pending_plan								move wireless		
AIR-RM3010L-A-K9	Hyperlocation Module with Advance Security; Reg. Domain -A	Access Point Modules	radio	pending_plan								move wireless		
AIR-RM3010L-A-K9=	Hyperlocation Module with Advance Security; Reg. Domain -A	Access Point Modules	radio	pending_plan								move wireless		
AIR-RM3010L-B-K9	Hyperlocation Module with Advance Security; Reg. Domain -B	Access Point Modules	radio	pending_plan								move wireless		
AIR-RM3010L-B-K9=	Hyperlocation Module with Advance Security; Reg. Domain -B	Access Point Modules	radio	pending_plan								move wireless		
AIR-RM3010L-C-K9=	Hyperlocation Module with Advance Security; Reg. Domain -C	Access Point Modules	radio	pending_plan								move wireless		
AIR-RM3010L-D-K9=	Hyperlocation Module with Advance Security; Reg. Domain -D	Access Point Modules	radio	pending_plan								move wireless		
AIR-RM3010L-E-K9	Hyperlocation Module with Advance Security; Reg. Domain -E	Access Point Modules	radio	pending_plan								move wireless		
AIR-RM3010L-E-K9=	Hyperlocation Module with Advance Security; Reg. Domain -E	Access Point Modules	radio	pending_plan								move wireless		
AIR-RM3010L-F-K9=	Hyperlocation Module with Advance Security; Reg. Domain -F	Access Point Modules	radio	pending_plan								move wireless		
AIR-RM3010L-H-K9=	Hyperlocation Module with Advance Security; Reg. Domain -H	Access Point Modules	radio	pending_plan								move wireless		
AIR-RM3010L-I-K9=	Hyperlocation Module with Advance Security; Reg. Domain -I	Access Point Modules	radio	pending_plan								move wireless		
AIR-RM3010L-K-K9=	Hyperlocation Module with Advance Security; Reg. Domain -K	Access Point Modules	radio	pending_plan								move wireless		
AIR-RM3010L-N-K9=	Hyperlocation Module with Advance Security; Reg. Domain -N	Access Point Modules	radio	pending_plan								move wireless		
AIR-RM3010L-Q-K9=	Hyperlocation Module with Advance Security; Reg. Domain -Q	Access Point Modules	radio	pending_plan								move wireless		
AIR-RM3010L-R-K9=	Hyperlocation Module with Advance Security; Reg. Domain -R	Access Point Modules	radio	pending_plan								move wireless		
AIR-RM3010L-S-K9=	Hyperlocation Module with Advance Security; Reg. Domain -S	Access Point Modules	radio	pending_plan								move wireless		
AIR-RM3010L-T-K9=	Hyperlocation Module with Advance Security; Reg. Domain -T	Access Point Modules	radio	pending_plan								move wireless		
AIR-RM3010L-UXK9=	Wireless Security & Location Module; Universal SKU	Access Point Modules	radio	pending_plan								move wireless		
AIR-RM3010L-Z-K9=	Hyperlocation Module with Advance Security; Reg. Domain -Z	Access Point Modules	radio	pending_plan								move wireless		
AIR-RM3010LA-UXK9=	Wireless Security & Location Module+ Omni Antenna; Univ. SKU	Access Point Modules	radio	pending_plan								move wireless		
ANT-1.4-PNL-OUT-N	Outdoor Panel Antenna for WIMAX 1.4 GHz	Connected Grid Modules	mechanical	pending_plan								move routers		
ANT-1.4-PNL-OUT-N=	Outdoor Panel Antenna for WIMAX 1.4 GHz	Connected Grid Modules	mechanical	pending_plan								move routers		
ANT-1.8-PNL-OUT-N	Outdoor Panel Antenna for WIMAX 1.8 GHz	Connected Grid Modules	mechanical	pending_plan								move routers		
ANT-1.8-PNL-OUT-N=	Outdoor Panel Antenna for WIMAX 1.8 GHz	Connected Grid Modules	mechanical	pending_plan								move routers		
ANT-2.X-PNL-OUT-N	Outdoor Panel Antenna for WIMAX 2.x GHz	Connected Grid Modules	mechanical	pending_plan								move routers		
ANT-2.X-PNL-OUT-N=	Outdoor Panel Antenna for WIMAX 2.x GHz	Connected Grid Modules	mechanical	pending_plan								move routers		
ANT-4G-PNL-OUT-N	50-ft (15 m) Ultra-Low-Loss LMR 400 Cable TNC-N Connector	High-Speed WAN Interface Cards	cable	pending_plan								move routers		
ANT-4G-SR-OUT-TNC	Multiband Low-Profile Saucer Outdoor 4G Antenna	High-Speed WAN Interface Cards	accessory	pending_plan								move routers		
ANT-MP-INT-OUT-M	Cisco ANT-MP-INT-OUT-M	Connected Grid Modules	accessory	pending_plan								move routers		
ASA-SSC-AIP-5-K9=	Cisco ASA 5500 Series Advanced Inspection and Prevention Security Services Card 5 (AIP-SSC-5)	Security Modules for Security Appliances	module	pending_plan								move security		
ASA-SSM-AIP-10-K9=	Cisco ASA 5500 Series Advanced Inspection and Prevention Security Services Module 10 (AIP-SSM-10)	Security Modules for Security Appliances	module	pending_plan								move security		
ASA-SSM-AIP-20-K9=	Cisco ASA 5500 Series Advanced Inspection and Prevention Security Services Module 20 (AIP-SSM-20)	Security Modules for Security Appliances	module	pending_plan								move security		
ASA-SSM-AIP-40-K9=	Cisco ASA 5500 Series Advanced Inspection and Prevention Security Services Module 40 (AIP-SSM-40)	Security Modules for Security Appliances	module	pending_plan								move security		
ASA-SSM-CSC-10-K9	• SMARTnet 8x5xNBD • SMARTnet 8x5x4 • SMARTnet 24x7x4 • SMARTnet 24x7x2 • SMARTnet onsite 8x5xNBD • SMARTnet onsite 8x5x4 • SMARTnet onsite 24x7x4 • SMARTnet onsite 24x7x2	Security Modules for Security Appliances	module	pending_plan								move security		
ASA-SSM-CSC-10-K9=	Cisco ASA Content Security and Control Security Services Module 10 (CSC-SSM-10) with 50-user antivirus/antispyware, 1-year subscription	Security Modules for Security Appliances	module	pending_plan								move security		
ASA-SSM-CSC-20-K9	• SMARTnet 8x5xNBD • SMARTnet 8x5x4 • SMARTnet 24x7x4 • SMARTnet 24x7x2 • SMARTnet onsite 8x5xNBD • SMARTnet onsite 8x5x4 • SMARTnet onsite 24x7x4 • SMARTnet onsite 24x7x2	Security Modules for Security Appliances	module	pending_plan								move security		
ASA-SSM-CSC-20-K9=	Cisco ASA Content Security and Control Security Services Module 20 (CSC-SSM-20) with 500-user antivirus/antispyware, 1-year subscription	Security Modules for Security Appliances	module	pending_plan								move security		
ASA5505-50-AIP5-K9	Cisco ASA 5505 50-User Adaptive Security Appliance with AIP-SSC-5 (chassis, software, 8 Fast Ethernet interfaces,10 IPsec VPN peers, 2 SSL VPN peers, 3DES/AES license)	Security Modules for Security Appliances	device	pending_plan								move security		
ASA5505-U-AIP5P-K9	Cisco ASA 5505 Unlimited-User IPS Edition; includes Security Plus License and AIP-SSC-5 (chassis, software, 8 Fast Ethernet interfaces, 25 IPsec VPN peers, 2 Premium VPN peers, DMZ support, stateless Active/Standby high availability, 3DES/AES license)	Security Modules for Security Appliances	device	pending_plan								move security		
ASA5510-AIP10-K9	Cisco ASA 5510 Adaptive Security Appliance with AIP-SSM-10 (chassis, software, 250 VPN peers, 4 Fast Ethernet interfaces, Triple Data Encryption Standard/Advanced Encryption Standard [3DES/AES])	Security Modules for Security Appliances	device	pending_plan								move security		
ASA5510-AIP10SP-K9	Cisco ASA 5510 Adaptive Security Appliance with Security Plus License and AIP-SSM-10 (chassis, software, 2 Gigabit Ethernet interfaces, 3 Fast Ethernet interfaces, 250 IPsec VPN peers, 2 SSL VPN peers, Active/Active high availability, 3DES/AES)	Security Modules for Security Appliances	device	pending_plan								move security		
ASA5510-AIP20SP-K9	Cisco ASA 5510 Adaptive Security Appliance with Security Plus License and AIP-SSM-20 (chassis, software, 2 Gigabit Ethernet interfaces, 3 Fast Ethernet interfaces, 250 IPsec VPN peers, 2 SSL VPN peers, Active/Active high availability, 3DES/AES)	Security Modules for Security Appliances	device	pending_plan								move security		
ASA5510-CSC10-K9	• SMARTnet 8x5xNBD (Next Business Day) • SMARTnet 8x5x4 • SMARTnet 24x7x4 • SMARTnet 24x7x2 • SMARTnet onsite 8x5xNBD • SMARTnet onsite 8x5x4 • SMARTnet onsite 24x7x4 • SMARTnet onsite 24x7x2	Security Modules for Security Appliances	device	pending_plan								move security		
ASA5510-CSC20-K9	• SMARTnet 8x5xNBD • SMARTnet 8x5x4 • SMARTnet 24x7x4 • SMARTnet 24x7x2 • SMARTnet onsite 8x5xNBD • SMARTnet onsite 8x5x4 • SMARTnet onsite 24x7x4 • SMARTnet onsite 24x7x2	Security Modules for Security Appliances	device	pending_plan								move security		
ASA5520-AIP10-K9	Cisco ASA 5520 IPS Edition; includes AIP-SSM-10, firewall services, 750 IPsec VPN peers, 2 Premium VPN peers, 4 Gigabit Ethernet interfaces, 1 Fast Ethernet interface	Security Modules for Security Appliances	device	pending_plan								move security		
ASA5520-AIP20-K9	Cisco ASA 5520 IPS Edition; includes AIP-SSM-20, firewall services, 750 IPsec VPN peers, 2 Premium VPN peers, 4 Gigabit Ethernet interfaces, 1 Fast Ethernet interface	Security Modules for Security Appliances	device	pending_plan								move security		
ASA5520-AIP40-K9	Cisco ASA 5520 IPS Edition; includes AIP-SSM-40, firewall services, 750 IPsec VPN peers, 2 Premium VPN peers, 4 Gigabit Ethernet interfaces, 1 Fast Ethernet interface	Security Modules for Security Appliances	device	pending_plan								move security		
ASA5520-CSC10-K9	• SMARTnet 8x5xNBD • SMARTnet 8x5x4 • SMARTnet 24x7x4 • SMARTnet 24x7x2 • SMARTnet onsite 8x5xNBD • SMARTnet onsite 8x5x4 • SMARTnet onsite 24x7x4 • SMARTnet onsite 24x7x2	Security Modules for Security Appliances	device	pending_plan								move security		
ASA5520-CSC20-K9	• SMARTnet 8x5xNBD • SMARTnet 8x5x4 • SMARTnet 24x7x4 • SMARTnet 24x7x2 • SMARTnet onsite 8x5xNBD • SMARTnet onsite 8x5x4 • SMARTnet onsite 24x7x4 • SMARTnet onsite 24x7x2	Security Modules for Security Appliances	device	pending_plan								move security		
ASA5540-AIP20-K9	Cisco ASA 5540 IPS Edition; includes AIP-SSM-20, firewall services, 5000 IPsec VPN peers, 2 Premium VPN peers, 4 Gigabit Ethernet interfaces, 1 Fast Ethernet interface	Security Modules for Security Appliances	device	pending_plan								move security		
ASA5540-AIP40-K9	Cisco ASA 5540 IPS Edition; includes AIP-SSM-40, firewall services, 5000 IPsec VPN peers, 2 Premium VPN peers, 4 Gigabit Ethernet interfaces, 1 Fast Ethernet interface	Security Modules for Security Appliances	device	pending_plan								move security		
ASR1000X-AC-1100W	Cisco ASR1000-X 1100W AC Power Supply	Network Modules	power	pending_plan								move routers		
ASR1000X-DC-950W	Cisco ASR1000-X 950W DC Power Supply	Network Modules	power	pending_plan								move routers		
ASR1013/06-PWR-AC	Cisco ASR1000 1600w AC Power Supply	Network Modules	power	pending_plan								move routers		
ASR1013/06-PWR-DC	Cisco ASR1000 1600w DC Power Supply	Network Modules	power	pending_plan								move routers		
AZ83NQ2S2AQM001	Cisco AZ83NQ2S2AQM001	Transceiver Modules	accessory	pending_plan								class non_product		
AZ83NQ2S2AQM002	Cisco AZ83NQ2S2AQM002	Transceiver Modules	accessory	pending_plan								class non_product		
AZ83NQ2S2AQM003	Cisco AZ83NQ2S2AQM003	Transceiver Modules	accessory	pending_plan								class non_product		
AZ83NQ2S2AQM005	Cisco AZ83NQ2S2AQM005	Transceiver Modules	accessory	pending_plan								class non_product		
AZ83NQ2S2AQM007	Cisco AZ83NQ2S2AQM007	Transceiver Modules	accessory	pending_plan								class non_product		
C-NIM-1M	1-port 2.5/1Gbps RJ-45 WAN, 90W Poe 802.3 af/at/bt NIM	Catalyst 8300	interface	layered	Interface cards (NIM / SM-X / HWIC / SPA / PVDM / VIC / cellular)		NIM (Network Interface Modules)	sku ^C-NIM-						
C-NIM-1X	1-port 10Gbps SFP/SFP+ NIM with WAN MACSec	Catalyst 8300	interface	layered	Interface cards (NIM / SM-X / HWIC / SPA / PVDM / VIC / cellular)		NIM (Network Interface Modules)	sku ^C-NIM-						
C-NIM-2T	2-port 100Mbps/1Gbps dual-mode RJ45/SFP, NIM with WAN MACSec	Catalyst 8300	interface	layered	Interface cards (NIM / SM-X / HWIC / SPA / PVDM / VIC / cellular)		NIM (Network Interface Modules)	sku ^C-NIM-						
C-NIM-2T=	Cisco C-NIM-2T=	4000 ISR	interface	layered	Interface cards (NIM / SM-X / HWIC / SPA / PVDM / VIC / cellular)		NIM (Network Interface Modules)	sku ^C-NIM-						
C-NIM-4X	4-port 1/10 Gbps SFP/SFP+ switch NIM, LAN/WAN MACsec and Optional L3	Catalyst 8300	interface	layered	Interface cards (NIM / SM-X / HWIC / SPA / PVDM / VIC / cellular)		NIM (Network Interface Modules)	sku ^C-NIM-						
C-NIM-4X=	Cisco C-NIM-4X=	4000 ISR	interface	layered	Interface cards (NIM / SM-X / HWIC / SPA / PVDM / VIC / cellular)		NIM (Network Interface Modules)	sku ^C-NIM-						
C-NIM-8M	Switch module L2/L3 capable, MACsec, 8-port 4x 2.5m Gbps copper, 4x PoE capable	Catalyst 8300 Series Edge uCPE	interface	layered	Interface cards (NIM / SM-X / HWIC / SPA / PVDM / VIC / cellular)		NIM (Network Interface Modules)	sku ^C-NIM-						
C-NIM-8T	8-port 100 Mbps/1 Gbps switch NIM, LAN/WAN MACsec and Optional L3	Catalyst 8300	interface	layered	Interface cards (NIM / SM-X / HWIC / SPA / PVDM / VIC / cellular)		NIM (Network Interface Modules)	sku ^C-NIM-						
C-NIM-WAN-2X	2-port 1/10 Gbps SFP/SFP+ WAN Module, NIM with WAN MACsec	XE SD-WAN	interface	layered	Interface cards (NIM / SM-X / HWIC / SPA / PVDM / VIC / cellular)		NIM (Network Interface Modules)	sku ^C-NIM-						
C-NIM-WAN-4S	4-port 1 Gbps SFP WAN Module, NIM with WAN MACsec	XE SD-WAN	interface	layered	Interface cards (NIM / SM-X / HWIC / SPA / PVDM / VIC / cellular)		NIM (Network Interface Modules)	sku ^C-NIM-						
C-SM-16P4M2X	Cisco 22-port Catalyst L2 switch module with UADP ASIC	Catalyst 8300	interface	layered	Interface cards (NIM / SM-X / HWIC / SPA / PVDM / VIC / cellular)		SM-X and SM Service Modules	sku ^C-SM-						
C-SM-16P4M2X=	Cisco C-SM-16P4M2X=	4000 ISR	interface	layered	Interface cards (NIM / SM-X / HWIC / SPA / PVDM / VIC / cellular)		SM-X and SM Service Modules	sku ^C-SM-						
C-SM-40P8M2X	Cisco 50-port Catalyst L2 switch module with UADP ASIC	Catalyst 8300	interface	layered	Interface cards (NIM / SM-X / HWIC / SPA / PVDM / VIC / cellular)		SM-X and SM Service Modules	sku ^C-SM-						
C-SM-40P8M2X=	Cisco C-SM-40P8M2X=	4000 ISR	interface	layered	Interface cards (NIM / SM-X / HWIC / SPA / PVDM / VIC / cellular)		SM-X and SM Service Modules	sku ^C-SM-						
C-SM-NIM-ADPT	Single-wide 2x NIM carrier module in SM-X form factor	Catalyst 8300	mechanical	layered	Interface cards (NIM / SM-X / HWIC / SPA / PVDM / VIC / cellular)		SM-X and SM Service Modules	sku ^C-SM-						
C-SM-NIM-ADPT=	Cisco C-SM-NIM-ADPT=	4000 ISR	mechanical	layered	Interface cards (NIM / SM-X / HWIC / SPA / PVDM / VIC / cellular)		SM-X and SM Service Modules	sku ^C-SM-						
C6504E-ACE30-4-K9	ACE30 4G 6504-E 720-10G-3C Bundle	Services Modules	device	pending_plan								move switches		
C6509E-ACE30-8X-K9	ACE30 8G 6509-E 720-10G-3CXL Bundle	Services Modules	device	pending_plan								move switches		
CAB-25AS-FDTE	Cisco CAB-25AS-FDTE	High-Speed WAN Interface Cards	cable	layered	Interface cards (NIM / SM-X / HWIC / SPA / PVDM / VIC / cellular)	(shared across the line)	Interface cards (NIM / SM-X / HWIC / SPA / PVDM / VIC / cellular) shared parts	accessory ^CAB- (label High-Speed WAN Interface Cards)						
CAB-25AS-MMOD	Cisco CAB-25AS-MMOD	High-Speed WAN Interface Cards	cable	layered	Interface cards (NIM / SM-X / HWIC / SPA / PVDM / VIC / cellular)	(shared across the line)	Interface cards (NIM / SM-X / HWIC / SPA / PVDM / VIC / cellular) shared parts	accessory ^CAB- (label High-Speed WAN Interface Cards)						
CAB-ADPT-75-120	Adapter Cable - converts 75 ohms to 120 ohms	Shared Port Adapters/SPA Interface Processors	cable	layered	Interface cards (NIM / SM-X / HWIC / SPA / PVDM / VIC / cellular)	(shared across the line)	Interface cards (NIM / SM-X / HWIC / SPA / PVDM / VIC / cellular) shared parts	accessory ^CAB- (label Shared Port Adapters/SPA Interface Processors)						
CAB-AIC-008	Set of four eight-foot-long male-to-male SCSI II interface cables	Network Modules	cable	layered	Interface cards (NIM / SM-X / HWIC / SPA / PVDM / VIC / cellular)	(shared across the line)	Interface cards (NIM / SM-X / HWIC / SPA / PVDM / VIC / cellular) shared parts	accessory ^CAB- (label Network Modules)						
CAB-E1-D15M-PRI	Male DB15 to RJ45	Network Modules	cable	layered	Interface cards (NIM / SM-X / HWIC / SPA / PVDM / VIC / cellular)	(shared across the line)	Interface cards (NIM / SM-X / HWIC / SPA / PVDM / VIC / cellular) shared parts	accessory ^CAB- (label Network Modules)						
CAB-E1-RJ45BNC	E1 Cable RJ-45 to Dual BNC (Unbalanced)	High-Speed WAN Interface Cards	cable	layered	Interface cards (NIM / SM-X / HWIC / SPA / PVDM / VIC / cellular)	(shared across the line)	Interface cards (NIM / SM-X / HWIC / SPA / PVDM / VIC / cellular) shared parts	accessory ^CAB- (label High-Speed WAN Interface Cards)						
CAB-E1-RJ45TWIN	E1 Cable RJ-45 to Twinax (Balanced)	Network Modules	cable	layered	Interface cards (NIM / SM-X / HWIC / SPA / PVDM / VIC / cellular)	(shared across the line)	Interface cards (NIM / SM-X / HWIC / SPA / PVDM / VIC / cellular) shared parts	accessory ^CAB- (label Network Modules)						
CAB-GELX-625=	IEEE 802.3z-compliant optical fiber assembly consisting of a single-mode fiber permanently coupled off-center to a	Transceiver Modules	cable	layered	Cables and accessories	(shared across the line)	Cables and accessories shared parts	accessory ^CAB- (label Transceiver Modules)						
CAB-HD8-ASYNC	High Density 8-port EIA-232 Async Cable	High-Speed WAN Interface Cards	cable	layered	Interface cards (NIM / SM-X / HWIC / SPA / PVDM / VIC / cellular)	(shared across the line)	Interface cards (NIM / SM-X / HWIC / SPA / PVDM / VIC / cellular) shared parts	accessory ^CAB- (label High-Speed WAN Interface Cards)						
CAB-HD8-KIT	Cisco CAB-HD8-KIT	High-Speed WAN Interface Cards	cable	layered	Interface cards (NIM / SM-X / HWIC / SPA / PVDM / VIC / cellular)	(shared across the line)	Interface cards (NIM / SM-X / HWIC / SPA / PVDM / VIC / cellular) shared parts	accessory ^CAB- (label High-Speed WAN Interface Cards)						
CAB-L400-20-TNC-N	20-ft (6 m) Ultra-Low-Loss LMR 400 Cable with TNC-N Connector	High-Speed WAN Interface Cards	cable	layered	Interface cards (NIM / SM-X / HWIC / SPA / PVDM / VIC / cellular)	(shared across the line)	Interface cards (NIM / SM-X / HWIC / SPA / PVDM / VIC / cellular) shared parts	accessory ^CAB- (label High-Speed WAN Interface Cards)						
CAB-L400-50-TNC-N	20-ft (6 m) Ultra-Low-Loss LMR 400 Cable with TNC-N Connector	High-Speed WAN Interface Cards	cable	layered	Interface cards (NIM / SM-X / HWIC / SPA / PVDM / VIC / cellular)	(shared across the line)	Interface cards (NIM / SM-X / HWIC / SPA / PVDM / VIC / cellular) shared parts	accessory ^CAB- (label High-Speed WAN Interface Cards)						
CAB-MCP50-SC=	IEEE 802.3z-compliant optical fiber assembly consisting of a single-mode fiber permanently coupled off-center to a 50-micron multimode optical fiber with duplex SC connectors at both ends. The patch cord is 1 meter (3.28 feet) in length.	Transceiver Modules	cable	layered	Cables and accessories	(shared across the line)	Cables and accessories shared parts	accessory ^CAB- (label Transceiver Modules)						
CAB-NM-ANALOGMOD=	set of 8 RJ11 cables for 2600/3600 analog modem NM	Network Modules	cable	layered	Interface cards (NIM / SM-X / HWIC / SPA / PVDM / VIC / cellular)	(shared across the line)	Interface cards (NIM / SM-X / HWIC / SPA / PVDM / VIC / cellular) shared parts	accessory ^CAB- (label Network Modules)						
CAB-OCT-V35-FC=	8 Lead Octal Cable and 8 Female V35DCE Connectors	Port Adapters	cable	pending_plan								move routers		
CAB-PPWR-PS1-1	Connects 1 Etherswitch power supply to 1 Etherswitch Module	Network Modules	cable	layered	Interface cards (NIM / SM-X / HWIC / SPA / PVDM / VIC / cellular)	(shared across the line)	Interface cards (NIM / SM-X / HWIC / SPA / PVDM / VIC / cellular) shared parts	accessory ^CAB- (label Network Modules)						
CAB-PPWR-PS1-1=	Externally Connects 1 ESwitch PS to 1 ESwitch 16/36 port NM	Network Modules	cable	layered	Interface cards (NIM / SM-X / HWIC / SPA / PVDM / VIC / cellular)	(shared across the line)	Interface cards (NIM / SM-X / HWIC / SPA / PVDM / VIC / cellular) shared parts	accessory ^CAB- (label Network Modules)						
CAB-PPWR-PS1-2	Connects 1 Etherswitch power supply to 2 Etherswitch Modules	Network Modules	cable	layered	Interface cards (NIM / SM-X / HWIC / SPA / PVDM / VIC / cellular)	(shared across the line)	Interface cards (NIM / SM-X / HWIC / SPA / PVDM / VIC / cellular) shared parts	accessory ^CAB- (label Network Modules)						
CAB-PPWR-PS1-2=	Externally Connects 1 ESwitch PS to 2 ESwitch 16/36 port NM	Network Modules	cable	layered	Interface cards (NIM / SM-X / HWIC / SPA / PVDM / VIC / cellular)	(shared across the line)	Interface cards (NIM / SM-X / HWIC / SPA / PVDM / VIC / cellular) shared parts	accessory ^CAB- (label Network Modules)						
CAB-PPWR-PS2-1	Connects 2 Etherswitch power supplies to 1 Etherswitch Mod	Network Modules	cable	layered	Interface cards (NIM / SM-X / HWIC / SPA / PVDM / VIC / cellular)	(shared across the line)	Interface cards (NIM / SM-X / HWIC / SPA / PVDM / VIC / cellular) shared parts	accessory ^CAB- (label Network Modules)						
CAB-PPWR-PS2-1=	Externally Connects 2 ESwitch PS to 1 ESwitch 16/36 port NM	Network Modules	cable	layered	Interface cards (NIM / SM-X / HWIC / SPA / PVDM / VIC / cellular)	(shared across the line)	Interface cards (NIM / SM-X / HWIC / SPA / PVDM / VIC / cellular) shared parts	accessory ^CAB- (label Network Modules)						
CAB-SS-530AFC	RS-530A Cable, DCE Female to Smart Serial	Shared Port Adapters/SPA Interface Processors	cable	layered	Interface cards (NIM / SM-X / HWIC / SPA / PVDM / VIC / cellular)	(shared across the line)	Interface cards (NIM / SM-X / HWIC / SPA / PVDM / VIC / cellular) shared parts	accessory ^CAB- (label Shared Port Adapters/SPA Interface Processors)						
CAB-SS-530FC	RS-530 Cable, DCE Female to Smart Serial	Shared Port Adapters/SPA Interface Processors	cable	layered	Interface cards (NIM / SM-X / HWIC / SPA / PVDM / VIC / cellular)	(shared across the line)	Interface cards (NIM / SM-X / HWIC / SPA / PVDM / VIC / cellular) shared parts	accessory ^CAB- (label Shared Port Adapters/SPA Interface Processors)						
CAB-T3E3-RF-BNC-F	T3 or E3 Cable, 1.0/2.3 RF to mini BNC-Female, 10 Feet	Shared Port Adapters/SPA Interface Processors	cable	layered	Interface cards (NIM / SM-X / HWIC / SPA / PVDM / VIC / cellular)	(shared across the line)	Interface cards (NIM / SM-X / HWIC / SPA / PVDM / VIC / cellular) shared parts	accessory ^CAB- (label Shared Port Adapters/SPA Interface Processors)						
CAB-T3E3-RF-BNC-M	T3 or E3 Cable, 1.0/2.3 RF to mini BNC-Male, 10 Feet	Shared Port Adapters/SPA Interface Processors	cable	layered	Interface cards (NIM / SM-X / HWIC / SPA / PVDM / VIC / cellular)	(shared across the line)	Interface cards (NIM / SM-X / HWIC / SPA / PVDM / VIC / cellular) shared parts	accessory ^CAB- (label Shared Port Adapters/SPA Interface Processors)						
CAB-T3E3-RF-OPEN	T3 or E3 Cable, 1.0/2.3 RF to Open End, 25 Feet	Shared Port Adapters/SPA Interface Processors	cable	layered	Interface cards (NIM / SM-X / HWIC / SPA / PVDM / VIC / cellular)	(shared across the line)	Interface cards (NIM / SM-X / HWIC / SPA / PVDM / VIC / cellular) shared parts	accessory ^CAB- (label Shared Port Adapters/SPA Interface Processors)						
CAB-X21FC	X.21 Cable, DCE, Female, 10 Feet	Network Modules	cable	layered	Interface cards (NIM / SM-X / HWIC / SPA / PVDM / VIC / cellular)	(shared across the line)	Interface cards (NIM / SM-X / HWIC / SPA / PVDM / VIC / cellular) shared parts	accessory ^CAB- (label Network Modules)						
CAB-X21FC=	X.21 Cable, DCE, Female, 10 Feet	Network Modules	cable	layered	Interface cards (NIM / SM-X / HWIC / SPA / PVDM / VIC / cellular)	(shared across the line)	Interface cards (NIM / SM-X / HWIC / SPA / PVDM / VIC / cellular) shared parts	accessory ^CAB- (label Network Modules)						
CAB-X21MT	X.21 Cable, DTE, Male, 10 Feet	Network Modules	cable	layered	Interface cards (NIM / SM-X / HWIC / SPA / PVDM / VIC / cellular)	(shared across the line)	Interface cards (NIM / SM-X / HWIC / SPA / PVDM / VIC / cellular) shared parts	accessory ^CAB- (label Network Modules)						
CAB-X21MT=	X.21 Cable, DTE, Male, 10 Feet	Network Modules	cable	layered	Interface cards (NIM / SM-X / HWIC / SPA / PVDM / VIC / cellular)	(shared across the line)	Interface cards (NIM / SM-X / HWIC / SPA / PVDM / VIC / cellular) shared parts	accessory ^CAB- (label Network Modules)						
CABLE-24T1E1	Cable for 24-port T1/E1/J1 CE-ATM SPA	Shared Port Adapters/SPA Interface Processors	cable	layered	Interface cards (NIM / SM-X / HWIC / SPA / PVDM / VIC / cellular)	(shared across the line)	Interface cards (NIM / SM-X / HWIC / SPA / PVDM / VIC / cellular) shared parts	accessory CABLE (label Shared Port Adapters/SPA Interface Processors)						
CB-LC-LC-MMF10M	Cisco CB-LC-LC-MMF10M	Transceiver Modules	cable	layered	Cables and accessories		Fiber patch panels and MPO / breakout cables (CB- / PP)	sku ^CB-(LC|M12)-						
CB-LC-LC-MMF15M	Cisco CB-LC-LC-MMF15M	Transceiver Modules	cable	layered	Cables and accessories		Fiber patch panels and MPO / breakout cables (CB- / PP)	sku ^CB-(LC|M12)-						
CB-LC-LC-MMF1M	Cisco CB-LC-LC-MMF1M	Transceiver Modules	cable	layered	Cables and accessories		Fiber patch panels and MPO / breakout cables (CB- / PP)	sku ^CB-(LC|M12)-						
CB-LC-LC-MMF20M	Cisco CB-LC-LC-MMF20M	Transceiver Modules	cable	layered	Cables and accessories		Fiber patch panels and MPO / breakout cables (CB- / PP)	sku ^CB-(LC|M12)-						
CB-LC-LC-MMF25M	Cisco CB-LC-LC-MMF25M	Transceiver Modules	cable	layered	Cables and accessories		Fiber patch panels and MPO / breakout cables (CB- / PP)	sku ^CB-(LC|M12)-						
CB-LC-LC-MMF2M	Cisco CB-LC-LC-MMF2M	Transceiver Modules	cable	layered	Cables and accessories		Fiber patch panels and MPO / breakout cables (CB- / PP)	sku ^CB-(LC|M12)-						
CB-LC-LC-MMF30M	Cisco CB-LC-LC-MMF30M	Transceiver Modules	cable	layered	Cables and accessories		Fiber patch panels and MPO / breakout cables (CB- / PP)	sku ^CB-(LC|M12)-						
CB-LC-LC-MMF3M	Cisco CB-LC-LC-MMF3M	Transceiver Modules	cable	layered	Cables and accessories		Fiber patch panels and MPO / breakout cables (CB- / PP)	sku ^CB-(LC|M12)-						
CB-LC-LC-MMF4M	Cisco CB-LC-LC-MMF4M	Transceiver Modules	cable	layered	Cables and accessories		Fiber patch panels and MPO / breakout cables (CB- / PP)	sku ^CB-(LC|M12)-						
CB-LC-LC-MMF5M	Cisco CB-LC-LC-MMF5M	Transceiver Modules	cable	layered	Cables and accessories		Fiber patch panels and MPO / breakout cables (CB- / PP)	sku ^CB-(LC|M12)-						
CB-LC-LC-MMF7M	Cisco CB-LC-LC-MMF7M	Transceiver Modules	cable	layered	Cables and accessories		Fiber patch panels and MPO / breakout cables (CB- / PP)	sku ^CB-(LC|M12)-						
CB-LC-LC-SMF10M	Cisco CB-LC-LC-SMF10M	Transceiver Modules	cable	layered	Cables and accessories		Fiber patch panels and MPO / breakout cables (CB- / PP)	sku ^CB-(LC|M12)-						
CB-LC-LC-SMF15M	Cisco CB-LC-LC-SMF15M	Transceiver Modules	cable	layered	Cables and accessories		Fiber patch panels and MPO / breakout cables (CB- / PP)	sku ^CB-(LC|M12)-						
CB-LC-LC-SMF1M	Cisco CB-LC-LC-SMF1M	Transceiver Modules	cable	layered	Cables and accessories		Fiber patch panels and MPO / breakout cables (CB- / PP)	sku ^CB-(LC|M12)-						
CB-LC-LC-SMF20M	Cisco CB-LC-LC-SMF20M	Transceiver Modules	cable	layered	Cables and accessories		Fiber patch panels and MPO / breakout cables (CB- / PP)	sku ^CB-(LC|M12)-						
CB-LC-LC-SMF25M	Cisco CB-LC-LC-SMF25M	Transceiver Modules	cable	layered	Cables and accessories		Fiber patch panels and MPO / breakout cables (CB- / PP)	sku ^CB-(LC|M12)-						
CB-LC-LC-SMF30M	Cisco CB-LC-LC-SMF30M	Transceiver Modules	cable	layered	Cables and accessories		Fiber patch panels and MPO / breakout cables (CB- / PP)	sku ^CB-(LC|M12)-						
CB-LC-LC-SMF3M	Cisco CB-LC-LC-SMF3M	Transceiver Modules	cable	layered	Cables and accessories		Fiber patch panels and MPO / breakout cables (CB- / PP)	sku ^CB-(LC|M12)-						
CB-LC-LC-SMF5M	Cisco CB-LC-LC-SMF5M	Transceiver Modules	cable	layered	Cables and accessories		Fiber patch panels and MPO / breakout cables (CB- / PP)	sku ^CB-(LC|M12)-						
CB-LC-LC-SMF7M	Cisco CB-LC-LC-SMF7M	Transceiver Modules	cable	layered	Cables and accessories		Fiber patch panels and MPO / breakout cables (CB- / PP)	sku ^CB-(LC|M12)-						
CB-M12-2CS-SMF5M	Cisco CB-M12-2CS-SMF5M	Transceiver Modules	cable	layered	Cables and accessories		Fiber patch panels and MPO / breakout cables (CB- / PP)	sku ^CB-(LC|M12)-						
CB-M12-2CS-SMF7M	Cisco CB-M12-2CS-SMF7M	Transceiver Modules	cable	layered	Cables and accessories		Fiber patch panels and MPO / breakout cables (CB- / PP)	sku ^CB-(LC|M12)-						
CB-M12-4CS-SMF5M	Cisco CB-M12-4CS-SMF5M	Transceiver Modules	cable	layered	Cables and accessories		Fiber patch panels and MPO / breakout cables (CB- / PP)	sku ^CB-(LC|M12)-						
CB-M12-4CS-SMF7M	Cisco CB-M12-4CS-SMF7M	Transceiver Modules	cable	layered	Cables and accessories		Fiber patch panels and MPO / breakout cables (CB- / PP)	sku ^CB-(LC|M12)-						
CB-M12-4LC-MMF1.5	Cisco CB-M12-4LC-MMF1.5	Transceiver Modules	cable	layered	Cables and accessories		Fiber patch panels and MPO / breakout cables (CB- / PP)	sku ^CB-(LC|M12)-						
CB-M12-4LC-MMF10M	Cisco CB-M12-4LC-MMF10M	Transceiver Modules	cable	layered	Cables and accessories		Fiber patch panels and MPO / breakout cables (CB- / PP)	sku ^CB-(LC|M12)-						
CB-M12-4LC-MMF15M	Cisco CB-M12-4LC-MMF15M	Transceiver Modules	cable	layered	Cables and accessories		Fiber patch panels and MPO / breakout cables (CB- / PP)	sku ^CB-(LC|M12)-						
CB-M12-4LC-MMF20M	Cisco CB-M12-4LC-MMF20M	Transceiver Modules	cable	layered	Cables and accessories		Fiber patch panels and MPO / breakout cables (CB- / PP)	sku ^CB-(LC|M12)-						
CB-M12-4LC-MMF25M	Cisco CB-M12-4LC-MMF25M	Transceiver Modules	cable	layered	Cables and accessories		Fiber patch panels and MPO / breakout cables (CB- / PP)	sku ^CB-(LC|M12)-						
CB-M12-4LC-MMF2M	Cisco CB-M12-4LC-MMF2M	Transceiver Modules	cable	layered	Cables and accessories		Fiber patch panels and MPO / breakout cables (CB- / PP)	sku ^CB-(LC|M12)-						
CB-M12-4LC-MMF30M	Cisco CB-M12-4LC-MMF30M	Transceiver Modules	cable	layered	Cables and accessories		Fiber patch panels and MPO / breakout cables (CB- / PP)	sku ^CB-(LC|M12)-						
CB-M12-4LC-MMF3M	Cisco CB-M12-4LC-MMF3M	Transceiver Modules	cable	layered	Cables and accessories		Fiber patch panels and MPO / breakout cables (CB- / PP)	sku ^CB-(LC|M12)-						
CB-M12-4LC-MMF4M	Cisco CB-M12-4LC-MMF4M	Transceiver Modules	cable	layered	Cables and accessories		Fiber patch panels and MPO / breakout cables (CB- / PP)	sku ^CB-(LC|M12)-						
CB-M12-4LC-MMF5M	Cisco CB-M12-4LC-MMF5M	Transceiver Modules	cable	layered	Cables and accessories		Fiber patch panels and MPO / breakout cables (CB- / PP)	sku ^CB-(LC|M12)-						
CB-M12-4LC-MMF7M	Cisco CB-M12-4LC-MMF7M	Transceiver Modules	cable	layered	Cables and accessories		Fiber patch panels and MPO / breakout cables (CB- / PP)	sku ^CB-(LC|M12)-						
CB-M12-M12-MMF1.5	Cisco CB-M12-M12-MMF1.5	Transceiver Modules	cable	layered	Cables and accessories		Fiber patch panels and MPO / breakout cables (CB- / PP)	sku ^CB-(LC|M12)-						
CB-M12-M12-MMF10	Cisco CB-M12-M12-MMF10	Transceiver Modules	cable	layered	Cables and accessories		Fiber patch panels and MPO / breakout cables (CB- / PP)	sku ^CB-(LC|M12)-						
CB-M12-M12-MMF15M	Cisco CB-M12-M12-MMF15M	Transceiver Modules	cable	layered	Cables and accessories		Fiber patch panels and MPO / breakout cables (CB- / PP)	sku ^CB-(LC|M12)-						
CB-M12-M12-MMF1M	Cisco CB-M12-M12-MMF1M	Transceiver Modules	cable	layered	Cables and accessories		Fiber patch panels and MPO / breakout cables (CB- / PP)	sku ^CB-(LC|M12)-						
CB-M12-M12-MMF20M	Cisco CB-M12-M12-MMF20M	Transceiver Modules	cable	layered	Cables and accessories		Fiber patch panels and MPO / breakout cables (CB- / PP)	sku ^CB-(LC|M12)-						
CB-M12-M12-MMF25M	Cisco CB-M12-M12-MMF25M	Transceiver Modules	cable	layered	Cables and accessories		Fiber patch panels and MPO / breakout cables (CB- / PP)	sku ^CB-(LC|M12)-						
CB-M12-M12-MMF2M	Cisco CB-M12-M12-MMF2M	Transceiver Modules	cable	layered	Cables and accessories		Fiber patch panels and MPO / breakout cables (CB- / PP)	sku ^CB-(LC|M12)-						
CB-M12-M12-MMF30M	Cisco CB-M12-M12-MMF30M	Transceiver Modules	cable	layered	Cables and accessories		Fiber patch panels and MPO / breakout cables (CB- / PP)	sku ^CB-(LC|M12)-						
CB-M12-M12-MMF3M	Cisco CB-M12-M12-MMF3M	Transceiver Modules	cable	layered	Cables and accessories		Fiber patch panels and MPO / breakout cables (CB- / PP)	sku ^CB-(LC|M12)-						
CB-M12-M12-MMF4M	Cisco CB-M12-M12-MMF4M	Transceiver Modules	cable	layered	Cables and accessories		Fiber patch panels and MPO / breakout cables (CB- / PP)	sku ^CB-(LC|M12)-						
CB-M12-M12-MMF5M	Cisco CB-M12-M12-MMF5M	Transceiver Modules	cable	layered	Cables and accessories		Fiber patch panels and MPO / breakout cables (CB- / PP)	sku ^CB-(LC|M12)-						
CB-M12-M12-MMF7M	Cisco CB-M12-M12-MMF7M	Transceiver Modules	cable	layered	Cables and accessories		Fiber patch panels and MPO / breakout cables (CB- / PP)	sku ^CB-(LC|M12)-						
CB-M12-M12-SMF10M	Cisco CB-M12-M12-SMF10M	Transceiver Modules	cable	layered	Cables and accessories		Fiber patch panels and MPO / breakout cables (CB- / PP)	sku ^CB-(LC|M12)-						
CB-M12-M12-SMF15M	Cisco CB-M12-M12-SMF15M	Transceiver Modules	cable	layered	Cables and accessories		Fiber patch panels and MPO / breakout cables (CB- / PP)	sku ^CB-(LC|M12)-						
CB-M12-M12-SMF1M	Cisco CB-M12-M12-SMF1M	Transceiver Modules	cable	layered	Cables and accessories		Fiber patch panels and MPO / breakout cables (CB- / PP)	sku ^CB-(LC|M12)-						
CB-M12-M12-SMF20M	Cisco CB-M12-M12-SMF20M	Transceiver Modules	cable	layered	Cables and accessories		Fiber patch panels and MPO / breakout cables (CB- / PP)	sku ^CB-(LC|M12)-						
CB-M12-M12-SMF25M	Cisco CB-M12-M12-SMF25M	Transceiver Modules	cable	layered	Cables and accessories		Fiber patch panels and MPO / breakout cables (CB- / PP)	sku ^CB-(LC|M12)-						
CB-M12-M12-SMF30M	Cisco CB-M12-M12-SMF30M	Transceiver Modules	cable	layered	Cables and accessories		Fiber patch panels and MPO / breakout cables (CB- / PP)	sku ^CB-(LC|M12)-						
CB-M12-M12-SMF5M	Cisco CB-M12-M12-SMF5M	Transceiver Modules	cable	layered	Cables and accessories		Fiber patch panels and MPO / breakout cables (CB- / PP)	sku ^CB-(LC|M12)-						
CB-M12-M12-SMF7M	Cisco CB-M12-M12-SMF7M	Transceiver Modules	cable	layered	Cables and accessories		Fiber patch panels and MPO / breakout cables (CB- / PP)	sku ^CB-(LC|M12)-						
CBL-RPR-OC192-L	Long length RPR mate cable for single port RPR SPAs	Shared Port Adapters/SPA Interface Processors	cable	layered	Interface cards (NIM / SM-X / HWIC / SPA / PVDM / VIC / cellular)	(shared across the line)	Interface cards (NIM / SM-X / HWIC / SPA / PVDM / VIC / cellular) shared parts	accessory ^CBL- (label Shared Port Adapters/SPA Interface Processors)						
CBL-RPR-OC192-L=	Long length RPR mate cable for single port RPR SPAs	Shared Port Adapters/SPA Interface Processors	cable	layered	Interface cards (NIM / SM-X / HWIC / SPA / PVDM / VIC / cellular)	(shared across the line)	Interface cards (NIM / SM-X / HWIC / SPA / PVDM / VIC / cellular) shared parts	accessory ^CBL- (label Shared Port Adapters/SPA Interface Processors)						
CBL-RPR-OC192-S	Standard length RPR mate cable for single port RPR SPAs	Shared Port Adapters/SPA Interface Processors	cable	layered	Interface cards (NIM / SM-X / HWIC / SPA / PVDM / VIC / cellular)	(shared across the line)	Interface cards (NIM / SM-X / HWIC / SPA / PVDM / VIC / cellular) shared parts	accessory ^CBL- (label Shared Port Adapters/SPA Interface Processors)						
CBL-RPR-OC192-S=	Standard length RPR mate cable for single port RPR SPAs	Shared Port Adapters/SPA Interface Processors	cable	layered	Interface cards (NIM / SM-X / HWIC / SPA / PVDM / VIC / cellular)	(shared across the line)	Interface cards (NIM / SM-X / HWIC / SPA / PVDM / VIC / cellular) shared parts	accessory ^CBL- (label Shared Port Adapters/SPA Interface Processors)						
CGM-WIMAX-1.4GHZ	Connected Grid Module - IEEE 802.16e WiMAX 1.4 GHz	Connected Grid Modules	radio	pending_plan								move routers		
CGM-WIMAX-1.4GHZ=	Connected Grid Module- IEEE 802.16e WIMAX 1.4 GHz	Connected Grid Modules	radio	pending_plan								move routers		
CGM-WIMAX-1.8GHZ	Connected Grid Module - IEEE 802.16e WiMAX 1.8-1.830 GHz	Connected Grid Modules	radio	pending_plan								move routers		
CGM-WIMAX-1.8GHZ=	Connected Grid Module- IEEE 802.16e WIMAX 1.8-1.830 GHz	Connected Grid Modules	radio	pending_plan								move routers		
CGM-WIMAX-2.3GHZ	Connected Grid Module - IEEE 802.16e WiMAX 2.3-2.4 GHz	Connected Grid Modules	radio	pending_plan								move routers		
CGM-WIMAX-2.3GHZ=	Connected Grid Module- IEEE 802.16e WIMAX 2.3-2.4 GHz	Connected Grid Modules	radio	pending_plan								move routers		
CGM-WPAN-FSK-NA	Connected Grid Module - IEEE 802.15.4e/g WPAN 900 MHz (2FSK modulation)	Connected Grid Modules	radio	pending_plan								move routers		
CGR-N-CONN-WPAN	Cisco CGR-N-CONN-WPAN	Connected Grid Modules	unknown	pending_plan								move routers		
CISCO2811-AC-IP	Cisco 2811 with AC+PoE, 2 Fast Ethernet ports , 4 HWICs, 2 packet voice DSP modules (PVDMs), 1enhanced network module [ (NME), 2 advanced integration modules (AIMs), IP BASE, 64F/256D	High-Speed WAN Interface Cards	device	pending_plan								move routers		
CM8-UM08-04-E7G-ULL	Cisco CM8-UM08-04-E7G-ULL	Transceiver Modules	accessory	pending_plan								class non_product		
CM8-UM08-05-E5Q-ULL	Cisco CM8-UM08-05-E5Q-ULL	Transceiver Modules	accessory	pending_plan								class non_product		
CMPH1	Panduit Cable Manager 1 RU	Transceiver Modules	cable	pending_plan								class non_product		
CSC-SSM-10	Cisco CSC-SSM-10	Security Modules for Security Appliances	module	pending_plan								move security		
CSC-SSM-20	Cisco CSC-SSM-20	Security Modules for Security Appliances	module	pending_plan								move security		
DGE8-CP32-V1	Cisco DGE8-CP32-V1	Transceiver Modules	accessory	pending_plan								class non_product		
DGE8-CP32-V3	Cisco DGE8-CP32-V3	Transceiver Modules	accessory	pending_plan								class non_product		
DGE8-xxU	Cisco DGE8-xxU	Transceiver Modules	accessory	pending_plan								class non_product		
DS-13SLT-FAB1	MDS 9513 Crossbar Switching Fabric Module	Storage Networking Modules	fabric	pending_plan								move storage-networking		
DS-13SLT-FAB1=	MDS 9513 crossbar switching fabric module, Spare	Storage Networking Modules	fabric	pending_plan								move storage-networking		
DS-13SLT-FAB2HP=	MDS 9513 Crossbar Switching Fabric Module 2 for HP, Promo	Storage Networking Modules	fabric	pending_plan								move storage-networking		
DS-13SLT-FAB2P=	MDS 9513 Crossbar Switching Fabric Module 2, Promo Spare	Storage Networking Modules	fabric	pending_plan								move storage-networking		
DS-13SLT-FAB3NH=	MDS 9513 Crossbar Switching Fabric3 Module for HP, Spare	Storage Networking Modules	fabric	pending_plan								move storage-networking		
DS-C9710=	MDS 9710 Chassis, Spare, No Power Supplies, Fans Included	Storage Networking Modules	device	pending_plan								move storage-networking		
DS-PAA-2	MDS 9000 Port Analyzer Adapter	Storage Networking Modules	unknown	pending_plan								move storage-networking		
DS-X7-SF4-K9=	MDS 9700 Series Supervisor-4	Storage Networking Modules	interface	pending_plan								move storage-networking		
DS-X9032-SSM	Cisco MDS 9000 Family 32-port Storage Services Module	Storage Networking Modules	interface	pending_plan								move storage-networking		
DS-X9032-SSM=	Cisco MDS 9000 Family 32-port Storage Services Module, Spare	Storage Networking Modules	interface	pending_plan								move storage-networking		
DS-X9112-H=	12-port 1/2/4-Gbps FC Module for HP with Service, Spare	Storage Networking Modules	interface	pending_plan								move storage-networking		
DS-X9112-HV	12-port 1/2/4-Gbps Fibre Channel Switching Module, 12 SFPs	Storage Networking Modules	interface	pending_plan								move storage-networking		
DS-X9112-HV=	12-port 1/2/4-Gbps Fibre Channel Switching Module, 12 SFPs	Storage Networking Modules	interface	pending_plan								move storage-networking		
DS-X9112=	12-port 1/2/4-Gbps Fibre Channel Switching Module, Spare	Storage Networking Modules	interface	pending_plan								move storage-networking		
DS-X9124-H=	24-port 1/2/4-Gbps FC Module for HP with Service, Spare	Storage Networking Modules	interface	pending_plan								move storage-networking		
DS-X9124-HV	24-port 1/2/4-Gbps Fibre Channel Switching Module, 24 SFPs	Storage Networking Modules	interface	pending_plan								move storage-networking		
DS-X9124-HV=	24-port 1/2/4-Gbps Fibre Channel Switching Module, 24 SFPs	Storage Networking Modules	interface	pending_plan								move storage-networking		
DS-X9124=	24-port 1/2/4-Gbps Fibre Channel Switching Module, spare	Storage Networking Modules	interface	pending_plan								move storage-networking		
DS-X9148-H=	48-port 1/2/4-Gbps FC Module for HP with Service, Spare	Storage Networking Modules	interface	pending_plan								move storage-networking		
DS-X9148-HV	48-port 1/2/4-Gbps Fibre Channel Switching Module, 48 SFPs	Storage Networking Modules	interface	pending_plan								move storage-networking		
DS-X9148-HV=	48-port 1/2/4-Gbps Fibre Channel Switching Module, 48 SFPs	Storage Networking Modules	interface	pending_plan								move storage-networking		
DS-X9148=	48-port 1/2/4-Gbps Fibre Channel Switching Module, Spare	Storage Networking Modules	interface	pending_plan								move storage-networking		
DS-X9224-96H8K9=	24-Port 8-Gbps Fibre Channel Switching Module, 24 8G SW SFPs	Storage Networking Modules	interface	pending_plan								move storage-networking		
DS-X9224-96HPK9=	24-port Performance 8Gb FC Module for HP with Service, Spare	Storage Networking Modules	interface	pending_plan								move storage-networking		
DS-X9224-96HVK9=	24-Port 8-Gbps Fibre Channel Switching Module, 24 4G SW SFPs	Storage Networking Modules	interface	pending_plan								move storage-networking		
DS-X9232-256BK9=	32-Port 8-Gbps Advanced FC Module, 32 8G SW SFP+	Storage Networking Modules	interface	pending_plan								move storage-networking		
DS-X9232256HK9=	Cisco MDS 9000 Family 32-Port 8-Gbps Advanced Fibre Channel	Storage Networking Modules	interface	pending_plan								move storage-networking		
DS-X9248-256BK9=	48-Port 8-Gbps Advanced FC Module, 48 8G SW SFP+	Storage Networking Modules	interface	pending_plan								move storage-networking		
DS-X9248-48HPK9=	4/44-Port Host Optimized 8G FC Module for HP with Service, S	Storage Networking Modules	interface	pending_plan								move storage-networking		
DS-X9248-48HVK9=	4/44-Port Host Optimized 8-Gbps FC Module, 48 4G SW SFPs	Storage Networking Modules	interface	pending_plan								move storage-networking		
DS-X9248-96H8K9=	48-Port 8-Gbps Fibre Channel Switching Module, 48 8G SW SFPs	Storage Networking Modules	interface	pending_plan								move storage-networking		
DS-X9248-96HPK9=	48-port Performance 8Gb FC Module for HP with Service, Spare	Storage Networking Modules	interface	pending_plan								move storage-networking		
DS-X9248-96HVK9=	48-Port 8-Gbps Fibre Channel Switching Module, 48 4G SW SFPs	Storage Networking Modules	interface	pending_plan								move storage-networking		
DS-X9248256HK9=	Cisco MDS 9000 Family 48-Port 8-Gbps Advanced Fibre Channel	Storage Networking Modules	interface	pending_plan								move storage-networking		
DS-X9302-14K9	Cisco MDS 9000 Family 14/2-port Multiprotocol Services Module	Storage Networking Modules	interface	pending_plan								move storage-networking		
DS-X9302-14K9=	Cisco MDS 9000 Family 14/2-port Multiprotocol Services Module, Spare	Storage Networking Modules	interface	pending_plan								move storage-networking		
DS-X9308-SMIP	MDS 9500 8-port 1GE IP Storage Module	Storage Networking Modules	interface	pending_plan								move storage-networking		
DS-X9308-SMIP=	MDS 9500 8-port 1GE IP Services Module	Storage Networking Modules	interface	pending_plan								move storage-networking		
DS-X9334-K9	Cisco MDS 9000 Family 24/10 SAN Extension Module	Storage Networking Modules	interface	pending_plan								move storage-networking		
DS-X9334-K9=	Cisco MDS 9000 Family 24/10 SAN Extension Module, spare	Storage Networking Modules	interface	pending_plan								move storage-networking		
DS-X9448-768K9	48-Port 16-Gbps Fibre Channel Switching Module	Storage Networking Modules	interface	pending_plan								move storage-networking		
DS-X9448-768K9=	48-Port 16-Gbps Fibre Channel Switching Module	Storage Networking Modules	interface	pending_plan								move storage-networking		
DS-X9448768B8K9=	MDS 9700 48-port 16Gbps FC Module + 48 8-Gbps SW SFP+, Spare	Storage Networking Modules	interface	pending_plan								move storage-networking		
DS-X9448768BSK9=	MDS 9700 48-port 16Gbps FC Module + 48 16-Gbps SW SFP+, Spare	Storage Networking Modules	interface	pending_plan								move storage-networking		
DS-X9530-SF2-HK9=	MDS 9500 Series Supervisor-2 for HP with Service, Spare	Storage Networking Modules	interface	pending_plan								move storage-networking		
DS-X9530-SF2A-HK9=	MDS 9500 Series Supervisor-2A for HP with Service, Spare	Storage Networking Modules	interface	pending_plan								move storage-networking		
DS-X9648-1536K9	MDS 9700 48-Port 32-Gbps Fibre Channel Switching Module	Storage Networking Modules	interface	pending_plan								move storage-networking		
DS-X9648-1536K9=	MDS 9700 48-Port 32-Gbps Fibre Channel Switching Module, spare	Storage Networking Modules	interface	pending_plan								move storage-networking		
DS-X9648-1536K9B=	MDS 9700 48-Port 32-Gbps Fibre Channel Switching Module and 48 16G SW SFP+	Storage Networking Modules	interface	pending_plan								move storage-networking		
DS-X9648-1536TLK9=	MDS 9700 48-Port 32-Gbps Fibre Channel Switching Module and 48 32G LW SFP+	Storage Networking Modules	interface	pending_plan								move storage-networking		
DS-X9704-H=	4-port 10Gbps FC Module for HP with Service, Spare	Storage Networking Modules	interface	pending_plan								move storage-networking		
DS-X9706-FAB1B=	MDS 9706 Crossbar Switching Fabric-1 Module, Bundle of 3	Storage Networking Modules	fabric	pending_plan								move storage-networking		
DS-X9710-FAB1B=	MDS 9710 Crossbar Switching Fabric-1 Module, Bundle of 3	Storage Networking Modules	fabric	pending_plan								move storage-networking		
DS-X9710-FAB3=	MDS 9710 Crossbar Switching Fabric-3 Module	Storage Networking Modules	fabric	pending_plan								move storage-networking		
DS-X9748-3072-TK9	MDS 9700 48-Port 64-Gbps Fibre Channel Switching Module with 48 32G short-wave optics	Storage Networking Modules	interface	pending_plan								move storage-networking		
DS-X9748-3072-TK9=	MDS 9700 48-Port 64-Gbps Fibre Channel Switching Module with 48 32G short-wave optics, spare	Storage Networking Modules	interface	pending_plan								move storage-networking		
DS-X9748-3072-VK9	MDS 9700 48-Port 64-Gbps Fibre Channel Switching Module with 48 64G short-wave optics	Storage Networking Modules	interface	pending_plan								move storage-networking		
DS-X9748-3072-VK9=	MDS 9700 48-Port 64-Gbps Fibre Channel Switching Module with 48 64G short-wave optics, spare	Storage Networking Modules	interface	pending_plan								move storage-networking		
ECM8-UM08-04-E7G-ULL	Cisco ECM8-UM08-04-E7G-ULL	Transceiver Modules	accessory	pending_plan								class non_product		
ECM8-UM08-04-E8G-ULL	Cisco ECM8-UM08-04-E8G-ULL	Transceiver Modules	accessory	pending_plan								class non_product		
ECM8-UM08-05-E5Q-ULL	Cisco ECM8-UM08-05-E5Q-ULL	Transceiver Modules	accessory	pending_plan								class non_product		
EDGE8	Cisco EDGE8	Transceiver Modules	accessory	pending_plan								class non_product		
EDGE8-01U-SP	Cisco EDGE8-01U-SP	Transceiver Modules	accessory	pending_plan								class non_product		
EDGE8-02U	Cisco EDGE8-02U	Transceiver Modules	accessory	pending_plan								class non_product		
EDGE8-04U	Cisco EDGE8-04U	Transceiver Modules	accessory	pending_plan								class non_product		
EDGE8-CP32-V1	Cisco EDGE8-CP32-V1	Transceiver Modules	accessory	pending_plan								class non_product		
EDGE8-CP32-V3	Cisco EDGE8-CP32-V3	Transceiver Modules	accessory	pending_plan								class non_product		
EHWIC-1GE-SFP-CU	EHWIC 1 port dual mode SFP(100M/1G) or GE(10M/100M/1G)	High-Speed WAN Interface Cards	interface	layered	Interface cards (NIM / SM-X / HWIC / SPA / PVDM / VIC / cellular)		EHWIC / HWIC / VWIC / WIC	sku ^E?HWIC						
EHWIC-1GE-SFP-CU=	EHWIC 1 port dual mode SFP(100M/1G) or GE(10M/100M/1G) Spare	Network Modules	interface	layered	Interface cards (NIM / SM-X / HWIC / SPA / PVDM / VIC / cellular)		EHWIC / HWIC / VWIC / WIC	sku ^E?HWIC						
EHWIC-1GE-SFPCU++=	EHWIC 1 port dual mode SFP(100M/1G) or GE(10M/100M/1G)	Network Modules	interface	layered	Interface cards (NIM / SM-X / HWIC / SPA / PVDM / VIC / cellular)		EHWIC / HWIC / VWIC / WIC	sku ^E?HWIC						
EHWIC-3G-EVDO-B	3G EHWIC Bharat EV-DO Rev A/0/1xRTT 800/1900MHz with SMS/GPS	High-Speed WAN Interface Cards	cellular	layered	Interface cards (NIM / SM-X / HWIC / SPA / PVDM / VIC / cellular)		EHWIC / HWIC / VWIC / WIC	sku ^E?HWIC						
EHWIC-3G-EVDO-B=	3G EHWIC Bharat EV-DO Rev A/0/1xRTT 800/1900MHz with SMS/GPS	High-Speed WAN Interface Cards	cellular	layered	Interface cards (NIM / SM-X / HWIC / SPA / PVDM / VIC / cellular)		EHWIC / HWIC / VWIC / WIC	sku ^E?HWIC						
EHWIC-3G-EVDO-S	3G EHWIC EDVO for Sprint with GPS	High-Speed WAN Interface Cards	cellular	layered	Interface cards (NIM / SM-X / HWIC / SPA / PVDM / VIC / cellular)		EHWIC / HWIC / VWIC / WIC	sku ^E?HWIC						
EHWIC-3G-EVDO-S=	3G EHWIC EDVO for Sprint with GPS	High-Speed WAN Interface Cards	cellular	layered	Interface cards (NIM / SM-X / HWIC / SPA / PVDM / VIC / cellular)		EHWIC / HWIC / VWIC / WIC	sku ^E?HWIC						
EHWIC-3G-EVDO-V	3G EHWIC Verizon EV-DO Rev A/0/1xRTT 800/1900MHz w/ SMS/GPS	High-Speed WAN Interface Cards	cellular	layered	Interface cards (NIM / SM-X / HWIC / SPA / PVDM / VIC / cellular)		EHWIC / HWIC / VWIC / WIC	sku ^E?HWIC						
EHWIC-3G-EVDO-V=	3G EHWIC Verizon EV-DO Rev A/0/1xRTT 800/1900MHz w/ SMS/GPS	High-Speed WAN Interface Cards	cellular	layered	Interface cards (NIM / SM-X / HWIC / SPA / PVDM / VIC / cellular)		EHWIC / HWIC / VWIC / WIC	sku ^E?HWIC						
EHWIC-3G-HSPA+7	(non-US) 3.7G HSPA+ Release 7 EHWIC w/ SMS/GPS (MC8705)	High-Speed WAN Interface Cards	cellular	layered	Interface cards (NIM / SM-X / HWIC / SPA / PVDM / VIC / cellular)		EHWIC / HWIC / VWIC / WIC	sku ^E?HWIC						
EHWIC-3G-HSPA+7-A	ATT HSPA+ R7 EHWIC with GPS based on MC8705	High-Speed WAN Interface Cards	cellular	layered	Interface cards (NIM / SM-X / HWIC / SPA / PVDM / VIC / cellular)		EHWIC / HWIC / VWIC / WIC	sku ^E?HWIC						
EHWIC-3G-HSPA+7-A=	ATT HSPA+R7 with SMS/GPS based MC8705	High-Speed WAN Interface Cards	cellular	layered	Interface cards (NIM / SM-X / HWIC / SPA / PVDM / VIC / cellular)		EHWIC / HWIC / VWIC / WIC	sku ^E?HWIC						
EHWIC-3G-HSPA+7=	HSPA+R7 with GPS based MC8705	High-Speed WAN Interface Cards	cellular	layered	Interface cards (NIM / SM-X / HWIC / SPA / PVDM / VIC / cellular)		EHWIC / HWIC / VWIC / WIC	sku ^E?HWIC						
EHWIC-3G-HSPA-U	3G EHWIC HSPA Universal with GPS	High-Speed WAN Interface Cards	cellular	layered	Interface cards (NIM / SM-X / HWIC / SPA / PVDM / VIC / cellular)		EHWIC / HWIC / VWIC / WIC	sku ^E?HWIC						
EHWIC-3G-HSPA-U=	3.5G EHWIC (Non-US) HSPA/UMTS 850/900/1900/2100MHz SMS/GPS	High-Speed WAN Interface Cards	cellular	layered	Interface cards (NIM / SM-X / HWIC / SPA / PVDM / VIC / cellular)		EHWIC / HWIC / VWIC / WIC	sku ^E?HWIC						
EHWIC-4ESG	Four port 10/100/1000 Ethernet switch interface card	Network Modules	interface	layered	Interface cards (NIM / SM-X / HWIC / SPA / PVDM / VIC / cellular)		EHWIC / HWIC / VWIC / WIC	sku ^E?HWIC						
EHWIC-4ESG-P	Four port 10/100/1000 Ethernet switch interface card w/PoE	Network Modules	interface	layered	Interface cards (NIM / SM-X / HWIC / SPA / PVDM / VIC / cellular)		EHWIC / HWIC / VWIC / WIC	sku ^E?HWIC						
EHWIC-4ESG-P=	Four port 10/100/1000 Ethernet switch interface card w/PoE	Network Modules	interface	layered	Interface cards (NIM / SM-X / HWIC / SPA / PVDM / VIC / cellular)		EHWIC / HWIC / VWIC / WIC	sku ^E?HWIC						
EHWIC-4ESG=	Four port 10/100/1000 Ethernet switch interface card	Network Modules	interface	layered	Interface cards (NIM / SM-X / HWIC / SPA / PVDM / VIC / cellular)		EHWIC / HWIC / VWIC / WIC	sku ^E?HWIC						
EHWIC-4G-LTE-A	4G LTE EHWIC for ATT, 700 MHz Band 17/HSPA+	High-Speed WAN Interface Cards	cellular	layered	Interface cards (NIM / SM-X / HWIC / SPA / PVDM / VIC / cellular)		EHWIC / HWIC / VWIC / WIC	sku ^E?HWIC						
EHWIC-4G-LTE-A++=	4G LTE EHWIC for ATT, 700 MHz Band 17/HSPA+	High-Speed WAN Interface Cards	cellular	layered	Interface cards (NIM / SM-X / HWIC / SPA / PVDM / VIC / cellular)		EHWIC / HWIC / VWIC / WIC	sku ^E?HWIC						
EHWIC-4G-LTE-A=	4G LTE EHWIC for ATT, 700 MHz Band 17/HSPA+	High-Speed WAN Interface Cards	cellular	layered	Interface cards (NIM / SM-X / HWIC / SPA / PVDM / VIC / cellular)		EHWIC / HWIC / VWIC / WIC	sku ^E?HWIC						
EHWIC-4G-LTE-AT	4G LTE EHWIC for ATT, AWS/700 MHz, HSPA+	Network Modules	cellular	layered	Interface cards (NIM / SM-X / HWIC / SPA / PVDM / VIC / cellular)		EHWIC / HWIC / VWIC / WIC	sku ^E?HWIC						
EHWIC-4G-LTE-AT-T	4G LTE EHWIC for ATT, AWS/700 MHz, HSPA+	2900 ISR	cellular	layered	Interface cards (NIM / SM-X / HWIC / SPA / PVDM / VIC / cellular)		EHWIC / HWIC / VWIC / WIC	sku ^E?HWIC						
EHWIC-4G-LTE-AT-T=	4G LTE EHWIC for ATT, AWS/700 MHz, HSPA+	2900 ISR	cellular	layered	Interface cards (NIM / SM-X / HWIC / SPA / PVDM / VIC / cellular)		EHWIC / HWIC / VWIC / WIC	sku ^E?HWIC						
EHWIC-4G-LTE-AT=	4G LTE EHWIC for ATT, AWS/700 MHz, HSPA+	Network Modules	cellular	layered	Interface cards (NIM / SM-X / HWIC / SPA / PVDM / VIC / cellular)		EHWIC / HWIC / VWIC / WIC	sku ^E?HWIC						
EHWIC-4G-LTE-ATPRM	4G LTE EHWIC for ATT, AWS/700 MHz, HSPA+	Network Modules	cellular	layered	Interface cards (NIM / SM-X / HWIC / SPA / PVDM / VIC / cellular)		EHWIC / HWIC / VWIC / WIC	sku ^E?HWIC						
EHWIC-4G-LTE-AU	4G LTE EHWIC for Australia, 800/900/1800/2100/2600 MHz	Network Modules	cellular	layered	Interface cards (NIM / SM-X / HWIC / SPA / PVDM / VIC / cellular)		EHWIC / HWIC / VWIC / WIC	sku ^E?HWIC						
EHWIC-4G-LTE-AU=	4G LTE EHWIC for Australia, 800/900/1800/2100/2600 MHz	Network Modules	cellular	layered	Interface cards (NIM / SM-X / HWIC / SPA / PVDM / VIC / cellular)		EHWIC / HWIC / VWIC / WIC	sku ^E?HWIC						
EHWIC-4G-LTE-BE	4G LTE EHWIC for Bell Canada, LTE AWS/HSPA+	High-Speed WAN Interface Cards	cellular	layered	Interface cards (NIM / SM-X / HWIC / SPA / PVDM / VIC / cellular)		EHWIC / HWIC / VWIC / WIC	sku ^E?HWIC						
EHWIC-4G-LTE-BE=	4G LTE EHWIC for Bell Canada, LTE AWS/HSPA+	High-Speed WAN Interface Cards	cellular	layered	Interface cards (NIM / SM-X / HWIC / SPA / PVDM / VIC / cellular)		EHWIC / HWIC / VWIC / WIC	sku ^E?HWIC						
EHWIC-4G-LTE-CA	4G LTE EHWIC for Canada, AWS/700 MHz, HSPA+	Network Modules	cellular	layered	Interface cards (NIM / SM-X / HWIC / SPA / PVDM / VIC / cellular)		EHWIC / HWIC / VWIC / WIC	sku ^E?HWIC						
EHWIC-4G-LTE-CA=	4G LTE EHWIC for Canada, AWS/700 MHz, HSPA+	Network Modules	cellular	layered	Interface cards (NIM / SM-X / HWIC / SPA / PVDM / VIC / cellular)		EHWIC / HWIC / VWIC / WIC	sku ^E?HWIC						
EHWIC-4G-LTE-G	4G LTE EHWIC for Global, 800/900/1800/2100/2600 MHz	High-Speed WAN Interface Cards	cellular	layered	Interface cards (NIM / SM-X / HWIC / SPA / PVDM / VIC / cellular)		EHWIC / HWIC / VWIC / WIC	sku ^E?HWIC						
EHWIC-4G-LTE-G++=	4G LTE EHWIC for Global, 800/900/1800/2100/2600 MHz	High-Speed WAN Interface Cards	cellular	layered	Interface cards (NIM / SM-X / HWIC / SPA / PVDM / VIC / cellular)		EHWIC / HWIC / VWIC / WIC	sku ^E?HWIC						
EHWIC-4G-LTE-G=	4G LTE EHWIC for Global, 800/900/1800/2100/2600 MHz	High-Speed WAN Interface Cards	cellular	layered	Interface cards (NIM / SM-X / HWIC / SPA / PVDM / VIC / cellular)		EHWIC / HWIC / VWIC / WIC	sku ^E?HWIC						
EHWIC-4G-LTE-GB	4G LTE EHWIC for Global, 800/900/1800/2100/2600 MHz	Network Modules	cellular	layered	Interface cards (NIM / SM-X / HWIC / SPA / PVDM / VIC / cellular)		EHWIC / HWIC / VWIC / WIC	sku ^E?HWIC						
EHWIC-4G-LTE-GB=	4G LTE EHWIC for Global, 800/900/1800/2100/2600 MHz	Network Modules	cellular	layered	Interface cards (NIM / SM-X / HWIC / SPA / PVDM / VIC / cellular)		EHWIC / HWIC / VWIC / WIC	sku ^E?HWIC						
EHWIC-4G-LTE-GBPRM	Promo 4G LTE EHWIC for Global, 800/900/1800/2100/2600 MHz	Network Modules	cellular	layered	Interface cards (NIM / SM-X / HWIC / SPA / PVDM / VIC / cellular)		EHWIC / HWIC / VWIC / WIC	sku ^E?HWIC						
EHWIC-4G-LTE-JP	4G LTE EHWIC for Japan NTT Docomo 2100 MHz/HSPA+	High-Speed WAN Interface Cards	cellular	layered	Interface cards (NIM / SM-X / HWIC / SPA / PVDM / VIC / cellular)		EHWIC / HWIC / VWIC / WIC	sku ^E?HWIC						
EHWIC-4G-LTE-JP=	4G LTE EHWIC for Japan NTT Docomo 2100 MHz/HSPA+	High-Speed WAN Interface Cards	cellular	layered	Interface cards (NIM / SM-X / HWIC / SPA / PVDM / VIC / cellular)		EHWIC / HWIC / VWIC / WIC	sku ^E?HWIC						
EHWIC-4G-LTE-ST	4G LTE EHWIC for Sprint, PCS 2500 MHz, EVDO	Network Modules	cellular	layered	Interface cards (NIM / SM-X / HWIC / SPA / PVDM / VIC / cellular)		EHWIC / HWIC / VWIC / WIC	sku ^E?HWIC						
EHWIC-4G-LTE-ST=	4G LTE EHWIC for Sprint, PCS 2500 MHz, EVDO	Network Modules	cellular	layered	Interface cards (NIM / SM-X / HWIC / SPA / PVDM / VIC / cellular)		EHWIC / HWIC / VWIC / WIC	sku ^E?HWIC						
EHWIC-4G-LTE-STPRM	4G LTE EHWIC for Sprint, PCS 2500 MHz, EVDO	Network Modules	cellular	layered	Interface cards (NIM / SM-X / HWIC / SPA / PVDM / VIC / cellular)		EHWIC / HWIC / VWIC / WIC	sku ^E?HWIC						
EHWIC-4G-LTE-V	4G LTE EHWIC for Verizon, 700 MHz Band 13/CDMA Rev A	High-Speed WAN Interface Cards	cellular	layered	Interface cards (NIM / SM-X / HWIC / SPA / PVDM / VIC / cellular)		EHWIC / HWIC / VWIC / WIC	sku ^E?HWIC						
EHWIC-4G-LTE-V++=	4G LTE EHWIC for Verizon, 700 MHz Band 13/CDMA Rev A	High-Speed WAN Interface Cards	cellular	layered	Interface cards (NIM / SM-X / HWIC / SPA / PVDM / VIC / cellular)		EHWIC / HWIC / VWIC / WIC	sku ^E?HWIC						
EHWIC-4G-LTE-V=	4G LTE EHWIC for Verizon, 700 MHz Band 13/CDMA Rev A	High-Speed WAN Interface Cards	cellular	layered	Interface cards (NIM / SM-X / HWIC / SPA / PVDM / VIC / cellular)		EHWIC / HWIC / VWIC / WIC	sku ^E?HWIC						
EHWIC-4G-LTE-VZ	4G LTE EHWIC for Verizon, AWS/700 MHz, EVDO	Network Modules	cellular	layered	Interface cards (NIM / SM-X / HWIC / SPA / PVDM / VIC / cellular)		EHWIC / HWIC / VWIC / WIC	sku ^E?HWIC						
EHWIC-4G-LTE-VZ=	4G LTE EHWIC for Verizon, AWS/700 MHz, EVDO	Network Modules	cellular	layered	Interface cards (NIM / SM-X / HWIC / SPA / PVDM / VIC / cellular)		EHWIC / HWIC / VWIC / WIC	sku ^E?HWIC						
EHWIC-4G-LTE-VZPRM	4G LTE EHWIC for Verizon, AWS/700 MHz, EVDO	Network Modules	cellular	layered	Interface cards (NIM / SM-X / HWIC / SPA / PVDM / VIC / cellular)		EHWIC / HWIC / VWIC / WIC	sku ^E?HWIC						
EHWIC-4SHDSL-EA	Double Wide EHWIC with multimode 4 pair G.SHDSL EFM and ATM	High-Speed WAN Interface Cards	interface	layered	Interface cards (NIM / SM-X / HWIC / SPA / PVDM / VIC / cellular)		EHWIC / HWIC / VWIC / WIC	sku ^E?HWIC						
EHWIC-4SHDSL-EA=	Multi mode 4 pair G.SHDSL EFM and ATM mode	Network Modules	interface	layered	Interface cards (NIM / SM-X / HWIC / SPA / PVDM / VIC / cellular)		EHWIC / HWIC / VWIC / WIC	sku ^E?HWIC						
EHWIC-8SHDSL-E	8 port G.SHDSL EMF Mode EHWIC	Network Modules	interface	layered	Interface cards (NIM / SM-X / HWIC / SPA / PVDM / VIC / cellular)		EHWIC / HWIC / VWIC / WIC	sku ^E?HWIC						
EHWIC-D-8ESG	Eight port 10/100/1000 Ethernet switch interface card	Network Modules	interface	layered	Interface cards (NIM / SM-X / HWIC / SPA / PVDM / VIC / cellular)		EHWIC / HWIC / VWIC / WIC	sku ^E?HWIC						
EHWIC-D-8ESG-P	Eight port 10/100/1000 Ethernet switch interface card w/ PoE	Network Modules	interface	layered	Interface cards (NIM / SM-X / HWIC / SPA / PVDM / VIC / cellular)		EHWIC / HWIC / VWIC / WIC	sku ^E?HWIC						
EHWIC-D-8ESG-P=	Eight port 10/100/1000 Ethernet switch interface card w/ PoE	Network Modules	interface	layered	Interface cards (NIM / SM-X / HWIC / SPA / PVDM / VIC / cellular)		EHWIC / HWIC / VWIC / WIC	sku ^E?HWIC						
EHWIC-D-8ESG=	Eight port 10/100/1000 Ethernet switch interface card	Network Modules	interface	layered	Interface cards (NIM / SM-X / HWIC / SPA / PVDM / VIC / cellular)		EHWIC / HWIC / VWIC / WIC	sku ^E?HWIC						
EHWIC-LTE-CI	FDD and TDD LTE EHWIC for China, India, and LATAM SMS/GPS	Network Modules	cellular	layered	Interface cards (NIM / SM-X / HWIC / SPA / PVDM / VIC / cellular)		EHWIC / HWIC / VWIC / WIC	sku ^E?HWIC						
EHWIC-LTE-CI=	FDD and TDD LTE EHWIC for China, India, and LATAM SMS/GPS	Network Modules	cellular	layered	Interface cards (NIM / SM-X / HWIC / SPA / PVDM / VIC / cellular)		EHWIC / HWIC / VWIC / WIC	sku ^E?HWIC						
EHWIC-LTE-GB-AX	4G LTE EHWIC for Global, 800/900/1800/2100/2600 MHz	Network Modules	cellular	layered	Interface cards (NIM / SM-X / HWIC / SPA / PVDM / VIC / cellular)		EHWIC / HWIC / VWIC / WIC	sku ^E?HWIC						
EHWIC-LTE-GB-AX=	4G LTE EHWIC for Global, 800/900/1800/2100/2600 MHz	Network Modules	cellular	layered	Interface cards (NIM / SM-X / HWIC / SPA / PVDM / VIC / cellular)		EHWIC / HWIC / VWIC / WIC	sku ^E?HWIC						
EHWIC-LTE-JN	FDD and TDD LTE EHWIC for Japan with SMS/GPS	Network Modules	cellular	layered	Interface cards (NIM / SM-X / HWIC / SPA / PVDM / VIC / cellular)		EHWIC / HWIC / VWIC / WIC	sku ^E?HWIC						
EHWIC-LTE-JN=	FDD and TDD LTE EHWIC for Japan with SMS/GPS	Network Modules	cellular	layered	Interface cards (NIM / SM-X / HWIC / SPA / PVDM / VIC / cellular)		EHWIC / HWIC / VWIC / WIC	sku ^E?HWIC						
EHWIC-LTE-LA	FDD and TDD LTE EHWIC for Australia with SMS?GPS	Network Modules	cellular	layered	Interface cards (NIM / SM-X / HWIC / SPA / PVDM / VIC / cellular)		EHWIC / HWIC / VWIC / WIC	sku ^E?HWIC						
EHWIC-LTE-LA=	FDD and TDD LTE EHWIC for Australia with SMS/GPS	Network Modules	cellular	layered	Interface cards (NIM / SM-X / HWIC / SPA / PVDM / VIC / cellular)		EHWIC / HWIC / VWIC / WIC	sku ^E?HWIC						
EHWIC-VA-DSL-A	Multi Mode VDSL2/ADSL/2/2+ EHWIC Annex A	800	interface	layered	Interface cards (NIM / SM-X / HWIC / SPA / PVDM / VIC / cellular)		EHWIC / HWIC / VWIC / WIC	sku ^E?HWIC						
EHWIC-VA-DSL-A=	Multi Mode VDSL2/ADSL/2/2+ EHWIC Annex A	Network Modules	interface	layered	Interface cards (NIM / SM-X / HWIC / SPA / PVDM / VIC / cellular)		EHWIC / HWIC / VWIC / WIC	sku ^E?HWIC						
EHWIC-VA-DSL-B	Multi Mode VDSL2/ADSL/2/2+ EHWIC Annex B	800	interface	layered	Interface cards (NIM / SM-X / HWIC / SPA / PVDM / VIC / cellular)		EHWIC / HWIC / VWIC / WIC	sku ^E?HWIC						
EHWIC-VA-DSL-B=	Multi Mode VDSL2/ADSL/2/2+ EHWIC Annex B	Network Modules	interface	layered	Interface cards (NIM / SM-X / HWIC / SPA / PVDM / VIC / cellular)		EHWIC / HWIC / VWIC / WIC	sku ^E?HWIC						
EHWIC-VA-DSL-M	Multi Mode VDSL2/ADSL/2/2+ EHWIC Annex M	800	interface	layered	Interface cards (NIM / SM-X / HWIC / SPA / PVDM / VIC / cellular)		EHWIC / HWIC / VWIC / WIC	sku ^E?HWIC						
EHWIC-VA-DSL-M=	Multi Mode VDSL2/ADSL/2/2+ EHWIC Annex M	Network Modules	interface	layered	Interface cards (NIM / SM-X / HWIC / SPA / PVDM / VIC / cellular)		EHWIC / HWIC / VWIC / WIC	sku ^E?HWIC						
EM-4BRI-NT/TE	4-port voice/fax expansion module - BRI (NT and TE)	2900 ISR	interface	layered	Interface cards (NIM / SM-X / HWIC / SPA / PVDM / VIC / cellular)		ISM / EM Internal Service Modules	sku ^EM-						
EM-4BRI-NT/TE=	4-port voice/fax expansion module - BRI	2900 ISR	interface	layered	Interface cards (NIM / SM-X / HWIC / SPA / PVDM / VIC / cellular)		ISM / EM Internal Service Modules	sku ^EM-						
EM-HDA-3FXS/4FXO	7-port voice/fax expansion module - 3FXS/4FXO	2900 ISR	interface	layered	Interface cards (NIM / SM-X / HWIC / SPA / PVDM / VIC / cellular)		ISM / EM Internal Service Modules	sku ^EM-						
EM-HDA-3FXS/4FXO=	7-port voice/fax expansion module - 3FXS/4FXO	2900 ISR	interface	layered	Interface cards (NIM / SM-X / HWIC / SPA / PVDM / VIC / cellular)		ISM / EM Internal Service Modules	sku ^EM-						
EM-HDA-8FXS	Cisco EM-HDA-8FXS	2900 ISR	interface	layered	Interface cards (NIM / SM-X / HWIC / SPA / PVDM / VIC / cellular)		ISM / EM Internal Service Modules	sku ^EM-						
ENC-10G-ONT-01PR	Cisco ENC-10G-ONT-01PR	Transceiver Modules	device	pending_plan								move switches		
ENC-10G-ONT-01PR=	Ruggedized XGS-PON ONT, powered by PoE	Transceiver Modules	device	pending_plan								move switches		
ENC-10G-ONT-10	Cisco ENC-10G-ONT-10	Transceiver Modules	device	pending_plan								move switches		
ENC-10G-ONT-10=	XGS-PON ONT	Transceiver Modules	device	pending_plan								move switches		
ENC-10G-ONT-14A	Cisco ENC-10G-ONT-14A	Transceiver Modules	device	pending_plan								move switches		
ENC-10G-ONT-14A=	Multiport and ATA XGS-PON ONT	Transceiver Modules	device	pending_plan								move switches		
EPA-10X1GE	Cisco ASR 1000 10x10GE Ethernet Port Adapter	Network Modules	interface	pending_plan								move routers		
EPA-3GE-SX/LH-LC	Cisco 12000 Series 3-Port Gigabit Ethernet Port Adapter	Line cards	interface	layered	Router and switch line cards (legacy)		Cisco 12000 / XR 12000 SIP and line cards	sku ^EPA-(3GE|GE/FE)						
EPA-GE/FE-BBRD	Cisco 12000 Series Gigabit Ethernet Modular Baseboard	Line cards	interface	layered	Router and switch line cards (legacy)		Cisco 12000 / XR 12000 SIP and line cards	sku ^EPA-(3GE|GE/FE)						
EWDM-OA=	EWDM Optical Amplifier	Transceiver Modules	unknown	pending_plan								move optical-networking		
EWDM-OADM2=	2-channels EWDM OADM Module	Transceiver Modules	mux	pending_plan								move optical-networking		
EWDM-OADM4=	4-channels EWDM OADM Module	Transceiver Modules	mux	pending_plan								move optical-networking		
FAPH0612BLMPO	Cisco FAPH0612BLMPO	Transceiver Modules	accessory	pending_plan								class non_product		
FAPH0612CG-	Cisco FAPH0612CG-	Transceiver Modules	accessory	pending_plan								class non_product		
FAPH0612CGMPO	Cisco FAPH0612CGMPO	Transceiver Modules	accessory	pending_plan								class non_product		
FAPH12MBLMPO	Cisco FAPH12MBLMPO	Transceiver Modules	accessory	pending_plan								class non_product		
FC29N-12-10U	Cisco FC29N-12-10U	Transceiver Modules	accessory	pending_plan								class non_product		
FC2ZO-12-10U	Cisco FC2ZO-12-10U	Transceiver Modules	accessory	pending_plan								class non_product		
FHC9N-12-10U	Cisco FHC9N-12-10U	Transceiver Modules	accessory	pending_plan								class non_product		
FHCZO-12-10U	Cisco FHCZO-12-10U	Transceiver Modules	accessory	pending_plan								class non_product		
FHMP-6-ABL	Cisco FHMP-6-ABL	Transceiver Modules	accessory	pending_plan								class non_product		
FHMP-6-BCG	Cisco FHMP-6-BCG	Transceiver Modules	accessory	pending_plan								class non_product		
FHMP-6M-ABL	Cisco FHMP-6M-ABL	Transceiver Modules	accessory	pending_plan								class non_product		
FIPS-SHIELD-2901=	FIPS opacity shield for Cisco 2901 ISR	Network Modules	mechanical	pending_plan								move routers		
FIPS-SHIELD-2911=	FIPS opacity shield for Cisco 2911 ISR	Network Modules	mechanical	pending_plan								move routers		
FIPS-SHIELD-2921=	FIPS opacity shield for Cisco 2921 ISR	Network Modules	mechanical	pending_plan								move routers		
FIPS-SHIELD-2951=	FIPS opacity shield for Cisco 2951 ISR	Network Modules	mechanical	pending_plan								move routers		
FL-1900-256U512MB	CISCO1905 DRAM Upgrade from 256MB to 512MB	Network Modules	memory	pending_plan								move routers		
FL-1900-256U512MB=	CISCO1905 DRAM Upgrade from 256MB to 512MB	Network Modules	memory	pending_plan								move routers		
FQ3ZO-08-10B	QuickNet SFQ 4 to 1 Breakout Cassette, Method B	Transceiver Modules	accessory	pending_plan								class non_product		
FQMAP46CG	Fiber Optic Migration Adapter Panel - 4 MPO Adapters – Type B	Transceiver Modules	mechanical	pending_plan								class non_product		
FQMAP66CG	Fiber Optic Migration Adapter Panel - 6 MPO Adapters – Type B	Transceiver Modules	mechanical	pending_plan								class non_product		
FZTRP7N7NYNF003	OM4 12 fiber PanMPO Interconnect, Female to Female, Method B, 3ft	Transceiver Modules	accessory	pending_plan								class non_product		
FZTRR7N7NYNF001	OM4 12 fiber PanMPO Interconnect, Female to Female, Method B, 1ft	Transceiver Modules	accessory	pending_plan								class non_product		
G100	Cisco G100	High-Speed WAN Interface Cards	unknown	pending_plan								class non_product		
GE-DCARD-ESW	1 GE (1000BaseT) daughtercard for Etherswitch Modules	Network Modules	interface	layered	Interface cards (NIM / SM-X / HWIC / SPA / PVDM / VIC / cellular)		NM / NME Network Modules	sku ^GE-DCARD-ESW						
GE-DCARD-ESW=	1 1000BaseT daughtercard for Etherswitch NM	Network Modules	interface	layered	Interface cards (NIM / SM-X / HWIC / SPA / PVDM / VIC / cellular)		NM / NME Network Modules	sku ^GE-DCARD-ESW						
GRWIC-2SHDSL	Cisco Connected Grid G.SHDSL GRWIC	Connected Grid Modules	interface	pending_plan								move routers		
GRWIC-2SHDSL=	Cisco Connected Grid G.SHDSL GRWIC	Connected Grid Modules	interface	pending_plan								move routers		
GRWIC-D-ES-2S-8PC	● 8xFE RJ45 ports (Power over Ethernet [PoE] * support on first 4 ports) ● 1xGE combo port ● 1xGE fiber Small Form-Factor Pluggable (SFP) port	Connected Grid Modules	interface	pending_plan								move routers		
GRWIC-D-ES-6S	● 4xFE fiber SFP port ● 1xGE combo port ● 1xGE fiber SFP port	Connected Grid Modules	interface	pending_plan								move routers		
GRWIC-ISDN-1B-U	Cisco Connected Grid ISDN BRI U GRWIC	Connected Grid Modules	interface	pending_plan								move routers		
GRWIC-ISDN-1B-U=	Cisco Connected Grid ISDN BRI U GRWIC	Connected Grid Modules	interface	pending_plan								move routers		
GRWIC-ISDN-B-S/T	Cisco GRWIC-ISDN-B-S/T	Connected Grid Modules	interface	pending_plan								move routers		
GRWIC-ISDN-B-S/T=	Cisco GRWIC-ISDN-B-S/T=	Connected Grid Modules	interface	pending_plan								move routers		
GRWIC-VA-DSL-A	Cisco Connected Grid VDSL2 and ADSL2/ADSL2+ GRWIC - Annex A	Connected Grid Modules	interface	pending_plan								move routers		
GRWIC-VA-DSL-A=	Cisco Connected Grid VDSL2 and ADSL2/ADSL2+ GRWIC - Annex A	Connected Grid Modules	interface	pending_plan								move routers		
GRWIC-VA-DSL-B	Cisco Connected Grid VDSL2 and ADSL2/ADSL2+ GRWIC - Annex B	Connected Grid Modules	interface	pending_plan								move routers		
GRWIC-VA-DSL-B=	Cisco Connected Grid VDSL2 and ADSL2/ADSL2+ GRWIC - Annex B	Connected Grid Modules	interface	pending_plan								move routers		
GRWIC-VA-DSL-M	Cisco Connected Grid VDSL2 and ADSL2/ADSL2+ GRWIC - Annex M	Connected Grid Modules	interface	pending_plan								move routers		
GRWIC-VA-DSL-M=	Cisco Connected Grid VDSL2 and ADSL2/ADSL2+ GRWIC - Annex M	Connected Grid Modules	interface	pending_plan								move routers		
HN4000e	Cisco HN4000e	High-Speed WAN Interface Cards	unknown	pending_plan								class non_product		
HWIC-16A	16-Port Async HWIC	High-Speed WAN Interface Cards	interface	layered	Interface cards (NIM / SM-X / HWIC / SPA / PVDM / VIC / cellular)		EHWIC / HWIC / VWIC / WIC	sku ^E?HWIC						
HWIC-16A-T	16-Port Async Temperature Tolerant HWIC	2900 ISR	interface	layered	Interface cards (NIM / SM-X / HWIC / SPA / PVDM / VIC / cellular)		EHWIC / HWIC / VWIC / WIC	sku ^E?HWIC						
HWIC-16A-T=	16-Port Async Temperature Tolerant HWIC	2900 ISR	interface	layered	Interface cards (NIM / SM-X / HWIC / SPA / PVDM / VIC / cellular)		EHWIC / HWIC / VWIC / WIC	sku ^E?HWIC						
HWIC-16A=	16-Port Async HWIC	Network Modules	interface	layered	Interface cards (NIM / SM-X / HWIC / SPA / PVDM / VIC / cellular)		EHWIC / HWIC / VWIC / WIC	sku ^E?HWIC						
HWIC-1B-U	1-Port ISDN BRI U interface High-Speed WAN Interface Card	High-Speed WAN Interface Cards	interface	layered	Interface cards (NIM / SM-X / HWIC / SPA / PVDM / VIC / cellular)		EHWIC / HWIC / VWIC / WIC	sku ^E?HWIC						
HWIC-1B-U-X	1-Port ISDN BRI U High-Speed WAN Interface Card	Network Modules	interface	layered	Interface cards (NIM / SM-X / HWIC / SPA / PVDM / VIC / cellular)		EHWIC / HWIC / VWIC / WIC	sku ^E?HWIC						
HWIC-1B-U=	1-port ISDN BRI NT1 HWIC	2900 ISR	interface	layered	Interface cards (NIM / SM-X / HWIC / SPA / PVDM / VIC / cellular)		EHWIC / HWIC / VWIC / WIC	sku ^E?HWIC						
HWIC-1CE1T1-PRI	1 Port Channelized T1/E1 and ISDN PRI High Speed WAN Interface Card	High-Speed WAN Interface Cards	interface	layered	Interface cards (NIM / SM-X / HWIC / SPA / PVDM / VIC / cellular)		EHWIC / HWIC / VWIC / WIC	sku ^E?HWIC						
HWIC-1CE1T1-PRI=	1 port channelized T1/E1 and PRI HWIC (data only)	Network Modules	interface	layered	Interface cards (NIM / SM-X / HWIC / SPA / PVDM / VIC / cellular)		EHWIC / HWIC / VWIC / WIC	sku ^E?HWIC						
HWIC-1DSU-56K4	1-port 4-WIRE 56/64 KBPS WAN INTERFACE CARD	Network Modules	interface	layered	Interface cards (NIM / SM-X / HWIC / SPA / PVDM / VIC / cellular)		EHWIC / HWIC / VWIC / WIC	sku ^E?HWIC						
HWIC-1DSU-56K4=	1-port 4-WIRE 56/64 KBPS WAN INTERFACE CARD	Network Modules	interface	layered	Interface cards (NIM / SM-X / HWIC / SPA / PVDM / VIC / cellular)		EHWIC / HWIC / VWIC / WIC	sku ^E?HWIC						
HWIC-1DSU-T1	1-Port T1/Fractional T1 DSU/CSU WAN Interface Card	High-Speed WAN Interface Cards	interface	layered	Interface cards (NIM / SM-X / HWIC / SPA / PVDM / VIC / cellular)		EHWIC / HWIC / VWIC / WIC	sku ^E?HWIC						
HWIC-1DSU-T1=	1-Port T1/Fractional T1 DSU/CSU WAN Interface Card	Network Modules	interface	layered	Interface cards (NIM / SM-X / HWIC / SPA / PVDM / VIC / cellular)		EHWIC / HWIC / VWIC / WIC	sku ^E?HWIC						
HWIC-1GE-SFP	Gigabit Ethernet HWIC with One SFP Slot	High-Speed WAN Interface Cards	interface	layered	Interface cards (NIM / SM-X / HWIC / SPA / PVDM / VIC / cellular)		EHWIC / HWIC / VWIC / WIC	sku ^E?HWIC						
HWIC-1T	1-Port Serial WAN Interface Card	High-Speed WAN Interface Cards	interface	layered	Interface cards (NIM / SM-X / HWIC / SPA / PVDM / VIC / cellular)		EHWIC / HWIC / VWIC / WIC	sku ^E?HWIC						
HWIC-1T=	1-Port Serial WAN Interface Card	Network Modules	interface	layered	Interface cards (NIM / SM-X / HWIC / SPA / PVDM / VIC / cellular)		EHWIC / HWIC / VWIC / WIC	sku ^E?HWIC						
HWIC-2A/S	2-Port Async/Sync Serial WAN Interface Card	High-Speed WAN Interface Cards	interface	layered	Interface cards (NIM / SM-X / HWIC / SPA / PVDM / VIC / cellular)		EHWIC / HWIC / VWIC / WIC	sku ^E?HWIC						
HWIC-2A/S=	2-Port Async/Sync Serial WAN Interface Card	2900 ISR	interface	layered	Interface cards (NIM / SM-X / HWIC / SPA / PVDM / VIC / cellular)		EHWIC / HWIC / VWIC / WIC	sku ^E?HWIC						
HWIC-2CE1T1-PRI	2 Port Channelized T1/E1 and ISDN PRI High Speed WAN Interface Card	High-Speed WAN Interface Cards	interface	layered	Interface cards (NIM / SM-X / HWIC / SPA / PVDM / VIC / cellular)		EHWIC / HWIC / VWIC / WIC	sku ^E?HWIC						
HWIC-2CE1T1-PRI=	2 port channelized T1/E1 and PRI HWIC (data only)	Network Modules	interface	layered	Interface cards (NIM / SM-X / HWIC / SPA / PVDM / VIC / cellular)		EHWIC / HWIC / VWIC / WIC	sku ^E?HWIC						
HWIC-2FE	Two 10/100 routed port HWIC	Network Modules	interface	layered	Interface cards (NIM / SM-X / HWIC / SPA / PVDM / VIC / cellular)		EHWIC / HWIC / VWIC / WIC	sku ^E?HWIC						
HWIC-2FE=	Two 10/100 routed port HWIC	Network Modules	interface	layered	Interface cards (NIM / SM-X / HWIC / SPA / PVDM / VIC / cellular)		EHWIC / HWIC / VWIC / WIC	sku ^E?HWIC						
HWIC-2SHDSL	2-pair G.SHDSL HWIC	High-Speed WAN Interface Cards	interface	layered	Interface cards (NIM / SM-X / HWIC / SPA / PVDM / VIC / cellular)		EHWIC / HWIC / VWIC / WIC	sku ^E?HWIC						
HWIC-2SHDSL=	2-pair G.SHDSL HWIC	High-Speed WAN Interface Cards	interface	layered	Interface cards (NIM / SM-X / HWIC / SPA / PVDM / VIC / cellular)		EHWIC / HWIC / VWIC / WIC	sku ^E?HWIC						
HWIC-2T	2-Port Serial WAN Interface Card	High-Speed WAN Interface Cards	interface	layered	Interface cards (NIM / SM-X / HWIC / SPA / PVDM / VIC / cellular)		EHWIC / HWIC / VWIC / WIC	sku ^E?HWIC						
HWIC-2T=	2-Port Serial WAN Interface Card	Network Modules	interface	layered	Interface cards (NIM / SM-X / HWIC / SPA / PVDM / VIC / cellular)		EHWIC / HWIC / VWIC / WIC	sku ^E?HWIC						
HWIC-4A/S	4-Port Async/Sync Serial HWIC	High-Speed WAN Interface Cards	interface	layered	Interface cards (NIM / SM-X / HWIC / SPA / PVDM / VIC / cellular)		EHWIC / HWIC / VWIC / WIC	sku ^E?HWIC						
HWIC-4A/S=	4-Port Async/Sync Serial HWIC	Network Modules	interface	layered	Interface cards (NIM / SM-X / HWIC / SPA / PVDM / VIC / cellular)		EHWIC / HWIC / VWIC / WIC	sku ^E?HWIC						
HWIC-4B-S/T	4-Port ISDN BRI S/T High-Speed WAN Interface Card	High-Speed WAN Interface Cards	interface	layered	Interface cards (NIM / SM-X / HWIC / SPA / PVDM / VIC / cellular)		EHWIC / HWIC / VWIC / WIC	sku ^E?HWIC						
HWIC-4B-S/T=	4-port ISDN BRI High-Speed WAN Interface Card	Network Modules	interface	layered	Interface cards (NIM / SM-X / HWIC / SPA / PVDM / VIC / cellular)		EHWIC / HWIC / VWIC / WIC	sku ^E?HWIC						
HWIC-4ESW	4-port Cisco EtherSwitch 10BASE-T/100BASE-TX autosensing HWIC	High-Speed WAN Interface Cards	interface	layered	Interface cards (NIM / SM-X / HWIC / SPA / PVDM / VIC / cellular)		EHWIC / HWIC / VWIC / WIC	sku ^E?HWIC						
HWIC-4ESW-POE	4-port 10/100 Ethernet switch with 4-port inline power daughter card	High-Speed WAN Interface Cards	interface	layered	Interface cards (NIM / SM-X / HWIC / SPA / PVDM / VIC / cellular)		EHWIC / HWIC / VWIC / WIC	sku ^E?HWIC						
HWIC-4ESW-POE=	4-port 10/100 Ethernet switch with 4-port inline power daughter card, spare	High-Speed WAN Interface Cards	interface	layered	Interface cards (NIM / SM-X / HWIC / SPA / PVDM / VIC / cellular)		EHWIC / HWIC / VWIC / WIC	sku ^E?HWIC						
HWIC-4ESW=	4-port 10/100 Ethernet switch, spare	High-Speed WAN Interface Cards	interface	layered	Interface cards (NIM / SM-X / HWIC / SPA / PVDM / VIC / cellular)		EHWIC / HWIC / VWIC / WIC	sku ^E?HWIC						
HWIC-4SHDSL	Cisco HWIC-4SHDSL	High-Speed WAN Interface Cards	interface	layered	Interface cards (NIM / SM-X / HWIC / SPA / PVDM / VIC / cellular)		EHWIC / HWIC / VWIC / WIC	sku ^E?HWIC						
HWIC-4SHDSL-E	4-pair EFM Based HWIC	High-Speed WAN Interface Cards	interface	layered	Interface cards (NIM / SM-X / HWIC / SPA / PVDM / VIC / cellular)		EHWIC / HWIC / VWIC / WIC	sku ^E?HWIC						
HWIC-4SHDSL-E=	4-pair EFM Based HWIC	High-Speed WAN Interface Cards	interface	layered	Interface cards (NIM / SM-X / HWIC / SPA / PVDM / VIC / cellular)		EHWIC / HWIC / VWIC / WIC	sku ^E?HWIC						
HWIC-4SHDSL=	Cisco HWIC-4SHDSL=	High-Speed WAN Interface Cards	interface	layered	Interface cards (NIM / SM-X / HWIC / SPA / PVDM / VIC / cellular)		EHWIC / HWIC / VWIC / WIC	sku ^E?HWIC						
HWIC-4T	4-Port Serial HWIC	High-Speed WAN Interface Cards	interface	layered	Interface cards (NIM / SM-X / HWIC / SPA / PVDM / VIC / cellular)		EHWIC / HWIC / VWIC / WIC	sku ^E?HWIC						
HWIC-4T1/E1	4 Port Clear Channel T1/E1 High Speed WAN Interface Card	High-Speed WAN Interface Cards	interface	layered	Interface cards (NIM / SM-X / HWIC / SPA / PVDM / VIC / cellular)		EHWIC / HWIC / VWIC / WIC	sku ^E?HWIC						
HWIC-4T1/E1-X	4 port clear channel T1/E1 HWIC	Network Modules	interface	layered	Interface cards (NIM / SM-X / HWIC / SPA / PVDM / VIC / cellular)		EHWIC / HWIC / VWIC / WIC	sku ^E?HWIC						
HWIC-4T1/E1=	4 port clear channel T1/E1 HWIC	2900 ISR	interface	layered	Interface cards (NIM / SM-X / HWIC / SPA / PVDM / VIC / cellular)		EHWIC / HWIC / VWIC / WIC	sku ^E?HWIC						
HWIC-4T=	4-Port Serial HWIC	2900 ISR	interface	layered	Interface cards (NIM / SM-X / HWIC / SPA / PVDM / VIC / cellular)		EHWIC / HWIC / VWIC / WIC	sku ^E?HWIC						
HWIC-8A	8-Port Async HWIC	High-Speed WAN Interface Cards	interface	layered	Interface cards (NIM / SM-X / HWIC / SPA / PVDM / VIC / cellular)		EHWIC / HWIC / VWIC / WIC	sku ^E?HWIC						
HWIC-8A/S-232	8-Port Async/Sync Serial HWIC, EIA-232	High-Speed WAN Interface Cards	interface	layered	Interface cards (NIM / SM-X / HWIC / SPA / PVDM / VIC / cellular)		EHWIC / HWIC / VWIC / WIC	sku ^E?HWIC						
HWIC-8A/S-232=	8-Port Async/Sync Serial HWIC, EIA-232	Network Modules	interface	layered	Interface cards (NIM / SM-X / HWIC / SPA / PVDM / VIC / cellular)		EHWIC / HWIC / VWIC / WIC	sku ^E?HWIC						
HWIC-8A=	8-Port Async HWIC	Network Modules	interface	layered	Interface cards (NIM / SM-X / HWIC / SPA / PVDM / VIC / cellular)		EHWIC / HWIC / VWIC / WIC	sku ^E?HWIC						
HWIC-AP-AG-B	Cisco 802.11 A/B/G Access Point High Speed Wan Interface Card for the Americas (FCC configuration)	High-Speed WAN Interface Cards	radio	layered	Interface cards (NIM / SM-X / HWIC / SPA / PVDM / VIC / cellular)		EHWIC / HWIC / VWIC / WIC	sku ^E?HWIC						
HWIC-AP-AG-B=	Cisco 802.11 A/B/G Access Point High Speed Wan Interface Card for the Americas (FCC configuration), spare	High-Speed WAN Interface Cards	radio	layered	Interface cards (NIM / SM-X / HWIC / SPA / PVDM / VIC / cellular)		EHWIC / HWIC / VWIC / WIC	sku ^E?HWIC						
HWIC-AP-AG-J	AP HWIC, 2 radios (2.4/5Ghz Radios for 802.11 a/b/g) Japan	High-Speed WAN Interface Cards	radio	layered	Interface cards (NIM / SM-X / HWIC / SPA / PVDM / VIC / cellular)		EHWIC / HWIC / VWIC / WIC	sku ^E?HWIC						
HWIC-AP-AG-J=	AP HWIC, 2 radios (2.4/5Ghz Radios for 802.11 a/b/g) Japan	High-Speed WAN Interface Cards	radio	layered	Interface cards (NIM / SM-X / HWIC / SPA / PVDM / VIC / cellular)		EHWIC / HWIC / VWIC / WIC	sku ^E?HWIC						
HWIC-AP-AG-N	Cisco 802.11 A/B/G Access Point High Speed Wan Interface Card for Australia/NZ	High-Speed WAN Interface Cards	radio	layered	Interface cards (NIM / SM-X / HWIC / SPA / PVDM / VIC / cellular)		EHWIC / HWIC / VWIC / WIC	sku ^E?HWIC						
HWIC-AP-AG-N=	Cisco 802.11 A/B/G Access Point High Speed Wan Interface Card for Australia/NZ, spare	High-Speed WAN Interface Cards	radio	layered	Interface cards (NIM / SM-X / HWIC / SPA / PVDM / VIC / cellular)		EHWIC / HWIC / VWIC / WIC	sku ^E?HWIC						
HWIC-AP-AG-P	Cisco 802.11 A/B/G Access Point High Speed Wan Interface Card for Japan (TELEC configuration)	High-Speed WAN Interface Cards	radio	layered	Interface cards (NIM / SM-X / HWIC / SPA / PVDM / VIC / cellular)		EHWIC / HWIC / VWIC / WIC	sku ^E?HWIC						
HWIC-AP-AG-P=	Cisco 802.11 A/B/G Access Point High Speed Wan Interface Card for Japan (TELEC configuration), spare	High-Speed WAN Interface Cards	radio	layered	Interface cards (NIM / SM-X / HWIC / SPA / PVDM / VIC / cellular)		EHWIC / HWIC / VWIC / WIC	sku ^E?HWIC						
HWIC-AP-AG-x	IEEE 802.11 A/B/G Access Point HWIC (High Speed WLAN Interface Card)	High-Speed WAN Interface Cards	radio	pending_plan								class non_product		
HWIC-AP-G-A	Cisco 802.11 B/G Access Point High Speed Wan Interface Card for the Americas (FCC configuration)	High-Speed WAN Interface Cards	radio	layered	Interface cards (NIM / SM-X / HWIC / SPA / PVDM / VIC / cellular)		EHWIC / HWIC / VWIC / WIC	sku ^E?HWIC						
HWIC-AP-G-A=	Cisco 802.11 B/G Access Point High Speed Wan Interface Card for the Americas (FCC configuration), spare	High-Speed WAN Interface Cards	radio	layered	Interface cards (NIM / SM-X / HWIC / SPA / PVDM / VIC / cellular)		EHWIC / HWIC / VWIC / WIC	sku ^E?HWIC						
HWIC-AP-G-E	Cisco 802.11 B/G Access Point High Speed Wan Interface Card for Europe (ETSI configuration)	High-Speed WAN Interface Cards	radio	layered	Interface cards (NIM / SM-X / HWIC / SPA / PVDM / VIC / cellular)		EHWIC / HWIC / VWIC / WIC	sku ^E?HWIC						
HWIC-AP-G-E=	Cisco 802.11 B/G Access Point High Speed Wan Interface Card for Europe (ETSI configuration), spare	High-Speed WAN Interface Cards	radio	layered	Interface cards (NIM / SM-X / HWIC / SPA / PVDM / VIC / cellular)		EHWIC / HWIC / VWIC / WIC	sku ^E?HWIC						
HWIC-AP-G-J	Cisco 802.11 B/G Access Point High Speed Wan Interface Card for Japan (TELEC configuration)	High-Speed WAN Interface Cards	radio	layered	Interface cards (NIM / SM-X / HWIC / SPA / PVDM / VIC / cellular)		EHWIC / HWIC / VWIC / WIC	sku ^E?HWIC						
HWIC-AP-G-J=	Cisco 802.11 B/G Access Point High Speed Wan Interface Card for Japan (TELEC configuration), spare	High-Speed WAN Interface Cards	radio	layered	Interface cards (NIM / SM-X / HWIC / SPA / PVDM / VIC / cellular)		EHWIC / HWIC / VWIC / WIC	sku ^E?HWIC						
HWIC-AP-G-x	IEEE 802.11 B/G Access Point HWIC (High Speed WLAN Interface Card)	High-Speed WAN Interface Cards	radio	pending_plan								class non_product		
HWIC-BLANK-KIT=	Blank faceplate for HWIC slot with divider for Cisco1941 ISR (only as spare)	2900 ISR	mechanical	layered	Interface cards (NIM / SM-X / HWIC / SPA / PVDM / VIC / cellular)		EHWIC / HWIC / VWIC / WIC	sku ^E?HWIC						
HWIC-BLANK=	Blank faceplate for HWIC/EHWIC slot on Cisco ISR (only as spare)	2900 ISR	mechanical	layered	Interface cards (NIM / SM-X / HWIC / SPA / PVDM / VIC / cellular)		EHWIC / HWIC / VWIC / WIC	sku ^E?HWIC						
HWIC-D-9ESW	9-port Cisco EtherSwitch 10BASE-T/100BASE-TX autosensing HWIC	High-Speed WAN Interface Cards	interface	layered	Interface cards (NIM / SM-X / HWIC / SPA / PVDM / VIC / cellular)		EHWIC / HWIC / VWIC / WIC	sku ^E?HWIC						
HWIC-D-9ESW-POE	9-port 10/100 Ethernet switch with 8-port inline power daughter card	High-Speed WAN Interface Cards	interface	layered	Interface cards (NIM / SM-X / HWIC / SPA / PVDM / VIC / cellular)		EHWIC / HWIC / VWIC / WIC	sku ^E?HWIC						
HWIC-D-9ESW-POE=	9-port 10/100 Ethernet switch with 8-port inline power daughter card, spare	High-Speed WAN Interface Cards	interface	layered	Interface cards (NIM / SM-X / HWIC / SPA / PVDM / VIC / cellular)		EHWIC / HWIC / VWIC / WIC	sku ^E?HWIC						
HWIC-D-9ESW=	9-port 10/100 Ethernet switch, spare	High-Speed WAN Interface Cards	interface	layered	Interface cards (NIM / SM-X / HWIC / SPA / PVDM / VIC / cellular)		EHWIC / HWIC / VWIC / WIC	sku ^E?HWIC						
HWIC-SLOT-DIVIDER=	HWIC/EHWIC Slot Divider (Guide) for Cisco 1900, 2900, 3900 ISR (only as spare)	2900 ISR	mechanical	layered	Interface cards (NIM / SM-X / HWIC / SPA / PVDM / VIC / cellular)		EHWIC / HWIC / VWIC / WIC	sku ^E?HWIC						
ILPM-4=	4-port inline power module for PoE applications, spare	High-Speed WAN Interface Cards	power	layered	Interface cards (NIM / SM-X / HWIC / SPA / PVDM / VIC / cellular)		EHWIC / HWIC / VWIC / WIC	sku ^ILPM-						
ILPM-8=	8-port Inline power module for PoE applications, spare	High-Speed WAN Interface Cards	power	layered	Interface cards (NIM / SM-X / HWIC / SPA / PVDM / VIC / cellular)		EHWIC / HWIC / VWIC / WIC	sku ^ILPM-						
ISM-SRE-300-K9	Internal Services Module (ISM) with Services Ready Engine	2900 ISR	module	pending_plan								move servers-unified-computing		
ISM-SRE-300-K9++=	Services Ready Engine 300 (512MB MEM, 4GB Flash, 1C CPU)	4000 ISR	module	pending_plan								move servers-unified-computing		
ISM-SRE-300-RS-K9=	ISM 300 module for VPN software	4000 ISR	module	pending_plan								move servers-unified-computing		
ISM-VPN-29	3DES/AES/SUITE-B VPN Encryption module	2900 ISR	module	layered	Interface cards (NIM / SM-X / HWIC / SPA / PVDM / VIC / cellular)		ISM / EM Internal Service Modules	sku ^ISM-(?!SRE)						
ISM-VPN-29=	3DES/AES/SUITE-B VPN Encryption module	2900 ISR	module	layered	Interface cards (NIM / SM-X / HWIC / SPA / PVDM / VIC / cellular)		ISM / EM Internal Service Modules	sku ^ISM-(?!SRE)						
ISM-VPN-39	3DES/AES/SUITE-B VPN Encryption module	2900 ISR	module	layered	Interface cards (NIM / SM-X / HWIC / SPA / PVDM / VIC / cellular)		ISM / EM Internal Service Modules	sku ^ISM-(?!SRE)						
ISM-VPN-39=	3DES/AES/SUITE-B VPN Encryption module	2900 ISR	module	layered	Interface cards (NIM / SM-X / HWIC / SPA / PVDM / VIC / cellular)		ISM / EM Internal Service Modules	sku ^ISM-(?!SRE)						
LDP7AA46.017	Cisco LDP7AA46.017	High-Speed WAN Interface Cards	unknown	pending_plan								class non_product		
LIM-SL-48	Cisco LIM-SL-48	High-Speed WAN Interface Cards	accessory	pending_plan								class non_product		
LIM-SL-72	Cisco LIM-SL-72	High-Speed WAN Interface Cards	accessory	pending_plan								class non_product		
MC7304-4G-LTE-GA	Sierra MC7304 Global LTE, Band 1, 3, 7, 8, 20	800	cellular	layered	Interface cards (NIM / SM-X / HWIC / SPA / PVDM / VIC / cellular)		Cellular and WAN interface modules (MC / PCEX / WIM)	sku ^MC7[0-9]{3}						
MC7350-4G-LTE-VS	Sierra MC7350 Verizon and Sprint LTE, Band 13, AWS, Band 25	800	cellular	layered	Interface cards (NIM / SM-X / HWIC / SPA / PVDM / VIC / cellular)		Cellular and WAN interface modules (MC / PCEX / WIM)	sku ^MC7[0-9]{3}						
MC7354-4G-LTE-MNA	Sierra MC7354 Multi-Carriers NA LTE, 2, 5, 13, 17, 25, AWS	800	cellular	layered	Interface cards (NIM / SM-X / HWIC / SPA / PVDM / VIC / cellular)		Cellular and WAN interface modules (MC / PCEX / WIM)	sku ^MC7[0-9]{3}						
MC7354-4G-LTE-NA	Sierra MC7354 North America LTE, Band 2, 5, 17, AWS	800	cellular	layered	Interface cards (NIM / SM-X / HWIC / SPA / PVDM / VIC / cellular)		Cellular and WAN interface modules (MC / PCEX / WIM)	sku ^MC7[0-9]{3}						
MC7430-LTE-LA	Sierra MC7430 LATAM and APAC	800	cellular	layered	Interface cards (NIM / SM-X / HWIC / SPA / PVDM / VIC / cellular)		Cellular and WAN interface modules (MC / PCEX / WIM)	sku ^MC7[0-9]{3}						
MEM-2951-512U2.5GB	512MB to 2.5GB DRAM Upgrade (2GB+512MB) for Cisco 2951 ISR	Network Modules	memory	pending_plan								move routers		
MEM-C6K-APP-24GB	Cat6500 24GB Service Module Memory	Services Modules	memory	pending_plan								move switches		
MEM-C6K-APP-24GB=	Cat6500 24GB Service Module Memory	Services Modules	memory	pending_plan								move switches		
MEM-C6K-VSE-24GB=	Cat6500 Service Module Memory 24GB	Services Modules	memory	pending_plan								move switches		
MEM-C6KNAM-2GB=	2GB Memory for WS-SVC-NAM-1 and WS-SVC-NAM-2	Services Modules	memory	pending_plan								move switches		
MEM-ISE-512A-2PK=	1-GB route memory upgrade option (two 512-MB DIMMs-spares orderable today)	Line cards	memory	layered	Router and switch line cards (legacy)		Cisco 12000 / XR 12000 SIP and line cards	sku ^MEM-(LC-)?ISE-						
MEM-LC-ISE-512A=	512-MB route memory upgrade option (one 512-MB DIMM-spares orderable today)	Line cards	memory	layered	Router and switch line cards (legacy)		Cisco 12000 / XR 12000 SIP and line cards	sku ^MEM-(LC-)?ISE-						
MGX-2GE	Half-height, 2-port Gigabit Ethernet backcard for Cisco MGX 8800/8900 Series RPM-XF	Route Processors and Route Switch Processors	interface	layered	Router and switch line cards (legacy)	(shared across the line)	Router and switch line cards (legacy) shared parts	label Route Processors and Route Switch Processors						
MGX-2OC12POS	Half-height, OC-12 POS backcard for Cisco MGX 8800/8900 Series RPM-XF	Route Processors and Route Switch Processors	interface	layered	Router and switch line cards (legacy)	(shared across the line)	Router and switch line cards (legacy) shared parts	label Route Processors and Route Switch Processors						
MGX-RPM-XF-512	Route Processor Module-XF, 512 MB	Route Processors and Route Switch Processors	interface	layered	Router and switch line cards (legacy)	(shared across the line)	Router and switch line cards (legacy) shared parts	label Route Processors and Route Switch Processors						
MGX-XF-UI/B	User interface card model B for Cisco MGX 8800/8900 Series RPM-XF	Route Processors and Route Switch Processors	interface	layered	Router and switch line cards (legacy)	(shared across the line)	Router and switch line cards (legacy) shared parts	label Route Processors and Route Switch Processors						
NAL-FOC-2901	NAL Certification labels for Cisco 2901	Network Modules	accessory	pending_plan								move routers		
NAL-FOC-2911	NAL Certification labels for Cisco 2911	Network Modules	accessory	pending_plan								move routers		
NAL-FOC-2951	NAL Certification labels for Cisco 2951	Network Modules	accessory	pending_plan								move routers		
NAM2420-K9	Cisco NAM2420-K9	Services Modules	module	pending_plan								move security		
NAM2440-K9	Cisco NAM2440-K9	Services Modules	module	pending_plan								move security		
NAM3-HDD-600G	Hard Drives - 600G - for NAM-3	Services Modules	memory	pending_plan								move switches		
NAM3-HDD-600G=	Hard Drives - 600G - for NAM-3	Services Modules	memory	pending_plan								move switches		
NANT-A	Cisco NANT-A	High-Speed WAN Interface Cards	unknown	pending_plan								class non_product		
NCS-FAB-OPT	Bundle of 96 CXP-100G-SR12	Transceiver Modules	unknown	pending_plan								move transceiver		
NCS-FAB-OPT=	Bundle of 96 CXP-100G-SR12	Transceiver Modules	unknown	pending_plan								move transceiver		
NCS1K-MD-64-C=	NCS 1000 64 chs Odd Mux/Demux Patch Panel - C-band	Transceiver Modules	mux	pending_plan								move optical-networking		
NIM-16A	16-port Asynchronous Module	Catalyst 8300	interface	layered	Interface cards (NIM / SM-X / HWIC / SPA / PVDM / VIC / cellular)		NIM (Network Interface Modules)	sku ^NIM-						
NIM-16A=	Cisco NIM-16A=	2900 ISR	interface	layered	Interface cards (NIM / SM-X / HWIC / SPA / PVDM / VIC / cellular)		NIM (Network Interface Modules)	sku ^NIM-						
NIM-1CE1T1-PRI	1-port Multiflex trunk voice/channelized data T1/E1 module	Catalyst 8300	interface	layered	Interface cards (NIM / SM-X / HWIC / SPA / PVDM / VIC / cellular)		NIM (Network Interface Modules)	sku ^NIM-						
NIM-1GE-CU-SFP	1-port GE WAN NIM, dual-mode RJ45 & SFP	Network Modules	interface	layered	Interface cards (NIM / SM-X / HWIC / SPA / PVDM / VIC / cellular)		NIM (Network Interface Modules)	sku ^NIM-						
NIM-1GE-CU-SFP=	1-port GE WAN NIM, dual-mode RJ45 & SFP	4000 ISR	interface	layered	Interface cards (NIM / SM-X / HWIC / SPA / PVDM / VIC / cellular)		NIM (Network Interface Modules)	sku ^NIM-						
NIM-1MFT-T1/E1	1-port Multi-flex Trunk Voice/Clear-channel Data T1/E1 Module	Catalyst 8300	interface	layered	Interface cards (NIM / SM-X / HWIC / SPA / PVDM / VIC / cellular)		NIM (Network Interface Modules)	sku ^NIM-						
NIM-1T	1-port serial high-speed WAN interface card	Catalyst 8300	interface	layered	Interface cards (NIM / SM-X / HWIC / SPA / PVDM / VIC / cellular)		NIM (Network Interface Modules)	sku ^NIM-						
NIM-24A	24-port Cisco Asynchronous Serial network interface module (NIM)	Catalyst 8300	interface	layered	Interface cards (NIM / SM-X / HWIC / SPA / PVDM / VIC / cellular)		NIM (Network Interface Modules)	sku ^NIM-						
NIM-2BRI-NT/TE	2-Port BRI Network Interface Module	Catalyst 8300	interface	layered	Interface cards (NIM / SM-X / HWIC / SPA / PVDM / VIC / cellular)		NIM (Network Interface Modules)	sku ^NIM-						
NIM-2BRI-NT/TE=	Cisco NIM-2BRI-NT/TE=	2900 ISR	interface	layered	Interface cards (NIM / SM-X / HWIC / SPA / PVDM / VIC / cellular)		NIM (Network Interface Modules)	sku ^NIM-						
NIM-2BRI-S/T	2-port ISDN BRI WAN interface card for data	Catalyst 8300	interface	layered	Interface cards (NIM / SM-X / HWIC / SPA / PVDM / VIC / cellular)		NIM (Network Interface Modules)	sku ^NIM-						
NIM-2CE1T1-PRI	2-port Multiflex trunk voice/channelized data T1/E1 module	Catalyst 8300	interface	layered	Interface cards (NIM / SM-X / HWIC / SPA / PVDM / VIC / cellular)		NIM (Network Interface Modules)	sku ^NIM-						
NIM-2FXO	2-port Network Interface Module - FXO (Universal)	Catalyst 8300	interface	layered	Interface cards (NIM / SM-X / HWIC / SPA / PVDM / VIC / cellular)		NIM (Network Interface Modules)	sku ^NIM-						
NIM-2FXO=	Cisco NIM-2FXO=	2900 ISR	interface	layered	Interface cards (NIM / SM-X / HWIC / SPA / PVDM / VIC / cellular)		NIM (Network Interface Modules)	sku ^NIM-						
NIM-2FXS	2-Port Network Interface Module - FXS, FXS-E and DID	4000 ISR	interface	layered	Interface cards (NIM / SM-X / HWIC / SPA / PVDM / VIC / cellular)		NIM (Network Interface Modules)	sku ^NIM-						
NIM-2FXS/4FXO	2-Port FXS/FXS-E/DID and 4-Port FXO Network Interface Module	4000 ISR	interface	layered	Interface cards (NIM / SM-X / HWIC / SPA / PVDM / VIC / cellular)		NIM (Network Interface Modules)	sku ^NIM-						
NIM-2FXS/4FXO=	2-Port FXS/FXS-E/DID and 4-Port FXO Network Interface Module	4000 ISR	interface	layered	Interface cards (NIM / SM-X / HWIC / SPA / PVDM / VIC / cellular)		NIM (Network Interface Modules)	sku ^NIM-						
NIM-2FXS/4FXOP	2-Port FXS/FXS-E/DID and 4-Port FXO Network Interface Module	Catalyst 8200	interface	layered	Interface cards (NIM / SM-X / HWIC / SPA / PVDM / VIC / cellular)		NIM (Network Interface Modules)	sku ^NIM-						
NIM-2FXS=	2-Port Network Interface Module - FXS, FXS-E and DID	2900 ISR	interface	layered	Interface cards (NIM / SM-X / HWIC / SPA / PVDM / VIC / cellular)		NIM (Network Interface Modules)	sku ^NIM-						
NIM-2FXSP	2-Port Network Interface Module - FXS, FXS-E and DID	Catalyst 8300	interface	layered	Interface cards (NIM / SM-X / HWIC / SPA / PVDM / VIC / cellular)		NIM (Network Interface Modules)	sku ^NIM-						
NIM-2FXSP/4FXOP	2-port FXS and 4-port FXO NIM	Catalyst 8300	interface	layered	Interface cards (NIM / SM-X / HWIC / SPA / PVDM / VIC / cellular)		NIM (Network Interface Modules)	sku ^NIM-						
NIM-2GE-CU-SFP	2-port GE WAN NIM, dual-mode RJ45 & SFP	4000 ISR	interface	layered	Interface cards (NIM / SM-X / HWIC / SPA / PVDM / VIC / cellular)		NIM (Network Interface Modules)	sku ^NIM-						
NIM-2GE-CU-SFP=	2-port GE WAN NIM, dual-mode RJ45 & SFP	4000 ISR	interface	layered	Interface cards (NIM / SM-X / HWIC / SPA / PVDM / VIC / cellular)		NIM (Network Interface Modules)	sku ^NIM-						
NIM-2MFT-T1/E1	2-port Multi-flex Trunk Voice/Clear-channel Data T1/E1 Module	Catalyst 8300	interface	layered	Interface cards (NIM / SM-X / HWIC / SPA / PVDM / VIC / cellular)		NIM (Network Interface Modules)	sku ^NIM-						
NIM-2T	2-port serial high-speed WAN interface card	Catalyst 8300	interface	layered	Interface cards (NIM / SM-X / HWIC / SPA / PVDM / VIC / cellular)		NIM (Network Interface Modules)	sku ^NIM-						
NIM-2T=	Cisco NIM-2T=	2900 ISR	interface	layered	Interface cards (NIM / SM-X / HWIC / SPA / PVDM / VIC / cellular)		NIM (Network Interface Modules)	sku ^NIM-						
NIM-4B-S/T	Cisco NIM-4B-S/T	Network Modules	interface	layered	Interface cards (NIM / SM-X / HWIC / SPA / PVDM / VIC / cellular)		NIM (Network Interface Modules)	sku ^NIM-						
NIM-4BRI-NT/TE	4-Port BRI Network Interface Module	Catalyst 8300	interface	layered	Interface cards (NIM / SM-X / HWIC / SPA / PVDM / VIC / cellular)		NIM (Network Interface Modules)	sku ^NIM-						
NIM-4BRI-NT/TE=	Cisco NIM-4BRI-NT/TE=	2900 ISR	interface	layered	Interface cards (NIM / SM-X / HWIC / SPA / PVDM / VIC / cellular)		NIM (Network Interface Modules)	sku ^NIM-						
NIM-4BRI-S/T	4-port ISDN BRI WAN interface card for data	Catalyst 8300	interface	layered	Interface cards (NIM / SM-X / HWIC / SPA / PVDM / VIC / cellular)		NIM (Network Interface Modules)	sku ^NIM-						
NIM-4E/M	4-Port E/M Network Interface Module	Catalyst 8300	interface	layered	Interface cards (NIM / SM-X / HWIC / SPA / PVDM / VIC / cellular)		NIM (Network Interface Modules)	sku ^NIM-						
NIM-4E/M=	Cisco NIM-4E/M=	2900 ISR	interface	layered	Interface cards (NIM / SM-X / HWIC / SPA / PVDM / VIC / cellular)		NIM (Network Interface Modules)	sku ^NIM-						
NIM-4FXO	4-port Network Interface Module - FXO (Universal)	Catalyst 8300	interface	layered	Interface cards (NIM / SM-X / HWIC / SPA / PVDM / VIC / cellular)		NIM (Network Interface Modules)	sku ^NIM-						
NIM-4FXS	4-Port Network Interface Module - FXS, FXS-E and DID	4000 ISR	interface	layered	Interface cards (NIM / SM-X / HWIC / SPA / PVDM / VIC / cellular)		NIM (Network Interface Modules)	sku ^NIM-						
NIM-4FXS=	4-Port Network Interface Module - FXS, FXS-E and DID	2900 ISR	interface	layered	Interface cards (NIM / SM-X / HWIC / SPA / PVDM / VIC / cellular)		NIM (Network Interface Modules)	sku ^NIM-						
NIM-4FXSP	4-Port Network Interface Module - FXS, FXS-E and DID	Catalyst 8300	interface	layered	Interface cards (NIM / SM-X / HWIC / SPA / PVDM / VIC / cellular)		NIM (Network Interface Modules)	sku ^NIM-						
NIM-4G-LTE-GA	4G LTE NIM for Global (Europe, Australia & New Zealand)	4000 ISR	cellular	layered	Interface cards (NIM / SM-X / HWIC / SPA / PVDM / VIC / cellular)		NIM (Network Interface Modules)	sku ^NIM-						
NIM-4G-LTE-GA=	4G LTE NIM for Global (Europe, Australia & New Zealand)	4000 ISR	cellular	layered	Interface cards (NIM / SM-X / HWIC / SPA / PVDM / VIC / cellular)		NIM (Network Interface Modules)	sku ^NIM-						
NIM-4G-LTE-LA	4G LTE NIM for LATAM and APAC	4000 ISR	cellular	layered	Interface cards (NIM / SM-X / HWIC / SPA / PVDM / VIC / cellular)		NIM (Network Interface Modules)	sku ^NIM-						
NIM-4G-LTE-LA=	4G LTE NIM for LATAM and APAC	4000 ISR	cellular	layered	Interface cards (NIM / SM-X / HWIC / SPA / PVDM / VIC / cellular)		NIM (Network Interface Modules)	sku ^NIM-						
NIM-4G-LTE-NA	4G LTE NIM for North America AT&T and Canada	4000 ISR	cellular	layered	Interface cards (NIM / SM-X / HWIC / SPA / PVDM / VIC / cellular)		NIM (Network Interface Modules)	sku ^NIM-						
NIM-4G-LTE-NA++=	4G LTE NIM for North America AT&T and Canada TAA compliant	4000 ISR	cellular	layered	Interface cards (NIM / SM-X / HWIC / SPA / PVDM / VIC / cellular)		NIM (Network Interface Modules)	sku ^NIM-						
NIM-4G-LTE-NA=	4G LTE NIM for North America AT&T and Canada	4000 ISR	cellular	layered	Interface cards (NIM / SM-X / HWIC / SPA / PVDM / VIC / cellular)		NIM (Network Interface Modules)	sku ^NIM-						
NIM-4G-LTE-NAPRM	4G LTE NIM for North America AT&T and Canada	4000 ISR	cellular	layered	Interface cards (NIM / SM-X / HWIC / SPA / PVDM / VIC / cellular)		NIM (Network Interface Modules)	sku ^NIM-						
NIM-4G-LTE-ST	4G LTE NIM for Sprint	4000 ISR	cellular	layered	Interface cards (NIM / SM-X / HWIC / SPA / PVDM / VIC / cellular)		NIM (Network Interface Modules)	sku ^NIM-						
NIM-4G-LTE-ST++=	4G LTE NIM for Sprint TAA compliant	4000 ISR	cellular	layered	Interface cards (NIM / SM-X / HWIC / SPA / PVDM / VIC / cellular)		NIM (Network Interface Modules)	sku ^NIM-						
NIM-4G-LTE-ST=	4G LTE NIM for Sprint	4000 ISR	cellular	layered	Interface cards (NIM / SM-X / HWIC / SPA / PVDM / VIC / cellular)		NIM (Network Interface Modules)	sku ^NIM-						
NIM-4G-LTE-STPRM	4G LTE NIM for Sprint	4000 ISR	cellular	layered	Interface cards (NIM / SM-X / HWIC / SPA / PVDM / VIC / cellular)		NIM (Network Interface Modules)	sku ^NIM-						
NIM-4G-LTE-VZ	4G LTE NIM for Verizon	4000 ISR	cellular	layered	Interface cards (NIM / SM-X / HWIC / SPA / PVDM / VIC / cellular)		NIM (Network Interface Modules)	sku ^NIM-						
NIM-4G-LTE-VZ++=	4G LTE NIM for Verizon TAA compliant	4000 ISR	cellular	layered	Interface cards (NIM / SM-X / HWIC / SPA / PVDM / VIC / cellular)		NIM (Network Interface Modules)	sku ^NIM-						
NIM-4G-LTE-VZ=	4G LTE NIM for Verizon	4000 ISR	cellular	layered	Interface cards (NIM / SM-X / HWIC / SPA / PVDM / VIC / cellular)		NIM (Network Interface Modules)	sku ^NIM-						
NIM-4G-LTE-VZPRM	4G LTE NIM for Verizon	4000 ISR	cellular	layered	Interface cards (NIM / SM-X / HWIC / SPA / PVDM / VIC / cellular)		NIM (Network Interface Modules)	sku ^NIM-						
NIM-4MFT-T1/E1	4-port Multi-flex Trunk Voice/Clear-channel Data T1/E1 Module	Catalyst 8300	interface	layered	Interface cards (NIM / SM-X / HWIC / SPA / PVDM / VIC / cellular)		NIM (Network Interface Modules)	sku ^NIM-						
NIM-4MFT-T1/E1=	Cisco NIM-4MFT-T1/E1=	2900 ISR	interface	layered	Interface cards (NIM / SM-X / HWIC / SPA / PVDM / VIC / cellular)		NIM (Network Interface Modules)	sku ^NIM-						
NIM-4SHDSL-EA	NIM with multimode 4 pair G.SHDSL EFM and ATM	Catalyst 8300	interface	layered	Interface cards (NIM / SM-X / HWIC / SPA / PVDM / VIC / cellular)		NIM (Network Interface Modules)	sku ^NIM-						
NIM-4SHDSL-EA=	NIM with multimode 4 pair G.SHDSL EFM and ATM	Network Modules	interface	layered	Interface cards (NIM / SM-X / HWIC / SPA / PVDM / VIC / cellular)		NIM (Network Interface Modules)	sku ^NIM-						
NIM-4T	4-port serial high-speed WAN interface card	Catalyst 8300	interface	layered	Interface cards (NIM / SM-X / HWIC / SPA / PVDM / VIC / cellular)		NIM (Network Interface Modules)	sku ^NIM-						
NIM-4T=	Cisco NIM-4T=	2900 ISR	interface	layered	Interface cards (NIM / SM-X / HWIC / SPA / PVDM / VIC / cellular)		NIM (Network Interface Modules)	sku ^NIM-						
NIM-8CE1T1-PRI	8-port Multiflex trunk voice/channelized data T1/E1 module	Catalyst 8300	interface	layered	Interface cards (NIM / SM-X / HWIC / SPA / PVDM / VIC / cellular)		NIM (Network Interface Modules)	sku ^NIM-						
NIM-8CE1T1-PRI=	Cisco NIM-8CE1T1-PRI=	2900 ISR	interface	layered	Interface cards (NIM / SM-X / HWIC / SPA / PVDM / VIC / cellular)		NIM (Network Interface Modules)	sku ^NIM-						
NIM-8MFT-T1/E1	8-port Multi-flex Trunk Voice/Clear-channel Data T1/E1 Module	Catalyst 8300	interface	layered	Interface cards (NIM / SM-X / HWIC / SPA / PVDM / VIC / cellular)		NIM (Network Interface Modules)	sku ^NIM-						
NIM-ES2-4	4-port Layer 2 GE Switch Network Interface Module	Catalyst 8300	interface	layered	Interface cards (NIM / SM-X / HWIC / SPA / PVDM / VIC / cellular)		NIM (Network Interface Modules)	sku ^NIM-						
NIM-ES2-4=	4-port Layer 2 GE Switch Network Interface Module	4000 ISR	interface	layered	Interface cards (NIM / SM-X / HWIC / SPA / PVDM / VIC / cellular)		NIM (Network Interface Modules)	sku ^NIM-						
NIM-ES2-8	8-port Layer 2 GE Switch Network Interface Module	Catalyst 8300	interface	layered	Interface cards (NIM / SM-X / HWIC / SPA / PVDM / VIC / cellular)		NIM (Network Interface Modules)	sku ^NIM-						
NIM-ES2-8-P	Cisco 8-port Gigabit Ethernet LAN switch NIM with PoE support	Catalyst 8300	interface	layered	Interface cards (NIM / SM-X / HWIC / SPA / PVDM / VIC / cellular)		NIM (Network Interface Modules)	sku ^NIM-						
NIM-ES2-8-P=	8-port POE/POE+ Layer 2 GE Switch Network Interface Module	4000 ISR	interface	layered	Interface cards (NIM / SM-X / HWIC / SPA / PVDM / VIC / cellular)		NIM (Network Interface Modules)	sku ^NIM-						
NIM-ES2-8=	8-port Layer 2 GE Switch Network Interface Module	4000 ISR	interface	layered	Interface cards (NIM / SM-X / HWIC / SPA / PVDM / VIC / cellular)		NIM (Network Interface Modules)	sku ^NIM-						
NIM-LTEA-EA	CAT6 LTE Advanced NIM for Europe and North America	Catalyst 8300	cellular	layered	Interface cards (NIM / SM-X / HWIC / SPA / PVDM / VIC / cellular)		NIM (Network Interface Modules)	sku ^NIM-						
NIM-LTEA-EA-PM20	CAT6 LTE Advanced NIM for EU & North America Promotional SKU	4000 ISR	cellular	layered	Interface cards (NIM / SM-X / HWIC / SPA / PVDM / VIC / cellular)		NIM (Network Interface Modules)	sku ^NIM-						
NIM-LTEA-EA=	CAT6 LTE Advanced NIM for Europe and North America	Network Modules	cellular	layered	Interface cards (NIM / SM-X / HWIC / SPA / PVDM / VIC / cellular)		NIM (Network Interface Modules)	sku ^NIM-						
NIM-LTEA-LA	LTE Advanced for Asia Pacific, Australia, and LATAM	Catalyst 8300	cellular	layered	Interface cards (NIM / SM-X / HWIC / SPA / PVDM / VIC / cellular)		NIM (Network Interface Modules)	sku ^NIM-						
NIM-LTEA-LA=	CAT6 LTE Advanced NIM for LATAM and APAC	Network Modules	cellular	layered	Interface cards (NIM / SM-X / HWIC / SPA / PVDM / VIC / cellular)		NIM (Network Interface Modules)	sku ^NIM-						
NIM-PVDM-128	128-channel Voice DSP NIM Module	Catalyst 8300	interface	layered	Interface cards (NIM / SM-X / HWIC / SPA / PVDM / VIC / cellular)		NIM (Network Interface Modules)	sku ^NIM-						
NIM-PVDM-256	256-channel Voice DSP NIM Module	Catalyst 8300	interface	layered	Interface cards (NIM / SM-X / HWIC / SPA / PVDM / VIC / cellular)		NIM (Network Interface Modules)	sku ^NIM-						
NIM-PVDM-32	32-channel Voice DSP NIM Module	Catalyst 8300	interface	layered	Interface cards (NIM / SM-X / HWIC / SPA / PVDM / VIC / cellular)		NIM (Network Interface Modules)	sku ^NIM-						
NIM-PVDM-64	64-channel Voice DSP NIM Module	Catalyst 8300	interface	layered	Interface cards (NIM / SM-X / HWIC / SPA / PVDM / VIC / cellular)		NIM (Network Interface Modules)	sku ^NIM-						
NIM-SSD	NIM Carrier Card for SSD Drives	4000 ISR	interface	layered	Interface cards (NIM / SM-X / HWIC / SPA / PVDM / VIC / cellular)		NIM (Network Interface Modules)	sku ^NIM-						
NIM-SSD=	NIM Carrier Card for SSD Drives, Spare	4000 ISR	interface	layered	Interface cards (NIM / SM-X / HWIC / SPA / PVDM / VIC / cellular)		NIM (Network Interface Modules)	sku ^NIM-						
NIM-VA-B	1-port VDSL2/ADSL2+ NIM over ISDN with Annex B/J	Catalyst 8300	interface	layered	Interface cards (NIM / SM-X / HWIC / SPA / PVDM / VIC / cellular)		NIM (Network Interface Modules)	sku ^NIM-						
NIM-VA-B=	1-port VDSL2/ADSL2+ NIM over ISDN with Annex B/J spare	4000 ISR	interface	layered	Interface cards (NIM / SM-X / HWIC / SPA / PVDM / VIC / cellular)		NIM (Network Interface Modules)	sku ^NIM-						
NIM-VAB-A	1-port VDSL2/ADSL2+ NIM over POTS with Annex A	Catalyst 8300	interface	layered	Interface cards (NIM / SM-X / HWIC / SPA / PVDM / VIC / cellular)		NIM (Network Interface Modules)	sku ^NIM-						
NIM-VAB-A=	1-port VDSL2/ADSL2+ NIM over POTS with Annex A spare	4000 ISR	interface	layered	Interface cards (NIM / SM-X / HWIC / SPA / PVDM / VIC / cellular)		NIM (Network Interface Modules)	sku ^NIM-						
NIM-VAB-M	1-port VDSL2/ADSL2+ NIM over POTS with Annex M	Catalyst 8300	interface	layered	Interface cards (NIM / SM-X / HWIC / SPA / PVDM / VIC / cellular)		NIM (Network Interface Modules)	sku ^NIM-						
NIM-VAB-M=	1-port VDSL2/ADSL2+ NIM over POTS with Annex M spare	4000 ISR	interface	layered	Interface cards (NIM / SM-X / HWIC / SPA / PVDM / VIC / cellular)		NIM (Network Interface Modules)	sku ^NIM-						
NM-16ESW	1 16 port 10/100 EtherSwitch NM	Network Modules	interface	layered	Interface cards (NIM / SM-X / HWIC / SPA / PVDM / VIC / cellular)		NM / NME Network Modules	sku ^NMD?E?-						
NM-16ESW-1GIG	1 16 port 10/100 EtherSwitch NM with 1 GE (1000BaseT) port	Network Modules	interface	layered	Interface cards (NIM / SM-X / HWIC / SPA / PVDM / VIC / cellular)		NM / NME Network Modules	sku ^NMD?E?-						
NM-16ESW-1GIG=	1 16 port 10/100 EtherSwitch NM + 1 Gig Port	Network Modules	interface	layered	Interface cards (NIM / SM-X / HWIC / SPA / PVDM / VIC / cellular)		NM / NME Network Modules	sku ^NMD?E?-						
NM-16ESW=	1 16 port 10/100 EtherSwitch NM	Network Modules	interface	layered	Interface cards (NIM / SM-X / HWIC / SPA / PVDM / VIC / cellular)		NM / NME Network Modules	sku ^NMD?E?-						
NM-1A-OC3-POM	ATM OC3 module with single POM (SFP) slot	Network Modules	interface	layered	Interface cards (NIM / SM-X / HWIC / SPA / PVDM / VIC / cellular)		NM / NME Network Modules	sku ^NMD?E?-						
NM-1A-OC3-POM=	ATM OC3 module with single POM (SFP) slot	800	interface	layered	Interface cards (NIM / SM-X / HWIC / SPA / PVDM / VIC / cellular)		NM / NME Network Modules	sku ^NMD?E?-						
NM-1A-T3/E3	1-Port T3/E3 ATM network Module	800	interface	layered	Interface cards (NIM / SM-X / HWIC / SPA / PVDM / VIC / cellular)		NM / NME Network Modules	sku ^NMD?E?-						
NM-1A-T3/E3=	1-Port T3/E3 ATM network Module	800	interface	layered	Interface cards (NIM / SM-X / HWIC / SPA / PVDM / VIC / cellular)		NM / NME Network Modules	sku ^NMD?E?-						
NM-1CE1T1-PRI	1-Port Channelized E1/T1/ISDN-PRI Network Module	Network Modules	interface	layered	Interface cards (NIM / SM-X / HWIC / SPA / PVDM / VIC / cellular)		NM / NME Network Modules	sku ^NMD?E?-						
NM-1FE-FX-V2	1-Port Fast Ethernet Network Module, FX Only	Network Modules	interface	layered	Interface cards (NIM / SM-X / HWIC / SPA / PVDM / VIC / cellular)		NM / NME Network Modules	sku ^NMD?E?-						
NM-1FE-FX-V2=	1-Port Fast Ethernet Network Module, FX Only	Network Modules	interface	layered	Interface cards (NIM / SM-X / HWIC / SPA / PVDM / VIC / cellular)		NM / NME Network Modules	sku ^NMD?E?-						
NM-1GE	One-port Cisco Gigabit Ethernet Network Module	Network Modules	interface	layered	Interface cards (NIM / SM-X / HWIC / SPA / PVDM / VIC / cellular)		NM / NME Network Modules	sku ^NMD?E?-						
NM-1T3/E3	One-port clear-channel T3/E3 network module	Network Modules	interface	layered	Interface cards (NIM / SM-X / HWIC / SPA / PVDM / VIC / cellular)		NM / NME Network Modules	sku ^NMD?E?-						
NM-1T3/E3=	One port T3/E3 network module	3900 Series Integrated Services Routers ISR	interface	layered	Interface cards (NIM / SM-X / HWIC / SPA / PVDM / VIC / cellular)		NM / NME Network Modules	sku ^NMD?E?-						
NM-1V/2V	Cisco NM-1V/2V	2900 ISR	interface	layered	Interface cards (NIM / SM-X / HWIC / SPA / PVDM / VIC / cellular)		NM / NME Network Modules	sku ^NMD?E?-						
NM-1VSAT-GILAT	Cisco IP VSAT Satellite WAN Network Module	Network Modules	interface	layered	Interface cards (NIM / SM-X / HWIC / SPA / PVDM / VIC / cellular)		NM / NME Network Modules	sku ^NMD?E?-						
NM-1VSAT-GILAT=	Cisco IP VSAT Satellite WAN Network Module (spare)	Network Modules	interface	layered	Interface cards (NIM / SM-X / HWIC / SPA / PVDM / VIC / cellular)		NM / NME Network Modules	sku ^NMD?E?-						
NM-2CE1T1-PRI	2-Port Channelized E1/T1/ISDN-PRI Network Module	Network Modules	interface	layered	Interface cards (NIM / SM-X / HWIC / SPA / PVDM / VIC / cellular)		NM / NME Network Modules	sku ^NMD?E?-						
NM-8B-S/T	Cisco NM-8B-S/T	Port Adapters	interface	layered	Interface cards (NIM / SM-X / HWIC / SPA / PVDM / VIC / cellular)		NM / NME Network Modules	sku ^NMD?E?-						
NM-8B-S/T=	Cisco NM-8B-S/T=	Port Adapters	interface	layered	Interface cards (NIM / SM-X / HWIC / SPA / PVDM / VIC / cellular)		NM / NME Network Modules	sku ^NMD?E?-						
NM-8CE1T1-PRI	8 Port Channelized T1/E1 and ISDN PRI Network Module	High-Speed WAN Interface Cards	interface	layered	Interface cards (NIM / SM-X / HWIC / SPA / PVDM / VIC / cellular)		NM / NME Network Modules	sku ^NMD?E?-						
NM-8CE1T1-PRI=	8 port channelized T1/E1 and PRI network module	2900 ISR	interface	layered	Interface cards (NIM / SM-X / HWIC / SPA / PVDM / VIC / cellular)		NM / NME Network Modules	sku ^NMD?E?-						
NM-HDA	Cisco NM-HDA	2900 ISR	interface	layered	Interface cards (NIM / SM-X / HWIC / SPA / PVDM / VIC / cellular)		NM / NME Network Modules	sku ^NMD?E?-						
NM-HDV	High Density Voice/Fax Network Module	2900 ISR	interface	layered	Interface cards (NIM / SM-X / HWIC / SPA / PVDM / VIC / cellular)		NM / NME Network Modules	sku ^NMD?E?-						
NM-HDV-	High Density Voice Network Module	Network Modules	interface	layered	Interface cards (NIM / SM-X / HWIC / SPA / PVDM / VIC / cellular)		NM / NME Network Modules	sku ^NMD?E?-						
NM-HDV-1E1-12	Single-Port 12 Channel E1 Voice/Fax Network Module	Network Modules	interface	layered	Interface cards (NIM / SM-X / HWIC / SPA / PVDM / VIC / cellular)		NM / NME Network Modules	sku ^NMD?E?-						
NM-HDV-1E1-12=	Single-Port 12 Channel E1 Voice/Fax Network Module Spare	Network Modules	interface	layered	Interface cards (NIM / SM-X / HWIC / SPA / PVDM / VIC / cellular)		NM / NME Network Modules	sku ^NMD?E?-						
NM-HDV-1E1-30	Single-Port 30 Channel E1 Voice/Fax Network Module	Network Modules	interface	layered	Interface cards (NIM / SM-X / HWIC / SPA / PVDM / VIC / cellular)		NM / NME Network Modules	sku ^NMD?E?-						
NM-HDV-1E1-30=	Single-Port 30 Channel E1 Voice/Fax Network Module Spare	Network Modules	interface	layered	Interface cards (NIM / SM-X / HWIC / SPA / PVDM / VIC / cellular)		NM / NME Network Modules	sku ^NMD?E?-						
NM-HDV-1E1-30E	Single-Port 30 Enhanced Channel E1 Voice/Fax Network Module	Network Modules	interface	layered	Interface cards (NIM / SM-X / HWIC / SPA / PVDM / VIC / cellular)		NM / NME Network Modules	sku ^NMD?E?-						
NM-HDV-1E1-30E=	Single-Port 30 Enhanced Channel E1 Voice/Fax Network Module Spare	Network Modules	interface	layered	Interface cards (NIM / SM-X / HWIC / SPA / PVDM / VIC / cellular)		NM / NME Network Modules	sku ^NMD?E?-						
NM-HDV-1J1-30	Single-Port 30 Channel J1 Voice/Fax Network Module	Network Modules	interface	layered	Interface cards (NIM / SM-X / HWIC / SPA / PVDM / VIC / cellular)		NM / NME Network Modules	sku ^NMD?E?-						
NM-HDV-1J1-30=	Single-Port 30 Channel J1 Voice/Fax Network Module Spare	Network Modules	interface	layered	Interface cards (NIM / SM-X / HWIC / SPA / PVDM / VIC / cellular)		NM / NME Network Modules	sku ^NMD?E?-						
NM-HDV-1J1-30E	Single-Port 30 Enhanced Channel J1 Voice/Fax Network Module	Network Modules	interface	layered	Interface cards (NIM / SM-X / HWIC / SPA / PVDM / VIC / cellular)		NM / NME Network Modules	sku ^NMD?E?-						
NM-HDV-1J1-30E=	Single-Port 30 Enhanced Channel J1 Voice/Fax Network Module	Network Modules	interface	layered	Interface cards (NIM / SM-X / HWIC / SPA / PVDM / VIC / cellular)		NM / NME Network Modules	sku ^NMD?E?-						
NM-HDV-1T1-12	Single-Port 12 Channel T1 Voice/Fax Network Module	Network Modules	interface	layered	Interface cards (NIM / SM-X / HWIC / SPA / PVDM / VIC / cellular)		NM / NME Network Modules	sku ^NMD?E?-						
NM-HDV-1T1-12=	Single-Port 12 Channel T1 Voice/Fax Network Module Spare	Network Modules	interface	layered	Interface cards (NIM / SM-X / HWIC / SPA / PVDM / VIC / cellular)		NM / NME Network Modules	sku ^NMD?E?-						
NM-HDV-1T1-24	Single-Port 24 Channel T1 Voice/Fax Network Module	Network Modules	interface	layered	Interface cards (NIM / SM-X / HWIC / SPA / PVDM / VIC / cellular)		NM / NME Network Modules	sku ^NMD?E?-						
NM-HDV-1T1-24=	Single-Port 24 Channel T1 Voice/Fax Network Module Spare	Network Modules	interface	layered	Interface cards (NIM / SM-X / HWIC / SPA / PVDM / VIC / cellular)		NM / NME Network Modules	sku ^NMD?E?-						
NM-HDV-1T1-24E	Single-Port 24 Enhanced Channel T1 Voice/Fax Network Module	Network Modules	interface	layered	Interface cards (NIM / SM-X / HWIC / SPA / PVDM / VIC / cellular)		NM / NME Network Modules	sku ^NMD?E?-						
NM-HDV-1T1-24E=	Single-Port 24 Enhanced Channel T1 Voice/Fax Network Module Spare	Network Modules	interface	layered	Interface cards (NIM / SM-X / HWIC / SPA / PVDM / VIC / cellular)		NM / NME Network Modules	sku ^NMD?E?-						
NM-HDV-2E1-60	Dual-Port 60 Channel E1 Voice/Fax Network Module	Network Modules	interface	layered	Interface cards (NIM / SM-X / HWIC / SPA / PVDM / VIC / cellular)		NM / NME Network Modules	sku ^NMD?E?-						
NM-HDV-2E1-60=	Dual-Port 60 Channel E1 Voice/Fax Network Module Spare	Network Modules	interface	layered	Interface cards (NIM / SM-X / HWIC / SPA / PVDM / VIC / cellular)		NM / NME Network Modules	sku ^NMD?E?-						
NM-HDV-2T1-48	Dual-Port 48 Channel T1 Voice/Fax Network Module	Network Modules	interface	layered	Interface cards (NIM / SM-X / HWIC / SPA / PVDM / VIC / cellular)		NM / NME Network Modules	sku ^NMD?E?-						
NM-HDV-2T1-48=	Dual-Port 48 Channel T1 Voice/Fax Network Module Spare	Network Modules	interface	layered	Interface cards (NIM / SM-X / HWIC / SPA / PVDM / VIC / cellular)		NM / NME Network Modules	sku ^NMD?E?-						
NM-HDV-FARM-C36	Network Module 36 Port DSP Farm Bundle	Network Modules	module	layered	Interface cards (NIM / SM-X / HWIC / SPA / PVDM / VIC / cellular)		NM / NME Network Modules	sku ^NMD?E?-						
NM-HDV-FARM-C36=	Network Module 36 Port DSP Farm Bundle Spare	Network Modules	module	layered	Interface cards (NIM / SM-X / HWIC / SPA / PVDM / VIC / cellular)		NM / NME Network Modules	sku ^NMD?E?-						
NM-HDV-FARM-C54	Network Module 54 Port DSP Farm Bundle	Network Modules	module	layered	Interface cards (NIM / SM-X / HWIC / SPA / PVDM / VIC / cellular)		NM / NME Network Modules	sku ^NMD?E?-						
NM-HDV-FARM-C54=	Network Module 54 Port DSP Farm Bundle Spare	Network Modules	module	layered	Interface cards (NIM / SM-X / HWIC / SPA / PVDM / VIC / cellular)		NM / NME Network Modules	sku ^NMD?E?-						
NM-HDV-FARM-C90	Network Module 90 Port DSP Farm Bundle	Network Modules	module	layered	Interface cards (NIM / SM-X / HWIC / SPA / PVDM / VIC / cellular)		NM / NME Network Modules	sku ^NMD?E?-						
NM-HDV-FARM-C90=	Network Module 90 Port DSP Farm Bundle Spare	Network Modules	module	layered	Interface cards (NIM / SM-X / HWIC / SPA / PVDM / VIC / cellular)		NM / NME Network Modules	sku ^NMD?E?-						
NM-HDV2	Cisco NM-HDV2	2900 ISR	interface	layered	Interface cards (NIM / SM-X / HWIC / SPA / PVDM / VIC / cellular)		NM / NME Network Modules	sku ^NMD?E?-						
NM-HDV2-1T1/E1	Cisco NM-HDV2-1T1/E1	2900 ISR	interface	layered	Interface cards (NIM / SM-X / HWIC / SPA / PVDM / VIC / cellular)		NM / NME Network Modules	sku ^NMD?E?-						
NM-HDV2-1T1/E1=	Cisco NM-HDV2-1T1/E1=	Network Modules	interface	layered	Interface cards (NIM / SM-X / HWIC / SPA / PVDM / VIC / cellular)		NM / NME Network Modules	sku ^NMD?E?-						
NM-HDV2-2T1/E1	Cisco NM-HDV2-2T1/E1	2900 ISR	interface	layered	Interface cards (NIM / SM-X / HWIC / SPA / PVDM / VIC / cellular)		NM / NME Network Modules	sku ^NMD?E?-						
NM-HDV2=	Cisco NM-HDV2=	Network Modules	interface	layered	Interface cards (NIM / SM-X / HWIC / SPA / PVDM / VIC / cellular)		NM / NME Network Modules	sku ^NMD?E?-						
NM-HDV=	High Density Voice/Fax Network Module Spare	Network Modules	interface	layered	Interface cards (NIM / SM-X / HWIC / SPA / PVDM / VIC / cellular)		NM / NME Network Modules	sku ^NMD?E?-						
NMD-36-ESW	1 36 port 10/100 EtherSwitch High Density Service Module	Network Modules	interface	layered	Interface cards (NIM / SM-X / HWIC / SPA / PVDM / VIC / cellular)		NM / NME Network Modules	sku ^NMD?E?-						
NMD-36-ESW-2GIG	1 36 port 10/100 EtherSwitch NM + 2 Gig Port	Network Modules	interface	layered	Interface cards (NIM / SM-X / HWIC / SPA / PVDM / VIC / cellular)		NM / NME Network Modules	sku ^NMD?E?-						
NMD-36-ESW-2GIG=	1 36 port 10/100 EtherSwitch NM + 2 Gig Port	Network Modules	interface	layered	Interface cards (NIM / SM-X / HWIC / SPA / PVDM / VIC / cellular)		NM / NME Network Modules	sku ^NMD?E?-						
NMD-36-ESW-PWR	1 36 port 10/100 EtherSwitch NM+PWR Card -opt GE	Network Modules	interface	layered	Interface cards (NIM / SM-X / HWIC / SPA / PVDM / VIC / cellular)		NM / NME Network Modules	sku ^NMD?E?-						
NMD-36-ESW-PWR-2G	1 36 port 10/100 EtherSwitch NM+PWR+2 Gig Port	Network Modules	interface	layered	Interface cards (NIM / SM-X / HWIC / SPA / PVDM / VIC / cellular)		NM / NME Network Modules	sku ^NMD?E?-						
NMD-36-ESW-PWR-2G=	1 36 port 10/100 EtherSwitch NM+PWR+2 Gig Port	Network Modules	interface	layered	Interface cards (NIM / SM-X / HWIC / SPA / PVDM / VIC / cellular)		NM / NME Network Modules	sku ^NMD?E?-						
NMD-36-ESW-PWR=	1 36 port 10/100 EtherSwitch NM+PWR Card-opt GE	Network Modules	interface	layered	Interface cards (NIM / SM-X / HWIC / SPA / PVDM / VIC / cellular)		NM / NME Network Modules	sku ^NMD?E?-						
NMD-36-ESW=	1 36 port 10/100 EtherSwitch D-wide NM-opt GE +Line Power	Network Modules	interface	layered	Interface cards (NIM / SM-X / HWIC / SPA / PVDM / VIC / cellular)		NM / NME Network Modules	sku ^NMD?E?-						
NME-RVPN-G2=	ISR G2 Bundle for Russian VPN and NM-SM-ADPTR	800	module	layered	Interface cards (NIM / SM-X / HWIC / SPA / PVDM / VIC / cellular)		NM / NME Network Modules	sku ^NMD?E?-						
NME-RVPN-SEC1-G2=	Module for loading Russian VPN sofware security level 1	2900 ISR	module	layered	Interface cards (NIM / SM-X / HWIC / SPA / PVDM / VIC / cellular)		NM / NME Network Modules	sku ^NMD?E?-						
NME-RVPN-SEC2-G2=	Module for loading Russian VPN sofware security level 2	2900 ISR	module	layered	Interface cards (NIM / SM-X / HWIC / SPA / PVDM / VIC / cellular)		NM / NME Network Modules	sku ^NMD?E?-						
NSLT-A	Cisco NSLT-A	High-Speed WAN Interface Cards	unknown	pending_plan								class non_product		
OC48E/POS-LR-FC-B	1 Port OC-48c/STM-16c SONET/SDH 1550nm LR with FC	Line cards	interface	layered	Router and switch line cards (legacy)		Cisco 12000 / XR 12000 SIP and line cards	sku ^OC48E						
OC48E/POS-LR-FC-B=	1 Port OC-48c/STM-16c SONET/SDH 1550nm LR with FC	Line cards	interface	layered	Router and switch line cards (legacy)		Cisco 12000 / XR 12000 SIP and line cards	sku ^OC48E						
OC48E/POS-SR-FC-B	1 Port OC-48c/STM-16c SONET/SDH 1310nm SR with FC, GSR	Line cards	interface	layered	Router and switch line cards (legacy)		Cisco 12000 / XR 12000 SIP and line cards	sku ^OC48E						
OC48E/POS-SR-FC-B=	1 Port OC-48c/STM-16c SONET/SDH 1310nm SR with FC, GSR	Line cards	interface	layered	Router and switch line cards (legacy)		Cisco 12000 / XR 12000 SIP and line cards	sku ^OC48E						
ONS-BRK-CS-16LC=	16-chs Colorless Flex-spectrum Mux/Dmx - LCs to CS connector	Transceiver Modules	mux	pending_plan								move optical-networking		
ONS-BRK-CS-8LC=	8-chs Colorless Flex-spectrum Mux/Dmx - LCs to CS connector	Transceiver Modules	mux	pending_plan								move optical-networking		
ONS-CAB-CS-LC-5=	Duplex optical patchcord, LC to CS connectors, 5m	Transceiver Modules	cable	pending_plan								move optical-networking		
ONS-QDD-OLS=	QSFP-DD Open Line System, Pre and Bst EDFA, 2.4 THz C-Band	Transceiver Modules	optic	pending_plan								move optical-networking		
P-1T	High Speed Serial Pluggable LATAM and India	Network Modules	interface	layered	Interface cards (NIM / SM-X / HWIC / SPA / PVDM / VIC / cellular)		Pluggable Interface Modules (LTE / 5G / serial)	sku ^P-[0-9]+T						
P-1T=	High Speed Serial Pluggable LATAM and India	Network Modules	interface	layered	Interface cards (NIM / SM-X / HWIC / SPA / PVDM / VIC / cellular)		Pluggable Interface Modules (LTE / 5G / serial)	sku ^P-[0-9]+T						
P-5GS6-GL	5G Sub-6 pluggable interface module (PIM)	1000	cellular	layered	Interface cards (NIM / SM-X / HWIC / SPA / PVDM / VIC / cellular)		Pluggable Interface Modules (LTE / 5G / serial)	sku ^P-(LTE|5G)						
P-5GS6-GL=	5G Sub-6 pluggable interface module (PIM)	1000	cellular	layered	Interface cards (NIM / SM-X / HWIC / SPA / PVDM / VIC / cellular)		Pluggable Interface Modules (LTE / 5G / serial)	sku ^P-(LTE|5G)						
P-5GS6-R16-SA	Cisco P-5GS6-R16-SA	1000	cellular	layered	Interface cards (NIM / SM-X / HWIC / SPA / PVDM / VIC / cellular)		Pluggable Interface Modules (LTE / 5G / serial)	sku ^P-(LTE|5G)						
P-5GS6-R16SA-GL	5G Sub-6 GHz Pluggable – 5G SA Global	Catalyst 8300 Series Edge uCPE	cellular	layered	Interface cards (NIM / SM-X / HWIC / SPA / PVDM / VIC / cellular)		Pluggable Interface Modules (LTE / 5G / serial)	sku ^P-(LTE|5G)						
P-5GS6-R16SA-GL=	Cisco P-5GS6-R16SA-GL=	1000	cellular	layered	Interface cards (NIM / SM-X / HWIC / SPA / PVDM / VIC / cellular)		Pluggable Interface Modules (LTE / 5G / serial)	sku ^P-(LTE|5G)						
P-LTE-GB	Cisco P-LTE-GB	1000	cellular	layered	Interface cards (NIM / SM-X / HWIC / SPA / PVDM / VIC / cellular)		Pluggable Interface Modules (LTE / 5G / serial)	sku ^P-(LTE|5G)						
P-LTE-IN	CAT4 LTE Pluggable India & China	1000	cellular	layered	Interface cards (NIM / SM-X / HWIC / SPA / PVDM / VIC / cellular)		Pluggable Interface Modules (LTE / 5G / serial)	sku ^P-(LTE|5G)						
P-LTE-IN=	CAT4 LTE Pluggable India & China	1000	cellular	layered	Interface cards (NIM / SM-X / HWIC / SPA / PVDM / VIC / cellular)		Pluggable Interface Modules (LTE / 5G / serial)	sku ^P-(LTE|5G)						
P-LTE-JN	CAT4 LTE Pluggable Japan	8100 Series Secure	cellular	layered	Interface cards (NIM / SM-X / HWIC / SPA / PVDM / VIC / cellular)		Pluggable Interface Modules (LTE / 5G / serial)	sku ^P-(LTE|5G)						
P-LTE-JN=	CAT4 LTE Pluggable Japan	1000	cellular	layered	Interface cards (NIM / SM-X / HWIC / SPA / PVDM / VIC / cellular)		Pluggable Interface Modules (LTE / 5G / serial)	sku ^P-(LTE|5G)						
P-LTE-MNA	Multi-carrier band-14 CAT4 LTE Pluggable for North America	1000	cellular	layered	Interface cards (NIM / SM-X / HWIC / SPA / PVDM / VIC / cellular)		Pluggable Interface Modules (LTE / 5G / serial)	sku ^P-(LTE|5G)						
P-LTE-MNA=	Multi-carrier band-14 CAT4 LTE Pluggable for North America	1000	cellular	layered	Interface cards (NIM / SM-X / HWIC / SPA / PVDM / VIC / cellular)		Pluggable Interface Modules (LTE / 5G / serial)	sku ^P-(LTE|5G)						
P-LTE-US	CAT4 LTE Pluggable United States	1000	cellular	layered	Interface cards (NIM / SM-X / HWIC / SPA / PVDM / VIC / cellular)		Pluggable Interface Modules (LTE / 5G / serial)	sku ^P-(LTE|5G)						
P-LTE-US=	CAT4 LTE Pluggable United States	1000	cellular	layered	Interface cards (NIM / SM-X / HWIC / SPA / PVDM / VIC / cellular)		Pluggable Interface Modules (LTE / 5G / serial)	sku ^P-(LTE|5G)						
P-LTE-VZ	CAT4 LTE Pluggable Verizon	1000	cellular	layered	Interface cards (NIM / SM-X / HWIC / SPA / PVDM / VIC / cellular)		Pluggable Interface Modules (LTE / 5G / serial)	sku ^P-(LTE|5G)						
P-LTE-VZ=	CAT4 LTE Pluggable Verizon	1000	cellular	layered	Interface cards (NIM / SM-X / HWIC / SPA / PVDM / VIC / cellular)		Pluggable Interface Modules (LTE / 5G / serial)	sku ^P-(LTE|5G)						
P-LTEA-EA	System and spare CAT6 LTE Advanced Pluggable for North America and Europe	1000	cellular	layered	Interface cards (NIM / SM-X / HWIC / SPA / PVDM / VIC / cellular)		Pluggable Interface Modules (LTE / 5G / serial)	sku ^P-(LTE|5G)						
P-LTEA-LA	System and spare CAT6 LTE Advanced Pluggable for APAC, ANZ, and LATAM	1000	cellular	layered	Interface cards (NIM / SM-X / HWIC / SPA / PVDM / VIC / cellular)		Pluggable Interface Modules (LTE / 5G / serial)	sku ^P-(LTE|5G)						
P-LTEA7-EAL	System and spare CAT7 LTE advanced pluggable for EMEA, APAC and Latin America	1000	cellular	layered	Interface cards (NIM / SM-X / HWIC / SPA / PVDM / VIC / cellular)		Pluggable Interface Modules (LTE / 5G / serial)	sku ^P-(LTE|5G)						
P-LTEA7-EAL=	Cisco P-LTEA7-EAL=	1000	cellular	layered	Interface cards (NIM / SM-X / HWIC / SPA / PVDM / VIC / cellular)		Pluggable Interface Modules (LTE / 5G / serial)	sku ^P-(LTE|5G)						
P-LTEA7-IN	CAT 7 LTE PIM for India	Catalyst 8300 Series Edge uCPE	cellular	layered	Interface cards (NIM / SM-X / HWIC / SPA / PVDM / VIC / cellular)		Pluggable Interface Modules (LTE / 5G / serial)	sku ^P-(LTE|5G)						
P-LTEA7-JP	System and spare CAT7 LTE advanced pluggable for Japan	1000	cellular	layered	Interface cards (NIM / SM-X / HWIC / SPA / PVDM / VIC / cellular)		Pluggable Interface Modules (LTE / 5G / serial)	sku ^P-(LTE|5G)						
P-LTEA7-JP=	Cisco P-LTEA7-JP=	1000	cellular	layered	Interface cards (NIM / SM-X / HWIC / SPA / PVDM / VIC / cellular)		Pluggable Interface Modules (LTE / 5G / serial)	sku ^P-(LTE|5G)						
P-LTEA7-NA	System and spare CAT7 LTE advanced pluggable for North America	1000	cellular	layered	Interface cards (NIM / SM-X / HWIC / SPA / PVDM / VIC / cellular)		Pluggable Interface Modules (LTE / 5G / serial)	sku ^P-(LTE|5G)						
P-LTEAP18-GL	System and spare CAT18 LTE Advanced Pluggable Global	1000	cellular	layered	Interface cards (NIM / SM-X / HWIC / SPA / PVDM / VIC / cellular)		Pluggable Interface Modules (LTE / 5G / serial)	sku ^P-(LTE|5G)						
PA-2E3	2 Port E3 Serial Port Adapter with E3 DSUs	Port Adapters	interface	layered	Interface cards (NIM / SM-X / HWIC / SPA / PVDM / VIC / cellular)		PA Port Adapters (7200 / 7500 VIP)	sku ^PA-						
PA-2E3=	2 Port E3 Serial Port Adapter with E3 DSUs	Port Adapters	interface	layered	Interface cards (NIM / SM-X / HWIC / SPA / PVDM / VIC / cellular)		PA Port Adapters (7200 / 7500 VIP)	sku ^PA-						
PA-2FE-FX	2-Port Fast Ethernet 100Base FX Port Adapter	Port Adapters	interface	layered	Interface cards (NIM / SM-X / HWIC / SPA / PVDM / VIC / cellular)		PA Port Adapters (7200 / 7500 VIP)	sku ^PA-						
PA-2FE-FX=	2-Port Fast Ethernet 100Base FX Port Adapter	Port Adapters	interface	layered	Interface cards (NIM / SM-X / HWIC / SPA / PVDM / VIC / cellular)		PA Port Adapters (7200 / 7500 VIP)	sku ^PA-						
PA-2FE-TX	2-Port Fast Ethernet 100Base TX Port Adapter	Port Adapters	interface	layered	Interface cards (NIM / SM-X / HWIC / SPA / PVDM / VIC / cellular)		PA Port Adapters (7200 / 7500 VIP)	sku ^PA-						
PA-2FE-TX=	2-Port Fast Ethernet 100Base TX Port Adapter	Port Adapters	interface	layered	Interface cards (NIM / SM-X / HWIC / SPA / PVDM / VIC / cellular)		PA Port Adapters (7200 / 7500 VIP)	sku ^PA-						
PA-2H	2-Port HSSI Port Adapter	Port Adapters	interface	layered	Interface cards (NIM / SM-X / HWIC / SPA / PVDM / VIC / cellular)		PA Port Adapters (7200 / 7500 VIP)	sku ^PA-						
PA-2H-IPP=	2 port HSSI PA for VXR chassis upgrade, IPP program	Port Adapters	interface	layered	Interface cards (NIM / SM-X / HWIC / SPA / PVDM / VIC / cellular)		PA Port Adapters (7200 / 7500 VIP)	sku ^PA-						
PA-2H-UPG	Upgrade one PA-2H for two PA-H-UPG	Port Adapters	interface	layered	Interface cards (NIM / SM-X / HWIC / SPA / PVDM / VIC / cellular)		PA Port Adapters (7200 / 7500 VIP)	sku ^PA-						
PA-2H=	2-Port HSSI Port Adapter, Spare	Port Adapters	interface	layered	Interface cards (NIM / SM-X / HWIC / SPA / PVDM / VIC / cellular)		PA Port Adapters (7200 / 7500 VIP)	sku ^PA-						
PA-2T3+	2 Port T3 Serial Port Adapter Enhanced	Port Adapters	interface	layered	Interface cards (NIM / SM-X / HWIC / SPA / PVDM / VIC / cellular)		PA Port Adapters (7200 / 7500 VIP)	sku ^PA-						
PA-2T3+=	2 Port T3 Serial Port Adapter Enhanced, Spare	Port Adapters	interface	layered	Interface cards (NIM / SM-X / HWIC / SPA / PVDM / VIC / cellular)		PA Port Adapters (7200 / 7500 VIP)	sku ^PA-						
PA-2T3/E3-EC	Cisco 2-Port Enhanced Capability Clear Channel Port Adapter	Port Adapters	interface	layered	Interface cards (NIM / SM-X / HWIC / SPA / PVDM / VIC / cellular)		PA Port Adapters (7200 / 7500 VIP)	sku ^PA-						
PA-2T3/E3-EC=	Cisco 2-Port Enhanced Capability Clear Channel Port Adapter (SPARE)	Port Adapters	interface	layered	Interface cards (NIM / SM-X / HWIC / SPA / PVDM / VIC / cellular)		PA Port Adapters (7200 / 7500 VIP)	sku ^PA-						
PA-4B-U	4-Port BRI Port Adapter, U Interface	Port Adapters	interface	layered	Interface cards (NIM / SM-X / HWIC / SPA / PVDM / VIC / cellular)		PA Port Adapters (7200 / 7500 VIP)	sku ^PA-						
PA-4B-U=	4-Port BRI Port Adapter, U Interface	Port Adapters	interface	layered	Interface cards (NIM / SM-X / HWIC / SPA / PVDM / VIC / cellular)		PA Port Adapters (7200 / 7500 VIP)	sku ^PA-						
PA-4E	4-Port Ethernet 10BaseT Port Adapter	Port Adapters	interface	layered	Interface cards (NIM / SM-X / HWIC / SPA / PVDM / VIC / cellular)		PA Port Adapters (7200 / 7500 VIP)	sku ^PA-						
PA-4E-IPP=	4 port Ethernet PA for VXR chassis upgrade, IPP program	Port Adapters	interface	layered	Interface cards (NIM / SM-X / HWIC / SPA / PVDM / VIC / cellular)		PA Port Adapters (7200 / 7500 VIP)	sku ^PA-						
PA-4E1G/120	Cisco 4-Port E1 G.703 Serial Port Adapter (120ohm/Balanced) Port Adapter	Port Adapters	interface	layered	Interface cards (NIM / SM-X / HWIC / SPA / PVDM / VIC / cellular)		PA Port Adapters (7200 / 7500 VIP)	sku ^PA-						
PA-4E1G/120=	Cisco 4-Port E1 G.703 Serial Port Adapter (120ohm/Balanced) (SPARE)	Port Adapters	interface	layered	Interface cards (NIM / SM-X / HWIC / SPA / PVDM / VIC / cellular)		PA Port Adapters (7200 / 7500 VIP)	sku ^PA-						
PA-4E1G/75	Cisco 4-Port E1 G.703 Serial Port Adapter (75ohm/Unbalanced)	Port Adapters	interface	layered	Interface cards (NIM / SM-X / HWIC / SPA / PVDM / VIC / cellular)		PA Port Adapters (7200 / 7500 VIP)	sku ^PA-						
PA-4E1G/75=	Cisco 4-Port E1 G.703 Serial Port Adapter (75ohm/Unbalanced) (SPARE)	Port Adapters	interface	layered	Interface cards (NIM / SM-X / HWIC / SPA / PVDM / VIC / cellular)		PA Port Adapters (7200 / 7500 VIP)	sku ^PA-						
PA-4E=	4-Port Ethernet 10BaseT Port Adapter	Port Adapters	interface	layered	Interface cards (NIM / SM-X / HWIC / SPA / PVDM / VIC / cellular)		PA Port Adapters (7200 / 7500 VIP)	sku ^PA-						
PA-4T+	4 Port Serial Port Adapter, Enhanced	Port Adapters	interface	layered	Interface cards (NIM / SM-X / HWIC / SPA / PVDM / VIC / cellular)		PA Port Adapters (7200 / 7500 VIP)	sku ^PA-						
PA-4T+=	4-Port Serial Port Adapter, Enhanced	Port Adapters	interface	layered	Interface cards (NIM / SM-X / HWIC / SPA / PVDM / VIC / cellular)		PA Port Adapters (7200 / 7500 VIP)	sku ^PA-						
PA-7KV35	V35 Port Adapter	Port Adapters	interface	layered	Interface cards (NIM / SM-X / HWIC / SPA / PVDM / VIC / cellular)		PA Port Adapters (7200 / 7500 VIP)	sku ^PA-						
PA-7KV35=	Spare V35 Port Adapter	Port Adapters	interface	layered	Interface cards (NIM / SM-X / HWIC / SPA / PVDM / VIC / cellular)		PA Port Adapters (7200 / 7500 VIP)	sku ^PA-						
PA-8B-S/T	8-Port BRI Port Adapter, S/T Interface	Port Adapters	interface	layered	Interface cards (NIM / SM-X / HWIC / SPA / PVDM / VIC / cellular)		PA Port Adapters (7200 / 7500 VIP)	sku ^PA-						
PA-8B-S/T=	8-Port BRI Port Adapter, S/T Interface	Port Adapters	interface	layered	Interface cards (NIM / SM-X / HWIC / SPA / PVDM / VIC / cellular)		PA Port Adapters (7200 / 7500 VIP)	sku ^PA-						
PA-8E	8-Port Ethernet 10BaseT Port Adapter	Port Adapters	interface	layered	Interface cards (NIM / SM-X / HWIC / SPA / PVDM / VIC / cellular)		PA Port Adapters (7200 / 7500 VIP)	sku ^PA-						
PA-8E-IPP=	8 port Ethernet PA for VXR chassis upggrade, IPP program	Port Adapters	interface	layered	Interface cards (NIM / SM-X / HWIC / SPA / PVDM / VIC / cellular)		PA Port Adapters (7200 / 7500 VIP)	sku ^PA-						
PA-8E=	8-Port Ethernet 10BaseT Port Adapter	Port Adapters	interface	layered	Interface cards (NIM / SM-X / HWIC / SPA / PVDM / VIC / cellular)		PA Port Adapters (7200 / 7500 VIP)	sku ^PA-						
PA-8T-232	8-Port Serial, 232 Port Adapter	Port Adapters	interface	layered	Interface cards (NIM / SM-X / HWIC / SPA / PVDM / VIC / cellular)		PA Port Adapters (7200 / 7500 VIP)	sku ^PA-						
PA-8T-232-IPP=	8 port Serial 232 PA for VXR chassis upgrade, IPP program	Port Adapters	interface	layered	Interface cards (NIM / SM-X / HWIC / SPA / PVDM / VIC / cellular)		PA Port Adapters (7200 / 7500 VIP)	sku ^PA-						
PA-8T-232=	8-Port Serial, 232 Port Adapter	Port Adapters	interface	layered	Interface cards (NIM / SM-X / HWIC / SPA / PVDM / VIC / cellular)		PA Port Adapters (7200 / 7500 VIP)	sku ^PA-						
PA-8T-V35	8-Port Serial, V.35 Port Adapter	Port Adapters	interface	layered	Interface cards (NIM / SM-X / HWIC / SPA / PVDM / VIC / cellular)		PA Port Adapters (7200 / 7500 VIP)	sku ^PA-						
PA-8T-V35-IPP=	8 port Serial V.35 PA for VXR chassis upgrade, IPP program	Port Adapters	interface	layered	Interface cards (NIM / SM-X / HWIC / SPA / PVDM / VIC / cellular)		PA Port Adapters (7200 / 7500 VIP)	sku ^PA-						
PA-8T-V35=	8-Port Serial, V.35 Port Adapter	Port Adapters	interface	layered	Interface cards (NIM / SM-X / HWIC / SPA / PVDM / VIC / cellular)		PA Port Adapters (7200 / 7500 VIP)	sku ^PA-						
PA-8T-X21	8-Port Serial, X.21 Port Adapter	Port Adapters	interface	layered	Interface cards (NIM / SM-X / HWIC / SPA / PVDM / VIC / cellular)		PA Port Adapters (7200 / 7500 VIP)	sku ^PA-						
PA-8T-X21-IPP=	8 port Serial X.21 PA for VXR chassis upgrade, IPP program	Port Adapters	interface	layered	Interface cards (NIM / SM-X / HWIC / SPA / PVDM / VIC / cellular)		PA Port Adapters (7200 / 7500 VIP)	sku ^PA-						
PA-8T-X21=	8-Port Serial, X.21 Port Adapter	Port Adapters	interface	layered	Interface cards (NIM / SM-X / HWIC / SPA / PVDM / VIC / cellular)		PA Port Adapters (7200 / 7500 VIP)	sku ^PA-						
PA-A3-8E1IMA	ATM inverse multiplexer over ATM port adapter with 8 E1 ports	Port Adapters	interface	layered	Interface cards (NIM / SM-X / HWIC / SPA / PVDM / VIC / cellular)		PA Port Adapters (7200 / 7500 VIP)	sku ^PA-						
PA-A3-8E1IMA=	8-port ATM Inverse Mux E1 (120 Ohm) Port Adapter, Spare	Port Adapters	interface	layered	Interface cards (NIM / SM-X / HWIC / SPA / PVDM / VIC / cellular)		PA Port Adapters (7200 / 7500 VIP)	sku ^PA-						
PA-A3-8T1IMA	ATM inverse multiplexer over ATM port adapter with 8 T1 ports	Port Adapters	interface	layered	Interface cards (NIM / SM-X / HWIC / SPA / PVDM / VIC / cellular)		PA Port Adapters (7200 / 7500 VIP)	sku ^PA-						
PA-A3-8T1IMA=	8-port ATM Inverse Mux T1 Port Adapter, Spare	Port Adapters	interface	layered	Interface cards (NIM / SM-X / HWIC / SPA / PVDM / VIC / cellular)		PA Port Adapters (7200 / 7500 VIP)	sku ^PA-						
PA-A3-E3	1-port ATM E3 port adapter, enhanced	Port Adapters	interface	layered	Interface cards (NIM / SM-X / HWIC / SPA / PVDM / VIC / cellular)		PA Port Adapters (7200 / 7500 VIP)	sku ^PA-						
PA-A3-OC12SM	1-port ATM OC-12c/STM-4 single-mode port adapter, enhanced	Port Adapters	interface	layered	Interface cards (NIM / SM-X / HWIC / SPA / PVDM / VIC / cellular)		PA Port Adapters (7200 / 7500 VIP)	sku ^PA-						
PA-A3-OC3MM	1-port ATM OC-3c/ST-1 multimode port adapter, enhanced	Port Adapters	interface	layered	Interface cards (NIM / SM-X / HWIC / SPA / PVDM / VIC / cellular)		PA Port Adapters (7200 / 7500 VIP)	sku ^PA-						
PA-A3-OC3SMI	1-port ATM OC-3c/STM-1 single-mode (IR) port adapter, enhanced	Port Adapters	interface	layered	Interface cards (NIM / SM-X / HWIC / SPA / PVDM / VIC / cellular)		PA Port Adapters (7200 / 7500 VIP)	sku ^PA-						
PA-A3-OC3SML	1-port ATM OC-3/STM-1 single-mode (LR) port adapter, enhanced	Port Adapters	interface	layered	Interface cards (NIM / SM-X / HWIC / SPA / PVDM / VIC / cellular)		PA Port Adapters (7200 / 7500 VIP)	sku ^PA-						
PA-A3-T3	1-port ATM DS3 port adapter, enhanced	Port Adapters	interface	layered	Interface cards (NIM / SM-X / HWIC / SPA / PVDM / VIC / cellular)		PA Port Adapters (7200 / 7500 VIP)	sku ^PA-						
PA-A6-E3	1-port ATM E3 port adapter, enhanced	Port Adapters	interface	layered	Interface cards (NIM / SM-X / HWIC / SPA / PVDM / VIC / cellular)		PA Port Adapters (7200 / 7500 VIP)	sku ^PA-						
PA-A6-E3=	1Port Enh ATM E3 Port Adapter	Port Adapters	interface	layered	Interface cards (NIM / SM-X / HWIC / SPA / PVDM / VIC / cellular)		PA Port Adapters (7200 / 7500 VIP)	sku ^PA-						
PA-A6-OC3MM	1-port ATM OC-3c/STM-1 multimode port adapter, enhanced	Port Adapters	interface	layered	Interface cards (NIM / SM-X / HWIC / SPA / PVDM / VIC / cellular)		PA Port Adapters (7200 / 7500 VIP)	sku ^PA-						
PA-A6-OC3MM=	1 Port Enh ATM OC3c/STM1 Multimode Port Adapter	Port Adapters	interface	layered	Interface cards (NIM / SM-X / HWIC / SPA / PVDM / VIC / cellular)		PA Port Adapters (7200 / 7500 VIP)	sku ^PA-						
PA-A6-OC3SMI	1-port ATM OC-3c/STM-1 single-mode (IR) port adapter, enhanced	Port Adapters	interface	layered	Interface cards (NIM / SM-X / HWIC / SPA / PVDM / VIC / cellular)		PA Port Adapters (7200 / 7500 VIP)	sku ^PA-						
PA-A6-OC3SMI=	1 Port Enh ATM OC3c/STM1 Singlemode(IR)Port Adapter	Port Adapters	interface	layered	Interface cards (NIM / SM-X / HWIC / SPA / PVDM / VIC / cellular)		PA Port Adapters (7200 / 7500 VIP)	sku ^PA-						
PA-A6-OC3SML	1-port ATM OC-3c/STM-1 single-mode (LR) port adapter, enhanced	Port Adapters	interface	layered	Interface cards (NIM / SM-X / HWIC / SPA / PVDM / VIC / cellular)		PA Port Adapters (7200 / 7500 VIP)	sku ^PA-						
PA-A6-OC3SML=	1 Port Enh ATM OC3c/STM1 Singlemode(LR)Port Adapter	Port Adapters	interface	layered	Interface cards (NIM / SM-X / HWIC / SPA / PVDM / VIC / cellular)		PA Port Adapters (7200 / 7500 VIP)	sku ^PA-						
PA-A6-T3	1-port ATM DS3 port adapter, enhanced	Port Adapters	interface	layered	Interface cards (NIM / SM-X / HWIC / SPA / PVDM / VIC / cellular)		PA Port Adapters (7200 / 7500 VIP)	sku ^PA-						
PA-A6-T3=	1Port Enh ATM DS3 Port Adapter	Port Adapters	interface	layered	Interface cards (NIM / SM-X / HWIC / SPA / PVDM / VIC / cellular)		PA Port Adapters (7200 / 7500 VIP)	sku ^PA-						
PA-E3	1 Port E3 Serial Port Adapter with E3 DSU	Port Adapters	interface	layered	Interface cards (NIM / SM-X / HWIC / SPA / PVDM / VIC / cellular)		PA Port Adapters (7200 / 7500 VIP)	sku ^PA-						
PA-E3=	1 Port E3 Serial Port Adapter with E3 DSU	Port Adapters	interface	layered	Interface cards (NIM / SM-X / HWIC / SPA / PVDM / VIC / cellular)		PA Port Adapters (7200 / 7500 VIP)	sku ^PA-						
PA-GE	Gigabit Ethernet Port Adapter	Port Adapters	interface	layered	Interface cards (NIM / SM-X / HWIC / SPA / PVDM / VIC / cellular)		PA Port Adapters (7200 / 7500 VIP)	sku ^PA-						
PA-GE=	Gigabit Ethernet Port Adapter	Port Adapters	interface	layered	Interface cards (NIM / SM-X / HWIC / SPA / PVDM / VIC / cellular)		PA Port Adapters (7200 / 7500 VIP)	sku ^PA-						
PA-H	1-Port HSSI Port Adapter	Port Adapters	interface	layered	Interface cards (NIM / SM-X / HWIC / SPA / PVDM / VIC / cellular)		PA Port Adapters (7200 / 7500 VIP)	sku ^PA-						
PA-H-IPP=	1 port HSSI PA for VXR chassis upgrade, IPP program	Port Adapters	interface	layered	Interface cards (NIM / SM-X / HWIC / SPA / PVDM / VIC / cellular)		PA Port Adapters (7200 / 7500 VIP)	sku ^PA-						
PA-H-UPG	Upgrade early revision PA-H to current PA-H	Port Adapters	interface	layered	Interface cards (NIM / SM-X / HWIC / SPA / PVDM / VIC / cellular)		PA Port Adapters (7200 / 7500 VIP)	sku ^PA-						
PA-H=	1-Port HSSI Port Adapter, Spare	Port Adapters	interface	layered	Interface cards (NIM / SM-X / HWIC / SPA / PVDM / VIC / cellular)		PA Port Adapters (7200 / 7500 VIP)	sku ^PA-						
PA-MC-2E1/120	2 port multichannel E1 port adapter with G.703 120ohm interf	Port Adapters	interface	layered	Interface cards (NIM / SM-X / HWIC / SPA / PVDM / VIC / cellular)		PA Port Adapters (7200 / 7500 VIP)	sku ^PA-						
PA-MC-2E1/120=	2 port multichannel E1 port adapter with G.703 120ohm interf	Port Adapters	interface	layered	Interface cards (NIM / SM-X / HWIC / SPA / PVDM / VIC / cellular)		PA Port Adapters (7200 / 7500 VIP)	sku ^PA-						
PA-MC-2T1	2 port multichannel T1 port adapter with integrated CSU/DSUs	Port Adapters	interface	layered	Interface cards (NIM / SM-X / HWIC / SPA / PVDM / VIC / cellular)		PA Port Adapters (7200 / 7500 VIP)	sku ^PA-						
PA-MC-2T1=	2 port multichannel T1 port adapter with integrated CSU/DSUs	Port Adapters	interface	layered	Interface cards (NIM / SM-X / HWIC / SPA / PVDM / VIC / cellular)		PA Port Adapters (7200 / 7500 VIP)	sku ^PA-						
PA-MC-2T3-EC	Cisco 2-Port Multichannel Enhanced Capability Port Adapter	Port Adapters	interface	layered	Interface cards (NIM / SM-X / HWIC / SPA / PVDM / VIC / cellular)		PA Port Adapters (7200 / 7500 VIP)	sku ^PA-						
PA-MC-2T3-EC=	Cisco 2-Port Multichannel Enhanced Capability Port Adapter (SPARE)	Port Adapters	interface	layered	Interface cards (NIM / SM-X / HWIC / SPA / PVDM / VIC / cellular)		PA Port Adapters (7200 / 7500 VIP)	sku ^PA-						
PA-MC-4T1	4 port multichannel T1 port adapter with integrated CSU/DSUs	Port Adapters	interface	layered	Interface cards (NIM / SM-X / HWIC / SPA / PVDM / VIC / cellular)		PA Port Adapters (7200 / 7500 VIP)	sku ^PA-						
PA-MC-4T1=	4 port multichannel T1 port adapter with integrated CSU/DSUs	Port Adapters	interface	layered	Interface cards (NIM / SM-X / HWIC / SPA / PVDM / VIC / cellular)		PA Port Adapters (7200 / 7500 VIP)	sku ^PA-						
PA-MC-8TE1+	8 port multichannel T1/E1 8PRI port adapter	Port Adapters	interface	layered	Interface cards (NIM / SM-X / HWIC / SPA / PVDM / VIC / cellular)		PA Port Adapters (7200 / 7500 VIP)	sku ^PA-						
PA-MC-8TE1+=	8 port multichannel T1/E1 8PRI port adapter	Port Adapters	interface	layered	Interface cards (NIM / SM-X / HWIC / SPA / PVDM / VIC / cellular)		PA Port Adapters (7200 / 7500 VIP)	sku ^PA-						
PA-MC-E3	1 port Multi-Channel E3 port adapter	Port Adapters	interface	layered	Interface cards (NIM / SM-X / HWIC / SPA / PVDM / VIC / cellular)		PA Port Adapters (7200 / 7500 VIP)	sku ^PA-						
PA-MC-E3=	1 port Multi-Channel E3 port adapter	Port Adapters	interface	layered	Interface cards (NIM / SM-X / HWIC / SPA / PVDM / VIC / cellular)		PA Port Adapters (7200 / 7500 VIP)	sku ^PA-						
PA-MC-STM-1MM	1 port multichannel STM-1multimode port adapter	Port Adapters	interface	layered	Interface cards (NIM / SM-X / HWIC / SPA / PVDM / VIC / cellular)		PA Port Adapters (7200 / 7500 VIP)	sku ^PA-						
PA-MC-STM-1MM=	1 port multichannel STM-1multimode port adapter	Port Adapters	interface	layered	Interface cards (NIM / SM-X / HWIC / SPA / PVDM / VIC / cellular)		PA Port Adapters (7200 / 7500 VIP)	sku ^PA-						
PA-MC-STM-1SMI	1 port multichannel STM-1 single mode port adapter	Port Adapters	interface	layered	Interface cards (NIM / SM-X / HWIC / SPA / PVDM / VIC / cellular)		PA Port Adapters (7200 / 7500 VIP)	sku ^PA-						
PA-MC-STM-1SMI=	1 port multichannel STM-1 single mode port adapter	Port Adapters	interface	layered	Interface cards (NIM / SM-X / HWIC / SPA / PVDM / VIC / cellular)		PA Port Adapters (7200 / 7500 VIP)	sku ^PA-						
PA-MC-T3	Cisco 1-Port Multichannel Port Adapter	Port Adapters	interface	layered	Interface cards (NIM / SM-X / HWIC / SPA / PVDM / VIC / cellular)		PA Port Adapters (7200 / 7500 VIP)	sku ^PA-						
PA-MC-T3-EC	Cisco 1-Port Multichannel Enhanced Capability Port Adapter	Port Adapters	interface	layered	Interface cards (NIM / SM-X / HWIC / SPA / PVDM / VIC / cellular)		PA Port Adapters (7200 / 7500 VIP)	sku ^PA-						
PA-MC-T3-EC=	Cisco 1-Port Multichannel Enhanced Capability Port Adapter (SPARE)	Port Adapters	interface	layered	Interface cards (NIM / SM-X / HWIC / SPA / PVDM / VIC / cellular)		PA Port Adapters (7200 / 7500 VIP)	sku ^PA-						
PA-MC-T3=	1 port multichannel T3 port adapter	Port Adapters	interface	layered	Interface cards (NIM / SM-X / HWIC / SPA / PVDM / VIC / cellular)		PA Port Adapters (7200 / 7500 VIP)	sku ^PA-						
PA-MCX-2TE1	2 port MIX-enabled multichannel T1/E1 with CSU/DSU	Port Adapters	interface	layered	Interface cards (NIM / SM-X / HWIC / SPA / PVDM / VIC / cellular)		PA Port Adapters (7200 / 7500 VIP)	sku ^PA-						
PA-MCX-2TE1=	Spare 2 port MIX-enabled multichannel T1/E1 PA with CSU/DSU	Port Adapters	interface	layered	Interface cards (NIM / SM-X / HWIC / SPA / PVDM / VIC / cellular)		PA Port Adapters (7200 / 7500 VIP)	sku ^PA-						
PA-MCX-4TE1	4 port MIX-enabled multichannel T1/E1 with CSU/DSU	Port Adapters	interface	layered	Interface cards (NIM / SM-X / HWIC / SPA / PVDM / VIC / cellular)		PA Port Adapters (7200 / 7500 VIP)	sku ^PA-						
PA-MCX-4TE1-CPE	4 port MIX-enabled for 7204VXR/CPE Bundle	Port Adapters	interface	layered	Interface cards (NIM / SM-X / HWIC / SPA / PVDM / VIC / cellular)		PA Port Adapters (7200 / 7500 VIP)	sku ^PA-						
PA-MCX-4TE1=	4 port MIX-enabled multichannel T1/E1 PA with CSU/DSU	Port Adapters	interface	layered	Interface cards (NIM / SM-X / HWIC / SPA / PVDM / VIC / cellular)		PA Port Adapters (7200 / 7500 VIP)	sku ^PA-						
PA-MCX-8TE1	8 port MIX-enabled multichannel T1/E1 with CSU/DSU	Port Adapters	interface	layered	Interface cards (NIM / SM-X / HWIC / SPA / PVDM / VIC / cellular)		PA Port Adapters (7200 / 7500 VIP)	sku ^PA-						
PA-MCX-8TE1=	8 port MIX-enabled multichannel T1/E1 with CSU/DSU	Port Adapters	interface	layered	Interface cards (NIM / SM-X / HWIC / SPA / PVDM / VIC / cellular)		PA Port Adapters (7200 / 7500 VIP)	sku ^PA-						
PA-POS-1OC3	1 Port Packet/SONET OC3c/STM1 Port Adapter	Port Adapters	interface	layered	Interface cards (NIM / SM-X / HWIC / SPA / PVDM / VIC / cellular)		PA Port Adapters (7200 / 7500 VIP)	sku ^PA-						
PA-POS-1OC3-2PAK	Packet over Sonet OC3 2 PACK Bundle	Port Adapters	interface	layered	Interface cards (NIM / SM-X / HWIC / SPA / PVDM / VIC / cellular)		PA Port Adapters (7200 / 7500 VIP)	sku ^PA-						
PA-POS-1OC3-2PAK=	Packet over Sonet OC3 2 PACK Bundle	Port Adapters	interface	layered	Interface cards (NIM / SM-X / HWIC / SPA / PVDM / VIC / cellular)		PA Port Adapters (7200 / 7500 VIP)	sku ^PA-						
PA-POS-1OC3=	1 Port Packet/SONET OC3c/STM1 Port Adapter	Port Adapters	interface	layered	Interface cards (NIM / SM-X / HWIC / SPA / PVDM / VIC / cellular)		PA Port Adapters (7200 / 7500 VIP)	sku ^PA-						
PA-POS-2OC3	2 Port Packet/SONET OC3c/STM1 Port Adapter	Port Adapters	interface	layered	Interface cards (NIM / SM-X / HWIC / SPA / PVDM / VIC / cellular)		PA Port Adapters (7200 / 7500 VIP)	sku ^PA-						
PA-POS-2OC3=	Cisco 2-Port OC-3/STM-1 POS Port Adapter (Spare)	Port Adapters	interface	layered	Interface cards (NIM / SM-X / HWIC / SPA / PVDM / VIC / cellular)		PA Port Adapters (7200 / 7500 VIP)	sku ^PA-						
PA-T3+	1 Port T3 Serial Port Adapter Enhanced	Port Adapters	interface	layered	Interface cards (NIM / SM-X / HWIC / SPA / PVDM / VIC / cellular)		PA Port Adapters (7200 / 7500 VIP)	sku ^PA-						
PA-T3+=	1 Port T3 Serial Port Adapter Enhanced	Port Adapters	interface	layered	Interface cards (NIM / SM-X / HWIC / SPA / PVDM / VIC / cellular)		PA Port Adapters (7200 / 7500 VIP)	sku ^PA-						
PA-T3/E3-EC	Cisco 1-Port Enhanced Capability Clear Channel Port Adapter	Port Adapters	interface	layered	Interface cards (NIM / SM-X / HWIC / SPA / PVDM / VIC / cellular)		PA Port Adapters (7200 / 7500 VIP)	sku ^PA-						
PA-T3/E3-EC=	Cisco 1-Port Enhanced Capability Clear Channel Port Adapter (SPARE)	Port Adapters	interface	layered	Interface cards (NIM / SM-X / HWIC / SPA / PVDM / VIC / cellular)		PA Port Adapters (7200 / 7500 VIP)	sku ^PA-						
PA-VXA-1TE1-24+	1 Port T1/E1 Digital Voice Port Adapter with 24 Channels	Port Adapters	interface	layered	Interface cards (NIM / SM-X / HWIC / SPA / PVDM / VIC / cellular)		PA Port Adapters (7200 / 7500 VIP)	sku ^PA-						
PA-VXA-1TE1-24+=	1 Port T1/E1 Digital Voice Port Adapter with 24 Channels	Port Adapters	interface	layered	Interface cards (NIM / SM-X / HWIC / SPA / PVDM / VIC / cellular)		PA Port Adapters (7200 / 7500 VIP)	sku ^PA-						
PA-VXA-1TE1-30+	1 Port T1/E1 Digital Voice Port Adapter with 30 Channels	Port Adapters	interface	layered	Interface cards (NIM / SM-X / HWIC / SPA / PVDM / VIC / cellular)		PA Port Adapters (7200 / 7500 VIP)	sku ^PA-						
PA-VXA-1TE1-30+=	1 Port T1/E1 Digital Voice Port Adapter with 30 Channels	Port Adapters	interface	layered	Interface cards (NIM / SM-X / HWIC / SPA / PVDM / VIC / cellular)		PA Port Adapters (7200 / 7500 VIP)	sku ^PA-						
PA-VXB-2TE1+	2 port T1/E1 moderate capacity enhanced voice PA	Port Adapters	interface	layered	Interface cards (NIM / SM-X / HWIC / SPA / PVDM / VIC / cellular)		PA Port Adapters (7200 / 7500 VIP)	sku ^PA-						
PA-VXB-2TE1+=	2 port T1/E1 moderate capacity enhanced voice PA	Port Adapters	interface	layered	Interface cards (NIM / SM-X / HWIC / SPA / PVDM / VIC / cellular)		PA Port Adapters (7200 / 7500 VIP)	sku ^PA-						
PA-VXC-2TE1+	Two-Port T1/E1 High-Capacity Enhanced Digital Voice Port Adapter	Port Adapters	interface	layered	Interface cards (NIM / SM-X / HWIC / SPA / PVDM / VIC / cellular)		PA Port Adapters (7200 / 7500 VIP)	sku ^PA-						
PA-VXC-2TE1+=	Two-Port T1/E1 High-Capacity Enhanced Digital Voice Port Adapter	Port Adapters	interface	layered	Interface cards (NIM / SM-X / HWIC / SPA / PVDM / VIC / cellular)		PA Port Adapters (7200 / 7500 VIP)	sku ^PA-						
PCEX-3G-CDMA-B	Cisco 3G EVDO Rev A/0/1xRTT Modem-BSNL Networks	800	cellular	layered	Interface cards (NIM / SM-X / HWIC / SPA / PVDM / VIC / cellular)		Cellular and WAN interface modules (MC / PCEX / WIM)	sku ^PCEX						
PCEX-3G-CDMA-S	Cisco 3G EVDO Rev A/0/1xRTT Modem-Sprint Networks	800	cellular	layered	Interface cards (NIM / SM-X / HWIC / SPA / PVDM / VIC / cellular)		Cellular and WAN interface modules (MC / PCEX / WIM)	sku ^PCEX						
PCEX-3G-CDMA-V	Cisco 3G EVDO Rev A/0/1xRTT Modem-Verizon Networks	800	cellular	layered	Interface cards (NIM / SM-X / HWIC / SPA / PVDM / VIC / cellular)		Cellular and WAN interface modules (MC / PCEX / WIM)	sku ^PCEX						
PCEX-3G-HSPA-G	Cisco 3.5G HSPA/UMTS/EDGE/GPRS Modem-Global Networks (Global SKU, excluding USA)	800	cellular	layered	Interface cards (NIM / SM-X / HWIC / SPA / PVDM / VIC / cellular)		Cellular and WAN interface modules (MC / PCEX / WIM)	sku ^PCEX						
PCEX-3G-HSPA-US	Cisco 3.5G HSPA/UMTS/EDGE/GPRS Modem-AT&T Network Only	800	cellular	layered	Interface cards (NIM / SM-X / HWIC / SPA / PVDM / VIC / cellular)		Cellular and WAN interface modules (MC / PCEX / WIM)	sku ^PCEX						
PHQ4SFP2A1MBL	Cisco PHQ4SFP2A1MBL	Transceiver Modules	accessory	pending_plan								class non_product		
PHQ4SFP2A2MBL	Cisco PHQ4SFP2A2MBL	Transceiver Modules	accessory	pending_plan								class non_product		
PHQ4SFP2A3MBL	Cisco PHQ4SFP2A3MBL	Transceiver Modules	accessory	pending_plan								class non_product		
PHQ4SFP2C4MBL	Cisco PHQ4SFP2C4MBL	Transceiver Modules	accessory	pending_plan								class non_product		
PHQ4SFP2C5MBL	Cisco PHQ4SFP2C5MBL	Transceiver Modules	accessory	pending_plan								class non_product		
PP1-72X100G-MMF	Cisco PP1-72X100G-MMF	Transceiver Modules	accessory	layered	Cables and accessories		Fiber patch panels and MPO / breakout cables (CB- / PP)	sku ^PP[124]-						
PP1-72X100G-SMF	Cisco PP1-72X100G-SMF	Transceiver Modules	accessory	layered	Cables and accessories		Fiber patch panels and MPO / breakout cables (CB- / PP)	sku ^PP[124]-						
PP2-144X100G-MMF	Cisco PP2-144X100G-MMF	Transceiver Modules	accessory	layered	Cables and accessories		Fiber patch panels and MPO / breakout cables (CB- / PP)	sku ^PP[124]-						
PP2-144X100G-SMF	Cisco PP2-144X100G-SMF	Transceiver Modules	accessory	layered	Cables and accessories		Fiber patch panels and MPO / breakout cables (CB- / PP)	sku ^PP[124]-						
PP4-288X100G-MMF	Cisco PP4-288X100G-MMF	Transceiver Modules	accessory	layered	Cables and accessories		Fiber patch panels and MPO / breakout cables (CB- / PP)	sku ^PP[124]-						
PP4-288X100G-SMF	Cisco PP4-288X100G-SMF	Transceiver Modules	accessory	layered	Cables and accessories		Fiber patch panels and MPO / breakout cables (CB- / PP)	sku ^PP[124]-						
PVDM-12	12-Channel Packet Voice/Fax DSP Module	Network Modules	module	layered	Interface cards (NIM / SM-X / HWIC / SPA / PVDM / VIC / cellular)		PVDM Voice DSP Modules	sku ^PVDM						
PVDM-12=	12-Channel Packet Voice/Fax DSP Module	Network Modules	module	layered	Interface cards (NIM / SM-X / HWIC / SPA / PVDM / VIC / cellular)		PVDM Voice DSP Modules	sku ^PVDM						
PVDM2-12DM	12 Port Digital Modem Module	2900 ISR	module	layered	Interface cards (NIM / SM-X / HWIC / SPA / PVDM / VIC / cellular)		PVDM Voice DSP Modules	sku ^PVDM						
PVDM2-12DM=	12 Port Digital Modem Module	2900 ISR	module	layered	Interface cards (NIM / SM-X / HWIC / SPA / PVDM / VIC / cellular)		PVDM Voice DSP Modules	sku ^PVDM						
PVDM2-16	Cisco PVDM2-16	2900 ISR	module	layered	Interface cards (NIM / SM-X / HWIC / SPA / PVDM / VIC / cellular)		PVDM Voice DSP Modules	sku ^PVDM						
PVDM2-24DM	24 Port Digital Modem Module	2900 ISR	module	layered	Interface cards (NIM / SM-X / HWIC / SPA / PVDM / VIC / cellular)		PVDM Voice DSP Modules	sku ^PVDM						
PVDM2-24DM=	24 Port Digital Modem Module	2900 ISR	module	layered	Interface cards (NIM / SM-X / HWIC / SPA / PVDM / VIC / cellular)		PVDM Voice DSP Modules	sku ^PVDM						
PVDM2-32	Cisco PVDM2-32	2900 ISR	module	layered	Interface cards (NIM / SM-X / HWIC / SPA / PVDM / VIC / cellular)		PVDM Voice DSP Modules	sku ^PVDM						
PVDM2-36DM	36 Port Digital Modem Module	2900 ISR	module	layered	Interface cards (NIM / SM-X / HWIC / SPA / PVDM / VIC / cellular)		PVDM Voice DSP Modules	sku ^PVDM						
PVDM2-36DM=	36 Port Digital Modem Module	2900 ISR	module	layered	Interface cards (NIM / SM-X / HWIC / SPA / PVDM / VIC / cellular)		PVDM Voice DSP Modules	sku ^PVDM						
PVDM2-48	Cisco PVDM2-48	2900 ISR	module	layered	Interface cards (NIM / SM-X / HWIC / SPA / PVDM / VIC / cellular)		PVDM Voice DSP Modules	sku ^PVDM						
PVDM2-64	Cisco PVDM2-64	2900 ISR	module	layered	Interface cards (NIM / SM-X / HWIC / SPA / PVDM / VIC / cellular)		PVDM Voice DSP Modules	sku ^PVDM						
PVDM2-8	Cisco PVDM2-8	2900 ISR	module	layered	Interface cards (NIM / SM-X / HWIC / SPA / PVDM / VIC / cellular)		PVDM Voice DSP Modules	sku ^PVDM						
PVDM2-ADPTR	PVDM2 Adapter for PVDM Slot on Cisco 2900, 3900 Series ISR (Both system & spare)	2900 ISR	module	layered	Interface cards (NIM / SM-X / HWIC / SPA / PVDM / VIC / cellular)		PVDM Voice DSP Modules	sku ^PVDM						
PVDM2-ADPTR=	PVDM2 Adapter for PVDM Slot on Cisco 2900, 3900 Series ISR	2900 ISR	module	layered	Interface cards (NIM / SM-X / HWIC / SPA / PVDM / VIC / cellular)		PVDM Voice DSP Modules	sku ^PVDM						
PVDM3	Cisco PVDM3	2900 ISR	unknown	pending_plan								class non_product		
PVDM3-128U192	PVDM3 128-channel to 192-channel factory upgrade	2900 ISR	module	layered	Interface cards (NIM / SM-X / HWIC / SPA / PVDM / VIC / cellular)		PVDM Voice DSP Modules	sku ^PVDM						
PVDM3-16	16-channel high-density voice DSP module	2900 ISR	module	layered	Interface cards (NIM / SM-X / HWIC / SPA / PVDM / VIC / cellular)		PVDM Voice DSP Modules	sku ^PVDM						
PVDM3-16=	16-channel high-density voice DSP module SPARE	2900 ISR	module	layered	Interface cards (NIM / SM-X / HWIC / SPA / PVDM / VIC / cellular)		PVDM Voice DSP Modules	sku ^PVDM						
PVDM3-16U128	PVDM3 16-channel to 128-channel factory upgrade	2900 ISR	module	layered	Interface cards (NIM / SM-X / HWIC / SPA / PVDM / VIC / cellular)		PVDM Voice DSP Modules	sku ^PVDM						
PVDM3-16U192	PVDM3 16-channel to 192-channel factory upgrade	2900 ISR	module	layered	Interface cards (NIM / SM-X / HWIC / SPA / PVDM / VIC / cellular)		PVDM Voice DSP Modules	sku ^PVDM						
PVDM3-16U256	PVDM3 16-channel to 256-channel factory upgrade	2900 ISR	module	layered	Interface cards (NIM / SM-X / HWIC / SPA / PVDM / VIC / cellular)		PVDM Voice DSP Modules	sku ^PVDM						
PVDM3-16U32	PVDM3 16-channel to 32-channel factory upgrade	2900 ISR	module	layered	Interface cards (NIM / SM-X / HWIC / SPA / PVDM / VIC / cellular)		PVDM Voice DSP Modules	sku ^PVDM						
PVDM3-16U64	PVDM3 16-channel to 64-channel factory upgrade	2900 ISR	module	layered	Interface cards (NIM / SM-X / HWIC / SPA / PVDM / VIC / cellular)		PVDM Voice DSP Modules	sku ^PVDM						
PVDM3-192	192-channel high-density voice DSP module	2900 ISR	module	layered	Interface cards (NIM / SM-X / HWIC / SPA / PVDM / VIC / cellular)		PVDM Voice DSP Modules	sku ^PVDM						
PVDM3-192=	192-channel high-density voice DSP module SPARE	2900 ISR	module	layered	Interface cards (NIM / SM-X / HWIC / SPA / PVDM / VIC / cellular)		PVDM Voice DSP Modules	sku ^PVDM						
PVDM3-32	32-channel high-density voice DSP module	2900 ISR	module	layered	Interface cards (NIM / SM-X / HWIC / SPA / PVDM / VIC / cellular)		PVDM Voice DSP Modules	sku ^PVDM						
PVDM3-32=	32-channel high-density voice DSP module SPARE	2900 ISR	module	layered	Interface cards (NIM / SM-X / HWIC / SPA / PVDM / VIC / cellular)		PVDM Voice DSP Modules	sku ^PVDM						
PVDM3-32U128	PVDM3 32-channel to 128-channel factory upgrade	2900 ISR	module	layered	Interface cards (NIM / SM-X / HWIC / SPA / PVDM / VIC / cellular)		PVDM Voice DSP Modules	sku ^PVDM						
PVDM3-32U192	PVDM3 32-channel to 192-channel factory upgrade	2900 ISR	module	layered	Interface cards (NIM / SM-X / HWIC / SPA / PVDM / VIC / cellular)		PVDM Voice DSP Modules	sku ^PVDM						
PVDM3-32U256	PVDM3 32-channel to 256-channel factory upgrade	2900 ISR	module	layered	Interface cards (NIM / SM-X / HWIC / SPA / PVDM / VIC / cellular)		PVDM Voice DSP Modules	sku ^PVDM						
PVDM3-32U64	PVDM3 32-channel to 64-channel factory upgrade	2900 ISR	module	layered	Interface cards (NIM / SM-X / HWIC / SPA / PVDM / VIC / cellular)		PVDM Voice DSP Modules	sku ^PVDM						
PVDM3-64U192	PVDM3 64-channel to 192-channel factory upgrade	2900 ISR	module	layered	Interface cards (NIM / SM-X / HWIC / SPA / PVDM / VIC / cellular)		PVDM Voice DSP Modules	sku ^PVDM						
PVDM4-128	Cisco PVDM4-128	4000 ISR	module	layered	Interface cards (NIM / SM-X / HWIC / SPA / PVDM / VIC / cellular)		PVDM Voice DSP Modules	sku ^PVDM						
PVDM4-256	Cisco PVDM4-256	4000 ISR	module	layered	Interface cards (NIM / SM-X / HWIC / SPA / PVDM / VIC / cellular)		PVDM Voice DSP Modules	sku ^PVDM						
PVDM4-32	Cisco PVDM4-32	4000 ISR	module	layered	Interface cards (NIM / SM-X / HWIC / SPA / PVDM / VIC / cellular)		PVDM Voice DSP Modules	sku ^PVDM						
PVDM4-64	Cisco PVDM4-64	4000 ISR	module	layered	Interface cards (NIM / SM-X / HWIC / SPA / PVDM / VIC / cellular)		PVDM Voice DSP Modules	sku ^PVDM						
PWR-1941-POE=	Cisco 1941 AC Power Supply with Power Over Ethernet	High-Speed WAN Interface Cards	power	pending_plan								move routers		
PWR-2801-AC-IP=	Cisco 2801 AC inline power supply	High-Speed WAN Interface Cards	power	pending_plan								move routers		
PWR-2811-AC-IP=	Cisco 2811 AC inline power supply	High-Speed WAN Interface Cards	power	pending_plan								move routers		
PWR-2821-51-AC-IP=	Cisco 2821 and Cisco 2851 AC inline power supply	High-Speed WAN Interface Cards	power	pending_plan								move routers		
PWR-2901-POE=	Cisco 2901 AC Power Supply with Power Over Ethernet	High-Speed WAN Interface Cards	power	pending_plan								move routers		
PWR-2911-POE=	Cisco 2911 AC Power Supply with Power Over Ethernet	High-Speed WAN Interface Cards	power	pending_plan								move routers		
PWR-2921-51-POE=	Cisco 2921/2951 AC Power Supply with Power Over Ethernet	High-Speed WAN Interface Cards	power	pending_plan								move routers		
PWR-3825-AC-IP=	Cisco 3825 AC-IP power supply	High-Speed WAN Interface Cards	power	pending_plan								move routers		
PWR-3845-AC-IP=	Cisco 3845 AC-IP power supply	High-Speed WAN Interface Cards	power	pending_plan								move routers		
PWR-3900-POE=	Cisco 3925/3945 AC Power Supply with Power Over Ethernet	High-Speed WAN Interface Cards	power	pending_plan								move routers		
RPS-COVER-2911=	Cover for empty RPS Adapter slot on Cisco 2911 (only as spare)	Network Modules	mechanical	pending_plan								move routers		
RPS-COVER-2921-51=	Cover for empty RPS Adapter slot on Cisco 2921/2951 (only as spare)	Network Modules	mechanical	pending_plan								move routers		
RPS1000	380W Redundant Power Supply Unit	Small Business Network Accessories	power	layered	Cables and accessories		Small Business Network Accessories (SB-PWR / RPS1000)	sku ^RPS1000						
RPS1000-AU	380W Redundant Power Supply Unit	Small Business Network Accessories	power	layered	Cables and accessories		Small Business Network Accessories (SB-PWR / RPS1000)	sku ^RPS1000						
RPS1000-EU	380W Redundant Power Supply Unit	Small Business Network Accessories	power	layered	Cables and accessories		Small Business Network Accessories (SB-PWR / RPS1000)	sku ^RPS1000						
SANT-F	Cisco SANT-F	High-Speed WAN Interface Cards	unknown	pending_plan								class non_product		
SB-PWR-12V	Cisco Small Business 12V Power Adapter	Small Business Network Accessories	power	layered	Cables and accessories		Small Business Network Accessories (SB-PWR / RPS1000)	sku ^SB-PWR						
SB-PWR-12V-AR	Cisco Small Business 12V Power Adapter (Argentina)	Small Business Network Accessories	power	layered	Cables and accessories		Small Business Network Accessories (SB-PWR / RPS1000)	sku ^SB-PWR						
SB-PWR-12V-AU	Cisco Small Business 12V Power Adapter (Australia, New Zealand)	Small Business Network Accessories	power	layered	Cables and accessories		Small Business Network Accessories (SB-PWR / RPS1000)	sku ^SB-PWR						
SB-PWR-12V-BR	Cisco Small Business 12V Power Adapter (Brazil)	Small Business Network Accessories	power	layered	Cables and accessories		Small Business Network Accessories (SB-PWR / RPS1000)	sku ^SB-PWR						
SB-PWR-12V-CN	Cisco Small Business 12V Power Adapter (China, Hong Kong)	Small Business Network Accessories	power	layered	Cables and accessories		Small Business Network Accessories (SB-PWR / RPS1000)	sku ^SB-PWR						
SB-PWR-12V-EU	Cisco Small Business 12V Power Adapter (Europe)	Small Business Network Accessories	power	layered	Cables and accessories		Small Business Network Accessories (SB-PWR / RPS1000)	sku ^SB-PWR						
SB-PWR-12V-JP	Cisco Small Business 12V Power Adapter (Japan)	Small Business Network Accessories	power	layered	Cables and accessories		Small Business Network Accessories (SB-PWR / RPS1000)	sku ^SB-PWR						
SB-PWR-12V-KR	Cisco Small Business 12V Power Adapter (Korea)	Small Business Network Accessories	power	layered	Cables and accessories		Small Business Network Accessories (SB-PWR / RPS1000)	sku ^SB-PWR						
SB-PWR-12V-NA	Cisco Small Business 12V Power Adapter (North America)	Small Business Network Accessories	power	layered	Cables and accessories		Small Business Network Accessories (SB-PWR / RPS1000)	sku ^SB-PWR						
SB-PWR-12V-UK	Cisco Small Business 12V Power Adapter (United Kingdom)	Small Business Network Accessories	power	layered	Cables and accessories		Small Business Network Accessories (SB-PWR / RPS1000)	sku ^SB-PWR						
SB-PWR-12V2A	Cisco Small Business 12V 2A Power Adapter	Small Business Network Accessories	power	layered	Cables and accessories		Small Business Network Accessories (SB-PWR / RPS1000)	sku ^SB-PWR						
SB-PWR-12V2A-AR	Cisco SB-PWR-12V2A-AR	Small Business Network Accessories	power	layered	Cables and accessories		Small Business Network Accessories (SB-PWR / RPS1000)	sku ^SB-PWR						
SB-PWR-12V2A-AU	Cisco SB-PWR-12V2A-AU	Small Business Network Accessories	power	layered	Cables and accessories		Small Business Network Accessories (SB-PWR / RPS1000)	sku ^SB-PWR						
SB-PWR-12V2A-CN	Cisco SB-PWR-12V2A-CN	Small Business Network Accessories	power	layered	Cables and accessories		Small Business Network Accessories (SB-PWR / RPS1000)	sku ^SB-PWR						
SB-PWR-12V2A-EU	Cisco SB-PWR-12V2A-EU	Small Business Network Accessories	power	layered	Cables and accessories		Small Business Network Accessories (SB-PWR / RPS1000)	sku ^SB-PWR						
SB-PWR-12V2A-KR	Cisco SB-PWR-12V2A-KR	Small Business Network Accessories	power	layered	Cables and accessories		Small Business Network Accessories (SB-PWR / RPS1000)	sku ^SB-PWR						
SB-PWR-12V2A-NA	Cisco SB-PWR-12V2A-NA	Small Business Network Accessories	power	layered	Cables and accessories		Small Business Network Accessories (SB-PWR / RPS1000)	sku ^SB-PWR						
SB-PWR-12V2A-UK	Cisco SB-PWR-12V2A-UK	Small Business Network Accessories	power	layered	Cables and accessories		Small Business Network Accessories (SB-PWR / RPS1000)	sku ^SB-PWR						
SB-PWR-48V-AR	Cisco Small Business 48V Power Adapter (Argentina)	Small Business Network Accessories	power	layered	Cables and accessories		Small Business Network Accessories (SB-PWR / RPS1000)	sku ^SB-PWR						
SB-PWR-48V-AU	Cisco Small Business 48V Power Adapter (Australia, New Zealand)	Small Business Network Accessories	power	layered	Cables and accessories		Small Business Network Accessories (SB-PWR / RPS1000)	sku ^SB-PWR						
SB-PWR-48V-BR	Cisco Small Business 48V Power Adapter (Brazil)	Small Business Network Accessories	power	layered	Cables and accessories		Small Business Network Accessories (SB-PWR / RPS1000)	sku ^SB-PWR						
SB-PWR-48V-CN	Cisco Small Business 48V Power Adapter (China)	Small Business Network Accessories	power	layered	Cables and accessories		Small Business Network Accessories (SB-PWR / RPS1000)	sku ^SB-PWR						
SB-PWR-48V-EU	Cisco Small Business 48V Power Adapter (Europe)	Small Business Network Accessories	power	layered	Cables and accessories		Small Business Network Accessories (SB-PWR / RPS1000)	sku ^SB-PWR						
SB-PWR-48V-IN	Cisco Small Business 48V Power Adapter (India)	Small Business Network Accessories	power	layered	Cables and accessories		Small Business Network Accessories (SB-PWR / RPS1000)	sku ^SB-PWR						
SB-PWR-48V-JP	Cisco Small Business 48V Power Adapter (Japan)	Small Business Network Accessories	power	layered	Cables and accessories		Small Business Network Accessories (SB-PWR / RPS1000)	sku ^SB-PWR						
SB-PWR-48V-KR	Cisco Small Business 48V Power Adapter (Korea)	Small Business Network Accessories	power	layered	Cables and accessories		Small Business Network Accessories (SB-PWR / RPS1000)	sku ^SB-PWR						
SB-PWR-48V-NA	Cisco Small Business 48V Power Adapter (North America)	Small Business Network Accessories	power	layered	Cables and accessories		Small Business Network Accessories (SB-PWR / RPS1000)	sku ^SB-PWR						
SB-PWR-48V-UK	Cisco Small Business 48V Power Adapter (United Kingdom)	Small Business Network Accessories	power	layered	Cables and accessories		Small Business Network Accessories (SB-PWR / RPS1000)	sku ^SB-PWR						
SB-PWR-INJ1	Cisco Small Business Gigabit Power over Ethernet Injector	Small Business Network Accessories	power	layered	Cables and accessories		Small Business Network Accessories (SB-PWR / RPS1000)	sku ^SB-PWR						
SB-PWR-INJ1-AU	Cisco Small Business Power over Ethernet Injector (Australia, New Zealand)	Small Business Network Accessories	power	layered	Cables and accessories		Small Business Network Accessories (SB-PWR / RPS1000)	sku ^SB-PWR						
SB-PWR-INJ1-CN	Cisco Small Business Power over Ethernet Injector (China, Hong Kong)	Small Business Network Accessories	power	layered	Cables and accessories		Small Business Network Accessories (SB-PWR / RPS1000)	sku ^SB-PWR						
SB-PWR-INJ1-EU	Cisco Small Business Power over Ethernet Injector (Europe)	Small Business Network Accessories	power	layered	Cables and accessories		Small Business Network Accessories (SB-PWR / RPS1000)	sku ^SB-PWR						
SB-PWR-INJ1-IN	Cisco Small Business Power over Ethernet Injector (India)	Small Business Network Accessories	power	layered	Cables and accessories		Small Business Network Accessories (SB-PWR / RPS1000)	sku ^SB-PWR						
SB-PWR-INJ1-JP	Cisco Small Business Power over Ethernet Injector (Japan)	Small Business Network Accessories	power	layered	Cables and accessories		Small Business Network Accessories (SB-PWR / RPS1000)	sku ^SB-PWR						
SB-PWR-INJ1-NA	Cisco Small Business Power over Ethernet Injector (North America)	Small Business Network Accessories	power	layered	Cables and accessories		Small Business Network Accessories (SB-PWR / RPS1000)	sku ^SB-PWR						
SB-PWR-INJ1-UK	Cisco Small Business Power over Ethernet Injector (United Kingdom)	Small Business Network Accessories	power	layered	Cables and accessories		Small Business Network Accessories (SB-PWR / RPS1000)	sku ^SB-PWR						
SB-PWR-INJ2	Cisco Gigabit Power over Ethernet Injector-30W	Small Business Network Accessories	power	layered	Cables and accessories		Small Business Network Accessories (SB-PWR / RPS1000)	sku ^SB-PWR						
SB-PWR-INJ2-AR	Cisco Small Business Power over Ethernet Injector-30W (Argentina)	Small Business Network Accessories	power	layered	Cables and accessories		Small Business Network Accessories (SB-PWR / RPS1000)	sku ^SB-PWR						
SB-PWR-INJ2-AU	Cisco Small Business Power over Ethernet Injector-30W (Australia, New Zealand)	Small Business Network Accessories	power	layered	Cables and accessories		Small Business Network Accessories (SB-PWR / RPS1000)	sku ^SB-PWR						
SB-PWR-INJ2-BR	Cisco Small Business Power over Ethernet Injector-30W (Brazil)	Small Business Network Accessories	power	layered	Cables and accessories		Small Business Network Accessories (SB-PWR / RPS1000)	sku ^SB-PWR						
SB-PWR-INJ2-CN	Cisco Small Business Power over Ethernet Injector-30W (China, Hong Kong)	Small Business Network Accessories	power	layered	Cables and accessories		Small Business Network Accessories (SB-PWR / RPS1000)	sku ^SB-PWR						
SB-PWR-INJ2-EU	Cisco Small Business Power over Ethernet Injector-30W (Europe)	Small Business Network Accessories	power	layered	Cables and accessories		Small Business Network Accessories (SB-PWR / RPS1000)	sku ^SB-PWR						
SB-PWR-INJ2-IN	Cisco Gigabit Power over Ethernet Injector-30W	Small Business Network Accessories	power	layered	Cables and accessories		Small Business Network Accessories (SB-PWR / RPS1000)	sku ^SB-PWR						
SB-PWR-INJ2-JP	Cisco Gigabit Power over Ethernet Injector-30W	Small Business Network Accessories	power	layered	Cables and accessories		Small Business Network Accessories (SB-PWR / RPS1000)	sku ^SB-PWR						
SB-PWR-INJ2-KR	Cisco Small Business Power over Ethernet Injector-30W (Korea)	Small Business Network Accessories	power	layered	Cables and accessories		Small Business Network Accessories (SB-PWR / RPS1000)	sku ^SB-PWR						
SB-PWR-INJ2-NA	Cisco Small Business Power over Ethernet Injector-30W (North America)	Small Business Network Accessories	power	layered	Cables and accessories		Small Business Network Accessories (SB-PWR / RPS1000)	sku ^SB-PWR						
SB-PWR-INJ2-UK	Cisco Small Business Power over Ethernet Injector-30W (United Kingdom)	Small Business Network Accessories	power	layered	Cables and accessories		Small Business Network Accessories (SB-PWR / RPS1000)	sku ^SB-PWR						
SD-X45-2GB-E	Cisco Catalyst 4500 2 GB SD Memory Card for Supervisor 8-E	Network Modules	memory	pending_plan								move switches		
SM-2GE-SFP-CU	2 port GE SFP service module	2900 ISR	interface	layered	Interface cards (NIM / SM-X / HWIC / SPA / PVDM / VIC / cellular)		SM-X and SM Service Modules	sku ^SM-(?!X|SRE-|DSK-|HDDB?-SATA|MEM-VLP|[0-9]{2}$)						
SM-2GE-SFP-CU=	2 port GE SFP service module	2900 ISR	interface	layered	Interface cards (NIM / SM-X / HWIC / SPA / PVDM / VIC / cellular)		SM-X and SM Service Modules	sku ^SM-(?!X|SRE-|DSK-|HDDB?-SATA|MEM-VLP|[0-9]{2}$)						
SM-32A	32 port Asynchronous Module	High-Speed WAN Interface Cards	interface	layered	Interface cards (NIM / SM-X / HWIC / SPA / PVDM / VIC / cellular)		SM-X and SM Service Modules	sku ^SM-(?!X|SRE-|DSK-|HDDB?-SATA|MEM-VLP|[0-9]{2}$)						
SM-32A=	32 port Asynchronous Module	2900 ISR	interface	layered	Interface cards (NIM / SM-X / HWIC / SPA / PVDM / VIC / cellular)		SM-X and SM Service Modules	sku ^SM-(?!X|SRE-|DSK-|HDDB?-SATA|MEM-VLP|[0-9]{2}$)						
SM-BLANK-KIT=	Blank faceplate for SM slot with divider on Cisco 2951 & 3925 (only as spare)	2900 ISR	mechanical	layered	Interface cards (NIM / SM-X / HWIC / SPA / PVDM / VIC / cellular)		SM-X and SM Service Modules	sku ^SM-(?!X|SRE-|DSK-|HDDB?-SATA|MEM-VLP|[0-9]{2}$)						
SM-D-ES2-48	Enhanced EtherSwitch, L2, SM, 48 FE, 2 SFP	Network Modules	interface	layered	Interface cards (NIM / SM-X / HWIC / SPA / PVDM / VIC / cellular)		SM-X and SM Service Modules	sku ^SM-(?!X|SRE-|DSK-|HDDB?-SATA|MEM-VLP|[0-9]{2}$)						
SM-D-ES2-48=	Enhanced EtherSwitch, L2, SM, 48 FE, 2 SFP	Network Modules	interface	layered	Interface cards (NIM / SM-X / HWIC / SPA / PVDM / VIC / cellular)		SM-X and SM Service Modules	sku ^SM-(?!X|SRE-|DSK-|HDDB?-SATA|MEM-VLP|[0-9]{2}$)						
SM-D-ES3-48-P	Enhcd EtherSwitch, L2/L3, SM, 48 FE, 2 SFP, POE	Network Modules	interface	layered	Interface cards (NIM / SM-X / HWIC / SPA / PVDM / VIC / cellular)		SM-X and SM Service Modules	sku ^SM-(?!X|SRE-|DSK-|HDDB?-SATA|MEM-VLP|[0-9]{2}$)						
SM-D-ES3-48-P=	Enhcd EtherSwitch, L2/L3, SM, 48 FE, 2 SFP, POE	Network Modules	interface	layered	Interface cards (NIM / SM-X / HWIC / SPA / PVDM / VIC / cellular)		SM-X and SM Service Modules	sku ^SM-(?!X|SRE-|DSK-|HDDB?-SATA|MEM-VLP|[0-9]{2}$)						
SM-D-ES3G-48-P	Enhcd EtherSwitch, L2/L3, SM, 48 GE, 2 SFP, POE	Network Modules	interface	layered	Interface cards (NIM / SM-X / HWIC / SPA / PVDM / VIC / cellular)		SM-X and SM Service Modules	sku ^SM-(?!X|SRE-|DSK-|HDDB?-SATA|MEM-VLP|[0-9]{2}$)						
SM-D-ES3G-48-P=	Enhcd EtherSwitch, L2/L3, SM, 48 GE, 2 SFP, POE	Network Modules	interface	layered	Interface cards (NIM / SM-X / HWIC / SPA / PVDM / VIC / cellular)		SM-X and SM Service Modules	sku ^SM-(?!X|SRE-|DSK-|HDDB?-SATA|MEM-VLP|[0-9]{2}$)						
SM-DSK-SATA-500GB=	Spare 50-GB hard disk for SM-SRE-900-K9	2900 ISR	memory	pending_plan								move servers-unified-computing		
SM-ES2-16-P	Enhanced EtherSwitch, L2, SM, 15 FE, 1 GE, POE	Network Modules	interface	layered	Interface cards (NIM / SM-X / HWIC / SPA / PVDM / VIC / cellular)		SM-X and SM Service Modules	sku ^SM-(?!X|SRE-|DSK-|HDDB?-SATA|MEM-VLP|[0-9]{2}$)						
SM-ES2-16-P=	Enhanced EtherSwitch, L2, SM, 15 FE, 1 GE, POE	Network Modules	interface	layered	Interface cards (NIM / SM-X / HWIC / SPA / PVDM / VIC / cellular)		SM-X and SM Service Modules	sku ^SM-(?!X|SRE-|DSK-|HDDB?-SATA|MEM-VLP|[0-9]{2}$)						
SM-ES2-24	Enhanced EtherSwitch, L2, SM, 23 FE, 1 GE	Network Modules	interface	layered	Interface cards (NIM / SM-X / HWIC / SPA / PVDM / VIC / cellular)		SM-X and SM Service Modules	sku ^SM-(?!X|SRE-|DSK-|HDDB?-SATA|MEM-VLP|[0-9]{2}$)						
SM-ES2-24-P	Enhanced EtherSwitch, L2, SM, 23 FE, 1 GE, POE	Network Modules	interface	layered	Interface cards (NIM / SM-X / HWIC / SPA / PVDM / VIC / cellular)		SM-X and SM Service Modules	sku ^SM-(?!X|SRE-|DSK-|HDDB?-SATA|MEM-VLP|[0-9]{2}$)						
SM-ES2-24-P=	Enhanced EtherSwitch, L2, SM, 23 FE, 1 GE, POE	Network Modules	interface	layered	Interface cards (NIM / SM-X / HWIC / SPA / PVDM / VIC / cellular)		SM-X and SM Service Modules	sku ^SM-(?!X|SRE-|DSK-|HDDB?-SATA|MEM-VLP|[0-9]{2}$)						
SM-ES2-24=	Enhanced EtherSwitch, L2, SM, 23 FE, 1 GE	Network Modules	interface	layered	Interface cards (NIM / SM-X / HWIC / SPA / PVDM / VIC / cellular)		SM-X and SM Service Modules	sku ^SM-(?!X|SRE-|DSK-|HDDB?-SATA|MEM-VLP|[0-9]{2}$)						
SM-ES3-16-P	Enhcd EtherSwitch, L2/L3, SM, 15 FE, 1 GE, POE	Network Modules	interface	layered	Interface cards (NIM / SM-X / HWIC / SPA / PVDM / VIC / cellular)		SM-X and SM Service Modules	sku ^SM-(?!X|SRE-|DSK-|HDDB?-SATA|MEM-VLP|[0-9]{2}$)						
SM-ES3-16-P=	Enhcd EtherSwitch, L2/L3, SM, 15 FE, 1 GE, POE	Network Modules	interface	layered	Interface cards (NIM / SM-X / HWIC / SPA / PVDM / VIC / cellular)		SM-X and SM Service Modules	sku ^SM-(?!X|SRE-|DSK-|HDDB?-SATA|MEM-VLP|[0-9]{2}$)						
SM-ES3-24-P	Enhcd EtherSwitch, L2/L3, SM, 23 FE, 1 GE, POE	Network Modules	interface	layered	Interface cards (NIM / SM-X / HWIC / SPA / PVDM / VIC / cellular)		SM-X and SM Service Modules	sku ^SM-(?!X|SRE-|DSK-|HDDB?-SATA|MEM-VLP|[0-9]{2}$)						
SM-ES3-24-P=	Enhcd EtherSwitch, L2/L3, SM, 23 FE, 1 GE, POE	Network Modules	interface	layered	Interface cards (NIM / SM-X / HWIC / SPA / PVDM / VIC / cellular)		SM-X and SM Service Modules	sku ^SM-(?!X|SRE-|DSK-|HDDB?-SATA|MEM-VLP|[0-9]{2}$)						
SM-ES3G-16-P	Enhcd EtherSwitch, L2/L3, SM, 16GE, POE	Network Modules	interface	layered	Interface cards (NIM / SM-X / HWIC / SPA / PVDM / VIC / cellular)		SM-X and SM Service Modules	sku ^SM-(?!X|SRE-|DSK-|HDDB?-SATA|MEM-VLP|[0-9]{2}$)						
SM-ES3G-16-P=	Enhcd EtherSwitch, L2/L3, SM, 16GE, POE	Network Modules	interface	layered	Interface cards (NIM / SM-X / HWIC / SPA / PVDM / VIC / cellular)		SM-X and SM Service Modules	sku ^SM-(?!X|SRE-|DSK-|HDDB?-SATA|MEM-VLP|[0-9]{2}$)						
SM-ES3G-24-P	Enhcd EtherSwitch, L2/L3, SM, 24 GE, POE	Network Modules	interface	layered	Interface cards (NIM / SM-X / HWIC / SPA / PVDM / VIC / cellular)		SM-X and SM Service Modules	sku ^SM-(?!X|SRE-|DSK-|HDDB?-SATA|MEM-VLP|[0-9]{2}$)						
SM-ES3G-24-P=	Enhcd EtherSwitch, L2/L3, SM, 24 GE, POE	Network Modules	interface	layered	Interface cards (NIM / SM-X / HWIC / SPA / PVDM / VIC / cellular)		SM-X and SM Service Modules	sku ^SM-(?!X|SRE-|DSK-|HDDB?-SATA|MEM-VLP|[0-9]{2}$)						
SM-NM-ADPTR	Network Module Adapter for SM Slot on Cisco 2900, 3900 ISR (Both system & spare)	High-Speed WAN Interface Cards	accessory	layered	Interface cards (NIM / SM-X / HWIC / SPA / PVDM / VIC / cellular)		SM-X and SM Service Modules	sku ^SM-(?!X|SRE-|DSK-|HDDB?-SATA|MEM-VLP|[0-9]{2}$)						
SM-NM-ADPTR-S	Network Module Adapter for SM Slot on Cisco 2900, 3900 ISR	Network Modules	accessory	layered	Interface cards (NIM / SM-X / HWIC / SPA / PVDM / VIC / cellular)		SM-X and SM Service Modules	sku ^SM-(?!X|SRE-|DSK-|HDDB?-SATA|MEM-VLP|[0-9]{2}$)						
SM-NM-ADPTR=	Network Module Adapter for SM Slot on Cisco 2900, 3900 ISR	Network Modules	accessory	layered	Interface cards (NIM / SM-X / HWIC / SPA / PVDM / VIC / cellular)		SM-X and SM Service Modules	sku ^SM-(?!X|SRE-|DSK-|HDDB?-SATA|MEM-VLP|[0-9]{2}$)						
SM-S-BLANK	Removable faceplate for SM slot on Cisco 2900,3900,4400 ISR	4000 ISR	mechanical	layered	Interface cards (NIM / SM-X / HWIC / SPA / PVDM / VIC / cellular)		SM-X and SM Service Modules	sku ^SM-(?!X|SRE-|DSK-|HDDB?-SATA|MEM-VLP|[0-9]{2}$)						
SM-S-BLANK=	Removable faceplate for SM slot on Cisco 2900, 3900 ISR (only as spare)	2900 ISR	mechanical	layered	Interface cards (NIM / SM-X / HWIC / SPA / PVDM / VIC / cellular)		SM-X and SM Service Modules	sku ^SM-(?!X|SRE-|DSK-|HDDB?-SATA|MEM-VLP|[0-9]{2}$)						
SM-SLOT-DIVIDER=	SM Slot Divider (Guide) for Cisco 2900, 3900 ISR (only as spare)	2900 ISR	mechanical	layered	Interface cards (NIM / SM-X / HWIC / SPA / PVDM / VIC / cellular)		SM-X and SM Service Modules	sku ^SM-(?!X|SRE-|DSK-|HDDB?-SATA|MEM-VLP|[0-9]{2}$)						
SM-SRE-700-K9	2-GB DRAM, 512-MB flash storage, 500GB hard disk, field- replaceable hard disk	Network Modules	module	pending_plan								move servers-unified-computing		
SM-SRE-900-K9	4GB DRAM, 2GB flash storage, 2 x 500GB hard disk (1 TB storage), embedded cryptography chip, RAID 0/1 support, hot swappable hard disk.	Network Modules	module	pending_plan								move servers-unified-computing		
SM-X-16FXS/2FXO	Single-Wide High Density Analog Voice Service Module with 16 FXS and 2 FXO	Catalyst 8300	interface	layered	Interface cards (NIM / SM-X / HWIC / SPA / PVDM / VIC / cellular)		SM-X and SM Service Modules	sku ^SM-X						
SM-X-16G4M2X	Cisco SM 16-port 1G, 4-port 2.5 mGig & 2-port 10G SFP/SFP+	4000 ISR	interface	layered	Interface cards (NIM / SM-X / HWIC / SPA / PVDM / VIC / cellular)		SM-X and SM Service Modules	sku ^SM-X						
SM-X-16G4M2X=	Cisco 16-port 1G, 4-port 2.5mGig, 2-port 10GSFP/SFP+ (Spare)	Network Modules	interface	layered	Interface cards (NIM / SM-X / HWIC / SPA / PVDM / VIC / cellular)		SM-X and SM Service Modules	sku ^SM-X						
SM-X-1T3/E3	One-port clear-channel T3/E3 Service Module	Catalyst 8300	interface	layered	Interface cards (NIM / SM-X / HWIC / SPA / PVDM / VIC / cellular)		SM-X and SM Service Modules	sku ^SM-X						
SM-X-1T3/E3++=	One port T3/E3 Service module	Network Modules	interface	layered	Interface cards (NIM / SM-X / HWIC / SPA / PVDM / VIC / cellular)		SM-X and SM Service Modules	sku ^SM-X						
SM-X-1T3/E3=	One port T3/E3 Service module	Network Modules	interface	layered	Interface cards (NIM / SM-X / HWIC / SPA / PVDM / VIC / cellular)		SM-X and SM Service Modules	sku ^SM-X						
SM-X-24FXS/4FXO	Single-Wide High Density Analog Voice Service Module with 24 FXS and 4 FXO	Catalyst 8300	interface	layered	Interface cards (NIM / SM-X / HWIC / SPA / PVDM / VIC / cellular)		SM-X and SM Service Modules	sku ^SM-X						
SM-X-40G8M2X	Cisco SM 40-port 1G, 8-port 2.5 mGig & 2-port 10G SFP/SFP+	4000 ISR	interface	layered	Interface cards (NIM / SM-X / HWIC / SPA / PVDM / VIC / cellular)		SM-X and SM Service Modules	sku ^SM-X						
SM-X-40G8M2X=	Cisco 40-port1G, 8-port 2.5mGig & 2-port 10GSFP/SFP+ (Spare)	Network Modules	interface	layered	Interface cards (NIM / SM-X / HWIC / SPA / PVDM / VIC / cellular)		SM-X and SM Service Modules	sku ^SM-X						
SM-X-4X1G-1X10G	SM-X module with 4-port dual-mode GE/SFP or 1-port 10G SFP+	4000 ISR	interface	layered	Interface cards (NIM / SM-X / HWIC / SPA / PVDM / VIC / cellular)		SM-X and SM Service Modules	sku ^SM-X						
SM-X-4X1G-1X10G=	SM-X module with 4-port dual-mode GE/SFP or 1-port 10G SFP+	4000 ISR	interface	layered	Interface cards (NIM / SM-X / HWIC / SPA / PVDM / VIC / cellular)		SM-X and SM Service Modules	sku ^SM-X						
SM-X-64A	64-port Asynchronous Module	XE SD-WAN	interface	layered	Interface cards (NIM / SM-X / HWIC / SPA / PVDM / VIC / cellular)		SM-X and SM Service Modules	sku ^SM-X						
SM-X-6X1G	SM-X module with 6-port dual-mode GE / SFP	4000 ISR	interface	layered	Interface cards (NIM / SM-X / HWIC / SPA / PVDM / VIC / cellular)		SM-X and SM Service Modules	sku ^SM-X						
SM-X-6X1G=	SM-X module with 6-port dual-mode GE / SFP	4000 ISR	interface	layered	Interface cards (NIM / SM-X / HWIC / SPA / PVDM / VIC / cellular)		SM-X and SM Service Modules	sku ^SM-X						
SM-X-72FXS	Double-Wide High Density Analog Voice Service Module with 72 FXS	Catalyst 8300	interface	layered	Interface cards (NIM / SM-X / HWIC / SPA / PVDM / VIC / cellular)		SM-X and SM Service Modules	sku ^SM-X						
SM-X-8FXS/12FXO	Single-Wide High Density Analog Voice Service Module with 8 FXS and 12 FXO	Catalyst 8300	interface	layered	Interface cards (NIM / SM-X / HWIC / SPA / PVDM / VIC / cellular)		SM-X and SM Service Modules	sku ^SM-X						
SM-X-ES3-16-P	SM-X EtherSwitch SM, Layer 2/3 switching, 16 ports GE, POE+ capable	4000 ISR	interface	layered	Interface cards (NIM / SM-X / HWIC / SPA / PVDM / VIC / cellular)		SM-X and SM Service Modules	sku ^SM-X						
SM-X-ES3-16-P++=	SM-X EtherSwitch, L2/L3, SM, 16 GE, POE+	Network Modules	interface	layered	Interface cards (NIM / SM-X / HWIC / SPA / PVDM / VIC / cellular)		SM-X and SM Service Modules	sku ^SM-X						
SM-X-ES3-16-P=	SM-X EtherSwitch, L2/L3, SM, 16 GE, POE+	Network Modules	interface	layered	Interface cards (NIM / SM-X / HWIC / SPA / PVDM / VIC / cellular)		SM-X and SM Service Modules	sku ^SM-X						
SM-X-ES3-24-P	SM-X EtherSwitch SM, Layer 2/3 switching, 24 ports Gigabit GE, POE+ capable	4000 ISR	interface	layered	Interface cards (NIM / SM-X / HWIC / SPA / PVDM / VIC / cellular)		SM-X and SM Service Modules	sku ^SM-X						
SM-X-ES3-24-P++=	SM-X EtherSwitch, L2/L3, SM, 24 GE, POE+	Network Modules	interface	layered	Interface cards (NIM / SM-X / HWIC / SPA / PVDM / VIC / cellular)		SM-X and SM Service Modules	sku ^SM-X						
SM-X-ES3-24-P-T	SM-X EtherSwitch, L2/L3, SM, 24 GE, POE+ TT	2900 ISR	interface	layered	Interface cards (NIM / SM-X / HWIC / SPA / PVDM / VIC / cellular)		SM-X and SM Service Modules	sku ^SM-X						
SM-X-ES3-24-P-T=	SM-X EtherSwitch, L2/L3, SM, 24 GE, POE+ TT	2900 ISR	interface	layered	Interface cards (NIM / SM-X / HWIC / SPA / PVDM / VIC / cellular)		SM-X and SM Service Modules	sku ^SM-X						
SM-X-ES3-24-P=	SM-X EtherSwitch, L2/L3, SM, 24 GE, POE+	Network Modules	interface	layered	Interface cards (NIM / SM-X / HWIC / SPA / PVDM / VIC / cellular)		SM-X and SM Service Modules	sku ^SM-X						
SM-X-ES3D-48-P	SM-X EtherSwitch SM, Layer 2/3 switching, 48 ports Gigabit GE, 2 ports Small Form factor Pluggable (SFP), POE+ capable	4000 ISR	interface	layered	Interface cards (NIM / SM-X / HWIC / SPA / PVDM / VIC / cellular)		SM-X and SM Service Modules	sku ^SM-X						
SM-X-ES3D-48-P++=	SM-X EtherSwitch, L2/L3, SM, 48 GE, 2 SFP, POE+	Network Modules	interface	layered	Interface cards (NIM / SM-X / HWIC / SPA / PVDM / VIC / cellular)		SM-X and SM Service Modules	sku ^SM-X						
SM-X-ES3D-48-P=	SM-X EtherSwitch, L2/L3, SM, 48 GE, 2 SFP, POE+	Network Modules	interface	layered	Interface cards (NIM / SM-X / HWIC / SPA / PVDM / VIC / cellular)		SM-X and SM Service Modules	sku ^SM-X						
SM-X-NIM-ADPTR=	SM-X Adapter for one NIM module for Cisco 4000 Series ISR	4000 ISR	mechanical	layered	Interface cards (NIM / SM-X / HWIC / SPA / PVDM / VIC / cellular)		SM-X and SM Service Modules	sku ^SM-X						
SM-X-PVDM-1000	1024-channel high-density voice DSP module	Catalyst 8300	interface	layered	Interface cards (NIM / SM-X / HWIC / SPA / PVDM / VIC / cellular)		SM-X and SM Service Modules	sku ^SM-X						
SM-X-PVDM-2000	2048-channel high-density voice DSP module	Catalyst 8300	interface	layered	Interface cards (NIM / SM-X / HWIC / SPA / PVDM / VIC / cellular)		SM-X and SM Service Modules	sku ^SM-X						
SM-X-PVDM-3000	3080-channel high-density voice DSP module	Catalyst 8300	interface	layered	Interface cards (NIM / SM-X / HWIC / SPA / PVDM / VIC / cellular)		SM-X and SM Service Modules	sku ^SM-X						
SM-X-PVDM-500	768-channel high-density voice DSP module	Catalyst 8300	interface	layered	Interface cards (NIM / SM-X / HWIC / SPA / PVDM / VIC / cellular)		SM-X and SM Service Modules	sku ^SM-X						
SMLT-A	Cisco SMLT-A	High-Speed WAN Interface Cards	unknown	pending_plan								class non_product		
SMLT-C	Cisco SMLT-C	High-Speed WAN Interface Cards	unknown	pending_plan								class non_product		
SMLT-J	Cisco SMLT-J	High-Speed WAN Interface Cards	unknown	pending_plan								class non_product		
SPA-10X1GE	Cisco 10-Port Gigabit Ethernet Shared Port Adapter	Line cards	interface	layered	Interface cards (NIM / SM-X / HWIC / SPA / PVDM / VIC / cellular)		SPA Shared Port Adapters	sku ^SPA-						
SPA-10X1GE-V2	Cisco 10-Port Gigabit Ethernet Shared Port Adapter, Version 2	ASR 1000	interface	layered	Interface cards (NIM / SM-X / HWIC / SPA / PVDM / VIC / cellular)		SPA Shared Port Adapters	sku ^SPA-						
SPA-10X1GE-V2=	Cisco 10-Port Gigabit Ethernet Shared Port Adapter, Spare	Shared Port Adapters/SPA Interface Processors	interface	layered	Interface cards (NIM / SM-X / HWIC / SPA / PVDM / VIC / cellular)		SPA Shared Port Adapters	sku ^SPA-						
SPA-10X1GE=	Cisco 10-Port Gigabit Ethernet Shared Port Adapter, Spare	Shared Port Adapters/SPA Interface Processors	interface	layered	Interface cards (NIM / SM-X / HWIC / SPA / PVDM / VIC / cellular)		SPA Shared Port Adapters	sku ^SPA-						
SPA-1CHOC3-CE-ATM	Cisco 1 Port Channelized OC3/STM-1 ATM and Circuit Emulation SPA	ASR 9000	interface	layered	Interface cards (NIM / SM-X / HWIC / SPA / PVDM / VIC / cellular)		SPA Shared Port Adapters	sku ^SPA-						
SPA-1CHOC3-CE-ATM=	1 Port Channelized OC3/STM-1 ATM and Circuit Emulation SPA	ASR 1000	interface	layered	Interface cards (NIM / SM-X / HWIC / SPA / PVDM / VIC / cellular)		SPA Shared Port Adapters	sku ^SPA-						
SPA-1CHOC3-CE-ATMW	1 Port OC3 SPA with CeOPS and ATM	ASR 1000	interface	layered	Interface cards (NIM / SM-X / HWIC / SPA / PVDM / VIC / cellular)		SPA Shared Port Adapters	sku ^SPA-						
SPA-1CHSTM1/OC3V2	Cisco 1-port Channelized STM-1/OC-3c to DS0 Shared Port Adapter, Version 2	ASR 1000	interface	layered	Interface cards (NIM / SM-X / HWIC / SPA / PVDM / VIC / cellular)		SPA Shared Port Adapters	sku ^SPA-						
SPA-1CHSTM1/OC3V2=	Cisco SPA-1CHSTM1/OC3V2=	Shared Port Adapters/SPA Interface Processors	interface	layered	Interface cards (NIM / SM-X / HWIC / SPA / PVDM / VIC / cellular)		SPA Shared Port Adapters	sku ^SPA-						
SPA-1X10GE-L-ITUC	Cisco 1-Port 10GE, C-Band Tunable, WDM-PHY Shared Port Adapter (for LAN PHY Applications)	Shared Port Adapters/SPA Interface Processors	interface	layered	Interface cards (NIM / SM-X / HWIC / SPA / PVDM / VIC / cellular)		SPA Shared Port Adapters	sku ^SPA-						
SPA-1X10GE-L-ITUC=	Cisco 1-port 10GE ITU C-Band SPA	Shared Port Adapters/SPA Interface Processors	interface	layered	Interface cards (NIM / SM-X / HWIC / SPA / PVDM / VIC / cellular)		SPA Shared Port Adapters	sku ^SPA-						
SPA-1X10GE-L-V2	Cisco 1-Port 10 Gigabit Ethernet Shared Port Adapter, Version 2	ASR 1000	interface	layered	Interface cards (NIM / SM-X / HWIC / SPA / PVDM / VIC / cellular)		SPA Shared Port Adapters	sku ^SPA-						
SPA-1X10GE-L-V2=	Cisco 1-Port 10 Gigabit Ethernet Shared Port Adapter, spare	Shared Port Adapters/SPA Interface Processors	interface	layered	Interface cards (NIM / SM-X / HWIC / SPA / PVDM / VIC / cellular)		SPA Shared Port Adapters	sku ^SPA-						
SPA-1X10GE-V2	Cisco SPA-1X10GE-V2	Catalyst 6500	interface	layered	Interface cards (NIM / SM-X / HWIC / SPA / PVDM / VIC / cellular)		SPA Shared Port Adapters	sku ^SPA-						
SPA-1X10GE-WL-V2	Cisco 10 GE WAN PHY Shared Port Adapter introduces 10-GE connectivity based on IEEE 802.3ae in configurable WAN and LAN modes in a single-height, modular I/O form factor	ASR 1000	interface	layered	Interface cards (NIM / SM-X / HWIC / SPA / PVDM / VIC / cellular)		SPA Shared Port Adapters	sku ^SPA-						
SPA-1X10GE-WL-V2=	Cisco 1-Port 10-Gigabit Ethernet LAN/WAN PHY Shared Port Adapter, spare	Shared Port Adapters/SPA Interface Processors	interface	layered	Interface cards (NIM / SM-X / HWIC / SPA / PVDM / VIC / cellular)		SPA Shared Port Adapters	sku ^SPA-						
SPA-1XCHOC12/DS0	1-port Channelized OC12 to DS0 SPA ( End-of-Sale )	ASR 1000	interface	layered	Interface cards (NIM / SM-X / HWIC / SPA / PVDM / VIC / cellular)		SPA Shared Port Adapters	sku ^SPA-						
SPA-1XCHOC12/DS0=	1-port Channelized OC12 to DS0 SPA	Shared Port Adapters/SPA Interface Processors	interface	layered	Interface cards (NIM / SM-X / HWIC / SPA / PVDM / VIC / cellular)		SPA Shared Port Adapters	sku ^SPA-						
SPA-1XCHOC48/DS3	Cisco 1-port Channelized OC48/STM-16 SPA	Catalyst 6500	interface	layered	Interface cards (NIM / SM-X / HWIC / SPA / PVDM / VIC / cellular)		SPA Shared Port Adapters	sku ^SPA-						
SPA-1XCHOC48/DS3=	1-port Channelized OC48 to DS3 SPA	Shared Port Adapters/SPA Interface Processors	interface	layered	Interface cards (NIM / SM-X / HWIC / SPA / PVDM / VIC / cellular)		SPA Shared Port Adapters	sku ^SPA-						
SPA-1XCHSTM1/OC3	Cisco 1-port Channelized STM-1/OC-3c to DS-0 Shared Port Adapter	ASR 9000	interface	layered	Interface cards (NIM / SM-X / HWIC / SPA / PVDM / VIC / cellular)		SPA Shared Port Adapters	sku ^SPA-						
SPA-1XCHSTM1/OC3-V2	Cisco SPA-1XCHSTM1/OC3-V2	Catalyst 6500	interface	layered	Interface cards (NIM / SM-X / HWIC / SPA / PVDM / VIC / cellular)		SPA Shared Port Adapters	sku ^SPA-						
SPA-1XCHSTM1/OC3=	1-port Channelized STM-1/OC-3c to DS0 Shared Port Adapter	Shared Port Adapters/SPA Interface Processors	interface	layered	Interface cards (NIM / SM-X / HWIC / SPA / PVDM / VIC / cellular)		SPA Shared Port Adapters	sku ^SPA-						
SPA-1XOC12-ATM	Cisco 1-Port OC12c/STM4c ATM Shared Port Adapter	Catalyst 6500	interface	layered	Interface cards (NIM / SM-X / HWIC / SPA / PVDM / VIC / cellular)		SPA Shared Port Adapters	sku ^SPA-						
SPA-1XOC12-ATM-V2	Cisco 1-Port OC12 STM Shared Port Adapter ( End-of-Sale )	ASR 1000	interface	layered	Interface cards (NIM / SM-X / HWIC / SPA / PVDM / VIC / cellular)		SPA Shared Port Adapters	sku ^SPA-						
SPA-1XOC12-ATM-V2=	1 port OC12 STM Shared Port Adapter	Shared Port Adapters/SPA Interface Processors	interface	layered	Interface cards (NIM / SM-X / HWIC / SPA / PVDM / VIC / cellular)		SPA Shared Port Adapters	sku ^SPA-						
SPA-1XOC12-ATM=	1-port OC-12c/STM-4 ATM Shared Port Adapter	Shared Port Adapters/SPA Interface Processors	interface	layered	Interface cards (NIM / SM-X / HWIC / SPA / PVDM / VIC / cellular)		SPA Shared Port Adapters	sku ^SPA-						
SPA-1XOC12-POS	Cisco 1-Port OC-12c/STM-4c POS Shared Port Adapter	Catalyst 6500	interface	layered	Interface cards (NIM / SM-X / HWIC / SPA / PVDM / VIC / cellular)		SPA Shared Port Adapters	sku ^SPA-						
SPA-1XOC12-POS-V2	Cisco 1-Port OC12/STM4 POS Shared Port Adapter	ASR 1000	interface	layered	Interface cards (NIM / SM-X / HWIC / SPA / PVDM / VIC / cellular)		SPA Shared Port Adapters	sku ^SPA-						
SPA-1XOC12-POS-V2=	SPA-2XOC12-POS spare with a license to use 1 port	ASR 1000	interface	layered	Interface cards (NIM / SM-X / HWIC / SPA / PVDM / VIC / cellular)		SPA Shared Port Adapters	sku ^SPA-						
SPA-1XOC12-POS=	1-port OC12/STM4 POS Shared Port Adapters	Shared Port Adapters/SPA Interface Processors	interface	layered	Interface cards (NIM / SM-X / HWIC / SPA / PVDM / VIC / cellular)		SPA Shared Port Adapters	sku ^SPA-						
SPA-1XOC3-ATM-V2	Cisco 1-Port Clear Channel OC3 ATM Shared Port Adapter ( End-of-Sale )	ASR 9000	interface	layered	Interface cards (NIM / SM-X / HWIC / SPA / PVDM / VIC / cellular)		SPA Shared Port Adapters	sku ^SPA-						
SPA-1XOC3-ATM-V2-C	1 port OC-3c/STM-1 ATM SPA, China Special	Shared Port Adapters/SPA Interface Processors	interface	layered	Interface cards (NIM / SM-X / HWIC / SPA / PVDM / VIC / cellular)		SPA Shared Port Adapters	sku ^SPA-						
SPA-1XOC3-ATM-V2=	1 port OC3/STM1 ATM Shared Port Adapter	Shared Port Adapters/SPA Interface Processors	interface	layered	Interface cards (NIM / SM-X / HWIC / SPA / PVDM / VIC / cellular)		SPA Shared Port Adapters	sku ^SPA-						
SPA-1XOC3-CE	Cisco SPA-1XOC3-CE	Catalyst 6500	interface	layered	Interface cards (NIM / SM-X / HWIC / SPA / PVDM / VIC / cellular)		SPA Shared Port Adapters	sku ^SPA-						
SPA-1XOC48-ATM	Cisco 1-Port OC-48c/STM-16 ATM Shared Port Adapter	Catalyst 6500	interface	layered	Interface cards (NIM / SM-X / HWIC / SPA / PVDM / VIC / cellular)		SPA Shared Port Adapters	sku ^SPA-						
SPA-1XOC48-ATM=	Cisco 1-Port OC-48c/STM-16 ATM Shared Port Adapter, spare	Shared Port Adapters/SPA Interface Processors	interface	layered	Interface cards (NIM / SM-X / HWIC / SPA / PVDM / VIC / cellular)		SPA Shared Port Adapters	sku ^SPA-						
SPA-1XOC48-POS	Cisco SPA-1XOC48-POS	Catalyst 6500	interface	layered	Interface cards (NIM / SM-X / HWIC / SPA / PVDM / VIC / cellular)		SPA Shared Port Adapters	sku ^SPA-						
SPA-1XOC48-POS/RPR	Cisco 1-port OC48/STM16 POS/RPR Shared Port Adapter	ASR 1000	interface	layered	Interface cards (NIM / SM-X / HWIC / SPA / PVDM / VIC / cellular)		SPA Shared Port Adapters	sku ^SPA-						
SPA-1XOC48POS/RPR	Cisco 1-Port OC-48c/STM-16c POS/RPR Shared Port Adapter (POS mode only)	Shared Port Adapters/SPA Interface Processors	interface	layered	Interface cards (NIM / SM-X / HWIC / SPA / PVDM / VIC / cellular)		SPA Shared Port Adapters	sku ^SPA-						
SPA-1XTENGE-XFP	1-port 10Gigabit Ethernet Shared Port Adapter XFP based	Line cards	interface	layered	Interface cards (NIM / SM-X / HWIC / SPA / PVDM / VIC / cellular)		SPA Shared Port Adapters	sku ^SPA-						
SPA-1XTENGE-XFP=	Cisco 1-Port 10 Gigabit Ethernet Shared Port Adapter, Spare	Shared Port Adapters/SPA Interface Processors	interface	layered	Interface cards (NIM / SM-X / HWIC / SPA / PVDM / VIC / cellular)		SPA Shared Port Adapters	sku ^SPA-						
SPA-24CHT1-CE-ATM	Cisco 24-Port T1/E1 Circuit Emulation over Packet Shared Port Adapter	ASR 9000	interface	layered	Interface cards (NIM / SM-X / HWIC / SPA / PVDM / VIC / cellular)		SPA Shared Port Adapters	sku ^SPA-						
SPA-24XT1E1-CE	Cisco SPA-24XT1E1-CE	Catalyst 6500	interface	layered	Interface cards (NIM / SM-X / HWIC / SPA / PVDM / VIC / cellular)		SPA Shared Port Adapters	sku ^SPA-						
SPA-2CHT3-CE-ATM	Cisco 2-Port T3/E3 Circuit Emulation over Packet Shared Port Adapter	ASR 9000	interface	layered	Interface cards (NIM / SM-X / HWIC / SPA / PVDM / VIC / cellular)		SPA Shared Port Adapters	sku ^SPA-						
SPA-2X1GE	Cisco 2-Port Gigabit Ethernet Shared Port Adapter	Catalyst 6500	interface	layered	Interface cards (NIM / SM-X / HWIC / SPA / PVDM / VIC / cellular)		SPA Shared Port Adapters	sku ^SPA-						
SPA-2X1GE-SYNCE	Cisco 2-Port SyncE Gigabit Ethernet Shared Port Adapter	ASR 1000	interface	layered	Interface cards (NIM / SM-X / HWIC / SPA / PVDM / VIC / cellular)		SPA Shared Port Adapters	sku ^SPA-						
SPA-2X1GE-SYNCE=	Synchronous Ethernet SPA	Shared Port Adapters/SPA Interface Processors	interface	layered	Interface cards (NIM / SM-X / HWIC / SPA / PVDM / VIC / cellular)		SPA Shared Port Adapters	sku ^SPA-						
SPA-2X1GE-V2	Cisco 2-Port Gigabit Ethernet Shared Port Adapter, Version 2	ASR 1000	interface	layered	Interface cards (NIM / SM-X / HWIC / SPA / PVDM / VIC / cellular)		SPA Shared Port Adapters	sku ^SPA-						
SPA-2X1GE-V2=	Cisco 2-Port Gigabit Ethernet Shared Port Adapter, Spare	Shared Port Adapters/SPA Interface Processors	interface	layered	Interface cards (NIM / SM-X / HWIC / SPA / PVDM / VIC / cellular)		SPA Shared Port Adapters	sku ^SPA-						
SPA-2X1GE=	Cisco 2-Port Gigabit Ethernet Shared Port Adapter, Spare	Shared Port Adapters/SPA Interface Processors	interface	layered	Interface cards (NIM / SM-X / HWIC / SPA / PVDM / VIC / cellular)		SPA Shared Port Adapters	sku ^SPA-						
SPA-2XCHOC12-4PAK=	4-pack Spare bundle for SPA-2XCHOC12/DS0	Shared Port Adapters/SPA Interface Processors	interface	layered	Interface cards (NIM / SM-X / HWIC / SPA / PVDM / VIC / cellular)		SPA Shared Port Adapters	sku ^SPA-						
SPA-2XCHOC12/DS0	2 Port Channelized OC12/DS0 Shared Port Adapter	ASR 9000	interface	layered	Interface cards (NIM / SM-X / HWIC / SPA / PVDM / VIC / cellular)		SPA Shared Port Adapters	sku ^SPA-						
SPA-2XCHOC12/DS0=	2 Port Channelized OC12/DS0 Shared Port Adapter	Shared Port Adapters/SPA Interface Processors	interface	layered	Interface cards (NIM / SM-X / HWIC / SPA / PVDM / VIC / cellular)		SPA Shared Port Adapters	sku ^SPA-						
SPA-2XCT3	Cisco SPA-2XCT3	Catalyst 6500	interface	layered	Interface cards (NIM / SM-X / HWIC / SPA / PVDM / VIC / cellular)		SPA Shared Port Adapters	sku ^SPA-						
SPA-2XCT3/DS0	Cisco 2-Port Channelized T3 (DS-0) Shared Port Adapter	Line cards	interface	layered	Interface cards (NIM / SM-X / HWIC / SPA / PVDM / VIC / cellular)		SPA Shared Port Adapters	sku ^SPA-						
SPA-2XCT3/DS0-V2	Cisco 2-Port Channelized T3 (DS0) Shared Port Adapter, Version 2	ASR 1000	interface	layered	Interface cards (NIM / SM-X / HWIC / SPA / PVDM / VIC / cellular)		SPA Shared Port Adapters	sku ^SPA-						
SPA-2XCT3/DS0-V2=	Cisco SPA-2XCT3/DS0-V2=	Shared Port Adapters/SPA Interface Processors	interface	layered	Interface cards (NIM / SM-X / HWIC / SPA / PVDM / VIC / cellular)		SPA Shared Port Adapters	sku ^SPA-						
SPA-2XCT3/DS0=	2-port Channelized T3 to DS0 Shared Port Adapter	Shared Port Adapters/SPA Interface Processors	interface	layered	Interface cards (NIM / SM-X / HWIC / SPA / PVDM / VIC / cellular)		SPA Shared Port Adapters	sku ^SPA-						
SPA-2XOC12-POS	Cisco 2-Port OC-12c/STM-4 POS Shared Port Adapter	ASR 9000	interface	layered	Interface cards (NIM / SM-X / HWIC / SPA / PVDM / VIC / cellular)		SPA Shared Port Adapters	sku ^SPA-						
SPA-2XOC12-POS=	2-port OC12/STM4 POS Shared Port Adapters	ASR 1000	interface	layered	Interface cards (NIM / SM-X / HWIC / SPA / PVDM / VIC / cellular)		SPA Shared Port Adapters	sku ^SPA-						
SPA-2XOC3-ATM	Cisco 2-Port OC3c/STM1c ATM Shared Port Adapter	Catalyst 6500	interface	layered	Interface cards (NIM / SM-X / HWIC / SPA / PVDM / VIC / cellular)		SPA Shared Port Adapters	sku ^SPA-						
SPA-2XOC3-POS	Cisco 2-Port OC-3c/STM-1c POS Shared Port Adapter	Catalyst 6500	interface	layered	Interface cards (NIM / SM-X / HWIC / SPA / PVDM / VIC / cellular)		SPA Shared Port Adapters	sku ^SPA-						
SPA-2XOC3-POS-V2	Cisco 2-Port OC3c/STM-1c POS Shared Port Adapter	ASR 1000	interface	layered	Interface cards (NIM / SM-X / HWIC / SPA / PVDM / VIC / cellular)		SPA Shared Port Adapters	sku ^SPA-						
SPA-2XOC3-POS-V2=	SPA-4XOC3-POS-V2 spare with a license to use 2 ports	ASR 1000	interface	layered	Interface cards (NIM / SM-X / HWIC / SPA / PVDM / VIC / cellular)		SPA Shared Port Adapters	sku ^SPA-						
SPA-2XOC3-POS=	2-port OC3/STM1 POS Shared Port Adapters	Shared Port Adapters/SPA Interface Processors	interface	layered	Interface cards (NIM / SM-X / HWIC / SPA / PVDM / VIC / cellular)		SPA Shared Port Adapters	sku ^SPA-						
SPA-2XOC48POS/RPR	Cisco 2-Port OC-48c/STM-16c POS/RPR Shared Port Adapter (POS mode only)	ASR 9000	interface	layered	Interface cards (NIM / SM-X / HWIC / SPA / PVDM / VIC / cellular)		SPA Shared Port Adapters	sku ^SPA-						
SPA-2XT3/E3	Cisco 2-Port Clear Channel T3/E3 Shared Port Adapter	ASR 9000	interface	layered	Interface cards (NIM / SM-X / HWIC / SPA / PVDM / VIC / cellular)		SPA Shared Port Adapters	sku ^SPA-						
SPA-2XT3/E3-V2	Cisco 2-Port Clear Channel T3/E3 Shared Port Adapter, Version 2	ASR 1000	interface	layered	Interface cards (NIM / SM-X / HWIC / SPA / PVDM / VIC / cellular)		SPA Shared Port Adapters	sku ^SPA-						
SPA-2XT3/E3-V2=	Cisco SPA-2XT3/E3-V2=	Shared Port Adapters/SPA Interface Processors	interface	layered	Interface cards (NIM / SM-X / HWIC / SPA / PVDM / VIC / cellular)		SPA Shared Port Adapters	sku ^SPA-						
SPA-2XT3/E3=	2-port Clear Channel T3/E3 Shared Port Adapter	Shared Port Adapters/SPA Interface Processors	interface	layered	Interface cards (NIM / SM-X / HWIC / SPA / PVDM / VIC / cellular)		SPA Shared Port Adapters	sku ^SPA-						
SPA-2XT3E3	Cisco SPA-2XT3E3	Catalyst 6500	interface	layered	Interface cards (NIM / SM-X / HWIC / SPA / PVDM / VIC / cellular)		SPA Shared Port Adapters	sku ^SPA-						
SPA-2XT3E3-CE	Cisco SPA-2XT3E3-CE	Catalyst 6500	interface	layered	Interface cards (NIM / SM-X / HWIC / SPA / PVDM / VIC / cellular)		SPA Shared Port Adapters	sku ^SPA-						
SPA-3XOC3-ATM-V2	Cisco 3-Port Clear Channel OC3 ATM Shared Port Adapter ( End-of-Sale )	ASR 9000	interface	layered	Interface cards (NIM / SM-X / HWIC / SPA / PVDM / VIC / cellular)		SPA Shared Port Adapters	sku ^SPA-						
SPA-3XOC3-ATM-V2-C	3 port OC-3c/STM-1 ATM SPA, China Special	Shared Port Adapters/SPA Interface Processors	interface	layered	Interface cards (NIM / SM-X / HWIC / SPA / PVDM / VIC / cellular)		SPA Shared Port Adapters	sku ^SPA-						
SPA-3XOC3-ATM-V2=	3 port OC-3c/STM-1 ATM Shared Port Adapter	Shared Port Adapters/SPA Interface Processors	interface	layered	Interface cards (NIM / SM-X / HWIC / SPA / PVDM / VIC / cellular)		SPA Shared Port Adapters	sku ^SPA-						
SPA-4X1FE-TX-V2	Cisco 4-Port 10BASE-T/100BASE Fast Ethernet Shared Port Adapter, Version 2	ASR 1000	interface	layered	Interface cards (NIM / SM-X / HWIC / SPA / PVDM / VIC / cellular)		SPA Shared Port Adapters	sku ^SPA-						
SPA-4XCT3	Cisco SPA-4XCT3	Catalyst 6500	interface	layered	Interface cards (NIM / SM-X / HWIC / SPA / PVDM / VIC / cellular)		SPA Shared Port Adapters	sku ^SPA-						
SPA-4XCT3/DS0	Cisco 4-Port Channelized T3 (DS-0) Shared Port Adapter	ASR 9000	interface	layered	Interface cards (NIM / SM-X / HWIC / SPA / PVDM / VIC / cellular)		SPA Shared Port Adapters	sku ^SPA-						
SPA-4XCT3/DS0-V2	Cisco 4-Port Channelized T3 (DS0) Shared Port Adapter, Version 2	ASR 1000	interface	layered	Interface cards (NIM / SM-X / HWIC / SPA / PVDM / VIC / cellular)		SPA Shared Port Adapters	sku ^SPA-						
SPA-4XCT3/DS0-V2=	Cisco SPA-4XCT3/DS0-V2=	Shared Port Adapters/SPA Interface Processors	interface	layered	Interface cards (NIM / SM-X / HWIC / SPA / PVDM / VIC / cellular)		SPA Shared Port Adapters	sku ^SPA-						
SPA-4XCT3/DS0=	4-port Channelized T3 to DS0 Shared Port Adapter	Shared Port Adapters/SPA Interface Processors	interface	layered	Interface cards (NIM / SM-X / HWIC / SPA / PVDM / VIC / cellular)		SPA Shared Port Adapters	sku ^SPA-						
SPA-4XOC12-POS	Cisco 4-Port OC-12c/STM-4 POS Shared Port Adapter	ASR 9000	interface	layered	Interface cards (NIM / SM-X / HWIC / SPA / PVDM / VIC / cellular)		SPA Shared Port Adapters	sku ^SPA-						
SPA-4XOC12-POS=	4-port OC-12/STM-4 POS Shared Port Adapters	ASR 1000	interface	layered	Interface cards (NIM / SM-X / HWIC / SPA / PVDM / VIC / cellular)		SPA Shared Port Adapters	sku ^SPA-						
SPA-4XOC3-ATM	Cisco 4-Port OC3c/STM1c ATM Shared Port Adapter	Catalyst 6500	interface	layered	Interface cards (NIM / SM-X / HWIC / SPA / PVDM / VIC / cellular)		SPA Shared Port Adapters	sku ^SPA-						
SPA-4XOC3-ATM-2PK=	4 Port OC3 ATM SPA Bundle	Shared Port Adapters/SPA Interface Processors	interface	layered	Interface cards (NIM / SM-X / HWIC / SPA / PVDM / VIC / cellular)		SPA Shared Port Adapters	sku ^SPA-						
SPA-4XOC3-POS	Cisco 4-Port OC-3c/STM-1c POS Shared Port Adapter	ASR 9000	interface	layered	Interface cards (NIM / SM-X / HWIC / SPA / PVDM / VIC / cellular)		SPA Shared Port Adapters	sku ^SPA-						
SPA-4XOC3-POS-C2	4-port OC3/STM1 POS SPA VERSION 2, China Special	ASR 1000	interface	layered	Interface cards (NIM / SM-X / HWIC / SPA / PVDM / VIC / cellular)		SPA Shared Port Adapters	sku ^SPA-						
SPA-4XOC3-POS-C2=	4-port OC3/STM1 POS SPA VERSION 2, China Special	ASR 1000	interface	layered	Interface cards (NIM / SM-X / HWIC / SPA / PVDM / VIC / cellular)		SPA Shared Port Adapters	sku ^SPA-						
SPA-4XOC3-POS-V2	Cisco 4-Port OC3c/STM-1c POS Shared Port Adapter, Version 2	ASR 1000	interface	layered	Interface cards (NIM / SM-X / HWIC / SPA / PVDM / VIC / cellular)		SPA Shared Port Adapters	sku ^SPA-						
SPA-4XOC3-POS-V2=	4-port OC-3/STM-1 POS Shared Port Adapters	ASR 1000	interface	layered	Interface cards (NIM / SM-X / HWIC / SPA / PVDM / VIC / cellular)		SPA Shared Port Adapters	sku ^SPA-						
SPA-4XOC3-POS=	4-port OC3/STM1 POS Shared Port Adapters	Shared Port Adapters/SPA Interface Processors	interface	layered	Interface cards (NIM / SM-X / HWIC / SPA / PVDM / VIC / cellular)		SPA Shared Port Adapters	sku ^SPA-						
SPA-4XOC48POS/RPR	Cisco 4-Port OC-48c/STM-16c POS/RPR Shared Port Adapter (POS mode only)	ASR 9000	interface	layered	Interface cards (NIM / SM-X / HWIC / SPA / PVDM / VIC / cellular)		SPA Shared Port Adapters	sku ^SPA-						
SPA-4XT-SERIAL	Cisco 4-Port Serial Interface Shared Port Adapter	ASR 1000	interface	layered	Interface cards (NIM / SM-X / HWIC / SPA / PVDM / VIC / cellular)		SPA Shared Port Adapters	sku ^SPA-						
SPA-4XT3/E3	Cisco 4-Port Clear Channel T3/E3 Shared Port Adapter	ASR 9000	interface	layered	Interface cards (NIM / SM-X / HWIC / SPA / PVDM / VIC / cellular)		SPA Shared Port Adapters	sku ^SPA-						
SPA-4XT3/E3-V2	Cisco 4-Port Clear Channel T3/E3 Shared Port Adapter, Version 2	ASR 1000	interface	layered	Interface cards (NIM / SM-X / HWIC / SPA / PVDM / VIC / cellular)		SPA Shared Port Adapters	sku ^SPA-						
SPA-4XT3/E3-V2=	Cisco SPA-4XT3/E3-V2=	Shared Port Adapters/SPA Interface Processors	interface	layered	Interface cards (NIM / SM-X / HWIC / SPA / PVDM / VIC / cellular)		SPA Shared Port Adapters	sku ^SPA-						
SPA-4XT3/E3=	4-port Clear Channel T3/E3 Shared Port Adapter	Shared Port Adapters/SPA Interface Processors	interface	layered	Interface cards (NIM / SM-X / HWIC / SPA / PVDM / VIC / cellular)		SPA Shared Port Adapters	sku ^SPA-						
SPA-4XT3E3	Cisco SPA-4XT3E3	Catalyst 6500	interface	layered	Interface cards (NIM / SM-X / HWIC / SPA / PVDM / VIC / cellular)		SPA Shared Port Adapters	sku ^SPA-						
SPA-5X1GE	Cisco 5-Port Gigabit Ethernet Shared Port Adapter	Line cards	interface	layered	Interface cards (NIM / SM-X / HWIC / SPA / PVDM / VIC / cellular)		SPA Shared Port Adapters	sku ^SPA-						
SPA-5X1GE-V2	Cisco 5-Port Gigabit Ethernet Shared Port Adapter, Version 2	ASR 1000	interface	layered	Interface cards (NIM / SM-X / HWIC / SPA / PVDM / VIC / cellular)		SPA Shared Port Adapters	sku ^SPA-						
SPA-5X1GE-V2=	Cisco 5-Port Gigabit Ethernet Shared Port Adapter, Spare	Shared Port Adapters/SPA Interface Processors	interface	layered	Interface cards (NIM / SM-X / HWIC / SPA / PVDM / VIC / cellular)		SPA Shared Port Adapters	sku ^SPA-						
SPA-5X1GE=	Cisco 5-Port Gigabit Ethernet Shared Port Adapter, Spare	Shared Port Adapters/SPA Interface Processors	interface	layered	Interface cards (NIM / SM-X / HWIC / SPA / PVDM / VIC / cellular)		SPA Shared Port Adapters	sku ^SPA-						
SPA-8X1FE-TX-V2	Cisco 8-Port 10BASE-T/100BASE Fast Ethernet Shared Port Adapter, Version 2	ASR 1000	interface	layered	Interface cards (NIM / SM-X / HWIC / SPA / PVDM / VIC / cellular)		SPA Shared Port Adapters	sku ^SPA-						
SPA-8X1GE	Cisco 8-Port Gigabit Ethernet Shared Port Adapter	Shared Port Adapters/SPA Interface Processors	interface	layered	Interface cards (NIM / SM-X / HWIC / SPA / PVDM / VIC / cellular)		SPA Shared Port Adapters	sku ^SPA-						
SPA-8X1GE-V2	Cisco 8-Port Gigabit Ethernet Shared Port Adapter, Version 2	ASR 1000	interface	layered	Interface cards (NIM / SM-X / HWIC / SPA / PVDM / VIC / cellular)		SPA Shared Port Adapters	sku ^SPA-						
SPA-8X1GE-V2=	Cisco 8-Port Gigabit Ethernet Shared Port Adapter, Spare	Shared Port Adapters/SPA Interface Processors	interface	layered	Interface cards (NIM / SM-X / HWIC / SPA / PVDM / VIC / cellular)		SPA Shared Port Adapters	sku ^SPA-						
SPA-8X1GE=	Cisco 8-Port Gigabit Ethernet Shared Port Adapter, Spare	Shared Port Adapters/SPA Interface Processors	interface	layered	Interface cards (NIM / SM-X / HWIC / SPA / PVDM / VIC / cellular)		SPA Shared Port Adapters	sku ^SPA-						
SPA-8XCHT1/E1	8-port Channelized T1/E1 to DS0 Shared Port Adapter	ASR 9000	interface	layered	Interface cards (NIM / SM-X / HWIC / SPA / PVDM / VIC / cellular)		SPA Shared Port Adapters	sku ^SPA-						
SPA-8XCHT1/E1-V2	Cisco 8-Port Channelized T1/E1 Shared Port Adapter, Version 2	ASR 1000	interface	layered	Interface cards (NIM / SM-X / HWIC / SPA / PVDM / VIC / cellular)		SPA Shared Port Adapters	sku ^SPA-						
SPA-8XCHT1/E1-V2=	Cisco 8-Port Channelized T1/E1 Shared Port Adapter Version 2	Shared Port Adapters/SPA Interface Processors	interface	layered	Interface cards (NIM / SM-X / HWIC / SPA / PVDM / VIC / cellular)		SPA Shared Port Adapters	sku ^SPA-						
SPA-8XCHT1/E1=	8-port Channelized T1/E1 to DS0 Shared Port Adapter	Shared Port Adapters/SPA Interface Processors	interface	layered	Interface cards (NIM / SM-X / HWIC / SPA / PVDM / VIC / cellular)		SPA Shared Port Adapters	sku ^SPA-						
SPA-8XCHTE1	Cisco SPA-8XCHTE1	Catalyst 6500	interface	layered	Interface cards (NIM / SM-X / HWIC / SPA / PVDM / VIC / cellular)		SPA Shared Port Adapters	sku ^SPA-						
SPA-8XFE-TX	Cisco SPA-8XFE-TX	Line cards	interface	layered	Interface cards (NIM / SM-X / HWIC / SPA / PVDM / VIC / cellular)		SPA Shared Port Adapters	sku ^SPA-						
SPA-8XOC12-POS	Cisco 8-port OC12/STM4 POS SPA Shared Port Adapter	ASR 9000	interface	layered	Interface cards (NIM / SM-X / HWIC / SPA / PVDM / VIC / cellular)		SPA Shared Port Adapters	sku ^SPA-						
SPA-8XOC3-POS	Cisco 8-Port OC-3c/STM-1c POS Shared Port Adapter	ASR 9000	interface	layered	Interface cards (NIM / SM-X / HWIC / SPA / PVDM / VIC / cellular)		SPA Shared Port Adapters	sku ^SPA-						
SPA-8XT3/E3	Cisco 8-Port Clear Channel T3/E3 Shared Port Adapter	ASR 1000	interface	layered	Interface cards (NIM / SM-X / HWIC / SPA / PVDM / VIC / cellular)		SPA Shared Port Adapters	sku ^SPA-						
SPA-BLANK	Cisco Shared Port Adapter Blank Cover	Shared Port Adapters/SPA Interface Processors	mechanical	layered	Interface cards (NIM / SM-X / HWIC / SPA / PVDM / VIC / cellular)		SPA Shared Port Adapters	sku ^SPA-						
SPA-BLANK=	Cisco Shared Port Adapter Blank Cover, Spare	Shared Port Adapters/SPA Interface Processors	mechanical	layered	Interface cards (NIM / SM-X / HWIC / SPA / PVDM / VIC / cellular)		SPA Shared Port Adapters	sku ^SPA-						
SPA-CHOC12-STM4	Cisco SPA-CHOC12-STM4	Catalyst 6500	interface	layered	Interface cards (NIM / SM-X / HWIC / SPA / PVDM / VIC / cellular)		SPA Shared Port Adapters	sku ^SPA-						
SPA-CHOC3-CE-2PK=	2 Pack ChOC3 CEoP SPA Bundle	ASR 1000	interface	layered	Interface cards (NIM / SM-X / HWIC / SPA / PVDM / VIC / cellular)		SPA Shared Port Adapters	sku ^SPA-						
SPA-CHOC3-STM1	Cisco SPA-CHOC3-STM1	Catalyst 6500	interface	layered	Interface cards (NIM / SM-X / HWIC / SPA / PVDM / VIC / cellular)		SPA Shared Port Adapters	sku ^SPA-						
SPA-DSP	Cisco ASR 1000 Series Digital Signal Processor SPA	ASR 1000	module	pending_plan								move routers		
SPA-DSP=	Digital Signal Processor SPA	ASR 1000	module	pending_plan								move routers		
SPA-IPSEC-2G	Cisco 7600 Series/Catalyst 6500 Series IPSec VPN Shared Port Adapter	Catalyst 6500	module	layered	Interface cards (NIM / SM-X / HWIC / SPA / PVDM / VIC / cellular)		SPA Shared Port Adapters	sku ^SPA-						
SPA-IPSEC-2G-2	Cisco SPA-IPSEC-2G-2	Line cards	module	layered	Interface cards (NIM / SM-X / HWIC / SPA / PVDM / VIC / cellular)		SPA Shared Port Adapters	sku ^SPA-						
SPA-IPSEC-2G=	Cisco 7600/Catalyst 6500 IPSec VPN SPA - DES/3DES/AES	Shared Port Adapters/SPA Interface Processors	module	layered	Interface cards (NIM / SM-X / HWIC / SPA / PVDM / VIC / cellular)		SPA Shared Port Adapters	sku ^SPA-						
SPA-IPSEC-SSC400-1	Cisco 7600 Series/Catalyst 6500 Series Introductory Bundle: Includes 1 Cisco IPSec VPN SPA and 1 Cisco Services SPA Carrier-400	Catalyst 6500	module	layered	Interface cards (NIM / SM-X / HWIC / SPA / PVDM / VIC / cellular)		SPA Shared Port Adapters	sku ^SPA-						
SPA-IPSEC-SSC400-2	Cisco 7600 Series/Catalyst 6500 Series Dual Bundle: Includes 2 Cisco IPSec VPN SPAs and 1 Cisco Services SPA Carrier-400	Catalyst 6500	module	layered	Interface cards (NIM / SM-X / HWIC / SPA / PVDM / VIC / cellular)		SPA Shared Port Adapters	sku ^SPA-						
SPA-OC192POS-LR	Cisco SPA-OC192POS-LR	Line cards	interface	layered	Interface cards (NIM / SM-X / HWIC / SPA / PVDM / VIC / cellular)		SPA Shared Port Adapters	sku ^SPA-						
SPA-OC192POS-VSR	1-port OC192/STM64 POS/RPR VSR Optics	Line cards	interface	layered	Interface cards (NIM / SM-X / HWIC / SPA / PVDM / VIC / cellular)		SPA Shared Port Adapters	sku ^SPA-						
SPA-OC192POS-VSR=	1-port OC192/STM64 POS/RPR VSR Optics	Shared Port Adapters/SPA Interface Processors	interface	layered	Interface cards (NIM / SM-X / HWIC / SPA / PVDM / VIC / cellular)		SPA Shared Port Adapters	sku ^SPA-						
SPA-OC192POS-XFP	Cisco 1-Port OC-192c/STM-64c POS/RPR Shared Port Adapter with XFP Optics	ASR 9000	interface	layered	Interface cards (NIM / SM-X / HWIC / SPA / PVDM / VIC / cellular)		SPA Shared Port Adapters	sku ^SPA-						
SPA-OC192POS-XFP=	Cisco SPA-OC192POS-XFP=	Shared Port Adapters/SPA Interface Processors	interface	layered	Interface cards (NIM / SM-X / HWIC / SPA / PVDM / VIC / cellular)		SPA Shared Port Adapters	sku ^SPA-						
SPA-UBR10-6G-SP=	Spare 6G SPA w/ 0 License	Shared Port Adapters/SPA Interface Processors	interface	layered	Interface cards (NIM / SM-X / HWIC / SPA / PVDM / VIC / cellular)		SPA Shared Port Adapters	sku ^SPA-						
SPA-UBR10-DS-6G	UBR10012 High Density Downstream Shared Port Adapter 6G	Shared Port Adapters/SPA Interface Processors	interface	layered	Interface cards (NIM / SM-X / HWIC / SPA / PVDM / VIC / cellular)		SPA Shared Port Adapters	sku ^SPA-						
SPA-UBR10-DS-6G=	UBR10K High Density Downstream Shared Port Adapter 6G, SPARE	Shared Port Adapters/SPA Interface Processors	interface	layered	Interface cards (NIM / SM-X / HWIC / SPA / PVDM / VIC / cellular)		SPA Shared Port Adapters	sku ^SPA-						
SPA-UBR10-DS-HD	UBR10012 High Density Downstream Shared Port Adapter; Base HW	Shared Port Adapters/SPA Interface Processors	interface	layered	Interface cards (NIM / SM-X / HWIC / SPA / PVDM / VIC / cellular)		SPA Shared Port Adapters	sku ^SPA-						
SPA-UBR10-DS-HD=	UBR10012 High Density Downstream Shared Port Adapter; Base HW Spare	Shared Port Adapters/SPA Interface Processors	interface	layered	Interface cards (NIM / SM-X / HWIC / SPA / PVDM / VIC / cellular)		SPA Shared Port Adapters	sku ^SPA-						
SPA-UBR10-DS-SP=	Spare SPA w/ 0 License	Shared Port Adapters/SPA Interface Processors	interface	layered	Interface cards (NIM / SM-X / HWIC / SPA / PVDM / VIC / cellular)		SPA Shared Port Adapters	sku ^SPA-						
SPA-WMA-K9	Cisco WebEx Node SPA for ASR 1000 Series ( End-of-Sale )	ASR 1000	interface	pending_plan								move routers		
STGR-LIM-SL-48	Cisco STGR-LIM-SL-48	High-Speed WAN Interface Cards	accessory	pending_plan								class non_product		
STGR-LIM-SL-72	Cisco STGR-LIM-SL-72	High-Speed WAN Interface Cards	accessory	pending_plan								class non_product		
STM1-CN-MM	China Bundle of 2 pack STM1 PA	Port Adapters	interface	layered	Interface cards (NIM / SM-X / HWIC / SPA / PVDM / VIC / cellular)		PA Port Adapters (7200 / 7500 VIP)	label Port Adapters						name: PA
STM1-CN-SMI	Bundle of 2 pack PA MC STM1 SMI	Port Adapters	interface	layered	Interface cards (NIM / SM-X / HWIC / SPA / PVDM / VIC / cellular)		PA Port Adapters (7200 / 7500 VIP)	label Port Adapters						name: PA
STUC-16	Cisco STUC-16	High-Speed WAN Interface Cards	unknown	pending_plan								class non_product		
STUC-16A	Cisco STUC-16A	High-Speed WAN Interface Cards	unknown	pending_plan								class non_product		
STUC-32A	Cisco STUC-32A	High-Speed WAN Interface Cards	unknown	pending_plan								class non_product		
TLBP1S-V	Cisco TLBP1S-V	Transceiver Modules	unknown	pending_plan								class non_product		
UBR10-2XDS-SIP	Cisco uBR10012 Wideband Downstream-only SPA Carrier Card	Shared Port Adapters/SPA Interface Processors	interface	layered	Router and switch line cards (legacy)	(shared across the line)	Router and switch line cards (legacy) shared parts	sku ^UBR10-						
UBR10-2XDS-SIP=	Cisco uBR10012 Wideband Downstream-only SPA Carrier Card	Shared Port Adapters/SPA Interface Processors	interface	layered	Router and switch line cards (legacy)	(shared across the line)	Router and switch line cards (legacy) shared parts	sku ^UBR10-						
UCS-ACC-6536	UCS 6536 chassis accessory kit	Unified Computing System Adapters	mechanical	pending_plan								move servers-unified-computing		
UCS-ACC-6652	UCS 6652 chassis accessory kit	Unified Computing System Adapters	mechanical	pending_plan								move servers-unified-computing		
UCS-ACC-6664	UCS 6664 chassis accessory kit	Unified Computing System Adapters	mechanical	pending_plan								move servers-unified-computing		
UCS-E1100D-M6/K9	UCS-E, double-wide, Intel Icelake 10-core CPU; up to 128 GB RAM, 1-4 SSD	Catalyst 8300	module	pending_plan								move servers-unified-computing		
UCS-E1120D-M3/K9	UCS-E, double-wide, Intel Broadwell 12-core CPU; up to 128 GB RAM, 1-4 HDD	Catalyst 8300	module	pending_plan								move servers-unified-computing		
UCS-E160S-M3/K9	UCS-E, single-wide, Intel Broadwell 6-core CPU; up to 64 GB RAM, 1-2 HDD	Catalyst 8300	module	pending_plan								move servers-unified-computing		
UCS-E180D-M3/K9	UCS-E, double-wide, Intel Broadwell 8-core CPU; up to 128 GB RAM, 1-4 HDD	Catalyst 8300	module	pending_plan								move servers-unified-computing		
UCS-FAN-6536	UCS 6536 fan module	Unified Computing System Adapters	fan	pending_plan								move servers-unified-computing		
UCS-FAN-6652	UCS 6652 fan module	Unified Computing System Adapters	fan	pending_plan								move servers-unified-computing		
UCS-FAN-6664	UCS 6664 fan module	Unified Computing System Adapters	fan	pending_plan								move servers-unified-computing		
UCS-FI-6652-U	1RU FI, with no PSU, with 52 ports	Unified Computing System Adapters	device	pending_plan								move servers-unified-computing		
UCS-FI-6664-U	2RU FI, with no PSU, with 64 ports	Unified Computing System Adapters	device	pending_plan								move servers-unified-computing		
UCS-PSU-6536-AC	UCS 6536 platinum power supply/100-240VAC (1100 W)	Unified Computing System Adapters	power	pending_plan								move servers-unified-computing		
UCS-PSU-6600-AC	UCS 6600 platinum power supply/100-240VAC (1400 W)	Unified Computing System Adapters	power	pending_plan								move servers-unified-computing		
USB-X45-4GB-E	Cisco Catalyst 4500 4 GB USB device for Supervisor 8-E (Future Roadmap)	Network Modules	memory	pending_plan								move switches		
VIC-1J1	One Port Digital Voice Interface Card (J1) for Japan	Network Modules	interface	layered	Interface cards (NIM / SM-X / HWIC / SPA / PVDM / VIC / cellular)		VIC Voice Interface Cards	sku ^VIC						
VIC-1J1=	One Port Digital Voice Interface Card (J1) for Japan	Network Modules	interface	layered	Interface cards (NIM / SM-X / HWIC / SPA / PVDM / VIC / cellular)		VIC Voice Interface Cards	sku ^VIC						
VIC-4FXS/DID	Cisco VIC-4FXS/DID	2900 ISR	interface	layered	Interface cards (NIM / SM-X / HWIC / SPA / PVDM / VIC / cellular)		VIC Voice Interface Cards	sku ^VIC						
VIC2-2BRI	Cisco VIC2-2BRI	2900 ISR	interface	layered	Interface cards (NIM / SM-X / HWIC / SPA / PVDM / VIC / cellular)		VIC Voice Interface Cards	sku ^VIC						
VIC2-2BRI-NT/TE	Two-port Voice Interface Card - BRI (NT and TE)	2900 ISR	interface	layered	Interface cards (NIM / SM-X / HWIC / SPA / PVDM / VIC / cellular)		VIC Voice Interface Cards	sku ^VIC						
VIC2-2BRI-NT/TE=	Two-port Voice Interface Card - BRI (NT and TE)	2900 ISR	interface	layered	Interface cards (NIM / SM-X / HWIC / SPA / PVDM / VIC / cellular)		VIC Voice Interface Cards	sku ^VIC						
VIC2-2FXO	Two-port Voice Interface Card - FXO (Universal)	2900 ISR	interface	layered	Interface cards (NIM / SM-X / HWIC / SPA / PVDM / VIC / cellular)		VIC Voice Interface Cards	sku ^VIC						
VIC2-2FXO=	Two-port Voice Interface Card - FXO (Universal)	2900 ISR	interface	layered	Interface cards (NIM / SM-X / HWIC / SPA / PVDM / VIC / cellular)		VIC Voice Interface Cards	sku ^VIC						
VIC2-2FXS	Cisco VIC2-2FXS	2900 ISR	interface	layered	Interface cards (NIM / SM-X / HWIC / SPA / PVDM / VIC / cellular)		VIC Voice Interface Cards	sku ^VIC						
VIC2-4FXO	Four-port Voice Interface Card - FXO (Universal)	2900 ISR	interface	layered	Interface cards (NIM / SM-X / HWIC / SPA / PVDM / VIC / cellular)		VIC Voice Interface Cards	sku ^VIC						
VIC3-2E/M	Two-port Voice Interface Card - E and M	2900 ISR	interface	layered	Interface cards (NIM / SM-X / HWIC / SPA / PVDM / VIC / cellular)		VIC Voice Interface Cards	sku ^VIC						
VIC3-2E/M=	Two-port Voice Interface Card - E and M	2900 ISR	interface	layered	Interface cards (NIM / SM-X / HWIC / SPA / PVDM / VIC / cellular)		VIC Voice Interface Cards	sku ^VIC						
VIC3-2FXS-E/DID	Two-Port Voice Interface Card - FXS and DID (OPX Lite FXS)	2900 ISR	interface	layered	Interface cards (NIM / SM-X / HWIC / SPA / PVDM / VIC / cellular)		VIC Voice Interface Cards	sku ^VIC						
VIC3-2FXS-E/DID=	Two-Port Voice Interface Card - FXS and DID (OPX Lite FXS)	2900 ISR	interface	layered	Interface cards (NIM / SM-X / HWIC / SPA / PVDM / VIC / cellular)		VIC Voice Interface Cards	sku ^VIC						
VIC3-2FXS/DID	Two-Port Voice Interface Card- FXS and DID	2900 ISR	interface	layered	Interface cards (NIM / SM-X / HWIC / SPA / PVDM / VIC / cellular)		VIC Voice Interface Cards	sku ^VIC						
VIC3-2FXS/DID=	Two-Port Voice Interface Card- FXS and DID	2900 ISR	interface	layered	Interface cards (NIM / SM-X / HWIC / SPA / PVDM / VIC / cellular)		VIC Voice Interface Cards	sku ^VIC						
VIC3-4FXS/DID	Four-Port Voice Interface Card - FXS and DID	2900 ISR	interface	layered	Interface cards (NIM / SM-X / HWIC / SPA / PVDM / VIC / cellular)		VIC Voice Interface Cards	sku ^VIC						
VIC3-4FXS/DID-S	Four-Port Voice Interface Card - FXS and DID	2900 ISR	interface	layered	Interface cards (NIM / SM-X / HWIC / SPA / PVDM / VIC / cellular)		VIC Voice Interface Cards	sku ^VIC						
VIC3-4FXS/DID=	Four-Port Voice Interface Card - FXS and DID	2900 ISR	interface	layered	Interface cards (NIM / SM-X / HWIC / SPA / PVDM / VIC / cellular)		VIC Voice Interface Cards	sku ^VIC						
VWIC-1MFT-T1/E1	Cisco VWIC-1MFT-T1/E1	2900 ISR	interface	layered	Interface cards (NIM / SM-X / HWIC / SPA / PVDM / VIC / cellular)		EHWIC / HWIC / VWIC / WIC	sku ^V?WIC						
VWIC-2MFT-T1/E1-DI	Cisco VWIC-2MFT-T1/E1-DI	2900 ISR	interface	layered	Interface cards (NIM / SM-X / HWIC / SPA / PVDM / VIC / cellular)		EHWIC / HWIC / VWIC / WIC	sku ^V?WIC						
VWIC2-1MFT-G703	1-Port G.703 Multiflex Trunk Voice/WAN Interface Card	2900 ISR	interface	layered	Interface cards (NIM / SM-X / HWIC / SPA / PVDM / VIC / cellular)		EHWIC / HWIC / VWIC / WIC	sku ^V?WIC						
VWIC2-1MFT-T1/E1	1-Port T1/E1 Multiflex Trunk Voice/WAN Interface Card	2900 ISR	interface	layered	Interface cards (NIM / SM-X / HWIC / SPA / PVDM / VIC / cellular)		EHWIC / HWIC / VWIC / WIC	sku ^V?WIC						
VWIC2-2MFT-G703	2-Port G.703 Multiflex Trunk Voice/WAN Interface Card	2900 ISR	interface	layered	Interface cards (NIM / SM-X / HWIC / SPA / PVDM / VIC / cellular)		EHWIC / HWIC / VWIC / WIC	sku ^V?WIC						
VWIC2-2MFT-T1/E1	2-Port T1/E1 Multiflex Trunk Voice/WAN Interface Card	2900 ISR	interface	layered	Interface cards (NIM / SM-X / HWIC / SPA / PVDM / VIC / cellular)		EHWIC / HWIC / VWIC / WIC	sku ^V?WIC						
VWIC3-2MFT-G703	Cisco VWIC3-2MFT-G703	2900 ISR	interface	layered	Interface cards (NIM / SM-X / HWIC / SPA / PVDM / VIC / cellular)		EHWIC / HWIC / VWIC / WIC	sku ^V?WIC						
VWIC3-4MFT-T1/E1=	4-Port 3rd Gen Multiflex Trunk Voice/WAN Int. Card - T1/E1	2900 ISR	interface	layered	Interface cards (NIM / SM-X / HWIC / SPA / PVDM / VIC / cellular)		EHWIC / HWIC / VWIC / WIC	sku ^V?WIC						
WDM-SFP-2CH-CONV=	Cisco 2-Channel SFP WDM Transponder	Transceiver Modules	unknown	layered	Cables and accessories	(shared across the line)	Cables and accessories shared parts	label-unsupported (label Transceiver Modules; was Fiber patch panels and MPO / breakout cables (CB- / PP)): no series token in the SKU or name, no compatible part placed in the series						none: no series token in the SKU or name, no compatible part placed in the series
WIC-1AM-V2	one-port Analog Modem Interface card	2900 ISR	interface	layered	Interface cards (NIM / SM-X / HWIC / SPA / PVDM / VIC / cellular)		EHWIC / HWIC / VWIC / WIC	sku ^V?WIC						
WIC-1AM-V2=	one-port Analog Modem Interface card	2900 ISR	interface	layered	Interface cards (NIM / SM-X / HWIC / SPA / PVDM / VIC / cellular)		EHWIC / HWIC / VWIC / WIC	sku ^V?WIC						
WIC-1SHDSL-V3	Cisco WIC-1SHDSL-V3	800	interface	layered	Interface cards (NIM / SM-X / HWIC / SPA / PVDM / VIC / cellular)		EHWIC / HWIC / VWIC / WIC	sku ^V?WIC						
WIC-2AM-V2	Two-port Analog Modem Interface Card	2900 ISR	interface	layered	Interface cards (NIM / SM-X / HWIC / SPA / PVDM / VIC / cellular)		EHWIC / HWIC / VWIC / WIC	sku ^V?WIC						
WIC-2AM-V2=	Two-port Analog Modem Interface Card	2900 ISR	interface	layered	Interface cards (NIM / SM-X / HWIC / SPA / PVDM / VIC / cellular)		EHWIC / HWIC / VWIC / WIC	sku ^V?WIC						
WIM-1T	Cisco 800M Router 1-Port Serial WAN Interface Module	800	interface	layered	Interface cards (NIM / SM-X / HWIC / SPA / PVDM / VIC / cellular)		Cellular and WAN interface modules (MC / PCEX / WIM)	sku ^WIM-						
WIM-1T=	Cisco 800M Router 1-Port Serial WAN Interface Module	800	interface	layered	Interface cards (NIM / SM-X / HWIC / SPA / PVDM / VIC / cellular)		Cellular and WAN interface modules (MC / PCEX / WIM)	sku ^WIM-						
WIM-3G	Cisco 800M ISR Dual SIM-multimode 3G WAN Interface Module	800	cellular	layered	Interface cards (NIM / SM-X / HWIC / SPA / PVDM / VIC / cellular)		Cellular and WAN interface modules (MC / PCEX / WIM)	sku ^WIM-						
WIM-3G=	Cisco 800M Router Dual SIM HSPA+ CDMA 3G WIM	4000 ISR	cellular	layered	Interface cards (NIM / SM-X / HWIC / SPA / PVDM / VIC / cellular)		Cellular and WAN interface modules (MC / PCEX / WIM)	sku ^WIM-						
WIM-BLANK	Blank faceplate for WIM slot on Cisco ISR 800M	800	mechanical	layered	Interface cards (NIM / SM-X / HWIC / SPA / PVDM / VIC / cellular)		Cellular and WAN interface modules (MC / PCEX / WIM)	sku ^WIM-						
WIM-BLANK=	Blank faceplate for WIM slot on Cisco ISR 800M	800	mechanical	layered	Interface cards (NIM / SM-X / HWIC / SPA / PVDM / VIC / cellular)		Cellular and WAN interface modules (MC / PCEX / WIM)	sku ^WIM-						
WIM-LTE-AL	Cisco WIM-LTE-AL	8100 Series Secure	cellular	layered	Interface cards (NIM / SM-X / HWIC / SPA / PVDM / VIC / cellular)		Cellular and WAN interface modules (MC / PCEX / WIM)	sku ^WIM-						
WIM-LTE-AS	Cisco 800M ISR Single SIM 4G LTE WAN Interface Module (Bands Supported: B1, B3, B5, B8, B40, B41)	8100 Series Secure	cellular	layered	Interface cards (NIM / SM-X / HWIC / SPA / PVDM / VIC / cellular)		Cellular and WAN interface modules (MC / PCEX / WIM)	sku ^WIM-						
WIM-LTE-AS=	Cisco 800M Router Single SIM LTE WIM	800	cellular	layered	Interface cards (NIM / SM-X / HWIC / SPA / PVDM / VIC / cellular)		Cellular and WAN interface modules (MC / PCEX / WIM)	sku ^WIM-						
WIM-LTE-LT	Cisco WIM-LTE-LT	8100 Series Secure	cellular	layered	Interface cards (NIM / SM-X / HWIC / SPA / PVDM / VIC / cellular)		Cellular and WAN interface modules (MC / PCEX / WIM)	sku ^WIM-						
WP-WIFI6-A	WiFi6 Pluggable Module for IoT Routers	Catalyst IR1800 Rugged	radio	layered	Interface cards (NIM / SM-X / HWIC / SPA / PVDM / VIC / cellular)		WP pluggable modules (IoT routers)	sku ^WP-(?!9821)						
WP-WIFI6-A=	WiFI6 Pluggable Module for IoT Routers	Catalyst IR1800 Rugged	radio	layered	Interface cards (NIM / SM-X / HWIC / SPA / PVDM / VIC / cellular)		WP pluggable modules (IoT routers)	sku ^WP-(?!9821)						
WP-WIFI6-B	WiFI6 Pluggable Module for IoT Routers	Catalyst IR1800 Rugged	radio	layered	Interface cards (NIM / SM-X / HWIC / SPA / PVDM / VIC / cellular)		WP pluggable modules (IoT routers)	sku ^WP-(?!9821)						
WP-WIFI6-B=	WiFI6 Pluggable Module for IoT Routers	Catalyst IR1800 Rugged	radio	layered	Interface cards (NIM / SM-X / HWIC / SPA / PVDM / VIC / cellular)		WP pluggable modules (IoT routers)	sku ^WP-(?!9821)						
WP-WIFI6-C	WiFI6 Pluggable Module for IoT Routers	Catalyst IR1800 Rugged	radio	layered	Interface cards (NIM / SM-X / HWIC / SPA / PVDM / VIC / cellular)		WP pluggable modules (IoT routers)	sku ^WP-(?!9821)						
WP-WIFI6-C=	WiFI6 Pluggable Module for IoT Routers	Catalyst IR1800 Rugged	radio	layered	Interface cards (NIM / SM-X / HWIC / SPA / PVDM / VIC / cellular)		WP pluggable modules (IoT routers)	sku ^WP-(?!9821)						
WP-WIFI6-D	WiFI6 Pluggable Module for IoT Routers	Catalyst IR1800 Rugged	radio	layered	Interface cards (NIM / SM-X / HWIC / SPA / PVDM / VIC / cellular)		WP pluggable modules (IoT routers)	sku ^WP-(?!9821)						
WP-WIFI6-D=	WiFI6 Pluggable Module for IoT Routers	Catalyst IR1800 Rugged	radio	layered	Interface cards (NIM / SM-X / HWIC / SPA / PVDM / VIC / cellular)		WP pluggable modules (IoT routers)	sku ^WP-(?!9821)						
WP-WIFI6-E	WiFI6 Pluggable Module for IoT Routers	Catalyst IR1800 Rugged	radio	layered	Interface cards (NIM / SM-X / HWIC / SPA / PVDM / VIC / cellular)		WP pluggable modules (IoT routers)	sku ^WP-(?!9821)						
WP-WIFI6-E=	WiFI6 Pluggable Module for IoT Routers	Catalyst IR1800 Rugged	radio	layered	Interface cards (NIM / SM-X / HWIC / SPA / PVDM / VIC / cellular)		WP pluggable modules (IoT routers)	sku ^WP-(?!9821)						
WP-WIFI6-F	WiFI6 Pluggable Module for IoT Routers	Catalyst IR1800 Rugged	radio	layered	Interface cards (NIM / SM-X / HWIC / SPA / PVDM / VIC / cellular)		WP pluggable modules (IoT routers)	sku ^WP-(?!9821)						
WP-WIFI6-F=	WiFI6 Pluggable Module for IoT Routers	Catalyst IR1800 Rugged	radio	layered	Interface cards (NIM / SM-X / HWIC / SPA / PVDM / VIC / cellular)		WP pluggable modules (IoT routers)	sku ^WP-(?!9821)						
WP-WIFI6-G	WiFI6 Pluggable Module for IoT Routers	Catalyst IR1800 Rugged	radio	layered	Interface cards (NIM / SM-X / HWIC / SPA / PVDM / VIC / cellular)		WP pluggable modules (IoT routers)	sku ^WP-(?!9821)						
WP-WIFI6-G=	WiFI6 Pluggable Module for IoT Routers	Catalyst IR1800 Rugged	radio	layered	Interface cards (NIM / SM-X / HWIC / SPA / PVDM / VIC / cellular)		WP pluggable modules (IoT routers)	sku ^WP-(?!9821)						
WP-WIFI6-H	WiFI6 Pluggable Module for IoT Routers	Catalyst IR1800 Rugged	radio	layered	Interface cards (NIM / SM-X / HWIC / SPA / PVDM / VIC / cellular)		WP pluggable modules (IoT routers)	sku ^WP-(?!9821)						
WP-WIFI6-H=	WiFI6 Pluggable Module for IoT Routers	Catalyst IR1800 Rugged	radio	layered	Interface cards (NIM / SM-X / HWIC / SPA / PVDM / VIC / cellular)		WP pluggable modules (IoT routers)	sku ^WP-(?!9821)						
WP-WIFI6-I	WiFI6 Pluggable Module for IoT Routers	Catalyst IR1800 Rugged	radio	layered	Interface cards (NIM / SM-X / HWIC / SPA / PVDM / VIC / cellular)		WP pluggable modules (IoT routers)	sku ^WP-(?!9821)						
WP-WIFI6-I=	WiFI6 Pluggable Module for IoT Routers	Catalyst IR1800 Rugged	radio	layered	Interface cards (NIM / SM-X / HWIC / SPA / PVDM / VIC / cellular)		WP pluggable modules (IoT routers)	sku ^WP-(?!9821)						
WP-WIFI6-K	WiFI6 Pluggable Module for IoT Routers	Catalyst IR1800 Rugged	radio	layered	Interface cards (NIM / SM-X / HWIC / SPA / PVDM / VIC / cellular)		WP pluggable modules (IoT routers)	sku ^WP-(?!9821)						
WP-WIFI6-K=	WiFI6 Pluggable Module for IoT Routers	Catalyst IR1800 Rugged	radio	layered	Interface cards (NIM / SM-X / HWIC / SPA / PVDM / VIC / cellular)		WP pluggable modules (IoT routers)	sku ^WP-(?!9821)						
WP-WIFI6-L	WiFI6 Pluggable Module for IoT Routers	Catalyst IR1800 Rugged	radio	layered	Interface cards (NIM / SM-X / HWIC / SPA / PVDM / VIC / cellular)		WP pluggable modules (IoT routers)	sku ^WP-(?!9821)						
WP-WIFI6-L=	WiFI6 Pluggable Module for IoT Routers	Catalyst IR1800 Rugged	radio	layered	Interface cards (NIM / SM-X / HWIC / SPA / PVDM / VIC / cellular)		WP pluggable modules (IoT routers)	sku ^WP-(?!9821)						
WP-WIFI6-M	WiFI6 Pluggable Module for IoT Routers	Catalyst IR1800 Rugged	radio	layered	Interface cards (NIM / SM-X / HWIC / SPA / PVDM / VIC / cellular)		WP pluggable modules (IoT routers)	sku ^WP-(?!9821)						
WP-WIFI6-M=	WiFI6 Pluggable Module for IoT Routers	Catalyst IR1800 Rugged	radio	layered	Interface cards (NIM / SM-X / HWIC / SPA / PVDM / VIC / cellular)		WP pluggable modules (IoT routers)	sku ^WP-(?!9821)						
WP-WIFI6-N	WiFI6 Pluggable Module for IoT Routers	Catalyst IR1800 Rugged	radio	layered	Interface cards (NIM / SM-X / HWIC / SPA / PVDM / VIC / cellular)		WP pluggable modules (IoT routers)	sku ^WP-(?!9821)						
WP-WIFI6-N=	WiFI6 Pluggable Module for IoT Routers	Catalyst IR1800 Rugged	radio	layered	Interface cards (NIM / SM-X / HWIC / SPA / PVDM / VIC / cellular)		WP pluggable modules (IoT routers)	sku ^WP-(?!9821)						
WP-WIFI6-Q	WiFI6 Pluggable Module for IoT Routers	Catalyst IR1800 Rugged	radio	layered	Interface cards (NIM / SM-X / HWIC / SPA / PVDM / VIC / cellular)		WP pluggable modules (IoT routers)	sku ^WP-(?!9821)						
WP-WIFI6-Q=	WiFI6 Pluggable Module for IoT Routers	Catalyst IR1800 Rugged	radio	layered	Interface cards (NIM / SM-X / HWIC / SPA / PVDM / VIC / cellular)		WP pluggable modules (IoT routers)	sku ^WP-(?!9821)						
WP-WIFI6-R	WiFI6 Pluggable Module for IoT Routers	Catalyst IR1800 Rugged	radio	layered	Interface cards (NIM / SM-X / HWIC / SPA / PVDM / VIC / cellular)		WP pluggable modules (IoT routers)	sku ^WP-(?!9821)						
WP-WIFI6-R=	WiFI6 Pluggable Module for IoT Routers	Catalyst IR1800 Rugged	radio	layered	Interface cards (NIM / SM-X / HWIC / SPA / PVDM / VIC / cellular)		WP pluggable modules (IoT routers)	sku ^WP-(?!9821)						
WP-WIFI6-S	WiFI6 Pluggable Module for IoT Routers	Catalyst IR1800 Rugged	radio	layered	Interface cards (NIM / SM-X / HWIC / SPA / PVDM / VIC / cellular)		WP pluggable modules (IoT routers)	sku ^WP-(?!9821)						
WP-WIFI6-S=	WiFI6 Pluggable Module for IoT Routers	Catalyst IR1800 Rugged	radio	layered	Interface cards (NIM / SM-X / HWIC / SPA / PVDM / VIC / cellular)		WP pluggable modules (IoT routers)	sku ^WP-(?!9821)						
WP-WIFI6-T	WiFI6 Pluggable Module for IoT Routers	Catalyst IR1800 Rugged	radio	layered	Interface cards (NIM / SM-X / HWIC / SPA / PVDM / VIC / cellular)		WP pluggable modules (IoT routers)	sku ^WP-(?!9821)						
WP-WIFI6-T=	WiFI6 Pluggable Module for IoT Routers	Catalyst IR1800 Rugged	radio	layered	Interface cards (NIM / SM-X / HWIC / SPA / PVDM / VIC / cellular)		WP pluggable modules (IoT routers)	sku ^WP-(?!9821)						
WP-WIFI6-Z	WiFI6 Pluggable Module for IoT Routers	Catalyst IR1800 Rugged	radio	layered	Interface cards (NIM / SM-X / HWIC / SPA / PVDM / VIC / cellular)		WP pluggable modules (IoT routers)	sku ^WP-(?!9821)						
WP-WIFI6-Z=	WiFI6 Pluggable Module for IoT Routers	Catalyst IR1800 Rugged	radio	layered	Interface cards (NIM / SM-X / HWIC / SPA / PVDM / VIC / cellular)		WP pluggable modules (IoT routers)	sku ^WP-(?!9821)						
WS-SVC-ASA-SM1	Base ASA Services Module PID for K8/K9	Services Modules	module	pending_plan								move switches		
WS-SVC-ASA-SM1-K7	ASA Services Module for Catalyst 6500-E, NPE	Services Modules	module	pending_plan								move switches		
WS-SVC-ASA-SM1-K7=	ASA K7 Service Module for the Catalyst 6500-E, DES (Spare)	Services Modules	module	pending_plan								move switches		
WS-SVC-ASA-SM1-K8	ASA Services Module for Catalyst 6500-E, DES	Services Modules	module	pending_plan								move switches		
WS-SVC-ASA-SM1-K8=	ASA Services Module for Catalyst 6500-E, DES (spare)	Services Modules	module	pending_plan								move switches		
WS-SVC-ASA-SM1-K9	ASA Services Module for Catalyst 6500-E, 3DES/AES	Services Modules	module	pending_plan								move switches		
WS-SVC-ASA-SM1-K9=	ASA Services Module for Catalyst 6500-E, 3DES/AES (spare)	Services Modules	module	pending_plan								move switches		
WS-SVC-ASA-SM1=	ASA Services Module for Catalyst 6500-E K8/K9 (Spare)	Services Modules	module	pending_plan								move switches		
WS-SVC-ASASM1B-K9	ASA Services Module for Catalyst 6500-E, 3DES/AES	Services Modules	module	pending_plan								move switches		
WS-SVC-IDS2-BUN-K9	600M IDSM-2 Mod for Cat	Services Modules	module	pending_plan								move switches		
WS-SVC-IDS2BUNK9=	600M IDSM-2 Mod Spare	Services Modules	module	pending_plan								move switches		
WS-SVC-NAM-3-K9	Cisco Catalyst 6500 Series NAM-3	Services Modules	module	pending_plan								move switches		
WS-SVC-NAM-3-K9=	Cisco Catalyst 6500 Series NAM-3	Services Modules	module	pending_plan								move switches		
WS-SVC-NAM3-6G-K9	Cisco Catalyst 6500 Series Network Analysis Module (NAM-3)	Services Modules	module	pending_plan								move switches		
WS-SVC-NAM3-6G-K9=	Cisco Catalyst 6500 Series Network Analysis Module (NAM-3)	Services Modules	module	pending_plan								move switches		
WS-SVC-NAM3KS2T-K9	NAM-3 for Keystone Sup2T bundles	Services Modules	module	pending_plan								move switches		
WS-SVC-WEBVPN-K9	WebVPN Services Module for Cisco Catalyst 6500 Series and Cisco 7600 Series	Services Modules	module	pending_plan								move switches		
WS-SVC-WEBVPN-K9=	WebVPN Services Module (spare)	Services Modules	module	pending_plan								move switches		
WS-X4124-FX-MT=	Catalyst 4500 FE Switching Module, 24- 100FX (MTRJ)(Spare)	Line cards	interface	pending_plan								move switches		
WS-X4124-RJ45=	Catalyst 4500 10/100 Module, 24-Ports(RJ45)	Line cards	interface	pending_plan								move switches		
WS-X4148-FX-MT=	Catalyst 4500 FE Switching Module, 48‑100FX MMF(MTRJ)(Spare)	Line cards	interface	pending_plan								move switches		
WS-X4148-RJ	Cisco Catalyst 4500 10/100 Auto Module, 48-Port (RJ-45)	Line cards	interface	pending_plan								move switches		
WS-X4148-RJ21=	Catalyst 4500 10/100 Module, 48-Ports Telco (4xRJ21)(spare)	Line cards	interface	pending_plan								move switches		
WS-X4148-RJ=	Catalyst 4500 10/100 Auto Module, 48-Ports (RJ-45) (Spare)	Line cards	interface	pending_plan								move switches		
WS-X4224-RJ45V=	Catalyst 4500 PoE 802.3af 10/100 24-ports ( RJ45)	Line cards	interface	pending_plan								move switches		
WS-X4232-GB-RJ=	Catalyst 4500 32-10/100 (RJ-45),2-GE(GBIC)	Line cards	interface	pending_plan								move switches		
WS-X4248-FE-SFP	Cisco Catalyst 4500 Fast Ethernet Switching Module, 48-port 100BASE-X (SFP)	Line cards	interface	pending_plan								move switches		
WS-X4248-FX-MT	Cisco WS-X4248-FX-MT	Line cards	interface	pending_plan								move switches		
WS-X4248-RJ21V=	Catalyst 4500 PoE 802.3af 10/100, 48-Ports (RJ21)	Line cards	interface	pending_plan								move switches		
WS-X4248-RJ45V	Cisco Catalyst 4500 PoE 802.3af 10/100, 48-port (RJ-45)	Line cards	interface	pending_plan								move switches		
WS-X4248-RJ45V=	Catalyst 4500 PoE802.3af 10/100, 48-Ports (RJ45)	Line cards	interface	pending_plan								move switches		
WS-X4302-GB=	Catalyst 4500 Gigabit Ethernet Module, 2-Ports (GBIC)	Line cards	interface	pending_plan								move switches		
WS-X4306-GB	Cisco Catalyst 4500 Gigabit Ethernet Module, 6-port (GBIC)	Line cards	interface	pending_plan								move switches		
WS-X4306-GB=	Catalyst 4500 Gigabit Ethernet Module, 6-Ports (GBIC) (Spare)	Line cards	interface	pending_plan								move switches		
WS-X4418-GB	Cisco Catalyst 4500 Gigabit Ethernet Module, server switching 18 ports (GBIC)	Line cards	interface	pending_plan								move switches		
WS-X4424-GB-RJ45=	Catalyst 4500 24-port 10/100/1000 Module (RJ45) (Spare)	Line cards	interface	pending_plan								move switches		
WS-X4448-GB-LX	Cisco WS-X4448-GB-LX	Line cards	interface	pending_plan								move switches		
WS-X4448-GB-SFP	Cisco Catalyst 4500 Gigabit Ethernet Module, 48-port 1000BASE-X (optional SFPs)	Line cards	interface	pending_plan								move switches		
WS-X4506-GB-T	Cisco Catalyst 4500 Gigabit Ethernet Module, 6-port 10/100/1000 802.3af PoE or 1000BASE-X (SFP)	Line cards	interface	pending_plan								move switches		
WS-X4524-GB-RJ45V	Cisco Catalyst 4500 PoE 802.3af 10/100/1000, 24-port (RJ-45)	Line cards	interface	pending_plan								move switches		
WS-X4524-GB-RJ45V=	Catalyst 4500 PoE 802.3af 10/ 100/1000 24-ports (RJ45)	Line cards	interface	pending_plan								move switches		
WS-X4548-GB-RJ45	Cisco Catalyst 4500 Enhanced Module, 48-port 10/100/1000 (RJ-45)	Line cards	interface	pending_plan								move switches		
WS-X4548-GB-RJ45=	Catalyst 4500 Enhanced 48-Port 10/100/1000 Base-T (RJ-45)	Line cards	interface	pending_plan								move switches		
WS-X4548-GB-RJ45V	Cisco Catalyst 4500 PoE IEEE 802.3af 10/100/1000, 48 Ports (RJ-45)	Line cards	interface	pending_plan								move switches		
WS-X4548-RJ45V+	Cisco Catalyst 4500 48-Port 802.3af PoE and 802.3at PoEP 10/100/1000 (RJ-45)	Line cards	interface	pending_plan								move switches		
WS-X4548-RJ45V+=	Catalyst 4500 PoE+ Ready 10/100/1000, 48-Port (RJ45)	Line cards	interface	pending_plan								move switches		
WS-X4648-RJ45V+E=	Catalyst 4500 E-Series 48‑Port PoE+ Ready 10/100/1000(RJ45)	Line cards	interface	pending_plan								move switches		
WS-X5153	Catalyst 5000 ATM LANE module, dual PHY UTP	Network Modules	interface	layered	Router and switch line cards (legacy)	(shared across the line)	Router and switch line cards (legacy) shared parts	sku ^WS-X5[0-9]{3}						
WS-X5153=	Catalyst 5000 ATM LANE module, dual PHY UTP spare	Network Modules	interface	layered	Router and switch line cards (legacy)	(shared across the line)	Router and switch line cards (legacy) shared parts	sku ^WS-X5[0-9]{3}						
WS-X5154	Catalyst 5000 ATM LANE module dual PHY (single mode, SC)	Network Modules	interface	layered	Router and switch line cards (legacy)	(shared across the line)	Router and switch line cards (legacy) shared parts	sku ^WS-X5[0-9]{3}						
WS-X5154=	Catalyst 5000 ATM LANE module dual PHY (single mode, SC) spare	Network Modules	interface	layered	Router and switch line cards (legacy)	(shared across the line)	Router and switch line cards (legacy) shared parts	sku ^WS-X5[0-9]{3}						
WS-X5156	Cisco WS-X5156	Network Modules	interface	layered	Router and switch line cards (legacy)	(shared across the line)	Router and switch line cards (legacy) shared parts	sku ^WS-X5[0-9]{3}						
WS-X5156=	Cisco WS-X5156=	Network Modules	interface	layered	Router and switch line cards (legacy)	(shared across the line)	Router and switch line cards (legacy) shared parts	sku ^WS-X5[0-9]{3}						
WS-X5157	Cisco WS-X5157	Network Modules	interface	layered	Router and switch line cards (legacy)	(shared across the line)	Router and switch line cards (legacy) shared parts	sku ^WS-X5[0-9]{3}						
WS-X5157=	Cisco WS-X5157=	Network Modules	interface	layered	Router and switch line cards (legacy)	(shared across the line)	Router and switch line cards (legacy) shared parts	sku ^WS-X5[0-9]{3}						
XG74222BS0001	Panduit FlexFusion Cabinet 700mm 42RU 1200mm deep	Transceiver Modules	accessory	pending_plan								class non_product		
ZA-4452	Cisco ZA-4452	Transceiver Modules	accessory	pending_plan								class non_product		
ZA-4454	Cisco ZA-4454	Transceiver Modules	accessory	pending_plan								class non_product		
ZA-4457	Cisco ZA-4457	Transceiver Modules	accessory	pending_plan								class non_product		
ZA-4460	Cisco ZA-4460	Transceiver Modules	accessory	pending_plan								class non_product		
