sku	name	series_label	kind	bucket	product_line	product_family	series	placed_by	deploy_role	role_rule	role_issue	plan	belongs	label_evidence	family_carrier
2xHDD	Cisco 2xHDD	HyperFlex HX Series	unknown	pending_plan								class non_product			
2xHDD/SSD	Cisco 2xHDD/SSD	HyperFlex HX Series	unknown	pending_plan								class non_product			
4.NVIDIA	Cisco 4.NVIDIA	HyperFlex HX Series	unknown	pending_plan								class non_product			
40GB	Cisco 40GB	HyperFlex HX Series	unknown	pending_plan								class non_product			
A100	Cisco A100	HyperFlex HX Series	unknown	pending_plan								class non_product			
C240M5SD	Cisco C240M5SD	HyperFlex HX Series	server	pending_plan								class non_product			
CAB-48DC-40A	Cisco CAB-48DC-40A	HyperFlex HX Series	cable	layered	HyperFlex	(shared across the line)	HyperFlex shared parts	accessory ^CAB- (label HyperFlex HX Series)							
CAB-48DC-40A-AS=	Cisco CAB-48DC-40A-AS=	HyperFlex HX Series	cable	pending_plan								move hyperconverged-infrastructure			
CAB-48DC-40A-INT=	Cisco CAB-48DC-40A-INT=	HyperFlex HX Series	cable	pending_plan								move hyperconverged-infrastructure			
CAB-9K10A-KOR1=	Cisco CAB-9K10A-KOR1=	HyperFlex HX Series	cable	pending_plan								move servers-unified-computing			
CAB-9K12A-NA2=	Cisco CAB-9K12A-NA2=	HyperFlex HX Series	cable	layered	HyperFlex	(shared across the line)	HyperFlex shared parts	accessory ^CAB- (label HyperFlex HX Series)							
CAB-9K12A-NA4=	Cisco CAB-9K12A-NA4=	HyperFlex HX Series	cable	layered	HyperFlex	(shared across the line)	HyperFlex shared parts	accessory ^CAB- (label HyperFlex HX Series)							
CAB-9K12A-NA5=	Cisco CAB-9K12A-NA5=	HyperFlex HX Series	cable	layered	HyperFlex	(shared across the line)	HyperFlex shared parts	accessory ^CAB- (label HyperFlex HX Series)							
CAB-C13-C14-3M-IN1	Cisco CAB-C13-C14-3M-IN1	HyperFlex HX Series	cable	layered	HyperFlex	(shared across the line)	HyperFlex shared parts	accessory ^CAB- (label HyperFlex HX Series)							
CAB-C13-C14-3M-IN2	Cisco CAB-C13-C14-3M-IN2	HyperFlex HX Series	cable	layered	HyperFlex	(shared across the line)	HyperFlex shared parts	accessory ^CAB- (label HyperFlex HX Series)							
CAB-C13-C14-IN1	Cisco CAB-C13-C14-IN1	HyperFlex HX Series	cable	layered	HyperFlex	(shared across the line)	HyperFlex shared parts	accessory ^CAB- (label HyperFlex HX Series)							
CAB-C13-C14-IN2	Cisco CAB-C13-C14-IN2	HyperFlex HX Series	cable	layered	HyperFlex	(shared across the line)	HyperFlex shared parts	accessory ^CAB- (label HyperFlex HX Series)							
CBL-FNVME-240M6	Cisco CBL-FNVME-240M6	HyperFlex HX Series	cable	layered	HyperFlex	(none)	HX240c	sku ^(?=HX|UCSC?-|CBL-).*(?<![0-9])240-?M[4-7]							
CBL-FNVME-240M6=	Cisco CBL-FNVME-240M6=	HyperFlex HX Series	cable	layered	HyperFlex	(none)	HX240c	sku ^(?=HX|UCSC?-|CBL-).*(?<![0-9])240-?M[4-7]							
CBL-GPU-C240M6	Cisco CBL-GPU-C240M6	HyperFlex HX Series	cable	layered	HyperFlex	(none)	HX240c	sku ^(?=HX|UCSC?-|CBL-).*(?<![0-9])240-?M[4-7]							
CBL-GPU-C240M6=	Cisco CBL-GPU-C240M6=	HyperFlex HX Series	cable	layered	HyperFlex	(none)	HX240c	sku ^(?=HX|UCSC?-|CBL-).*(?<![0-9])240-?M[4-7]							
CBL-NVME-C220FF=	Cisco CBL-NVME-C220FF=	HyperFlex HX Series	cable	layered	HyperFlex	(none)	HX220c	sku ^(?=HX|UCSC-|CBL-).*(?<![A-Z0-9])C220(?![0-9])							
CBL-R3BS3-C240M6L=	Cisco CBL-R3BS3-C240M6L=	HyperFlex HX Series	cable	layered	HyperFlex	(none)	HX240c	sku ^(?=HX|UCSC?-|CBL-).*(?<![0-9])240-?M[4-7]							
CBL-RSASR1B-240M6=	Cisco CBL-RSASR1B-240M6=	HyperFlex HX Series	cable	layered	HyperFlex	(none)	HX240c	sku ^(?=HX|UCSC?-|CBL-).*(?<![0-9])240-?M[4-7]							
CBL-RSASR3B-240M6=	Cisco CBL-RSASR3B-240M6=	HyperFlex HX Series	cable	layered	HyperFlex	(none)	HX240c	sku ^(?=HX|UCSC?-|CBL-).*(?<![0-9])240-?M[4-7]							
CBL-SAS-C220M6=	Cisco CBL-SAS-C220M6=	HyperFlex HX Series	cable	layered	HyperFlex	(none)	HX220c	sku ^(?=HX|UCSC-|CBL-).*(?<![0-9])220-?M[4-7]							
CBL-SAS-C225M6=	Cisco CBL-SAS-C225M6=	HyperFlex HX Series	cable	layered	HyperFlex	(none)	HX225c	sku ^(?=HX|CBL-).*(?<![0-9])225-?M[6-7]							
CBL-SAS12-240M6	Cisco CBL-SAS12-240M6	HyperFlex HX Series	cable	layered	HyperFlex	(none)	HX240c	sku ^(?=HX|UCSC?-|CBL-).*(?<![0-9])240-?M[4-7]							
CBL-SAS12-240M6=	Cisco CBL-SAS12-240M6=	HyperFlex HX Series	cable	layered	HyperFlex	(none)	HX240c	sku ^(?=HX|UCSC?-|CBL-).*(?<![0-9])240-?M[4-7]							
CBL-SAS24-240M6	Cisco CBL-SAS24-240M6	HyperFlex HX Series	cable	layered	HyperFlex	(none)	HX240c	sku ^(?=HX|UCSC?-|CBL-).*(?<![0-9])240-?M[4-7]							
CBL-SAS24-240M6=	Cisco CBL-SAS24-240M6=	HyperFlex HX Series	cable	layered	HyperFlex	(none)	HX240c	sku ^(?=HX|UCSC?-|CBL-).*(?<![0-9])240-?M[4-7]							
CBL-SASHBA-M5SD=	Cisco CBL-SASHBA-M5SD=	HyperFlex HX Series	cable	layered	HyperFlex	(shared across the line)	HyperFlex shared parts	accessory ^CBL- (label HyperFlex HX Series)							
CBL-SATA-C220M6=	Cisco CBL-SATA-C220M6=	HyperFlex HX Series	cable	layered	HyperFlex	(none)	HX220c	sku ^(?=HX|UCSC-|CBL-).*(?<![0-9])220-?M[4-7]							
CBL-SATA-C240M6=	Cisco CBL-SATA-C240M6=	HyperFlex HX Series	cable	layered	HyperFlex	(none)	HX240c	sku ^(?=HX|UCSC?-|CBL-).*(?<![0-9])240-?M[4-7]							
CBL-SC-MR12GM52=	Cisco CBL-SC-MR12GM52=	HyperFlex HX Series	cable	layered	HyperFlex	(shared across the line)	HyperFlex shared parts	accessory ^CBL- (label HyperFlex HX Series)							
CBL-SC-MR12GM5P=	Cisco CBL-SC-MR12GM5P=	HyperFlex HX Series	cable	layered	HyperFlex	(shared across the line)	HyperFlex shared parts	accessory ^CBL- (label HyperFlex HX Series)							
CRS-DG	Cisco CRS-DG	HyperFlex HX Series	unknown	pending_plan								class non_product			
DATA-DG	Cisco DATA-DG	HyperFlex HX Series	unknown	pending_plan								class non_product			
E10GSFPLR	Cisco E10GSFPLR	HyperFlex HX Series	server	pending_plan								class non_product			
E10GSFPSR	Cisco E10GSFPSR	HyperFlex HX Series	server	pending_plan								class non_product			
FRA-DG	Cisco FRA-DG	HyperFlex HX Series	unknown	pending_plan								class non_product			
GPU3	Cisco GPU3	HyperFlex HX Series	gpu	pending_plan								class non_product			
HX-16-DC16C	Cisco HX-16-DC16C	HyperFlex HX Series	unknown	layered	HyperFlex	(none)	HyperFlex bundles and starter packs	sku ^HX-(SP|STD|16)-							
HX-16-DC16C-NS	Cisco HX-16-DC16C-NS	HyperFlex HX Series	unknown	layered	HyperFlex	(none)	HyperFlex bundles and starter packs	sku ^HX-(SP|STD|16)-							
HX-16-DC16C-RM	Cisco HX-16-DC16C-RM	HyperFlex HX Series	unknown	layered	HyperFlex	(none)	HyperFlex bundles and starter packs	sku ^HX-(SP|STD|16)-							
HX-16-DC24C	Cisco HX-16-DC24C	HyperFlex HX Series	unknown	layered	HyperFlex	(none)	HyperFlex bundles and starter packs	sku ^HX-(SP|STD|16)-							
HX-16-DC24C-NS	Cisco HX-16-DC24C-NS	HyperFlex HX Series	unknown	layered	HyperFlex	(none)	HyperFlex bundles and starter packs	sku ^HX-(SP|STD|16)-							
HX-16-DC24C-RM	Cisco HX-16-DC24C-RM	HyperFlex HX Series	unknown	layered	HyperFlex	(none)	HyperFlex bundles and starter packs	sku ^HX-(SP|STD|16)-							
HX-16-ST16C	Cisco HX-16-ST16C	HyperFlex HX Series	unknown	layered	HyperFlex	(none)	HyperFlex bundles and starter packs	sku ^HX-(SP|STD|16)-							
HX-16-ST16C-NS	Cisco HX-16-ST16C-NS	HyperFlex HX Series	unknown	layered	HyperFlex	(none)	HyperFlex bundles and starter packs	sku ^HX-(SP|STD|16)-							
HX-16-ST16C-RM	Cisco HX-16-ST16C-RM	HyperFlex HX Series	unknown	layered	HyperFlex	(none)	HyperFlex bundles and starter packs	sku ^HX-(SP|STD|16)-							
HX-16-ST24C	Cisco HX-16-ST24C	HyperFlex HX Series	unknown	layered	HyperFlex	(none)	HyperFlex bundles and starter packs	sku ^HX-(SP|STD|16)-							
HX-16-ST24C-NS	Cisco HX-16-ST24C-NS	HyperFlex HX Series	unknown	layered	HyperFlex	(none)	HyperFlex bundles and starter packs	sku ^HX-(SP|STD|16)-							
HX-16-ST24C-RM	Cisco HX-16-ST24C-RM	HyperFlex HX Series	unknown	layered	HyperFlex	(none)	HyperFlex bundles and starter packs	sku ^HX-(SP|STD|16)-							
HX-9400-8E	Cisco 12G 9400-8e 12G SAS HBA for external JBOD attach	HyperFlex HX Series	storage-controller	layered	HyperFlex	(shared across the line)	HyperFlex shared parts	sku ^HX							
HX-9400-8E=	Cisco 12G 9400-8e 12G SAS HBA for external JBOD attach	HyperFlex HX Series	storage-controller	layered	HyperFlex	(shared across the line)	HyperFlex shared parts	sku ^HX							
HX-AAS	Cisco+ Hybrid Cloud - HyperFlex bundle	HyperFlex HX Series	non-product	pending_plan								class non_product			
HX-ADGPU-240M6	C240M6 GPU Air Duct 2USFF/NVMe (for DW/FL only)	HyperFlex HX Series	drive	layered	HyperFlex	(none)	HX240c	sku ^(?=HX|UCSC?-|CBL-).*(?<![0-9])240-?M[4-7]							
HX-ADGPU-240M6=	C240M6 GPU Air Duct 2USFF/NVMe (for DW/FL only)	HyperFlex HX Series	drive	layered	HyperFlex	(none)	HX240c	sku ^(?=HX|UCSC?-|CBL-).*(?<![0-9])240-?M[4-7]							
HX-AMD-JUMPSTART	HX-AMD JumpStart Offer.Pre-Approval needed before quote/ord	HyperFlex HX Series	unknown	pending_plan								class non_product			
HX-B-LSTOR-PT	Cisco FlexStorage Passthrough module w/drive bays	HyperFlex HX Series	accessory	layered	HyperFlex	(shared across the line)	HyperFlex shared parts	sku ^HX							
HX-B-LSTOR-PT=	Cisco FlexStorage Passthrough module w/drive bays	HyperFlex HX Series	accessory	layered	HyperFlex	(shared across the line)	HyperFlex shared parts	sku ^HX							
HX-B-MLOM-40G-03	Cisco UCS VIC 1340 modular LOM for blade servers	HyperFlex HX Series	memory	layered	HyperFlex	(shared across the line)	HyperFlex shared parts	sku ^HX							
HX-B-MLOM-40G-03=	Cisco UCS VIC 1340 modular LOM for blade servers	HyperFlex HX Series	memory	layered	HyperFlex	(shared across the line)	HyperFlex shared parts	sku ^HX							
HX-B-MLOM-40G-04	Cisco UCS VIC 1440 modular LOM for Blade Servers	HyperFlex HX Series	memory	layered	HyperFlex	(shared across the line)	HyperFlex shared parts	sku ^HX							
HX-B-MLOM-40G-04=	Cisco UCS VIC 1440 modular LOM for Blade Servers	HyperFlex HX Series	memory	layered	HyperFlex	(shared across the line)	HyperFlex shared parts	sku ^HX							
HX-B-MLOM-PT-01	Cisco UCS Port Expander Card (mezz) for VIC	HyperFlex HX Series	memory	layered	HyperFlex	(shared across the line)	HyperFlex shared parts	sku ^HX							
HX-B-MLOM-PT-01=	Cisco UCS Port Expander Card (mezz) for VIC	HyperFlex HX Series	memory	layered	HyperFlex	(shared across the line)	HyperFlex shared parts	sku ^HX							
HX-B-MRAID12G	Cisco FlexStorage 12G SAS RAID controller with Drive bays	HyperFlex HX Series	memory	layered	HyperFlex	(shared across the line)	HyperFlex shared parts	sku ^HX							
HX-B-MRAID12G-HE	Cisco FlexStorage 12G SAS RAID contr w/2GB FBWC/drive bays	HyperFlex HX Series	memory	layered	HyperFlex	(shared across the line)	HyperFlex shared parts	sku ^HX							
HX-B-MRAID12G-HE=	Cisco FlexStorage 12G SAS RAID contr w/2GB FBWC/drive bays	HyperFlex HX Series	memory	layered	HyperFlex	(shared across the line)	HyperFlex shared parts	sku ^HX							
HX-B-MRAID12G=	Cisco FlexStorage 12G SAS RAID controller with Drive bays	HyperFlex HX Series	memory	layered	HyperFlex	(shared across the line)	HyperFlex shared parts	sku ^HX							
HX-B-NVMEXPB-I375=	Cisco 2.5in U.2 375 GB Intel P4800 NVMe Med. Perf	HyperFlex HX Series	drive	layered	HyperFlex	(shared across the line)	HyperFlex shared parts	sku ^HX							
HX-B-RAID12G-M6	Cisco M6 FlexStorage 12G SAS RAID Controller	HyperFlex HX Series	storage-controller	layered	HyperFlex	(shared across the line)	HyperFlex shared parts	sku ^HX							
HX-B-RAID12G-M6=	Cisco M6 FlexStorage 12G SAS RAID Controller	HyperFlex HX Series	storage-controller	layered	HyperFlex	(shared across the line)	HyperFlex shared parts	sku ^HX							
HX-B-VIC-M83-8P	Cisco UCS VIC 1380 mezzanine adapter for blade servers	HyperFlex HX Series	nic	layered	HyperFlex	(shared across the line)	HyperFlex shared parts	sku ^HX							
HX-B-VIC-M83-8P=	Cisco UCS VIC 1380 mezzanine adapter for blade servers	HyperFlex HX Series	nic	layered	HyperFlex	(shared across the line)	HyperFlex shared parts	sku ^HX							
HX-B-VIC-M84-4P	Cisco UCS VIC 1480 modular LOM for Blade Servers	HyperFlex HX Series	nic	layered	HyperFlex	(shared across the line)	HyperFlex shared parts	sku ^HX							
HX-B-VIC-M84-4P=	Cisco UCS VIC 1480 modular LOM for Blade Servers	HyperFlex HX Series	nic	layered	HyperFlex	(shared across the line)	HyperFlex shared parts	sku ^HX							
HX-B200-M5-U	Compute UCS B200 M5 Blade w/o CPU, mem, HDD, mezz (UPG)	HyperFlex HX Series	server	layered	HyperFlex	(none)	HyperFlex compute-only nodes (C220 / C240 / C480 / B200 / B480)	sku ^HX-(C220|C240|C480|B200|B480)							
HX-B200-M5-U-BR	Compute UCS B200 M5 w/o CPU, mem, drive bays, HDD,mezz (UPG)	HyperFlex HX Series	server	layered	HyperFlex	(none)	HyperFlex compute-only nodes (C220 / C240 / C480 / B200 / B480)	sku ^HX-(C220|C240|C480|B200|B480)							
HX-B200-M6-U	Compute UCS B200 M6 Blade w/o CPU, mem, HDD, mezz (UPG)	HyperFlex HX Series	server	layered	HyperFlex	(none)	HyperFlex compute-only nodes (C220 / C240 / C480 / B200 / B480)	sku ^HX-(C220|C240|C480|B200|B480)							
HX-B480-M5-U	Compute UCS B480 M5 Blade w/o CPU, mem, HDD, mezz (UPG)	HyperFlex HX Series	server	layered	HyperFlex	(none)	HyperFlex compute-only nodes (C220 / C240 / C480 / B200 / B480)	sku ^HX-(C220|C240|C480|B200|B480)							
HX-BBLKD-S2=	Cisco HX-BBLKD-S2=	HyperFlex HX Series	accessory	layered	HyperFlex	(shared across the line)	HyperFlex shared parts	sku ^HX							
HX-BZL-C240M5s=	Cisco HX-BZL-C240M5s=	HyperFlex HX Series	accessory	layered	HyperFlex	(none)	HX240c	sku ^(?=HX|UCSC?-|CBL-).*(?<![0-9])240-?M[4-7]							
HX-BZL-EX-M5	Optional bezel for UCS C480 M5 rack server	HyperFlex HX Series	mechanical	layered	HyperFlex	(shared across the line)	HyperFlex shared parts	sku ^HX							
HX-BZL-EX-M5=	Optional bezel for UCS C480 M5 rack server	HyperFlex HX Series	mechanical	layered	HyperFlex	(shared across the line)	HyperFlex shared parts	sku ^HX							
HX-C220-M5L	Compute UCS C220 M5 LFF w/o CPU, mem, HD, PCIe, PSU	HyperFlex HX Series	server	layered	HyperFlex	(none)	HyperFlex compute-only nodes (C220 / C240 / C480 / B200 / B480)	sku ^HX-(C220|C240|C480|B200|B480)							
HX-C220-M5L-BR	Compute UCS C220 M5 LFF w/o CPU, mem, HD, PCIe, PSU	HyperFlex HX Series	server	layered	HyperFlex	(none)	HyperFlex compute-only nodes (C220 / C240 / C480 / B200 / B480)	sku ^HX-(C220|C240|C480|B200|B480)							
HX-C220-M5SN	Compute UCS C220 M5 SFF 10 NVMe w/o CPU, mem, HD, PCIe, PSU	HyperFlex HX Series	server	layered	HyperFlex	(none)	HyperFlex compute-only nodes (C220 / C240 / C480 / B200 / B480)	sku ^HX-(C220|C240|C480|B200|B480)							
HX-C220-M5SX	Compute UCS C220 M5 SFF 10 HD w/o CPU, mem, HD, PCIe, PSU	HyperFlex HX Series	server	layered	HyperFlex	(none)	HyperFlex compute-only nodes (C220 / C240 / C480 / B200 / B480)	sku ^HX-(C220|C240|C480|B200|B480)							
HX-C220-M5SX-BR	Compute UCS C220 M5 SFF 10 HD w/o CPU, mem, HD, PCIe, PSU	HyperFlex HX Series	server	layered	HyperFlex	(none)	HyperFlex compute-only nodes (C220 / C240 / C480 / B200 / B480)	sku ^HX-(C220|C240|C480|B200|B480)							
HX-C220-M6N	^Compute UCS C220M6 Rack w/oCPU,mem,drive, 1U wNVMe backplane	HyperFlex HX Series	server	layered	HyperFlex	(none)	HyperFlex compute-only nodes (C220 / C240 / C480 / B200 / B480)	sku ^HX-(C220|C240|C480|B200|B480)							
HX-C220-M6S	Compute UCS C220 M6 Rack w/oCPU,mem,drive, 1U wSFF HDDbackpl	HyperFlex HX Series	server	layered	HyperFlex	(none)	HyperFlex compute-only nodes (C220 / C240 / C480 / B200 / B480)	sku ^HX-(C220|C240|C480|B200|B480)							
HX-C225-M6S	Compute UCS C225M6 Rack w/o CPU,mem,drv,1UwSFF10HDDbackplane	HyperFlex HX Series	server	layered	HyperFlex	(none)	HX225c	sku ^(?=HX|CBL-).*(?<![0-9])225-?M[6-7]							
HX-C240-M5L	Compute UCS C240 M5 12 LFF+2rear drive w/oCPU,mem,HD,PCIe,PS	HyperFlex HX Series	server	layered	HyperFlex	(none)	HyperFlex compute-only nodes (C220 / C240 / C480 / B200 / B480)	sku ^HX-(C220|C240|C480|B200|B480)							
HX-C240-M5L-BR	Compute UCS C240 M5 12 LFF+2rear drive w/oCPU,mem,HD,PCIe,PS	HyperFlex HX Series	server	layered	HyperFlex	(none)	HyperFlex compute-only nodes (C220 / C240 / C480 / B200 / B480)	sku ^HX-(C220|C240|C480|B200|B480)							
HX-C240-M5S	Compute UCS C240 M5 8 SFF +2rear drive w/oCPU,mem,HD,PCIe,PS	HyperFlex HX Series	server	layered	HyperFlex	(none)	HyperFlex compute-only nodes (C220 / C240 / C480 / B200 / B480)	sku ^HX-(C220|C240|C480|B200|B480)							
HX-C240-M5SD	Compute UCS C240M5 Short Depth w/o CPU, mem, HDD, Mezz, HS	HyperFlex HX Series	server	layered	HyperFlex	(none)	HyperFlex compute-only nodes (C220 / C240 / C480 / B200 / B480)	sku ^HX-(C220|C240|C480|B200|B480)							
HX-C240-M5SN	Compute UCS C240 M5 10NVMe+16SAS/SATA SFFw/oCPU,mem,HD,PCIe,	HyperFlex HX Series	server	layered	HyperFlex	(none)	HyperFlex compute-only nodes (C220 / C240 / C480 / B200 / B480)	sku ^HX-(C220|C240|C480|B200|B480)							
HX-C240-M5SX	Compute UCS C240 M5 24 SFF+2rear drive w/oCPU,mem,HD,PCIe,PS	HyperFlex HX Series	server	layered	HyperFlex	(none)	HyperFlex compute-only nodes (C220 / C240 / C480 / B200 / B480)	sku ^HX-(C220|C240|C480|B200|B480)							
HX-C240-M5SX-BR	Compute UCS C240 M5 24 SFF+2rear drive w/oCPU,mem,HD,PCIe,PS	HyperFlex HX Series	server	layered	HyperFlex	(none)	HyperFlex compute-only nodes (C220 / C240 / C480 / B200 / B480)	sku ^HX-(C220|C240|C480|B200|B480)							
HX-C240-M6L	^Compute UCS C240 M6 Rack w/o CPU, mem, drives, 2U w LFF	HyperFlex HX Series	server	layered	HyperFlex	(none)	HyperFlex compute-only nodes (C220 / C240 / C480 / B200 / B480)	sku ^HX-(C220|C240|C480|B200|B480)							
HX-C240-M6S	^Compute UCS C240 M6 Rack w/oCPU,mem,drive, 2U wSFF HDDbackpl	HyperFlex HX Series	server	layered	HyperFlex	(none)	HyperFlex compute-only nodes (C220 / C240 / C480 / B200 / B480)	sku ^HX-(C220|C240|C480|B200|B480)							
HX-C240-M6SN	Compute UCS C240 M6 Rack w/o CPU, mem, drives, 2U 24 NVMe	HyperFlex HX Series	server	layered	HyperFlex	(none)	HyperFlex compute-only nodes (C220 / C240 / C480 / B200 / B480)	sku ^HX-(C220|C240|C480|B200|B480)							
HX-C240-M6SX	Compute UCS C240 M6 Rack w/o CPU, mem, drives, 2U w 24	HyperFlex HX Series	server	layered	HyperFlex	(none)	HyperFlex compute-only nodes (C220 / C240 / C480 / B200 / B480)	sku ^HX-(C220|C240|C480|B200|B480)							
HX-C240M5LVN0	HX Veeam Data Protection Node w/192GB, 96TB, 40GVIC	HyperFlex HX Series	server	layered	HyperFlex	(none)	HyperFlex compute-only nodes (C220 / C240 / C480 / B200 / B480)	sku ^HX-(C220|C240|C480|B200|B480)							
HX-C240SD-EXT	UCS C240SD M5 Extender Kit	HyperFlex HX Series	server	layered	HyperFlex	(none)	HyperFlex compute-only nodes (C220 / C240 / C480 / B200 / B480)	sku ^HX-(C220|C240|C480|B200|B480)							
HX-C240SD-EXT=	Cisco HX-C240SD-EXT=	HyperFlex HX Series	server	layered	HyperFlex	(none)	HyperFlex compute-only nodes (C220 / C240 / C480 / B200 / B480)	sku ^HX-(C220|C240|C480|B200|B480)							
HX-C480-8AUX	UCS C480 M5 Auxiliary Drive Module for 8x rear drives	HyperFlex HX Series	server	layered	HyperFlex	(none)	HyperFlex compute-only nodes (C220 / C240 / C480 / B200 / B480)	sku ^HX-(C220|C240|C480|B200|B480)							
HX-C480-8AUX=	UCS C480 M5 Auxiliary Drive Module for 8x rear drives	HyperFlex HX Series	server	layered	HyperFlex	(none)	HyperFlex compute-only nodes (C220 / C240 / C480 / B200 / B480)	sku ^HX-(C220|C240|C480|B200|B480)							
HX-C480-8HDD	UCS C480 M5 Drive Module for 8x HDD	HyperFlex HX Series	server	layered	HyperFlex	(none)	HyperFlex compute-only nodes (C220 / C240 / C480 / B200 / B480)	sku ^HX-(C220|C240|C480|B200|B480)							
HX-C480-8HDD=	UCS C480 M5 Drive Module for 8x HDD	HyperFlex HX Series	server	layered	HyperFlex	(none)	HyperFlex compute-only nodes (C220 / C240 / C480 / B200 / B480)	sku ^HX-(C220|C240|C480|B200|B480)							
HX-C480-8NVME	UCS C480 M5 Drive Module for 8x NVMe Drives	HyperFlex HX Series	server	layered	HyperFlex	(none)	HyperFlex compute-only nodes (C220 / C240 / C480 / B200 / B480)	sku ^HX-(C220|C240|C480|B200|B480)							
HX-C480-8NVME=	UCS C480 M5 Drive Module for 8x NVMe Drives	HyperFlex HX Series	server	layered	HyperFlex	(none)	HyperFlex compute-only nodes (C220 / C240 / C480 / B200 / B480)	sku ^HX-(C220|C240|C480|B200|B480)							
HX-C480-DVD	UCS C480 M5 Optional DVD drive	HyperFlex HX Series	server	layered	HyperFlex	(none)	HyperFlex compute-only nodes (C220 / C240 / C480 / B200 / B480)	sku ^HX-(C220|C240|C480|B200|B480)							
HX-C480-DVD=	UCS C480 M5 Optional DVD drive	HyperFlex HX Series	server	layered	HyperFlex	(none)	HyperFlex compute-only nodes (C220 / C240 / C480 / B200 / B480)	sku ^HX-(C220|C240|C480|B200|B480)							
HX-C480-INT-SW	UCS C480 Safety Intrusion Switch	HyperFlex HX Series	server	layered	HyperFlex	(none)	HyperFlex compute-only nodes (C220 / C240 / C480 / B200 / B480)	sku ^HX-(C220|C240|C480|B200|B480)							
HX-C480-INT-SW=	UCS C480 Safety Intrusion Switch	HyperFlex HX Series	server	layered	HyperFlex	(none)	HyperFlex compute-only nodes (C220 / C240 / C480 / B200 / B480)	sku ^HX-(C220|C240|C480|B200|B480)							
HX-C480-M5	Compute UCS C480 M5 Std base chassis w/oCPU,mem,HDD,PCIe,PSU	HyperFlex HX Series	server	layered	HyperFlex	(none)	HyperFlex compute-only nodes (C220 / C240 / C480 / B200 / B480)	sku ^HX-(C220|C240|C480|B200|B480)							
HX-CMA-240M6=	Cisco HX-CMA-240M6=	HyperFlex HX Series	accessory	layered	HyperFlex	(none)	HX240c	sku ^(?=HX|UCSC?-|CBL-).*(?<![0-9])240-?M[4-7]							
HX-CMA-4U-M5	Cable Management Arm for UCS C480 M4	HyperFlex HX Series	mechanical	layered	HyperFlex	(shared across the line)	HyperFlex shared parts	sku ^HX							
HX-CMA-4U-M5=	Cable Management Arm for UCS C480 M4	HyperFlex HX Series	mechanical	layered	HyperFlex	(shared across the line)	HyperFlex shared parts	sku ^HX							
HX-CMA-C220M6	Reversible CMA for C220 M6 ball bearing rail kit	HyperFlex HX Series	mechanical	layered	HyperFlex	(none)	HX220c	sku ^(?=HX|UCSC-|CBL-).*(?<![0-9])220-?M[4-7]							
HX-CMA-C220M6=	Reversible CMA for C220 M6 ball bearing rail kit	HyperFlex HX Series	mechanical	layered	HyperFlex	(none)	HX220c	sku ^(?=HX|UCSC-|CBL-).*(?<![0-9])220-?M[4-7]							
HX-CMA-C240M6	Reversible CMA for C240 M6 ball bearing rail kit	HyperFlex HX Series	mechanical	layered	HyperFlex	(none)	HX240c	sku ^(?=HX|UCSC?-|CBL-).*(?<![0-9])240-?M[4-7]							
HX-CMA-C240M6=	Reversible CMA for C240 M6 ball bearing rail kit	HyperFlex HX Series	mechanical	layered	HyperFlex	(none)	HX240c	sku ^(?=HX|UCSC?-|CBL-).*(?<![0-9])240-?M[4-7]							
HX-CMA-M4	Reversible CMA for C240 M4 ball bearing rail kit	HyperFlex HX Series	mechanical	layered	HyperFlex	(shared across the line)	HyperFlex shared parts	sku ^HX							
HX-CMA-M4=	Reversible CMA for C240 M4 ball bearing rail kit	HyperFlex HX Series	mechanical	layered	HyperFlex	(shared across the line)	HyperFlex shared parts	sku ^HX							
HX-CMAF-M4	Reversible CMA for C220 M4 friction & ball bearing rail kits	HyperFlex HX Series	mechanical	layered	HyperFlex	(shared across the line)	HyperFlex shared parts	sku ^HX							
HX-CMAF-M4=	Reversible CMA for C220 & C240 M4 & M5 rack servers	HyperFlex HX Series	mechanical	layered	HyperFlex	(shared across the line)	HyperFlex shared parts	sku ^HX							
HX-COLLAB-UC	UC on HX -TRC- bundle	HyperFlex HX Series	unknown	pending_plan								class non_product			
HX-CPU-3106	1.7 GHz 3106/85W 8C/11MB Cache/DDR4 2133MHz	HyperFlex HX Series	cpu	layered	HyperFlex	(shared across the line)	HyperFlex shared parts	sku ^HX							
HX-CPU-4108	1.8 GHz 4108/85W 8C/11MB Cache/DDR4 2400MHz	HyperFlex HX Series	cpu	layered	HyperFlex	(shared across the line)	HyperFlex shared parts	sku ^HX							
HX-CPU-4110	2.1 GHz 4110/85W 8C/11MB Cache/DDR4 2400MHz	HyperFlex HX Series	cpu	layered	HyperFlex	(shared across the line)	HyperFlex shared parts	sku ^HX							
HX-CPU-4114	2.2 GHz 4114/85W 10C/13.75MB Cache/DDR4 2400MHz	HyperFlex HX Series	cpu	layered	HyperFlex	(shared across the line)	HyperFlex shared parts	sku ^HX							
HX-CPU-4116	2.1 GHz 4116/85W 12C/16.50MB Cache/DDR4 2400MHz	HyperFlex HX Series	cpu	layered	HyperFlex	(shared across the line)	HyperFlex shared parts	sku ^HX							
HX-CPU-5115	2.4 GHz 5115/85W 10C/13.75MB Cache/DDR4 2400MHz	HyperFlex HX Series	cpu	layered	HyperFlex	(shared across the line)	HyperFlex shared parts	sku ^HX							
HX-CPU-5117	2.0 GHz 5117/105W 14C/19.25MB Cache/DDR4 2400MHz	HyperFlex HX Series	cpu	layered	HyperFlex	(shared across the line)	HyperFlex shared parts	sku ^HX							
HX-CPU-5118	2.3 GHz 5118/105W 12C/16.50MB Cache/DDR4 2400MHz	HyperFlex HX Series	cpu	layered	HyperFlex	(shared across the line)	HyperFlex shared parts	sku ^HX							
HX-CPU-5120	2.2 GHz 5120/105W 14C/19.25MB Cache/DDR4 2400MHz	HyperFlex HX Series	cpu	layered	HyperFlex	(shared across the line)	HyperFlex shared parts	sku ^HX							
HX-CPU-6126	2.6 GHz 6126/125W 12C/19.25MB Cache/DDR4 2666MHz	HyperFlex HX Series	cpu	layered	HyperFlex	(shared across the line)	HyperFlex shared parts	sku ^HX							
HX-CPU-6130	2.1 GHz 6130/125W 16C/22MB Cache/DDR4 2666MHz	HyperFlex HX Series	cpu	layered	HyperFlex	(shared across the line)	HyperFlex shared parts	sku ^HX							
HX-CPU-6132	2.6 GHz 6132/140W 14C/19.25MB Cache/DDR4 2666MHz	HyperFlex HX Series	cpu	layered	HyperFlex	(shared across the line)	HyperFlex shared parts	sku ^HX							
HX-CPU-6134	3.2 GHz 6134/130W 8C/24.75MB Cache/DDR4 2666MHz	HyperFlex HX Series	cpu	layered	HyperFlex	(shared across the line)	HyperFlex shared parts	sku ^HX							
HX-CPU-6134M	3.2 GHz 6134M/130W 8C/24.75MB Cache/DDR4 2666MHz	HyperFlex HX Series	cpu	layered	HyperFlex	(shared across the line)	HyperFlex shared parts	sku ^HX							
HX-CPU-6136	3.0 GHz 6136/150W 12C/24.75MB Cache/DDR4 2666MHz	HyperFlex HX Series	cpu	layered	HyperFlex	(shared across the line)	HyperFlex shared parts	sku ^HX							
HX-CPU-6138	2.0 GHz 6138/125W 20C/27.50MB Cache/DDR4 2666MHz	HyperFlex HX Series	cpu	layered	HyperFlex	(shared across the line)	HyperFlex shared parts	sku ^HX							
HX-CPU-6140	2.3 GHz 6140/140W 18C/24.75MB Cache/DDR4 2666MHz	HyperFlex HX Series	cpu	layered	HyperFlex	(shared across the line)	HyperFlex shared parts	sku ^HX							
HX-CPU-6140M	2.3 GHz 6140M/140W 18C/24.75MB Cache/DDR4 2666MHz	HyperFlex HX Series	cpu	layered	HyperFlex	(shared across the line)	HyperFlex shared parts	sku ^HX							
HX-CPU-6142	2.6 GHz 6142/150W 16C/22MB Cache/DDR4 2666MHz	HyperFlex HX Series	cpu	layered	HyperFlex	(shared across the line)	HyperFlex shared parts	sku ^HX							
HX-CPU-6142M	2.6 GHz 6142M/150W 16C/22MB Cache/DDR4 2666MHz	HyperFlex HX Series	cpu	layered	HyperFlex	(shared across the line)	HyperFlex shared parts	sku ^HX							
HX-CPU-6144	3.5 GHz 6144/150W 8C/24.75MB Cache/DDR4 2666MHz	HyperFlex HX Series	cpu	layered	HyperFlex	(shared across the line)	HyperFlex shared parts	sku ^HX							
HX-CPU-6146	3.2 GHz 6146/165W 12C/24.75MB Cache/DDR4 2666MHz	HyperFlex HX Series	cpu	layered	HyperFlex	(shared across the line)	HyperFlex shared parts	sku ^HX							
HX-CPU-6148	2.4 GHz 6148/150W 20C/27.50MB Cache/DDR4 2666MHz	HyperFlex HX Series	cpu	layered	HyperFlex	(shared across the line)	HyperFlex shared parts	sku ^HX							
HX-CPU-6150	2.7 GHz 6150/165W 18C/24.75MB Cache/DDR4 2666MHz	HyperFlex HX Series	cpu	layered	HyperFlex	(shared across the line)	HyperFlex shared parts	sku ^HX							
HX-CPU-6152	2.1 GHz 6152/140W 22C/30.25MB Cache/DDR4 2666MHz	HyperFlex HX Series	cpu	layered	HyperFlex	(shared across the line)	HyperFlex shared parts	sku ^HX							
HX-CPU-6154	3.0 GHz 6154/200W 18C/24.75MB Cache/DDR4 2666MHz	HyperFlex HX Series	cpu	layered	HyperFlex	(shared across the line)	HyperFlex shared parts	sku ^HX							
HX-CPU-8153	2.0 GHz 8153/125W 16C/22MB Cache/DDR4 2666MHz	HyperFlex HX Series	cpu	layered	HyperFlex	(shared across the line)	HyperFlex shared parts	sku ^HX							
HX-CPU-8158	3.0 GHz 8158/150W 12C/24.75MB Cache/DDR4 2666MHz	HyperFlex HX Series	cpu	layered	HyperFlex	(shared across the line)	HyperFlex shared parts	sku ^HX							
HX-CPU-8160	2.1 GHz 8160/150W 24C/33MB Cache/DDR4 2666MHz	HyperFlex HX Series	cpu	layered	HyperFlex	(shared across the line)	HyperFlex shared parts	sku ^HX							
HX-CPU-8160M	2.1 GHz 8160M/150W 24C/33MB Cache/DDR4 2666MHz	HyperFlex HX Series	cpu	layered	HyperFlex	(shared across the line)	HyperFlex shared parts	sku ^HX							
HX-CPU-8164	2.0 GHz 8164/150W 26C/35.75MB Cache/DDR4 2666MHz	HyperFlex HX Series	cpu	layered	HyperFlex	(shared across the line)	HyperFlex shared parts	sku ^HX							
HX-CPU-8168	2.7 GHz 8168/205W 24C/33MB Cache/DDR4 2666MHz	HyperFlex HX Series	cpu	layered	HyperFlex	(shared across the line)	HyperFlex shared parts	sku ^HX							
HX-CPU-8170	2.1 GHz 8170/165W 26C/35.75MB Cache/DDR4 2666MHz	HyperFlex HX Series	cpu	layered	HyperFlex	(shared across the line)	HyperFlex shared parts	sku ^HX							
HX-CPU-8170M	2.1 GHz 8170M/165W 26C/35.75MB Cache/DDR4 2666MHz	HyperFlex HX Series	cpu	layered	HyperFlex	(shared across the line)	HyperFlex shared parts	sku ^HX							
HX-CPU-8176	2.1 GHz 8176/165W 28C/38.50MB Cache/DDR4 2666MHz	HyperFlex HX Series	cpu	layered	HyperFlex	(shared across the line)	HyperFlex shared parts	sku ^HX							
HX-CPU-8176M	2.1 GHz 8176M/165W 28C/38.50MB Cache/DDR4 2666MHz	HyperFlex HX Series	cpu	layered	HyperFlex	(shared across the line)	HyperFlex shared parts	sku ^HX							
HX-CPU-8180	2.5 GHz 8180/205W 28C/38.50MB Cache/DDR4 2666MHz	HyperFlex HX Series	cpu	layered	HyperFlex	(shared across the line)	HyperFlex shared parts	sku ^HX							
HX-CPU-8180M	2.5 GHz 8180M/205W 28C/38.50MB Cache/DDR4 2666MHz	HyperFlex HX Series	cpu	layered	HyperFlex	(shared across the line)	HyperFlex shared parts	sku ^HX							
HX-CPU-A7232P	Cisco HX-CPU-A7232P	HyperFlex HX Series	cpu	layered	HyperFlex	(shared across the line)	HyperFlex shared parts	sku ^HX							
HX-CPU-A7232P=	Cisco HX-CPU-A7232P=	HyperFlex HX Series	cpu	layered	HyperFlex	(shared across the line)	HyperFlex shared parts	sku ^HX							
HX-CPU-A7252	Cisco HX-CPU-A7252	HyperFlex HX Series	cpu	layered	HyperFlex	(shared across the line)	HyperFlex shared parts	sku ^HX							
HX-CPU-A7252=	Cisco HX-CPU-A7252=	HyperFlex HX Series	cpu	layered	HyperFlex	(shared across the line)	HyperFlex shared parts	sku ^HX							
HX-CPU-A7262	AMD 3.2GHz 7262 155W 8C/128MB Cache DDR4 3200MHz	HyperFlex HX Series	cpu	layered	HyperFlex	(shared across the line)	HyperFlex shared parts	sku ^HX							
HX-CPU-A7262=	AMD 3.2GHz 7262 155W 8C/128MB Cache DDR4 3200MHz	HyperFlex HX Series	cpu	layered	HyperFlex	(shared across the line)	HyperFlex shared parts	sku ^HX							
HX-CPU-A7272	Cisco HX-CPU-A7272	HyperFlex HX Series	cpu	layered	HyperFlex	(shared across the line)	HyperFlex shared parts	sku ^HX							
HX-CPU-A7272=	Cisco HX-CPU-A7272=	HyperFlex HX Series	cpu	layered	HyperFlex	(shared across the line)	HyperFlex shared parts	sku ^HX							
HX-CPU-A7282	AMD 2.8GHz 7282 120W 16C/64MB Cache DDR4 3200MHz	HyperFlex HX Series	cpu	layered	HyperFlex	(shared across the line)	HyperFlex shared parts	sku ^HX							
HX-CPU-A7282=	AMD 2.8GHz 7282 120W 16C/64MB Cache DDR4 3200MHz	HyperFlex HX Series	cpu	layered	HyperFlex	(shared across the line)	HyperFlex shared parts	sku ^HX							
HX-CPU-A72F3	AMD 3.7GHz 72F3 180W 8C/256MB Cache DDR4 3200MHz	HyperFlex HX Series	cpu	layered	HyperFlex	(shared across the line)	HyperFlex shared parts	sku ^HX							
HX-CPU-A72F3=	AMD 3.7GHz 72F3 180W 8C/256MB Cache DDR4 3200MHz	HyperFlex HX Series	cpu	layered	HyperFlex	(shared across the line)	HyperFlex shared parts	sku ^HX							
HX-CPU-A7302	Cisco HX-CPU-A7302	HyperFlex HX Series	cpu	layered	HyperFlex	(shared across the line)	HyperFlex shared parts	sku ^HX							
HX-CPU-A7302=	Cisco HX-CPU-A7302=	HyperFlex HX Series	cpu	layered	HyperFlex	(shared across the line)	HyperFlex shared parts	sku ^HX							
HX-CPU-A7313	Cisco HX-CPU-A7313	HyperFlex HX Series	cpu	layered	HyperFlex	(shared across the line)	HyperFlex shared parts	sku ^HX							
HX-CPU-A7313=	Cisco HX-CPU-A7313=	HyperFlex HX Series	cpu	layered	HyperFlex	(shared across the line)	HyperFlex shared parts	sku ^HX							
HX-CPU-A7313P	Cisco HX-CPU-A7313P	HyperFlex HX Series	cpu	layered	HyperFlex	(shared across the line)	HyperFlex shared parts	sku ^HX							
HX-CPU-A7313P=	Cisco HX-CPU-A7313P=	HyperFlex HX Series	cpu	layered	HyperFlex	(shared across the line)	HyperFlex shared parts	sku ^HX							
HX-CPU-A7343	Cisco HX-CPU-A7343	HyperFlex HX Series	cpu	layered	HyperFlex	(shared across the line)	HyperFlex shared parts	sku ^HX							
HX-CPU-A7343=	Cisco HX-CPU-A7343=	HyperFlex HX Series	cpu	layered	HyperFlex	(shared across the line)	HyperFlex shared parts	sku ^HX							
HX-CPU-A7352	Cisco HX-CPU-A7352	HyperFlex HX Series	cpu	layered	HyperFlex	(shared across the line)	HyperFlex shared parts	sku ^HX							
HX-CPU-A7352=	Cisco HX-CPU-A7352=	HyperFlex HX Series	cpu	layered	HyperFlex	(shared across the line)	HyperFlex shared parts	sku ^HX							
HX-CPU-A7373X	Cisco HX-CPU-A7373X	HyperFlex HX Series	cpu	layered	HyperFlex	(shared across the line)	HyperFlex shared parts	sku ^HX							
HX-CPU-A7373X=	Cisco HX-CPU-A7373X=	HyperFlex HX Series	cpu	layered	HyperFlex	(shared across the line)	HyperFlex shared parts	sku ^HX							
HX-CPU-A73F3	Cisco HX-CPU-A73F3	HyperFlex HX Series	cpu	layered	HyperFlex	(shared across the line)	HyperFlex shared parts	sku ^HX							
HX-CPU-A73F3=	Cisco HX-CPU-A73F3=	HyperFlex HX Series	cpu	layered	HyperFlex	(shared across the line)	HyperFlex shared parts	sku ^HX							
HX-CPU-A7413	Cisco HX-CPU-A7413	HyperFlex HX Series	cpu	layered	HyperFlex	(shared across the line)	HyperFlex shared parts	sku ^HX							
HX-CPU-A7413=	Cisco HX-CPU-A7413=	HyperFlex HX Series	cpu	layered	HyperFlex	(shared across the line)	HyperFlex shared parts	sku ^HX							
HX-CPU-A7443	Cisco HX-CPU-A7443	HyperFlex HX Series	cpu	layered	HyperFlex	(shared across the line)	HyperFlex shared parts	sku ^HX							
HX-CPU-A7443=	Cisco HX-CPU-A7443=	HyperFlex HX Series	cpu	layered	HyperFlex	(shared across the line)	HyperFlex shared parts	sku ^HX							
HX-CPU-A7443P	Cisco HX-CPU-A7443P	HyperFlex HX Series	cpu	layered	HyperFlex	(shared across the line)	HyperFlex shared parts	sku ^HX							
HX-CPU-A7443P=	Cisco HX-CPU-A7443P=	HyperFlex HX Series	cpu	layered	HyperFlex	(shared across the line)	HyperFlex shared parts	sku ^HX							
HX-CPU-A7453	Cisco HX-CPU-A7453	HyperFlex HX Series	cpu	layered	HyperFlex	(shared across the line)	HyperFlex shared parts	sku ^HX							
HX-CPU-A7453=	Cisco HX-CPU-A7453=	HyperFlex HX Series	cpu	layered	HyperFlex	(shared across the line)	HyperFlex shared parts	sku ^HX							
HX-CPU-A7473X	Cisco HX-CPU-A7473X	HyperFlex HX Series	cpu	layered	HyperFlex	(shared across the line)	HyperFlex shared parts	sku ^HX							
HX-CPU-A7473X=	Cisco HX-CPU-A7473X=	HyperFlex HX Series	cpu	layered	HyperFlex	(shared across the line)	HyperFlex shared parts	sku ^HX							
HX-CPU-A74F3	AMD 3.2GHz 74F3 240W 24C/256MB Cache DDR4 3200MHz	HyperFlex HX Series	cpu	layered	HyperFlex	(shared across the line)	HyperFlex shared parts	sku ^HX							
HX-CPU-A74F3=	AMD 3.2GHz 74F3 240W 24C/256MB Cache DDR4 3200MHz	HyperFlex HX Series	cpu	layered	HyperFlex	(shared across the line)	HyperFlex shared parts	sku ^HX							
HX-CPU-A7502P	Cisco HX-CPU-A7502P	HyperFlex HX Series	cpu	layered	HyperFlex	(shared across the line)	HyperFlex shared parts	sku ^HX							
HX-CPU-A7502P=	Cisco HX-CPU-A7502P=	HyperFlex HX Series	cpu	layered	HyperFlex	(shared across the line)	HyperFlex shared parts	sku ^HX							
HX-CPU-A7513	Cisco HX-CPU-A7513	HyperFlex HX Series	cpu	layered	HyperFlex	(shared across the line)	HyperFlex shared parts	sku ^HX							
HX-CPU-A7513=	Cisco HX-CPU-A7513=	HyperFlex HX Series	cpu	layered	HyperFlex	(shared across the line)	HyperFlex shared parts	sku ^HX							
HX-CPU-A7532	AMD 2.4GHz 7532 200W 32C/256MB Cache DDR4 3200MHz	HyperFlex HX Series	cpu	layered	HyperFlex	(shared across the line)	HyperFlex shared parts	sku ^HX							
HX-CPU-A7532=	AMD 2.4GHz 7532 200W 32C/256MB Cache DDR4 3200MHz	HyperFlex HX Series	cpu	layered	HyperFlex	(shared across the line)	HyperFlex shared parts	sku ^HX							
HX-CPU-A7543	Cisco HX-CPU-A7543	HyperFlex HX Series	cpu	layered	HyperFlex	(shared across the line)	HyperFlex shared parts	sku ^HX							
HX-CPU-A7543=	Cisco HX-CPU-A7543=	HyperFlex HX Series	cpu	layered	HyperFlex	(shared across the line)	HyperFlex shared parts	sku ^HX							
HX-CPU-A7543P	Cisco HX-CPU-A7543P	HyperFlex HX Series	cpu	layered	HyperFlex	(shared across the line)	HyperFlex shared parts	sku ^HX							
HX-CPU-A7543P=	Cisco HX-CPU-A7543P=	HyperFlex HX Series	cpu	layered	HyperFlex	(shared across the line)	HyperFlex shared parts	sku ^HX							
HX-CPU-A7573X	Cisco HX-CPU-A7573X	HyperFlex HX Series	cpu	layered	HyperFlex	(shared across the line)	HyperFlex shared parts	sku ^HX							
HX-CPU-A7573X=	Cisco HX-CPU-A7573X=	HyperFlex HX Series	cpu	layered	HyperFlex	(shared across the line)	HyperFlex shared parts	sku ^HX							
HX-CPU-A75F3	Cisco HX-CPU-A75F3	HyperFlex HX Series	cpu	layered	HyperFlex	(shared across the line)	HyperFlex shared parts	sku ^HX							
HX-CPU-A75F3=	Cisco HX-CPU-A75F3=	HyperFlex HX Series	cpu	layered	HyperFlex	(shared across the line)	HyperFlex shared parts	sku ^HX							
HX-CPU-A7643	Cisco HX-CPU-A7643	HyperFlex HX Series	cpu	layered	HyperFlex	(shared across the line)	HyperFlex shared parts	sku ^HX							
HX-CPU-A7643=	Cisco HX-CPU-A7643=	HyperFlex HX Series	cpu	layered	HyperFlex	(shared across the line)	HyperFlex shared parts	sku ^HX							
HX-CPU-A7662	Cisco HX-CPU-A7662	HyperFlex HX Series	cpu	layered	HyperFlex	(shared across the line)	HyperFlex shared parts	sku ^HX							
HX-CPU-A7662=	Cisco HX-CPU-A7662=	HyperFlex HX Series	cpu	layered	HyperFlex	(shared across the line)	HyperFlex shared parts	sku ^HX							
HX-CPU-A7663	Cisco HX-CPU-A7663	HyperFlex HX Series	cpu	layered	HyperFlex	(shared across the line)	HyperFlex shared parts	sku ^HX							
HX-CPU-A7663=	Cisco HX-CPU-A7663=	HyperFlex HX Series	cpu	layered	HyperFlex	(shared across the line)	HyperFlex shared parts	sku ^HX							
HX-CPU-A7713	Cisco HX-CPU-A7713	HyperFlex HX Series	cpu	layered	HyperFlex	(shared across the line)	HyperFlex shared parts	sku ^HX							
HX-CPU-A7713=	Cisco HX-CPU-A7713=	HyperFlex HX Series	cpu	layered	HyperFlex	(shared across the line)	HyperFlex shared parts	sku ^HX							
HX-CPU-A7713P	Cisco HX-CPU-A7713P	HyperFlex HX Series	cpu	layered	HyperFlex	(shared across the line)	HyperFlex shared parts	sku ^HX							
HX-CPU-A7713P=	Cisco HX-CPU-A7713P=	HyperFlex HX Series	cpu	layered	HyperFlex	(shared across the line)	HyperFlex shared parts	sku ^HX							
HX-CPU-A7763	Cisco HX-CPU-A7763	HyperFlex HX Series	cpu	layered	HyperFlex	(shared across the line)	HyperFlex shared parts	sku ^HX							
HX-CPU-A7763=	Cisco HX-CPU-A7763=	HyperFlex HX Series	cpu	layered	HyperFlex	(shared across the line)	HyperFlex shared parts	sku ^HX							
HX-CPU-A7773X	Cisco HX-CPU-A7773X	HyperFlex HX Series	cpu	layered	HyperFlex	(shared across the line)	HyperFlex shared parts	sku ^HX							
HX-CPU-A7773X=	Cisco HX-CPU-A7773X=	HyperFlex HX Series	cpu	layered	HyperFlex	(shared across the line)	HyperFlex shared parts	sku ^HX							
HX-CPU-E52609E	Cisco HX-CPU-E52609E	HyperFlex HX Series	cpu	layered	HyperFlex	(shared across the line)	HyperFlex shared parts	sku ^HX							
HX-CPU-E52620E	Cisco HX-CPU-E52620E	HyperFlex HX Series	cpu	layered	HyperFlex	(shared across the line)	HyperFlex shared parts	sku ^HX							
HX-CPU-E52630E	Cisco HX-CPU-E52630E	HyperFlex HX Series	cpu	layered	HyperFlex	(shared across the line)	HyperFlex shared parts	sku ^HX							
HX-CPU-E52630LE	Cisco HX-CPU-E52630LE	HyperFlex HX Series	cpu	layered	HyperFlex	(shared across the line)	HyperFlex shared parts	sku ^HX							
HX-CPU-E52640E	Cisco HX-CPU-E52640E	HyperFlex HX Series	cpu	layered	HyperFlex	(shared across the line)	HyperFlex shared parts	sku ^HX							
HX-CPU-E52650E	Cisco HX-CPU-E52650E	HyperFlex HX Series	cpu	layered	HyperFlex	(shared across the line)	HyperFlex shared parts	sku ^HX							
HX-CPU-E52650LE	Cisco HX-CPU-E52650LE	HyperFlex HX Series	cpu	layered	HyperFlex	(shared across the line)	HyperFlex shared parts	sku ^HX							
HX-CPU-E52658E	Cisco HX-CPU-E52658E	HyperFlex HX Series	cpu	layered	HyperFlex	(shared across the line)	HyperFlex shared parts	sku ^HX							
HX-CPU-E52660E	Cisco HX-CPU-E52660E	HyperFlex HX Series	cpu	layered	HyperFlex	(shared across the line)	HyperFlex shared parts	sku ^HX							
HX-CPU-E52667E	Cisco HX-CPU-E52667E	HyperFlex HX Series	cpu	layered	HyperFlex	(shared across the line)	HyperFlex shared parts	sku ^HX							
HX-CPU-E52680E	Cisco HX-CPU-E52680E	HyperFlex HX Series	cpu	layered	HyperFlex	(shared across the line)	HyperFlex shared parts	sku ^HX							
HX-CPU-E52683E	Cisco HX-CPU-E52683E	HyperFlex HX Series	cpu	layered	HyperFlex	(shared across the line)	HyperFlex shared parts	sku ^HX							
HX-CPU-E52690E	Cisco HX-CPU-E52690E	HyperFlex HX Series	cpu	layered	HyperFlex	(shared across the line)	HyperFlex shared parts	sku ^HX							
HX-CPU-E52695E	Cisco HX-CPU-E52695E	HyperFlex HX Series	cpu	layered	HyperFlex	(shared across the line)	HyperFlex shared parts	sku ^HX							
HX-CPU-E52697AE	Cisco HX-CPU-E52697AE	HyperFlex HX Series	cpu	layered	HyperFlex	(shared across the line)	HyperFlex shared parts	sku ^HX							
HX-CPU-E52697E	Cisco HX-CPU-E52697E	HyperFlex HX Series	cpu	layered	HyperFlex	(shared across the line)	HyperFlex shared parts	sku ^HX							
HX-CPU-E52698E	Cisco HX-CPU-E52698E	HyperFlex HX Series	cpu	layered	HyperFlex	(shared across the line)	HyperFlex shared parts	sku ^HX							
HX-CPU-E52699AE	Cisco HX-CPU-E52699AE	HyperFlex HX Series	cpu	layered	HyperFlex	(shared across the line)	HyperFlex shared parts	sku ^HX							
HX-CPU-E52699E	Cisco HX-CPU-E52699E	HyperFlex HX Series	cpu	layered	HyperFlex	(shared across the line)	HyperFlex shared parts	sku ^HX							
HX-CPU-I3204	Intel 3204 1.9GHz/85W 6C/8.25MB DDR4 2133MHz	HyperFlex HX Series	cpu	layered	HyperFlex	(shared across the line)	HyperFlex shared parts	sku ^HX							
HX-CPU-I3204=	Intel 3204 1.9GHz/85W 6C/8.25MB DDR4 2133MHz	HyperFlex HX Series	cpu	layered	HyperFlex	(shared across the line)	HyperFlex shared parts	sku ^HX							
HX-CPU-I3206R	Intel 3206R 1.9GHz/85W 8C/11MB DDR4 2133MHz	HyperFlex HX Series	cpu	layered	HyperFlex	(shared across the line)	HyperFlex shared parts	sku ^HX							
HX-CPU-I3206R=	Intel 3206R 1.9GHz/85W 8C/11MB DDR4 2133MHz	HyperFlex HX Series	cpu	layered	HyperFlex	(shared across the line)	HyperFlex shared parts	sku ^HX							
HX-CPU-I4208	Intel 4208 2.1GHz/85W 8C/11MB DDR4 2400MHz	HyperFlex HX Series	cpu	layered	HyperFlex	(shared across the line)	HyperFlex shared parts	sku ^HX							
HX-CPU-I4208=	Intel 4208 2.1GHz/85W 8C/11MB DDR4 2400MHz	HyperFlex HX Series	cpu	layered	HyperFlex	(shared across the line)	HyperFlex shared parts	sku ^HX							
HX-CPU-I4210	Intel 4210 2.2GHz/85W 10C/13.75MB DDR4 2400MHz	HyperFlex HX Series	cpu	layered	HyperFlex	(shared across the line)	HyperFlex shared parts	sku ^HX							
HX-CPU-I4210=	Intel 4210 2.2GHz/85W 10C/13.75MB DDR4 2400MHz	HyperFlex HX Series	cpu	layered	HyperFlex	(shared across the line)	HyperFlex shared parts	sku ^HX							
HX-CPU-I4210R	Intel 4210R 2.4GHz/100W 10C/13.75MB DDR4 2400MHz	HyperFlex HX Series	cpu	layered	HyperFlex	(shared across the line)	HyperFlex shared parts	sku ^HX							
HX-CPU-I4210R=	Intel 4210R 2.4GHz/100W 10C/13.75MB DDR4 2400MHz	HyperFlex HX Series	cpu	layered	HyperFlex	(shared across the line)	HyperFlex shared parts	sku ^HX							
HX-CPU-I4214	Intel 4214 2.2GHz/85W 12C/16.5MB DDR4 2400MHz	HyperFlex HX Series	cpu	layered	HyperFlex	(shared across the line)	HyperFlex shared parts	sku ^HX							
HX-CPU-I4214=	Intel 4214 2.2GHz/85W 12C/16.5MB DDR4 2400MHz	HyperFlex HX Series	cpu	layered	HyperFlex	(shared across the line)	HyperFlex shared parts	sku ^HX							
HX-CPU-I4214R	Intel 4214R 2.4GHz/100W 12C/16.50MB DDR4 2400MHz	HyperFlex HX Series	cpu	layered	HyperFlex	(shared across the line)	HyperFlex shared parts	sku ^HX							
HX-CPU-I4214R=	Intel 4214R 2.4GHz/100W 12C/16.50MB DDR4 2400MHz	HyperFlex HX Series	cpu	layered	HyperFlex	(shared across the line)	HyperFlex shared parts	sku ^HX							
HX-CPU-I4214Y	Intel 4214Y SS 2.2GHz/85W 12/10/8C 13.75MB DDR4 2400MHz	HyperFlex HX Series	cpu	layered	HyperFlex	(shared across the line)	HyperFlex shared parts	sku ^HX							
HX-CPU-I4214Y=	Intel 4214Y SS 2.2GHz/85W 12/10/8C 13.75MB DDR4 2400MHz	HyperFlex HX Series	cpu	layered	HyperFlex	(shared across the line)	HyperFlex shared parts	sku ^HX							
HX-CPU-I4215	Intel 4215 2.5GHz/85W 8C/11MB DCP/DDR4 2400MHz	HyperFlex HX Series	cpu	layered	HyperFlex	(shared across the line)	HyperFlex shared parts	sku ^HX							
HX-CPU-I4215=	Intel 4215 2.5GHz/85W 8C/11MB DCP/DDR4 2400MHz	HyperFlex HX Series	cpu	layered	HyperFlex	(shared across the line)	HyperFlex shared parts	sku ^HX							
HX-CPU-I4215R	Intel 4215R 3.2GHz/130W 8C/11MB DCP DDR4 1TB 2400 MHz	HyperFlex HX Series	cpu	layered	HyperFlex	(shared across the line)	HyperFlex shared parts	sku ^HX							
HX-CPU-I4215R=	Intel 4215R 3.2GHz/130W 8C/11MB DCP DDR4 1TB 2400 MHz	HyperFlex HX Series	cpu	layered	HyperFlex	(shared across the line)	HyperFlex shared parts	sku ^HX							
HX-CPU-I4216	Intel 4216 2.1GHz/100W 16C/22MB DDR4 2400MHz	HyperFlex HX Series	cpu	layered	HyperFlex	(shared across the line)	HyperFlex shared parts	sku ^HX							
HX-CPU-I4216=	Intel 4216 2.1GHz/100W 16C/22MB DDR4 2400MHz	HyperFlex HX Series	cpu	layered	HyperFlex	(shared across the line)	HyperFlex shared parts	sku ^HX							
HX-CPU-I4309Y	Intel 4309Y 2.8GHz/105W 8C/12MB DDR4 2667MHz	HyperFlex HX Series	cpu	layered	HyperFlex	(shared across the line)	HyperFlex shared parts	sku ^HX							
HX-CPU-I4309Y=	Intel 4309Y 2.8GHz/105W 8C/12MB DDR4 2667MHz	HyperFlex HX Series	cpu	layered	HyperFlex	(shared across the line)	HyperFlex shared parts	sku ^HX							
HX-CPU-I4310	Intel 4310 2.1GHz/120W 12C/18MB DDR4 2667MHz	HyperFlex HX Series	cpu	layered	HyperFlex	(shared across the line)	HyperFlex shared parts	sku ^HX							
HX-CPU-I4310=	Intel 4310 2.1GHz/120W 12C/18MB DDR4 2667MHz	HyperFlex HX Series	cpu	layered	HyperFlex	(shared across the line)	HyperFlex shared parts	sku ^HX							
HX-CPU-I4310T	Intel 4310T 2.3GHz/105W 10C/15MB DDR4 2667MHz	HyperFlex HX Series	cpu	layered	HyperFlex	(shared across the line)	HyperFlex shared parts	sku ^HX							
HX-CPU-I4310T=	Intel 4310T 2.3GHz/105W 10C/15MB DDR4 2667MHz	HyperFlex HX Series	cpu	layered	HyperFlex	(shared across the line)	HyperFlex shared parts	sku ^HX							
HX-CPU-I4314	Intel 4314 2.4GHz/135W 16C/24MB DDR4 2667MHz	HyperFlex HX Series	cpu	layered	HyperFlex	(shared across the line)	HyperFlex shared parts	sku ^HX							
HX-CPU-I4314=	Intel 4314 2.4GHz/135W 16C/24MB DDR4 2667MHz	HyperFlex HX Series	cpu	layered	HyperFlex	(shared across the line)	HyperFlex shared parts	sku ^HX							
HX-CPU-I4316	Intel 4316 2.3GHz/150W 20C/30MB DDR4 2667MHz	HyperFlex HX Series	cpu	layered	HyperFlex	(shared across the line)	HyperFlex shared parts	sku ^HX							
HX-CPU-I4316=	Intel 4316 2.3GHz/150W 20C/30MB DDR4 2667MHz	HyperFlex HX Series	cpu	layered	HyperFlex	(shared across the line)	HyperFlex shared parts	sku ^HX							
HX-CPU-I5215	Intel 5215 2.5GHz/85W 10C/13.75MB 3DX DDR4 2666MHz	HyperFlex HX Series	cpu	layered	HyperFlex	(shared across the line)	HyperFlex shared parts	sku ^HX							
HX-CPU-I5215=	Intel 5215 2.5GHz/85W 10C/13.75MB 3DX DDR4 2666MHz	HyperFlex HX Series	cpu	layered	HyperFlex	(shared across the line)	HyperFlex shared parts	sku ^HX							
HX-CPU-I5215L	Intel 5215L 2.5GHz/85W 10C/13.75MB 3DX DDR4 4.5TB 2666MHz	HyperFlex HX Series	cpu	layered	HyperFlex	(shared across the line)	HyperFlex shared parts	sku ^HX							
HX-CPU-I5215L=	Intel 5215L 2.5GHz/85W 10C/13.75MB 3DX DDR4 4.5TB 2666MHz	HyperFlex HX Series	cpu	layered	HyperFlex	(shared across the line)	HyperFlex shared parts	sku ^HX							
HX-CPU-I5215M	Intel 5215M 2.5GHz/85W 10C/13.75MB 3DX DDR4 2TB 2666MHz	HyperFlex HX Series	cpu	layered	HyperFlex	(shared across the line)	HyperFlex shared parts	sku ^HX							
HX-CPU-I5217	Intel 5217 3.0GHz/85W 8C/16.50MB 3DX DDR4 2665 MHz	HyperFlex HX Series	cpu	layered	HyperFlex	(shared across the line)	HyperFlex shared parts	sku ^HX							
HX-CPU-I5217=	Intel 5217 3.0GHz/85W 8C/16.50MB 3DX DDR4 2665 MHz	HyperFlex HX Series	cpu	layered	HyperFlex	(shared across the line)	HyperFlex shared parts	sku ^HX							
HX-CPU-I5218	Intel 5218 2.3GHz/125W 16C/16.50MB 3DX DDR4 2666MHz	HyperFlex HX Series	cpu	layered	HyperFlex	(shared across the line)	HyperFlex shared parts	sku ^HX							
HX-CPU-I5218=	Intel 5218 2.3GHz/125W 16C/16.50MB 3DX DDR4 2666MHz	HyperFlex HX Series	cpu	layered	HyperFlex	(shared across the line)	HyperFlex shared parts	sku ^HX							
HX-CPU-I5218B	Intel 5218B 2.3GHz/125W 16C/22MB DCP DDR4 1TB 2666 MHz	HyperFlex HX Series	cpu	layered	HyperFlex	(shared across the line)	HyperFlex shared parts	sku ^HX							
HX-CPU-I5218B=	Intel 5218B 2.3GHz/125W 16C/22MB DCP DDR4 1TB 2933 MHz	HyperFlex HX Series	cpu	layered	HyperFlex	(shared across the line)	HyperFlex shared parts	sku ^HX							
HX-CPU-I5218N	Intel 5218N 2.3GHz/105W 16C/22MB DCP DDR4 2666MHz	HyperFlex HX Series	cpu	layered	HyperFlex	(shared across the line)	HyperFlex shared parts	sku ^HX							
HX-CPU-I5218N=	Intel 5218N 2.3GHz/105W 16C/22MB DCP DDR4 2666MHz	HyperFlex HX Series	cpu	layered	HyperFlex	(shared across the line)	HyperFlex shared parts	sku ^HX							
HX-CPU-I5218R	Intel 5218R 2.1GHz/125W 20C/27.5MB DDR4 2667MHz	HyperFlex HX Series	cpu	layered	HyperFlex	(shared across the line)	HyperFlex shared parts	sku ^HX							
HX-CPU-I5218R=	Intel 5218R 2.1GHz/125W 20C/27.5MB DDR4 2667MHz	HyperFlex HX Series	cpu	layered	HyperFlex	(shared across the line)	HyperFlex shared parts	sku ^HX							
HX-CPU-I5218T	Intel 5218T 2.1GHz/105W 16C/22MB DDR4 2667MHz	HyperFlex HX Series	cpu	layered	HyperFlex	(shared across the line)	HyperFlex shared parts	sku ^HX							
HX-CPU-I5218T=	Intel 5218T 2.1GHz/105W 16C/22MB DDR4 2667MHz	HyperFlex HX Series	cpu	layered	HyperFlex	(shared across the line)	HyperFlex shared parts	sku ^HX							
HX-CPU-I5220	Intel 5220 2.2GHz/125W 18C/24.75MB DCP DDR4 2666 MHz	HyperFlex HX Series	cpu	layered	HyperFlex	(shared across the line)	HyperFlex shared parts	sku ^HX							
HX-CPU-I5220=	Intel 5220 2.2GHz/125W 18C/24.75MB DCP DDR4 2666 MHz	HyperFlex HX Series	cpu	layered	HyperFlex	(shared across the line)	HyperFlex shared parts	sku ^HX							
HX-CPU-I5220R	Intel 5220R 2.2GHz/150W 24C/35.75MB DDR4 2667MHz	HyperFlex HX Series	cpu	layered	HyperFlex	(shared across the line)	HyperFlex shared parts	sku ^HX							
HX-CPU-I5220R=	Intel 5220R 2.2GHz/150W 24C/35.75MB DDR4 2667MHz	HyperFlex HX Series	cpu	layered	HyperFlex	(shared across the line)	HyperFlex shared parts	sku ^HX							
HX-CPU-I5220S	Intel 5220S 2.7GHz/125W 18C/24.75MB DCP DDR4 2666 MHz	HyperFlex HX Series	cpu	layered	HyperFlex	(shared across the line)	HyperFlex shared parts	sku ^HX							
HX-CPU-I5220S=	Intel 5220S 2.7GHz/125W 18C/24.75MB DCP DDR4 2666 MHz	HyperFlex HX Series	cpu	layered	HyperFlex	(shared across the line)	HyperFlex shared parts	sku ^HX							
HX-CPU-I5222	Intel 5222 3.8GHz/105W 4C/16.50MB 3DX DDR4 2933 MHz	HyperFlex HX Series	cpu	layered	HyperFlex	(shared across the line)	HyperFlex shared parts	sku ^HX							
HX-CPU-I5222=	Intel 5222 3.8GHz/105W 4C/16.50MB 3DX DDR4 2933 MHz	HyperFlex HX Series	cpu	layered	HyperFlex	(shared across the line)	HyperFlex shared parts	sku ^HX							
HX-CPU-I5315Y	Intel 5315Y 3.2GHz/140W 8C/12MB DDR4 2933MHz	HyperFlex HX Series	cpu	layered	HyperFlex	(shared across the line)	HyperFlex shared parts	sku ^HX							
HX-CPU-I5315Y=	Intel 5315Y 3.2GHz/140W 8C/12MB DDR4 2933MHz	HyperFlex HX Series	cpu	layered	HyperFlex	(shared across the line)	HyperFlex shared parts	sku ^HX							
HX-CPU-I5317	Intel 5317 3.0GHz/150W 12C/18MB DDR4 2933MHz	HyperFlex HX Series	cpu	layered	HyperFlex	(shared across the line)	HyperFlex shared parts	sku ^HX							
HX-CPU-I5317=	Intel 5317 3.0GHz/150W 12C/18MB DDR4 2933MHz	HyperFlex HX Series	cpu	layered	HyperFlex	(shared across the line)	HyperFlex shared parts	sku ^HX							
HX-CPU-I5318N	Intel 5318N 2.1GHz/150W 24C/36MB DDR4 2667MHz	HyperFlex HX Series	cpu	layered	HyperFlex	(shared across the line)	HyperFlex shared parts	sku ^HX							
HX-CPU-I5318N=	Intel 5318N 2.1GHz/150W 24C/36MB DDR4 2667MHz	HyperFlex HX Series	cpu	layered	HyperFlex	(shared across the line)	HyperFlex shared parts	sku ^HX							
HX-CPU-I5318S	Cisco HX-CPU-I5318S	HyperFlex HX Series	cpu	layered	HyperFlex	(shared across the line)	HyperFlex shared parts	sku ^HX							
HX-CPU-I5318S=	Cisco HX-CPU-I5318S=	HyperFlex HX Series	cpu	layered	HyperFlex	(shared across the line)	HyperFlex shared parts	sku ^HX							
HX-CPU-I5318Y	Intel 5318Y 2.1GHz/165W 24C/36MB DDR4 2933MHz	HyperFlex HX Series	cpu	layered	HyperFlex	(shared across the line)	HyperFlex shared parts	sku ^HX							
HX-CPU-I5318Y=	Intel 5318Y 2.1GHz/165W 24C/36MB DDR4 2933MHz	HyperFlex HX Series	cpu	layered	HyperFlex	(shared across the line)	HyperFlex shared parts	sku ^HX							
HX-CPU-I5320	Intel 5320 2.2GHz/185W 26C/39MB DDR4 2933MHz	HyperFlex HX Series	cpu	layered	HyperFlex	(shared across the line)	HyperFlex shared parts	sku ^HX							
HX-CPU-I5320=	Intel 5320 2.2GHz/185W 26C/39MB DDR4 2933MHz	HyperFlex HX Series	cpu	layered	HyperFlex	(shared across the line)	HyperFlex shared parts	sku ^HX							
HX-CPU-I5320T	Intel 5320T 2.3GHz/150W 20C/30MB DDR4 2933MHz	HyperFlex HX Series	cpu	layered	HyperFlex	(shared across the line)	HyperFlex shared parts	sku ^HX							
HX-CPU-I5320T=	Intel 5320T 2.3GHz/150W 20C/30MB DDR4 2933MHz	HyperFlex HX Series	cpu	layered	HyperFlex	(shared across the line)	HyperFlex shared parts	sku ^HX							
HX-CPU-I6222V	Intel 6222V 1.8GHz/115W 20C/ 27.5MB DCP DDR4 2400 MHz	HyperFlex HX Series	cpu	layered	HyperFlex	(shared across the line)	HyperFlex shared parts	sku ^HX							
HX-CPU-I6222V=	Intel 6222V 1.8GHz/115W 20C/ 27.5MB DCP DDR4 2400 MHz	HyperFlex HX Series	cpu	layered	HyperFlex	(shared across the line)	HyperFlex shared parts	sku ^HX							
HX-CPU-I6226	Intel 6226 2.7GHz/125W 12C/19.25MB DCP DDR4 2933 MHz	HyperFlex HX Series	cpu	layered	HyperFlex	(shared across the line)	HyperFlex shared parts	sku ^HX							
HX-CPU-I6226=	Intel 6226 2.7GHz/125W 12C/19.25MB DCP DDR4 2933 MHz	HyperFlex HX Series	cpu	layered	HyperFlex	(shared across the line)	HyperFlex shared parts	sku ^HX							
HX-CPU-I6226R	Intel 6226R 2.9GHz/150W 16C/22MB DDR4 2933MHz	HyperFlex HX Series	cpu	layered	HyperFlex	(shared across the line)	HyperFlex shared parts	sku ^HX							
HX-CPU-I6226R=	Intel 6226R 2.9GHz/150W 16C/22MB DDR4 2933MHz	HyperFlex HX Series	cpu	layered	HyperFlex	(shared across the line)	HyperFlex shared parts	sku ^HX							
HX-CPU-I6230	Intel 6230 2.1GHz/125W 20C/22 MB 3DX DDR4 2933 MHz	HyperFlex HX Series	cpu	layered	HyperFlex	(shared across the line)	HyperFlex shared parts	sku ^HX							
HX-CPU-I6230=	Intel 6230 2.1GHz/125W 20C/22 MB 3DX DDR4 2933 MHz	HyperFlex HX Series	cpu	layered	HyperFlex	(shared across the line)	HyperFlex shared parts	sku ^HX							
HX-CPU-I6230N	Intel 6230N 2.3GHz/125W 20C/27.50MB DCP DDR4 2933 MHz	HyperFlex HX Series	cpu	layered	HyperFlex	(shared across the line)	HyperFlex shared parts	sku ^HX							
HX-CPU-I6230N=	Intel 6230N 2.3GHz/125W 20C/27.50MB DCP DDR4 2933 MHz	HyperFlex HX Series	cpu	layered	HyperFlex	(shared across the line)	HyperFlex shared parts	sku ^HX							
HX-CPU-I6230R	Intel 6230R 2.1GHz/150W 26C/35.75MB DDR4 2933MHz	HyperFlex HX Series	cpu	layered	HyperFlex	(shared across the line)	HyperFlex shared parts	sku ^HX							
HX-CPU-I6230R=	Intel 6230R 2.1GHz/150W 26C/35.75MB DDR4 2933MHz	HyperFlex HX Series	cpu	layered	HyperFlex	(shared across the line)	HyperFlex shared parts	sku ^HX							
HX-CPU-I6234	Intel 6234 3.3GHz/130W 8C/24.75MB DCP DDR4 2933 MHz	HyperFlex HX Series	cpu	layered	HyperFlex	(shared across the line)	HyperFlex shared parts	sku ^HX							
HX-CPU-I6234=	Intel 6234 3.3GHz/130W 8C/24.75MB DCP DDR4 2933 MHz	HyperFlex HX Series	cpu	layered	HyperFlex	(shared across the line)	HyperFlex shared parts	sku ^HX							
HX-CPU-I6238	Intel 6238 2.1GHz/140W 22C/30.25MB DCP DDR4 2933 MHz	HyperFlex HX Series	cpu	layered	HyperFlex	(shared across the line)	HyperFlex shared parts	sku ^HX							
HX-CPU-I6238=	Intel 6238 2.1GHz/140W 22C/30.25MB DCP DDR4 2933 MHz	HyperFlex HX Series	cpu	layered	HyperFlex	(shared across the line)	HyperFlex shared parts	sku ^HX							
HX-CPU-I6238L	Intel 6238L 2.1GHz/140W 22C/30.25MB DCP DDR4 4.5TB 2933 MHz	HyperFlex HX Series	cpu	layered	HyperFlex	(shared across the line)	HyperFlex shared parts	sku ^HX							
HX-CPU-I6238L=	Intel 6238L 2.1GHz/140W 22C/30.25MB DCP DDR4 4.5TB 2933 MHz	HyperFlex HX Series	cpu	layered	HyperFlex	(shared across the line)	HyperFlex shared parts	sku ^HX							
HX-CPU-I6238M	Intel 6238M 2.1GHz/140W 22C/30.25MB DCP DDR4 2TB 2933 MHz	HyperFlex HX Series	cpu	layered	HyperFlex	(shared across the line)	HyperFlex shared parts	sku ^HX							
HX-CPU-I6238R	Intel 6238R 2.2GHz/165W 28C/38.5MB DDR4 2933MHz	HyperFlex HX Series	cpu	layered	HyperFlex	(shared across the line)	HyperFlex shared parts	sku ^HX							
HX-CPU-I6238R=	Intel 6238R 2.2GHz/165W 28C/38.5MB DDR4 2933MHz	HyperFlex HX Series	cpu	layered	HyperFlex	(shared across the line)	HyperFlex shared parts	sku ^HX							
HX-CPU-I6238T	Intel 6238T 1.9GHz/125W 22C/30.25MB DDR4 2933MHz	HyperFlex HX Series	cpu	layered	HyperFlex	(shared across the line)	HyperFlex shared parts	sku ^HX							
HX-CPU-I6238T=	Intel 6238T 1.9GHz/125W 22C/30.25MB DDR4 2933MHz	HyperFlex HX Series	cpu	layered	HyperFlex	(shared across the line)	HyperFlex shared parts	sku ^HX							
HX-CPU-I6240	Intel 6240 2.6GHz/150W 18C/24.75MB 3DX DDR4 2933 MHz	HyperFlex HX Series	cpu	layered	HyperFlex	(shared across the line)	HyperFlex shared parts	sku ^HX							
HX-CPU-I6240=	Intel 6240 2.6GHz/150W 18C/24.75MB 3DX DDR4 2933 MHz	HyperFlex HX Series	cpu	layered	HyperFlex	(shared across the line)	HyperFlex shared parts	sku ^HX							
HX-CPU-I6240L	Intel 6240L 2.6GHz/150W 18C/24.75MB DCP DDR4 4.5TB 2933 MHz	HyperFlex HX Series	cpu	layered	HyperFlex	(shared across the line)	HyperFlex shared parts	sku ^HX							
HX-CPU-I6240L=	Intel 6240L 2.6GHz/150W 18C/24.75MB DCP DDR4 4.5TB 2933 MHz	HyperFlex HX Series	cpu	layered	HyperFlex	(shared across the line)	HyperFlex shared parts	sku ^HX							
HX-CPU-I6240M	Intel 6240M 2.6GHz/150W 18C/24.75MB DCP DDR4 2TB 2933 MHz	HyperFlex HX Series	cpu	layered	HyperFlex	(shared across the line)	HyperFlex shared parts	sku ^HX							
HX-CPU-I6240R	Intel 6240R 2.4GHz/165W 24C/35.75MB DDR4 2933MHz	HyperFlex HX Series	cpu	layered	HyperFlex	(shared across the line)	HyperFlex shared parts	sku ^HX							
HX-CPU-I6240R=	Intel 6240R 2.4GHz/165W 24C/35.75MB DDR4 2933MHz	HyperFlex HX Series	cpu	layered	HyperFlex	(shared across the line)	HyperFlex shared parts	sku ^HX							
HX-CPU-I6240Y	Intel 6240Y SS 2.6GHz/150W 18/14/8C 24.75MB 3DX DDR4 2933	HyperFlex HX Series	cpu	layered	HyperFlex	(shared across the line)	HyperFlex shared parts	sku ^HX							
HX-CPU-I6240Y=	Intel 6240Y SS 2.6GHz/150W 18/14/8C 24.75MB 3DX DDR4 2933	HyperFlex HX Series	cpu	layered	HyperFlex	(shared across the line)	HyperFlex shared parts	sku ^HX							
HX-CPU-I6242	Intel 6242 2.8GHz/150W 16C/24.75MB 3DX DDR4 2933 MHz	HyperFlex HX Series	cpu	layered	HyperFlex	(shared across the line)	HyperFlex shared parts	sku ^HX							
HX-CPU-I6242=	Intel 6242 2.8GHz/150W 16C/24.75MB 3DX DDR4 2933 MHz	HyperFlex HX Series	cpu	layered	HyperFlex	(shared across the line)	HyperFlex shared parts	sku ^HX							
HX-CPU-I6242R	Intel 6242R 3.1GHz/205W 20C/35.75MB DDR4 2933MHz	HyperFlex HX Series	cpu	layered	HyperFlex	(shared across the line)	HyperFlex shared parts	sku ^HX							
HX-CPU-I6242R=	Intel 6242R 3.1GHz/205W 20C/35.75MB DDR4 2933MHz	HyperFlex HX Series	cpu	layered	HyperFlex	(shared across the line)	HyperFlex shared parts	sku ^HX							
HX-CPU-I6244	Intel 6244 3.6GHz/150W 8C/24.75MB 3DX DDR4 2933 MHz	HyperFlex HX Series	cpu	layered	HyperFlex	(shared across the line)	HyperFlex shared parts	sku ^HX							
HX-CPU-I6244=	Intel 6244 3.6GHz/150W 8C/24.75MB 3DX DDR4 2933 MHz	HyperFlex HX Series	cpu	layered	HyperFlex	(shared across the line)	HyperFlex shared parts	sku ^HX							
HX-CPU-I6246	3.3GHz/165W 6246 12C/24.75MB DCP DDR4 2TB 2933MHz	HyperFlex HX Series	cpu	layered	HyperFlex	(shared across the line)	HyperFlex shared parts	sku ^HX							
HX-CPU-I6246=	3.3GHz/165W 6246 12C/24.75MB DCP DDR4 2TB 2933MHz	HyperFlex HX Series	cpu	layered	HyperFlex	(shared across the line)	HyperFlex shared parts	sku ^HX							
HX-CPU-I6246R	Intel 6246R 3.4GHz/205W 16C/35.75MB DDR4 2933MHz	HyperFlex HX Series	cpu	layered	HyperFlex	(shared across the line)	HyperFlex shared parts	sku ^HX							
HX-CPU-I6246R=	Intel 6246R 3.4GHz/205W 16C/35.75MB DDR4 2933MHz	HyperFlex HX Series	cpu	layered	HyperFlex	(shared across the line)	HyperFlex shared parts	sku ^HX							
HX-CPU-I6248	Intel 6248 2.5GHz/150W 20C/24.75MB 3DX DDR4 2933 MHz	HyperFlex HX Series	cpu	layered	HyperFlex	(shared across the line)	HyperFlex shared parts	sku ^HX							
HX-CPU-I6248=	Intel 6248 2.5GHz/150W 20C/24.75MB 3DX DDR4 2933 MHz	HyperFlex HX Series	cpu	layered	HyperFlex	(shared across the line)	HyperFlex shared parts	sku ^HX							
HX-CPU-I6248R	Intel 6248R 3GHz/205W 24C/35.75MB DDR4 2933MHz	HyperFlex HX Series	cpu	layered	HyperFlex	(shared across the line)	HyperFlex shared parts	sku ^HX							
HX-CPU-I6248R=	Intel 6248R 3GHz/205W 24C/35.75MB DDR4 2933MHz	HyperFlex HX Series	cpu	layered	HyperFlex	(shared across the line)	HyperFlex shared parts	sku ^HX							
HX-CPU-I6250	Intel 6250 3.9GHz/185W 8C/35.75MB PMM DDR4 1TB 2933 MHz	HyperFlex HX Series	cpu	layered	HyperFlex	(shared across the line)	HyperFlex shared parts	sku ^HX							
HX-CPU-I6250=	Intel 6250 3.9GHz/185W 8C/35.75MB PMM DDR4 1TB 2933 MHz	HyperFlex HX Series	cpu	layered	HyperFlex	(shared across the line)	HyperFlex shared parts	sku ^HX							
HX-CPU-I6252	Intel 6252 2.1GHz/150W 24C/35.75MB 3DX DDR4 2933 MHz	HyperFlex HX Series	cpu	layered	HyperFlex	(shared across the line)	HyperFlex shared parts	sku ^HX							
HX-CPU-I6252=	Intel 6252 2.1GHz/150W 24C/35.75MB 3DX DDR4 2933 MHz	HyperFlex HX Series	cpu	layered	HyperFlex	(shared across the line)	HyperFlex shared parts	sku ^HX							
HX-CPU-I6252N	Intel 6252N 2.3GHz/150W 24C/35.75MB DCP DDR4 2933 MHz	HyperFlex HX Series	cpu	layered	HyperFlex	(shared across the line)	HyperFlex shared parts	sku ^HX							
HX-CPU-I6252N=	Intel 6252N 2.3GHz/150W 24C/35.75MB DCP DDR4 2933 MHz	HyperFlex HX Series	cpu	layered	HyperFlex	(shared across the line)	HyperFlex shared parts	sku ^HX							
HX-CPU-I6254	Intel 6254 3.1GHz/200W 18C/24.75MB 3DX DDR4 2933 MHz	HyperFlex HX Series	cpu	layered	HyperFlex	(shared across the line)	HyperFlex shared parts	sku ^HX							
HX-CPU-I6254=	Intel 6254 3.1GHz/200W 18C/24.75MB 3DX DDR4 2933 MHz	HyperFlex HX Series	cpu	layered	HyperFlex	(shared across the line)	HyperFlex shared parts	sku ^HX							
HX-CPU-I6256	Intel 6256 3.6GHz/205W 12C/33MB PMM DDR4 1TB 2933 MHz	HyperFlex HX Series	cpu	layered	HyperFlex	(shared across the line)	HyperFlex shared parts	sku ^HX							
HX-CPU-I6256=	Intel 6256 3.6GHz/205W 12C/33MB PMM DDR4 1TB 2933 MHz	HyperFlex HX Series	cpu	layered	HyperFlex	(shared across the line)	HyperFlex shared parts	sku ^HX							
HX-CPU-I6258R	Intel 6258R 2.7GHz/205W 28C/38.5MB DDR4 2933MHz	HyperFlex HX Series	cpu	layered	HyperFlex	(shared across the line)	HyperFlex shared parts	sku ^HX							
HX-CPU-I6258R=	Intel 6258R 2.7GHz/205W 28C/38.5MB DDR4 2933MHz	HyperFlex HX Series	cpu	layered	HyperFlex	(shared across the line)	HyperFlex shared parts	sku ^HX							
HX-CPU-I6262V	Intel 6262V 1.9GHz/135W 24C/ 33MB DCP DDR4 2400 MHz	HyperFlex HX Series	cpu	layered	HyperFlex	(shared across the line)	HyperFlex shared parts	sku ^HX							
HX-CPU-I6262V=	Intel 6262V 1.9GHz/135W 24C/ 33MB DCP DDR4 2400 MHz	HyperFlex HX Series	cpu	layered	HyperFlex	(shared across the line)	HyperFlex shared parts	sku ^HX							
HX-CPU-I6312U	Intel 6312U 2.4GHz/185W 24C/36MB DDR4 3200MHz	HyperFlex HX Series	cpu	layered	HyperFlex	(shared across the line)	HyperFlex shared parts	sku ^HX							
HX-CPU-I6312U5	Cisco HX-CPU-I6312U5	HyperFlex HX Series	cpu	layered	HyperFlex	(shared across the line)	HyperFlex shared parts	sku ^HX							
HX-CPU-I6312U=	Intel 6312U 2.4GHz/185W 24C/36MB DDR4 3200MHz	HyperFlex HX Series	cpu	layered	HyperFlex	(shared across the line)	HyperFlex shared parts	sku ^HX							
HX-CPU-I6314U	Intel 6314U 2.3GHz/205W 32C/48MB DDR4 3200MHz	HyperFlex HX Series	cpu	layered	HyperFlex	(shared across the line)	HyperFlex shared parts	sku ^HX							
HX-CPU-I6314U4	Cisco HX-CPU-I6314U4	HyperFlex HX Series	cpu	layered	HyperFlex	(shared across the line)	HyperFlex shared parts	sku ^HX							
HX-CPU-I6314U=	Intel 6314U 2.3GHz/205W 32C/48MB DDR4 3200MHz	HyperFlex HX Series	cpu	layered	HyperFlex	(shared across the line)	HyperFlex shared parts	sku ^HX							
HX-CPU-I6326	Intel 6326 2.9GHz/185W 16C/24MB DDR4 3200MHz	HyperFlex HX Series	cpu	layered	HyperFlex	(shared across the line)	HyperFlex shared parts	sku ^HX							
HX-CPU-I6326=	Intel 6326 2.9GHz/185W 16C/24MB DDR4 3200MHz	HyperFlex HX Series	cpu	layered	HyperFlex	(shared across the line)	HyperFlex shared parts	sku ^HX							
HX-CPU-I6330	Intel 6330 2.0GHz/205W 28C/42MB DDR4 2933MHz	HyperFlex HX Series	cpu	layered	HyperFlex	(shared across the line)	HyperFlex shared parts	sku ^HX							
HX-CPU-I6330=	Intel 6330 2.0GHz/205W 28C/42MB DDR4 2933MHz	HyperFlex HX Series	cpu	layered	HyperFlex	(shared across the line)	HyperFlex shared parts	sku ^HX							
HX-CPU-I6330N	Intel 6330N 2.2GHz/165W 28C/42MB DDR4 2667MHz	HyperFlex HX Series	cpu	layered	HyperFlex	(shared across the line)	HyperFlex shared parts	sku ^HX							
HX-CPU-I6330N=	Intel 6330N 2.2GHz/165W 28C/42MB DDR4 2667MHz	HyperFlex HX Series	cpu	layered	HyperFlex	(shared across the line)	HyperFlex shared parts	sku ^HX							
HX-CPU-I6334	Intel 6334 3.6GHz/165W 8C/18MB DDR4 3200MHz	HyperFlex HX Series	cpu	layered	HyperFlex	(shared across the line)	HyperFlex shared parts	sku ^HX							
HX-CPU-I6334=	Intel 6334 3.6GHz/165W 8C/18MB DDR4 3200MHz	HyperFlex HX Series	cpu	layered	HyperFlex	(shared across the line)	HyperFlex shared parts	sku ^HX							
HX-CPU-I6336Y	Intel 6336Y 2.4GHz/185W 24C/36MB DDR4 3200MHz	HyperFlex HX Series	cpu	layered	HyperFlex	(shared across the line)	HyperFlex shared parts	sku ^HX							
HX-CPU-I6336Y=	Intel 6336Y 2.4GHz/185W 24C/36MB DDR4 3200MHz	HyperFlex HX Series	cpu	layered	HyperFlex	(shared across the line)	HyperFlex shared parts	sku ^HX							
HX-CPU-I6338	Intel 6338 2.0GHz/205W 32C/48MB DDR4 3200MHz	HyperFlex HX Series	cpu	layered	HyperFlex	(shared across the line)	HyperFlex shared parts	sku ^HX							
HX-CPU-I6338=	Intel 6338 2.0GHz/205W 32C/48MB DDR4 3200MHz	HyperFlex HX Series	cpu	layered	HyperFlex	(shared across the line)	HyperFlex shared parts	sku ^HX							
HX-CPU-I6338N	Intel 6338N 2.2GHz/185W 32C/48MB DDR4 2667MHz	HyperFlex HX Series	cpu	layered	HyperFlex	(shared across the line)	HyperFlex shared parts	sku ^HX							
HX-CPU-I6338N=	Intel 6338N 2.2GHz/185W 32C/48MB DDR4 2667MHz	HyperFlex HX Series	cpu	layered	HyperFlex	(shared across the line)	HyperFlex shared parts	sku ^HX							
HX-CPU-I6338T	Intel 6338T 2.1GHz/165W 24C/36MB DDR4 3200MHz	HyperFlex HX Series	cpu	layered	HyperFlex	(shared across the line)	HyperFlex shared parts	sku ^HX							
HX-CPU-I6338T=	Intel 6338T 2.1GHz/165W 24C/36MB DDR4 3200MHz	HyperFlex HX Series	cpu	layered	HyperFlex	(shared across the line)	HyperFlex shared parts	sku ^HX							
HX-CPU-I6342	Intel 6342 2.8GHz/230W 24C/36MB DDR4 3200MHz	HyperFlex HX Series	cpu	layered	HyperFlex	(shared across the line)	HyperFlex shared parts	sku ^HX							
HX-CPU-I6342=	Intel 6342 2.8GHz/230W 24C/36MB DDR4 3200MHz	HyperFlex HX Series	cpu	layered	HyperFlex	(shared across the line)	HyperFlex shared parts	sku ^HX							
HX-CPU-I6346	Intel 6346 3.1GHz/205W 16C/36MB DDR4 3200MHz	HyperFlex HX Series	cpu	layered	HyperFlex	(shared across the line)	HyperFlex shared parts	sku ^HX							
HX-CPU-I6346=	Intel 6346 3.1GHz/205W 16C/36MB DDR4 3200MHz	HyperFlex HX Series	cpu	layered	HyperFlex	(shared across the line)	HyperFlex shared parts	sku ^HX							
HX-CPU-I6348	Intel 6348 2.6GHz/235W 28C/42MB DDR4 3200MHz	HyperFlex HX Series	cpu	layered	HyperFlex	(shared across the line)	HyperFlex shared parts	sku ^HX							
HX-CPU-I6348=	Intel 6348 2.6GHz/235W 28C/42MB DDR4 3200MHz	HyperFlex HX Series	cpu	layered	HyperFlex	(shared across the line)	HyperFlex shared parts	sku ^HX							
HX-CPU-I6354	Intel 6354 3.0GHz/205W 18C/39MB DDR4 3200MHz	HyperFlex HX Series	cpu	layered	HyperFlex	(shared across the line)	HyperFlex shared parts	sku ^HX							
HX-CPU-I6354=	Intel 6354 3.0GHz/205W 18C/39MB DDR4 3200MHz	HyperFlex HX Series	cpu	layered	HyperFlex	(shared across the line)	HyperFlex shared parts	sku ^HX							
HX-CPU-I8260	Intel 8260 2.4GHz/165W 24C/35.75MB 3DX DDR4 2933 MHz	HyperFlex HX Series	cpu	layered	HyperFlex	(shared across the line)	HyperFlex shared parts	sku ^HX							
HX-CPU-I8260=	Intel 8260 2.4GHz/165W 24C/35.75MB 3DX DDR4 2933 MHz	HyperFlex HX Series	cpu	layered	HyperFlex	(shared across the line)	HyperFlex shared parts	sku ^HX							
HX-CPU-I8260L	Intel 8260L 2.4GHz/165W 24C/35.75MB 3DX DDR4 4.5TB 2933 MHz	HyperFlex HX Series	cpu	layered	HyperFlex	(shared across the line)	HyperFlex shared parts	sku ^HX							
HX-CPU-I8260L=	Intel 8260L 2.4GHz/165W 24C/35.75MB 3DX DDR4 4.5TB 2933 MHz	HyperFlex HX Series	cpu	layered	HyperFlex	(shared across the line)	HyperFlex shared parts	sku ^HX							
HX-CPU-I8260M	Intel 8260M 2.4GHz/165W 24C/35.75MB 3DX DDR4 2TB 2933 MHz	HyperFlex HX Series	cpu	layered	HyperFlex	(shared across the line)	HyperFlex shared parts	sku ^HX							
HX-CPU-I8260Y	Intel 8260Y SS 2.4GHz/165W 24/20/16C 35.75MB 3DX DDR4 2933	HyperFlex HX Series	cpu	layered	HyperFlex	(shared across the line)	HyperFlex shared parts	sku ^HX							
HX-CPU-I8260Y=	Intel 8260Y SS 2.4GHz/165W 24/20/16C 35.75MB 3DX DDR4 2933	HyperFlex HX Series	cpu	layered	HyperFlex	(shared across the line)	HyperFlex shared parts	sku ^HX							
HX-CPU-I8268	Intel 8268 2.9GHz/205W 24C/35.75MB 3DX DDR4 2933 MHz	HyperFlex HX Series	cpu	layered	HyperFlex	(shared across the line)	HyperFlex shared parts	sku ^HX							
HX-CPU-I8268=	Intel 8268 2.9GHz/205W 24C/35.75MB 3DX DDR4 2933 MHz	HyperFlex HX Series	cpu	layered	HyperFlex	(shared across the line)	HyperFlex shared parts	sku ^HX							
HX-CPU-I8270	Intel 8270 2.7GHz/205W 26C/35.75MB DCP DDR4 2933 MHz	HyperFlex HX Series	cpu	layered	HyperFlex	(shared across the line)	HyperFlex shared parts	sku ^HX							
HX-CPU-I8270=	Intel 8270 2.7GHz/205W 26C/35.75MB DCP DDR4 2933 MHz	HyperFlex HX Series	cpu	layered	HyperFlex	(shared across the line)	HyperFlex shared parts	sku ^HX							
HX-CPU-I8276	Intel 8276 2.2GHz/165W 28C/38.50MB 3DX DDR4 2933 MHz	HyperFlex HX Series	cpu	layered	HyperFlex	(shared across the line)	HyperFlex shared parts	sku ^HX							
HX-CPU-I8276=	Intel 8276 2.2GHz/165W 28C/38.50MB 3DX DDR4 2933 MHz	HyperFlex HX Series	cpu	layered	HyperFlex	(shared across the line)	HyperFlex shared parts	sku ^HX							
HX-CPU-I8276L	Intel 8276L 2.2GHz/165W 28C/38.50MB 3DX DDR4 4.5TB 2933 MHz	HyperFlex HX Series	cpu	layered	HyperFlex	(shared across the line)	HyperFlex shared parts	sku ^HX							
HX-CPU-I8276L=	Intel 8276L 2.2GHz/165W 28C/38.50MB 3DX DDR4 4.5TB 2933 MHz	HyperFlex HX Series	cpu	layered	HyperFlex	(shared across the line)	HyperFlex shared parts	sku ^HX							
HX-CPU-I8276M	Intel 8276M 2.2GHz/165W 28C/38.50MB 3DX DDR4 2T 2933 MHz	HyperFlex HX Series	cpu	layered	HyperFlex	(shared across the line)	HyperFlex shared parts	sku ^HX							
HX-CPU-I8280	Intel 8280 2.7GHz/205W 28C/38.50MB 3DX DDR4 2933 MHz	HyperFlex HX Series	cpu	layered	HyperFlex	(shared across the line)	HyperFlex shared parts	sku ^HX							
HX-CPU-I8280=	Intel 8280 2.7GHz/205W 28C/38.50MB 3DX DDR4 2933 MHz	HyperFlex HX Series	cpu	layered	HyperFlex	(shared across the line)	HyperFlex shared parts	sku ^HX							
HX-CPU-I8280L	Intel 8280L 2.7GHz/205W 28C/38.50MB 3DX DDR4 4.5TB 2933 MHz	HyperFlex HX Series	cpu	layered	HyperFlex	(shared across the line)	HyperFlex shared parts	sku ^HX							
HX-CPU-I8280L=	Intel 8280L 2.7GHz/205W 28C/38.50MB 3DX DDR4 4.5TB 2933 MHz	HyperFlex HX Series	cpu	layered	HyperFlex	(shared across the line)	HyperFlex shared parts	sku ^HX							
HX-CPU-I8280M	Intel 8280M 2.7GHz/205W 28C/38.50MB 3DX DDR4 2TB 2933 MHz	HyperFlex HX Series	cpu	layered	HyperFlex	(shared across the line)	HyperFlex shared parts	sku ^HX							
HX-CPU-I8351N	Intel 8351N 2.4GHz/225W 36C/54MB DDR4 2933MHz	HyperFlex HX Series	cpu	layered	HyperFlex	(shared across the line)	HyperFlex shared parts	sku ^HX							
HX-CPU-I8351N3	Cisco HX-CPU-I8351N3	HyperFlex HX Series	cpu	layered	HyperFlex	(shared across the line)	HyperFlex shared parts	sku ^HX							
HX-CPU-I8351N=	Intel 8351N 2.4GHz/225W 36C/54MB DDR4 2933MHz	HyperFlex HX Series	cpu	layered	HyperFlex	(shared across the line)	HyperFlex shared parts	sku ^HX							
HX-CPU-I8352M	Intel 8352M 2.3GHz/185W 32C/48MB DDR4 3200MHz	HyperFlex HX Series	cpu	layered	HyperFlex	(shared across the line)	HyperFlex shared parts	sku ^HX							
HX-CPU-I8352M=	Cisco HX-CPU-I8352M=	HyperFlex HX Series	cpu	layered	HyperFlex	(shared across the line)	HyperFlex shared parts	sku ^HX							
HX-CPU-I8352S	Cisco HX-CPU-I8352S	HyperFlex HX Series	cpu	layered	HyperFlex	(shared across the line)	HyperFlex shared parts	sku ^HX							
HX-CPU-I8352S=	Cisco HX-CPU-I8352S=	HyperFlex HX Series	cpu	layered	HyperFlex	(shared across the line)	HyperFlex shared parts	sku ^HX							
HX-CPU-I8352V	Intel 8352V 2.1GHz/195W 36C/54M DDR4 2933MHz	HyperFlex HX Series	cpu	layered	HyperFlex	(shared across the line)	HyperFlex shared parts	sku ^HX							
HX-CPU-I8352V=	Intel 8352V 2.1GHz/195W 36C/54M DDR4 2933MHz	HyperFlex HX Series	cpu	layered	HyperFlex	(shared across the line)	HyperFlex shared parts	sku ^HX							
HX-CPU-I8352Y	Intel 8352Y 2.2GHz/205W 32C/48MB DDR4 3200MHz	HyperFlex HX Series	cpu	layered	HyperFlex	(shared across the line)	HyperFlex shared parts	sku ^HX							
HX-CPU-I8352Y=	Intel 8352Y 2.2GHz/205W 32C/48MB DDR4 3200MHz	HyperFlex HX Series	cpu	layered	HyperFlex	(shared across the line)	HyperFlex shared parts	sku ^HX							
HX-CPU-I8358	Intel 8358 2.6GHz/250W 32C/48MB DDR4 3200MHz	HyperFlex HX Series	cpu	layered	HyperFlex	(shared across the line)	HyperFlex shared parts	sku ^HX							
HX-CPU-I8358=	Intel 8358 2.6GHz/250W 32C/48MB DDR4 3200MHz	HyperFlex HX Series	cpu	layered	HyperFlex	(shared across the line)	HyperFlex shared parts	sku ^HX							
HX-CPU-I8358P	Intel 8358P 2.6GHz/240W 32C/48MB DDR4 3200MHz	HyperFlex HX Series	cpu	layered	HyperFlex	(shared across the line)	HyperFlex shared parts	sku ^HX							
HX-CPU-I8358P=	Intel 8358P 2.6GHz/240W 32C/48MB DDR4 3200MHz	HyperFlex HX Series	cpu	layered	HyperFlex	(shared across the line)	HyperFlex shared parts	sku ^HX							
HX-CPU-I8360Y	Intel 8360Y 2.4GHz/250W 36C/54MB DDR4 3200MHz	HyperFlex HX Series	cpu	layered	HyperFlex	(shared across the line)	HyperFlex shared parts	sku ^HX							
HX-CPU-I8360Y=	Intel 8360Y 2.4GHz/250W 36C/54MB DDR4 3200MHz	HyperFlex HX Series	cpu	layered	HyperFlex	(shared across the line)	HyperFlex shared parts	sku ^HX							
HX-CPU-I8362	Intel 8362 2.8GHz/265W 32C/48MB DDR4 3200MHz	HyperFlex HX Series	cpu	layered	HyperFlex	(shared across the line)	HyperFlex shared parts	sku ^HX							
HX-CPU-I8362=	Intel 8362 2.8GHz/265W 32C/48MB DDR4 3200MHz	HyperFlex HX Series	cpu	layered	HyperFlex	(shared across the line)	HyperFlex shared parts	sku ^HX							
HX-CPU-I8368	Cisco HX-CPU-I8368	HyperFlex HX Series	cpu	layered	HyperFlex	(shared across the line)	HyperFlex shared parts	sku ^HX							
HX-CPU-I8368=	Cisco HX-CPU-I8368=	HyperFlex HX Series	cpu	layered	HyperFlex	(shared across the line)	HyperFlex shared parts	sku ^HX							
HX-CPU-I8380	Intel 8380 2.3GHz/270W 40C/60MB DDR4 3200MHz	HyperFlex HX Series	cpu	layered	HyperFlex	(shared across the line)	HyperFlex shared parts	sku ^HX							
HX-CPU-I8380=	Intel 8380 2.3GHz/270W 40C/60MB DDR4 3200MHz	HyperFlex HX Series	cpu	layered	HyperFlex	(shared across the line)	HyperFlex shared parts	sku ^HX							
HX-CPU-TIM=	Cisco HX-CPU-TIM=	HyperFlex HX Series	cpu	layered	HyperFlex	(shared across the line)	HyperFlex shared parts	sku ^HX							
HX-CPUAT=	Cisco HX-CPUAT=	HyperFlex HX Series	cpu	layered	HyperFlex	(shared across the line)	HyperFlex shared parts	sku ^HX							
HX-DH-C240M5L-01	Cisco HX-DH-C240M5L-01	HyperFlex HX Series	server	layered	HyperFlex	(none)	HX240c	sku ^(?=HX|UCSC?-|CBL-).*(?<![0-9])240-?M[4-7]							
HX-DH-FI6332-16UP	HX SAP Datahub FI3232UP w/4x40G Lic/8xUP Lic	HyperFlex HX Series	fabric-interconnect	layered	HyperFlex	(none)	HyperFlex Fabric Interconnects	sku ^HX-DH-FI							
HX-DVD-C240M5	Media Drive (DVD) for C240 M5 Servers (8 HDD version only)	HyperFlex HX Series	drive	layered	HyperFlex	(none)	HX240c	sku ^(?=HX|UCSC?-|CBL-).*(?<![0-9])240-?M[4-7]							
HX-DVD-C240M5=	Media Drive (DVD) for C240 M5 Servers (8 HDD version only)	HyperFlex HX Series	drive	layered	HyperFlex	(none)	HX240c	sku ^(?=HX|UCSC?-|CBL-).*(?<![0-9])240-?M[4-7]							
HX-E-220C-BZL-M5	HX220C M5 EdgeSecurity Bezel	HyperFlex HX Series	mechanical	layered	HyperFlex	(none)	HyperFlex Edge	sku ^HX(AF)?-E-							
HX-E-220C-BZL-M5=	HX220C M5 EdgeSecurity Bezel	HyperFlex HX Series	mechanical	layered	HyperFlex	(none)	HyperFlex Edge	sku ^HX(AF)?-E-							
HX-E-220M5SX	Cisco HyperFlex Hybrid Edge 220 M5 system	HyperFlex HX Series	server	layered	HyperFlex	(none)	HyperFlex Edge	sku ^HX(AF)?-E-							
HX-E-220M5SX-BR	Cisco HyperFlex Hybrid Edge 220 M5 system	HyperFlex HX Series	server	layered	HyperFlex	(none)	HyperFlex Edge	sku ^HX(AF)?-E-							
HX-E-220M5SX1	Cisco HX-E-220M5SX1	HyperFlex HX Series	server	layered	HyperFlex	(none)	HyperFlex Edge	sku ^HX(AF)?-E-							
HX-E-220M6S	Cisco HyperFlex Hybrid Edge 220 M6 system	HyperFlex HX Series	server	layered	HyperFlex	(none)	HyperFlex Edge	sku ^HX(AF)?-E-							
HX-E-220M6S1	Cisco HX-E-220M6S1	HyperFlex HX Series	server	layered	HyperFlex	(none)	HyperFlex Edge	sku ^HX(AF)?-E-							
HX-E-225M6S1	Cisco HX-E-225M6S1	HyperFlex HX Series	server	layered	HyperFlex	(none)	HyperFlex Edge	sku ^HX(AF)?-E-							
HX-E-240-M5SX	Cisco HyperFlex Hybrid Edge 240 Full Capacity M5 system	HyperFlex HX Series	server	layered	HyperFlex	(none)	HyperFlex Edge	sku ^HX(AF)?-E-							
HX-E-240-M5SX=	Cisco HyperFlex Hybrid Edge 240 Full Capacity M5 system	HyperFlex HX Series	server	layered	HyperFlex	(none)	HyperFlex Edge	sku ^HX(AF)?-E-							
HX-E-240-M6SX	Cisco HyperFlex Hybrid Edge 240 Full Capacity M6 system	HyperFlex HX Series	server	layered	HyperFlex	(none)	HyperFlex Edge	sku ^HX(AF)?-E-							
HX-E-240-M6SX1	Cisco HX-E-240-M6SX1	HyperFlex HX Series	server	layered	HyperFlex	(none)	HyperFlex Edge	sku ^HX(AF)?-E-							
HX-E-240-M6SX=	Cisco HX-E-240-M6SX=	HyperFlex HX Series	server	layered	HyperFlex	(none)	HyperFlex Edge	sku ^HX(AF)?-E-							
HX-E-240M5SX1	Cisco HX-E-240M5SX1	HyperFlex HX Series	server	layered	HyperFlex	(none)	HyperFlex Edge	sku ^HX(AF)?-E-							
HX-EXPRESS-MLB	Cisco Hyperflex Express MLB	HyperFlex HX Series	non-product	pending_plan								class non_product			
HX-FAN-C240M5SD=	Cisco HX-FAN-C240M5SD=	HyperFlex HX Series	fan	layered	HyperFlex	(none)	HX240c	sku ^(?=HX|UCSC?-|CBL-).*(?<![0-9])240-?M[4-7]							
HX-FI-6332	UCS 6332 1RU Fabric Interconnect/No PSU/32 QSFP+ports/8p Lic	HyperFlex HX Series	fabric-interconnect	layered	HyperFlex	(none)	HyperFlex Fabric Interconnects	sku ^HX-FI							
HX-FI-6332-BR	UCS 6332 IRU Fabric Interconnect/No PSU/32 QSFP+ports/8p Lic	HyperFlex HX Series	fabric-interconnect	layered	HyperFlex	(none)	HyperFlex Fabric Interconnects	sku ^HX-FI							
HX-FI-64108	UCS Fabric Interconnect 64108	HyperFlex HX Series	fabric-interconnect	layered	HyperFlex	(none)	HyperFlex Fabric Interconnects	sku ^HX-FI							
HX-FI-6454-BR	UCS Fabric Interconnect 6454	HyperFlex HX Series	fabric-interconnect	layered	HyperFlex	(none)	HyperFlex Fabric Interconnects	sku ^HX-FI							
HX-GPU-A10	TESLA A10, PASSIVE, 150W, 24GB	HyperFlex HX Series	gpu	layered	HyperFlex	(shared across the line)	HyperFlex shared parts	sku ^HX							
HX-GPU-A100-80	TESLA A100, PASSIVE, 300W, 80GB	HyperFlex HX Series	gpu	layered	HyperFlex	(shared across the line)	HyperFlex shared parts	sku ^HX							
HX-GPU-A100-805	Cisco HX-GPU-A100-805	HyperFlex HX Series	gpu	layered	HyperFlex	(shared across the line)	HyperFlex shared parts	sku ^HX							
HX-GPU-A100-80=	TESLA A100, PASSIVE, 300W, 80GB	HyperFlex HX Series	gpu	layered	HyperFlex	(shared across the line)	HyperFlex shared parts	sku ^HX							
HX-GPU-A100=2	Cisco HX-GPU-A100=2	HyperFlex HX Series	gpu	layered	HyperFlex	(shared across the line)	HyperFlex shared parts	sku ^HX							
HX-GPU-A102	Cisco HX-GPU-A102	HyperFlex HX Series	gpu	layered	HyperFlex	(shared across the line)	HyperFlex shared parts	sku ^HX							
HX-GPU-A10=	TESLA A10, PASSIVE, 150W, 24GB	HyperFlex HX Series	gpu	layered	HyperFlex	(shared across the line)	HyperFlex shared parts	sku ^HX							
HX-GPU-A10=4	Cisco HX-GPU-A10=4	HyperFlex HX Series	gpu	layered	HyperFlex	(shared across the line)	HyperFlex shared parts	sku ^HX							
HX-GPU-A16	NVIDIA A16 PCIE 250W 4X16GB	HyperFlex HX Series	gpu	layered	HyperFlex	(shared across the line)	HyperFlex shared parts	sku ^HX							
HX-GPU-A165	Cisco HX-GPU-A165	HyperFlex HX Series	gpu	layered	HyperFlex	(shared across the line)	HyperFlex shared parts	sku ^HX							
HX-GPU-A16=	NVIDIA A16 PCIE 250W 4X16GB	HyperFlex HX Series	gpu	layered	HyperFlex	(shared across the line)	HyperFlex shared parts	sku ^HX							
HX-GPU-A30	Cisco HX-GPU-A30	HyperFlex HX Series	gpu	layered	HyperFlex	(shared across the line)	HyperFlex shared parts	sku ^HX							
HX-GPU-A303	Cisco HX-GPU-A303	HyperFlex HX Series	gpu	layered	HyperFlex	(shared across the line)	HyperFlex shared parts	sku ^HX							
HX-GPU-A30=	TESLA A30, PASSIVE, 180W, 24GB	HyperFlex HX Series	gpu	layered	HyperFlex	(shared across the line)	HyperFlex shared parts	sku ^HX							
HX-GPU-A40	TESLA A40 RTX, PASSIVE, 300W, 48GB	HyperFlex HX Series	gpu	layered	HyperFlex	(shared across the line)	HyperFlex shared parts	sku ^HX							
HX-GPU-A405	Cisco HX-GPU-A405	HyperFlex HX Series	gpu	layered	HyperFlex	(shared across the line)	HyperFlex shared parts	sku ^HX							
HX-GPU-A40=	TESLA A40 RTX, PASSIVE, 300W, 48GB	HyperFlex HX Series	gpu	layered	HyperFlex	(shared across the line)	HyperFlex shared parts	sku ^HX							
HX-GPU-M10	NVIDIA M10 PCIE 225W 32GB	HyperFlex HX Series	gpu	layered	HyperFlex	(shared across the line)	HyperFlex shared parts	sku ^HX							
HX-GPU-M10=	NVIDIA M10 PCIE 225W 32GB	HyperFlex HX Series	gpu	layered	HyperFlex	(shared across the line)	HyperFlex shared parts	sku ^HX							
HX-GPU-M60	NVIDIA M60 PCIE 300W 16GB	HyperFlex HX Series	gpu	layered	HyperFlex	(shared across the line)	HyperFlex shared parts	sku ^HX							
HX-GPU-P100-12G	NVIDIA P100 12GB	HyperFlex HX Series	gpu	layered	HyperFlex	(shared across the line)	HyperFlex shared parts	sku ^HX							
HX-GPU-P100-16G	Cisco HX-GPU-P100-16G	HyperFlex HX Series	gpu	layered	HyperFlex	(shared across the line)	HyperFlex shared parts	sku ^HX							
HX-GPU-P4	NVIDIA P4 PCIE 75W 8GB	HyperFlex HX Series	gpu	layered	HyperFlex	(shared across the line)	HyperFlex shared parts	sku ^HX							
HX-GPU-T4-16	NVIDIA T4 PCIE 75W 16GB	HyperFlex HX Series	gpu	layered	HyperFlex	(shared across the line)	HyperFlex shared parts	sku ^HX							
HX-GPU-T4-16=	NVIDIA T4 PCIE 75W 16GB	HyperFlex HX Series	gpu	layered	HyperFlex	(shared across the line)	HyperFlex shared parts	sku ^HX							
HX-GPU-T4-PROMO	NVIDIA T4 PCIE 75W 16GB, Special Pricing	HyperFlex HX Series	gpu	layered	HyperFlex	(shared across the line)	HyperFlex shared parts	sku ^HX							
HX-GPU-V340	AMD Radeon Pro V340, 2X16GB, 300W	HyperFlex HX Series	gpu	layered	HyperFlex	(shared across the line)	HyperFlex shared parts	sku ^HX							
HX-GPURKIT-C220	GPU Riser Bracket assy kit C220 / C225 1U	HyperFlex HX Series	gpu	layered	HyperFlex	(none)	HX220c	sku ^(?=HX|UCSC-|CBL-).*(?<![A-Z0-9])C220(?![0-9])							
HX-GPURKIT-C220=	GPU Riser Bracket assy kit C220 / C225 1U	HyperFlex HX Series	gpu	layered	HyperFlex	(none)	HX220c	sku ^(?=HX|UCSC-|CBL-).*(?<![A-Z0-9])C220(?![0-9])							
HX-HD10T7K4KAM=	10TB 12G SAS 7.2K RPM LFF HDD (4K)	HyperFlex HX Series	drive	layered	HyperFlex	(shared across the line)	HyperFlex shared parts	sku ^HX							
HX-HD10T7K6GAN	10TB 6G SATA 7.2K RPM LFF HDD (512e)	HyperFlex HX Series	drive	layered	HyperFlex	(shared across the line)	HyperFlex shared parts	sku ^HX							
HX-HD12G10K9	Cisco HX-HD12G10K9	HyperFlex HX Series	drive	layered	HyperFlex	(shared across the line)	HyperFlex shared parts	sku ^HX							
HX-HD12T10NK9	1.2TB 12G SAS 10K RPM SFF HDD (SED)	HyperFlex HX Series	drive	layered	HyperFlex	(shared across the line)	HyperFlex shared parts	sku ^HX							
HX-HD12T10NK9=	1.2TB 12G SAS 10K RPM SFF HDD (SED)	HyperFlex HX Series	drive	layered	HyperFlex	(shared across the line)	HyperFlex shared parts	sku ^HX							
HX-HD12T7KL4KM	12TB 12G SAS 7.2K RPM LFF HDD (4K)	HyperFlex HX Series	drive	layered	HyperFlex	(shared across the line)	HyperFlex shared parts	sku ^HX							
HX-HD12T7KL4KM=	12TB 12G SAS 7.2K RPM LFF HDD (4K)	HyperFlex HX Series	drive	layered	HyperFlex	(shared across the line)	HyperFlex shared parts	sku ^HX							
HX-HD12T7KL4KN	12TB 12G SAS 7.2K RPM LFF HDD (4K)	HyperFlex HX Series	drive	layered	HyperFlex	(shared across the line)	HyperFlex shared parts	sku ^HX							
HX-HD12T7KL4KN=	12TB 12G SAS 7.2K RPM LFF HDD (4K)	HyperFlex HX Series	drive	layered	HyperFlex	(shared across the line)	HyperFlex shared parts	sku ^HX							
HX-HD12TB10K12G	Cisco HX-HD12TB10K12G	HyperFlex HX Series	drive	layered	HyperFlex	(shared across the line)	HyperFlex shared parts	sku ^HX							
HX-HD12TB10K12N	1.2 TB 12G SAS 10K RPM SFF HDD	HyperFlex HX Series	drive	layered	HyperFlex	(shared across the line)	HyperFlex shared parts	sku ^HX							
HX-HD12TB10K12N=	1.2 TB 12G SAS 10K RPM SFF HDD	HyperFlex HX Series	drive	layered	HyperFlex	(shared across the line)	HyperFlex shared parts	sku ^HX							
HX-HD14T7KL4KN	14TB 12G SAS 7.2K RPM LFF HDD(4K)	HyperFlex HX Series	drive	layered	HyperFlex	(shared across the line)	HyperFlex shared parts	sku ^HX							
HX-HD18T10NK9	1.8TB 12G SAS 10K RPM SFF HDD (4K format, SED)	HyperFlex HX Series	drive	layered	HyperFlex	(shared across the line)	HyperFlex shared parts	sku ^HX							
HX-HD18TB10K4KN	1.8TB 12G SAS 10K RPM SFF HDD (4K)	HyperFlex HX Series	drive	layered	HyperFlex	(shared across the line)	HyperFlex shared parts	sku ^HX							
HX-HD18TB10K4KN=	1.8TB 12G SAS 10K RPM SFF HDD (4K)	HyperFlex HX Series	drive	layered	HyperFlex	(shared across the line)	HyperFlex shared parts	sku ^HX							
HX-HD18TB10KS4K	Cisco HX-HD18TB10KS4K	HyperFlex HX Series	drive	layered	HyperFlex	(shared across the line)	HyperFlex shared parts	sku ^HX							
HX-HD18TW7KL4KN	18TB 12G SAS 7.2K RPM LFF HDD(4K)	HyperFlex HX Series	drive	layered	HyperFlex	(shared across the line)	HyperFlex shared parts	sku ^HX							
HX-HD1T7K6GAN	1 TB 6G SATA 7.2K RPM SFF HDD	HyperFlex HX Series	drive	layered	HyperFlex	(shared across the line)	HyperFlex shared parts	sku ^HX							
HX-HD24T10NK9	2.4 TB 12G SAS 10K RPM SFF HDD (4K) SED	HyperFlex HX Series	drive	layered	HyperFlex	(shared across the line)	HyperFlex shared parts	sku ^HX							
HX-HD24TB10K4KN	2.4 TB 12G SAS 10K RPM SFF HDD (4K)	HyperFlex HX Series	drive	layered	HyperFlex	(shared across the line)	HyperFlex shared parts	sku ^HX							
HX-HD24TB10K4KN=	2.4 TB 12G SAS 10K RPM SFF HDD (4K)	HyperFlex HX Series	drive	layered	HyperFlex	(shared across the line)	HyperFlex shared parts	sku ^HX							
HX-HD2T7K12N	2 TB 12G SAS 7.2K RPM SFF HDD	HyperFlex HX Series	drive	layered	HyperFlex	(shared across the line)	HyperFlex shared parts	sku ^HX							
HX-HD2T7KL12N	2 TB 12G SAS 7.2K RPM LFF HDD	HyperFlex HX Series	drive	layered	HyperFlex	(shared across the line)	HyperFlex shared parts	sku ^HX							
HX-HD2T7KL12N=	2 TB 12G SAS 7.2K RPM LFF HDD	HyperFlex HX Series	drive	layered	HyperFlex	(shared across the line)	HyperFlex shared parts	sku ^HX							
HX-HD300G10K12G	300GB 12G SAS 10K RPM SFF HDD	HyperFlex HX Series	drive	layered	HyperFlex	(shared across the line)	HyperFlex shared parts	sku ^HX							
HX-HD300G10K12G=	300GB 12G SAS 10K RPM SFF HDD	HyperFlex HX Series	drive	layered	HyperFlex	(shared across the line)	HyperFlex shared parts	sku ^HX							
HX-HD300G10K12N	300GB 12G SAS 10K RPM SFF HDD	HyperFlex HX Series	drive	layered	HyperFlex	(shared across the line)	HyperFlex shared parts	sku ^HX							
HX-HD300G10K12N=	300GB 12G SAS 10K RPM SFF HDD	HyperFlex HX Series	drive	layered	HyperFlex	(shared across the line)	HyperFlex shared parts	sku ^HX							
HX-HD300G15K12G	300GB 12G SAS 15K RPM SFF HDD	HyperFlex HX Series	drive	layered	HyperFlex	(shared across the line)	HyperFlex shared parts	sku ^HX							
HX-HD300G15K12G=	300GB 12G SAS 15K RPM SFF HDD	HyperFlex HX Series	drive	layered	HyperFlex	(shared across the line)	HyperFlex shared parts	sku ^HX							
HX-HD300G15K12N	300GB 12G SAS 15K RPM SFF HDD	HyperFlex HX Series	drive	layered	HyperFlex	(shared across the line)	HyperFlex shared parts	sku ^HX							
HX-HD4T7KL12N	4 TB 12G SAS 7.2K RPM LFF HDD	HyperFlex HX Series	drive	layered	HyperFlex	(shared across the line)	HyperFlex shared parts	sku ^HX							
HX-HD600G10K12G	600GB 12G SAS 10K RPM SFF HDD	HyperFlex HX Series	drive	layered	HyperFlex	(shared across the line)	HyperFlex shared parts	sku ^HX							
HX-HD600G10K12G=	600GB 12G SAS 10K RPM SFF HDD	HyperFlex HX Series	drive	layered	HyperFlex	(shared across the line)	HyperFlex shared parts	sku ^HX							
HX-HD600G10K12N	600GB 12G SAS 10K RPM SFF HDD	HyperFlex HX Series	drive	layered	HyperFlex	(shared across the line)	HyperFlex shared parts	sku ^HX							
HX-HD600G10K12N=	600GB 12G SAS 10K RPM SFF HDD	HyperFlex HX Series	drive	layered	HyperFlex	(shared across the line)	HyperFlex shared parts	sku ^HX							
HX-HD600G15K12N	600GB 12G SAS 15K RPM SFF HDD	HyperFlex HX Series	drive	layered	HyperFlex	(shared across the line)	HyperFlex shared parts	sku ^HX							
HX-HD6T7KL4KM	Cisco HX-HD6T7KL4KM	HyperFlex HX Series	drive	layered	HyperFlex	(shared across the line)	HyperFlex shared parts	sku ^HX							
HX-HD6T7KL4KM=	Cisco HX-HD6T7KL4KM=	HyperFlex HX Series	drive	layered	HyperFlex	(shared across the line)	HyperFlex shared parts	sku ^HX							
HX-HD6T7KL4KN	6TB 12G SAS 7.2K RPM LFF HDD (4K)	HyperFlex HX Series	drive	layered	HyperFlex	(shared across the line)	HyperFlex shared parts	sku ^HX							
HX-HD6T7KL4KN=	6TB 12G SAS 7.2K RPM LFF HDD (4K)	HyperFlex HX Series	drive	layered	HyperFlex	(shared across the line)	HyperFlex shared parts	sku ^HX							
HX-HD8T7K4KAM	8TB 12G SAS 7.2K RPM LFF HDD (4K)	HyperFlex HX Series	drive	layered	HyperFlex	(shared across the line)	HyperFlex shared parts	sku ^HX							
HX-HD8T7K4KAM=	Cisco HX-HD8T7K4KAM=	HyperFlex HX Series	drive	layered	HyperFlex	(shared across the line)	HyperFlex shared parts	sku ^HX							
HX-HD8T7K4KAN	8 TB 12G SAS 7.2K RPM LFF HDD (4K)	HyperFlex HX Series	drive	layered	HyperFlex	(shared across the line)	HyperFlex shared parts	sku ^HX							
HX-HD8T7K4KAN=	8 TB 12G SAS 7.2K RPM LFF HDD (4K)	HyperFlex HX Series	drive	layered	HyperFlex	(shared across the line)	HyperFlex shared parts	sku ^HX							
HX-HD8T7K6GAN=	8 TB 6G SATA 7.2K RPM LFF HDD (512e)	HyperFlex HX Series	drive	layered	HyperFlex	(shared across the line)	HyperFlex shared parts	sku ^HX							
HX-HD900G15K12G	900GB 12G SAS 15K RPM SFF HDD	HyperFlex HX Series	drive	layered	HyperFlex	(shared across the line)	HyperFlex shared parts	sku ^HX							
HX-HD900G15K12N	900GB 12G SAS 15K RPM SFF HDD	HyperFlex HX Series	drive	layered	HyperFlex	(shared across the line)	HyperFlex shared parts	sku ^HX							
HX-HS2-C240M5=	Cisco HX-HS2-C240M5=	HyperFlex HX Series	accessory	layered	HyperFlex	(none)	HX240c	sku ^(?=HX|UCSC?-|CBL-).*(?<![0-9])240-?M[4-7]							
HX-HSCK=	Cisco HX-HSCK=	HyperFlex HX Series	accessory	layered	HyperFlex	(shared across the line)	HyperFlex shared parts	sku ^HX							
HX-HSHP-225M6=	Cisco HX-HSHP-225M6=	HyperFlex HX Series	accessory	layered	HyperFlex	(none)	HX225c	sku ^(?=HX|CBL-).*(?<![0-9])225-?M[6-7]							
HX-HY12TB10K12N	1.2TB 12G SAS 10K RPM LFF HDD	HyperFlex HX Series	drive	layered	HyperFlex	(shared across the line)	HyperFlex shared parts	sku ^HX							
HX-HY12TB10K12N=	1.2TB 12G SAS 10K RPM LFF HDD	HyperFlex HX Series	drive	layered	HyperFlex	(shared across the line)	HyperFlex shared parts	sku ^HX							
HX-HY240G61X-EV	240GB 3.5 inch Enterprise Value 6G SATA SSD	HyperFlex HX Series	drive	layered	HyperFlex	(shared across the line)	HyperFlex shared parts	sku ^HX							
HX-HY240G61X-EV=	240GB 3.5 inch Enterprise Value 6G SATA SSD	HyperFlex HX Series	drive	layered	HyperFlex	(shared across the line)	HyperFlex shared parts	sku ^HX							
HX-HY600G15NK9	600GB 12G SAS 15K RPM LFF HDD (SED)	HyperFlex HX Series	drive	layered	HyperFlex	(shared across the line)	HyperFlex shared parts	sku ^HX							
HX-HY600G15NK9=	600GB 12G SAS 15K RPM LFF HDD (SED)	HyperFlex HX Series	drive	layered	HyperFlex	(shared across the line)	HyperFlex shared parts	sku ^HX							
HX-INT-SW01	C220 M5 and C240 M5 Chassis Intrusion Switch	HyperFlex HX Series	accessory	layered	HyperFlex	(shared across the line)	HyperFlex shared parts	sku ^HX							
HX-INT-SW01=	C220 M5 and C240 M5 Chassis Intrusion Switch	HyperFlex HX Series	accessory	layered	HyperFlex	(shared across the line)	HyperFlex shared parts	sku ^HX							
HX-INT-SW02	C220 and C240 M6 Chassis Intrusion Switch	HyperFlex HX Series	accessory	layered	HyperFlex	(shared across the line)	HyperFlex shared parts	sku ^HX							
HX-INT-SW02=	C220 and C240 M6 Chassis Intrusion Switch	HyperFlex HX Series	accessory	layered	HyperFlex	(shared across the line)	HyperFlex shared parts	sku ^HX							
HX-M-V100-04	Cisco UCS VIC 1477 dual port 100G QSFP28 mLOM	HyperFlex HX Series	nic	layered	HyperFlex	(shared across the line)	HyperFlex shared parts	sku ^HX							
HX-M-V100-04=	Cisco UCS VIC 1477 dual port 100G QSFP28 mLOM	HyperFlex HX Series	nic	layered	HyperFlex	(shared across the line)	HyperFlex shared parts	sku ^HX							
HX-M-V25-04	Cisco UCS VIC 1467 quad port 25G SFP28 mLOM	HyperFlex HX Series	nic	layered	HyperFlex	(shared across the line)	HyperFlex shared parts	sku ^HX							
HX-M-V25-042	Cisco HX-M-V25-042	HyperFlex HX Series	nic	layered	HyperFlex	(shared across the line)	HyperFlex shared parts	sku ^HX							
HX-M-V25-04=	Cisco UCS VIC 1467 quad port 25G SFP28 mLOM	HyperFlex HX Series	nic	layered	HyperFlex	(shared across the line)	HyperFlex shared parts	sku ^HX							
HX-M-V5Q50G	Cisco UCS VIC 15428 quad port 10/25/50G MLOM	HyperFlex HX Series	nic	layered	HyperFlex	(shared across the line)	HyperFlex shared parts	sku ^HX							
HX-M2-240G	240GB SATA M.2	HyperFlex HX Series	drive	layered	HyperFlex	(shared across the line)	HyperFlex shared parts	sku ^HX							
HX-M2-240GB	240GB SATA M.2	HyperFlex HX Series	drive	layered	HyperFlex	(shared across the line)	HyperFlex shared parts	sku ^HX							
HX-M2-240GB=	240GB SATA M.2	HyperFlex HX Series	drive	layered	HyperFlex	(shared across the line)	HyperFlex shared parts	sku ^HX							
HX-M2-960GB	960GB SATA M.2	HyperFlex HX Series	drive	layered	HyperFlex	(shared across the line)	HyperFlex shared parts	sku ^HX							
HX-M2-960GB=	960GB SATA M.2	HyperFlex HX Series	drive	layered	HyperFlex	(shared across the line)	HyperFlex shared parts	sku ^HX							
HX-M2-BOOT	Hyperflex Express Boot Drive	HyperFlex HX Series	drive	layered	HyperFlex	(shared across the line)	HyperFlex shared parts	sku ^HX							
HX-M2-HWRAID	Cisco Boot optimized M.2 Raid controller	HyperFlex HX Series	storage-controller	layered	HyperFlex	(shared across the line)	HyperFlex shared parts	sku ^HX							
HX-M2-HWRAID1	Cisco HX-M2-HWRAID1	HyperFlex HX Series	storage-controller	layered	HyperFlex	(shared across the line)	HyperFlex shared parts	sku ^HX							
HX-M2-HWRAID3	Cisco HX-M2-HWRAID3	HyperFlex HX Series	storage-controller	layered	HyperFlex	(shared across the line)	HyperFlex shared parts	sku ^HX							
HX-M2-HWRAID=	Cisco Boot optimized M.2 Raid controller	HyperFlex HX Series	storage-controller	layered	HyperFlex	(shared across the line)	HyperFlex shared parts	sku ^HX							
HX-M2-I240GB	240GB SATA M.2 SSD	HyperFlex HX Series	drive	layered	HyperFlex	(shared across the line)	HyperFlex shared parts	sku ^HX							
HX-M5-CPU-CAR=	Cisco HX-M5-CPU-CAR=	HyperFlex HX Series	accessory	layered	HyperFlex	(shared across the line)	HyperFlex shared parts	sku ^HX							
HX-M5S-HXDP	Cisco HX2X0C M5 Hyperflex System	HyperFlex HX Series	server	layered	HyperFlex	(none)	HyperFlex bundles and starter packs	sku ^HX(AF)?-M[0-9]S-HXDP							
HX-M5S-HXDP-BR	Cisco HX2X0C M5 Hyperflex System	HyperFlex HX Series	server	layered	HyperFlex	(none)	HyperFlex bundles and starter packs	sku ^HX(AF)?-M[0-9]S-HXDP							
HX-M6-AAS	Cisco+ Hybrid Cloud - M6 HX Bundle	HyperFlex HX Series	non-product	pending_plan								class non_product			
HX-M6-MLB	HX/HXAF/EDG M6 MLB	HyperFlex HX Series	bundle	layered	HyperFlex	(none)	HyperFlex bundles and starter packs	sku ^HX-M[0-9]-MLB							
HX-ML-128G4RT-H	Cisco HX-ML-128G4RT-H	HyperFlex HX Series	memory	layered	HyperFlex	(shared across the line)	HyperFlex shared parts	sku ^HX							
HX-ML-128G4RT-H1	Cisco HX-ML-128G4RT-H1	HyperFlex HX Series	memory	layered	HyperFlex	(shared across the line)	HyperFlex shared parts	sku ^HX							
HX-ML-128G4RW	128GB LRDIMM QRx4 3200 (16Gb)	HyperFlex HX Series	memory	layered	HyperFlex	(shared across the line)	HyperFlex shared parts	sku ^HX							
HX-ML-128G4RW2	Cisco HX-ML-128G4RW2	HyperFlex HX Series	memory	layered	HyperFlex	(shared across the line)	HyperFlex shared parts	sku ^HX							
HX-ML-128G4RW=	128GB LRDIMM QRx4 3200 (16Gb)	HyperFlex HX Series	memory	layered	HyperFlex	(shared across the line)	HyperFlex shared parts	sku ^HX							
HX-ML-1X644RV-A	Cisco HX-ML-1X644RV-A	HyperFlex HX Series	memory	layered	HyperFlex	(shared across the line)	HyperFlex shared parts	sku ^HX							
HX-ML-256G8RW	256GB LRDIMM 8Rx4 3200 (16Gb)	HyperFlex HX Series	memory	layered	HyperFlex	(shared across the line)	HyperFlex shared parts	sku ^HX							
HX-ML-256G8RW1	Cisco HX-ML-256G8RW1	HyperFlex HX Series	memory	layered	HyperFlex	(shared across the line)	HyperFlex shared parts	sku ^HX							
HX-ML-256G8RW=	256GB LRDIMM 8Rx4 3200 (16Gb)	HyperFlex HX Series	memory	layered	HyperFlex	(shared across the line)	HyperFlex shared parts	sku ^HX							
HX-ML-X64G4RS-H	64GB DDR4-2666-MHz LRDIMM/PC4-21300/quad rank/x4/1.2v	HyperFlex HX Series	memory	layered	HyperFlex	(shared across the line)	HyperFlex shared parts	sku ^HX							
HX-ML-X64G4RT-H	64GB DDR4-2933-MHz LRDIMM/4Rx4/1.2v	HyperFlex HX Series	memory	layered	HyperFlex	(shared across the line)	HyperFlex shared parts	sku ^HX							
HX-ML-X64G4RT-H1	Cisco HX-ML-X64G4RT-H1	HyperFlex HX Series	memory	layered	HyperFlex	(shared across the line)	HyperFlex shared parts	sku ^HX							
HX-ML-X64G4RT-H=	64GB DDR4-2933-MHz LRDIMM/4Rx4/1.2v	HyperFlex HX Series	memory	layered	HyperFlex	(shared across the line)	HyperFlex shared parts	sku ^HX							
HX-MLOM-C100-04	Cisco UCS VIC 1497 Dual Port 100G QSFP28 CNA mLOM	HyperFlex HX Series	memory	layered	HyperFlex	(shared across the line)	HyperFlex shared parts	sku ^HX							
HX-MLOM-C100-04=	Cisco UCS VIC 1497 Dual Port 100G QSFP28 CNA mLOM	HyperFlex HX Series	memory	layered	HyperFlex	(shared across the line)	HyperFlex shared parts	sku ^HX							
HX-MLOM-C25Q-04	Cisco UCS VIC 1457 Quad Port 10/25G SFP28 CNA MLOM	HyperFlex HX Series	memory	layered	HyperFlex	(shared across the line)	HyperFlex shared parts	sku ^HX							
HX-MLOM-C25Q-04=	Cisco UCS VIC 1457 Quad Port 10/25G SFP28 CNA MLOM	HyperFlex HX Series	memory	layered	HyperFlex	(shared across the line)	HyperFlex shared parts	sku ^HX							
HX-MLOM-C40Q-03	Cisco VIC 1387 Dual Port 40Gb QSFP CNA MLOM	HyperFlex HX Series	memory	layered	HyperFlex	(shared across the line)	HyperFlex shared parts	sku ^HX							
HX-MLOM-C40Q-03=	Cisco VIC 1387 Dual Port 40Gb QSFP CNA MLOM	HyperFlex HX Series	memory	layered	HyperFlex	(shared across the line)	HyperFlex shared parts	sku ^HX							
HX-MLOM-CSC-02	Cisco HX-MLOM-CSC-02	HyperFlex HX Series	memory	layered	HyperFlex	(shared across the line)	HyperFlex shared parts	sku ^HX							
HX-MLOM-IRJ45	Intel i350 quad-port MLOM NIC	HyperFlex HX Series	memory	layered	HyperFlex	(shared across the line)	HyperFlex shared parts	sku ^HX							
HX-MLOM-IRJ45=	Intel i350 quad-port MLOM NIC	HyperFlex HX Series	memory	layered	HyperFlex	(shared across the line)	HyperFlex shared parts	sku ^HX							
HX-MLOMBLK-M5=	Cisco HX-MLOMBLK-M5=	HyperFlex HX Series	memory	layered	HyperFlex	(shared across the line)	HyperFlex shared parts	sku ^HX							
HX-MP-128GS-A0	Intel Optane Persistent Memory, 128GB, 2666MHz	HyperFlex HX Series	memory	layered	HyperFlex	(shared across the line)	HyperFlex shared parts	sku ^HX							
HX-MP-128GS-A0=	Intel Optane Persistent Memory, 128GB, 2666MHz	HyperFlex HX Series	memory	layered	HyperFlex	(shared across the line)	HyperFlex shared parts	sku ^HX							
HX-MP-128GS-B0	Intel Optane Persistent Memory, 128GB, 3200MHz	HyperFlex HX Series	memory	layered	HyperFlex	(shared across the line)	HyperFlex shared parts	sku ^HX							
HX-MP-128GS-B0=	Intel Optane Persistent Memory, 128GB, 3200MHz	HyperFlex HX Series	memory	layered	HyperFlex	(shared across the line)	HyperFlex shared parts	sku ^HX							
HX-MP-256GS-A0	Intel Optane Persistent Memory, 256GB, 2666MHz	HyperFlex HX Series	memory	layered	HyperFlex	(shared across the line)	HyperFlex shared parts	sku ^HX							
HX-MP-256GS-A0=	Cisco HX-MP-256GS-A0=	HyperFlex HX Series	memory	layered	HyperFlex	(shared across the line)	HyperFlex shared parts	sku ^HX							
HX-MP-256GS-B0	Cisco HX-MP-256GS-B0	HyperFlex HX Series	memory	layered	HyperFlex	(shared across the line)	HyperFlex shared parts	sku ^HX							
HX-MP-256GS-B0=	Cisco HX-MP-256GS-B0=	HyperFlex HX Series	memory	layered	HyperFlex	(shared across the line)	HyperFlex shared parts	sku ^HX							
HX-MP-512GS-A0	Cisco HX-MP-512GS-A0	HyperFlex HX Series	memory	layered	HyperFlex	(shared across the line)	HyperFlex shared parts	sku ^HX							
HX-MP-512GS-A0=	Cisco HX-MP-512GS-A0=	HyperFlex HX Series	memory	layered	HyperFlex	(shared across the line)	HyperFlex shared parts	sku ^HX							
HX-MP-512GS-B0	Cisco HX-MP-512GS-B0	HyperFlex HX Series	memory	layered	HyperFlex	(shared across the line)	HyperFlex shared parts	sku ^HX							
HX-MP-512GS-B0=	Cisco HX-MP-512GS-B0=	HyperFlex HX Series	memory	layered	HyperFlex	(shared across the line)	HyperFlex shared parts	sku ^HX							
HX-MR-128G8RS-H	128GB DDR4-2666-MHz TSV-RDIMM/PC4-21300/octal rank/x4/1.2v	HyperFlex HX Series	memory	layered	HyperFlex	(shared across the line)	HyperFlex shared parts	sku ^HX							
HX-MR-1X161RV-A	Cisco HX-MR-1X161RV-A	HyperFlex HX Series	memory	layered	HyperFlex	(shared across the line)	HyperFlex shared parts	sku ^HX							
HX-MR-1X322RV-A	Cisco HX-MR-1X322RV-A	HyperFlex HX Series	memory	layered	HyperFlex	(shared across the line)	HyperFlex shared parts	sku ^HX							
HX-MR-X16G1RS-H	16GB DDR4-2666-MHz RDIMM/PC4-21300/single rank/x4/1.2v	HyperFlex HX Series	memory	layered	HyperFlex	(shared across the line)	HyperFlex shared parts	sku ^HX							
HX-MR-X16G1RT-H	Cisco HX-MR-X16G1RT-H	HyperFlex HX Series	memory	layered	HyperFlex	(shared across the line)	HyperFlex shared parts	sku ^HX							
HX-MR-X16G1RT-H1	Cisco HX-MR-X16G1RT-H1	HyperFlex HX Series	memory	layered	HyperFlex	(shared across the line)	HyperFlex shared parts	sku ^HX							
HX-MR-X16G1RW	16GB RDIMM SRx4 3200 (8Gb)	HyperFlex HX Series	memory	layered	HyperFlex	(shared across the line)	HyperFlex shared parts	sku ^HX							
HX-MR-X16G1RW2	Cisco HX-MR-X16G1RW2	HyperFlex HX Series	memory	layered	HyperFlex	(shared across the line)	HyperFlex shared parts	sku ^HX							
HX-MR-X16G1RW=	16GB RDIMM SRx4 3200 (8Gb)	HyperFlex HX Series	memory	layered	HyperFlex	(shared across the line)	HyperFlex shared parts	sku ^HX							
HX-MR-X32G1RW	32GB RDIMM SRx4 3200 (16Gb)	HyperFlex HX Series	memory	layered	HyperFlex	(shared across the line)	HyperFlex shared parts	sku ^HX							
HX-MR-X32G1RW=	32GB RDIMM SRx4 3200 (16Gb)	HyperFlex HX Series	memory	layered	HyperFlex	(shared across the line)	HyperFlex shared parts	sku ^HX							
HX-MR-X32G2RS-H	32GB DDR4-2666-MHz RDIMM/PC4-21300/dual rank/x4/1.2v	HyperFlex HX Series	memory	layered	HyperFlex	(shared across the line)	HyperFlex shared parts	sku ^HX							
HX-MR-X32G2RT-H	Cisco HX-MR-X32G2RT-H	HyperFlex HX Series	memory	layered	HyperFlex	(shared across the line)	HyperFlex shared parts	sku ^HX							
HX-MR-X32G2RT-H1	Cisco HX-MR-X32G2RT-H1	HyperFlex HX Series	memory	layered	HyperFlex	(shared across the line)	HyperFlex shared parts	sku ^HX							
HX-MR-X32G2RW	32GB RDIMM DRx4 3200 (8Gb)	HyperFlex HX Series	memory	layered	HyperFlex	(shared across the line)	HyperFlex shared parts	sku ^HX							
HX-MR-X32G2RW2	Cisco HX-MR-X32G2RW2	HyperFlex HX Series	memory	layered	HyperFlex	(shared across the line)	HyperFlex shared parts	sku ^HX							
HX-MR-X32G2RW=	32GB RDIMM DRx4 3200 (8Gb)	HyperFlex HX Series	memory	layered	HyperFlex	(shared across the line)	HyperFlex shared parts	sku ^HX							
HX-MR-X64G2RT-H	Cisco HX-MR-X64G2RT-H	HyperFlex HX Series	memory	layered	HyperFlex	(shared across the line)	HyperFlex shared parts	sku ^HX							
HX-MR-X64G2RT-H1	Cisco HX-MR-X64G2RT-H1	HyperFlex HX Series	memory	layered	HyperFlex	(shared across the line)	HyperFlex shared parts	sku ^HX							
HX-MR-X64G2RW	64GB RDIMM DRx4 3200 (16Gb)	HyperFlex HX Series	memory	layered	HyperFlex	(shared across the line)	HyperFlex shared parts	sku ^HX							
HX-MR-X64G2RW1	Cisco HX-MR-X64G2RW1	HyperFlex HX Series	memory	layered	HyperFlex	(shared across the line)	HyperFlex shared parts	sku ^HX							
HX-MR-X64G2RW2	Cisco HX-MR-X64G2RW2	HyperFlex HX Series	memory	layered	HyperFlex	(shared across the line)	HyperFlex shared parts	sku ^HX							
HX-MR-X64G2RW=	64GB RDIMM DRx4 3200 (16Gb)	HyperFlex HX Series	memory	layered	HyperFlex	(shared across the line)	HyperFlex shared parts	sku ^HX							
HX-MRAID1GB-KIT	SAS RAID KIT for C220M5L	HyperFlex HX Series	memory	layered	HyperFlex	(shared across the line)	HyperFlex shared parts	sku ^HX							
HX-MRAID1GB-KIT=	SAS RAID KIT for C220M5L	HyperFlex HX Series	memory	layered	HyperFlex	(shared across the line)	HyperFlex shared parts	sku ^HX							
HX-MSD-32G	32GB Micro SD Card for UCS M5 servers	HyperFlex HX Series	drive	layered	HyperFlex	(shared across the line)	HyperFlex shared parts	sku ^HX							
HX-MSD-32G=	32GB Micro SD Card for UCS M5 servers	HyperFlex HX Series	drive	layered	HyperFlex	(shared across the line)	HyperFlex shared parts	sku ^HX							
HX-MSTOR-M2=	Cisco HX-MSTOR-M2=	HyperFlex HX Series	accessory	layered	HyperFlex	(shared across the line)	HyperFlex shared parts	sku ^HX							
HX-N2XX-AIPCI01	Intel X520 Dual Port 10Gb SFP+ Adapter	HyperFlex HX Series	nic	layered	HyperFlex	(shared across the line)	HyperFlex shared parts	sku ^HX							
HX-N2XX-AIPCI01=	Intel X520 Dual Port 10Gb SFP+ Adapter	HyperFlex HX Series	nic	layered	HyperFlex	(shared across the line)	HyperFlex shared parts	sku ^HX							
HX-NIC-MODE	Hyperflex NIC Connectivity Mode	HyperFlex HX Series	unknown	pending_plan								class non_product			
HX-NVME-SC	PCIE NVME Switch Module	HyperFlex HX Series	drive	layered	HyperFlex	(shared across the line)	HyperFlex shared parts	sku ^HX							
HX-NVME-SC=	PCIE NVME Switch Module	HyperFlex HX Series	drive	layered	HyperFlex	(shared across the line)	HyperFlex shared parts	sku ^HX							
HX-NVME2H-I1000	Cisco HX-NVME2H-I1000	HyperFlex HX Series	drive	layered	HyperFlex	(shared across the line)	HyperFlex shared parts	sku ^HX							
HX-NVME2H-I1000=	Cisco HX-NVME2H-I1000=	HyperFlex HX Series	drive	layered	HyperFlex	(shared across the line)	HyperFlex shared parts	sku ^HX							
HX-NVME4-1920	1.9TB 2.5in U.2 P5520 NVMe High Perf Medium Endurance	HyperFlex HX Series	drive	layered	HyperFlex	(shared across the line)	HyperFlex shared parts	sku ^HX							
HX-NVME4-3840	3.8TB 2.5in U.2 P5520 NVMe High Perf Medium Endurance	HyperFlex HX Series	drive	layered	HyperFlex	(shared across the line)	HyperFlex shared parts	sku ^HX							
HX-NVME4-3840=	Cisco HX-NVME4-3840=	HyperFlex HX Series	drive	layered	HyperFlex	(shared across the line)	HyperFlex shared parts	sku ^HX							
HX-NVME4-7680=	Cisco HX-NVME4-7680=	HyperFlex HX Series	drive	layered	HyperFlex	(shared across the line)	HyperFlex shared parts	sku ^HX							
HX-NVMEHW-H1600	Cisco HX-NVMEHW-H1600	HyperFlex HX Series	drive	layered	HyperFlex	(shared across the line)	HyperFlex shared parts	sku ^HX							
HX-NVMEI4-I1920	1.9TB 2.5in U.2 Intel P5500 NVMe High Perf Medium Endurance	HyperFlex HX Series	drive	layered	HyperFlex	(shared across the line)	HyperFlex shared parts	sku ^HX							
HX-NVMEI4-I1920=	1.9TB 2.5in U.2 Intel P5500 NVMe High Perf Medium Endurance	HyperFlex HX Series	drive	layered	HyperFlex	(shared across the line)	HyperFlex shared parts	sku ^HX							
HX-NVMEI4-I3840	3.8TB 2.5in U.2 Intel P5500 NVMe High Perf Medium Endurance	HyperFlex HX Series	drive	layered	HyperFlex	(shared across the line)	HyperFlex shared parts	sku ^HX							
HX-NVMEI4-I3840=	3.8TB 2.5in U.2 Intel P5500 NVMe High Perf Medium Endurance	HyperFlex HX Series	drive	layered	HyperFlex	(shared across the line)	HyperFlex shared parts	sku ^HX							
HX-NVMEI4-I7680	7.6TB 2.5in U.2 Intel P5500 NVMe High Perf Medium Endurance	HyperFlex HX Series	drive	layered	HyperFlex	(shared across the line)	HyperFlex shared parts	sku ^HX							
HX-NVMEI4-I7680=	7.6TB 2.5in U.2 Intel P5500 NVMe High Perf Medium Endurance	HyperFlex HX Series	drive	layered	HyperFlex	(shared across the line)	HyperFlex shared parts	sku ^HX							
HX-NVMEM6-W15300	15.3TB 2.5in U.2 WD SN840 NVMe Extreme Perf. Value Endurance	HyperFlex HX Series	drive	layered	HyperFlex	(shared across the line)	HyperFlex shared parts	sku ^HX							
HX-NVMEM6-W15300=	15.3TB 2.5in U.2 WD SN840 NVMe Extreme Perf. Value Endurance	HyperFlex HX Series	drive	layered	HyperFlex	(shared across the line)	HyperFlex shared parts	sku ^HX							
HX-NVMEM6-W1600	1.6TB 2.5in U.2 WD SN840 NVMe Extreme Perf. High Endurance	HyperFlex HX Series	drive	layered	HyperFlex	(shared across the line)	HyperFlex shared parts	sku ^HX							
HX-NVMEM6-W1600=	1.6TB 2.5in U.2 WD SN840 NVMe Extreme Perf. High Endurance	HyperFlex HX Series	drive	layered	HyperFlex	(shared across the line)	HyperFlex shared parts	sku ^HX							
HX-NVMEM6-W3200	3.2TB 2.5in U.2 WD SN840 NVMe Extreme Perf. High Endurance	HyperFlex HX Series	drive	layered	HyperFlex	(shared across the line)	HyperFlex shared parts	sku ^HX							
HX-NVMEXP-I375	Cisco 2.5" 375GB Intel Optane NVMe Extreme Performance SSD	HyperFlex HX Series	drive	layered	HyperFlex	(shared across the line)	HyperFlex shared parts	sku ^HX							
HX-NVMEXPB-I375	375GB 2.5in Intel Optane NVMe Extreme Performance SSD	HyperFlex HX Series	drive	layered	HyperFlex	(shared across the line)	HyperFlex shared parts	sku ^HX							
HX-NVMEXPB-I375=	375GB 2.5in Intel Optane NVMe Extreme Performance SSD	HyperFlex HX Series	drive	layered	HyperFlex	(shared across the line)	HyperFlex shared parts	sku ^HX							
HX-P-I8D25GF	Cisco-Intel E810XXVDA2 2x25/10 GbE SFP28 PCIe NIC	HyperFlex HX Series	nic	layered	HyperFlex	(shared across the line)	HyperFlex shared parts	sku ^HX							
HX-P-I8D25GF=	Cisco-Intel E810XXVDA2 2x25/10 GbE SFP28 PCIe NIC	HyperFlex HX Series	nic	layered	HyperFlex	(shared across the line)	HyperFlex shared parts	sku ^HX							
HX-P-I8Q25GF	Cisco-Intel E810XXVDA4L 4x25/10 GbE SFP28 PCIe NIC	HyperFlex HX Series	nic	layered	HyperFlex	(shared across the line)	HyperFlex shared parts	sku ^HX							
HX-P-I8Q25GF3	Cisco HX-P-I8Q25GF3	HyperFlex HX Series	nic	layered	HyperFlex	(shared across the line)	HyperFlex shared parts	sku ^HX							
HX-P-I8Q25GF4	Cisco HX-P-I8Q25GF4	HyperFlex HX Series	nic	layered	HyperFlex	(shared across the line)	HyperFlex shared parts	sku ^HX							
HX-P-I8Q25GF=	Cisco-Intel E810XXVDA4L 4x25/10 GbE SFP28 PCIe NIC	HyperFlex HX Series	nic	layered	HyperFlex	(shared across the line)	HyperFlex shared parts	sku ^HX							
HX-P-ID10GC	Cisco-Intel X710T2LG 2x10 GbE RJ45 PCIe NIC	HyperFlex HX Series	nic	layered	HyperFlex	(shared across the line)	HyperFlex shared parts	sku ^HX							
HX-P-ID10GC=	Cisco-Intel X710T2LG 2x10 GbE RJ45 PCIe NIC	HyperFlex HX Series	nic	layered	HyperFlex	(shared across the line)	HyperFlex shared parts	sku ^HX							
HX-P-IQ10GC=	Cisco-Intel X710T4LG 4x10 GbE RJ45 PCIe NIC	HyperFlex HX Series	nic	layered	HyperFlex	(shared across the line)	HyperFlex shared parts	sku ^HX							
HX-P-M4D25GF	Mellanox MCX4121A-ACAT dual port 10/25G SFP28 NIC	HyperFlex HX Series	nic	layered	HyperFlex	(shared across the line)	HyperFlex shared parts	sku ^HX							
HX-P-M4D25GF=	Mellanox MCX4121A-ACAT dual port 10/25G SFP28 NIC	HyperFlex HX Series	nic	layered	HyperFlex	(shared across the line)	HyperFlex shared parts	sku ^HX							
HX-P-M5D25GF=	Cisco HX-P-M5D25GF=	HyperFlex HX Series	nic	layered	HyperFlex	(shared across the line)	HyperFlex shared parts	sku ^HX							
HX-PCI-1-C240M5	Riser 1 incl 3 PCIe slots (x8, x16, x8)	HyperFlex HX Series	nic	layered	HyperFlex	(none)	HX240c	sku ^(?=HX|UCSC?-|CBL-).*(?<![0-9])240-?M[4-7]							
HX-PCI-1-C240M5=	Riser 1 incl 3 PCIe slots (x8, x16, x8); slot 3 req CPU2	HyperFlex HX Series	nic	layered	HyperFlex	(none)	HX240c	sku ^(?=HX|UCSC?-|CBL-).*(?<![0-9])240-?M[4-7]							
HX-PCI-1B-240M5	Riser 1B incl 3 PCIe slots (x8, x8, x8); all slots from CPU1	HyperFlex HX Series	nic	layered	HyperFlex	(none)	HX240c	sku ^(?=HX|UCSC?-|CBL-).*(?<![0-9])240-?M[4-7]							
HX-PCI-1B-240M5=	Riser 1B incl 3 PCIe slots (x8, x8, x8); all slots from CPU1	HyperFlex HX Series	nic	layered	HyperFlex	(none)	HX240c	sku ^(?=HX|UCSC?-|CBL-).*(?<![0-9])240-?M[4-7]							
HX-PCI-2A-240M5	Riser 2A incl 3 PCIe slots (x8, x16, x16) supports GPU	HyperFlex HX Series	nic	layered	HyperFlex	(none)	HX240c	sku ^(?=HX|UCSC?-|CBL-).*(?<![0-9])240-?M[4-7]							
HX-PCI-2A-240M5=	Riser 2A incl 3 PCIe slots (x8, x16, x16) supports GPU	HyperFlex HX Series	nic	layered	HyperFlex	(none)	HX240c	sku ^(?=HX|UCSC?-|CBL-).*(?<![0-9])240-?M[4-7]							
HX-PCI-2B-240M5	Riser 2B incl 3PCIeslots(x8,x16,x8)+2NVMe(1cnctr)supportsGPU	HyperFlex HX Series	nic	layered	HyperFlex	(none)	HX240c	sku ^(?=HX|UCSC?-|CBL-).*(?<![0-9])240-?M[4-7]							
HX-PCI-2B-240M5=	Riser 2B incl 3PCIeslots(x8,x16,x8) supports GPU+rear NVMe	HyperFlex HX Series	nic	layered	HyperFlex	(none)	HX240c	sku ^(?=HX|UCSC?-|CBL-).*(?<![0-9])240-?M[4-7]							
HX-PCI-2C-240M5	Riser 2C incll 3 PCIe slots (3 x8) supports front+rear NVMe	HyperFlex HX Series	nic	layered	HyperFlex	(none)	HX240c	sku ^(?=HX|UCSC?-|CBL-).*(?<![0-9])240-?M[4-7]							
HX-PCI-2C-240M5=	Riser 2C incll 3 PCIe slots (3 x8) supports front+rear NVMe	HyperFlex HX Series	nic	layered	HyperFlex	(none)	HX240c	sku ^(?=HX|UCSC?-|CBL-).*(?<![0-9])240-?M[4-7]							
HX-PCIE-BD16GF	Emulex LPe31002 dual port 16G FC HBA	HyperFlex HX Series	nic	layered	HyperFlex	(shared across the line)	HyperFlex shared parts	sku ^HX							
HX-PCIE-BD16GF=	Emulex LPe31002 dual port 16G FC HBA	HyperFlex HX Series	nic	layered	HyperFlex	(shared across the line)	HyperFlex shared parts	sku ^HX							
HX-PCIE-BD32GF	Emulex LPe32002 Dual-Port 32G FC HBA	HyperFlex HX Series	nic	layered	HyperFlex	(shared across the line)	HyperFlex shared parts	sku ^HX							
HX-PCIE-BD32GF=	Emulex LPe32002 Dual-Port 32G FC HBA	HyperFlex HX Series	nic	layered	HyperFlex	(shared across the line)	HyperFlex shared parts	sku ^HX							
HX-PCIE-BS32GF	Broadcom LPe32000 Single-Port 32G FC HBA	HyperFlex HX Series	nic	layered	HyperFlex	(shared across the line)	HyperFlex shared parts	sku ^HX							
HX-PCIE-BS32GF=	Broadcom LPe32000 Single-Port 32G FC HBA	HyperFlex HX Series	nic	layered	HyperFlex	(shared across the line)	HyperFlex shared parts	sku ^HX							
HX-PCIE-C100-04	Cisco UCS VIC 1495 Dual Port 100G QSFP28 CNA PCIe	HyperFlex HX Series	nic	layered	HyperFlex	(shared across the line)	HyperFlex shared parts	sku ^HX							
HX-PCIE-C100-04=	Cisco UCS VIC 1495 Dual Port 100G QSFP28 CNA PCIe	HyperFlex HX Series	nic	layered	HyperFlex	(shared across the line)	HyperFlex shared parts	sku ^HX							
HX-PCIE-C25Q-04	Cisco UCS VIC 1455 Quad Port 10/25G SFP28 CNA PCIE	HyperFlex HX Series	nic	layered	HyperFlex	(shared across the line)	HyperFlex shared parts	sku ^HX							
HX-PCIE-C25Q-04=	Cisco UCS VIC 1455 Quad Port 10/25G SFP28 CNA PCIE	HyperFlex HX Series	nic	layered	HyperFlex	(shared across the line)	HyperFlex shared parts	sku ^HX							
HX-PCIE-C40Q-03	Cisco VIC 1385 Dual Port 40Gb QSFP+ CNA w/RDMA	HyperFlex HX Series	nic	layered	HyperFlex	(shared across the line)	HyperFlex shared parts	sku ^HX							
HX-PCIE-C40Q-03=	Cisco VIC 1385 Dual Port 40Gb QSFP+ CNA w/RDMA, HH bracket	HyperFlex HX Series	nic	layered	HyperFlex	(shared across the line)	HyperFlex shared parts	sku ^HX							
HX-PCIE-ID10GC	Intel X550-T2 dual-port 10GBase-T NIC	HyperFlex HX Series	nic	layered	HyperFlex	(shared across the line)	HyperFlex shared parts	sku ^HX							
HX-PCIE-ID10GC=	Intel X550-T2 dual-port 10GBase-T NIC	HyperFlex HX Series	nic	layered	HyperFlex	(shared across the line)	HyperFlex shared parts	sku ^HX							
HX-PCIE-ID10GF	Intel X710-DA2 dual-port 10G SFP+ NIC	HyperFlex HX Series	nic	layered	HyperFlex	(shared across the line)	HyperFlex shared parts	sku ^HX							
HX-PCIE-ID10GF=	Intel X710-DA2 dual-port 10G SFP+ NIC	HyperFlex HX Series	nic	layered	HyperFlex	(shared across the line)	HyperFlex shared parts	sku ^HX							
HX-PCIE-ID25GF	Intel XXV710-DA2 10-dual-port 25G NIC	HyperFlex HX Series	nic	layered	HyperFlex	(shared across the line)	HyperFlex shared parts	sku ^HX							
HX-PCIE-ID25GF=	Intel XXV710-DA2 10-dual-port 25G NIC	HyperFlex HX Series	nic	layered	HyperFlex	(shared across the line)	HyperFlex shared parts	sku ^HX							
HX-PCIE-ID40GF	Intel XL710 dual-port 40G QSFP+ NIC	HyperFlex HX Series	nic	layered	HyperFlex	(shared across the line)	HyperFlex shared parts	sku ^HX							
HX-PCIE-ID40GF=	Intel XL710 dual-port 40G QSFP+ NIC	HyperFlex HX Series	nic	layered	HyperFlex	(shared across the line)	HyperFlex shared parts	sku ^HX							
HX-PCIE-IQ10GC	Intel X710 Quad-port 10GBase-T NIC	HyperFlex HX Series	nic	layered	HyperFlex	(shared across the line)	HyperFlex shared parts	sku ^HX							
HX-PCIE-IQ10GC=	Intel X710 Quad-port 10GBase-T NIC	HyperFlex HX Series	nic	layered	HyperFlex	(shared across the line)	HyperFlex shared parts	sku ^HX							
HX-PCIE-IQ10GF	Intel X710 quad-port 10G SFP+ NIC	HyperFlex HX Series	nic	layered	HyperFlex	(shared across the line)	HyperFlex shared parts	sku ^HX							
HX-PCIE-IQ10GF=	Intel X710 quad-port 10G SFP+ NIC	HyperFlex HX Series	nic	layered	HyperFlex	(shared across the line)	HyperFlex shared parts	sku ^HX							
HX-PCIE-IRJ45	Intel i350 Quad Port 1Gb Adapter	HyperFlex HX Series	nic	layered	HyperFlex	(shared across the line)	HyperFlex shared parts	sku ^HX							
HX-PCIE-IRJ453	Cisco HX-PCIE-IRJ453	HyperFlex HX Series	nic	layered	HyperFlex	(shared across the line)	HyperFlex shared parts	sku ^HX							
HX-PCIE-IRJ45=	Intel i350 Quad Port 1Gb Adapter	HyperFlex HX Series	nic	layered	HyperFlex	(shared across the line)	HyperFlex shared parts	sku ^HX							
HX-PCIE-OFFLOAD-1	Application Acceleration Engine	HyperFlex HX Series	nic	layered	HyperFlex	(shared across the line)	HyperFlex shared parts	sku ^HX							
HX-PCIE-OFFLOAD-1=	Application Acceleration Engine	HyperFlex HX Series	nic	layered	HyperFlex	(shared across the line)	HyperFlex shared parts	sku ^HX							
HX-PCIE-QD16GF	Qlogic QLE2692 dual-port 16G FC HBA	HyperFlex HX Series	nic	layered	HyperFlex	(shared across the line)	HyperFlex shared parts	sku ^HX							
HX-PCIE-QD16GF=	Qlogic QLE2692 dual-port 16G FC HBA	HyperFlex HX Series	nic	layered	HyperFlex	(shared across the line)	HyperFlex shared parts	sku ^HX							
HX-PCIE-QD25GF	Qlogic QL41212H dual-port 25G NIC	HyperFlex HX Series	nic	layered	HyperFlex	(shared across the line)	HyperFlex shared parts	sku ^HX							
HX-PCIE-QD25GF=	Qlogic QL41212H dual-port 25G NIC	HyperFlex HX Series	nic	layered	HyperFlex	(shared across the line)	HyperFlex shared parts	sku ^HX							
HX-PCIE-QD32GF	Qlogic QLE2742 dual-port 32G FC HBA	HyperFlex HX Series	nic	layered	HyperFlex	(shared across the line)	HyperFlex shared parts	sku ^HX							
HX-PCIE-QD32GF=	Qlogic QLE2742 dual-port 32G FC HBA	HyperFlex HX Series	nic	layered	HyperFlex	(shared across the line)	HyperFlex shared parts	sku ^HX							
HX-PCIF-240M5=2	Cisco HX-PCIF-240M5=2	HyperFlex HX Series	nic	layered	HyperFlex	(none)	HX240c	sku ^(?=HX|UCSC?-|CBL-).*(?<![0-9])240-?M[4-7]							
HX-PCOL-SHRTBRKT	Short Bracket for HX-PCIE-OFFLOAD	HyperFlex HX Series	mechanical	layered	HyperFlex	(shared across the line)	HyperFlex shared parts	sku ^HX							
HX-PCOL-SHRTBRKT=	Short Bracket for HX-PCIE-OFFLOAD	HyperFlex HX Series	mechanical	layered	HyperFlex	(shared across the line)	HyperFlex shared parts	sku ^HX							
HX-PSU-M5BLK=	Cisco HX-PSU-M5BLK=	HyperFlex HX Series	power	layered	HyperFlex	(shared across the line)	HyperFlex shared parts	sku ^HX							
HX-PSU1-1050ELV	Cisco UCS 1050W AC Power Supply for Rack Server Low Line	HyperFlex HX Series	power	layered	HyperFlex	(shared across the line)	HyperFlex shared parts	sku ^HX							
HX-PSU1-1050ELV=	Cisco UCS 1050W AC Power Supply for Rack Server Low Line	HyperFlex HX Series	power	layered	HyperFlex	(shared across the line)	HyperFlex shared parts	sku ^HX							
HX-PSU1-1050W	Cisco UCS 1050W AC Power Supply for Rack Server Platinum	HyperFlex HX Series	power	layered	HyperFlex	(shared across the line)	HyperFlex shared parts	sku ^HX							
HX-PSU1-1050W=	Cisco UCS 1050W AC Power Supply for Rack Server Platinum	HyperFlex HX Series	power	layered	HyperFlex	(shared across the line)	HyperFlex shared parts	sku ^HX							
HX-PSU1-1200W	1200W Titanium power supply for C-Series Servers	HyperFlex HX Series	power	layered	HyperFlex	(shared across the line)	HyperFlex shared parts	sku ^HX							
HX-PSU1-1200W=	Cisco HX-PSU1-1200W=	HyperFlex HX Series	power	layered	HyperFlex	(shared across the line)	HyperFlex shared parts	sku ^HX							
HX-PSU1-1600W	Cisco UCS 1600W AC Power Supply for Rack Server Platinum	HyperFlex HX Series	power	layered	HyperFlex	(shared across the line)	HyperFlex shared parts	sku ^HX							
HX-PSU1-1600W1	Cisco HX-PSU1-1600W1	HyperFlex HX Series	power	layered	HyperFlex	(shared across the line)	HyperFlex shared parts	sku ^HX							
HX-PSU1-1600W=	Cisco UCS 1600W AC Power Supply for Rack Server Platinum	HyperFlex HX Series	power	layered	HyperFlex	(shared across the line)	HyperFlex shared parts	sku ^HX							
HX-PSU1-2300W	Cisco UCS 2300W AC Power Supply for Rack Servers Titanium	HyperFlex HX Series	power	layered	HyperFlex	(shared across the line)	HyperFlex shared parts	sku ^HX							
HX-PSU1-2300W1	Cisco HX-PSU1-2300W1	HyperFlex HX Series	power	layered	HyperFlex	(shared across the line)	HyperFlex shared parts	sku ^HX							
HX-PSU1-2300W3=	Cisco HX-PSU1-2300W3=	HyperFlex HX Series	power	layered	HyperFlex	(shared across the line)	HyperFlex shared parts	sku ^HX							
HX-PSU1-2300W4=	Cisco HX-PSU1-2300W4=	HyperFlex HX Series	power	layered	HyperFlex	(shared across the line)	HyperFlex shared parts	sku ^HX							
HX-PSU1-2300W=	Cisco UCS 2300W AC Power Supply for Rack Servers Titanium	HyperFlex HX Series	power	layered	HyperFlex	(shared across the line)	HyperFlex shared parts	sku ^HX							
HX-PSU1-770W	Cisco UCS 770W AC Power Supply for Rack Server	HyperFlex HX Series	power	layered	HyperFlex	(shared across the line)	HyperFlex shared parts	sku ^HX							
HX-PSU1-770W=	Cisco UCS 770W AC Power Supply for Rack Server	HyperFlex HX Series	power	layered	HyperFlex	(shared across the line)	HyperFlex shared parts	sku ^HX							
HX-PSUF-1050W	UCSC 1050W Power Supply for SD	HyperFlex HX Series	power	layered	HyperFlex	(shared across the line)	HyperFlex shared parts	sku ^HX							
HX-PSUF-1050W=	UCSC 1050W Power Supply for SD	HyperFlex HX Series	power	layered	HyperFlex	(shared across the line)	HyperFlex shared parts	sku ^HX							
HX-PSUV2-1050DC	Cisco UCS 1050W -48V DC Power Supply for Rack Server	HyperFlex HX Series	power	layered	HyperFlex	(shared across the line)	HyperFlex shared parts	sku ^HX							
HX-PSUV2-1050DC=	Cisco UCS 1050W -48V DC Power Supply for Rack Server	HyperFlex HX Series	power	layered	HyperFlex	(shared across the line)	HyperFlex shared parts	sku ^HX							
HX-R1-A100-M5	Riser1 3PCIe slots(x8, x16, x8) For A100	HyperFlex HX Series	accessory	layered	HyperFlex	(shared across the line)	HyperFlex shared parts	sku ^HX							
HX-R1-A100-M5=	Riser1 3PCIe slots(x8, x16, x8) For A100	HyperFlex HX Series	accessory	layered	HyperFlex	(shared across the line)	HyperFlex shared parts	sku ^HX							
HX-R2A-A100-M5	Riser2A 3PCIe slots (x8, x16, x16) For A100	HyperFlex HX Series	accessory	layered	HyperFlex	(shared across the line)	HyperFlex shared parts	sku ^HX							
HX-R2A-A100-M5=	Riser2A 3PCIe slots (x8, x16, x16) For A100	HyperFlex HX Series	accessory	layered	HyperFlex	(shared across the line)	HyperFlex shared parts	sku ^HX							
HX-R2B-A100-M5	Riser2B 3PCIe slot(x8,x16,x8)spprt GPU+NVMe, For A100	HyperFlex HX Series	accessory	layered	HyperFlex	(shared across the line)	HyperFlex shared parts	sku ^HX							
HX-R2B-A100-M5=	Riser2B 3PCIe slot(x8,x16,x8)spprt GPU+NVMe, For A100	HyperFlex HX Series	accessory	layered	HyperFlex	(shared across the line)	HyperFlex shared parts	sku ^HX							
HX-RAID-220M6	Cisco 12G SAS RAID Controller w/4GB FBWC (16 Drv) w/1U Brkt	HyperFlex HX Series	storage-controller	layered	HyperFlex	(none)	HX220c	sku ^(?=HX|UCSC-|CBL-).*(?<![0-9])220-?M[4-7]							
HX-RAID-220M6=	Cisco 12G SAS RAID Controller w/4GB FBWC (16 Drv) w/1U Brkt	HyperFlex HX Series	storage-controller	layered	HyperFlex	(none)	HX220c	sku ^(?=HX|UCSC-|CBL-).*(?<![0-9])220-?M[4-7]							
HX-RAID-M5	Cisco 12G Modular RAID controller with 2GB cache	HyperFlex HX Series	storage-controller	layered	HyperFlex	(shared across the line)	HyperFlex shared parts	sku ^HX							
HX-RAID-M5=	Cisco 12G Modular RAID controller with 2GB cache	HyperFlex HX Series	storage-controller	layered	HyperFlex	(shared across the line)	HyperFlex shared parts	sku ^HX							
HX-RAID-M5HD	Cisco 12G Modular RAID controller with 4GB cache	HyperFlex HX Series	storage-controller	layered	HyperFlex	(shared across the line)	HyperFlex shared parts	sku ^HX							
HX-RAID-M5HD=	Cisco 12G Modular RAID controller with 4GB cache	HyperFlex HX Series	storage-controller	layered	HyperFlex	(shared across the line)	HyperFlex shared parts	sku ^HX							
HX-RAID-M6HD	Cisco M6 12G SAS RAID Controller with 4GB FBWC (32 Drives)	HyperFlex HX Series	storage-controller	layered	HyperFlex	(shared across the line)	HyperFlex shared parts	sku ^HX							
HX-RAID-M6SD	Cisco M6 12G SAS RAID Controller with 4GB FBWC (28 Drives)	HyperFlex HX Series	storage-controller	layered	HyperFlex	(shared across the line)	HyperFlex shared parts	sku ^HX							
HX-RAID-M6SD=	Cisco M6 12G SAS RAID Controller with 4GB FBWC (28 Drives)	HyperFlex HX Series	storage-controller	layered	HyperFlex	(shared across the line)	HyperFlex shared parts	sku ^HX							
HX-RAIL-M6	Ball Bearing Rail Kit for C220 & C240 M6 rack servers	HyperFlex HX Series	mechanical	layered	HyperFlex	(shared across the line)	HyperFlex shared parts	sku ^HX							
HX-RAIL-M6=	Ball Bearing Rail Kit for C220 & C240 M6 rack servers	HyperFlex HX Series	mechanical	layered	HyperFlex	(shared across the line)	HyperFlex shared parts	sku ^HX							
HX-RAIL-NONE	Cisco HX-RAIL-NONE	HyperFlex HX Series	accessory	layered	HyperFlex	(shared across the line)	HyperFlex shared parts	sku ^HX							
HX-RAIL-NONE=	Cisco HX-RAIL-NONE=	HyperFlex HX Series	accessory	layered	HyperFlex	(shared across the line)	HyperFlex shared parts	sku ^HX							
HX-RAILB-M4	Ball Bearing Rail Kit for C220 M4 and C240 M4 rack servers	HyperFlex HX Series	mechanical	layered	HyperFlex	(shared across the line)	HyperFlex shared parts	sku ^HX							
HX-RAILB-M4=	Ball Bearing Rail Kit for C220 & C240 M4 & M5 rack servers	HyperFlex HX Series	mechanical	layered	HyperFlex	(shared across the line)	HyperFlex shared parts	sku ^HX							
HX-RAILF-M4	Friction Rail Kit for C220 M4 rack servers	HyperFlex HX Series	mechanical	layered	HyperFlex	(shared across the line)	HyperFlex shared parts	sku ^HX							
HX-RAILF-M41	Cisco HX-RAILF-M41	HyperFlex HX Series	accessory	layered	HyperFlex	(shared across the line)	HyperFlex shared parts	sku ^HX							
HX-RAILF-M4=	Friction Rail Kit for C220 M4 and M5 rack servers	HyperFlex HX Series	mechanical	layered	HyperFlex	(shared across the line)	HyperFlex shared parts	sku ^HX							
HX-RAILS-M5	Ball Bearing Rail Kit for C240M5 SD Rack Server	HyperFlex HX Series	mechanical	layered	HyperFlex	(shared across the line)	HyperFlex shared parts	sku ^HX							
HX-RAILS-M5=	Ball Bearing Rail Kit for C240M5 SD Rack Server	HyperFlex HX Series	mechanical	layered	HyperFlex	(shared across the line)	HyperFlex shared parts	sku ^HX							
HX-RIS-1-240M5	Riser 1 3PCIe slots (x8, x16, x8); slot 3 req CPU2, For T4	HyperFlex HX Series	io-module	layered	HyperFlex	(none)	HX240c	sku ^(?=HX|UCSC?-|CBL-).*(?<![0-9])240-?M[4-7]							
HX-RIS-1-240M5=	Riser 1 3PCIe slots (x8, x16, x8); slot 3 req CPU2, For T4	HyperFlex HX Series	io-module	layered	HyperFlex	(none)	HX240c	sku ^(?=HX|UCSC?-|CBL-).*(?<![0-9])240-?M[4-7]							
HX-RIS-1B-240M5	Riser 1B 3PCIe slots (x8, x8, x8); all from CPU1, For T4	HyperFlex HX Series	io-module	layered	HyperFlex	(none)	HX240c	sku ^(?=HX|UCSC?-|CBL-).*(?<![0-9])240-?M[4-7]							
HX-RIS-1B-240M5=	Riser 1B 3PCIe slots (x8, x8, x8); all from CPU1, For T4	HyperFlex HX Series	io-module	layered	HyperFlex	(none)	HX240c	sku ^(?=HX|UCSC?-|CBL-).*(?<![0-9])240-?M[4-7]							
HX-RIS-2A-240M5	Riser 2A 3PCIe slots (x8, x16, x16) supports GPU, For T4	HyperFlex HX Series	accessory	layered	HyperFlex	(none)	HX240c	sku ^(?=HX|UCSC?-|CBL-).*(?<![0-9])240-?M[4-7]							
HX-RIS-2A-240M5=	Riser 2A 3PCIe slots (x8, x16, x16) supports GPU, For T4	HyperFlex HX Series	accessory	layered	HyperFlex	(none)	HX240c	sku ^(?=HX|UCSC?-|CBL-).*(?<![0-9])240-?M[4-7]							
HX-RIS-2B-240M5	Riser 2B 3PCIe slot(x8,x16,x8) spprts GPU+rear NVMe, For T4	HyperFlex HX Series	accessory	layered	HyperFlex	(none)	HX240c	sku ^(?=HX|UCSC?-|CBL-).*(?<![0-9])240-?M[4-7]							
HX-RIS-2B-240M5=	Riser 2B 3PCIe slot(x8,x16,x8) spprts GPU+rear NVMe, For T4	HyperFlex HX Series	accessory	layered	HyperFlex	(none)	HX240c	sku ^(?=HX|UCSC?-|CBL-).*(?<![0-9])240-?M[4-7]							
HX-RIS-2C-240M5	Riser 2C 3PCIe slots (3 x8) supports front+rear NVMe, For T4	HyperFlex HX Series	accessory	layered	HyperFlex	(none)	HX240c	sku ^(?=HX|UCSC?-|CBL-).*(?<![0-9])240-?M[4-7]							
HX-RIS-2C-240M5=	Riser 2C 3PCIe slots (3 x8) supports front+rear NVMe, For T4	HyperFlex HX Series	accessory	layered	HyperFlex	(none)	HX240c	sku ^(?=HX|UCSC?-|CBL-).*(?<![0-9])240-?M[4-7]							
HX-RIS-CBL-M5SD	Cisco HX-RIS-CBL-M5SD	HyperFlex HX Series	accessory	layered	HyperFlex	(shared across the line)	HyperFlex shared parts	sku ^HX							
HX-RIS1A-240M6	C240 M6 Riser1A; (x8;x16x, x8); StBkt; (CPU1)	HyperFlex HX Series	accessory	layered	HyperFlex	(none)	HX240c	sku ^(?=HX|UCSC?-|CBL-).*(?<![0-9])240-?M[4-7]							
HX-RIS1A-240M6=	C240 M6 Riser1A; (x8;x16x, x8); StBkt; (CPU1)	HyperFlex HX Series	accessory	layered	HyperFlex	(none)	HX240c	sku ^(?=HX|UCSC?-|CBL-).*(?<![0-9])240-?M[4-7]							
HX-RIS1B-240M6	C240 M6 Riser1B; 2xHDD/SSD; StBkt; (CPU1)	HyperFlex HX Series	accessory	layered	HyperFlex	(none)	HX240c	sku ^(?=HX|UCSC?-|CBL-).*(?<![0-9])240-?M[4-7]							
HX-RIS1B-240M6=	C240 M6 Riser1B; 2xHDD/SSD; StBkt; (CPU1)	HyperFlex HX Series	accessory	layered	HyperFlex	(none)	HX240c	sku ^(?=HX|UCSC?-|CBL-).*(?<![0-9])240-?M[4-7]							
HX-RIS2A-240M6	C240 M6 Riser2A; (x8;x16;x8);StBkt; (CPU2)	HyperFlex HX Series	accessory	layered	HyperFlex	(none)	HX240c	sku ^(?=HX|UCSC?-|CBL-).*(?<![0-9])240-?M[4-7]							
HX-RIS3A-240M6	C240 M6 Riser3A (x8;x8); StBkt; (CPU2)	HyperFlex HX Series	accessory	layered	HyperFlex	(none)	HX240c	sku ^(?=HX|UCSC?-|CBL-).*(?<![0-9])240-?M[4-7]							
HX-RIS3A-240M6=	C240 M6 Riser3A (x8;x8); StBkt; (CPU2)	HyperFlex HX Series	accessory	layered	HyperFlex	(none)	HX240c	sku ^(?=HX|UCSC?-|CBL-).*(?<![0-9])240-?M[4-7]							
HX-RIS3B-240M6	C240 M6 Riser 3B; 2xHDD; StBkt; (CPU2)	HyperFlex HX Series	io-module	layered	HyperFlex	(none)	HX240c	sku ^(?=HX|UCSC?-|CBL-).*(?<![0-9])240-?M[4-7]							
HX-RIS3B-240M6=	C240 M6 Riser 3B; 2xHDD; StBkt; (CPU2)	HyperFlex HX Series	io-module	layered	HyperFlex	(none)	HX240c	sku ^(?=HX|UCSC?-|CBL-).*(?<![0-9])240-?M[4-7]							
HX-RIS3C-240M6	Cisco HX-RIS3C-240M6	HyperFlex HX Series	accessory	layered	HyperFlex	(none)	HX240c	sku ^(?=HX|UCSC?-|CBL-).*(?<![0-9])240-?M[4-7]							
HX-RIS3C-240M6=	Cisco HX-RIS3C-240M6=	HyperFlex HX Series	accessory	layered	HyperFlex	(none)	HX240c	sku ^(?=HX|UCSC?-|CBL-).*(?<![0-9])240-?M[4-7]							
HX-RS1C-240M5SD	Riser 1C 1x16 PCIE slot, 2x Drive slots, microSD	HyperFlex HX Series	io-module	layered	HyperFlex	(none)	HX240c	sku ^(?=HX|UCSC?-|CBL-).*(?<![0-9])240-?M[4-7]							
HX-RS1C-240M5SD=	Riser 1C 1x16 PCIE slot, 2x Drive slots, microSD	HyperFlex HX Series	io-module	layered	HyperFlex	(none)	HX240c	sku ^(?=HX|UCSC?-|CBL-).*(?<![0-9])240-?M[4-7]							
HX-RS2E-240M5SD	Riser 2E 1x16 PCIE slot, 2x Drive slots, no microSD	HyperFlex HX Series	io-module	layered	HyperFlex	(none)	HX240c	sku ^(?=HX|UCSC?-|CBL-).*(?<![0-9])240-?M[4-7]							
HX-RS2E-240M5SD=	Riser 2E 1x16 PCIE slot, 2x Drive slots, no microSD	HyperFlex HX Series	io-module	layered	HyperFlex	(none)	HX240c	sku ^(?=HX|UCSC?-|CBL-).*(?<![0-9])240-?M[4-7]							
HX-RSAS-C240M5x	Cisco HX-RSAS-C240M5x	HyperFlex HX Series	accessory	layered	HyperFlex	(none)	HX240c	sku ^(?=HX|UCSC?-|CBL-).*(?<![0-9])240-?M[4-7]							
HX-SAS-220M6	Cisco 12G SAS HBA for (16 drives) w/1U Brkt	HyperFlex HX Series	storage-controller	layered	HyperFlex	(none)	HX220c	sku ^(?=HX|UCSC-|CBL-).*(?<![0-9])220-?M[4-7]							
HX-SAS-220M6=	Cisco 12G SAS HBA for (16 drives) w/1U Brkt	HyperFlex HX Series	storage-controller	layered	HyperFlex	(none)	HX220c	sku ^(?=HX|UCSC-|CBL-).*(?<![0-9])220-?M[4-7]							
HX-SAS-240M6	Cisco 12G SAS HBA for(16 Drives) w/2U Brkt	HyperFlex HX Series	storage-controller	layered	HyperFlex	(none)	HX240c	sku ^(?=HX|UCSC?-|CBL-).*(?<![0-9])240-?M[4-7]							
HX-SAS-240M6=	Cisco 12G SAS HBA for(16 Drives) w/2U Brkt	HyperFlex HX Series	storage-controller	layered	HyperFlex	(none)	HX240c	sku ^(?=HX|UCSC?-|CBL-).*(?<![0-9])240-?M[4-7]							
HX-SAS-M5	Cisco 12G Modular SAS HBA (max 16 drives)	HyperFlex HX Series	storage-controller	layered	HyperFlex	(shared across the line)	HyperFlex shared parts	sku ^HX							
HX-SAS-M5=	Cisco 12G Modular SAS HBA (max 16 drives)	HyperFlex HX Series	storage-controller	layered	HyperFlex	(shared across the line)	HyperFlex shared parts	sku ^HX							
HX-SAS-M5HD	Cisco 12G Modular SAS HBA for up to 26 drives	HyperFlex HX Series	storage-controller	layered	HyperFlex	(shared across the line)	HyperFlex shared parts	sku ^HX							
HX-SAS-M5HD=	Cisco 12G Modular SAS HBA for up to 26 drives	HyperFlex HX Series	storage-controller	layered	HyperFlex	(shared across the line)	HyperFlex shared parts	sku ^HX							
HX-SAS-M6HD	Cisco M6 12G SAS HBA (32 Drives)	HyperFlex HX Series	storage-controller	layered	HyperFlex	(shared across the line)	HyperFlex shared parts	sku ^HX							
HX-SAS-M6HD=	Cisco M6 12G SAS HBA (32 Drives)	HyperFlex HX Series	storage-controller	layered	HyperFlex	(shared across the line)	HyperFlex shared parts	sku ^HX							
HX-SAS12GHBA	Cisco HX-SAS12GHBA	HyperFlex HX Series	storage-controller	layered	HyperFlex	(shared across the line)	HyperFlex shared parts	sku ^HX							
HX-SAS9460-8I	Cisco 12G 9460-8i Raid controller with 2GB cache	HyperFlex HX Series	storage-controller	layered	HyperFlex	(shared across the line)	HyperFlex shared parts	sku ^HX							
HX-SAS9460-8I=	Cisco 12G 9460-8i Raid controller with 2GB cache	HyperFlex HX Series	storage-controller	layered	HyperFlex	(shared across the line)	HyperFlex shared parts	sku ^HX							
HX-SD-128G	128GB SD Card for UCS servers	HyperFlex HX Series	drive	layered	HyperFlex	(shared across the line)	HyperFlex shared parts	sku ^HX							
HX-SD-128G=	128GB SD Card for UCS servers	HyperFlex HX Series	drive	layered	HyperFlex	(shared across the line)	HyperFlex shared parts	sku ^HX							
HX-SD-32G-S	32GB SD Card for UCS servers	HyperFlex HX Series	drive	layered	HyperFlex	(shared across the line)	HyperFlex shared parts	sku ^HX							
HX-SD-32G-S=	32GB SD Card for UCS servers	HyperFlex HX Series	drive	layered	HyperFlex	(shared across the line)	HyperFlex shared parts	sku ^HX							
HX-SD-64G-S	64GB SD Card for UCS Servers	HyperFlex HX Series	drive	layered	HyperFlex	(shared across the line)	HyperFlex shared parts	sku ^HX							
HX-SD-64G-S=	64GB SD Card for UCS Servers	HyperFlex HX Series	drive	layered	HyperFlex	(shared across the line)	HyperFlex shared parts	sku ^HX							
HX-SD120GBKS4-EV	Cisco HX-SD120GBKS4-EV	HyperFlex HX Series	drive	layered	HyperFlex	(shared across the line)	HyperFlex shared parts	sku ^HX							
HX-SD120GBMS4-EV	120GB 2.5 inch Enterprise Value 6G SATA SSD	HyperFlex HX Series	drive	layered	HyperFlex	(shared across the line)	HyperFlex shared parts	sku ^HX							
HX-SD120GBMS4-EV=	120GB 2.5 inch Enterprise Value 6G SATA SSD	HyperFlex HX Series	drive	layered	HyperFlex	(shared across the line)	HyperFlex shared parts	sku ^HX							
HX-SD120GM1X-EV	120 GB 2.5 inch Enterprise Value 6G SATA SSD	HyperFlex HX Series	drive	layered	HyperFlex	(shared across the line)	HyperFlex shared parts	sku ^HX							
HX-SD120GM1X-EV=	120 GB 2.5 inch Enterprise Value 6G SATA SSD	HyperFlex HX Series	drive	layered	HyperFlex	(shared across the line)	HyperFlex shared parts	sku ^HX							
HX-SD120GM6-EV	120 GB 2.5 inch Enterprise Value 6G SATA SSD	HyperFlex HX Series	drive	layered	HyperFlex	(shared across the line)	HyperFlex shared parts	sku ^HX							
HX-SD120GM6-EV=	120 GB 2.5 inch Enterprise Value 6G SATA SSD	HyperFlex HX Series	drive	layered	HyperFlex	(shared across the line)	HyperFlex shared parts	sku ^HX							
HX-SD16TBKNK9	1.6TB 2.5" Enterprise performance 12GSAS SSD(3DWPD,SED-FIPS)	HyperFlex HX Series	drive	layered	HyperFlex	(shared across the line)	HyperFlex shared parts	sku ^HX							
HX-SD16TBKNK9=	1.6TB 2.5" Enterprise performance 12GSAS SSD(3DWPD,SED-FIPS)	HyperFlex HX Series	drive	layered	HyperFlex	(shared across the line)	HyperFlex shared parts	sku ^HX							
HX-SD16TBMS4-EV	1.6TB 2.5 inch Enterprise Value 6G SATA SSD	HyperFlex HX Series	drive	layered	HyperFlex	(shared across the line)	HyperFlex shared parts	sku ^HX							
HX-SD16TBMS4-EV=	1.6TB 2.5 inch Enterprise Value 6G SATA SSD	HyperFlex HX Series	drive	layered	HyperFlex	(shared across the line)	HyperFlex shared parts	sku ^HX							
HX-SD16TK3X-EP	1.6TB 2.5in Enterprise Performance 12G SAS SSD(3X endurance)	HyperFlex HX Series	drive	layered	HyperFlex	(shared across the line)	HyperFlex shared parts	sku ^HX							
HX-SD16TK3X-EP=	1.6TB 2.5in Enterprise Performance 12G SAS SSD(3X endurance)	HyperFlex HX Series	drive	layered	HyperFlex	(shared across the line)	HyperFlex shared parts	sku ^HX							
HX-SD16TM1X-EV	1.6TB 2.5 inch Enterprise Value 6G SATA SSD	HyperFlex HX Series	drive	layered	HyperFlex	(shared across the line)	HyperFlex shared parts	sku ^HX							
HX-SD16TM1X-EV=	1.6TB 2.5 inch Enterprise Value 6G SATA SSD	HyperFlex HX Series	drive	layered	HyperFlex	(shared across the line)	HyperFlex shared parts	sku ^HX							
HX-SD19T61X-EV	Cisco HX-SD19T61X-EV	HyperFlex HX Series	drive	layered	HyperFlex	(shared across the line)	HyperFlex shared parts	sku ^HX							
HX-SD19T61X-EV=	Cisco HX-SD19T61X-EV=	HyperFlex HX Series	drive	layered	HyperFlex	(shared across the line)	HyperFlex shared parts	sku ^HX							
HX-SD19T6S1X-EV	1.9TB 2.5 inch Enterprise Value 6G SATA SSD	HyperFlex HX Series	drive	layered	HyperFlex	(shared across the line)	HyperFlex shared parts	sku ^HX							
HX-SD19T6S1X-EV=	1.9TB 2.5 inch Enterprise Value 6G SATA SSD	HyperFlex HX Series	drive	layered	HyperFlex	(shared across the line)	HyperFlex shared parts	sku ^HX							
HX-SD19TBEM2NK9=	Cisco HX-SD19TBEM2NK9=	HyperFlex HX Series	drive	layered	HyperFlex	(shared across the line)	HyperFlex shared parts	sku ^HX							
HX-SD19TIS3-EP	1.9TB 2.5in Enterprise performance 6GSATA SSD(3X endurance)	HyperFlex HX Series	drive	layered	HyperFlex	(shared across the line)	HyperFlex shared parts	sku ^HX							
HX-SD19TIS3-EP=	1.9TB 2.5in Enterprise performance 6GSATA SSD(3X endurance)	HyperFlex HX Series	drive	layered	HyperFlex	(shared across the line)	HyperFlex shared parts	sku ^HX							
HX-SD19TM1X-EV	1.9TB 2.5 inch Enterprise Value 6G SATA SSD	HyperFlex HX Series	drive	layered	HyperFlex	(shared across the line)	HyperFlex shared parts	sku ^HX							
HX-SD19TM1X-EV=	1.9TB 2.5 inch Enterprise Value 6G SATA SSD	HyperFlex HX Series	drive	layered	HyperFlex	(shared across the line)	HyperFlex shared parts	sku ^HX							
HX-SD19TM3X-EP	1.9TB 2.5in Enterprise performance 6GSATA SSD(3X endurance)	HyperFlex HX Series	drive	layered	HyperFlex	(shared across the line)	HyperFlex shared parts	sku ^HX							
HX-SD19TS1X-EV	1.9TB 2.5 inch Enterprise Value 12G SAS SSD	HyperFlex HX Series	drive	layered	HyperFlex	(shared across the line)	HyperFlex shared parts	sku ^HX							
HX-SD19TS1X-EV=	1.9TB 2.5 inch Enterprise Value 12G SAS SSD	HyperFlex HX Series	drive	layered	HyperFlex	(shared across the line)	HyperFlex shared parts	sku ^HX							
HX-SD240GBKS4-EV	Cisco HX-SD240GBKS4-EV	HyperFlex HX Series	drive	layered	HyperFlex	(shared across the line)	HyperFlex shared parts	sku ^HX							
HX-SD240GBMS4-EV	240GB 2.5 inch Enterprise Value 6G SATA SSD	HyperFlex HX Series	drive	layered	HyperFlex	(shared across the line)	HyperFlex shared parts	sku ^HX							
HX-SD240GBMS4-EV=	240GB 2.5 inch Enterprise Value 6G SATA SSD	HyperFlex HX Series	drive	layered	HyperFlex	(shared across the line)	HyperFlex shared parts	sku ^HX							
HX-SD32TK3X-EP	3.2TB 2.5in Enterprise Performance 12G SAS SSD(3X endurance)	HyperFlex HX Series	drive	layered	HyperFlex	(shared across the line)	HyperFlex shared parts	sku ^HX							
HX-SD32TK3X-EP=	3.2TB 2.5in Enterprise Performance 12G SAS SSD(3X endurance)	HyperFlex HX Series	drive	layered	HyperFlex	(shared across the line)	HyperFlex shared parts	sku ^HX							
HX-SD32TKB3X-EP=	3.2TB 2.5in Enterprise Performance 12G SAS SSD(3X endurance)	HyperFlex HX Series	drive	layered	HyperFlex	(shared across the line)	HyperFlex shared parts	sku ^HX							
HX-SD32TSB3X-EP=	3.2TB 2.5in Enterprise Performance 12G SAS SSD(3X endurance)	HyperFlex HX Series	drive	layered	HyperFlex	(shared across the line)	HyperFlex shared parts	sku ^HX							
HX-SD38T2HTNK9	Cisco HX-SD38T2HTNK9	HyperFlex HX Series	drive	layered	HyperFlex	(shared across the line)	HyperFlex shared parts	sku ^HX							
HX-SD38T61X-EV	Cisco HX-SD38T61X-EV	HyperFlex HX Series	drive	layered	HyperFlex	(shared across the line)	HyperFlex shared parts	sku ^HX							
HX-SD38T61X-EV=	Cisco HX-SD38T61X-EV=	HyperFlex HX Series	drive	layered	HyperFlex	(shared across the line)	HyperFlex shared parts	sku ^HX							
HX-SD38T6I1X-EV	3.8TB 2.5 inch Enterprise Value 6G SATA SSD	HyperFlex HX Series	drive	layered	HyperFlex	(shared across the line)	HyperFlex shared parts	sku ^HX							
HX-SD38T6I1X-EV=	3.8TB 2.5 inch Enterprise Value 6G SATA SSD	HyperFlex HX Series	drive	layered	HyperFlex	(shared across the line)	HyperFlex shared parts	sku ^HX							
HX-SD38T6S1X-EV	3.8TB 2.5 inch Enterprise Value 6G SATA SSD	HyperFlex HX Series	drive	layered	HyperFlex	(shared across the line)	HyperFlex shared parts	sku ^HX							
HX-SD38T6S1X-EV=	3.8TB 2.5 inch Enterprise Value 6G SATA SSD	HyperFlex HX Series	drive	layered	HyperFlex	(shared across the line)	HyperFlex shared parts	sku ^HX							
HX-SD38TBKNK9	3.8TB 2.5" Enterprise value 12G SAS SSD (1DWPD, SED-FIPS)	HyperFlex HX Series	drive	layered	HyperFlex	(shared across the line)	HyperFlex shared parts	sku ^HX							
HX-SD38TBKNK9=	3.8TB 2.5" Enterprise value 12G SAS SSD (1DWPD, SED-FIPS)	HyperFlex HX Series	drive	layered	HyperFlex	(shared across the line)	HyperFlex shared parts	sku ^HX							
HX-SD38TBMS4-EV	3.8TB 2.5 inch Enterprise Value 6G SATA SSD	HyperFlex HX Series	drive	layered	HyperFlex	(shared across the line)	HyperFlex shared parts	sku ^HX							
HX-SD38TBMS4-EV=	3.8TB 2.5 inch Enterprise Value 6G SATA SSD	HyperFlex HX Series	drive	layered	HyperFlex	(shared across the line)	HyperFlex shared parts	sku ^HX							
HX-SD38TM1X-EV	3.8TB 2.5 inch Enterprise Value 6G SATA SSD	HyperFlex HX Series	drive	layered	HyperFlex	(shared across the line)	HyperFlex shared parts	sku ^HX							
HX-SD38TM1X-EV=	3.8TB 2.5 inch Enterprise Value 6G SATA SSD	HyperFlex HX Series	drive	layered	HyperFlex	(shared across the line)	HyperFlex shared parts	sku ^HX							
HX-SD400G12TX-EP	400GB 2.5in Enterprise Performance 12G SAS SSD(10Xendurance)	HyperFlex HX Series	drive	layered	HyperFlex	(shared across the line)	HyperFlex shared parts	sku ^HX							
HX-SD480G63X-EP	480GB 2.5in Enterprise Performance 6GSATA SSD(3X endurance)	HyperFlex HX Series	drive	layered	HyperFlex	(shared across the line)	HyperFlex shared parts	sku ^HX							
HX-SD480G63X-EP=	480GB 2.5in Enterprise Performance 6GSATA SSD(3X endurance)	HyperFlex HX Series	drive	layered	HyperFlex	(shared across the line)	HyperFlex shared parts	sku ^HX							
HX-SD480G6I1X-EV	480GB 2.5 inch Enterprise Value 6G SATA SSD	HyperFlex HX Series	drive	layered	HyperFlex	(shared across the line)	HyperFlex shared parts	sku ^HX							
HX-SD480G6I1X-EV=	480GB 2.5 inch Enterprise Value 6G SATA SSD	HyperFlex HX Series	drive	layered	HyperFlex	(shared across the line)	HyperFlex shared parts	sku ^HX							
HX-SD480GBIS6-EV	480GB 2.5 inch Enterprise Value 6G SATA SSD	HyperFlex HX Series	drive	layered	HyperFlex	(shared across the line)	HyperFlex shared parts	sku ^HX							
HX-SD480GBIS6-EV=	480GB 2.5 inch Enterprise Value 6G SATA SSD	HyperFlex HX Series	drive	layered	HyperFlex	(shared across the line)	HyperFlex shared parts	sku ^HX							
HX-SD480GIS3-EP	480GB 2.5in Enterprise performance 6GSATA SSD(3X endurance)	HyperFlex HX Series	drive	layered	HyperFlex	(shared across the line)	HyperFlex shared parts	sku ^HX							
HX-SD480GIS3-EP=	480GB 2.5in Enterprise performance 6GSATA SSD(3X endurance)	HyperFlex HX Series	drive	layered	HyperFlex	(shared across the line)	HyperFlex shared parts	sku ^HX							
HX-SD480GM1X-EV	480 GB 2.5 inch Enterprise Value 6G SATA SSD	HyperFlex HX Series	drive	layered	HyperFlex	(shared across the line)	HyperFlex shared parts	sku ^HX							
HX-SD480GM1X-EV=	480 GB 2.5 inch Enterprise Value 6G SATA SSD	HyperFlex HX Series	drive	layered	HyperFlex	(shared across the line)	HyperFlex shared parts	sku ^HX							
HX-SD480GM3X-EP=	480GB 2.5in Enterprise Performance 6GSATA SSD(3X endurance)	HyperFlex HX Series	drive	layered	HyperFlex	(shared across the line)	HyperFlex shared parts	sku ^HX							
HX-SD76T61X-EV	Cisco HX-SD76T61X-EV	HyperFlex HX Series	drive	layered	HyperFlex	(shared across the line)	HyperFlex shared parts	sku ^HX							
HX-SD76T61X-EV=	Cisco HX-SD76T61X-EV=	HyperFlex HX Series	drive	layered	HyperFlex	(shared across the line)	HyperFlex shared parts	sku ^HX							
HX-SD76T6S1X-EV	7.6TB 2.5 inch Enterprise Value 6G SATA SSD	HyperFlex HX Series	drive	layered	HyperFlex	(shared across the line)	HyperFlex shared parts	sku ^HX							
HX-SD76T6S1X-EV=	7.6TB 2.5 inch Enterprise Value 6G SATA SSD	HyperFlex HX Series	drive	layered	HyperFlex	(shared across the line)	HyperFlex shared parts	sku ^HX							
HX-SD76TBEM2NK9	7.6TB Enterprise value SATA SSD (1X, SED)	HyperFlex HX Series	drive	layered	HyperFlex	(shared across the line)	HyperFlex shared parts	sku ^HX							
HX-SD76TBEM2NK9=	7.6TB Enterprise value SATA SSD (1X, SED)	HyperFlex HX Series	drive	layered	HyperFlex	(shared across the line)	HyperFlex shared parts	sku ^HX							
HX-SD76TBKNK9=	Cisco HX-SD76TBKNK9=	HyperFlex HX Series	drive	layered	HyperFlex	(shared across the line)	HyperFlex shared parts	sku ^HX							
HX-SD800G123X-EP	Cisco HX-SD800G123X-EP	HyperFlex HX Series	drive	layered	HyperFlex	(shared across the line)	HyperFlex shared parts	sku ^HX							
HX-SD800GBEK9	800GB Enterprise perforamnce SAS SSD (10X FWPD, SED)	HyperFlex HX Series	drive	layered	HyperFlex	(shared across the line)	HyperFlex shared parts	sku ^HX							
HX-SD800GBENK9	800GB Enterprise perforamnce SAS SSD (10X FWPD, SED)	HyperFlex HX Series	drive	layered	HyperFlex	(shared across the line)	HyperFlex shared parts	sku ^HX							
HX-SD800GBHNK9	Cisco HX-SD800GBHNK9	HyperFlex HX Series	drive	layered	HyperFlex	(shared across the line)	HyperFlex shared parts	sku ^HX							
HX-SD800GBKBNK9	800GB Enterprise Performance SAS SSD (3X FWPD, SED)	HyperFlex HX Series	drive	layered	HyperFlex	(shared across the line)	HyperFlex shared parts	sku ^HX							
HX-SD800GBKBNK9=	800GB Enterprise Performance SAS SSD (3X FWPD, SED)	HyperFlex HX Series	drive	layered	HyperFlex	(shared across the line)	HyperFlex shared parts	sku ^HX							
HX-SD800GBKNK9	800GB 2.5" Enterprise performance 12GSAS SSD(3DWPD,SED-FIPS)	HyperFlex HX Series	drive	layered	HyperFlex	(shared across the line)	HyperFlex shared parts	sku ^HX							
HX-SD800GBKNK9=	800GB 2.5" Enterprise performance 12GSAS SSD(3DWPD,SED-FIPS)	HyperFlex HX Series	drive	layered	HyperFlex	(shared across the line)	HyperFlex shared parts	sku ^HX							
HX-SD800GK3X-EP	800GB 2.5in Enterprise Performance 12G SAS SSD(3X endurance)	HyperFlex HX Series	drive	layered	HyperFlex	(shared across the line)	HyperFlex shared parts	sku ^HX							
HX-SD800GK3X-EP=	800GB 2.5in Enterprise Performance 12G SAS SSD(3X endurance)	HyperFlex HX Series	drive	layered	HyperFlex	(shared across the line)	HyperFlex shared parts	sku ^HX							
HX-SD800GS3X-EP	800GB 2.5in Enterprise Performance 12G SAS SSD(3X endurance)	HyperFlex HX Series	drive	layered	HyperFlex	(shared across the line)	HyperFlex shared parts	sku ^HX							
HX-SD800GS3X-EP=	800GB 2.5in Enterprise Performance 12G SAS SSD(3X endurance)	HyperFlex HX Series	drive	layered	HyperFlex	(shared across the line)	HyperFlex shared parts	sku ^HX							
HX-SD800GSAS3-EP	Cisco HX-SD800GSAS3-EP	HyperFlex HX Series	drive	layered	HyperFlex	(shared across the line)	HyperFlex shared parts	sku ^HX							
HX-SD960G2HTNK9	Cisco HX-SD960G2HTNK9	HyperFlex HX Series	drive	layered	HyperFlex	(shared across the line)	HyperFlex shared parts	sku ^HX							
HX-SD960G61X-EV	Cisco HX-SD960G61X-EV	HyperFlex HX Series	drive	layered	HyperFlex	(shared across the line)	HyperFlex shared parts	sku ^HX							
HX-SD960G61X-EV=	Cisco HX-SD960G61X-EV=	HyperFlex HX Series	drive	layered	HyperFlex	(shared across the line)	HyperFlex shared parts	sku ^HX							
HX-SD960G63X-EP	960GB 2.5in Enterprise performance 6GSATA SSD(3X endurance)	HyperFlex HX Series	drive	layered	HyperFlex	(shared across the line)	HyperFlex shared parts	sku ^HX							
HX-SD960G63X-EP=	960GB 2.5in Enterprise performance 6GSATA SSD(3X endurance)	HyperFlex HX Series	drive	layered	HyperFlex	(shared across the line)	HyperFlex shared parts	sku ^HX							
HX-SD960G6I1X-EV	960GB 2.5 inch Enterprise Value 6G SATA SSD	HyperFlex HX Series	drive	layered	HyperFlex	(shared across the line)	HyperFlex shared parts	sku ^HX							
HX-SD960G6I1X-EV=	960GB 2.5 inch Enterprise Value 6G SATA SSD	HyperFlex HX Series	drive	layered	HyperFlex	(shared across the line)	HyperFlex shared parts	sku ^HX							
HX-SD960G6S1X-EV	960GB 2.5 inch Enterprise Value 6G SATA SSD	HyperFlex HX Series	drive	layered	HyperFlex	(shared across the line)	HyperFlex shared parts	sku ^HX							
HX-SD960G6S1X-EV=	960GB 2.5 inch Enterprise Value 6G SATA SSD	HyperFlex HX Series	drive	layered	HyperFlex	(shared across the line)	HyperFlex shared parts	sku ^HX							
HX-SD960GBHTNK9	960GB Enterprise value SAS SSD (FIPS, 1xDWPD, SED Encrypted)	HyperFlex HX Series	drive	layered	HyperFlex	(shared across the line)	HyperFlex shared parts	sku ^HX							
HX-SD960GBHTNK9=	960GB Enterprise value SAS SSD (FIPS, 1X FWPD, SED)	HyperFlex HX Series	drive	layered	HyperFlex	(shared across the line)	HyperFlex shared parts	sku ^HX							
HX-SD960GBKNK9	960GB 2.5" Enterprise value 12G SAS SSD (1X endurance, FIPS)	HyperFlex HX Series	drive	layered	HyperFlex	(shared across the line)	HyperFlex shared parts	sku ^HX							
HX-SD960GBKNK9=	960GB 2.5" Enterprise value 12G SAS SSD (1X endurance, FIPS)	HyperFlex HX Series	drive	layered	HyperFlex	(shared across the line)	HyperFlex shared parts	sku ^HX							
HX-SD960GBM2NK9	960GB Enterprise value SATA SSD (1X, SED)	HyperFlex HX Series	drive	layered	HyperFlex	(shared across the line)	HyperFlex shared parts	sku ^HX							
HX-SD960GBM2NK9=	960GB Enterprise value SATA SSD (1X, SED)	HyperFlex HX Series	drive	layered	HyperFlex	(shared across the line)	HyperFlex shared parts	sku ^HX							
HX-SD960GBMS4-EV	960GB 2.5 inch Enterprise Value 6G SATA SSD	HyperFlex HX Series	drive	layered	HyperFlex	(shared across the line)	HyperFlex shared parts	sku ^HX							
HX-SD960GBMS4-EV=	960GB 2.5 inch Enterprise Value 6G SATA SSD	HyperFlex HX Series	drive	layered	HyperFlex	(shared across the line)	HyperFlex shared parts	sku ^HX							
HX-SD960GM1X-EV	960GB 2.5 inch Enterprise Value 6G SATA SSD	HyperFlex HX Series	drive	layered	HyperFlex	(shared across the line)	HyperFlex shared parts	sku ^HX							
HX-SD960GM1X-EV=	960GB 2.5 inch Enterprise Value 6G SATA SSD	HyperFlex HX Series	drive	layered	HyperFlex	(shared across the line)	HyperFlex shared parts	sku ^HX							
HX-SD960GM3X-EP	960GB 2.5in Enterprise performance 6GSATA SSD(3X endurance)	HyperFlex HX Series	drive	layered	HyperFlex	(shared across the line)	HyperFlex shared parts	sku ^HX							
HX-SD960GM3X-EP=	960GB 2.5in Enterprise performance 6GSATA SSD(3X endurance)	HyperFlex HX Series	drive	layered	HyperFlex	(shared across the line)	HyperFlex shared parts	sku ^HX							
HX-SD960GMB3X-EP	960GB 2.5in Enterprise performance 6GSATA SSD(3X endurance)	HyperFlex HX Series	drive	layered	HyperFlex	(shared across the line)	HyperFlex shared parts	sku ^HX							
HX-SD960GMB3X-EP=	960GB 2.5in Enterprise performance 6GSATA SSD(3X endurance)	HyperFlex HX Series	drive	layered	HyperFlex	(shared across the line)	HyperFlex shared parts	sku ^HX							
HX-SDB1T9SA1V	1.9TB 2.5in 6G SATA Enter Value 1X Samsung G1PM893A SSD	HyperFlex HX Series	drive	layered	HyperFlex	(shared across the line)	HyperFlex shared parts	sku ^HX							
HX-SDB1T9SA1V=	1.9TB 2.5in 6G SATA Enter Value 1X Samsung G1PM893A SSD	HyperFlex HX Series	drive	layered	HyperFlex	(shared across the line)	HyperFlex shared parts	sku ^HX							
HX-SDB3T8SA1V	3.8TB 2.5in 6G SATA Enter Value 1X Samsung G1PM893A SSD	HyperFlex HX Series	drive	layered	HyperFlex	(shared across the line)	HyperFlex shared parts	sku ^HX							
HX-SDB3T8SA1V=	3.8TB 2.5in 6G SATA Enter Value 1X Samsung G1PM893A SSD	HyperFlex HX Series	drive	layered	HyperFlex	(shared across the line)	HyperFlex shared parts	sku ^HX							
HX-SDB7T6SA1V	7.6TB 2.5in 6G SATA Enter Value 1X Samsung G1PM893A SSD	HyperFlex HX Series	drive	layered	HyperFlex	(shared across the line)	HyperFlex shared parts	sku ^HX							
HX-SDB7T6SA1V=	7.6TB 2.5in 6G SATA Enter Value 1X Samsung G1PM893A SSD	HyperFlex HX Series	drive	layered	HyperFlex	(shared across the line)	HyperFlex shared parts	sku ^HX							
HX-SDB960SA1V	960GB 2.5in 6G SATA Enter Value 1X Samsung G1PM893A SSD	HyperFlex HX Series	drive	layered	HyperFlex	(shared across the line)	HyperFlex shared parts	sku ^HX							
HX-SDB960SA1V=	960GB 2.5in 6G SATA Enter Value 1X Samsung G1PM893A SSD	HyperFlex HX Series	drive	layered	HyperFlex	(shared across the line)	HyperFlex shared parts	sku ^HX							
HX-SP-1P2T	UCS SP Hperflex System 1.2 TB 12G SAS 10K RPM SFF HDD	HyperFlex HX Series	drive	layered	HyperFlex	(none)	HyperFlex bundles and starter packs	sku ^HX-(SP|STD|16)-							
HX-SP-220M5C-E2	UCS SP HX220cHyperflex EDGE System w/1x4214R,4x32GB mem	HyperFlex HX Series	server	layered	HyperFlex	(none)	HyperFlex bundles and starter packs	sku ^HX-(SP|STD|16)-							
HX-SP-NVME-6X1TB	HX NVMe Pak w/1x375GB Optane, 1x1TB NVMe, 6x1TB NVMe	HyperFlex HX Series	bundle	layered	HyperFlex	(none)	HyperFlex bundles and starter packs	sku ^HX-(SP|STD|16)-							
HX-SP-NVME-6X8TB	HX NVMe Pak w/1x375GB Optane, 1x1TB NVMe, 6x8TB NVMe	HyperFlex HX Series	bundle	layered	HyperFlex	(none)	HyperFlex bundles and starter packs	sku ^HX-(SP|STD|16)-							
HX-STD-01A	HX Standard w/1x480GB SAS, 1x240GB SATA, 6x1.2TB SAS	HyperFlex HX Series	bundle	layered	HyperFlex	(none)	HyperFlex bundles and starter packs	sku ^HX-(SP|STD|16)-							
HX-STD-02A	HX Standard w/1x480GB SATA, 1x240GB SATA, 6x1.8TB SAS	HyperFlex HX Series	bundle	layered	HyperFlex	(none)	HyperFlex bundles and starter packs	sku ^HX-(SP|STD|16)-							
HX-STD-03A	HX Standard w/1x1.6TB SAS, 1x240GB SATA, 6x960GB SATA	HyperFlex HX Series	bundle	layered	HyperFlex	(none)	HyperFlex bundles and starter packs	sku ^HX-(SP|STD|16)-							
HX-STD-04A	HX Standard w/1x1.6TB SAS, 1x240GB SATA, 6x3.8TB SATA	HyperFlex HX Series	bundle	layered	HyperFlex	(none)	HyperFlex bundles and starter packs	sku ^HX-(SP|STD|16)-							
HX-STD-05A	HX Standard w/1x1.6tB SAS, 1x240GB SATA, 11x3.8TB SATA	HyperFlex HX Series	bundle	layered	HyperFlex	(none)	HyperFlex bundles and starter packs	sku ^HX-(SP|STD|16)-							
HX-STD-06A	HX Standard w/1x1.6TB SAS, 1x240GB SATA, 15x1.8TB SAS	HyperFlex HX Series	bundle	layered	HyperFlex	(none)	HyperFlex bundles and starter packs	sku ^HX-(SP|STD|16)-							
HX-STD-07A	HX Standard w/1x1.6TB SAS, 1x240GB SATA, 15x1.2TB SAS	HyperFlex HX Series	bundle	layered	HyperFlex	(none)	HyperFlex bundles and starter packs	sku ^HX-(SP|STD|16)-							
HX-STD-08A	HX Standard w/1x1.6TB SAS, 1x240GB SATA, 11x960GB SATA	HyperFlex HX Series	bundle	layered	HyperFlex	(none)	HyperFlex bundles and starter packs	sku ^HX-(SP|STD|16)-							
HX-STD-09A	HX Standard w/1x480GB SATA, 1x240GB SATA, 3x1.2TB SAS	HyperFlex HX Series	bundle	layered	HyperFlex	(none)	HyperFlex bundles and starter packs	sku ^HX-(SP|STD|16)-							
HX-STD-10A	HX Standard w/1x3.2TB SAS, 1x240GB SATA, 6x8TB SATA	HyperFlex HX Series	bundle	layered	HyperFlex	(none)	HyperFlex bundles and starter packs	sku ^HX-(SP|STD|16)-							
HX-STD-12	HX Standard w/1x375GB NVMe, 1x240GB SATA, 6x7.6TB SAS	HyperFlex HX Series	bundle	layered	HyperFlex	(none)	HyperFlex bundles and starter packs	sku ^HX-(SP|STD|16)-							
HX-STD-13	HX Standard w/1x800GB SAS, 1x240GB SATA, 3x2.4TB SAS	HyperFlex HX Series	bundle	layered	HyperFlex	(none)	HyperFlex bundles and starter packs	sku ^HX-(SP|STD|16)-							
HX-SYSTEMDRIVE	Hyperflex Express SYSLOG	HyperFlex HX Series	unknown	pending_plan								class non_product			
HX-TPM-002C	TPM 2.0, TCG, FIPS140-2, CC EAL4+ Certified, for M6 servers	HyperFlex HX Series	tpm	layered	HyperFlex	(shared across the line)	HyperFlex shared parts	sku ^HX							
HX-TPM-002C=	TPM 2.0, TCG, FIPS140-2, CC EAL4+ Certified, for M6 servers	HyperFlex HX Series	tpm	layered	HyperFlex	(shared across the line)	HyperFlex shared parts	sku ^HX							
HX-TPM2-001	Trusted Platform Module 1.2 for UCS (SPI-based)	HyperFlex HX Series	tpm	layered	HyperFlex	(shared across the line)	HyperFlex shared parts	sku ^HX							
HX-TPM2-001=	Trusted Platform Module 1.2 for UCS (SPI-based)	HyperFlex HX Series	tpm	layered	HyperFlex	(shared across the line)	HyperFlex shared parts	sku ^HX							
HX-TPM2-002	Trusted Platform Module 2.0 for UCS servers	HyperFlex HX Series	tpm	layered	HyperFlex	(shared across the line)	HyperFlex shared parts	sku ^HX							
HX-TPM2-002=	Trusted Platform Module 2.0 for UCS servers	HyperFlex HX Series	tpm	layered	HyperFlex	(shared across the line)	HyperFlex shared parts	sku ^HX							
HX-TPM2-002B	Trusted Platform Module2.0 M5 UCS svr (FIPS 140-2 Compliant)	HyperFlex HX Series	tpm	layered	HyperFlex	(shared across the line)	HyperFlex shared parts	sku ^HX							
HX-TPM2-002B-C	Trusted Platform Module2.0 UCS servers(FIPS 140-2 Compliant)	HyperFlex HX Series	tpm	layered	HyperFlex	(shared across the line)	HyperFlex shared parts	sku ^HX							
HX-TPM2-002B-C=	Trusted Platform Module2.0 UCS servers(FIPS 140-2 Compliant)	HyperFlex HX Series	tpm	layered	HyperFlex	(shared across the line)	HyperFlex shared parts	sku ^HX							
HX-TPM2-002B=	Trusted Platform Module2.0 M5 UCS svr (FIPS 140-2 Compliant)	HyperFlex HX Series	tpm	layered	HyperFlex	(shared across the line)	HyperFlex shared parts	sku ^HX							
HX-UCSCM6-MLB	Cisco Hyperflex HX Compute M6 Blade and Rack server MLB	HyperFlex HX Series	bundle	layered	HyperFlex	(shared across the line)	HyperFlex shared parts	sku ^HX							
HX-USBFLSHB-16GB	UCS Servers 16GB Flash USB Drive	HyperFlex HX Series	drive	layered	HyperFlex	(shared across the line)	HyperFlex shared parts	sku ^HX							
HX-USBFLSHB-16GB=	UCS Servers 16GB Flash USB Drive	HyperFlex HX Series	drive	layered	HyperFlex	(shared across the line)	HyperFlex shared parts	sku ^HX							
HX-VIC-MODE	Hyperflex VIC Connectivity Mode	HyperFlex HX Series	nic	layered	HyperFlex	(shared across the line)	HyperFlex shared parts	sku ^HX							
HX220	Cisco HX220	HyperFlex HX Series	server	pending_plan								class non_product			
HX220-M6S-EXP	Cisco HX220-M6S-EXP	HyperFlex HX Series	server	layered	HyperFlex	(none)	HX220c	sku ^(?=HX|UCSC-|CBL-).*(?<![0-9])220-?M[4-7]							
HX220C-BZL-M4	Cisco HX220C-BZL-M4	HyperFlex HX Series	accessory	layered	HyperFlex	(none)	HX220c	sku ^HX(AF)?220C							
HX220C-BZL-M5	HX220C M5 Security Bezel	HyperFlex HX Series	mechanical	layered	HyperFlex	(none)	HX220c	sku ^HX(AF)?220C							
HX220C-BZL-M5=	HX220C M5 Security Bezel	HyperFlex HX Series	mechanical	layered	HyperFlex	(none)	HX220c	sku ^HX(AF)?220C							
HX220C-M4S1	Cisco HX220C-M4S1	HyperFlex HX Series	server	layered	HyperFlex	(none)	HX220c	sku ^HX(AF)?220C							
HX220C-M5SX	Cisco HyperFlex HX220c M5 Node	HyperFlex HX Series	server	layered	HyperFlex	(none)	HX220c	sku ^HX(AF)?220C							
HX220C-M5SX-BR	Cisco HyperFlex HX220c M5 Node	HyperFlex HX Series	server	layered	HyperFlex	(none)	HX220c	sku ^HX(AF)?220C							
HX220C-M5SX1	Cisco HX220C-M5SX1	HyperFlex HX Series	server	layered	HyperFlex	(none)	HX220c	sku ^HX(AF)?220C							
HX220C-M5SX=	Cisco HyperFlex HX220c M5 Node	HyperFlex HX Series	server	layered	HyperFlex	(none)	HX220c	sku ^HX(AF)?220C							
HX220C-M6S	Cisco HyperFlex HX220c M6 Node	HyperFlex HX Series	server	layered	HyperFlex	(none)	HX220c	sku ^HX(AF)?220C							
HX220C-M6S-EXP	Cisco HyperFlex HX220c Express M6 Node	HyperFlex HX Series	server	layered	HyperFlex	(none)	HX220c	sku ^HX(AF)?220C							
HX220C-M6S-EXP3	Cisco HX220C-M6S-EXP3	HyperFlex HX Series	server	layered	HyperFlex	(none)	HX220c	sku ^HX(AF)?220C							
HX220C-M6S=	Cisco HX220C-M6S=	HyperFlex HX Series	server	layered	HyperFlex	(none)	HX220c	sku ^HX(AF)?220C							
HX225	Cisco HX225	HyperFlex HX Series	server	pending_plan								class non_product			
HX225-M6S	Cisco HX225-M6S	HyperFlex HX Series	server	layered	HyperFlex	(none)	HX225c	sku ^(?=HX|CBL-).*(?<![0-9])225-?M[6-7]							
HX225C-M6S-EXP	Cisco HX225C-M6S-EXP	HyperFlex HX Series	server	layered	HyperFlex	(none)	HX225c	sku ^HX(AF)?225C							
HX225C-M6S-EXP2	Cisco HX225C-M6S-EXP2	HyperFlex HX Series	server	layered	HyperFlex	(none)	HX225c	sku ^HX(AF)?225C							
HX240	Cisco HX240	HyperFlex HX Series	server	pending_plan								class non_product			
HX240/HXAF240	Cisco HX240/HXAF240	HyperFlex HX Series	server	pending_plan								class non_product			
HX240C-BZL-M5S	HX240C M5 Security Bezel	HyperFlex HX Series	mechanical	layered	HyperFlex	(none)	HX240c	sku ^HX(AF)?240C							
HX240C-BZL-M5S=	HX240C M5 Security Bezel	HyperFlex HX Series	mechanical	layered	HyperFlex	(none)	HX240c	sku ^HX(AF)?240C							
HX240C-M5L	Cisco HyperFlex HX240c M5 LFF	HyperFlex HX Series	server	layered	HyperFlex	(none)	HX240c	sku ^HX(AF)?240C							
HX240C-M5L-BR	Cisco HyperFlex HX240c M5 LFF	HyperFlex HX Series	server	layered	HyperFlex	(none)	HX240c	sku ^HX(AF)?240C							
HX240C-M5L1	Cisco HX240C-M5L1	HyperFlex HX Series	server	layered	HyperFlex	(none)	HX240c	sku ^HX(AF)?240C							
HX240C-M5L=	Cisco HyperFlex HX240c M5 LFF	HyperFlex HX Series	server	layered	HyperFlex	(none)	HX240c	sku ^HX(AF)?240C							
HX240C-M5SD	Cisco HyperFlex Hybrid Edge 240SD Short Depth M5 system	HyperFlex HX Series	server	layered	HyperFlex	(none)	HX240c	sku ^HX(AF)?240C							
HX240C-M5SD=	Cisco HyperFlex Hybrid Edge 240SD Short Depth M5 system	HyperFlex HX Series	server	layered	HyperFlex	(none)	HX240c	sku ^HX(AF)?240C							
HX240C-M5SX	Cisco HyperFlex HX240c M5 Node	HyperFlex HX Series	server	layered	HyperFlex	(none)	HX240c	sku ^HX(AF)?240C							
HX240C-M5SX-BR	Cisco HyperFlex HX240c M5 Node	HyperFlex HX Series	server	layered	HyperFlex	(none)	HX240c	sku ^HX(AF)?240C							
HX240C-M5SX=	Cisco HyperFlex HX240c M5 Node	HyperFlex HX Series	server	layered	HyperFlex	(none)	HX240c	sku ^HX(AF)?240C							
HX240C-M6L	Cisco HyperFlex HX240c M6 LFF	HyperFlex HX Series	server	layered	HyperFlex	(none)	HX240c	sku ^HX(AF)?240C							
HX240C-M6L1	Cisco HX240C-M6L1	HyperFlex HX Series	server	layered	HyperFlex	(none)	HX240c	sku ^HX(AF)?240C							
HX240C-M6SX	Cisco HyperFlex HX240c M6 Node	HyperFlex HX Series	server	layered	HyperFlex	(none)	HX240c	sku ^HX(AF)?240C							
HX240C-M6SX-EXP	Cisco HyperFlex HX240c Express M6 Node	HyperFlex HX Series	server	layered	HyperFlex	(none)	HX240c	sku ^HX(AF)?240C							
HX240C-M6SX-EXP3	Cisco HX240C-M6SX-EXP3	HyperFlex HX Series	server	layered	HyperFlex	(none)	HX240c	sku ^HX(AF)?240C							
HX240C-M6SX=	Cisco HX240C-M6SX=	HyperFlex HX Series	server	layered	HyperFlex	(none)	HX240c	sku ^HX(AF)?240C							
HX245C-M6SX	Cisco HyperFlex HX245C M6 Node	HyperFlex HX Series	server	layered	HyperFlex	(none)	HX245c	sku ^HX(AF)?245C							
HX245C-M6SX-EXP	Cisco HX245C-M6SX-EXP	HyperFlex HX Series	server	layered	HyperFlex	(none)	HX245c	sku ^HX(AF)?245C							
HX245C-M6SX-EXP2	Cisco HX245C-M6SX-EXP2	HyperFlex HX Series	server	layered	HyperFlex	(none)	HX245c	sku ^HX(AF)?245C							
HX2X0C-M4S	Cisco HX2X0C-M4S	HyperFlex HX Series	server	layered	HyperFlex	(none)	HyperFlex bundles and starter packs	sku ^HX2X0C-							
HX2X0C-M5S	Cisco Hyperconverged System	HyperFlex HX Series	server	layered	HyperFlex	(none)	HyperFlex bundles and starter packs	sku ^HX2X0C-							
HX2X0C-M5S-BR	Cisco Hyperconverged System	HyperFlex HX Series	server	layered	HyperFlex	(none)	HyperFlex bundles and starter packs	sku ^HX2X0C-							
HXAF-E-220M5SX	Cisco HyperFlex All Flash Edge 220 M5 system	HyperFlex HX Series	server	layered	HyperFlex	(none)	HyperFlex Edge	sku ^HX(AF)?-E-							
HXAF-E-220M5SX-BR	Cisco HyperFlex All Flash Edge 220 M5 system	HyperFlex HX Series	server	layered	HyperFlex	(none)	HyperFlex Edge	sku ^HX(AF)?-E-							
HXAF-E-220M6S	Cisco HyperFlex All Flash Edge 220 M6 system	HyperFlex HX Series	server	layered	HyperFlex	(none)	HyperFlex Edge	sku ^HX(AF)?-E-							
HXAF-E-220M6S1	Cisco HXAF-E-220M6S1	HyperFlex HX Series	server	layered	HyperFlex	(none)	HyperFlex Edge	sku ^HX(AF)?-E-							
HXAF-E-225M6S	Cisco HyperFlex All Flash Edge 225 M6 system	HyperFlex HX Series	server	layered	HyperFlex	(none)	HyperFlex Edge	sku ^HX(AF)?-E-							
HXAF-E-225M6S1	Cisco HXAF-E-225M6S1	HyperFlex HX Series	server	layered	HyperFlex	(none)	HyperFlex Edge	sku ^HX(AF)?-E-							
HXAF-E-240-M5SX	Cisco HyperFlex All Flash Edge 240 Full Capacity M5 system	HyperFlex HX Series	server	layered	HyperFlex	(none)	HyperFlex Edge	sku ^HX(AF)?-E-							
HXAF-E-240-M5SX1	Cisco HXAF-E-240-M5SX1	HyperFlex HX Series	server	layered	HyperFlex	(none)	HyperFlex Edge	sku ^HX(AF)?-E-							
HXAF-E-240-M5SX=	VOID; Not Used	HyperFlex HX Series	server	pending_plan								class non_product			
HXAF-E-240-M6SX	Cisco HyperFlex All Flash Edge 240 Full Capacity M6 system	HyperFlex HX Series	server	layered	HyperFlex	(none)	HyperFlex Edge	sku ^HX(AF)?-E-							
HXAF-M5S-HXDP	Cisco HXAF2X0C M5 Hyperflex System	HyperFlex HX Series	server	layered	HyperFlex	(none)	HyperFlex bundles and starter packs	sku ^HX(AF)?-M[0-9]S-HXDP							
HXAF-M5S-HXDP-BR	Cisco HXAF2X0C M5 Hyperflex System	HyperFlex HX Series	server	layered	HyperFlex	(none)	HyperFlex bundles and starter packs	sku ^HX(AF)?-M[0-9]S-HXDP							
HXAF220C-BZL-M4S	HXAF220C M4 Security Bezel	HyperFlex HX Series	mechanical	layered	HyperFlex	(none)	HX220c	sku ^HX(AF)?220C							
HXAF220C-BZL-M4S=	HXAF220C M4 Security Bezel	HyperFlex HX Series	mechanical	layered	HyperFlex	(none)	HX220c	sku ^HX(AF)?220C							
HXAF220C-BZL-M5S	HXAF220C M5 Security Bezel	HyperFlex HX Series	mechanical	layered	HyperFlex	(none)	HX220c	sku ^HX(AF)?220C							
HXAF220C-BZL-M5S=	HXAF220C M5 Security Bezel	HyperFlex HX Series	mechanical	layered	HyperFlex	(none)	HX220c	sku ^HX(AF)?220C							
HXAF220C-BZL-M5SN	HXAF220C M5 All NVMe Security Bezel	HyperFlex HX Series	mechanical	layered	HyperFlex	(none)	HX220c	sku ^HX(AF)?220C							
HXAF220C-BZL-M5SN=	HXAF220C M5 All NVMe Security Bezel	HyperFlex HX Series	mechanical	layered	HyperFlex	(none)	HX220c	sku ^HX(AF)?220C							
HXAF220C-M5SN	Cisco HXAF220c M5 All NVMe Hyperflex System	HyperFlex HX Series	server	layered	HyperFlex	(none)	HX220c	sku ^HX(AF)?220C							
HXAF220C-M5SN=	Cisco HXAF220c M5 All NVMe Hyperflex System	HyperFlex HX Series	server	layered	HyperFlex	(none)	HX220c	sku ^HX(AF)?220C							
HXAF220C-M5SX	Cisco HyperFlex HX220c M5 All Flash Node	HyperFlex HX Series	server	layered	HyperFlex	(none)	HX220c	sku ^HX(AF)?220C							
HXAF220C-M5SX-BR	Cisco HyperFlex HX220c M5 All Flash Node	HyperFlex HX Series	server	layered	HyperFlex	(none)	HX220c	sku ^HX(AF)?220C							
HXAF220C-M5SX=	Cisco HyperFlex HX220c M5 All Flash Node	HyperFlex HX Series	server	layered	HyperFlex	(none)	HX220c	sku ^HX(AF)?220C							
HXAF220C-M6S	Cisco HyperFlex HX220c M6 All Flash Node	HyperFlex HX Series	server	layered	HyperFlex	(none)	HX220c	sku ^HX(AF)?220C							
HXAF220C-M6S-EXP	Cisco HXAF220c M6 All Flash Express M6 Node	HyperFlex HX Series	server	layered	HyperFlex	(none)	HX220c	sku ^HX(AF)?220C							
HXAF220C-M6S-EXP2	Cisco HXAF220C-M6S-EXP2	HyperFlex HX Series	server	layered	HyperFlex	(none)	HX220c	sku ^HX(AF)?220C							
HXAF220C-M6S=	Cisco HXAF220C-M6S=	HyperFlex HX Series	server	layered	HyperFlex	(none)	HX220c	sku ^HX(AF)?220C							
HXAF220C-M6SN	Cisco HXAF220c M6 All NVMe Hyperflex System	HyperFlex HX Series	server	layered	HyperFlex	(none)	HX220c	sku ^HX(AF)?220C							
HXAF220C-M6SN-EXP	^Cisco HXAF220c M6 All NVMe Express M6 Node	HyperFlex HX Series	server	layered	HyperFlex	(none)	HX220c	sku ^HX(AF)?220C							
HXAF220C-M6SN-EXP1	Cisco HXAF220C-M6SN-EXP1	HyperFlex HX Series	server	layered	HyperFlex	(none)	HX220c	sku ^HX(AF)?220C							
HXAF220C-M6SN=	Cisco HXAF220C-M6SN=	HyperFlex HX Series	server	layered	HyperFlex	(none)	HX220c	sku ^HX(AF)?220C							
HXAF220c-M5SX1	Cisco HXAF220c-M5SX1	HyperFlex HX Series	server	layered	HyperFlex	(none)	HX220c	sku ^HX(AF)?220C							
HXAF225-M6S	Cisco HXAF225-M6S	HyperFlex HX Series	server	layered	HyperFlex	(none)	HX225c	sku ^(?=HX|CBL-).*(?<![0-9])225-?M[6-7]							
HXAF225C-M6S	Cisco HyperFlex HX225C M6 All Flash Node	HyperFlex HX Series	server	layered	HyperFlex	(none)	HX225c	sku ^HX(AF)?225C							
HXAF225C-M6S-EXP	Cisco HXAF225C-M6S-EXP	HyperFlex HX Series	server	layered	HyperFlex	(none)	HX225c	sku ^HX(AF)?225C							
HXAF225C-M6S-EXP1	Cisco HXAF225C-M6S-EXP1	HyperFlex HX Series	server	layered	HyperFlex	(none)	HX225c	sku ^HX(AF)?225C							
HXAF240C-BZL-M4SX	HXAF240C M4 Security Bezel	HyperFlex HX Series	mechanical	layered	HyperFlex	(none)	HX240c	sku ^HX(AF)?240C							
HXAF240C-BZL-M4SX=	HXAF240C M4 Security Bezel	HyperFlex HX Series	mechanical	layered	HyperFlex	(none)	HX240c	sku ^HX(AF)?240C							
HXAF240C-BZL-M5SN	HXAF240C M5 All NVMe Security Bezel	HyperFlex HX Series	mechanical	layered	HyperFlex	(none)	HX240c	sku ^HX(AF)?240C							
HXAF240C-BZL-M5SN=	HXAF240C M5 All NVMe Security Bezel	HyperFlex HX Series	mechanical	layered	HyperFlex	(none)	HX240c	sku ^HX(AF)?240C							
HXAF240C-BZL-M5SX	HXAF240C M5 Security Bezel	HyperFlex HX Series	mechanical	layered	HyperFlex	(none)	HX240c	sku ^HX(AF)?240C							
HXAF240C-BZL-M5SX=	HXAF240C M5 Security Bezel	HyperFlex HX Series	mechanical	layered	HyperFlex	(none)	HX240c	sku ^HX(AF)?240C							
HXAF240C-M5SD	Cisco HyperFlex All Flash Edge 240SD Short Depth M5 system	HyperFlex HX Series	server	layered	HyperFlex	(none)	HX240c	sku ^HX(AF)?240C							
HXAF240C-M5SD=	Cisco HyperFlex All Flash Edge 240SD Short Depth M5 system	HyperFlex HX Series	server	layered	HyperFlex	(none)	HX240c	sku ^HX(AF)?240C							
HXAF240C-M5SX	Cisco HyperFlex HX240c M5 All Flash Node	HyperFlex HX Series	server	layered	HyperFlex	(none)	HX240c	sku ^HX(AF)?240C							
HXAF240C-M5SX-BR	Cisco HyperFlex HX240c M5 All Flash Node	HyperFlex HX Series	server	layered	HyperFlex	(none)	HX240c	sku ^HX(AF)?240C							
HXAF240C-M5SX=	Cisco HyperFlex HX240c M5 All Flash Node	HyperFlex HX Series	server	layered	HyperFlex	(none)	HX240c	sku ^HX(AF)?240C							
HXAF240C-M6SN	Cisco HXAF240c M6 All NVMe Hyperflex System	HyperFlex HX Series	server	layered	HyperFlex	(none)	HX240c	sku ^HX(AF)?240C							
HXAF240C-M6SN-EXP	Cisco HXAF240c M6 All NVMe Express M6 Node	HyperFlex HX Series	server	layered	HyperFlex	(none)	HX240c	sku ^HX(AF)?240C							
HXAF240C-M6SX	Cisco HyperFlex HX240c M6 All Flash Node	HyperFlex HX Series	server	layered	HyperFlex	(none)	HX240c	sku ^HX(AF)?240C							
HXAF240C-M6SX-EXP	Cisco HXAF240c M6 All Flash Express M6 Node	HyperFlex HX Series	server	layered	HyperFlex	(none)	HX240c	sku ^HX(AF)?240C							
HXAF240C-M6SX-EXP2	Cisco HXAF240C-M6SX-EXP2	HyperFlex HX Series	server	layered	HyperFlex	(none)	HX240c	sku ^HX(AF)?240C							
HXAF240C-M6SX=	Cisco HXAF240C-M6SX=	HyperFlex HX Series	server	layered	HyperFlex	(none)	HX240c	sku ^HX(AF)?240C							
HXAF245C-M6SX	Cisco HyperFlex HX245C M6 All Flash Node	HyperFlex HX Series	server	layered	HyperFlex	(none)	HX245c	sku ^HX(AF)?245C							
HXAF245C-M6SX-EXP	Cisco HXAF245C-M6SX-EXP	HyperFlex HX Series	server	layered	HyperFlex	(none)	HX245c	sku ^HX(AF)?245C							
HXAF245C-M6SX-EXP1	Cisco HXAF245C-M6SX-EXP1	HyperFlex HX Series	server	layered	HyperFlex	(none)	HX245c	sku ^HX(AF)?245C							
HXAF245C-M6SX-NEW	Cisco HyperFlex HX245C M6 All Flash Node	HyperFlex HX Series	server	layered	HyperFlex	(none)	HX245c	sku ^HX(AF)?245C							
HXAF2X0C-M5S	Cisco Hyperconverged System	HyperFlex HX Series	bundle	layered	HyperFlex	(shared across the line)	HyperFlex shared parts	sku ^HX							
HXAF2X0C-M5S-BR	Cisco Hyperconverged System	HyperFlex HX Series	bundle	layered	HyperFlex	(shared across the line)	HyperFlex shared parts	sku ^HX							
HXE-CPU-A7413	Cisco HXE-CPU-A7413	HyperFlex HX Series	cpu	layered	HyperFlex	(none)	HyperFlex Express	sku ^HXE-							
HXE-CPU-A7543	Cisco HXE-CPU-A7543	HyperFlex HX Series	cpu	layered	HyperFlex	(none)	HyperFlex Express	sku ^HXE-							
HXE-CPU-A7763	Cisco HXE-CPU-A7763	HyperFlex HX Series	cpu	layered	HyperFlex	(none)	HyperFlex Express	sku ^HXE-							
HXE-CPU-I4314	Cisco HX Express Intel4314 2.4GHz/135W 16C/24MB DDR4 2667MHz	HyperFlex HX Series	cpu	layered	HyperFlex	(none)	HyperFlex Express	sku ^HXE-							
HXE-CPU-I5320	Cisco HX Express Intel5320 2.2GHz/185W 26C/39MB DDR4 2933MHz	HyperFlex HX Series	cpu	layered	HyperFlex	(none)	HyperFlex Express	sku ^HXE-							
HXE-CPU-I6326	Cisco HX Express Intel6326 2.9GHz/185W 16C/24MB DDR4 3200MHz	HyperFlex HX Series	cpu	layered	HyperFlex	(none)	HyperFlex Express	sku ^HXE-							
HXE-CPU-I6338	Cisco HX Express Intel6338 2.0GHz/205W 32C/48MB DDR4 3200MHz	HyperFlex HX Series	cpu	layered	HyperFlex	(none)	HyperFlex Express	sku ^HXE-							
HXE-CPU-I6342	Cisco HX Express Intel6342 2.8GHz/230W 24C/36MB DDR4 3200MHz	HyperFlex HX Series	cpu	layered	HyperFlex	(none)	HyperFlex Express	sku ^HXE-							
HXE-CPU-I6348	Cisco HX Express Intel6348 2.6GHz/235W 28C/42MB DDR4 3200MHz	HyperFlex HX Series	cpu	layered	HyperFlex	(none)	HyperFlex Express	sku ^HXE-							
HXE-HD24TB10K4KN	Cisco HX Express 2.4 TB 12G SAS 10K RPM SFF HDD (4K)	HyperFlex HX Series	drive	layered	HyperFlex	(none)	HyperFlex Express	sku ^HXE-							
HXE-MR-X64G2RW	Cisco HX Express 64GB RDIMM DRx4 3200 (16Gb)	HyperFlex HX Series	memory	layered	HyperFlex	(none)	HyperFlex Express	sku ^HXE-							
HXE-NVME4-3840	Cisco HXE-NVME4-3840	HyperFlex HX Series	drive	layered	HyperFlex	(none)	HyperFlex Express	sku ^HXE-							
HXE-NVME4-7680	Cisco HXE-NVME4-7680	HyperFlex HX Series	drive	layered	HyperFlex	(none)	HyperFlex Express	sku ^HXE-							
HXE-NVMEI4-I3840	Cisco HX Express 3.8TB 2.5in U.2 Intel P5500 NVMe HPer MEnd	HyperFlex HX Series	drive	layered	HyperFlex	(none)	HyperFlex Express	sku ^HXE-							
HXE-NVMEI4-I7680	Cisco HX Express 7.6TB 2.5in U.2 Intel P5500 NVMe HPer MEnd	HyperFlex HX Series	drive	layered	HyperFlex	(none)	HyperFlex Express	sku ^HXE-							
HXE-NVMEM6-W15300	Cisco HXE-NVMEM6-W15300	HyperFlex HX Series	drive	layered	HyperFlex	(none)	HyperFlex Express	sku ^HXE-							
HXE-PSU1-1050W	Cisco HX Express 1050W AC Power Supply Rack Server Platinum	HyperFlex HX Series	power	layered	HyperFlex	(none)	HyperFlex Express	sku ^HXE-							
HXE-PSU1-1600W	Cisco HX Express 1600W AC Power Supply Rack Server Platinum	HyperFlex HX Series	power	layered	HyperFlex	(none)	HyperFlex Express	sku ^HXE-							
HXE-PSU1-2300W	Cisco HX Express 2300W AC Power Supply Rack Servers Titanium	HyperFlex HX Series	power	layered	HyperFlex	(none)	HyperFlex Express	sku ^HXE-							
HXE-PSU1-2300W1	Cisco HXE-PSU1-2300W1	HyperFlex HX Series	power	layered	HyperFlex	(none)	HyperFlex Express	sku ^HXE-							
HXE-PSUV2-1050DC	Cisco HXE-PSUV2-1050DC	HyperFlex HX Series	power	layered	HyperFlex	(none)	HyperFlex Express	sku ^HXE-							
HXE-SD38T61X-EV	Cisco HXE-SD38T61X-EV	HyperFlex HX Series	drive	layered	HyperFlex	(none)	HyperFlex Express	sku ^HXE-							
HXE-SD38T6S1X-EV	Cisco HX Express 3.8TB 2.5inch Enterprise Value 6G SATA SSD	HyperFlex HX Series	drive	layered	HyperFlex	(none)	HyperFlex Express	sku ^HXE-							
HXE-SD76T61X-EV	Cisco HXE-SD76T61X-EV	HyperFlex HX Series	drive	layered	HyperFlex	(none)	HyperFlex Express	sku ^HXE-							
HXE-SD76T6S1X-EV	Cisco HX Express 7.6TB 2.5inch Enterprise Value 6G SATA SSD	HyperFlex HX Series	drive	layered	HyperFlex	(none)	HyperFlex Express	sku ^HXE-							
N20-BBLKD	UCS 2.5 inch HDD blanking panel	HyperFlex HX Series	mechanical	pending_plan								move servers-unified-computing			
PACK-QSFP-SFP=	Cisco PACK-QSFP-SFP=	HyperFlex HX Series	power	pending_plan								move servers-unified-computing			
PLHC-EDGEPHXE-M51A	Cisco+ HyperFlex Hybrid Edge 220 M5 system	HyperFlex HX Series	server	layered	HyperFlex	(none)	HyperFlex Edge	name HyperFlex (Hybrid |All Flash )?Edge							
PLHC-FI-D2-RES	Cisco+ Hybrid Cloud Reserve for HX Fabric Interconnect	HyperFlex HX Series	unknown	pending_plan								class non_product			
PLHC-VDIGPHXA-M51A	Cisco+ HyperFlex HX240c M5 All Flash Node VDI-HX	HyperFlex HX Series	server	layered	HyperFlex	(none)	HX240c	name HX240c							
PLHC-VDIGPHXC-M51A	Cisco+ Compute UCS C220 M5 SFF 10 HD VSI-HX	HyperFlex HX Series	server	layered	HyperFlex	(none)	HyperFlex compute-only nodes (C220 / C240 / C480 / B200 / B480)	name Compute UCS (C220|C240|C480|B200|B480)							
PLHC-VSIGPHXA-M51A	Cisco+ HyperFlex HX240c M5 All Flash Node VSI-HX	HyperFlex HX Series	server	layered	HyperFlex	(none)	HX240c	name HX240c							
PLHC-VSIGPHXC-M51A	Cisco+ Compute UCS C220 M5 SFF 10 HD VSI-HX	HyperFlex HX Series	server	layered	HyperFlex	(none)	HyperFlex compute-only nodes (C220 / C240 / C480 / B200 / B480)	name Compute UCS (C220|C240|C480|B200|B480)							
RACK-BLANK-001	Filler panels (qty 12), 1U, plastic, toolless	HyperFlex HX Series	mechanical	pending_plan								move servers-unified-computing			
RACK-CBLMGT-001	Cable mgt D rings (qty 10), metal	HyperFlex HX Series	cable	pending_plan								move servers-unified-computing			
RACK-CBLMGT-011	Cable mgt straps (qty 10), Velcro	HyperFlex HX Series	cable	pending_plan								move servers-unified-computing			
RACK-FASTEN-001	Mounting screws (qty 100), M6	HyperFlex HX Series	mechanical	pending_plan								move servers-unified-computing			
RACK-FASTEN-002	Cage nuts (qty 50), M6	HyperFlex HX Series	mechanical	pending_plan								move servers-unified-computing			
RACK-JOIN-001	Rack joining kit	HyperFlex HX Series	mechanical	pending_plan								move servers-unified-computing			
RACK-UCS1	Cisco RACK-UCS1	HyperFlex HX Series	accessory	layered	HyperFlex	(shared across the line)	HyperFlex shared parts	label HyperFlex HX Series							
RACK-UCS21	Cisco RACK-UCS21	HyperFlex HX Series	accessory	layered	HyperFlex	(shared across the line)	HyperFlex shared parts	label HyperFlex HX Series							
REDO-DG	Cisco REDO-DG	HyperFlex HX Series	unknown	pending_plan								class non_product			
RP208-30-2P-U-2	Cisco RP208-30-2P-U-2	HyperFlex HX Series	pdu	layered	HyperFlex	(shared across the line)	HyperFlex shared parts	label HyperFlex HX Series							
Two-CPU	Cisco Two-CPU	HyperFlex HX Series	unknown	pending_plan								class non_product			
UCS-220CBLMR8=	C220 M4 set of 2 RAID cntrlr cables for 8HDD bckpln chassis	HyperFlex HX Series	cable	pending_plan								move servers-unified-computing			
UCS-220CBLSR8=	C220 M4 set of 2 SATA/SW RAID cables for 8HDD bckpln chassis	HyperFlex HX Series	cable	pending_plan								move servers-unified-computing			
UCS-AMDCBL-C240M5	Cisco UCS-AMDCBL-C240M5	HyperFlex HX Series	cable	layered	HyperFlex	(none)	HX240c	sku ^(?=HX|UCSC?-|CBL-).*(?<![0-9])240-?M[4-7]							
UCS-BBLKD-S2=	Cisco UCS-BBLKD-S2=	HyperFlex HX Series	accessory	layered	HyperFlex	(shared across the line)	HyperFlex shared parts	accessory BBLKD (label HyperFlex HX Series)							
UCS-CPU-LPCVR=	Cisco UCS-CPU-LPCVR=	HyperFlex HX Series	cpu	layered	HyperFlex	(shared across the line)	HyperFlex shared parts	label HyperFlex HX Series							
UCS-DCPMM-AD=	Cisco UCS-DCPMM-AD=	HyperFlex HX Series	non-product	pending_plan								class non_product			
UCS-HD8T7KL4KN	8 TB 12G SAS 7.2K RPM LFF HDD (4K)	HyperFlex HX Series	drive	pending_plan								move servers-unified-computing			
UCS-M10CBL-C240M5	Cisco UCS-M10CBL-C240M5	HyperFlex HX Series	cable	pending_plan								move servers-unified-computing			
UCS-MSTOR-M2=	Cisco UCS-MSTOR-M2=	HyperFlex HX Series	accessory	pending_plan								move servers-unified-computing			
UCS-P100CBL-240M5	Cisco UCS-P100CBL-240M5	HyperFlex HX Series	cable	pending_plan								move servers-unified-computing			
UCS-P40CBL-C240M5	Cisco UCS-P40CBL-C240M5	HyperFlex HX Series	cable	layered	HyperFlex	(none)	HX240c	sku ^(?=HX|UCSC?-|CBL-).*(?<![0-9])240-?M[4-7]							
UCSC-AD-M6L=	Cisco UCSC-AD-M6L=	HyperFlex HX Series	accessory	layered	HyperFlex	(shared across the line)	HyperFlex shared parts	label HyperFlex HX Series							
UCSC-AD-M6LGPU=	Cisco UCSC-AD-M6LGPU=	HyperFlex HX Series	accessory	layered	HyperFlex	(shared across the line)	HyperFlex shared parts	label HyperFlex HX Series							
UCSC-ADGPU-240M6=	Cisco UCSC-ADGPU-240M6=	HyperFlex HX Series	accessory	layered	HyperFlex	(none)	HX240c	sku ^(?=HX|UCSC?-|CBL-).*(?<![0-9])240-?M[4-7]							
UCSC-BAFF-C220M4=	Cisco UCSC-BAFF-C220M4=	HyperFlex HX Series	accessory	layered	HyperFlex	(none)	HX220c	sku ^(?=HX|UCSC-|CBL-).*(?<![0-9])220-?M[4-7]							
UCSC-CMAF-M4	Cisco UCSC-CMAF-M4	HyperFlex HX Series	accessory	layered	HyperFlex	(shared across the line)	HyperFlex shared parts	accessory CMA (label HyperFlex HX Series)							
UCSC-CMAF-M4=	Cisco UCSC-CMAF-M4=	HyperFlex HX Series	accessory	layered	HyperFlex	(shared across the line)	HyperFlex shared parts	accessory CMA (label HyperFlex HX Series)							
UCSC-EARS-C220M4=	Cisco UCSC-EARS-C220M4=	HyperFlex HX Series	accessory	layered	HyperFlex	(none)	HX220c	sku ^(?=HX|UCSC-|CBL-).*(?<![0-9])220-?M[4-7]							
UCSC-FAN-C220M4=	Cisco UCSC-FAN-C220M4=	HyperFlex HX Series	fan	layered	HyperFlex	(none)	HX220c	sku ^(?=HX|UCSC-|CBL-).*(?<![0-9])220-?M[4-7]							
UCSC-FAN-C220M5=	Cisco UCSC-FAN-C220M5=	HyperFlex HX Series	fan	layered	HyperFlex	(none)	HX220c	sku ^(?=HX|UCSC-|CBL-).*(?<![0-9])220-?M[4-7]							
UCSC-FAN-C240M5=	Cisco UCSC-FAN-C240M5=	HyperFlex HX Series	fan	layered	HyperFlex	(none)	HX240c	sku ^(?=HX|UCSC?-|CBL-).*(?<![0-9])240-?M[4-7]							
UCSC-FANR-C240M5=	Cisco UCSC-FANR-C240M5=	HyperFlex HX Series	fan	layered	HyperFlex	(none)	HX240c	sku ^(?=HX|UCSC?-|CBL-).*(?<![0-9])240-?M[4-7]							
UCSC-FBRS-C220	Cisco UCSC-FBRS-C220	HyperFlex HX Series	accessory	layered	HyperFlex	(none)	HX220c	sku ^(?=HX|UCSC-|CBL-).*(?<![A-Z0-9])C220(?![0-9])							
UCSC-HS-C220M4=	Heat sink for UCS C220 M4 rack servers	HyperFlex HX Series	mechanical	pending_plan								move servers-unified-computing			
UCSC-HS-C220M5=	Cisco UCSC-HS-C220M5=	HyperFlex HX Series	accessory	layered	HyperFlex	(none)	HX220c	sku ^(?=HX|UCSC-|CBL-).*(?<![0-9])220-?M[4-7]							
UCSC-HS-C240M5=	Cisco UCSC-HS-C240M5=	HyperFlex HX Series	accessory	layered	HyperFlex	(none)	HX240c	sku ^(?=HX|UCSC?-|CBL-).*(?<![0-9])240-?M[4-7]							
UCSC-HS2-C220M5=	Cisco UCSC-HS2-C220M5=	HyperFlex HX Series	accessory	layered	HyperFlex	(none)	HX220c	sku ^(?=HX|UCSC-|CBL-).*(?<![0-9])220-?M[4-7]							
UCSC-HS2-C240M5=	Cisco UCSC-HS2-C240M5=	HyperFlex HX Series	accessory	layered	HyperFlex	(none)	HX240c	sku ^(?=HX|UCSC?-|CBL-).*(?<![0-9])240-?M[4-7]							
UCSC-HSHP-240M6	Cisco UCSC-HSHP-240M6	HyperFlex HX Series	accessory	layered	HyperFlex	(none)	HX240c	sku ^(?=HX|UCSC?-|CBL-).*(?<![0-9])240-?M[4-7]							
UCSC-HSHP-240M6=	Cisco UCSC-HSHP-240M6=	HyperFlex HX Series	accessory	layered	HyperFlex	(none)	HX240c	sku ^(?=HX|UCSC?-|CBL-).*(?<![0-9])240-?M[4-7]							
UCSC-HSHP-C245M6	Cisco UCSC-HSHP-C245M6	HyperFlex HX Series	accessory	layered	HyperFlex	(none)	HX245c	sku ^(?=UCSC-).*(?<![0-9])245-?M[6-7]							
UCSC-HSHP-C245M6=	Cisco UCSC-HSHP-C245M6=	HyperFlex HX Series	accessory	layered	HyperFlex	(none)	HX245c	sku ^(?=UCSC-).*(?<![0-9])245-?M[6-7]							
UCSC-HSLP-M6	Cisco UCSC-HSLP-M6	HyperFlex HX Series	accessory	layered	HyperFlex	(shared across the line)	HyperFlex shared parts	label HyperFlex HX Series							
UCSC-HSLP-M6=	Cisco UCSC-HSLP-M6=	HyperFlex HX Series	accessory	layered	HyperFlex	(shared across the line)	HyperFlex shared parts	label HyperFlex HX Series							
UCSC-LP-C25-1485=	Cisco UCSC-LP-C25-1485=	HyperFlex HX Series	accessory	pending_plan								move servers-unified-computing			
UCSC-LP-C40-1485=	Cisco UCSC-LP-C40-1485=	HyperFlex HX Series	accessory	pending_plan								move servers-unified-computing			
UCSC-M2EXT-240M6=2	Cisco UCSC-M2EXT-240M6=2	HyperFlex HX Series	drive	layered	HyperFlex	(none)	HX240c	sku ^(?=HX|UCSC?-|CBL-).*(?<![0-9])240-?M[4-7]							
UCSC-MLOM-BLK=	MLOM Blanking Panel	HyperFlex HX Series	memory	pending_plan								move servers-unified-computing			
UCSC-MLOMBLK-M5	Cisco UCSC-MLOMBLK-M5	HyperFlex HX Series	memory	layered	HyperFlex	(shared across the line)	HyperFlex shared parts	label HyperFlex HX Series							
UCSC-MPSTOM6L-KIT=	Cisco UCSC-MPSTOM6L-KIT=	HyperFlex HX Series	accessory	layered	HyperFlex	(shared across the line)	HyperFlex shared parts	label HyperFlex HX Series							
UCSC-PCI-1-C240M5=	Cisco UCSC-PCI-1-C240M5=	HyperFlex HX Series	nic	layered	HyperFlex	(none)	HX240c	sku ^(?=HX|UCSC?-|CBL-).*(?<![0-9])240-?M[4-7]							
UCSC-PCI-2B-240M5=	Cisco UCSC-PCI-2B-240M5=	HyperFlex HX Series	nic	layered	HyperFlex	(none)	HX240c	sku ^(?=HX|UCSC?-|CBL-).*(?<![0-9])240-?M[4-7]							
UCSC-PCIF-01F=	Full height PCIe filler for C-Series	HyperFlex HX Series	nic	pending_plan								move servers-unified-computing			
UCSC-PCIF-240M5=	Cisco UCSC-PCIF-240M5=	HyperFlex HX Series	nic	layered	HyperFlex	(none)	HX240c	sku ^(?=HX|UCSC?-|CBL-).*(?<![0-9])240-?M[4-7]							
UCSC-PSU-BLKP1U=	Cisco UCSC-PSU-BLKP1U=	HyperFlex HX Series	power	layered	HyperFlex	(shared across the line)	HyperFlex shared parts	label HyperFlex HX Series							
UCSC-PSU-BLKP240=	Power Supply Blanking Panel for C240 M4 servers	HyperFlex HX Series	power	pending_plan								move servers-unified-computing			
UCSC-R2R3-C220M6=	Cisco UCSC-R2R3-C220M6=	HyperFlex HX Series	accessory	pending_plan								move servers-unified-computing			
UCSC-RAILB-M4	Cisco UCSC-RAILB-M4	HyperFlex HX Series	accessory	pending_plan								move servers-unified-computing			
UCSC-RAILF-M4=	Cisco UCSC-RAILF-M4=	HyperFlex HX Series	accessory	pending_plan								move servers-unified-computing			
UCSC-RIS1B-240M6	Cisco UCSC-RIS1B-240M6	HyperFlex HX Series	accessory	layered	HyperFlex	(none)	HX240c	sku ^(?=HX|UCSC?-|CBL-).*(?<![0-9])240-?M[4-7]							
UCSC-RIS1B-240M6=	Cisco UCSC-RIS1B-240M6=	HyperFlex HX Series	accessory	layered	HyperFlex	(none)	HX240c	sku ^(?=HX|UCSC?-|CBL-).*(?<![0-9])240-?M[4-7]							
UCSC-RIS2A-240M6=	Cisco UCSC-RIS2A-240M6=	HyperFlex HX Series	accessory	pending_plan								move servers-unified-computing			
UCSC-RNVME-240M5=	Cisco UCSC-RNVME-240M5=	HyperFlex HX Series	accessory	layered	HyperFlex	(none)	HX240c	sku ^(?=HX|UCSC?-|CBL-).*(?<![0-9])240-?M[4-7]							
UCSC-RSAS-240M5X=	Cisco UCSC-RSAS-240M5X=	HyperFlex HX Series	accessory	layered	HyperFlex	(none)	HX240c	sku ^(?=HX|UCSC?-|CBL-).*(?<![0-9])240-?M[4-7]							
UCSC-RSAS-C240M5=	Cisco UCSC-RSAS-C240M5=	HyperFlex HX Series	accessory	layered	HyperFlex	(none)	HX240c	sku ^(?=HX|UCSC?-|CBL-).*(?<![0-9])240-?M[4-7]							
UCSC-SATA-KIT-M5=	Cisco UCSC-SATA-KIT-M5=	HyperFlex HX Series	accessory	layered	HyperFlex	(shared across the line)	HyperFlex shared parts	label HyperFlex HX Series							
UCSC-SATAIN-220M5=	Cisco UCSC-SATAIN-220M5=	HyperFlex HX Series	unknown	layered	HyperFlex	(none)	HX220c	sku ^(?=HX|UCSC-|CBL-).*(?<![0-9])220-?M[4-7]							
UCSC-XRAIDR-220M5=	Cisco UCSC-XRAIDR-220M5=	HyperFlex HX Series	accessory	layered	HyperFlex	(none)	HX220c	sku ^(?=HX|UCSC-|CBL-).*(?<![0-9])220-?M[4-7]							
UCSD5	Cisco UCSD5	HyperFlex HX Series	unknown	pending_plan								class non_product			
UCSD8	Cisco UCSD8	HyperFlex HX Series	unknown	pending_plan								class non_product			
UCSX-TPM2-002B-C=	Cisco UCSX-TPM2-002B-C=	HyperFlex HX Series	tpm	layered	HyperFlex	(shared across the line)	HyperFlex shared parts	label HyperFlex HX Series							
UTP/RJ45	Cisco UTP/RJ45	HyperFlex HX Series	unknown	pending_plan								class non_product			
XDACBL1M	Cisco XDACBL1M	HyperFlex HX Series	cable	layered	HyperFlex	(shared across the line)	HyperFlex shared parts	label HyperFlex HX Series							
XDACBL3M	Cisco XDACBL3M	HyperFlex HX Series	cable	layered	HyperFlex	(shared across the line)	HyperFlex shared parts	label HyperFlex HX Series							
XDACBL5M	Cisco XDACBL5M	HyperFlex HX Series	cable	layered	HyperFlex	(shared across the line)	HyperFlex shared parts	label HyperFlex HX Series							
