sku	name	series_label	kind	bucket	product_line	product_family	series	placed_by	deploy_role	role_rule	role_issue	plan	belongs	label_evidence
1210CE	Cisco 1210CE	Secure Firewall 1200 Series	firewall	layered	Secure Firewall and Firepower		Secure Firewall 1200	sku ^12[0-9]0C[EPX]						
1210CP	Cisco 1210CP	Secure Firewall 1200 Series	firewall	layered	Secure Firewall and Firepower		Secure Firewall 1200	sku ^12[0-9]0C[EPX]						
1220CX	Cisco 1220CX	Secure Firewall 1200 Series	firewall	layered	Secure Firewall and Firepower		Secure Firewall 1200	sku ^12[0-9]0C[EPX]						
5515-X	Cisco 5515-X	ASA 5500 Series Next Generation	firewall	pending_plan								class non_product		
5525-X	Cisco 5525-X	ASA 5500 Series Next Generation	firewall	pending_plan								class non_product		
5545-X	Cisco 5545-X	ASA 5500 Series Next Generation	firewall	pending_plan								class non_product		
71XX-PA-SM-BLANK	Cisco 7160 Port Adapter and Service Module blank face plate	FirePOWER 7000 Appliances	accessory	layered	Secure Firewall and Firepower	(shared across the line)	Secure Firewall and Firepower shared parts	accessory BLANK (label FirePOWER 7000 Appliances)						
AIM-DES/BP	DES Crypto AIM for Cisco 2600 - Base Performance	FirePOWER 7000 Appliances	module	pending_plan								move interfaces-modules		
AMP-S800GK3X-EP	Cisco Secure Endpoint Cloud 800GB SSD	Fireamp Endpoints	drive	layered	Secure Endpoint Private Cloud		Secure Endpoint (AMP) private cloud appliances	sku ^AMP-S						
AMP-S800GK3X-EP=	Cisco AMP Cloud 800GB SSD	Fireamp Endpoints	drive	layered	Secure Endpoint Private Cloud		Secure Endpoint (AMP) private cloud appliances	sku ^AMP-S						
AMP-S800GS3X-EP	Cisco Secure Endpoint Cloud 800GB SSD	Fireamp Endpoints	drive	layered	Secure Endpoint Private Cloud		Secure Endpoint (AMP) private cloud appliances	sku ^AMP-S						
AMP-S800GS3X-EP=	Cisco Secure Endpoint Cloud 800GB SSD	Fireamp Endpoints	drive	layered	Secure Endpoint Private Cloud		Secure Endpoint (AMP) private cloud appliances	sku ^AMP-S						
AMP7150-K9	Cisco FirePOWER AMP7150, 1U, 4 Port Copper and 8 SFP Ports	FirePOWER 8000 Appliances	ips	layered	Secure Firewall and Firepower		FirePOWER 7000 / 8000 (legacy)	sku ^AMP[78][0-9]{3}						
AMP8300-STK40G-K9	Cisco 40G Stacking Kit for AMP 8300 Series	FirePOWER 8000 Appliances	mechanical	layered	Secure Firewall and Firepower		FirePOWER 7000 / 8000 (legacy)	sku ^AMP[78][0-9]{3}						
AMP8300-STK40G-K9=	Cisco 40G Stacking Kit for AMP 8300 Series	FirePOWER 8000 Appliances	mechanical	layered	Secure Firewall and Firepower		FirePOWER 7000 / 8000 (legacy)	sku ^AMP[78][0-9]{3}						
AMP8350-K9	Cisco FirePOWER AMP8350 Chassis, 2U, 7 Slots	FirePOWER 8000 Appliances	ips	layered	Secure Firewall and Firepower		FirePOWER 7000 / 8000 (legacy)	sku ^AMP[78][0-9]{3}						
AMP8360-K9	Cisco FirePOWER AMP8360 Chassis, 4U, 6 Slots (40Gbps Ready)	FirePOWER 8000 Appliances	ips	layered	Secure Firewall and Firepower		FirePOWER 7000 / 8000 (legacy)	sku ^AMP[78][0-9]{3}						
AMP8370-K9	Cisco FirePOWER AMP8370 Chassis, 6U, 5 Slots (40Gbps Ready)	FirePOWER 8000 Appliances	ips	layered	Secure Firewall and Firepower		FirePOWER 7000 / 8000 (legacy)	sku ^AMP[78][0-9]{3}						
AMP8390-K9	Cisco FirePOWER AMP8390 Chassis, 8U, 4 Slots (40Gbps Ready)	FirePOWER 8000 Appliances	ips	layered	Secure Firewall and Firepower		FirePOWER 7000 / 8000 (legacy)	sku ^AMP[78][0-9]{3}						
AMPPC-10G-NIC	Cisco Secure Endpoint Cloud X710 quad-port 10G SFP+ NIC	Fireamp Endpoints	nic	layered	Secure Endpoint Private Cloud		Secure Endpoint (AMP) private cloud appliances	sku ^AMPPC						
AMPPC-3000-K9	Cisco AMP Private Cloud Appliance - 3000 Model	Secure Endpoint Private Cloud	management	layered	Secure Endpoint Private Cloud		Secure Endpoint (AMP) private cloud appliances	sku ^AMPPC						
AMPPC-AC-1050	Cisco Secure Endpoint Cloud 1050W AC Power Supply	Fireamp Endpoints	power	layered	Secure Endpoint Private Cloud		Secure Endpoint (AMP) private cloud appliances	sku ^AMPPC						
AMPPC-AC-1050=	Cisco Secure Endpoint Cloud 1050W AC Power Supply	Fireamp Endpoints	power	layered	Secure Endpoint Private Cloud		Secure Endpoint (AMP) private cloud appliances	sku ^AMPPC						
AMPPC-CPU-6126	Cisco Secure Endpoint Cloud 2.6 GHz 6126,19.25MBCache,12Core	Fireamp Endpoints	cpu	layered	Secure Endpoint Private Cloud		Secure Endpoint (AMP) private cloud appliances	sku ^AMPPC						
AMPPC-CPU-I6226	Cisco Secure Endpoint Cloud 2.7GHz 6226,19.25MBCache,12 Core	Fireamp Endpoints	cpu	layered	Secure Endpoint Private Cloud		Secure Endpoint (AMP) private cloud appliances	sku ^AMPPC						
AMPPC-DM-2X-R	Cisco Secure Endpoint Cloud Rear Drive Module - 2 Slot	Fireamp Endpoints	accessory	layered	Secure Endpoint Private Cloud		Secure Endpoint (AMP) private cloud appliances	sku ^AMPPC						
AMPPC-HDD-1.2TB	Cisco Secure Endpoint Cloud 1.2TB Hard Drive	Fireamp Endpoints	drive	layered	Secure Endpoint Private Cloud		Secure Endpoint (AMP) private cloud appliances	sku ^AMPPC						
AMPPC-HDD-1.2TB=	Cisco Secure Endpoint Cloud 1.2TB Hard Drive	Fireamp Endpoints	drive	layered	Secure Endpoint Private Cloud		Secure Endpoint (AMP) private cloud appliances	sku ^AMPPC						
AMPPC-HDD-1.8TB	Cisco Secure Endpoint Cloud 1.8TB Hard Drive	Fireamp Endpoints	drive	layered	Secure Endpoint Private Cloud		Secure Endpoint (AMP) private cloud appliances	sku ^AMPPC						
AMPPC-HDD-1.8TB=	Cisco Secure Endpoint Cloud 1.8TB Hard Drive	Fireamp Endpoints	drive	layered	Secure Endpoint Private Cloud		Secure Endpoint (AMP) private cloud appliances	sku ^AMPPC						
AMPPC-MEM-64GB	Cisco Secure Endpoint 64GB DDR4 RAM (2400Mhz/PC4-19200/1.2v)	Fireamp Endpoints	memory	layered	Secure Endpoint Private Cloud		Secure Endpoint (AMP) private cloud appliances	sku ^AMPPC						
AMPPC-MEM-A-64GB	Cisco Secure Endpoint 64GB DDR4 RAM (3200Mhz/PC4-19200/1.2v)	Fireamp Endpoints	memory	layered	Secure Endpoint Private Cloud		Secure Endpoint (AMP) private cloud appliances	sku ^AMPPC						
AMPPC-MEM-X-64GB	Cisco Secure Endpoint 64GB DDR4 RAM (2400Mhz/PC4-19200/1.2v)	Fireamp Endpoints	memory	layered	Secure Endpoint Private Cloud		Secure Endpoint (AMP) private cloud appliances	sku ^AMPPC						
AMPPC-PCIE	Cisco Secure Endpoint Cloud PCIe Card	Fireamp Endpoints	compute	layered	Secure Endpoint Private Cloud		Secure Endpoint (AMP) private cloud appliances	sku ^AMPPC						
AMPPC-RAID-12G	Cisco AMP Cloud 12G Modular RAID controller with 4GB cache	Fireamp Endpoints	storage-controller	layered	Secure Endpoint Private Cloud		Secure Endpoint (AMP) private cloud appliances	sku ^AMPPC						
AMPPC-SSD-800GB	Cisco Secure Endpoint Cloud 800GB SSD	Fireamp Endpoints	drive	layered	Secure Endpoint Private Cloud		Secure Endpoint (AMP) private cloud appliances	sku ^AMPPC						
AMPPC-SSD-800GB=	Cisco Secure Endpoint Cloud 800GB SSD	Fireamp Endpoints	drive	layered	Secure Endpoint Private Cloud		Secure Endpoint (AMP) private cloud appliances	sku ^AMPPC						
AMPPC-TPM-2.0	Cisco Secure Endpoint Cloud Trusted Platform Module 2.0	Fireamp Endpoints	tpm	layered	Secure Endpoint Private Cloud		Secure Endpoint (AMP) private cloud appliances	sku ^AMPPC						
AMPPC3000-K9	Cisco Secure Endpoint Private Cloud Appliance - 3000 Model	Fireamp Endpoints	management	layered	Secure Endpoint Private Cloud		Secure Endpoint (AMP) private cloud appliances	sku ^AMPPC						
ASA-180W-PWR-AC=	Cisco ASA 180W AC power supply	ASA 5500 Series Next Generation	power	layered	ASA and ISA	(shared across the line)	ASA and ISA shared parts	sku ^ASA						
ASA-5506	Cisco ASA-5506	ASA 5500 Series Next Generation	firewall	layered	ASA and ISA		ASA 5500-X (5506 / 5508 / 5512 / 5515 / 5516 / 5525 / 5545 / 5555)	sku ^ASA-?55(0[68]|1[256]|25|45|55)						
ASA-5508	Cisco ASA-5508	ASA 5500 Series Next Generation	firewall	layered	ASA and ISA		ASA 5500-X (5506 / 5508 / 5512 / 5515 / 5516 / 5525 / 5545 / 5555)	sku ^ASA-?55(0[68]|1[256]|25|45|55)						
ASA-5516	Cisco ASA-5516	ASA 5500 Series Next Generation	firewall	layered	ASA and ISA		ASA 5500-X (5506 / 5508 / 5512 / 5515 / 5516 / 5525 / 5545 / 5555)	sku ^ASA-?55(0[68]|1[256]|25|45|55)						
ASA-5525	Cisco ASA-5525	ASA 5500 Series Next Generation	firewall	layered	ASA and ISA		ASA 5500-X (5506 / 5508 / 5512 / 5515 / 5516 / 5525 / 5545 / 5555)	sku ^ASA-?55(0[68]|1[256]|25|45|55)						
ASA-5545	Cisco ASA-5545	ASA 5500 Series Next Generation	firewall	layered	ASA and ISA		ASA 5500-X (5506 / 5508 / 5512 / 5515 / 5516 / 5525 / 5545 / 5555)	sku ^ASA-?55(0[68]|1[256]|25|45|55)						
ASA-5555	Cisco ASA-5555	ASA 5500 Series Next Generation	firewall	layered	ASA and ISA		ASA 5500-X (5506 / 5508 / 5512 / 5515 / 5516 / 5525 / 5545 / 5555)	sku ^ASA-?55(0[68]|1[256]|25|45|55)						
ASA-BRACKETS=	Cisco ASA 5512-X, 5515-X, 5525-X brackets for rack mounting	ASA 5500 Series Next Generation	mechanical	layered	ASA and ISA	(shared across the line)	ASA and ISA shared parts	sku ^ASA						
ASA-CX10-INC-K8	ASA 5585-X CX SSP-10 with 8GE, DES	ASA 5500 Series Next Generation	security-module	layered	ASA and ISA	(shared across the line)	ASA and ISA shared parts	sku ^ASA						
ASA-CX20-INC-K8	ASA 5585-X CX SSP-20 with 8GE, DES	ASA 5500 Series Next Generation	security-module	layered	ASA and ISA	(shared across the line)	ASA and ISA shared parts	sku ^ASA						
ASA-CX40-INC-K8	ASA 5585-X CX SSP-40 with 6GE,4SFP+, DES	ASA 5500 Series Next Generation	security-module	layered	ASA and ISA	(shared across the line)	ASA and ISA shared parts	sku ^ASA						
ASA-CX60-INC-K8	ASA 5585-X CX SSP-60 with 6GE,4SFP+, DES	ASA 5500 Series Next Generation	security-module	layered	ASA and ISA	(shared across the line)	ASA and ISA shared parts	sku ^ASA						
ASA-HD-BLANK	^ASA 5512-X - 5555-X Hard Drive Blank Slot Cover	5500-X ASA with Firepower	mechanical	layered	ASA and ISA	(shared across the line)	ASA and ISA shared parts	sku ^ASA						
ASA-HD-BLANK=	^ASA 5512-X - 5555-X Hard Drive Blank Slot Cover (Spare)	ASA 5500 Series Next Generation	mechanical	layered	ASA and ISA	(shared across the line)	ASA and ISA shared parts	sku ^ASA						
ASA-IC-6GE-CU-A	Cisco ASA Interface Card with 6 copper Gigabit Ethernet data ports for ASA 5512-X and ASA 5515-X	ASA 5500 Series Next Generation	module	layered	ASA and ISA	(shared across the line)	ASA and ISA shared parts	sku ^ASA						
ASA-IC-6GE-CU-A=	Cisco ASA Interface Card with 6 copper Gigabit Ethernet data ports for ASA 5512-X and ASA 5515-X (spare)	ASA 5500 Series Next Generation	module	layered	ASA and ISA	(shared across the line)	ASA and ISA shared parts	sku ^ASA						
ASA-IC-6GE-CU-B	Cisco ASA Interface Card with 6 copper Gigabit Ethernet data ports for ASA 5525-X	ASA 5500 Series Next Generation	module	layered	ASA and ISA	(shared across the line)	ASA and ISA shared parts	sku ^ASA						
ASA-IC-6GE-CU-B=	Cisco ASA Interface Card with 6 copper Gigabit Ethernet data ports for ASA 5525-X (spare)	ASA 5500 Series Next Generation	module	layered	ASA and ISA	(shared across the line)	ASA and ISA shared parts	sku ^ASA						
ASA-IC-6GE-CU-C	Cisco ASA Interface Card with 6 copper Gigabit Ethernet data ports for ASA 5545-X and ASA 5555-X	ASA 5500 Series Next Generation	module	layered	ASA and ISA	(shared across the line)	ASA and ISA shared parts	sku ^ASA						
ASA-IC-6GE-CU-C=	Cisco ASA Interface Card with 6 copper Gigabit Ethernet data ports for ASA 5545-X and ASA 5555-X (spare)	ASA 5500 Series Next Generation	module	layered	ASA and ISA	(shared across the line)	ASA and ISA shared parts	sku ^ASA						
ASA-IC-6GE-SFP-A	Cisco ASA Interface Card with 6 SFP Gigabit Ethernet data ports (SX, LH, LX) for ASA 5512-X and ASA 5515-X	ASA 5500 Series Next Generation	module	layered	ASA and ISA	(shared across the line)	ASA and ISA shared parts	sku ^ASA						
ASA-IC-6GE-SFP-A=	Cisco ASA Interface Card with 6 SFP Gigabit Ethernet data ports (SX, LH, LX) for ASA 5512-X and ASA 5515-X (spare)	ASA 5500 Series Next Generation	module	layered	ASA and ISA	(shared across the line)	ASA and ISA shared parts	sku ^ASA						
ASA-IC-6GE-SFP-B	Cisco ASA Interface Card with 6 SFP Gigabit Ethernet data ports (SX, LH, LX) for ASA 5525-X	ASA 5500 Series Next Generation	module	layered	ASA and ISA	(shared across the line)	ASA and ISA shared parts	sku ^ASA						
ASA-IC-6GE-SFP-B=	Cisco ASA Interface Card with 6 SFP Gigabit Ethernet data ports (SX, LH, LX) for ASA 5525-X (spare)	ASA 5500 Series Next Generation	module	layered	ASA and ISA	(shared across the line)	ASA and ISA shared parts	sku ^ASA						
ASA-IC-6GE-SFP-C	Cisco ASA Interface Card with 6 SFP Gigabit Ethernet data ports (SX, LH, LX) for ASA 5545-X and ASA 5555-X	ASA 5500 Series Next Generation	module	layered	ASA and ISA	(shared across the line)	ASA and ISA shared parts	sku ^ASA						
ASA-IC-6GE-SFP-C=	Cisco ASA Interface Card with 6 SFP Gigabit Ethernet data ports (SX, LH, LX) for ASA 5545-X and ASA 5555-X (spare)	ASA 5500 Series Next Generation	module	layered	ASA and ISA	(shared across the line)	ASA and ISA shared parts	sku ^ASA						
ASA-IC-6GECU-INC-B	^ASA 5525-X Intf. Card 6-port 10/100/1000 (Incl. w/ Bundle)	5500-X ASA with Firepower	module	layered	ASA and ISA	(shared across the line)	ASA and ISA shared parts	sku ^ASA						
ASA-IC-6GECU-INC-C	^ASA 5545-X/5555-X Intf Card 6-port 10/100/1000 (Incl w/ Bdl)	5500-X ASA with Firepower	module	layered	ASA and ISA	(shared across the line)	ASA and ISA shared parts	sku ^ASA						
ASA-IC-A-BLANK	^ASA 5512-X/5515-X Interface Card Blank Slot Cover	5500-X ASA with Firepower	mechanical	layered	ASA and ISA	(shared across the line)	ASA and ISA shared parts	sku ^ASA						
ASA-IC-A-BLANK=	^ASA 5512-X/5515-X Interface Card Blank Slot Cover(Spare)	5500-X ASA with Firepower	mechanical	layered	ASA and ISA	(shared across the line)	ASA and ISA shared parts	sku ^ASA						
ASA-IC-B-BLANK	^ASA 5525-X Interface Card Blank Slot Cover	5500-X ASA with Firepower	mechanical	layered	ASA and ISA	(shared across the line)	ASA and ISA shared parts	sku ^ASA						
ASA-IC-B-BLANK=	^ASA 5525-X Interface Card Blank Slot Cover (Spare)	ASA 5500 Series Next Generation	mechanical	layered	ASA and ISA	(shared across the line)	ASA and ISA shared parts	sku ^ASA						
ASA-IC-C-BLANK	^ASA 5545-X/5555-X Interface Card Blank Slot Cover	5500-X ASA with Firepower	mechanical	layered	ASA and ISA	(shared across the line)	ASA and ISA shared parts	sku ^ASA						
ASA-IC-C-BLANK=	^ASA 5545-X/5555-X Interface Card Blank Slot Cover (Spare)	ASA 5500 Series Next Generation	mechanical	layered	ASA and ISA	(shared across the line)	ASA and ISA shared parts	sku ^ASA						
ASA-IPS-10-INC-K9	ASA 5585-X IPS Security Services Processor-10 with 8GE	5500-X ASA with Firepower	ips-module	layered	ASA and ISA		ASA 5585-X	sku ^ASA-IPS						
ASA-IPS-20-INC-K9	ASA 5585-X IPS Security Services Processor-20 with 8GE	5500-X ASA with Firepower	ips-module	layered	ASA and ISA		ASA 5585-X	sku ^ASA-IPS						
ASA-IPS-40-INC-K9	ASA 5585-X IPS Security Services Processor-40 with 6GE, 4SFP+	5500-X ASA with Firepower	ips-module	layered	ASA and ISA		ASA 5585-X	sku ^ASA-IPS						
ASA-IPS-60-INC-K9	ASA 5585-X IPS Security Services Processor-60 with 6GE, 4SFP+	5500-X ASA with Firepower	ips-module	layered	ASA and ISA		ASA 5585-X	sku ^ASA-IPS						
ASA-IPS-BLANK	^ASA IPS Part Number with which PCB Serial is associated	5500-X ASA with Firepower	accessory	layered	ASA and ISA		ASA 5585-X	sku ^ASA-IPS						
ASA-PWR-AC	Cisco ASA 5545-X/5555-X AC power supply	ASA 5500 Series Next Generation	power	layered	ASA and ISA	(shared across the line)	ASA and ISA shared parts	sku ^ASA						
ASA-PWR-AC=	Cisco ASA 5545-X/5555-X AC power supply (spare)	ASA 5500 Series Next Generation	power	layered	ASA and ISA	(shared across the line)	ASA and ISA shared parts	sku ^ASA						
ASA-PWR-BLANK	^ASA 5545-X/5555-X Power Slot Blank Cover	5500-X ASA with Firepower	mechanical	layered	ASA and ISA	(shared across the line)	ASA and ISA shared parts	sku ^ASA						
ASA-PWR-BLANK=	Cisco ASA 5545-X/5555-X power slot (blank)	ASA 5500 Series Next Generation	mechanical	layered	ASA and ISA	(shared across the line)	ASA and ISA shared parts	sku ^ASA						
ASA-PWR-DC	Cisco ASA 5545-X/5555-X DC power supply	ASA 5500 Series Next Generation	power	layered	ASA and ISA	(shared across the line)	ASA and ISA shared parts	sku ^ASA						
ASA-PWR-DC=	^^ASA 5545-X/5555-X DC Power Supply	5500-X ASA with Firepower	power	layered	ASA and ISA	(shared across the line)	ASA and ISA shared parts	sku ^ASA						
ASA-RAILS	^ASA 5512-X - ASA 5555-X Rail Kit	5500-X ASA with Firepower	mechanical	layered	ASA and ISA	(shared across the line)	ASA and ISA shared parts	sku ^ASA						
ASA-RAILS=	Cisco ASA 5512-X, 5515-X, 5525-X, 5545-X, 5555-X rail kit for rack mounting	ASA 5500 Series Next Generation	mechanical	layered	ASA and ISA	(shared across the line)	ASA and ISA shared parts	sku ^ASA						
ASA-SSC-BLANK=	ASA 5505 SSC Blank Slot Cover	5500-X ASA with Firepower	mechanical	layered	ASA and ISA	(shared across the line)	ASA and ISA shared parts	sku ^ASA						
ASA-SSE-AIP-65	ASA 5500 Security Services Engine-65 w 8GE,2SFP+	ASA 5500 Series Next Generation	security-module	layered	ASA and ISA	(shared across the line)	ASA and ISA shared parts	sku ^ASA						
ASA-SSM-AIP-10-K9	ASA 5500 AIP Security Services Module-10	5500-X ASA with Firepower	module	layered	ASA and ISA	(shared across the line)	ASA and ISA shared parts	sku ^ASA						
ASA-SSP-10-INC	ASA 5585-X SSP-10 with 8GE,2SFP, incl with bundle	ASA 5500 Series Next Generation	security-module	layered	ASA and ISA		ASA 5585-X	sku ^ASA-SSP						
ASA-SSP-10-INC-K7	ASA 5585-X Security Services Processor-10 with 8GE,NPE	ASA 5500 Series Next Generation	security-module	layered	ASA and ISA		ASA 5585-X	sku ^ASA-SSP						
ASA-SSP-10-INC-K9	ASA 5585-X Security Services Processor-10 with 8GE	ASA 5500 Series Next Generation	security-module	layered	ASA and ISA		ASA 5585-X	sku ^ASA-SSP						
ASA-SSP-10-K7=	ASA 5585-X Security Services Processor-10 with 8GE, NPE	ASA 5500 Series Next Generation	security-module	layered	ASA and ISA		ASA 5585-X	sku ^ASA-SSP						
ASA-SSP-10-K8=	Cisco ASA 5585-X Security Services Processor-10 (SSP-10)	5500-X ASA with Firepower	security-module	layered	ASA and ISA		ASA 5585-X	sku ^ASA-SSP						
ASA-SSP-10-K9	ASA 5585-X Security Services Processor-10 with 8GE	ASA 5500 Series Next Generation	security-module	layered	ASA and ISA		ASA 5585-X	sku ^ASA-SSP						
ASA-SSP-20-INC	ASA 5585-X Security Services Processor-20 with 8GE	ASA 5500 Series Next Generation	security-module	layered	ASA and ISA		ASA 5585-X	sku ^ASA-SSP						
ASA-SSP-20-INC-K7	ASA 5585-X Security Services Processor-20 with 8GE,NPE	ASA 5500 Series Next Generation	security-module	layered	ASA and ISA		ASA 5585-X	sku ^ASA-SSP						
ASA-SSP-20-INC-K9	ASA 5585-X Security Services Processor-20 with 8GE	ASA 5500 Series Next Generation	security-module	layered	ASA and ISA		ASA 5585-X	sku ^ASA-SSP						
ASA-SSP-20-K7=	ASA 5585-X Security Services Processor-20 with 8GE,NPE	ASA 5500 Series Next Generation	security-module	layered	ASA and ISA		ASA 5585-X	sku ^ASA-SSP						
ASA-SSP-20-K8=	ASA 5585-X Security Services Processor-20 with 8GE,2SFP,DES	5500-X ASA with Firepower	security-module	layered	ASA and ISA		ASA 5585-X	sku ^ASA-SSP						
ASA-SSP-20-K9	ASA 5585-X Security Services Processor-20 with 8GE	ASA 5500 Series Next Generation	security-module	layered	ASA and ISA		ASA 5585-X	sku ^ASA-SSP						
ASA-SSP-40-INC	ASA 5585-X Security Services Processor-40 with 6GE, 4SFP+	ASA 5500 Series Next Generation	security-module	layered	ASA and ISA		ASA 5585-X	sku ^ASA-SSP						
ASA-SSP-40-INC-K7	ASA 5585-X Security Services Processor-40 with 6GE,4SFP+,NPE	ASA 5500 Series Next Generation	security-module	layered	ASA and ISA		ASA 5585-X	sku ^ASA-SSP						
ASA-SSP-40-INC-K9	ASA 5585-X Security Services Processor-40 with 6GE, 4SFP+	ASA 5500 Series Next Generation	security-module	layered	ASA and ISA		ASA 5585-X	sku ^ASA-SSP						
ASA-SSP-40-INC1	ASA 5585-X Security Services Processor-40 with 6GE, 4SFP+	ASA 5500 Series Next Generation	security-module	layered	ASA and ISA		ASA 5585-X	sku ^ASA-SSP						
ASA-SSP-40-K7=	ASA 5585-X Security Services Processor-40 with 6GE,4SFP+,NPE	ASA 5500 Series Next Generation	security-module	layered	ASA and ISA		ASA 5585-X	sku ^ASA-SSP						
ASA-SSP-40-K8=	ASA 5585-X Security Services Processor-40 with 6GE,4SFP+,DES	5500-X ASA with Firepower	security-module	layered	ASA and ISA		ASA 5585-X	sku ^ASA-SSP						
ASA-SSP-40-K9	ASA 5585-X Security Services Processor-40 with 6GE, 4SFP+	ASA 5500 Series Next Generation	security-module	layered	ASA and ISA		ASA 5585-X	sku ^ASA-SSP						
ASA-SSP-60-INC	ASA 5585-X Security Services Processor-60 with 6GE, 4SFP+	ASA 5500 Series Next Generation	security-module	layered	ASA and ISA		ASA 5585-X	sku ^ASA-SSP						
ASA-SSP-60-INC-K7	ASA 5585-X Security Services Processor-60 with 6GE,4SFP+,NPE	ASA 5500 Series Next Generation	security-module	layered	ASA and ISA		ASA 5585-X	sku ^ASA-SSP						
ASA-SSP-60-INC-K9	ASA 5585-X Security Services Processor-60 with 6GE, 4SFP+	ASA 5500 Series Next Generation	security-module	layered	ASA and ISA		ASA 5585-X	sku ^ASA-SSP						
ASA-SSP-60-INC1	ASA 5585-X Security Services Processor-60 with 6GE, 4SFP+	ASA 5500 Series Next Generation	security-module	layered	ASA and ISA		ASA 5585-X	sku ^ASA-SSP						
ASA-SSP-60-K7=	ASA 5585-X Security Services Processor-60 with 6GE,4SFP+,NPE	ASA 5500 Series Next Generation	security-module	layered	ASA and ISA		ASA 5585-X	sku ^ASA-SSP						
ASA-SSP-60-K8=	ASA 5585-X Security Services Processor-60 with 6GE,4SFP+,DES	5500-X ASA with Firepower	security-module	layered	ASA and ISA		ASA 5585-X	sku ^ASA-SSP						
ASA-SSP-60-K9	ASA 5585-X Security Services Processor-60 with 6GE, 4SFP+	ASA 5500 Series Next Generation	security-module	layered	ASA and ISA		ASA 5585-X	sku ^ASA-SSP						
ASA-SSP-CX10-K8=	ASA 5585-X CX SSP-10 with 8GE, DES	ASA 5500 Series Next Generation	security-module	layered	ASA and ISA		ASA 5585-X	sku ^ASA-SSP						
ASA-SSP-CX10-K8PR=	ASA 5585-X CX SSP-10 with 8GE, DES - Promotional PID	ASA 5500 Series Next Generation	security-module	layered	ASA and ISA		ASA 5585-X	sku ^ASA-SSP						
ASA-SSP-CX10-K9=	ASA 5585-X CX SSP-10 with 8GE, 3DES/AES	ASA 5500 Series Next Generation	security-module	layered	ASA and ISA		ASA 5585-X	sku ^ASA-SSP						
ASA-SSP-CX10-K9PR=	ASA 5585-X CX SSP-10 with 8GE, 3DES/AES - Promotional PID	ASA 5500 Series Next Generation	security-module	layered	ASA and ISA		ASA 5585-X	sku ^ASA-SSP						
ASA-SSP-CX20-K8=	ASA 5585-X CX SSP-20 with 8GE, DES	ASA 5500 Series Next Generation	security-module	layered	ASA and ISA		ASA 5585-X	sku ^ASA-SSP						
ASA-SSP-CX20-K8PR=	ASA 5585-X CX SSP-20 with 8GE, DES - Promotional PID	ASA 5500 Series Next Generation	security-module	layered	ASA and ISA		ASA 5585-X	sku ^ASA-SSP						
ASA-SSP-CX20-K9=	ASA 5585-X CX SSP-20 with 8GE, 3DES/AES	ASA 5500 Series Next Generation	security-module	layered	ASA and ISA		ASA 5585-X	sku ^ASA-SSP						
ASA-SSP-CX20-K9PR=	ASA 5585-X CX SSP-20 with 8GE, 3DES/AES - Promotional PID	ASA 5500 Series Next Generation	security-module	layered	ASA and ISA		ASA 5585-X	sku ^ASA-SSP						
ASA-SSP-CX40-K8=	ASA 5585-X CX SSP-40 with 6GE,4SFP+, DES	ASA 5500 Series Next Generation	security-module	layered	ASA and ISA		ASA 5585-X	sku ^ASA-SSP						
ASA-SSP-CX40-K9=	ASA 5585-X CX SSP-40 with 6GE,4SFP+, 3DES/AES	ASA 5500 Series Next Generation	security-module	layered	ASA and ISA		ASA 5585-X	sku ^ASA-SSP						
ASA-SSP-CX60-K8=	ASA 5585-X CX SSP-60 with 6GE,4SFP+, DES	ASA 5500 Series Next Generation	security-module	layered	ASA and ISA		ASA 5585-X	sku ^ASA-SSP						
ASA-SSP-CX60-K9=	ASA 5585-X CX SSP-60 with 6GE,4SFP+, 3DES/AES	ASA 5500 Series Next Generation	security-module	layered	ASA and ISA		ASA 5585-X	sku ^ASA-SSP						
ASA-SSP-IPS10-K9	ASA 5585-X IPS Security Services Processor-10 with 8GE	5500-X ASA with Firepower	ips-module	layered	ASA and ISA		ASA 5585-X	sku ^ASA-SSP						
ASA-SSP-IPS10-K9=	ASA 5585-X IPS Security Services Processor-10 with 8GE	5500-X ASA with Firepower	ips-module	layered	ASA and ISA		ASA 5585-X	sku ^ASA-SSP						
ASA-SSP-IPS20-K9	ASA 5585-X IPS Security Services Processor-20 with 8GE	5500-X ASA with Firepower	ips-module	layered	ASA and ISA		ASA 5585-X	sku ^ASA-SSP						
ASA-SSP-IPS20-K9=	ASA 5585-X IPS Security Services Processor-20 with 8GE	5500-X ASA with Firepower	ips-module	layered	ASA and ISA		ASA 5585-X	sku ^ASA-SSP						
ASA-SSP-IPS40-K9	ASA 5585-X IPS Security Services Processor-40 with 6GE, 4SFP+	5500-X ASA with Firepower	ips-module	layered	ASA and ISA		ASA 5585-X	sku ^ASA-SSP						
ASA-SSP-IPS40-K9=	ASA 5585-X IPS Security Services Processor-40 with 6GE, 4SFP+	5500-X ASA with Firepower	ips-module	layered	ASA and ISA		ASA 5585-X	sku ^ASA-SSP						
ASA-SSP-IPS60-K9	ASA 5585-X IPS Security Services Processor-60 with 6GE, 4SFP+	5500-X ASA with Firepower	ips-module	layered	ASA and ISA		ASA 5585-X	sku ^ASA-SSP						
ASA-SSP-IPS60-K9=	ASA 5585-X IPS Security Services Processor-60 with 6GE, 4SFP+	5500-X ASA with Firepower	ips-module	layered	ASA and ISA		ASA 5585-X	sku ^ASA-SSP						
ASA-VPN-15K-BUN	Cisco Recommended ASA VPN Bundle for 15K users	Firepower NGFW	firewall	layered	Secure Firewall and Firepower		Firepower 4100	sku ^ASA-VPN-15K-BUN$						
ASA5500-CF-256MB=	Cisco ASA 5500 Series compact flash, 256 MB	ASA 5500 Series Next Generation	drive	layered	ASA and ISA	(shared across the line)	ASA and ISA shared parts	sku ^ASA						
ASA5500-CF-512MB=	Cisco ASA 5500 Series compact flash, 512 MB	ASA 5500 Series Next Generation	drive	layered	ASA and ISA	(shared across the line)	ASA and ISA shared parts	sku ^ASA						
ASA5500X-SSD-120G=	ASA 5512-X through 5555-X 120GB MLC SSD	5500-X ASA with Firepower	drive	layered	ASA and ISA	(shared across the line)	ASA and ISA shared parts	sku ^ASA						
ASA5500X-SSD120=	Cisco ASA 5512-X through 5555-X 120 GB MLC SED SSD	ASA 5500 Series Next Generation	drive	layered	ASA and ISA	(shared across the line)	ASA and ISA shared parts	sku ^ASA						
ASA5500X-SSD120INC	^ASA 5512-X through 5555-X 120GB MLC SED SSD (Incl.)	5500-X ASA with Firepower	drive	layered	ASA and ISA	(shared across the line)	ASA and ISA shared parts	sku ^ASA						
ASA5505-50-BUN-K8	ASA 5505 Appliance with SW, 50 Users, 8 ports, DES	ASA 5500 Series Next Generation	firewall	layered	ASA and ISA		ASA 5500 (5505 / 5510 / 5520 / 5540 / 5550)	sku ^ASA-?55(05|10|20|40|50)						
ASA5505-50-BUN-K9	Cisco ASA 5505 50-User Bundle; includes 8-port Fast Ethernet switch, 10 IPsec VPN peers, 2 Premium VPN peers, 3DES/AES license	ASA 5500 Series Next Generation	firewall	layered	ASA and ISA		ASA 5500 (5505 / 5510 / 5520 / 5540 / 5550)	sku ^ASA-?55(05|10|20|40|50)						
ASA5505-BUN-K9	Cisco ASA 5505 10-User Bundle; includes 8-port Fast Ethernet switch, 10 IPsec VPN peers, 2 Premium VPN peers, Triple Data Encryption Standard/Advanced Encryption Standard (3DES/AES) license	ASA 5500 Series Next Generation	firewall	layered	ASA and ISA		ASA 5500 (5505 / 5510 / 5520 / 5540 / 5550)	sku ^ASA-?55(05|10|20|40|50)						
ASA5505-DISTI-512=	512MB Memory for Cisco ASA 5505	ASA 5500 Series Next Generation	firewall	layered	ASA and ISA		ASA 5500 (5505 / 5510 / 5520 / 5540 / 5550)	sku ^ASA-?55(05|10|20|40|50)						
ASA5505-FIPS-KIT	^Cisco ASA 5505 Fips Kit	ASA 5500 Series Next Generation	accessory	layered	ASA and ISA		ASA 5500 (5505 / 5510 / 5520 / 5540 / 5550)	sku ^ASA-?55(05|10|20|40|50)						
ASA5505-FIPS-KIT=	ASA 5505 FIPS Kit	ASA 5500 Series Next Generation	accessory	layered	ASA and ISA		ASA 5500 (5505 / 5510 / 5520 / 5540 / 5550)	sku ^ASA-?55(05|10|20|40|50)						
ASA5505-K8	Cisco ASA 5505 10-User Bundle; includes 8-port Fast Ethernet switch, 10 IPsec VPN peers, 2 Premium VPN peers, Data Encryption Standard (DES) license	ASA 5500 Series Next Generation	firewall	layered	ASA and ISA		ASA 5500 (5505 / 5510 / 5520 / 5540 / 5550)	sku ^ASA-?55(05|10|20|40|50)						
ASA5505-MEM-512=	512 MB Memory Upgrade for Cisco ASA 5505	5500-X ASA with Firepower	memory	layered	ASA and ISA		ASA 5500 (5505 / 5510 / 5520 / 5540 / 5550)	sku ^ASA-?55(05|10|20|40|50)						
ASA5505-PWR-AC	ASA 5505 AC Power Supply Adapter	ASA 5500 Series Next Generation	power	layered	ASA and ISA		ASA 5500 (5505 / 5510 / 5520 / 5540 / 5550)	sku ^ASA-?55(05|10|20|40|50)						
ASA5505-PWR-AC=	ASA 5505 Spare AC Power Supply Adapter	ASA 5500 Series Next Generation	power	layered	ASA and ISA		ASA 5500 (5505 / 5510 / 5520 / 5540 / 5550)	sku ^ASA-?55(05|10|20|40|50)						
ASA5505-RACK-MNT	ASA 5505 rack mount kit	ASA 5500 Series Next Generation	mechanical	layered	ASA and ISA		ASA 5500 (5505 / 5510 / 5520 / 5540 / 5550)	sku ^ASA-?55(05|10|20|40|50)						
ASA5505-RACK-MNT=	ASA 5505 Rack Mount Kit	ASA 5500 Series Next Generation	mechanical	layered	ASA and ISA		ASA 5500 (5505 / 5510 / 5520 / 5540 / 5550)	sku ^ASA-?55(05|10|20|40|50)						
ASA5505-SEC-BUN-K8	ASA 5505 Sec Plus Appliance with SW, UL Users, HA, DES	ASA 5500 Series Next Generation	firewall	layered	ASA and ISA		ASA 5500 (5505 / 5510 / 5520 / 5540 / 5550)	sku ^ASA-?55(05|10|20|40|50)						
ASA5505-SEC-BUN-K9	Cisco ASA 5505 Unlimited-User Security Plus Bundle; includes 8-port Fast Ethernet switch, 25 IPsec VPN peers, 2Premium VPN peers, DMZ, stateless Active/Standby high availability, 3DES/AES license	ASA 5500 Series Next Generation	firewall	layered	ASA and ISA		ASA 5500 (5505 / 5510 / 5520 / 5540 / 5550)	sku ^ASA-?55(05|10|20|40|50)						
ASA5505-SSL10-K8	ASA 5505 VPN Edition w/ 10 SSL Users, 50 Firewall Users, DES	Secure Client (including AnyConnect)	firewall	layered	ASA and ISA		ASA 5500 (5505 / 5510 / 5520 / 5540 / 5550)	sku ^ASA-?55(05|10|20|40|50)						
ASA5505-SSL10-K9	ASA 5505 VPN Edition w/ 10 SSL Users, 50 FW Users, 3DES/AES	Secure Client (including AnyConnect)	firewall	layered	ASA and ISA		ASA 5500 (5505 / 5510 / 5520 / 5540 / 5550)	sku ^ASA-?55(05|10|20|40|50)						
ASA5505-SSL25-K8	ASA 5505 VPN Edition w/ 25 SSL Users, 50 Firewall Users, DES	Secure Client (including AnyConnect)	firewall	layered	ASA and ISA		ASA 5500 (5505 / 5510 / 5520 / 5540 / 5550)	sku ^ASA-?55(05|10|20|40|50)						
ASA5505-SSL25-K9	ASA 5505 VPN Edition w/ 25 SSL Users, 50 FW Users, 3DES/AES	Secure Client (including AnyConnect)	firewall	layered	ASA and ISA		ASA 5500 (5505 / 5510 / 5520 / 5540 / 5550)	sku ^ASA-?55(05|10|20|40|50)						
ASA5505-UL-BUN-K8	ASA 5505 Appliance with SW, UL Users, 8 ports, DES	ASA 5500 Series Next Generation	firewall	layered	ASA and ISA		ASA 5500 (5505 / 5510 / 5520 / 5540 / 5550)	sku ^ASA-?55(05|10|20|40|50)						
ASA5505-UL-BUN-K9	Cisco ASA 5505 Unlimited-User Bundle; includes 8-port Fast Ethernet switch, 10 IPsec VPN peers, 2 Premium VPN peers, 3DES/AES license	ASA 5500 Series Next Generation	firewall	layered	ASA and ISA		ASA 5500 (5505 / 5510 / 5520 / 5540 / 5550)	sku ^ASA-?55(05|10|20|40|50)						
ASA5506	ASA 5506-X with FirePOWER services, 8GE, AC, DES	5500-X ASA with Firepower	firewall	layered	ASA and ISA		ASA 5500-X (5506 / 5508 / 5512 / 5515 / 5516 / 5525 / 5545 / 5555)	sku ^ASA-?55(0[68]|1[256]|25|45|55)						
ASA5506-FIPS-KIT=	ASA 5506-X FIPS Kit	5500-X ASA with Firepower	mechanical	layered	ASA and ISA		ASA 5500-X (5506 / 5508 / 5512 / 5515 / 5516 / 5525 / 5545 / 5555)	sku ^ASA-?55(0[68]|1[256]|25|45|55)						
ASA5506-FPWR-BUN	ASA 5506-X with FirePOWER Svcs. Chassis and Subs. Bundle	5500-X ASA with Firepower	firewall	layered	ASA and ISA		ASA 5500-X (5506 / 5508 / 5512 / 5515 / 5516 / 5525 / 5545 / 5555)	sku ^ASA-?55(0[68]|1[256]|25|45|55)						
ASA5506-K8	ASA 5506-X with FirePOWER services, 8GE, AC, DES	5500-X ASA with Firepower	firewall	layered	ASA and ISA		ASA 5500-X (5506 / 5508 / 5512 / 5515 / 5516 / 5525 / 5545 / 5555)	sku ^ASA-?55(0[68]|1[256]|25|45|55)						
ASA5506-K9	ASA 5506-X with FirePOWER services, 8GE, AC, 3DES/AES	5500-X ASA with Firepower	firewall	layered	ASA and ISA		ASA 5500-X (5506 / 5508 / 5512 / 5515 / 5516 / 5525 / 5545 / 5555)	sku ^ASA-?55(0[68]|1[256]|25|45|55)						
ASA5506-PWR-AC	ASA 5506-X Power Adaptor	5500-X ASA with Firepower	power	layered	ASA and ISA		ASA 5500-X (5506 / 5508 / 5512 / 5515 / 5516 / 5525 / 5545 / 5555)	sku ^ASA-?55(0[68]|1[256]|25|45|55)						
ASA5506-PWR-AC=	ASA 5506 Power Adaptor	5500-X ASA with Firepower	power	layered	ASA and ISA		ASA 5500-X (5506 / 5508 / 5512 / 5515 / 5516 / 5525 / 5545 / 5555)	sku ^ASA-?55(0[68]|1[256]|25|45|55)						
ASA5506-RACK-MNT=	ASA 5506-X Rackmount Kit Spare	5500-X ASA with Firepower	mechanical	layered	ASA and ISA		ASA 5500-X (5506 / 5508 / 5512 / 5515 / 5516 / 5525 / 5545 / 5555)	sku ^ASA-?55(0[68]|1[256]|25|45|55)						
ASA5506-SEC-BUN-K8	ASA 5506-X with FirePOWER services and Sec Plus License	5500-X ASA with Firepower	firewall	layered	ASA and ISA		ASA 5500-X (5506 / 5508 / 5512 / 5515 / 5516 / 5525 / 5545 / 5555)	sku ^ASA-?55(0[68]|1[256]|25|45|55)						
ASA5506-SEC-BUN-K9	ASA 5506 with FirePOWER services and Sec Plus license	5500-X ASA with Firepower	firewall	layered	ASA and ISA		ASA 5500-X (5506 / 5508 / 5512 / 5515 / 5516 / 5525 / 5545 / 5555)	sku ^ASA-?55(0[68]|1[256]|25|45|55)						
ASA5506-SSD	ASA 5506-X SSD	5500-X ASA with Firepower	drive	layered	ASA and ISA		ASA 5500-X (5506 / 5508 / 5512 / 5515 / 5516 / 5525 / 5545 / 5555)	sku ^ASA-?55(0[68]|1[256]|25|45|55)						
ASA5506-WALL-MNT=	ASA 5506-X Wal Mount	5500-X ASA with Firepower	mechanical	layered	ASA and ISA		ASA 5500-X (5506 / 5508 / 5512 / 5515 / 5516 / 5525 / 5545 / 5555)	sku ^ASA-?55(0[68]|1[256]|25|45|55)						
ASA5506H	ASA 5506H-X with FirePOWER services, 4GE Data, AC, 3DES/AES	5500-X ASA with Firepower	firewall	layered	ASA and ISA		ASA 5500-X (5506 / 5508 / 5512 / 5515 / 5516 / 5525 / 5545 / 5555)	sku ^ASA-?55(0[68]|1[256]|25|45|55)						
ASA5506H-DIN-MNT=	ASA 5506H-X DIN Rail Mount Spare	5500-X ASA with Firepower	mechanical	layered	ASA and ISA		ASA 5500-X (5506 / 5508 / 5512 / 5515 / 5516 / 5525 / 5545 / 5555)	sku ^ASA-?55(0[68]|1[256]|25|45|55)						
ASA5506H-FPWR-BUN	ASA 5506H FirePOWER Services, SECPlus Chassis & Subs Bundle	5500-X ASA with Firepower	firewall	layered	ASA and ISA		ASA 5500-X (5506 / 5508 / 5512 / 5515 / 5516 / 5525 / 5545 / 5555)	sku ^ASA-?55(0[68]|1[256]|25|45|55)						
ASA5506H-PWR-AC	ASA 5506H-X Power Adaptor	5500-X ASA with Firepower	power	layered	ASA and ISA		ASA 5500-X (5506 / 5508 / 5512 / 5515 / 5516 / 5525 / 5545 / 5555)	sku ^ASA-?55(0[68]|1[256]|25|45|55)						
ASA5506H-PWR-AC=	ASA 5506H-X AC Power Adaptor Spare	5500-X ASA with Firepower	power	layered	ASA and ISA		ASA 5500-X (5506 / 5508 / 5512 / 5515 / 5516 / 5525 / 5545 / 5555)	sku ^ASA-?55(0[68]|1[256]|25|45|55)						
ASA5506H-RACK-MNT=	ASA 5506H-X Rackmount Kit Spare	5500-X ASA with Firepower	mechanical	layered	ASA and ISA		ASA 5500-X (5506 / 5508 / 5512 / 5515 / 5516 / 5525 / 5545 / 5555)	sku ^ASA-?55(0[68]|1[256]|25|45|55)						
ASA5506H-SP-BUN-K8	ASA 5506H-X SEC PLUS Bundle	5500-X ASA with Firepower	firewall	layered	ASA and ISA		ASA 5500-X (5506 / 5508 / 5512 / 5515 / 5516 / 5525 / 5545 / 5555)	sku ^ASA-?55(0[68]|1[256]|25|45|55)						
ASA5506H-SP-BUN-K9	ASA 5506H-X SEC PLUS Bundle	5500-X ASA with Firepower	firewall	layered	ASA and ISA		ASA 5500-X (5506 / 5508 / 5512 / 5515 / 5516 / 5525 / 5545 / 5555)	sku ^ASA-?55(0[68]|1[256]|25|45|55)						
ASA5506H-SSD	ASA 5506H-X SSD	5500-X ASA with Firepower	drive	layered	ASA and ISA		ASA 5500-X (5506 / 5508 / 5512 / 5515 / 5516 / 5525 / 5545 / 5555)	sku ^ASA-?55(0[68]|1[256]|25|45|55)						
ASA5506H-WALL-MNT=	ASA 5506H-X Wall Mount Spare	5500-X ASA with Firepower	mechanical	layered	ASA and ISA		ASA 5500-X (5506 / 5508 / 5512 / 5515 / 5516 / 5525 / 5545 / 5555)	sku ^ASA-?55(0[68]|1[256]|25|45|55)						
ASA5506W-A-FTD-K9	ASA 5506-X A Domain Firepower Threat Defense, WiFi, 8GE, AC	5500-X ASA with Firepower	firewall	layered	ASA and ISA		ASA 5500-X (5506 / 5508 / 5512 / 5515 / 5516 / 5525 / 5545 / 5555)	sku ^ASA-?55(0[68]|1[256]|25|45|55)						
ASA5506W-A-K9	ASA 5506-X with FirePOWER services, WiFi, 8GE, AC, 3DES/AES	5500-X ASA with Firepower	firewall	layered	ASA and ISA		ASA 5500-X (5506 / 5508 / 5512 / 5515 / 5516 / 5525 / 5545 / 5555)	sku ^ASA-?55(0[68]|1[256]|25|45|55)						
ASA5506W-B-FTD-K9	ASA 5506-X B Domain Firepower Threat Defense, WiFi, 8GE, AC	5500-X ASA with Firepower	firewall	layered	ASA and ISA		ASA 5500-X (5506 / 5508 / 5512 / 5515 / 5516 / 5525 / 5545 / 5555)	sku ^ASA-?55(0[68]|1[256]|25|45|55)						
ASA5506W-B-K9	ASA 5506-X with FirePOWER services, WiFi, 8GE, AC, 3DES/AES	5500-X ASA with Firepower	firewall	layered	ASA and ISA		ASA 5500-X (5506 / 5508 / 5512 / 5515 / 5516 / 5525 / 5545 / 5555)	sku ^ASA-?55(0[68]|1[256]|25|45|55)						
ASA5506W-E-FTD-K9	ASA 5506-X E Domain Firepower Threat Defense, WiFi, 8GE, AC	5500-X ASA with Firepower	firewall	layered	ASA and ISA		ASA 5500-X (5506 / 5508 / 5512 / 5515 / 5516 / 5525 / 5545 / 5555)	sku ^ASA-?55(0[68]|1[256]|25|45|55)						
ASA5506W-E-K9	ASA 5506-X with FirePOWER services, WiFi, 8GE, AC, 3DES/AES	5500-X ASA with Firepower	firewall	layered	ASA and ISA		ASA 5500-X (5506 / 5508 / 5512 / 5515 / 5516 / 5525 / 5545 / 5555)	sku ^ASA-?55(0[68]|1[256]|25|45|55)						
ASA5506W-FPWR-BUN	ASA 5506-X with FirePOWER Svcs. Chassis and Subs. Bundle	5500-X ASA with Firepower	firewall	layered	ASA and ISA		ASA 5500-X (5506 / 5508 / 5512 / 5515 / 5516 / 5525 / 5545 / 5555)	sku ^ASA-?55(0[68]|1[256]|25|45|55)						
ASA5506W-FTD-BUN	ASA 5506W-X Firepower Threat Defense Chassis & Subs. Bundle	5500-X ASA with Firepower	firewall	layered	ASA and ISA		ASA 5500-X (5506 / 5508 / 5512 / 5515 / 5516 / 5525 / 5545 / 5555)	sku ^ASA-?55(0[68]|1[256]|25|45|55)						
ASA5506W-Q-FTD-K9	ASA 5506-X Q Domain Firepower Threat Defense, WiFi, 8GE, AC	5500-X ASA with Firepower	firewall	layered	ASA and ISA		ASA 5500-X (5506 / 5508 / 5512 / 5515 / 5516 / 5525 / 5545 / 5555)	sku ^ASA-?55(0[68]|1[256]|25|45|55)						
ASA5506W-Q-K9	ASA 5506-X with FirePOWER services, WiFi, 8GE, AC, 3DES/AES	5500-X ASA with Firepower	firewall	layered	ASA and ISA		ASA 5500-X (5506 / 5508 / 5512 / 5515 / 5516 / 5525 / 5545 / 5555)	sku ^ASA-?55(0[68]|1[256]|25|45|55)						
ASA5506W-Z-FTD-K9	ASA 5506-X Z Domain Firepower Threat Defense, WiFi, 8GE, AC	5500-X ASA with Firepower	firewall	layered	ASA and ISA		ASA 5500-X (5506 / 5508 / 5512 / 5515 / 5516 / 5525 / 5545 / 5555)	sku ^ASA-?55(0[68]|1[256]|25|45|55)						
ASA5506W-Z-K9	ASA 5506-X with FirePOWER services, WiFi, 8GE, AC, 3DES/AES	5500-X ASA with Firepower	firewall	layered	ASA and ISA		ASA 5500-X (5506 / 5508 / 5512 / 5515 / 5516 / 5525 / 5545 / 5555)	sku ^ASA-?55(0[68]|1[256]|25|45|55)						
ASA5508	ASA 5508-X with FirePOWER services, 8GE, AC, DES	5500-X ASA with Firepower	firewall	layered	ASA and ISA		ASA 5500-X (5506 / 5508 / 5512 / 5515 / 5516 / 5525 / 5545 / 5555)	sku ^ASA-?55(0[68]|1[256]|25|45|55)						
ASA5508-BRACKET=	ASA 5508-X Bracket Spare	5500-X ASA with Firepower	mechanical	layered	ASA and ISA		ASA 5500-X (5506 / 5508 / 5512 / 5515 / 5516 / 5525 / 5545 / 5555)	sku ^ASA-?55(0[68]|1[256]|25|45|55)						
ASA5508-FIPS-KIT=	ASA 5508-X FIPS KIt	5500-X ASA with Firepower	mechanical	layered	ASA and ISA		ASA 5500-X (5506 / 5508 / 5512 / 5515 / 5516 / 5525 / 5545 / 5555)	sku ^ASA-?55(0[68]|1[256]|25|45|55)						
ASA5508-FPWR-BUN	ASA 5508-X with FirePOWER Svcs. Chassis and Subs. Bundle	5500-X ASA with Firepower	firewall	layered	ASA and ISA		ASA 5500-X (5506 / 5508 / 5512 / 5515 / 5516 / 5525 / 5545 / 5555)	sku ^ASA-?55(0[68]|1[256]|25|45|55)						
ASA5508-FTD-BUN	ASA 5508-X Firepower Threat Defense Chassis & Subs. Bundle	5500-X ASA with Firepower	firewall	layered	ASA and ISA		ASA 5500-X (5506 / 5508 / 5512 / 5515 / 5516 / 5525 / 5545 / 5555)	sku ^ASA-?55(0[68]|1[256]|25|45|55)						
ASA5508-FTD-HA-BUN	Cissco ASA5508X Firepower Threat Defense Chss,Subs HA Bundle	5500-X ASA with Firepower	firewall	layered	ASA and ISA		ASA 5500-X (5506 / 5508 / 5512 / 5515 / 5516 / 5525 / 5545 / 5555)	sku ^ASA-?55(0[68]|1[256]|25|45|55)						
ASA5508-FTD-K9	ASA 5508-X with Firepower Threat Defense, 8GE, AC	5500-X ASA with Firepower	firewall	layered	ASA and ISA		ASA 5500-X (5506 / 5508 / 5512 / 5515 / 5516 / 5525 / 5545 / 5555)	sku ^ASA-?55(0[68]|1[256]|25|45|55)						
ASA5508-K8	ASA 5508-X with FirePOWER services, 8GE, AC, DES	5500-X ASA with Firepower	firewall	layered	ASA and ISA		ASA 5500-X (5506 / 5508 / 5512 / 5515 / 5516 / 5525 / 5545 / 5555)	sku ^ASA-?55(0[68]|1[256]|25|45|55)						
ASA5508-K9	ASA 5508-X with FirePOWER services, 8GE, AC, 3DES/AES	5500-X ASA with Firepower	firewall	layered	ASA and ISA		ASA 5500-X (5506 / 5508 / 5512 / 5515 / 5516 / 5525 / 5545 / 5555)	sku ^ASA-?55(0[68]|1[256]|25|45|55)						
ASA5508-SSD	ASA 5508-X SSD	5500-X ASA with Firepower	drive	layered	ASA and ISA		ASA 5500-X (5506 / 5508 / 5512 / 5515 / 5516 / 5525 / 5545 / 5555)	sku ^ASA-?55(0[68]|1[256]|25|45|55)						
ASA5508-SSD++=	ASA 5508-X SSD	5500-X ASA with Firepower	firewall	layered	ASA and ISA		ASA 5500-X (5506 / 5508 / 5512 / 5515 / 5516 / 5525 / 5545 / 5555)	sku ^ASA-?55(0[68]|1[256]|25|45|55)						
ASA5508-SSD=	ASA 5508-X SSD	5500-X ASA with Firepower	drive	layered	ASA and ISA		ASA 5500-X (5506 / 5508 / 5512 / 5515 / 5516 / 5525 / 5545 / 5555)	sku ^ASA-?55(0[68]|1[256]|25|45|55)						
ASA5510-AIP-NFR-K9	ASA 5510 NFR Appl w/ AIP10, Sec Plus, SW, 5FE, 3DES	ASA 5500 Series Next Generation	firewall	layered	ASA and ISA		ASA 5500 (5505 / 5510 / 5520 / 5540 / 5550)	sku ^ASA-?55(05|10|20|40|50)						
ASA5510-AIP10-DCK9	ASA 5510 Appl. w/ AIP10, DC Pwr, SW, 5FE, 3DES/AES	ASA 5500 Series Next Generation	firewall	layered	ASA and ISA		ASA 5500 (5505 / 5510 / 5520 / 5540 / 5550)	sku ^ASA-?55(05|10|20|40|50)						
ASA5510-AIP10-K8	ASA 5510 Appliance with AIP-SSM-10, SW, 5FE, DES	ASA 5500 Series Next Generation	firewall	layered	ASA and ISA		ASA 5500 (5505 / 5510 / 5520 / 5540 / 5550)	sku ^ASA-?55(05|10|20|40|50)						
ASA5510-AIP10SP-K8	ASA 5510 Sec Plus with AIP-SSM-10, 2GE+3FE, SW, HA, DES	ASA 5500 Series Next Generation	firewall	layered	ASA and ISA		ASA 5500 (5505 / 5510 / 5520 / 5540 / 5550)	sku ^ASA-?55(05|10|20|40|50)						
ASA5510-AIP20SP-K8	ASA 5510 Appliance with AIP-SSM-20, SW, 5FE, DES, SEC PLUS	ASA 5500 Series Next Generation	firewall	layered	ASA and ISA		ASA 5500 (5505 / 5510 / 5520 / 5540 / 5550)	sku ^ASA-?55(05|10|20|40|50)						
ASA5510-BUN-K9	ASA 5510 Appliance with SW, 5FE,3DES/AES	ASA 5500 Series Next Generation	firewall	layered	ASA and ISA		ASA 5500 (5505 / 5510 / 5520 / 5540 / 5550)	sku ^ASA-?55(05|10|20|40|50)						
ASA5510-CSC-NFR-K9	ASA 5510 NFR Appl w/ CSC10,SW, 50 Usr AV/Spy, 1 YR Subscript	ASA 5500 Series Next Generation	firewall	layered	ASA and ISA		ASA 5500 (5505 / 5510 / 5520 / 5540 / 5550)	sku ^ASA-?55(05|10|20|40|50)						
ASA5510-CSC-PRM-K9	ASA 5510 w/CSC20, SW, 250 Usr AV/URL/Spam/Spy, 1YR Subscript	ASA 5500 Series Next Generation	firewall	layered	ASA and ISA		ASA 5500 (5505 / 5510 / 5520 / 5540 / 5550)	sku ^ASA-?55(05|10|20|40|50)						
ASA5510-CSC10-K8	ASA 5510 Appl w/ CSC10, SW,50 Usr AV/Spy, 1 YR Subscript,DES	ASA 5500 Series Next Generation	firewall	layered	ASA and ISA		ASA 5500 (5505 / 5510 / 5520 / 5540 / 5550)	sku ^ASA-?55(05|10|20|40|50)						
ASA5510-DC-K8	ASA 5510 Appliance with DC power, SW, 5FE, DES	ASA 5500 Series Next Generation	firewall	layered	ASA and ISA		ASA 5500 (5505 / 5510 / 5520 / 5540 / 5550)	sku ^ASA-?55(05|10|20|40|50)						
ASA5510-K8	ASA 5510 Appliance with SW, 5FE, DES	ASA 5500 Series Next Generation	firewall	layered	ASA and ISA		ASA 5500 (5505 / 5510 / 5520 / 5540 / 5550)	sku ^ASA-?55(05|10|20|40|50)						
ASA5510-SEC-BUN-K9	ASA 5510 Security Plus Appl with SW, HA, 2GE+3FE, 3DES/AES	ASA 5500 Series Next Generation	firewall	layered	ASA and ISA		ASA 5500 (5505 / 5510 / 5520 / 5540 / 5550)	sku ^ASA-?55(05|10|20|40|50)						
ASA5510-SSL100-K9	ASA 5510 VPN Edition w/ 100 SSL User License, 3DES/AES	ASA 5500 Series Next Generation	firewall	layered	ASA and ISA		ASA 5500 (5505 / 5510 / 5520 / 5540 / 5550)	sku ^ASA-?55(05|10|20|40|50)						
ASA5510-SSL250-K9	ASA 5510 VPN Edition w/ 250 SSL User License, 3DES/AES	ASA 5500 Series Next Generation	firewall	layered	ASA and ISA		ASA 5500 (5505 / 5510 / 5520 / 5540 / 5550)	sku ^ASA-?55(05|10|20|40|50)						
ASA5510-SSL50-K9	ASA 5510 VPN Edition w/ 50 SSL User License, 3DES/AES	ASA 5500 Series Next Generation	firewall	layered	ASA and ISA		ASA 5500 (5505 / 5510 / 5520 / 5540 / 5550)	sku ^ASA-?55(05|10|20|40|50)						
ASA5512-DC-K8	ASA 5512-X with SW, 6GE Data, 1GE Mgmt, DC, DES	ASA 5500 Series Next Generation	firewall	layered	ASA and ISA		ASA 5500-X (5506 / 5508 / 5512 / 5515 / 5516 / 5525 / 5545 / 5555)	sku ^ASA-?55(0[68]|1[256]|25|45|55)						
ASA5512-FP-UPG	Upgrade Kit: ASA5512-X FW, IPS, CX to ASA5512-X FirePower	ASA 5500 Series Next Generation	mechanical	layered	ASA and ISA		ASA 5500-X (5506 / 5508 / 5512 / 5515 / 5516 / 5525 / 5545 / 5555)	sku ^ASA-?55(0[68]|1[256]|25|45|55)						
ASA5512-FPWR-BUN	ASA 5512-X with FirePOWER Svcs. Chassis and Subs. Bundle	ASA 5500 Series Next Generation	firewall	layered	ASA and ISA		ASA 5500-X (5506 / 5508 / 5512 / 5515 / 5516 / 5525 / 5545 / 5555)	sku ^ASA-?55(0[68]|1[256]|25|45|55)						
ASA5512-FPWR-K9	ASA 5512-X with FirePOWER Services, 6GE, AC, 3DES/AES, SSD	ASA 5500 Series Next Generation	firewall	layered	ASA and ISA		ASA 5500-X (5506 / 5508 / 5512 / 5515 / 5516 / 5525 / 5545 / 5555)	sku ^ASA-?55(0[68]|1[256]|25|45|55)						
ASA5512-IPS-K8	ASA 5512-X with IPS, SW, 6GE Data, 1GE Mgmt, AC, DES	ASA 5500 Series Next Generation	firewall	layered	ASA and ISA		ASA 5500-X (5506 / 5508 / 5512 / 5515 / 5516 / 5525 / 5545 / 5555)	sku ^ASA-?55(0[68]|1[256]|25|45|55)						
ASA5512-IPS-K9	ASA 5512-X with IPS, SW, 6GE Data, 1GE Mgmt, AC, 3DES/AES	ASA 5500 Series Next Generation	firewall	layered	ASA and ISA		ASA 5500-X (5506 / 5508 / 5512 / 5515 / 5516 / 5525 / 5545 / 5555)	sku ^ASA-?55(0[68]|1[256]|25|45|55)						
ASA5512-K7	ASA 5512-X with SW, 6GE Data, 1GE Mgmt, AC, NPE	ASA 5500 Series Next Generation	firewall	layered	ASA and ISA		ASA 5500-X (5506 / 5508 / 5512 / 5515 / 5516 / 5525 / 5545 / 5555)	sku ^ASA-?55(0[68]|1[256]|25|45|55)						
ASA5512-K8	ASA 5512-X with SW, 6GE Data, 1GE Mgmt, AC, DES	ASA 5500 Series Next Generation	firewall	layered	ASA and ISA		ASA 5500-X (5506 / 5508 / 5512 / 5515 / 5516 / 5525 / 5545 / 5555)	sku ^ASA-?55(0[68]|1[256]|25|45|55)						
ASA5512-K9	ASA 5512-X with SW, 6GE Data, 1GE Mgmt, AC, 3DES/AES	ASA 5500 Series Next Generation	firewall	layered	ASA and ISA		ASA 5500-X (5506 / 5508 / 5512 / 5515 / 5516 / 5525 / 5545 / 5555)	sku ^ASA-?55(0[68]|1[256]|25|45|55)						
ASA5512-MB	ASA 5512 IPS Part Number with which PCB Serial is associated	ASA 5500 Series Next Generation	firewall	layered	ASA and ISA		ASA 5500-X (5506 / 5508 / 5512 / 5515 / 5516 / 5525 / 5545 / 5555)	sku ^ASA-?55(0[68]|1[256]|25|45|55)						
ASA5512-SSD120-K8	NGFW ASA 5512-X with SW, 6GE Data,1GE Mgmt, AC,DES, SSD 120G	ASA 5500 Series Next Generation	firewall	layered	ASA and ISA		ASA 5500-X (5506 / 5508 / 5512 / 5515 / 5516 / 5525 / 5545 / 5555)	sku ^ASA-?55(0[68]|1[256]|25|45|55)						
ASA5512-SSD120-K9	NGFW ASA 5512-X w/ SW,6GE Data,1GE Mgmt,AC,3DES/AES,SSD 120G	ASA 5500 Series Next Generation	firewall	layered	ASA and ISA		ASA 5500-X (5506 / 5508 / 5512 / 5515 / 5516 / 5525 / 5545 / 5555)	sku ^ASA-?55(0[68]|1[256]|25|45|55)						
ASA5512VPN-EM250K9	ASA 5512-X w/250 AnyConnect Essentials and Mobile	Secure Client (including AnyConnect)	firewall	layered	ASA and ISA		ASA 5500-X (5506 / 5508 / 5512 / 5515 / 5516 / 5525 / 5545 / 5555)	sku ^ASA-?55(0[68]|1[256]|25|45|55)						
ASA5512VPN-PM25K9	ASA 5512-X w/25 AnyConnect Premium and Mobile	Secure Client (including AnyConnect)	firewall	layered	ASA and ISA		ASA 5500-X (5506 / 5508 / 5512 / 5515 / 5516 / 5525 / 5545 / 5555)	sku ^ASA-?55(0[68]|1[256]|25|45|55)						
ASA5515-DC-K8	ASA 5515-X with SW, 6GE Data, 1GE Mgmt, DC, DES	ASA 5500 Series Next Generation	firewall	layered	ASA and ISA		ASA 5500-X (5506 / 5508 / 5512 / 5515 / 5516 / 5525 / 5545 / 5555)	sku ^ASA-?55(0[68]|1[256]|25|45|55)						
ASA5515-FP-UPG	Upgrade Kit: ASA5515-X FW, IPS, CX to ASA5515-X FirePower	ASA 5500 Series Next Generation	mechanical	layered	ASA and ISA		ASA 5500-X (5506 / 5508 / 5512 / 5515 / 5516 / 5525 / 5545 / 5555)	sku ^ASA-?55(0[68]|1[256]|25|45|55)						
ASA5515-FPWR-K9	ASA 5515-X with FirePOWER Services, 6GE, AC, 3DES/AES, SSD	ASA 5500 Series Next Generation	firewall	layered	ASA and ISA		ASA 5500-X (5506 / 5508 / 5512 / 5515 / 5516 / 5525 / 5545 / 5555)	sku ^ASA-?55(0[68]|1[256]|25|45|55)						
ASA5515-IPS-K8	ASA 5515-X with IPS, SW, 6GE Data, 1GE Mgmt, AC, DES	ASA 5500 Series Next Generation	firewall	layered	ASA and ISA		ASA 5500-X (5506 / 5508 / 5512 / 5515 / 5516 / 5525 / 5545 / 5555)	sku ^ASA-?55(0[68]|1[256]|25|45|55)						
ASA5515-IPS-K9	ASA 5515-X with IPS, SW, 6GE Data, 1GE Mgmt, AC, 3DES/AES	ASA 5500 Series Next Generation	firewall	layered	ASA and ISA		ASA 5500-X (5506 / 5508 / 5512 / 5515 / 5516 / 5525 / 5545 / 5555)	sku ^ASA-?55(0[68]|1[256]|25|45|55)						
ASA5515-K7	ASA 5515-X with SW, 6GE Data, 1GE Mgmt, AC, NPE	ASA 5500 Series Next Generation	firewall	layered	ASA and ISA		ASA 5500-X (5506 / 5508 / 5512 / 5515 / 5516 / 5525 / 5545 / 5555)	sku ^ASA-?55(0[68]|1[256]|25|45|55)						
ASA5515-K8	ASA 5515-X with SW, 6GE Data, 1GE Mgmt, AC, DES	ASA 5500 Series Next Generation	firewall	layered	ASA and ISA		ASA 5500-X (5506 / 5508 / 5512 / 5515 / 5516 / 5525 / 5545 / 5555)	sku ^ASA-?55(0[68]|1[256]|25|45|55)						
ASA5515-K9	ASA 5515-X with SW, 6GE Data, 1 GE Mgmt, AC, 3DES/AES	ASA 5500 Series Next Generation	firewall	layered	ASA and ISA		ASA 5500-X (5506 / 5508 / 5512 / 5515 / 5516 / 5525 / 5545 / 5555)	sku ^ASA-?55(0[68]|1[256]|25|45|55)						
ASA5515-MB	^ASA 5515 IPS Part Number with which PCB Serial is assoc	ASA 5500 Series Next Generation	firewall	layered	ASA and ISA		ASA 5500-X (5506 / 5508 / 5512 / 5515 / 5516 / 5525 / 5545 / 5555)	sku ^ASA-?55(0[68]|1[256]|25|45|55)						
ASA5515-SSD120-K8	NGFW ASA 5515-X with SW, 6GE Data, 1GE Mgmt, AC,DES,120G SSD	ASA 5500 Series Next Generation	firewall	layered	ASA and ISA		ASA 5500-X (5506 / 5508 / 5512 / 5515 / 5516 / 5525 / 5545 / 5555)	sku ^ASA-?55(0[68]|1[256]|25|45|55)						
ASA5515-SSD120-K9	NGFW ASA 5515-X w/ SW,6GE Data,1GE Mgmt,AC,3DES/AES,SSD 120G	ASA 5500 Series Next Generation	firewall	layered	ASA and ISA		ASA 5500-X (5506 / 5508 / 5512 / 5515 / 5516 / 5525 / 5545 / 5555)	sku ^ASA-?55(0[68]|1[256]|25|45|55)						
ASA5515VPN-EM250K9	ASA 5515-X w/250 AnyConnect Essentials and Mobile	Secure Client (including AnyConnect)	firewall	layered	ASA and ISA		ASA 5500-X (5506 / 5508 / 5512 / 5515 / 5516 / 5525 / 5545 / 5555)	sku ^ASA-?55(0[68]|1[256]|25|45|55)						
ASA5515VPN-PM100K9	ASA 5515-X w/100 AnyConnect Premium and Mobile	Secure Client (including AnyConnect)	firewall	layered	ASA and ISA		ASA 5500-X (5506 / 5508 / 5512 / 5515 / 5516 / 5525 / 5545 / 5555)	sku ^ASA-?55(0[68]|1[256]|25|45|55)						
ASA5515VPN-PM50K9	ASA 5515-X w/50 AnyConnect Premium and Mobile	Secure Client (including AnyConnect)	firewall	layered	ASA and ISA		ASA 5500-X (5506 / 5508 / 5512 / 5515 / 5516 / 5525 / 5545 / 5555)	sku ^ASA-?55(0[68]|1[256]|25|45|55)						
ASA5516	ASA 5516-X with FirePOWER services, 8GE, AC, DES	5500-X ASA with Firepower	firewall	layered	ASA and ISA		ASA 5500-X (5506 / 5508 / 5512 / 5515 / 5516 / 5525 / 5545 / 5555)	sku ^ASA-?55(0[68]|1[256]|25|45|55)						
ASA5516-BRACKET=	ASA 5516-X Bracket Spare	5500-X ASA with Firepower	mechanical	layered	ASA and ISA		ASA 5500-X (5506 / 5508 / 5512 / 5515 / 5516 / 5525 / 5545 / 5555)	sku ^ASA-?55(0[68]|1[256]|25|45|55)						
ASA5516-FIPS-KIT	^ASA 5516-X FIPS KIt	5500-X ASA with Firepower	mechanical	layered	ASA and ISA		ASA 5500-X (5506 / 5508 / 5512 / 5515 / 5516 / 5525 / 5545 / 5555)	sku ^ASA-?55(0[68]|1[256]|25|45|55)						
ASA5516-FIPS-KIT=	ASA 5516-X FIPS KIt	5500-X ASA with Firepower	mechanical	layered	ASA and ISA		ASA 5500-X (5506 / 5508 / 5512 / 5515 / 5516 / 5525 / 5545 / 5555)	sku ^ASA-?55(0[68]|1[256]|25|45|55)						
ASA5516-FPWR-BUN	ASA 5516-X with FirePOWER Svcs. Chassis, Subs, FireSight Mgr	5500-X ASA with Firepower	firewall	layered	ASA and ISA		ASA 5500-X (5506 / 5508 / 5512 / 5515 / 5516 / 5525 / 5545 / 5555)	sku ^ASA-?55(0[68]|1[256]|25|45|55)						
ASA5516-FPWR-K8	ASA 5516-X with FirePOWER services, 8GE, AC, DES	5500-X ASA with Firepower	firewall	layered	ASA and ISA		ASA 5500-X (5506 / 5508 / 5512 / 5515 / 5516 / 5525 / 5545 / 5555)	sku ^ASA-?55(0[68]|1[256]|25|45|55)						
ASA5516-FPWR-K9	ASA 5516-X with FirePOWER services, 8GE, AC, 3DES/AES	5500-X ASA with Firepower	firewall	layered	ASA and ISA		ASA 5500-X (5506 / 5508 / 5512 / 5515 / 5516 / 5525 / 5545 / 5555)	sku ^ASA-?55(0[68]|1[256]|25|45|55)						
ASA5516-FTD-BUN	ASA 5516-X Firepower Threat Defense Chassis, Subs, Bundle	5500-X ASA with Firepower	firewall	layered	ASA and ISA		ASA 5500-X (5506 / 5508 / 5512 / 5515 / 5516 / 5525 / 5545 / 5555)	sku ^ASA-?55(0[68]|1[256]|25|45|55)						
ASA5516-FTD-HA-BUN	Cissco ASA5516X Firepower Threat Defense Chss,Subs HA Bundle	5500-X ASA with Firepower	firewall	layered	ASA and ISA		ASA 5500-X (5506 / 5508 / 5512 / 5515 / 5516 / 5525 / 5545 / 5555)	sku ^ASA-?55(0[68]|1[256]|25|45|55)						
ASA5516-FTD-K9	ASA 5516-X with Firepower Threat Defense, 8GE, AC	5500-X ASA with Firepower	firewall	layered	ASA and ISA		ASA 5500-X (5506 / 5508 / 5512 / 5515 / 5516 / 5525 / 5545 / 5555)	sku ^ASA-?55(0[68]|1[256]|25|45|55)						
ASA5516-SSD	ASA 5516-X SSD	5500-X ASA with Firepower	drive	layered	ASA and ISA		ASA 5500-X (5506 / 5508 / 5512 / 5515 / 5516 / 5525 / 5545 / 5555)	sku ^ASA-?55(0[68]|1[256]|25|45|55)						
ASA5516-SSD++=	ASA 5516-X SSD	5500-X ASA with Firepower	firewall	layered	ASA and ISA		ASA 5500-X (5506 / 5508 / 5512 / 5515 / 5516 / 5525 / 5545 / 5555)	sku ^ASA-?55(0[68]|1[256]|25|45|55)						
ASA5516-SSD=	ASA 5516-X SSD	5500-X ASA with Firepower	drive	layered	ASA and ISA		ASA 5500-X (5506 / 5508 / 5512 / 5515 / 5516 / 5525 / 5545 / 5555)	sku ^ASA-?55(0[68]|1[256]|25|45|55)						
ASA5520-AIP-NFR-K9	ASA 5520 NFR Appl w/ AIP-10, SW, HA, 4GE+1FE, 3DES	ASA 5500 Series Next Generation	firewall	layered	ASA and ISA		ASA 5500 (5505 / 5510 / 5520 / 5540 / 5550)	sku ^ASA-?55(05|10|20|40|50)						
ASA5520-AIP10-K8	ASA 5520 Appliance w/ AIP-SSM-10, SW, HA, 4GE+1FE, DES	ASA 5500 Series Next Generation	firewall	layered	ASA and ISA		ASA 5500 (5505 / 5510 / 5520 / 5540 / 5550)	sku ^ASA-?55(05|10|20|40|50)						
ASA5520-AIP20-K8	ASA 5520 Appliance w/ AIP-SSM-20, SW, HA, 4GE+1FE, DES	ASA 5500 Series Next Generation	firewall	layered	ASA and ISA		ASA 5500 (5505 / 5510 / 5520 / 5540 / 5550)	sku ^ASA-?55(05|10|20|40|50)						
ASA5520-AIP40-K8	ASA 5520 Appliance w/ AIP-SSM-40, SW, HA, 4GE+1FE, DES	ASA 5500 Series Next Generation	firewall	layered	ASA and ISA		ASA 5500 (5505 / 5510 / 5520 / 5540 / 5550)	sku ^ASA-?55(05|10|20|40|50)						
ASA5520-BUN-K9	Cisco ASA 5520 Firewall Edition; includes 4 Gigabit Ethernet interfaces + 1 Fast Ethernet interface, 750 IPsec VPN peers, 2 Premium VPN peers, Active/Active and Active/Standby high availability, 3DES/AES license	ASA 5500 Series Next Generation	firewall	layered	ASA and ISA		ASA 5500 (5505 / 5510 / 5520 / 5540 / 5550)	sku ^ASA-?55(05|10|20|40|50)						
ASA5520-CSC-NFR-K9	ASA 5520 NFR Appl w/ CSC20,SW,500 Usr AV/Spy, 1 YR Subscript	ASA 5500 Series Next Generation	firewall	layered	ASA and ISA		ASA 5500 (5505 / 5510 / 5520 / 5540 / 5550)	sku ^ASA-?55(05|10|20|40|50)						
ASA5520-CSC-PRM-K9	ASA 5520 w/CSC20, SW, 250 Usr AV/URL/Spam/Spy, 1YR Subscript	ASA 5500 Series Next Generation	firewall	layered	ASA and ISA		ASA 5500 (5505 / 5510 / 5520 / 5540 / 5550)	sku ^ASA-?55(05|10|20|40|50)						
ASA5520-CSC20-K8	ASA 5520 Appl w/ CSC20, SW,500 Usr AV/Spy,1 YR Subscript,DES	ASA 5500 Series Next Generation	firewall	layered	ASA and ISA		ASA 5500 (5505 / 5510 / 5520 / 5540 / 5550)	sku ^ASA-?55(05|10|20|40|50)						
ASA5520-DC-K8	ASA 5520 Appliance with DC power, SW, HA, 4GE+1FE, DES	ASA 5500 Series Next Generation	firewall	layered	ASA and ISA		ASA 5500 (5505 / 5510 / 5520 / 5540 / 5550)	sku ^ASA-?55(05|10|20|40|50)						
ASA5520-K8	Cisco ASA 5520 Firewall Edition; includes 4 Gigabit Ethernet interfaces + 1 Fast Ethernet interface, 750 IPsec VPN peers, 2 Premium VPN peers, Active/Active and Active/Standby high availability, DES license	ASA 5500 Series Next Generation	firewall	layered	ASA and ISA		ASA 5500 (5505 / 5510 / 5520 / 5540 / 5550)	sku ^ASA-?55(05|10|20|40|50)						
ASA5520-NFR-K8	ASA 5520 NFR Appliance with SW, HA, 4GE+1FE, DES	ASA 5500 Series Next Generation	firewall	layered	ASA and ISA		ASA 5500 (5505 / 5510 / 5520 / 5540 / 5550)	sku ^ASA-?55(05|10|20|40|50)						
ASA5520-SSL500-K9	Cisco ASA 5520 SSL/IPsec VPN Edition; includes 750 IPsec VPN peers, 500 Premium VPN peers, firewall services, 4 Gigabit Ethernet interfaces, 1 Fast Ethernet interface	ASA 5500 Series Next Generation	firewall	layered	ASA and ISA		ASA 5500 (5505 / 5510 / 5520 / 5540 / 5550)	sku ^ASA-?55(05|10|20|40|50)						
ASA5520-UC-BUN-K8	Cisco ASA 5520 Adaptive Security Appliance UC Security Edition; includes 4 Gigabit Ethernet interfaces, 1 Fast Ethernet interface, 1000 UC proxy sessions, 750 IPsec VPN peers, 2 SSL VPN peers, Active/Active and Active/Standby high availability, 3DES/AES [1]	ASA 5500 Series Next Generation	firewall	layered	ASA and ISA		ASA 5500 (5505 / 5510 / 5520 / 5540 / 5550)	sku ^ASA-?55(05|10|20|40|50)						
ASA5520-UC-BUN-K9	Cisco ASA 5520 Adaptive Security Appliance UC Security Edition; includes 4 Gigabit Ethernet interfaces, 1 Fast Ethernet interface, 1000 UC proxy sessions, 750 IPsec VPN peers, 2 SSL VPN peers, Active/Active and Active/Standby high availability, 3DES/AES	ASA 5500 Series Next Generation	firewall	layered	ASA and ISA		ASA 5500 (5505 / 5510 / 5520 / 5540 / 5550)	sku ^ASA-?55(05|10|20|40|50)						
ASA5525	^ASA 5525-X with SW, 8 GE Data, 1 GE Mgmt, AC	5500-X ASA with Firepower	firewall	layered	ASA and ISA		ASA 5500-X (5506 / 5508 / 5512 / 5515 / 5516 / 5525 / 5545 / 5555)	sku ^ASA-?55(0[68]|1[256]|25|45|55)						
ASA5525-CU-K9	Cisco ASA 5525-X Firewall Edition; includes firewall services, 750 IPsec VPN peers, 2 SSL VPN peers, 14 copper Gigabit Ethernet data ports, 1 copper Gigabit Ethernet management port, 1 AC power supply, Active/Active High Availability, 2 security contexts, 3DES/AES license	ASA 5500 Series Next Generation	firewall	layered	ASA and ISA		ASA 5500-X (5506 / 5508 / 5512 / 5515 / 5516 / 5525 / 5545 / 5555)	sku ^ASA-?55(0[68]|1[256]|25|45|55)						
ASA5525-DC	^ASA 5525-X with SW, 8GE data, 1GE mgmt, DC	5500-X ASA with Firepower	firewall	layered	ASA and ISA		ASA 5500-X (5506 / 5508 / 5512 / 5515 / 5516 / 5525 / 5545 / 5555)	sku ^ASA-?55(0[68]|1[256]|25|45|55)						
ASA5525-DC-K8	Cisco ASA 5525-X Firewall Edition; includes firewall services, 750 IPsec VPN peers, 2 SSL VPN peers, 8 copper Gigabit Ethernet data ports, 1 copper Gigabit Ethernet management port, 1 DC power supply, Active/Active High Availability, 2 security contexts, DES license	ASA 5500 Series Next Generation	firewall	layered	ASA and ISA		ASA 5500-X (5506 / 5508 / 5512 / 5515 / 5516 / 5525 / 5545 / 5555)	sku ^ASA-?55(0[68]|1[256]|25|45|55)						
ASA5525-EM750-K9	ASA 5525-X w/750 AnyConnect Essentials and Mobile	5500-X ASA with Firepower	firewall	layered	ASA and ISA		ASA 5500-X (5506 / 5508 / 5512 / 5515 / 5516 / 5525 / 5545 / 5555)	sku ^ASA-?55(0[68]|1[256]|25|45|55)						
ASA5525-FPWR-K8	^^ASA 5525-X with FirePOWER Services, 8GE, AC, DES, SSD	5500-X ASA with Firepower	firewall	layered	ASA and ISA		ASA 5500-X (5506 / 5508 / 5512 / 5515 / 5516 / 5525 / 5545 / 5555)	sku ^ASA-?55(0[68]|1[256]|25|45|55)						
ASA5525-FPWR-K9	^^ASA 5525-X with FirePOWER Services, 8GE, AC, 3DES/AES, SSD	5500-X ASA with Firepower	firewall	layered	ASA and ISA		ASA 5500-X (5506 / 5508 / 5512 / 5515 / 5516 / 5525 / 5545 / 5555)	sku ^ASA-?55(0[68]|1[256]|25|45|55)						
ASA5525-FTD-K9	^^ASA 5525-X with Firepower Threat Defense, 8GE, AC	5500-X ASA with Firepower	firewall	layered	ASA and ISA		ASA 5500-X (5506 / 5508 / 5512 / 5515 / 5516 / 5525 / 5545 / 5555)	sku ^ASA-?55(0[68]|1[256]|25|45|55)						
ASA5525-IPS-K8	Cisco ASA 5525-X IPS Edition; includes IPS service, 750 IPsec VPN peers, 2 SSL VPN peers, firewall services, 8 copper Gigabit Ethernet data ports, 1 copper Gigabit Ethernet Management, 1 AC power supply, Active/Active High Availability, 2 security contexts, DES license	ASA 5500 Series Next Generation	firewall	layered	ASA and ISA		ASA 5500-X (5506 / 5508 / 5512 / 5515 / 5516 / 5525 / 5545 / 5555)	sku ^ASA-?55(0[68]|1[256]|25|45|55)						
ASA5525-IPS-K9	Cisco ASA 5525-X IPS Edition; includes IPS service, 750 IPsec VPN peers, 2 SSL VPN peers, firewall services, 8 copper Gigabit Ethernet data ports, 1 copper Gigabit Ethernet management port, 1 AC power supply, Active/Active High Availability, 2 security contexts, 3DES/AES license	ASA 5500 Series Next Generation	firewall	layered	ASA and ISA		ASA 5500-X (5506 / 5508 / 5512 / 5515 / 5516 / 5525 / 5545 / 5555)	sku ^ASA-?55(0[68]|1[256]|25|45|55)						
ASA5525-K7	Cisco ASA 5525-X Firewall Edition; includes firewall services, 750 IPsec VPN peers, 2 SSL VPN peers, 8 copper Gigabit Ethernet data ports, 1 copper Gigabit Ethernet management port, 1 AC power supply, Active/Active High Availability, 2 security contexts, no payload encryption	ASA 5500 Series Next Generation	firewall	layered	ASA and ISA		ASA 5500-X (5506 / 5508 / 5512 / 5515 / 5516 / 5525 / 5545 / 5555)	sku ^ASA-?55(0[68]|1[256]|25|45|55)						
ASA5525-K8	Cisco ASA 5525-X Firewall Edition; includes firewall services, 750 IPsec VPN peers, 2 SSL VPN peers, 8 copper Gigabit Ethernet data ports, 1 copper Gigabit Ethernet management port, 1 AC power supply, Active/Active High Availability, 2 security contexts, DES license	ASA 5500 Series Next Generation	firewall	layered	ASA and ISA		ASA 5500-X (5506 / 5508 / 5512 / 5515 / 5516 / 5525 / 5545 / 5555)	sku ^ASA-?55(0[68]|1[256]|25|45|55)						
ASA5525-K9	Cisco ASA 5525-X Firewall Edition; includes firewall services, 750 IPsec VPN peers, 2 SSL VPN peers, 8 copper Gigabit Ethernet data ports, 1 copper Gigabit Ethernet management port, 1 AC power supply, Active/Active High Availability, 2 security contexts, 3DES/AES license	ASA 5500 Series Next Generation	firewall	layered	ASA and ISA		ASA 5500-X (5506 / 5508 / 5512 / 5515 / 5516 / 5525 / 5545 / 5555)	sku ^ASA-?55(0[68]|1[256]|25|45|55)						
ASA5525-MB	^ASA 5525 IPS Part Number with which PCB Serial is associated	5500-X ASA with Firepower	firewall	layered	ASA and ISA		ASA 5500-X (5506 / 5508 / 5512 / 5515 / 5516 / 5525 / 5545 / 5555)	sku ^ASA-?55(0[68]|1[256]|25|45|55)						
ASA5525-SSD120-K8	Cisco ASA 5525-X Firewall Edition; includes firewall services, 750 IPsec VPN peers, 2 SSL VPN peers, 8 copper Gigabit Ethernet data ports, 1 copper Gigabit Ethernet management port, 1 AC power supply, DES encryption, SSD 120GB	ASA 5500 Series Next Generation	firewall	layered	ASA and ISA		ASA 5500-X (5506 / 5508 / 5512 / 5515 / 5516 / 5525 / 5545 / 5555)	sku ^ASA-?55(0[68]|1[256]|25|45|55)						
ASA5525-SSD120-K9	Cisco ASA 5525-X Firewall Edition; includes firewall services, 750 IPsec VPN peers, 2 SSL VPN peers, 8 copper Gigabit Ethernet data ports, 1 copper Gigabit Ethernet management port, 1 AC power supply, 3DES/AES encryption, SSD 120GB	ASA 5500 Series Next Generation	firewall	layered	ASA and ISA		ASA 5500-X (5506 / 5508 / 5512 / 5515 / 5516 / 5525 / 5545 / 5555)	sku ^ASA-?55(0[68]|1[256]|25|45|55)						
ASA5525-SSL250-K9	ASA 5525-X w/250 AnyConnect Premium/Adv EndPoint Assess	5500-X ASA with Firepower	firewall	layered	ASA and ISA		ASA 5500-X (5506 / 5508 / 5512 / 5515 / 5516 / 5525 / 5545 / 5555)	sku ^ASA-?55(0[68]|1[256]|25|45|55)						
ASA5525VPN-EM750K9	ASA 5525-X w/750 AnyConnect Essentials and Mobile	Secure Client (including AnyConnect)	firewall	layered	ASA and ISA		ASA 5500-X (5506 / 5508 / 5512 / 5515 / 5516 / 5525 / 5545 / 5555)	sku ^ASA-?55(0[68]|1[256]|25|45|55)						
ASA5525VPN-PM250K9	ASA 5525-X w/250 AnyConnect Premium and Mobile	Secure Client (including AnyConnect)	firewall	layered	ASA and ISA		ASA 5500-X (5506 / 5508 / 5512 / 5515 / 5516 / 5525 / 5545 / 5555)	sku ^ASA-?55(0[68]|1[256]|25|45|55)						
ASA5525VPN-PM500K9	ASA 5525-X w/500 AnyConnect Premium and Mobile	Secure Client (including AnyConnect)	firewall	layered	ASA and ISA		ASA 5500-X (5506 / 5508 / 5512 / 5515 / 5516 / 5525 / 5545 / 5555)	sku ^ASA-?55(0[68]|1[256]|25|45|55)						
ASA5540-AIP20-K8	ASA 5540 Appliance w/ AIP-SSM-20, SW, HA, 4GE+1FE, DES	ASA 5500 Series Next Generation	firewall	layered	ASA and ISA		ASA 5500 (5505 / 5510 / 5520 / 5540 / 5550)	sku ^ASA-?55(05|10|20|40|50)						
ASA5540-AIP40-K8	ASA 5540 Appliance w/ AIP-SSM-40, SW, HA, 4GE+1FE, DES	ASA 5500 Series Next Generation	firewall	layered	ASA and ISA		ASA 5500 (5505 / 5510 / 5520 / 5540 / 5550)	sku ^ASA-?55(05|10|20|40|50)						
ASA5540-BUN-K9	Cisco ASA 5540 Firewall Edition; includes 4 Gigabit Ethernet interfaces + 1 Fast Ethernet interface, 5000 IPsec VPN peers, 2 Premium VPN peers, 3DES/AES license	ASA 5500 Series Next Generation	firewall	layered	ASA and ISA		ASA 5500 (5505 / 5510 / 5520 / 5540 / 5550)	sku ^ASA-?55(05|10|20|40|50)						
ASA5540-DC-K8	ASA 5540 Appliance with DC power, SW, HA, 4GE+1FE, DES	ASA 5500 Series Next Generation	firewall	layered	ASA and ISA		ASA 5500 (5505 / 5510 / 5520 / 5540 / 5550)	sku ^ASA-?55(05|10|20|40|50)						
ASA5540-K8	Cisco ASA 5540 Firewall Edition; includes 4 Gigabit Ethernet interfaces + 1 Fast Ethernet interface, 5000 IPsec VPN peers, 2 Premium VPN peers, DES license	ASA 5500 Series Next Generation	firewall	layered	ASA and ISA		ASA 5500 (5505 / 5510 / 5520 / 5540 / 5550)	sku ^ASA-?55(05|10|20|40|50)						
ASA5540-SSL1000-K9	Cisco ASA 5540 SSL/IPsec VPN Edition; includes 5000 IPsec VPN peers, 1000 Premium VPN peers, firewall services, 4 Gigabit Ethernet interfaces, 1 Fast Ethernet interface	ASA 5500 Series Next Generation	firewall	layered	ASA and ISA		ASA 5500 (5505 / 5510 / 5520 / 5540 / 5550)	sku ^ASA-?55(05|10|20|40|50)						
ASA5540-SSL2500-K9	Cisco ASA 5540 SSL/IPsec VPN Edition; includes 5000 IPsec VPN peers, 2500 Premium VPN peers, firewall services, 4 Gigabit Ethernet interfaces, 1 Fast Ethernet interface	ASA 5500 Series Next Generation	firewall	layered	ASA and ISA		ASA 5500 (5505 / 5510 / 5520 / 5540 / 5550)	sku ^ASA-?55(05|10|20|40|50)						
ASA5540-UC-BUN-K8	Cisco ASA 5540 Adaptive Security Appliance UC Security Edition; includes 4 Gigabit Ethernet interfaces, 1 Fast Ethernet interface, 1000 UC proxy sessions, 5000 IPsec VPN peers, 2 SSL VPN peers, 3DES/AES 1	ASA 5500 Series Next Generation	firewall	layered	ASA and ISA		ASA 5500 (5505 / 5510 / 5520 / 5540 / 5550)	sku ^ASA-?55(05|10|20|40|50)						
ASA5540-UC-BUN-K9	Cisco ASA 5540 Adaptive Security Appliance UC Security Edition; includes 4 Gigabit Ethernet interfaces, 1 Fast Ethernet interface, 2000 UC proxy sessions, 5000 IPsec VPN peers, 2 SSL VPN peers, 3DES/AES	ASA 5500 Series Next Generation	firewall	layered	ASA and ISA		ASA 5500 (5505 / 5510 / 5520 / 5540 / 5550)	sku ^ASA-?55(05|10|20|40|50)						
ASA5545	^ASA 5545-X with SW, 8 GE Data, 1 GE Mgmt	5500-X ASA with Firepower	firewall	layered	ASA and ISA		ASA 5500-X (5506 / 5508 / 5512 / 5515 / 5516 / 5525 / 5545 / 5555)	sku ^ASA-?55(0[68]|1[256]|25|45|55)						
ASA5545-2SSD120-K8	Cisco ASA 5545-X Firewall Edition; includes firewall services, 2500 IPsec VPN peers, 2 SSL VPN peers, 8 copper Gigabit Ethernet data ports, 1 copper Gigabit Ethernet management port, 1 AC power supply, DES encryption, 2 SSD 120GB	ASA 5500 Series Next Generation	firewall	layered	ASA and ISA		ASA 5500-X (5506 / 5508 / 5512 / 5515 / 5516 / 5525 / 5545 / 5555)	sku ^ASA-?55(0[68]|1[256]|25|45|55)						
ASA5545-2SSD120-K9	Cisco ASA 5545-X Firewall Edition; includes firewall services, 2500 IPsec VPN peers, 2 SSL VPN peers, 8 copper Gigabit Ethernet data ports, 1 copper Gigabit Ethernet management port, 1 AC power supply, 3DES/AES encryption, 2 SSD 120GB	ASA 5500 Series Next Generation	firewall	layered	ASA and ISA		ASA 5500-X (5506 / 5508 / 5512 / 5515 / 5516 / 5525 / 5545 / 5555)	sku ^ASA-?55(0[68]|1[256]|25|45|55)						
ASA5545-CU-2AC-K9	Cisco ASA 5545-X Firewall Edition; includes firewall services, 2500 IPsec VPN peers, 2 SSL VPN peers, 14 copper Gigabit Ethernet data ports, 1 copper Gigabit Ethernet management port, 1+1 AC power supply, Active/Active High Availability, 2 security contexts, 3DES/AES license	ASA 5500 Series Next Generation	firewall	layered	ASA and ISA		ASA 5500-X (5506 / 5508 / 5512 / 5515 / 5516 / 5525 / 5545 / 5555)	sku ^ASA-?55(0[68]|1[256]|25|45|55)						
ASA5545-DC-K8	Cisco ASA 5545-X Firewall Edition; includes firewall services, 2500 IPsec VPN peers, 2 SSL VPN peers, 8 copper Gigabit Ethernet data ports, 1 copper Gigabit Ethernet management port, 1 DC power supply, Active/Active High Availability, 2 security contexts, DES license	ASA 5500 Series Next Generation	firewall	layered	ASA and ISA		ASA 5500-X (5506 / 5508 / 5512 / 5515 / 5516 / 5525 / 5545 / 5555)	sku ^ASA-?55(0[68]|1[256]|25|45|55)						
ASA5545-FPWR-K8	^^ASA 5545-X with FirePOWER Services, 8GE, AC, DES, 2SSD	5500-X ASA with Firepower	firewall	layered	ASA and ISA		ASA 5500-X (5506 / 5508 / 5512 / 5515 / 5516 / 5525 / 5545 / 5555)	sku ^ASA-?55(0[68]|1[256]|25|45|55)						
ASA5545-FPWR-K9	^^ASA 5545-X with FirePOWER Services, 8GE, AC, 3DES/AES, 2SSD	5500-X ASA with Firepower	firewall	layered	ASA and ISA		ASA 5500-X (5506 / 5508 / 5512 / 5515 / 5516 / 5525 / 5545 / 5555)	sku ^ASA-?55(0[68]|1[256]|25|45|55)						
ASA5545-FTD-K9	^^ASA 5545-X with Firepower Threat Defense, 8GE, AC	5500-X ASA with Firepower	firewall	layered	ASA and ISA		ASA 5500-X (5506 / 5508 / 5512 / 5515 / 5516 / 5525 / 5545 / 5555)	sku ^ASA-?55(0[68]|1[256]|25|45|55)						
ASA5545-IPS-K8	Cisco ASA 5545-X IPS Edition; includes IPS service, 2500 IPsec VPN peers, 2 SSL VPN peers, firewall services, 8 copper Gigabit Ethernet data ports, 1 copper Gigabit Ethernet management port, 1 AC power supply, Active/Active High Availability, 2 security contexts, DES license	ASA 5500 Series Next Generation	firewall	layered	ASA and ISA		ASA 5500-X (5506 / 5508 / 5512 / 5515 / 5516 / 5525 / 5545 / 5555)	sku ^ASA-?55(0[68]|1[256]|25|45|55)						
ASA5545-IPS-K9	Cisco ASA 5545-X IPS Edition; includes IPS service, 2500 IPsec VPN peers, 2 SSL VPN peers, firewall services, 8 copper Gigabit Ethernet data ports, 1 copper Gigabit Ethernet management port, 1 AC power supply, Active/Active High Availability, 2 security contexts, 3DES/AES license	ASA 5500 Series Next Generation	firewall	layered	ASA and ISA		ASA 5500-X (5506 / 5508 / 5512 / 5515 / 5516 / 5525 / 5545 / 5555)	sku ^ASA-?55(0[68]|1[256]|25|45|55)						
ASA5545-K7	Cisco ASA 5545-X Firewall Edition; includes firewall services, 2500 IPsec VPN peers, 2 SSL VPN peers, 8 copper Gigabit Ethernet data ports, 1 copper Gigabit Ethernet management port, 1 AC power supply, Active/Active High Availability, 2 security contexts, no payload encryption	ASA 5500 Series Next Generation	firewall	layered	ASA and ISA		ASA 5500-X (5506 / 5508 / 5512 / 5515 / 5516 / 5525 / 5545 / 5555)	sku ^ASA-?55(0[68]|1[256]|25|45|55)						
ASA5545-K8	Cisco ASA 5545-X Firewall Edition; includes firewall services, 2500 IPsec VPN peers, 2 SSL VPN peers, 8 copper Gigabit Ethernet data ports, 1 copper Gigabit Ethernet management port, 1 AC power supply, Active/Active High Availability, 2 security contexts, DES license	ASA 5500 Series Next Generation	firewall	layered	ASA and ISA		ASA 5500-X (5506 / 5508 / 5512 / 5515 / 5516 / 5525 / 5545 / 5555)	sku ^ASA-?55(0[68]|1[256]|25|45|55)						
ASA5545-K9	Cisco ASA 5545-X Firewall Edition; includes firewall services, 2500 IPsec VPN peers, 2 SSL VPN peers, 8 copper Gigabit Ethernet data ports, 1 copper Gigabit Ethernet management port, 1 AC power supply, Active/Active High Availability, 2 security contexts, 3DES/AES license	ASA 5500 Series Next Generation	firewall	layered	ASA and ISA		ASA 5500-X (5506 / 5508 / 5512 / 5515 / 5516 / 5525 / 5545 / 5555)	sku ^ASA-?55(0[68]|1[256]|25|45|55)						
ASA5545-MB	^ASA 5545 IPS Part Number with which PCB Serial is associated	5500-X ASA with Firepower	firewall	layered	ASA and ISA		ASA 5500-X (5506 / 5508 / 5512 / 5515 / 5516 / 5525 / 5545 / 5555)	sku ^ASA-?55(0[68]|1[256]|25|45|55)						
ASA5545VPN-EM25HK9	ASA 5545-X w/2500 AnyConnect Essentials and Mobile	Secure Client (including AnyConnect)	firewall	layered	ASA and ISA		ASA 5500-X (5506 / 5508 / 5512 / 5515 / 5516 / 5525 / 5545 / 5555)	sku ^ASA-?55(0[68]|1[256]|25|45|55)						
ASA5545VPN-PM1KK9	ASA 5545-X w/1000 AnyConnect Premium and Mobile	Secure Client (including AnyConnect)	firewall	layered	ASA and ISA		ASA 5500-X (5506 / 5508 / 5512 / 5515 / 5516 / 5525 / 5545 / 5555)	sku ^ASA-?55(0[68]|1[256]|25|45|55)						
ASA5545VPN-PM25HK9	ASA 5545-X w/2500 AnyConnect Premium and Mobile	Secure Client (including AnyConnect)	firewall	layered	ASA and ISA		ASA 5500-X (5506 / 5508 / 5512 / 5515 / 5516 / 5525 / 5545 / 5555)	sku ^ASA-?55(0[68]|1[256]|25|45|55)						
ASA5550-BUN-K9	Cisco ASA 5550 Firewall Edition; includes 8 Gigabit Ethernet interfaces + 1 Fast Ethernet interface, 4 Gigabit SFP interfaces, 5000 IPsec VPN peers, 2 Premium VPN peers, 3DES/AES license	ASA 5500 Series Next Generation	firewall	layered	ASA and ISA		ASA 5500 (5505 / 5510 / 5520 / 5540 / 5550)	sku ^ASA-?55(05|10|20|40|50)						
ASA5550-DC-K8	ASA 5550 Appliance with DC power, SW, HA, 8GE+1FE, DES	ASA 5500 Series Next Generation	firewall	layered	ASA and ISA		ASA 5500 (5505 / 5510 / 5520 / 5540 / 5550)	sku ^ASA-?55(05|10|20|40|50)						
ASA5550-K8	Cisco ASA 5550 Firewall Edition; includes 8 Gigabit Ethernet interfaces + 1 Fast Ethernet interface, 4 Gigabit SFP interfaces, 5000 IPsec VPN peers, 2 Premium VPN peers, DES license	ASA 5500 Series Next Generation	firewall	layered	ASA and ISA		ASA 5500 (5505 / 5510 / 5520 / 5540 / 5550)	sku ^ASA-?55(05|10|20|40|50)						
ASA5550-SSL2500-K9	Cisco ASA 5550 SSL/IPsec VPN Edition; includes 5000 IPsec VPN peers, 2500 Premium VPN peers, firewall services, 8 Gigabit Ethernet interfaces, 1 Fast Ethernet interface	ASA 5500 Series Next Generation	firewall	layered	ASA and ISA		ASA 5500 (5505 / 5510 / 5520 / 5540 / 5550)	sku ^ASA-?55(05|10|20|40|50)						
ASA5550-SSL5000-K9	Cisco ASA 5550 SSL/IPsec VPN Edition; includes 5000 IPsec VPN peers, 5000 Premium VPN peers, firewall services, 8 Gigabit Ethernet interfaces, 1 Fast Ethernet interface	ASA 5500 Series Next Generation	firewall	layered	ASA and ISA		ASA 5500 (5505 / 5510 / 5520 / 5540 / 5550)	sku ^ASA-?55(05|10|20|40|50)						
ASA5550-UC-BUN-K8	Cisco ASA 5550 Adaptive Security Appliance UC Security Edition; includes 8 Gigabit Ethernet interfaces, 1 Fast Ethernet interface, 1000 UC proxy sessions, 5000 IPsec VPN peers, 2 SSL VPN peers, 3DES/AES 1	ASA 5500 Series Next Generation	firewall	layered	ASA and ISA		ASA 5500 (5505 / 5510 / 5520 / 5540 / 5550)	sku ^ASA-?55(05|10|20|40|50)						
ASA5550-UC-BUN-K9	Cisco ASA 5550 Adaptive Security Appliance UC Security Edition; includes 8 Gigabit Ethernet interfaces, 1 Fast Ethernet interface, 3000 UC proxy sessions, 5000 IPsec VPN peers, 2 SSL VPN peers, 3DES/AES	ASA 5500 Series Next Generation	firewall	layered	ASA and ISA		ASA 5500 (5505 / 5510 / 5520 / 5540 / 5550)	sku ^ASA-?55(05|10|20|40|50)						
ASA5555	^ASA 5555-X with SW, 8 GE Data, 1 GE Mgmt	5500-X ASA with Firepower	firewall	layered	ASA and ISA		ASA 5500-X (5506 / 5508 / 5512 / 5515 / 5516 / 5525 / 5545 / 5555)	sku ^ASA-?55(0[68]|1[256]|25|45|55)						
ASA5555-2SSD120-K8	Cisco ASA 5555-X Firewall Edition; includes firewall services, 5000 IPsec VPN peers, 2 SSL VPN peers, 8 copper Gigabit Ethernet data ports, 1 copper Gigabit Ethernet management port, 1 AC power supply, DES encryption, 2 SSD 120GB	ASA 5500 Series Next Generation	firewall	layered	ASA and ISA		ASA 5500-X (5506 / 5508 / 5512 / 5515 / 5516 / 5525 / 5545 / 5555)	sku ^ASA-?55(0[68]|1[256]|25|45|55)						
ASA5555-2SSD120-K9	Cisco ASA 5555-X Firewall Edition; includes firewall services, 5000 IPsec VPN peers, 2 SSL VPN peers, 8 copper Gigabit Ethernet data ports, 1 copper Gigabit Ethernet management port, 1 AC power supply, 3DES/AES encryption, 2 SSD 120GB	ASA 5500 Series Next Generation	firewall	layered	ASA and ISA		ASA 5500-X (5506 / 5508 / 5512 / 5515 / 5516 / 5525 / 5545 / 5555)	sku ^ASA-?55(0[68]|1[256]|25|45|55)						
ASA5555-CU-2AC-K9	Cisco ASA 5555-X Firewall Edition; includes firewall services, 5000 IPsec VPN peers, 2 SSL VPN peers, 14 copper Gigabit Ethernet data ports, 1 copper Gigabit Ethernet management port, 1+1 AC power supply, Active/Active High Availability, 2 security contexts, 3DES/AES license	ASA 5500 Series Next Generation	firewall	layered	ASA and ISA		ASA 5500-X (5506 / 5508 / 5512 / 5515 / 5516 / 5525 / 5545 / 5555)	sku ^ASA-?55(0[68]|1[256]|25|45|55)						
ASA5555-DC-K8	Cisco ASA 5555-X Firewall Edition; includes firewall services, 5000 IPsec VPN peers, 2 SSL VPN peers, 8 copper Gigabit Ethernet data ports, 1 copper Gigabit Ethernet management port, 1 DC power supply, Active/Active High Availability, 2 security contexts, DES license	ASA 5500 Series Next Generation	firewall	layered	ASA and ISA		ASA 5500-X (5506 / 5508 / 5512 / 5515 / 5516 / 5525 / 5545 / 5555)	sku ^ASA-?55(0[68]|1[256]|25|45|55)						
ASA5555-FPWR-K8	^^ASA 5555-X with FirePOWER Services, 8GE, AC, DES, 2SSD	5500-X ASA with Firepower	firewall	layered	ASA and ISA		ASA 5500-X (5506 / 5508 / 5512 / 5515 / 5516 / 5525 / 5545 / 5555)	sku ^ASA-?55(0[68]|1[256]|25|45|55)						
ASA5555-FPWR-K9	^^ASA 5555-X with FirePOWER Services, 8GE, AC, 3DES/AES, 2SSD	5500-X ASA with Firepower	firewall	layered	ASA and ISA		ASA 5500-X (5506 / 5508 / 5512 / 5515 / 5516 / 5525 / 5545 / 5555)	sku ^ASA-?55(0[68]|1[256]|25|45|55)						
ASA5555-FTD-K9	^^ASA 5555-X with Firepower Threat Defense, 8GE, AC	5500-X ASA with Firepower	firewall	layered	ASA and ISA		ASA 5500-X (5506 / 5508 / 5512 / 5515 / 5516 / 5525 / 5545 / 5555)	sku ^ASA-?55(0[68]|1[256]|25|45|55)						
ASA5555-IPS-K8	Cisco ASA 5555-X IPS Edition; includes IPS service, 5000 IPsec VPN peers, 2 SSL VPN peers, firewall services, 8 copper Gigabit Ethernet data ports, 1 copper Gigabit Ethernet management port, 1 AC power supply, Active/Active High Availability, 2 security contexts, DES license	ASA 5500 Series Next Generation	firewall	layered	ASA and ISA		ASA 5500-X (5506 / 5508 / 5512 / 5515 / 5516 / 5525 / 5545 / 5555)	sku ^ASA-?55(0[68]|1[256]|25|45|55)						
ASA5555-IPS-K9	Cisco ASA 5555-X IPS Edition; includes IPS service, 5000 IPsec VPN peers, 2 SSL VPN peers, firewall services, 8 copper Gigabit Ethernet data ports, 1 copper Gigabit Ethernet management port, 1 AC power supply, Active/Active High Availability, 2 security contexts, 3DES/AES license	ASA 5500 Series Next Generation	firewall	layered	ASA and ISA		ASA 5500-X (5506 / 5508 / 5512 / 5515 / 5516 / 5525 / 5545 / 5555)	sku ^ASA-?55(0[68]|1[256]|25|45|55)						
ASA5555-K7	^^ASA 5555-X with SW, 8 GE Data, 1 GE Mgmt	5500-X ASA with Firepower	firewall	layered	ASA and ISA		ASA 5500-X (5506 / 5508 / 5512 / 5515 / 5516 / 5525 / 5545 / 5555)	sku ^ASA-?55(0[68]|1[256]|25|45|55)						
ASA5555-K8	^^ASA 5555-X with SW, 8GE Data, 1GE Mgmt, AC, DES	5500-X ASA with Firepower	firewall	layered	ASA and ISA		ASA 5500-X (5506 / 5508 / 5512 / 5515 / 5516 / 5525 / 5545 / 5555)	sku ^ASA-?55(0[68]|1[256]|25|45|55)						
ASA5555-K9	^^ASA 5555-X with SW, 8GE Data, 1GE Mgmt, AC, 3DES/AES	5500-X ASA with Firepower	firewall	layered	ASA and ISA		ASA 5500-X (5506 / 5508 / 5512 / 5515 / 5516 / 5525 / 5545 / 5555)	sku ^ASA-?55(0[68]|1[256]|25|45|55)						
ASA5555-MB	^ASA 5555 IPS Part Number with which PCB Serial is associated	5500-X ASA with Firepower	firewall	layered	ASA and ISA		ASA 5500-X (5506 / 5508 / 5512 / 5515 / 5516 / 5525 / 5545 / 5555)	sku ^ASA-?55(0[68]|1[256]|25|45|55)						
ASA5555VPN-EM5KK9	ASA 5555-X w/5000 AnyConnect Essentials and Mobile	Secure Client (including AnyConnect)	firewall	layered	ASA and ISA		ASA 5500-X (5506 / 5508 / 5512 / 5515 / 5516 / 5525 / 5545 / 5555)	sku ^ASA-?55(0[68]|1[256]|25|45|55)						
ASA5555VPN-PM25HK9	ASA 5555-X w/2500 AnyConnect Premium and Mobile	Secure Client (including AnyConnect)	firewall	layered	ASA and ISA		ASA 5500-X (5506 / 5508 / 5512 / 5515 / 5516 / 5525 / 5545 / 5555)	sku ^ASA-?55(0[68]|1[256]|25|45|55)						
ASA5555VPN-PM5KK9	ASA 5555-X w/5000 AnyConnect Premium and Mobile	Secure Client (including AnyConnect)	firewall	layered	ASA and ISA		ASA 5500-X (5506 / 5508 / 5512 / 5515 / 5516 / 5525 / 5545 / 5555)	sku ^ASA-?55(0[68]|1[256]|25|45|55)						
ASA5580-20-10K-K9	ASA 5580-20 VPN Edition w/10K SSL, Dual AC,HA, 3DES/AES	ASA 5500 Series Next Generation	firewall	layered	ASA and ISA		ASA 5580	sku ^ASA-?5580						
ASA5580-20-4GE-K9	ASA 5580-20 Appliance with 4 GE, Dual AC, 3DES/AES	ASA 5500 Series Next Generation	firewall	layered	ASA and ISA		ASA 5580	sku ^ASA-?5580						
ASA5580-20-8GE-K9	ASA 5580-20 Appliance with 8 GE, Dual AC, 3DES/AES	ASA 5500 Series Next Generation	firewall	layered	ASA and ISA		ASA 5580	sku ^ASA-?5580						
ASA5580-20-BUN-K8	ASA 5580-20 Appliance with 2 GE Mgmt, Single AC, DES	ASA 5500 Series Next Generation	firewall	layered	ASA and ISA		ASA 5580	sku ^ASA-?5580						
ASA5580-20-BUN-K9	ASA 5580-20 Appliance with 2 GE Mgmt, Single AC, 3DES/AES	ASA 5500 Series Next Generation	firewall	layered	ASA and ISA		ASA 5580	sku ^ASA-?5580						
ASA5580-40-10GE-K9	ASA 5580-40 Appliance with 4 10GE, Dual AC, 3DES/AES	ASA 5500 Series Next Generation	firewall	layered	ASA and ISA		ASA 5580	sku ^ASA-?5580						
ASA5580-40-8GE-K9	ASA 5580-40 Appliance with 8 GE, Dual AC, 3DES/AES	ASA 5500 Series Next Generation	firewall	layered	ASA and ISA		ASA 5580	sku ^ASA-?5580						
ASA5580-40-BUN-K8	ASA 5580-40 Appliance with 2 GE Mgmt, Single AC, DES	ASA 5500 Series Next Generation	firewall	layered	ASA and ISA		ASA 5580	sku ^ASA-?5580						
ASA5580-40-BUN-K9	ASA 5580-40 Appliance with 2 GE Mgmt, Single AC, 3DES/AES	ASA 5500 Series Next Generation	firewall	layered	ASA and ISA		ASA 5580	sku ^ASA-?5580						
ASA5585-BLANK-F	ASA 5585-X Full Width Blank Slot Cover	ASA 5500 Series Next Generation	mechanical	layered	ASA and ISA		ASA 5585-X	sku ^ASA-?5585						
ASA5585-BLANK-F=	ASA 5585-X Spare Full Width Blank Slot Cover	ASA 5500 Series Next Generation	mechanical	layered	ASA and ISA		ASA 5585-X	sku ^ASA-?5585						
ASA5585-BLANK-H	ASA 5585-X Half Width Blank Slot Cover	5500-X ASA with Firepower	mechanical	layered	ASA and ISA		ASA 5585-X	sku ^ASA-?5585						
ASA5585-BLANK-H=	ASA 5585 HalfWidth Blank-Required if only 1 IO module chosen	5500-X ASA with Firepower	mechanical	layered	ASA and ISA		ASA 5585-X	sku ^ASA-?5585						
ASA5585-BLANK-HD	ASA 5585-X Hard Drive Blank Slot Cover	ASA 5500 Series Next Generation	mechanical	layered	ASA and ISA		ASA 5585-X	sku ^ASA-?5585						
ASA5585-BLANK-HD=	ASA 5585-X Spare Hard Drive Blank Slot Cover	ASA 5500 Series Next Generation	mechanical	layered	ASA and ISA		ASA 5585-X	sku ^ASA-?5585						
ASA5585-CHAS-AC	ASA 5585-X Chassis with Fan Modules and 1 AC Power Supply	ASA 5500 Series Next Generation	firewall	layered	ASA and ISA		ASA 5585-X	sku ^ASA-?5585						
ASA5585-CHAS-AC=	ASA 5585-X Chassis with Fan Modules and 1 AC Power Supply	ASA 5500 Series Next Generation	firewall	layered	ASA and ISA		ASA 5585-X	sku ^ASA-?5585						
ASA5585-DC-PWR	Cisco ASA 5585 DC Power Supply (configurable option)	5500-X ASA with Firepower	power	layered	ASA and ISA		ASA 5585-X	sku ^ASA-?5585						
ASA5585-DC-PWR=	Cisco ASA 5585 DC Power Supply (spare)	5500-X ASA with Firepower	power	layered	ASA and ISA		ASA 5585-X	sku ^ASA-?5585						
ASA5585-FAN	ASA 5585-X Fan Module	ASA 5500 Series Next Generation	fan	layered	ASA and ISA		ASA 5585-X	sku ^ASA-?5585						
ASA5585-FAN=	ASA 5585-X Spare Fan Module	ASA 5500 Series Next Generation	fan	layered	ASA and ISA		ASA 5585-X	sku ^ASA-?5585						
ASA5585-FIPS-KIT=	ASA 5585 FIPS Opacity Kit	ASA 5500 Series Next Generation	mechanical	layered	ASA and ISA		ASA 5585-X	sku ^ASA-?5585						
ASA5585-FRONTRACK=	ASA 5585-X Front Rack Mounts (1 pair)	ASA 5500 Series Next Generation	firewall	layered	ASA and ISA		ASA 5585-X	sku ^ASA-?5585						
ASA5585-HD-600GB	ASA 5585-X 600 GB Hard Drive For ASA CX	ASA 5500 Series Next Generation	drive	layered	ASA and ISA		ASA 5585-X	sku ^ASA-?5585						
ASA5585-HD-600GB=	ASA 5585-X 600 GB Hard Drive For ASA CX	ASA 5500 Series Next Generation	drive	layered	ASA and ISA		ASA 5585-X	sku ^ASA-?5585						
ASA5585-HD-600TAA=	ASA 5585-X 600 GB Hard Drive For ASA CX (TAA compliant)	ASA 5500 Series Next Generation	drive	layered	ASA and ISA		ASA 5585-X	sku ^ASA-?5585						
ASA5585-NM-20-1GE	ASA 5585-X Half Width Network Module with 20 1 GE ports	5500-X ASA with Firepower	module	layered	ASA and ISA		ASA 5585-X	sku ^ASA-?5585						
ASA5585-NM-20-1GE=	ASA 5585-X Half Width Network Module with 20 1 GE ports	5500-X ASA with Firepower	module	layered	ASA and ISA		ASA 5585-X	sku ^ASA-?5585						
ASA5585-NM-4-10GE	ASA 5585-X Half Width Network Module with 4 SFP+ ports	5500-X ASA with Firepower	module	layered	ASA and ISA		ASA 5585-X	sku ^ASA-?5585						
ASA5585-NM-4-10GE=	ASA 5585-X Half Width Network Module with 4 SFP+ ports	5500-X ASA with Firepower	module	layered	ASA and ISA		ASA 5585-X	sku ^ASA-?5585						
ASA5585-NM-8-10GE	ASA 5585-X Half Width Network Module with 8 SFP+ ports	5500-X ASA with Firepower	module	layered	ASA and ISA		ASA 5585-X	sku ^ASA-?5585						
ASA5585-NM-8-10GE=	ASA 5585-X Half Width Network Module with 8 SFP+ ports	5500-X ASA with Firepower	module	layered	ASA and ISA		ASA 5585-X	sku ^ASA-?5585						
ASA5585-PWR-AC	ASA 5585-X AC Power Supply	ASA 5500 Series Next Generation	power	layered	ASA and ISA		ASA 5585-X	sku ^ASA-?5585						
ASA5585-PWR-AC=	ASA 5585-X Spare AC Power Supply	ASA 5500 Series Next Generation	power	layered	ASA and ISA		ASA 5585-X	sku ^ASA-?5585						
ASA5585-PWR-DC	ASA 5585-X DC Power Supply	ASA 5500 Series Next Generation	power	layered	ASA and ISA		ASA 5585-X	sku ^ASA-?5585						
ASA5585-PWR-DC=	ASA 5585-X Spare DC Power Supply	ASA 5500 Series Next Generation	power	layered	ASA and ISA		ASA 5585-X	sku ^ASA-?5585						
ASA5585-RACK-KIT=	ASA 5585-X Front Rack and Rear Rack Kit	ASA 5500 Series Next Generation	mechanical	layered	ASA and ISA		ASA 5585-X	sku ^ASA-?5585						
ASA5585-RAILS	ASA 5585 Rail kit	ASA 5500 Series Next Generation	mechanical	layered	ASA and ISA		ASA 5585-X	sku ^ASA-?5585						
ASA5585-RAILS=	ASA 5585 Rail kit	ASA 5500 Series Next Generation	mechanical	layered	ASA and ISA		ASA 5585-X	sku ^ASA-?5585						
ASA5585-REAR-RACK	ASA 5585 Rear Rack Mount	ASA 5500 Series Next Generation	mechanical	layered	ASA and ISA		ASA 5585-X	sku ^ASA-?5585						
ASA5585-REAR-RACK=	ASA 5585-X Rear Rack Mounts (1 pair)	ASA 5500 Series Next Generation	accessory	layered	ASA and ISA		ASA 5585-X	sku ^ASA-?5585						
ASA5585-S10-5K-K9	Cisco ASA 5585-X SSL/IPsec VPN Edition SSP-10 Bundle includes 5000 IPsec VPN peers, 5000 Premium VPN peers, firewall services, 8 Gigabit Ethernet interfaces, 2 management interfaces, 3DES/AES license	5500-X ASA with Firepower	firewall	layered	ASA and ISA		ASA 5585-X	sku ^ASA-?5585						
ASA5585-S10-K7	ASA 5585-X Chassis with SSP10, 8GE, 2GE Mgt, 1 AC, NPE	ASA 5500 Series Next Generation	firewall	layered	ASA and ISA		ASA 5585-X	sku ^ASA-?5585						
ASA5585-S10-K8	Cisco ASA 5585-X Firewall Edition SSP-10 bundle includes 8 Gigabit Ethernet interfaces, 2 Gigabit Ethernet SFP interfaces, 2 Gigabit Ethernet management interfaces, 5000 IPsec VPN peers, 2 Premium VPN peers, DES license	5500-X ASA with Firepower	firewall	layered	ASA and ISA		ASA 5585-X	sku ^ASA-?5585						
ASA5585-S10-K9	Cisco ASA 5585-X Firewall Edition SSP-10 bundle includes 8 Gigabit Ethernet interfaces, 2 Gigabit Ethernet SFP interfaces, 2 Gigabit Ethernet management interfaces, 5000 IPsec VPN peers, 2 Premium VPN peers, 3DES/AES license	5500-X ASA with Firepower	firewall	layered	ASA and ISA		ASA 5585-X	sku ^ASA-?5585						
ASA5585-S10C10-K8	ASA 5585-X Chas with SSP10,CX SSP10,16GE,4GE Mgt,1 AC,DES	ASA 5500 Series Next Generation	firewall	layered	ASA and ISA		ASA 5585-X	sku ^ASA-?5585						
ASA5585-S10C10-K9	ASA 5585-X Chas w/SSP10,CX SSP10,16GE,4GE Mgt,1 AC,3DES/AES	ASA 5500 Series Next Generation	firewall	layered	ASA and ISA		ASA 5585-X	sku ^ASA-?5585						
ASA5585-S10C10XK9	ASA 5585-X Chas w/SSP10,CX SSP10,16GE,4 SFP+,2 AC,3DES/AES	ASA 5500 Series Next Generation	firewall	layered	ASA and ISA		ASA 5585-X	sku ^ASA-?5585						
ASA5585-S10P10-K7	ASA 5585-X Chas with SSP10, IPS SSP-10, 16GE, 4GE Mgt,1 AC, NPE	5500-X ASA with Firepower	firewall	layered	ASA and ISA		ASA 5585-X	sku ^ASA-?5585						
ASA5585-S10P10-K8	ASA 5585-X Chas with SSP10, IPS SSP-10, 16GE, 4GE Mgt, 1 AC, DES	5500-X ASA with Firepower	firewall	layered	ASA and ISA		ASA 5585-X	sku ^ASA-?5585						
ASA5585-S10P10-K9	ASA 5585-X Chas w/SSP10, IPS SSP10, 16GE, 4GE Mgt, 1 AC, 3DES/AES	5500-X ASA with Firepower	firewall	layered	ASA and ISA		ASA 5585-X	sku ^ASA-?5585						
ASA5585-S10P10SK9	ASA 5585-X w/SSP10, IPS SSP-10, 16GE, 5K VPN PR, 1 AC, 3DES/AES	5500-X ASA with Firepower	firewall	layered	ASA and ISA		ASA 5585-X	sku ^ASA-?5585						
ASA5585-S10P10XK9	ASA 5585-X Chas w/ SSP10, IPS SSP10, 16GE, 4 SFP+, 2 AC, 3DES/AES	5500-X ASA with Firepower	firewall	layered	ASA and ISA		ASA 5585-X	sku ^ASA-?5585						
ASA5585-S10X-K9	Cisco ASA 5585-X Security Plus Firewall Edition SSP-10 bundle includes 8 Gigabit Ethernet interfaces, 2 10 Gigabit Ethernet SFP+ interfaces, 2 Gigabit Ethernet management interfaces, 5000 IPsec VPN peers, 2 Premium VPN peers, dual AC power, 3DES/AES license	5500-X ASA with Firepower	firewall	layered	ASA and ISA		ASA 5585-X	sku ^ASA-?5585						
ASA5585-S20-K7	ASA 5585-X Chassis with SSP20, 8 GE, 2 SFP, 2 Mgt, 1 AC, NPE	ASA 5500 Series Next Generation	firewall	layered	ASA and ISA		ASA 5585-X	sku ^ASA-?5585						
ASA5585-S20-K8	Cisco ASA 5585-X Firewall Edition SSP-20 bundle includes 8 Gigabit Ethernet interfaces, 2 Gigabit Ethernet SFP interfaces, 2 Gigabit Ethernet management interfaces, 10,000 IPsec VPN peers, 2 Premium VPN peers, DES license	5500-X ASA with Firepower	firewall	layered	ASA and ISA		ASA 5585-X	sku ^ASA-?5585						
ASA5585-S20-K9	Cisco ASA 5585-X Firewall Edition SSP-20 bundle includes 8 Gigabit Ethernet interfaces, 2 Gigabit Ethernet SFP interfaces, 2 Gigabit Ethernet management interfaces, 10,000 IPsec VPN peers, 2 Premium VPN peers, 3DES/AES license	5500-X ASA with Firepower	firewall	layered	ASA and ISA		ASA 5585-X	sku ^ASA-?5585						
ASA5585-S20C20-K8	ASA 5585-X Chas with SSP20,CX SSP20,16GE,4GE Mgt,1 AC,DES	ASA 5500 Series Next Generation	firewall	layered	ASA and ISA		ASA 5585-X	sku ^ASA-?5585						
ASA5585-S20C20-K9	ASA 5585-X Chas w/SSP20,CX SSP20,16GE,4GE Mgt,1 AC,3DES/AES	ASA 5500 Series Next Generation	firewall	layered	ASA and ISA		ASA 5585-X	sku ^ASA-?5585						
ASA5585-S20C20XK9	ASA 5585-X Chas w/SSP20,CX SSP20,16GE,4 SFP+,2 AC,3DES/AES	ASA 5500 Series Next Generation	firewall	layered	ASA and ISA		ASA 5585-X	sku ^ASA-?5585						
ASA5585-S20P20-K7	ASA 5585-X Chas with SSP20, IPS SSP-20, 16GE, 4GE Mgt,1 AC, NPE	5500-X ASA with Firepower	firewall	layered	ASA and ISA		ASA 5585-X	sku ^ASA-?5585						
ASA5585-S20P20-K8	ASA 5585-X Chass with SSP20, IPS SSP-20, 16GE, 4GE Mgt, 1 AC,DES	5500-X ASA with Firepower	firewall	layered	ASA and ISA		ASA 5585-X	sku ^ASA-?5585						
ASA5585-S20P20-K9	ASA 5585-X Chas w/SSP20, IPS SSP20, 16GE, 4GE Mgt, 1 AC, 3DES/AES	5500-X ASA with Firepower	firewall	layered	ASA and ISA		ASA 5585-X	sku ^ASA-?5585						
ASA5585-S20P20SK9	ASA 5585-X w/ SSP20, IPS SSP-20, 16GE, 10K VPN PR, 1 AC, 3DES/AES	5500-X ASA with Firepower	firewall	layered	ASA and ISA		ASA 5585-X	sku ^ASA-?5585						
ASA5585-S20P20XK9	ASA 5585-X Chas w/ SSP20, IPS SSP20, 16GE, 4 SFP+, 2 AC, 3DES/AES	5500-X ASA with Firepower	firewall	layered	ASA and ISA		ASA 5585-X	sku ^ASA-?5585						
ASA5585-S20X-K9	Cisco ASA 5585-X Security Plus Firewall Edition SSP-20 bundle includes 8 Gigabit Ethernet interfaces, 2 10 Gigabit Ethernet SFP+ interfaces, 2 Gigabit Ethernet management interfaces, 10,000 IPsec VPN peers, 2 Premium VPN peers, dual AC power, 3DES/AES license	5500-X ASA with Firepower	firewall	layered	ASA and ISA		ASA 5585-X	sku ^ASA-?5585						
ASA5585-S40-2A-K9	Cisco ASA 5585-X Firewall Edition SSP-40 bundle includes 6 Gigabit Ethernet interfaces, 4 10 Gigabit Ethernet SFP+ interfaces, 2 Gigabit Ethernet management interfaces, 10,000 IPsec VPN peers, 2 Premium VPN peers, dual AC power, 3DES/AES license	5500-X ASA with Firepower	firewall	layered	ASA and ISA		ASA 5585-X	sku ^ASA-?5585						
ASA5585-S40-2D-K9	ASA 5585-X Chas with SSP40,6GE,4SFP+,2GE Mgt,2 DC,3DES/AES	ASA 5500 Series Next Generation	firewall	layered	ASA and ISA		ASA 5585-X	sku ^ASA-?5585						
ASA5585-S40-K7	ASA 5585-X Chassis with SSP40, 6GE, 4SFP+,2GE Mgt, 1 AC, NPE	ASA 5500 Series Next Generation	firewall	layered	ASA and ISA		ASA 5585-X	sku ^ASA-?5585						
ASA5585-S40-K8	Cisco ASA 5585-X Firewall Edition SSP-40 bundle includes 6 Gigabit Ethernet interfaces, 4 10 Gigabit Ethernet SFP+ interfaces, 2 Gigabit Ethernet management interfaces, 10,000 IPsec VPN peers, 2 Premium VPN peers, DES license	5500-X ASA with Firepower	firewall	layered	ASA and ISA		ASA 5585-X	sku ^ASA-?5585						
ASA5585-S40-K9	Cisco ASA 5585-X Firewall Edition SSP-40 bundle includes 6 Gigabit Ethernet interfaces, 4 10 Gigabit Ethernet SFP+ interfaces, 2 Gigabit Ethernet management interfaces, 10,000 IPsec VPN peers, 2 Premium VPN peers, 3DES/AES license	5500-X ASA with Firepower	firewall	layered	ASA and ISA		ASA 5585-X	sku ^ASA-?5585						
ASA5585-S40C40-K8	ASA 5585-X Chas with SSP40,CX SSP40,12GE, 8 SFP+, 1 AC,DES	ASA 5500 Series Next Generation	firewall	layered	ASA and ISA		ASA 5585-X	sku ^ASA-?5585						
ASA5585-S40C40-K9	ASA 5585-X Chas w/SSP40,CX SSP40,12GE,8 SFP+,1 AC,3DES/AES	ASA 5500 Series Next Generation	firewall	layered	ASA and ISA		ASA 5585-X	sku ^ASA-?5585						
ASA5585-S40P40-K7	ASA 5585-X Chas w/SSP40, IPS SSP40, 12GE, 8 SFP+, 4 Mgt, 1 AC, NPE	5500-X ASA with Firepower	firewall	layered	ASA and ISA		ASA 5585-X	sku ^ASA-?5585						
ASA5585-S40P40-K8	ASA 5585-X Chas w/ SSP40, IPS SSP-40, 12GE, 8 SFP+, 2 AC, DES	5500-X ASA with Firepower	firewall	layered	ASA and ISA		ASA 5585-X	sku ^ASA-?5585						
ASA5585-S40P40-K9	ASA 5585-X Chas w/SSP40, IPS SSP-40, 12GE, 8 SFP+, 1 AC, 3DES/AES	5500-X ASA with Firepower	firewall	layered	ASA and ISA		ASA 5585-X	sku ^ASA-?5585						
ASA5585-S40P40SK9	ASA 5585-X SSP40, IPS SSP40, 12GE, 8SFP+, 10KVPN PR, 1AC, 3DES/AES	5500-X ASA with Firepower	firewall	layered	ASA and ISA		ASA 5585-X	sku ^ASA-?5585						
ASA5585-S60-2A-K7	ASA 5585-X Chassis with SSP60,6 GE,4 SFP+,2 GE Mgt,2 AC, NPE	ASA 5500 Series Next Generation	firewall	layered	ASA and ISA		ASA 5585-X	sku ^ASA-?5585						
ASA5585-S60-2A-K8	Cisco ASA 5585-X Firewall Edition SSP-60 bundle includes 6 Gigabit Ethernet interfaces, 4 10 Gigabit Ethernet SFP+ interfaces, 2 Gigabit Ethernet management interfaces, 10,000 IPsec VPN peers, 2 Premium VPN peers, dual AC power, 3DES/AES license	5500-X ASA with Firepower	firewall	layered	ASA and ISA		ASA 5585-X	sku ^ASA-?5585						
ASA5585-S60-2A-K9	Cisco ASA 5585-X Firewall Edition SSP-60 bundle includes 6 Gigabit Ethernet interfaces, 4 10 Gigabit Ethernet SFP+ interfaces, 2 Gigabit Ethernet management interfaces, 10,000 IPsec VPN peers, 2 Premium VPN peers, dual AC power, 3DES/AES license	5500-X ASA with Firepower	firewall	layered	ASA and ISA		ASA 5585-X	sku ^ASA-?5585						
ASA5585-S60-2D-K9	ASA 5585-X Chas with SSP60,6GE,4SFP+,2GE Mgt,2 DC,3DES/AES	ASA 5500 Series Next Generation	firewall	layered	ASA and ISA		ASA 5585-X	sku ^ASA-?5585						
ASA5585-S60C60-K8	ASA 5585-X Chas with SSP60,CX SSP60,12GE, 8 SFP+, 2 AC,DES	ASA 5500 Series Next Generation	firewall	layered	ASA and ISA		ASA 5585-X	sku ^ASA-?5585						
ASA5585-S60C60-K9	ASA 5585-X Chas w/SSP60,CX SSP60,12GE,8 SFP+,2 AC,3DES/AES	ASA 5500 Series Next Generation	firewall	layered	ASA and ISA		ASA 5585-X	sku ^ASA-?5585						
ASA5585-S60P60-K7	ASA 5585-X Chas w/ SSP60, IPS SSP-60, 12GE, 8 SFP+, 2 AC, NPE	5500-X ASA with Firepower	firewall	layered	ASA and ISA		ASA 5585-X	sku ^ASA-?5585						
ASA5585-S60P60-K8	ASA 5585-X Chas w/ SSP60, IPS SSP-60, 12GE, 8 SFP+, 2 AC, DES	5500-X ASA with Firepower	firewall	layered	ASA and ISA		ASA 5585-X	sku ^ASA-?5585						
ASA5585-S60P60-K9	ASA 5585-X Chas w/SSP60, IPS SSP60,12GE, 8 SFP+, 2 AC, 3DES/AES	5500-X ASA with Firepower	firewall	layered	ASA and ISA		ASA 5585-X	sku ^ASA-?5585						
ASA5585-S60P60SK9	ASA 5585-X SSP60, IPS SSP60, 12GE, 8SFP+, 10KVPN PR, 2AC, 3DES/AES	5500-X ASA with Firepower	firewall	layered	ASA and ISA		ASA 5585-X	sku ^ASA-?5585						
ASA5585-SEPTUM	ASA 55585 Slot Divider for Half-Slot IO Modules	5500-X ASA with Firepower	firewall	layered	ASA and ISA		ASA 5585-X	sku ^ASA-?5585						
ASA5585-SEPTUM=	ASA 5585 Slot Divider for Half-slot IO Modules	5500-X ASA with Firepower	firewall	layered	ASA and ISA		ASA 5585-X	sku ^ASA-?5585						
ASA5585-SSP-10	ASA 5585-X Security Services Processor-10 with 8GE	ASA 5500 Series Next Generation	security-module	layered	ASA and ISA		ASA 5585-X	sku ^ASA-?5585						
ASA5585-SSP-10-K7	ASA 5585-X Security Services Processor-10 with 8GE,NPE	ASA 5500 Series Next Generation	security-module	layered	ASA and ISA		ASA 5585-X	sku ^ASA-?5585						
ASA5585-SSP-20	ASA 5585-X Security Services Processor-20 with 8GE	ASA 5500 Series Next Generation	security-module	layered	ASA and ISA		ASA 5585-X	sku ^ASA-?5585						
ASA5585-SSP-20-K7	ASA 5585-X Security Services Processor-20 with 8GE,NPE	ASA 5500 Series Next Generation	security-module	layered	ASA and ISA		ASA 5585-X	sku ^ASA-?5585						
ASA5585-SSP-40	ASA 5585-X Security Services Processor-40 w 6GE,4 SFP+	ASA 5500 Series Next Generation	security-module	layered	ASA and ISA		ASA 5585-X	sku ^ASA-?5585						
ASA5585-SSP-40-K7	ASA 5585-X Security Services Processor-40 with 6GE,4SFP+,NPE	ASA 5500 Series Next Generation	security-module	layered	ASA and ISA		ASA 5585-X	sku ^ASA-?5585						
ASA5585-SSP-60	ASA 5585-X Security Services Processor-60 with 6GE, 4 SFP+	ASA 5500 Series Next Generation	security-module	layered	ASA and ISA		ASA 5585-X	sku ^ASA-?5585						
ASA5585-SSP-60-K7	ASA 5585-X Security Services Processor-60 with 6GE,4SFP+,NPE	ASA 5500 Series Next Generation	security-module	layered	ASA and ISA		ASA 5585-X	sku ^ASA-?5585						
ASA5585-SSP-CX10	ASA 5585-X CX Security Services Processor-10 with 8GE	ASA 5500 Series Next Generation	security-module	layered	ASA and ISA		ASA 5585-X	sku ^ASA-?5585						
ASA5585-SSP-CX20	ASA 5585-X CX Security Services Processor-20 with 8GE	ASA 5500 Series Next Generation	security-module	layered	ASA and ISA		ASA 5585-X	sku ^ASA-?5585						
ASA5585-SSP-CX40	ASA 5585-X CX Security Services Processor-40 with 6GE, 4SFP+	ASA 5500 Series Next Generation	security-module	layered	ASA and ISA		ASA 5585-X	sku ^ASA-?5585						
ASA5585-SSP-CX60	ASA 5585-X CX Security Services Processor-60 with 6GE, 4SFP+	ASA 5500 Series Next Generation	security-module	layered	ASA and ISA		ASA 5585-X	sku ^ASA-?5585						
ASA5585S20-10K-K9	Cisco ASA 5585-X SSL/IPsec VPN Edition SSP-20 Bundle includes 10,000 IPsec VPN peers, 10,000 Premium VPN peers, firewall services, 8 Gigabit Ethernet interfaces, 2 management interfaces, 3DES/AES license	5500-X ASA with Firepower	firewall	layered	ASA and ISA		ASA 5585-X	sku ^ASA-?5585						
ASA5585S40-10K-K9	Cisco ASA 5585-X SSL/IPsec VPN Edition SSP-40 Bundle includes 10,000 IPsec VPN peers, 10,000 Premium VPN peers, firewall services, 8 Gigabit Ethernet interfaces, 2 management interfaces, 3DES/AES license	5500-X ASA with Firepower	firewall	layered	ASA and ISA		ASA 5585-X	sku ^ASA-?5585						
ASA5585S60-10K-K9	Cisco ASA 5585-X SSL/IPsec VPN Edition SSP-60 Bundle includes 10,000 IPsec VPN peers, 10,000 Premium VPN peers, firewall services, 8 Gigabit Ethernet interfaces, 2 management interfaces, 3DES/AES license	5500-X ASA with Firepower	firewall	layered	ASA and ISA		ASA 5585-X	sku ^ASA-?5585						
C1-TETRATION	Cisco Secure Workload bundle part number that includes the hardware and software subscription license.	Secure Workload	analytics	layered	Security Manager and Secure Workload		Secure Workload (Tetration)	sku TETRA						
C1-TETRATION-M	Cisco Secure Workload bundle part number that includes the hardware and software subscription license.	Secure Workload	analytics	layered	Security Manager and Secure Workload		Secure Workload (Tetration)	sku TETRA						
CAB-CONS-USB-C=	Console cable, USB-C to USB-C, 6ft, compatible with 1200 Series firewalls	Secure Firewall 1200 Series	cable	layered	Secure Firewall and Firepower		Secure Firewall 1200	label Secure Firewall 1200 Series						name: 1200
CCS-10GE-FI	Cisco Content Sec 2-Port 10-Gigabit Fiber Ethernet Card	Secure Email and Web Manager	nic	layered	Secure Email and Web	(shared across the line)	Secure Email and Web shared parts	sku ^CCS-						
CCS-10GE-FI-V2	Cisco Content Sec 2-Port 10-Gigabit Fiber Ethernet Card v2	Email Security Appliance	nic	layered	Secure Email and Web	(shared across the line)	Secure Email and Web shared parts	sku ^CCS-						
CCS-170-BRACKETS=	Cisco Content Security x170 Bracket for Two Post Racks	Secure Email and Web Manager	mechanical	layered	Secure Email and Web	(shared across the line)	Secure Email and Web shared parts	sku ^CCS-						
CCS-1GE-CU	Cisco Content Sec 1-Port 10/100/1000 Interface Card, RJ-45	Secure Email and Web Manager	nic	layered	Secure Email and Web	(shared across the line)	Secure Email and Web shared parts	sku ^CCS-						
CCS-1GE-FI	Cisco Content Sec 2-Port Gigabit Fiber Ethernet Card	Secure Email and Web Manager	nic	layered	Secure Email and Web	(shared across the line)	Secure Email and Web shared parts	sku ^CCS-						
CCS-1GE-FI-V2	Cisco Content Sec 2-Port Gigabit Fiber Ethernet Card v2	Email Security Appliance	nic	layered	Secure Email and Web	(shared across the line)	Secure Email and Web shared parts	sku ^CCS-						
CCS-2GE-FI	Content Sec 2 Port GE Fiber Interface	Secure Email and Web Manager	nic	layered	Secure Email and Web	(shared across the line)	Secure Email and Web shared parts	sku ^CCS-						
CCS-2GE-FI=	Content Sec 2 Port GE Fiber Interface for SMA/ESA x1070	Secure Email and Web Manager	nic	layered	Secure Email and Web	(shared across the line)	Secure Email and Web shared parts	sku ^CCS-						
CCS-BAT-RAID-710=	Content Security Raid Battery for x70 Model	Secure Email and Web Manager	storage-controller	layered	Secure Email and Web	(shared across the line)	Secure Email and Web shared parts	sku ^CCS-						
CCS-CABLE-MGMT=	Content Sec Cable Management Arm for the x70 models	Secure Email and Web Manager	mechanical	layered	Secure Email and Web	(shared across the line)	Secure Email and Web shared parts	sku ^CCS-						
CCS-CABLEARM-690=	Cisco Content Sec Cable Management Bracket for x690	Email Security Appliance	mechanical	layered	Secure Email and Web	(shared across the line)	Secure Email and Web shared parts	sku ^CCS-						
CCS-CABLEARM=	Cisco Content Sec Cable Management Arm	Email Security Appliance	mechanical	layered	Secure Email and Web	(shared across the line)	Secure Email and Web shared parts	sku ^CCS-						
CCS-CPU-E5-2609D	Content Sec 1.90 GHz E5-2609 v3/85W 6C/15MB Cache	Email Security Appliance	cpu	layered	Secure Email and Web	(shared across the line)	Secure Email and Web shared parts	sku ^CCS-						
CCS-CPU-E5-2620D	Content Sec 2.40 GHz E5-2620 v3/85W 6C/15MB Cache	Email Security Appliance	cpu	layered	Secure Email and Web	(shared across the line)	Secure Email and Web shared parts	sku ^CCS-						
CCS-CPU-E5-2680D	Content Sec 2.50 GHz E5-2680 v3/120W 12C/30MB Cache	Email Security Appliance	cpu	layered	Secure Email and Web	(shared across the line)	Secure Email and Web shared parts	sku ^CCS-						
CCS-CPU-E5-2690D	Content Sec 2.60 GHz E5-2690 v3/135W 12C/30MB Cache	Email Security Appliance	cpu	layered	Secure Email and Web	(shared across the line)	Secure Email and Web shared parts	sku ^CCS-						
CCS-CPU-I4310T	CCS M6 Intel 4310T 2.3GHz/105W 10C/15MB DDR4 2667MHz	Secure Web Appliance	cpu	layered	Secure Email and Web	(shared across the line)	Secure Email and Web shared parts	sku ^CCS-						
CCS-CPU-I6326	CCS Intel 6326 2.9GHz/185W 16C/24MB DDR4 3200MHz	Secure Web Appliance	cpu	layered	Secure Email and Web	(shared across the line)	Secure Email and Web shared parts	sku ^CCS-						
CCS-CPU-I6346	CCS Intel 6346 3.1GHz/205W 16C/36MB DDR4 3200MHz	Secure Web Appliance	cpu	layered	Secure Email and Web	(shared across the line)	Secure Email and Web shared parts	sku ^CCS-						
CCS-HD-250GB	Content Sec 250 GB HD for ESA C170, SMA M170, WSA S170	Secure Email and Web Manager	drive	layered	Secure Email and Web	(shared across the line)	Secure Email and Web shared parts	sku ^CCS-						
CCS-HD-250GB-	Content Sec 250 GB HD for ESA C170, SMA M170, WSA S170	Secure Email and Web Manager	drive	layered	Secure Email and Web	(shared across the line)	Secure Email and Web shared parts	sku ^CCS-						
CCS-HD-250GB=	Content Sec 250 GB HD for ESA C170, SMA M170, WSA S170	Secure Email and Web Manager	drive	layered	Secure Email and Web	(shared across the line)	Secure Email and Web shared parts	sku ^CCS-						
CCS-HD-300GB-	Cisco Content Sec 300 GB HD for ESA Cx70, X1070, SMA M670	Secure Email and Web Manager	drive	layered	Secure Email and Web	(shared across the line)	Secure Email and Web shared parts	sku ^CCS-						
CCS-HD-300GB=	Cisco Content Sec 300 GB HD for ESA Cx70, X1070, SMA M670	Secure Email and Web Manager	drive	layered	Secure Email and Web	(shared across the line)	Secure Email and Web shared parts	sku ^CCS-						
CCS-HD-600GB	Cisco Content Security 600GB hard drive for x80 appliances	Secure Email and Web Manager	drive	layered	Secure Email and Web	(shared across the line)	Secure Email and Web shared parts	sku ^CCS-						
CCS-HD-600GB=	Cisco Content Security 600GB hard drive for x80 Appliances	Secure Email and Web Manager	drive	layered	Secure Email and Web	(shared across the line)	Secure Email and Web shared parts	sku ^CCS-						
CCS-HD-BLANK=	Cisco Content Security Hard Drive Blank Slot Cover for x80	Secure Email and Web Manager	mechanical	layered	Secure Email and Web	(shared across the line)	Secure Email and Web shared parts	sku ^CCS-						
CCS-HDD-1.2TB10K	Cisco Content Security 1.2 TB 12G SAS 10K RPM SFF HDD	Secure Web Appliance	drive	layered	Secure Email and Web	(shared across the line)	Secure Email and Web shared parts	sku ^CCS-						
CCS-HDD-300GB	Cisco Content Security 300GB hard drive for x80 appliances	Secure Email and Web Manager	drive	layered	Secure Email and Web	(shared across the line)	Secure Email and Web shared parts	sku ^CCS-						
CCS-HDD-300GB=	Cisco Content Security 300GB hard drive for x80 appliances	Secure Email and Web Manager	drive	layered	Secure Email and Web	(shared across the line)	Secure Email and Web shared parts	sku ^CCS-						
CCS-HDD-600GB	Content Sec 600GB 12G SAS 10K RPM SFF HDD (4K)	Email Security Appliance	drive	layered	Secure Email and Web	(shared across the line)	Secure Email and Web shared parts	sku ^CCS-						
CCS-HDD-600GB-RV-A	Content Sec 600GB 12G SAS 10K RPM SFF HDD (4K) RV-A	Email Security Appliance	drive	layered	Secure Email and Web	(shared across the line)	Secure Email and Web shared parts	sku ^CCS-						
CCS-HDD-600GB10K=	Content Sec x95 600GB 12G SAS 10K RPM SFF HDD	Secure Web Appliance	drive	layered	Secure Email and Web	(shared across the line)	Secure Email and Web shared parts	sku ^CCS-						
CCS-HDD-600GB=	Content Sec 600GB 12G SAS 10K RPM SFF HDD (4K)	Email Security Appliance	drive	layered	Secure Email and Web	(shared across the line)	Secure Email and Web shared parts	sku ^CCS-						
CCS-HDD-600GBRV-A=	Content Sec 600GB 12G SAS 10K RPM SFF HDD (4K)-RV-A	Email Security Appliance	drive	layered	Secure Email and Web	(shared across the line)	Secure Email and Web shared parts	sku ^CCS-						
CCS-HDD-BLNK	Content Sec 2.5 inch HDD blanking panel	Email Security Appliance	mechanical	layered	Secure Email and Web	(shared across the line)	Secure Email and Web shared parts	sku ^CCS-						
CCS-HDD-BLNK=	Content Sec 2.5 inch HDD blanking panel	Email Security Appliance	mechanical	layered	Secure Email and Web	(shared across the line)	Secure Email and Web shared parts	sku ^CCS-						
CCS-HS-1U	Cisco Content Security heat sink for 1U	Email Security Appliance	mechanical	layered	Secure Email and Web	(shared across the line)	Secure Email and Web shared parts	sku ^CCS-						
CCS-HS-2U	Cisco Content Security heat sink for 2U	Email Security Appliance	mechanical	layered	Secure Email and Web	(shared across the line)	Secure Email and Web shared parts	sku ^CCS-						
CCS-LKFP	Cisco Content Sec Locking faceplate	Email Security Appliance	mechanical	layered	Secure Email and Web	(shared across the line)	Secure Email and Web shared parts	sku ^CCS-						
CCS-LKFP-2UX90	Cisco Content Sec Locking faceplate for 2U x90	Email Security Appliance	mechanical	layered	Secure Email and Web	(shared across the line)	Secure Email and Web shared parts	sku ^CCS-						
CCS-LKFP-2UX90=	Cisco Content Sec Locking faceplate for 2U x90	Email Security Appliance	mechanical	layered	Secure Email and Web	(shared across the line)	Secure Email and Web shared parts	sku ^CCS-						
CCS-LKFP-KEY=	Cisco Content Sec Locking faceplate key	Email Security Appliance	mechanical	layered	Secure Email and Web	(shared across the line)	Secure Email and Web shared parts	sku ^CCS-						
CCS-LKFP-X90	Cisco Content Sec Locking faceplate for 1U X90	Email Security Appliance	mechanical	layered	Secure Email and Web	(shared across the line)	Secure Email and Web shared parts	sku ^CCS-						
CCS-LKFP-X90=	Cisco Content Sec Locking faceplate for 1U X90	Email Security Appliance	mechanical	layered	Secure Email and Web	(shared across the line)	Secure Email and Web shared parts	sku ^CCS-						
CCS-M6-PCIE-ID10GF	Cisco Content Security Intel X710-DA2 dual-port 10G SFP+ NIC	Secure Web Appliance	nic	layered	Secure Email and Web	(shared across the line)	Secure Email and Web shared parts	sku ^CCS-						
CCS-M6-PCIE-IRJ45	Cisco Content Security Intel i350 Quad Port 1Gb Adapter	Secure Web Appliance	nic	layered	Secure Email and Web	(shared across the line)	Secure Email and Web shared parts	sku ^CCS-						
CCS-M6-PSU1-1050AC	Cisco Content Security AC Power Supply 1050W - x96 M6 Model	Secure Web Appliance	power	layered	Secure Email and Web	(shared across the line)	Secure Email and Web shared parts	sku ^CCS-						
CCS-M6-TPM2.0	Cisco Content Security M6 Trusted Platform Module TPM 2.0	Secure Web Appliance	tpm	layered	Secure Email and Web	(shared across the line)	Secure Email and Web shared parts	sku ^CCS-						
CCS-MEM-16GB1RW	Cisco Content Security 16GB RDIMM SRx4 3200 (8Gb)	Secure Web Appliance	memory	layered	Secure Email and Web	(shared across the line)	Secure Email and Web shared parts	sku ^CCS-						
CCS-MEM-32GB1RW	Cisco Content Security 32GB RDIMM SRx4 3200 (16Gb)	Secure Web Appliance	memory	layered	Secure Email and Web	(shared across the line)	Secure Email and Web shared parts	sku ^CCS-						
CCS-MEM-32GB2RW	Cisco Content Security 32GB RDIMM DRx4 3200 (8Gb)	Secure Web Appliance	memory	layered	Secure Email and Web	(shared across the line)	Secure Email and Web shared parts	sku ^CCS-						
CCS-MEM-8GB	Content Sec 8GB DDR4-2133-MHz RDIMM/PC4-17000	Email Security Appliance	memory	layered	Secure Email and Web	(shared across the line)	Secure Email and Web shared parts	sku ^CCS-						
CCS-MEM-8GB-RV-A	Content Sec x90 8GB DDR4-2400-MHz RDIMM/PC4-19200	Email Security Appliance	memory	layered	Secure Email and Web	(shared across the line)	Secure Email and Web shared parts	sku ^CCS-						
CCS-MEM-8GB-RV-B	Content Sec x90 8GB DDR4-2666-MHz RDIMM/PC4-21300	Email Security Appliance	memory	layered	Secure Email and Web	(shared across the line)	Secure Email and Web shared parts	sku ^CCS-						
CCS-MLOM-BLNK	Cisco Content Sec MLOM Blanking Panel	Email Security Appliance	mechanical	layered	Secure Email and Web	(shared across the line)	Secure Email and Web shared parts	sku ^CCS-						
CCS-MLOM-I-RJ45	Cisco Content Sec i350 MLOM NIC	Email Security Appliance	nic	layered	Secure Email and Web	(shared across the line)	Secure Email and Web shared parts	sku ^CCS-						
CCS-MRAID-12G	Cisco Content Sec 12G SAS Modular Raid Controller	Email Security Appliance	storage-controller	layered	Secure Email and Web	(shared across the line)	Secure Email and Web shared parts	sku ^CCS-						
CCS-MRAID-12G-1G	Cisco Content Sec 12Gbps SAS 1GB FBWC Cache module	Email Security Appliance	storage-controller	layered	Secure Email and Web	(shared across the line)	Secure Email and Web shared parts	sku ^CCS-						
CCS-MRAID-M6	CCS M6 12G SAS RAID Controller w/4GB FBWC (16 Drv) w/1U Brkt	Secure Web Appliance	storage-controller	layered	Secure Email and Web	(shared across the line)	Secure Email and Web shared parts	sku ^CCS-						
CCS-P-IQ10GC	Cisco Content Security Intel X710T4LG 4x10 GbE RJ45 PCIe NIC	Secure Web Appliance	nic	layered	Secure Email and Web	(shared across the line)	Secure Email and Web shared parts	sku ^CCS-						
CCS-P-IQ10GC=	Cisco Content Security Intel X710T4LG 4x10 GbE RJ45 PCIe NIC	Secure Web Appliance	nic	layered	Secure Email and Web	(shared across the line)	Secure Email and Web shared parts	sku ^CCS-						
CCS-PCI-X690	Right PCIe Riser Board (Riser 1) (3 x8) for 6 PCI slots	Email Security Appliance	compute	layered	Secure Email and Web	(shared across the line)	Secure Email and Web shared parts	sku ^CCS-						
CCS-PCIE-IQ10GF	Cisco Content Security Intel X710 quad-port 10G SFP+ NIC	Secure Web Appliance	nic	layered	Secure Email and Web	(shared across the line)	Secure Email and Web shared parts	sku ^CCS-						
CCS-PSU1-1050AC=	Cisco Content Sec AC Power Supply 1050W for x95 Appliance	Secure Web Appliance	power	layered	Secure Email and Web	(shared across the line)	Secure Email and Web shared parts	sku ^CCS-						
CCS-PWR-AC-650W	Cisco Content Sec AC Power Supply 650W for x80 Appliance	Secure Email and Web Manager	power	layered	Secure Email and Web	(shared across the line)	Secure Email and Web shared parts	sku ^CCS-						
CCS-PWR-AC-650W=	Cisco Content Sec AC Power Supply 650W for x80 Appliance	Secure Email and Web Manager	power	layered	Secure Email and Web	(shared across the line)	Secure Email and Web shared parts	sku ^CCS-						
CCS-PWR-AC-770W	Cisco Content Sec AC Power Supply 770W for x90 appliance	Email Security Appliance	power	layered	Secure Email and Web	(shared across the line)	Secure Email and Web shared parts	sku ^CCS-						
CCS-PWR-AC-770W/2	Cisco Content Sec AC Power Supply 770W for x90 appliance	Email Security Appliance	power	layered	Secure Email and Web	(shared across the line)	Secure Email and Web shared parts	sku ^CCS-						
CCS-PWR-AC-770W=	Cisco Content Sec AC Power Supply 770W for x90 appliance	Email Security Appliance	power	layered	Secure Email and Web	(shared across the line)	Secure Email and Web shared parts	sku ^CCS-						
CCS-PWR-AC-870W-	Content Sec AC Power Supply for ESA, WSA, SMA x70 Models	Secure Email and Web Manager	power	layered	Secure Email and Web	(shared across the line)	Secure Email and Web shared parts	sku ^CCS-						
CCS-PWR-AC-870W=	Content Sec AC Power Supply for ESA, WSA, SMA x70 Models	Secure Email and Web Manager	power	layered	Secure Email and Web	(shared across the line)	Secure Email and Web shared parts	sku ^CCS-						
CCS-PWR-ACV2-650W	Cisco Content Sec AC Power Supply 650W for x90 Appliance	Email Security Appliance	power	layered	Secure Email and Web	(shared across the line)	Secure Email and Web shared parts	sku ^CCS-						
CCS-PWR-ACV2-650W=	Cisco Content Sec AC Power Supply 650W for x90 Appliance	Email Security Appliance	power	layered	Secure Email and Web	(shared across the line)	Secure Email and Web shared parts	sku ^CCS-						
CCS-PWR-BLNK	Cisco Content Sec Power Supply Blanking Panel	Email Security Appliance	mechanical	layered	Secure Email and Web	(shared across the line)	Secure Email and Web shared parts	sku ^CCS-						
CCS-PWR-BLNK=	Cisco Content Sec Power Supply Blanking Panel	Email Security Appliance	mechanical	layered	Secure Email and Web	(shared across the line)	Secure Email and Web shared parts	sku ^CCS-						
CCS-PWR-DC-930W	Cisco Content Sec DC Power Supply 930W for X80 Appliance	Secure Email and Web Manager	power	layered	Secure Email and Web	(shared across the line)	Secure Email and Web shared parts	sku ^CCS-						
CCS-PWR-DC-930W=	Cisco Content Sec DC Power Supply 930W for X80 Appliance	Secure Email and Web Manager	power	layered	Secure Email and Web	(shared across the line)	Secure Email and Web shared parts	sku ^CCS-						
CCS-RAID-M6SD	CCS M6 12G SAS RAID Controller with 4GB FBWC (28 Drives)	Secure Web Appliance	storage-controller	layered	Secure Email and Web	(shared across the line)	Secure Email and Web shared parts	sku ^CCS-						
CCS-RAIL=	Cisco Content Security Spare Rail Kit	Secure Email and Web Manager	mechanical	layered	Secure Email and Web	(shared across the line)	Secure Email and Web shared parts	sku ^CCS-						
CCS-RAILS-170=	Content Sec Platform Rails for x170,4 Post Racks, Square Hole	Secure Email and Web Manager	mechanical	layered	Secure Email and Web	(shared across the line)	Secure Email and Web shared parts	sku ^CCS-						
CCS-RAILS-4SQ=	Content Sec Platform Rails for Four Post Racks, Square Holes	Secure Email and Web Manager	mechanical	layered	Secure Email and Web	(shared across the line)	Secure Email and Web shared parts	sku ^CCS-						
CCS-RIS1A-240M6	CCS C240 M6 Riser1A; (x8;x16x, x8); StBkt; (CPU1)	Secure Web Appliance	compute	layered	Secure Email and Web	(shared across the line)	Secure Email and Web shared parts	sku ^CCS-						
CCS-RIS2A-240M6	CCS C240 / C245 M6 Riser2A; (x8;x16;x8);StBkt; (CPU2)	Secure Web Appliance	compute	layered	Secure Email and Web	(shared across the line)	Secure Email and Web shared parts	sku ^CCS-						
CCS-X90RAIL=	Cisco Content Sec Rail Kit for x90 Appliance	Email Security Appliance	mechanical	layered	Secure Email and Web	(shared across the line)	Secure Email and Web shared parts	sku ^CCS-						
CSACS-3415-K9	ACS application & BASE license for SNS-3415-K9 appliance	Identity Services Engine	non-hardware	pending_plan								class license		
CSACS-3415-UP-K9	Upgrade to ACS application on SNS-3415-K9 appl. w/ BASE lic.	Identity Services Engine	non-hardware	pending_plan								class license		
CSACS-3495-K9	ACS SW application & BASE license for SNS-3495-K9 appliance	Identity Services Engine	non-hardware	pending_plan								class license		
CSACS-3495-UP-K9	Upgrade to ACS application on SNS-3495-K9 appl. w/ BASE lic.	Identity Services Engine	non-hardware	pending_plan								class license		
CSACS-ACCYKIT	Accessory Kit for Access Control System SW on 3415-appliance	Identity Services Engine	accessory	layered	Identity Services Engine	(shared across the line)	Identity Services Engine shared parts	label-unsupported (label Identity Services Engine; was Secure Network Server (SNS) appliances): no series token in the SKU or name, no compatible part placed in the series						none: no series token in the SKU or name, no compatible part placed in the series
CSF1200-CBL-MGMT=	Secure Firewall 1200 Series cable management accessory	4100 Firepower	mechanical	layered	Secure Firewall and Firepower		Secure Firewall 1200	sku ^CSF-?12						
CSF1200-SSD960=	Secure Firewall 1200 Series SSD, 960GB (1U models)	Secure Firewall 1200 Series	drive	layered	Secure Firewall and Firepower		Secure Firewall 1200	sku ^CSF-?12						
CSF1200C-PWR-AC	Secure Firewall 1200 Series Compact power supply (without PoE)	Secure Firewall 1200 Series	power	layered	Secure Firewall and Firepower		Secure Firewall 1200	sku ^CSF-?12						
CSF1200C-PWR-AC=	Secure Firewall 1200 Series power supply, compact models without PoE	4100 Firepower	power	layered	Secure Firewall and Firepower		Secure Firewall 1200	sku ^CSF-?12						
CSF1200C-RACK-MNT=	Secure Firewall 1200 Series Compact appliance rack-mount kit (compact models)	Secure Firewall 1200 Series	mechanical	layered	Secure Firewall and Firepower		Secure Firewall 1200	sku ^CSF-?12						
CSF1200C-WALL-MNT=	Secure Firewall 1200 Series Compact appliance wall-mount kit (compact models)	Secure Firewall 1200 Series	mechanical	layered	Secure Firewall and Firepower		Secure Firewall 1200	sku ^CSF-?12						
CSF1200CP-PWR-AC	Secure Firewall 1200 Series Compact power supply (with PoE)	Secure Firewall 1200 Series	power	layered	Secure Firewall and Firepower		Secure Firewall 1200	sku ^CSF-?12						
CSF1200CP-PWR-AC=	Secure Firewall 1200 Series power supply, compact models with PoE	4100 Firepower	power	layered	Secure Firewall and Firepower		Secure Firewall 1200	sku ^CSF-?12						
CSF1210CE-ASA-K9	Secure Firewall 1210 compact security appliance with ASA software	Secure Firewall 1200 Series	firewall	layered	Secure Firewall and Firepower		Secure Firewall 1200	sku ^CSF-?12						
CSF1210CE-TD-K9	Secure Firewall 1210 compact security appliance with Threat Defense software	Secure Firewall 1200 Series	firewall	layered	Secure Firewall and Firepower		Secure Firewall 1200	sku ^CSF-?12						
CSF1210CP-ASA-K9	Secure Firewall 1210 compact security appliance with PoE, ASA software	Secure Firewall 1200 Series	firewall	layered	Secure Firewall and Firepower		Secure Firewall 1200	sku ^CSF-?12						
CSF1210CP-TD-K9	Secure Firewall 1210 compact security appliance with PoE, Threat Defense software	Secure Firewall 1200 Series	firewall	layered	Secure Firewall and Firepower		Secure Firewall 1200	sku ^CSF-?12						
CSF1220CX-ASA-K9	Cisco Secure Firewall 1220 Compact Appliance with 10G SFP+, ASA software	Secure Firewall 1200 Series	firewall	layered	Secure Firewall and Firepower		Secure Firewall 1200	sku ^CSF-?12						
CSF1220CX-TD-K9	Cisco Secure Firewall 1220 Compact Appliance with 10G SFP+, Threat Defense software	Secure Firewall 1200 Series	firewall	layered	Secure Firewall and Firepower		Secure Firewall 1200	sku ^CSF-?12						
CSF1230-ASA-K9	Secure Firewall 1230 security appliance with ASA software	Secure Firewall 1200 Series	firewall	layered	Secure Firewall and Firepower		Secure Firewall 1200	sku ^CSF-?12						
CSF1230-TD-K9	Secure Firewall 1230 security appliance with Threat Defense software	Secure Firewall 1200 Series	firewall	layered	Secure Firewall and Firepower		Secure Firewall 1200	sku ^CSF-?12						
CSF1240-ASA-K9	Cisco Secure Firewall 1240 Appliance, ASA software	4100 Firepower	firewall	layered	Secure Firewall and Firepower		Secure Firewall 1200	sku ^CSF-?12						
CSF1240-TD-K9	Secure Firewall 1240 security appliance with Threat Defense software	Secure Firewall 1200 Series	firewall	layered	Secure Firewall and Firepower		Secure Firewall 1200	sku ^CSF-?12						
CSF12400-ASA-K9	Secure Firewall 1240 security appliance with ASA software	Secure Firewall 1200 Series	firewall	layered	Secure Firewall and Firepower		Secure Firewall 1200	sku ^CSF-?12						
CSF1250-ASA-K9	Secure Firewall 1250 security appliance with ASA software	Secure Firewall 1200 Series	firewall	layered	Secure Firewall and Firepower		Secure Firewall 1200	sku ^CSF-?12						
CSF1250-TD-K9	Secure Firewall 1250 security appliance with Threat Defense software	Secure Firewall 1200 Series	firewall	layered	Secure Firewall and Firepower		Secure Firewall 1200	sku ^CSF-?12						
CSF200-CBL-MGMT=	Cisco Secure Firewall 200 Series cable management	4100 Firepower	mechanical	layered	Secure Firewall and Firepower		Secure Firewall 200	sku ^CSF-?2[0-9]{2}(?![0-9])						
CSF200-ENC-K9	Cisco Firewall 200 Series ASA Strong Encryption (3DES/AES)	4100 Firepower	firewall	layered	Secure Firewall and Firepower		Secure Firewall 200	sku ^CSF-?2[0-9]{2}(?![0-9])						
CSF200-RCKMNT-FX=	Cisco Secure Firewall Rackmount Kit, w/Fixed Brackets for CSF220	4100 Firepower	mechanical	layered	Secure Firewall and Firepower		Secure Firewall 200	sku ^CSF-?2[0-9]{2}(?![0-9])						
CSF200-RCKMNT-SR=	Cisco Secure Firewall Rackmount Kit, w/Slide Rails for CSF220/	4100 Firepower	mechanical	layered	Secure Firewall and Firepower		Secure Firewall 200	sku ^CSF-?2[0-9]{2}(?![0-9])						
CSF200-WALL-MNT=	Cisco Secure Firewall 200 Series Wall-Mount kit	4100 Firepower	mechanical	layered	Secure Firewall and Firepower		Secure Firewall 200	sku ^CSF-?2[0-9]{2}(?![0-9])						
CSF220-ASA-K9	Cisco Secure Firewall 220 Appliance, ASA	200 Secure	firewall	layered	Secure Firewall and Firepower		Secure Firewall 200	sku ^CSF-?2[0-9]{2}(?![0-9])						
CSF220-TD-K9	Cisco Secure Firewall 220 Appliance, Threat Defense	200 Secure	firewall	layered	Secure Firewall and Firepower		Secure Firewall 200	sku ^CSF-?2[0-9]{2}(?![0-9])						
CSF6100-ACC-KIT	Cisco Secure Firewall 6100 HW Acc Kit (Rack Mounts, Cables)	4100 Firepower	mechanical	layered	Secure Firewall and Firepower		Secure Firewall 6100	sku ^CSF-?6						
CSF6100-CBL-MGMT	Cisco Secure Firewall 6100 Cable Management Brackets	4100 Firepower	mechanical	layered	Secure Firewall and Firepower		Secure Firewall 6100	sku ^CSF-?6						
CSF6100-ENC-K9	Cisco Secure Firewall 6100 Strong Encryption (3DES/AES)	4100 Firepower	firewall	layered	Secure Firewall and Firepower		Secure Firewall 6100	sku ^CSF-?6						
CSF6100-FAN	Cisco Secure Firewall 6100 Series Fan	4100 Firepower	fan	layered	Secure Firewall and Firepower		Secure Firewall 6100	sku ^CSF-?6						
CSF6100-FTD-HA-BUN	Cisco Secure Firewall 6100 series Two Unit High Availability Bundle (will order 2 identical chassis and software subscriptions to be configured as a high-availability pair)	4100 Firepower	firewall	layered	Secure Firewall and Firepower		Secure Firewall 6100	sku ^CSF-?6						
CSF6100-MEM-C1X64-	Memory DIMM for Cisco Secure Firewall 6160 CPU - 1x64GB	4100 Firepower	memory	layered	Secure Firewall and Firepower		Secure Firewall 6100	sku ^CSF-?6						
CSF6100-MEM-C1X64=	Memory DIMM for Cisco Secure Firewall 6160 CPU - 1x64GB	4100 Firepower	memory	layered	Secure Firewall and Firepower		Secure Firewall 6100	sku ^CSF-?6						
CSF6100-NM-BLANK	Cisco Secure Firewall 6100 Network Module Blank Slot Cover	4100 Firepower	mechanical	layered	Secure Firewall and Firepower		Secure Firewall 6100	sku ^CSF-?6						
CSF6100-NM-BLANK=	Cisco Secure Firewall 6100 Network Module Blank Slot Cover	4100 Firepower	mechanical	layered	Secure Firewall and Firepower		Secure Firewall 6100	sku ^CSF-?6						
CSF6100-PWR-AC	Cisco Secure Firewall 6100 Series AC/HVAC/HVDC Power Supply	4100 Firepower	power	layered	Secure Firewall and Firepower		Secure Firewall 6100	sku ^CSF-?6						
CSF6100-SLD-RAILS	Cisco Secure Firewall 6100 Slide Rail Kit	4100 Firepower	mechanical	layered	Secure Firewall and Firepower		Secure Firewall 6100	sku ^CSF-?6						
CSF6100-SSD3600	Cisco Secure Firewall 6100 Series 3.6TB SSD/SED - 6160	4100 Firepower	drive	layered	Secure Firewall and Firepower		Secure Firewall 6100	sku ^CSF-?6						
CSF6100-SSD3600=	Cisco Secure Firewall 6100 Series 3.6TB SSD/SED - 6160	4100 Firepower	drive	layered	Secure Firewall and Firepower		Secure Firewall 6100	sku ^CSF-?6						
CSF6100-SSD7200	Cisco Secure Firewall 6100 Series 7.2TB SSD/SED - 6170	4100 Firepower	drive	layered	Secure Firewall and Firepower		Secure Firewall 6100	sku ^CSF-?6						
CSF6100-SSD7200=	Cisco Secure Firewall 6100 Series 7.2TB SSD/SED - 6170	4100 Firepower	drive	layered	Secure Firewall and Firepower		Secure Firewall 6100	sku ^CSF-?6						
CSF6160-A-ASA-K9	Cisco Secure Firewall 6160 Appliance, ASA	Secure Firewall 6100 Series	firewall	layered	Secure Firewall and Firepower		Secure Firewall 6100	sku ^CSF-?6						
CSF6160-A-TD-K9	Cisco Secure Firewall 6160 Appliance, Threat Defense	Secure Firewall 6100 Series	firewall	layered	Secure Firewall and Firepower		Secure Firewall 6100	sku ^CSF-?6						
CSF6170-A-ASA-K9	Cisco Secure Firewall 6170 Appliance, ASA	Secure Firewall 6100 Series	firewall	layered	Secure Firewall and Firepower		Secure Firewall 6100	sku ^CSF-?6						
CSF6170-A-TD-K9	Cisco Secure Firewall 6170 Appliance, Threat Defense	Secure Firewall 6100 Series	firewall	layered	Secure Firewall and Firepower		Secure Firewall 6100	sku ^CSF-?6						
CSF6K-XNM-2X100G	Cisco Secure Firewall 6100 2X100G QSFP+ Netmod	4100 Firepower	module	layered	Secure Firewall and Firepower		Secure Firewall 6100	sku ^CSF-?6						
CSF6K-XNM-2X400G	Cisco Secure Firewall 6100 2X400G QSFP+ Netmod	4100 Firepower	module	layered	Secure Firewall and Firepower		Secure Firewall 6100	sku ^CSF-?6						
CSF6K-XNM-4X200G	Cisco Secure Firewall 6100 4X200G Netmod	4100 Firepower	module	layered	Secure Firewall and Firepower		Secure Firewall 6100	sku ^CSF-?6						
CSF6K-XNM-4X40G	Cisco Secure Firewall 6100 4X40G QSFP+ Netmod	4100 Firepower	module	layered	Secure Firewall and Firepower		Secure Firewall 6100	sku ^CSF-?6						
CSF6K-XNM-6X10LRF	Cisco Secure Firewall 6100 6X10G FTW Netmod, LR-Singlemode	4100 Firepower	module	layered	Secure Firewall and Firepower		Secure Firewall 6100	sku ^CSF-?6						
CSF6K-XNM-6X10SRF	Cisco Secure Firewall 6100 6X10G FTW Netmod, SR-Multimode	4100 Firepower	module	layered	Secure Firewall and Firepower		Secure Firewall 6100	sku ^CSF-?6						
CSF6K-XNM-6X25LRF	Cisco Secure Firewall 6100 6X25G FTW Netmod, LR-Singlemode	4100 Firepower	module	layered	Secure Firewall and Firepower		Secure Firewall 6100	sku ^CSF-?6						
CSF6K-XNM-6X25SRF	Cisco Secure Firewall 6100 6X25G FTW Netmod, SR-Multimode	4100 Firepower	module	layered	Secure Firewall and Firepower		Secure Firewall 6100	sku ^CSF-?6						
CSF6K-XNM-8X10G	Cisco Secure Firewall 6100 8X10G SFP+ Netmod	4100 Firepower	module	layered	Secure Firewall and Firepower		Secure Firewall 6100	sku ^CSF-?6						
CSF6K-XNM-8X25G	Cisco Secure Firewall 6100 8X25G ZSFP Netmod	4100 Firepower	module	layered	Secure Firewall and Firepower		Secure Firewall 6100	sku ^CSF-?6						
CSM-CPU-E5-22640	2.50 GHz E5-2640/95W 6C/15MB Cache/DDR3 1333MHz	Security Manager	cpu	layered	Security Manager and Secure Workload		Security Manager (CSM) appliances	sku ^CSM						
CSM-CPU-E5-2630B	2.60 GHz E5-2630 v2/80W 6C/15MB Cache/DDR3 1600MHz	Security Manager	cpu	layered	Security Manager and Secure Workload		Security Manager (CSM) appliances	sku ^CSM						
CSM-CPU-E5-2640	2.50 GHz E5-2640/95W 6C/15MB Cache/DDR3 1333MHz	Security Manager	cpu	layered	Security Manager and Secure Workload		Security Manager (CSM) appliances	sku ^CSM						
CSM-DVD-RW	DVD-RW Drive for UCS C210 M1 Rack Servers	Security Manager	drive	layered	Security Manager and Secure Workload		Security Manager (CSM) appliances	sku ^CSM						
CSM-HDD-500GBGC3	500GB 6Gb SATA 7.2K RPM SFF hot plug/drive sled mounted	Security Manager	drive	layered	Security Manager and Secure Workload		Security Manager (CSM) appliances	sku ^CSM						
CSM-HDD-500GBGC3=	500GB 6Gb SATA 7.2K RPM SFF hot plug/drive sled mounted	Security Manager	drive	layered	Security Manager and Secure Workload		Security Manager (CSM) appliances	sku ^CSM						
CSM-MR-1X041RX-A	4GB DDR3-1600MHz	Security Manager	memory	layered	Security Manager and Secure Workload		Security Manager (CSM) appliances	sku ^CSM						
CSM-MR-1X041RY-A	4GB DDR3-1600MHz	Security Manager	memory	layered	Security Manager and Secure Workload		Security Manager (CSM) appliances	sku ^CSM						
CSM-PSU-650W	650W power supply for C-series rack servers	Security Manager	power	layered	Security Manager and Secure Workload		Security Manager (CSM) appliances	sku ^CSM						
CSM-PSU-650W=	650W power supply for C-series rack servers	Security Manager	power	layered	Security Manager and Secure Workload		Security Manager (CSM) appliances	sku ^CSM						
CSM-RAID-9266	MegaRAID 9266-8i + battery backup for C240 and C220	ASA 5500 Series Next Generation	storage-controller	layered	Security Manager and Secure Workload		Security Manager (CSM) appliances	sku ^CSM						
CSM-RAID-9271	MegaRAID 9271CV with 8 internal SAS/SATA ports with Supercap	Security Manager	storage-controller	layered	Security Manager and Secure Workload		Security Manager (CSM) appliances	sku ^CSM						
CSM4-UCS2-150-HW	CSM UCS bundle to manage 150 devices	Security Manager	management	layered	Security Manager and Secure Workload		Security Manager (CSM) appliances	sku ^CSM						
CSM4-UCS2-150-K9	Cisco Security Manager UCS bundle with 150 device License	Security Manager	management	layered	Security Manager and Secure Workload		Security Manager (CSM) appliances	sku ^CSM						
CSM4-UCS2-50-HW	CSM UCS bundle to manage 50 devices	Security Manager	management	layered	Security Manager and Secure Workload		Security Manager (CSM) appliances	sku ^CSM						
CSM4-UCS2-50-K9	Cisco Security Manager UCS bundle with 50 device License	Security Manager	management	layered	Security Manager and Secure Workload		Security Manager (CSM) appliances	sku ^CSM						
CV-BBLKD-M8	Cisco CV-BBLKD-M8	Cyber Vision	accessory	layered	Cyber Vision		Cyber Vision Center appliances	sku ^CV-						
CV-BBLKD-S2	Cyber Vision Center UCS C-Series M5 SFF drive blanking panel	Cyber Vision	mechanical	layered	Cyber Vision		Cyber Vision Center appliances	sku ^CV-						
CV-CNTR-M5S3	Cyber Vision Center Appliance M5S3	Cyber Vision	analytics	layered	Cyber Vision		Cyber Vision Center appliances	sku ^CV-						
CV-CNTR-M5S3=	Cyber Vision Center Appliance M5S3 Spare	Cyber Vision	analytics	layered	Cyber Vision		Cyber Vision Center appliances	sku ^CV-						
CV-CNTR-M5S5	Cyber Vision Center Appliance M5S5	Cyber Vision	analytics	layered	Cyber Vision		Cyber Vision Center appliances	sku ^CV-						
CV-CNTR-M5S5=	Cyber Vision Center Appliance M5S5 Spare	Cyber Vision	analytics	layered	Cyber Vision		Cyber Vision Center appliances	sku ^CV-						
CV-CNTR-M6N	Cyber Vision Center Appliance M6N	Cyber Vision	analytics	layered	Cyber Vision		Cyber Vision Center appliances	sku ^CV-						
CV-CNTR-M6N=	Cyber Vision Center Appliance M6N Spare	Cyber Vision	analytics	layered	Cyber Vision		Cyber Vision Center appliances	sku ^CV-						
CV-CNTR-M8N	Cyber Vision Center hardware appliance ( Cisco UCS C225 M8 Rack Server )	Cyber Vision	analytics	layered	Cyber Vision		Cyber Vision Center appliances	sku ^CV-						
CV-CNTR-M8N=	Cisco CV-CNTR-M8N=	Cyber Vision	analytics	layered	Cyber Vision		Cyber Vision Center appliances	sku ^CV-						
CV-CPU-A7443P	AMD 2.85GHz 7443P 200W 24C/128MB Cache DDR4 3200MHz	Cyber Vision	cpu	layered	Cyber Vision		Cyber Vision Center appliances	sku ^CV-						
CV-CPU-A9355P	Cisco CV-CPU-A9355P	Cyber Vision	cpu	layered	Cyber Vision		Cyber Vision Center appliances	sku ^CV-						
CV-CPU-I4210R	Intel 4210R 2.4GHz/100W 10C/13.75MB DDR4 2400MHz	Cyber Vision	cpu	layered	Cyber Vision		Cyber Vision Center appliances	sku ^CV-						
CV-CPU-I5218	Intel 5218 2.3GHz/125W 16C/22MB DCP DDR4 2666MHz	Cyber Vision	cpu	layered	Cyber Vision		Cyber Vision Center appliances	sku ^CV-						
CV-MR-X16G1RT-H	Cyber Vision Center 16GB DDR4-2933-MHz RDIMM/1Rx4/1.2v	Cyber Vision	memory	layered	Cyber Vision		Cyber Vision Center appliances	sku ^CV-						
CV-MR-X16G1RW	16GB RDIMM SRx4 3200 (8Gb) for Cyber Vision Center	Cyber Vision	memory	layered	Cyber Vision		Cyber Vision Center appliances	sku ^CV-						
CV-MRX16G1RE5	Cisco CV-MRX16G1RE5	Cyber Vision	memory	layered	Cyber Vision		Cyber Vision Center appliances	sku ^CV-						
CV-NVB1T6M2P	Cisco CV-NVB1T6M2P	Cyber Vision	drive	layered	Cyber Vision		Cyber Vision Center appliances	sku ^CV-						
CV-NVME4-1600	1.6TB 2.5in U.2 15mm P5620 Hg Perf Hg End NVMe (3X)	Cyber Vision	drive	layered	Cyber Vision		Cyber Vision Center appliances	sku ^CV-						
CV-NVMEG4-M1600	1.6TB 2.5in U.3 15mm P7450 Hg Perf Hg End NVMe (3X)	Cyber Vision	drive	layered	Cyber Vision		Cyber Vision Center appliances	sku ^CV-						
CV-NVMEG4-M1600=	^1.6TB 2.5in U.3 15mm P7450 Hg Perf Hg End NVMe (3X)	Cyber Vision	drive	layered	Cyber Vision		Cyber Vision Center appliances	sku ^CV-						
CV-PSU-M5BLK	Cyber Vision Center UCS C-Series M5 PSU blanking panel	Cyber Vision	power	layered	Cyber Vision		Cyber Vision Center appliances	sku ^CV-						
CV-PSU1-1050W	Cyber Vision Cisco UCS 1050W AC Power Supply for Rack Server	Cyber Vision	power	layered	Cyber Vision		Cyber Vision Center appliances	sku ^CV-						
CV-PSU1-1200W-D	Cisco CV-PSU1-1200W-D	Cyber Vision	power	layered	Cyber Vision		Cyber Vision Center appliances	sku ^CV-						
CV-RAID-M5	Cyber Vision 12G Modular RAID controller with 2GB cache	Cyber Vision	storage-controller	layered	Cyber Vision		Cyber Vision Center appliances	sku ^CV-						
CV-TPM2-002B-C	Trusted Platform Module2.0 UCS servers(FIPS 140-2 Compliant)	Cyber Vision	tpm	layered	Cyber Vision		Cyber Vision Center appliances	sku ^CV-						
CV-TPM2-002D-D	Cisco CV-TPM2-002D-D	Cyber Vision	tpm	layered	Cyber Vision		Cyber Vision Center appliances	sku ^CV-						
ESA-C170-K9	ESA C170 Email Security Appliance with Software	Secure Web Appliance	email-gateway	layered	Secure Email and Web		Email Security Appliance (ESA)	sku ^ESA-						
ESA-C190-K9	ESA C190 Email Security Appliance	Email Security Appliance	email-gateway	layered	Secure Email and Web		Email Security Appliance (ESA)	sku ^ESA-						
ESA-C190-PR-K9	ESA C190 Multi Year AMP Attach Promo	Email Security Appliance	email-gateway	layered	Secure Email and Web		Email Security Appliance (ESA)	sku ^ESA-						
ESA-C195-K9	ESA C195 Email Security Appliance	Email Security Appliance	email-gateway	layered	Secure Email and Web		Email Security Appliance (ESA)	sku ^ESA-						
ESA-C195-PR-K9	ESA C195 Promotional Price with EMAIL Security Inb/Prem Plus	Email Security Appliance	email-gateway	layered	Secure Email and Web		Email Security Appliance (ESA)	sku ^ESA-						
ESA-C370-K9	ESA C370 Email Security Appliance with Software	Secure Web Appliance	email-gateway	layered	Secure Email and Web		Email Security Appliance (ESA)	sku ^ESA-						
ESA-C370-NT-K9	ESA C370 Email Security Appliance for China	Secure Web Appliance	email-gateway	layered	Secure Email and Web		Email Security Appliance (ESA)	sku ^ESA-						
ESA-C380-K9	ESA C380 Email Security Appliance with Software	Secure Web Appliance	email-gateway	layered	Secure Email and Web		Email Security Appliance (ESA)	sku ^ESA-						
ESA-C390-K9	ESA C390 Email Security Appliance	Email Security Appliance	email-gateway	layered	Secure Email and Web		Email Security Appliance (ESA)	sku ^ESA-						
ESA-C390-PR-K9	ESA C390 Multi Year AMP Attach Promo	Email Security Appliance	email-gateway	layered	Secure Email and Web		Email Security Appliance (ESA)	sku ^ESA-						
ESA-C395-K9	ESA C395 Email Security Appliance	Email Security Appliance	email-gateway	layered	Secure Email and Web		Email Security Appliance (ESA)	sku ^ESA-						
ESA-C395-PR-K9	ESA C395 Promotional Price with EMAIL Security Inb/Prem Plus	Email Security Appliance	email-gateway	layered	Secure Email and Web		Email Security Appliance (ESA)	sku ^ESA-						
ESA-C670-K9	ESA C670 Email Security Appliance with Software	Secure Web Appliance	email-gateway	layered	Secure Email and Web		Email Security Appliance (ESA)	sku ^ESA-						
ESA-C680-10G-FP-K9	ESA C680 FIPS Compliant Email appliance 10G and locking FP	Secure Web Appliance	email-gateway	layered	Secure Email and Web		Email Security Appliance (ESA)	sku ^ESA-						
ESA-C680-10G-K9	ESA C680 Email Security with 10GE Fiber Interfaces	Secure Web Appliance	email-gateway	layered	Secure Email and Web		Email Security Appliance (ESA)	sku ^ESA-						
ESA-C680-10G-LF-K9	ESA C680 Email Security with 10GE and locking FP	Secure Web Appliance	email-gateway	layered	Secure Email and Web		Email Security Appliance (ESA)	sku ^ESA-						
ESA-C680-1G-FP-K9	ESA C680 FIPS Compliant Email appliance 1G and locking FP	Secure Web Appliance	email-gateway	layered	Secure Email and Web		Email Security Appliance (ESA)	sku ^ESA-						
ESA-C680-1G-K9	ESA C680 Email Security with 1GE Fiber interfaces	Secure Web Appliance	email-gateway	layered	Secure Email and Web		Email Security Appliance (ESA)	sku ^ESA-						
ESA-C680-1G-LF-K9	ESA C680 Email Security with 1GE and locking FP	Secure Web Appliance	email-gateway	layered	Secure Email and Web		Email Security Appliance (ESA)	sku ^ESA-						
ESA-C680-FP-K9	ESA C680 FIPS Compliant Email appliance with locking FP	Secure Web Appliance	email-gateway	layered	Secure Email and Web		Email Security Appliance (ESA)	sku ^ESA-						
ESA-C680-K9	ESA C680 Email Security Appliance with Software	Secure Web Appliance	email-gateway	layered	Secure Email and Web		Email Security Appliance (ESA)	sku ^ESA-						
ESA-C680-KEY=	Replacement Key for ESA C680 locking faceplate appliance	Secure Email and Web Manager	email-gateway	layered	Secure Email and Web		Email Security Appliance (ESA)	sku ^ESA-						
ESA-C680-LKFP-K9	ESA C680 Email Security Appliance with Locking Faceplate	Secure Web Appliance	email-gateway	layered	Secure Email and Web		Email Security Appliance (ESA)	sku ^ESA-						
ESA-C690-10G-K9	ESA C690 Email Security with 10 GE Fiber interfaces	Email Security Appliance	email-gateway	layered	Secure Email and Web		Email Security Appliance (ESA)	sku ^ESA-						
ESA-C690-1G-K9	ESA C690 Email Security with 1GE Fiber interfaces	Email Security Appliance	email-gateway	layered	Secure Email and Web		Email Security Appliance (ESA)	sku ^ESA-						
ESA-C690-K9	ESA C690 Email Security Appliance	Email Security Appliance	email-gateway	layered	Secure Email and Web		Email Security Appliance (ESA)	sku ^ESA-						
ESA-C690X-K9	ESA C690 Email Security Appliance with Extended HDD capacity	Email Security Appliance	email-gateway	layered	Secure Email and Web		Email Security Appliance (ESA)	sku ^ESA-						
ESA-C695-K9	ESA C695 Email Security Appliance	Email Security Appliance	email-gateway	layered	Secure Email and Web		Email Security Appliance (ESA)	sku ^ESA-						
ESA-C695-PR-K9	ESA C695 Promotional Price with EMAIL Security Inb/Prem Plus	Email Security Appliance	email-gateway	layered	Secure Email and Web		Email Security Appliance (ESA)	sku ^ESA-						
ESA-C695F-K9	ESA C695 Fiber Email Security Appliance	Email Security Appliance	email-gateway	layered	Secure Email and Web		Email Security Appliance (ESA)	sku ^ESA-						
ESA-C695F-PR-K9	ESA C695F Promotional Price w EMAIL Security Inb/Prem Plus	Email Security Appliance	email-gateway	layered	Secure Email and Web		Email Security Appliance (ESA)	sku ^ESA-						
ESA-C695FCHAS-K9	ESA C695 Fiber Chassis Email Security Appliance	Email Security Appliance	email-gateway	layered	Secure Email and Web		Email Security Appliance (ESA)	sku ^ESA-						
ESA-X1070-FI-K9	ESA X1070 Email Security Appliance with 2GE Fiber	Secure Web Appliance	email-gateway	layered	Secure Email and Web		Email Security Appliance (ESA)	sku ^ESA-						
ESA-X1070-FPLT	ESA Locking Faceplate for X1070	Secure Email and Web Manager	mechanical	layered	Secure Email and Web		Email Security Appliance (ESA)	sku ^ESA-						
ESA-X1070-FPLT=	ESA Locking Faceplate for X1070	Secure Email and Web Manager	mechanical	layered	Secure Email and Web		Email Security Appliance (ESA)	sku ^ESA-						
ESA-X1070-K9	ESA X1070 Email Security Appliance with Software	Secure Web Appliance	email-gateway	layered	Secure Email and Web		Email Security Appliance (ESA)	sku ^ESA-						
ESA-X1070-NT-K9	ESA X1070 Email Security Appliance for China	Secure Web Appliance	email-gateway	layered	Secure Email and Web		Email Security Appliance (ESA)	sku ^ESA-						
F4110-ASA-NGFW-BUN	Firepower 4110 ASA + NGFW Bundle	Firepower NGFW	firewall	layered	Secure Firewall and Firepower		Firepower 4100	sku ^F41[0-9]{2}						
F4120-ASA-NGFW-BUN	Firepower 4120 ASA + NGFW Bundle	Firepower 9300 Series	firewall	layered	Secure Firewall and Firepower		Firepower 4100	sku ^F41[0-9]{2}						
F4140-ASA-NGFW-BUN	Firepower 4140 ASA + NGFW Bundle	Firepower 9300 Series	firewall	layered	Secure Firewall and Firepower		Firepower 4100	sku ^F41[0-9]{2}						
F4150-ASA-NGFW-BUN	Firepower 4150 ASA + NGFW Bundle	Firepower 9300 Series	firewall	layered	Secure Firewall and Firepower		Firepower 4100	sku ^F41[0-9]{2}						
FMC-CPU-E52620E	Cisco 2.10 GHz E5-2620 v4/85W 8C/20MB Cache/DDR4 2133MHz	Defense Center	cpu	layered	Secure Firewall Management Center		Management Center / FireSIGHT appliances	sku ^FMC						
FMC-M5-CPU-4110	Cisco FMC 2.1 GHz 4110 Processor, 11MB Cache, 8 Core	Defense Center	cpu	layered	Secure Firewall Management Center		Management Center / FireSIGHT appliances	sku ^FMC						
FMC-M5-CPU-4116	Cisco FMC 2.1 GHz 4116 Processor, 16.50MB Cache, 12 Core	Defense Center	cpu	layered	Secure Firewall Management Center		Management Center / FireSIGHT appliances	sku ^FMC						
FMC-M5-CPU-I4214	Cisco FMC 2.4 GHz 4214 Processor, 12MB Cache, 12 Core	Defense Center	cpu	layered	Secure Firewall Management Center		Management Center / FireSIGHT appliances	sku ^FMC						
FMC-M5-CPU-I4215	Cisco FMC 2.4 GHz 4215 Processor, 13.75MB Cache, 8 Core	Defense Center	cpu	layered	Secure Firewall Management Center		Management Center / FireSIGHT appliances	sku ^FMC						
FMC-M5-HDD-1.2TB	Cisco FMC 1.2TB 12G SAS 10K RPM SFF HDD	Defense Center	drive	layered	Secure Firewall Management Center		Management Center / FireSIGHT appliances	sku ^FMC						
FMC-M5-HDD-1.2TB=	Cisco FMC 1.2TB 12G SAS 10K RPM SFF HDD	Defense Center	drive	layered	Secure Firewall Management Center		Management Center / FireSIGHT appliances	sku ^FMC						
FMC-M5-HDD-600G	Cisco FMC 600GB 12G SAS 10K RPM SFF HDD	Defense Center	drive	layered	Secure Firewall Management Center		Management Center / FireSIGHT appliances	sku ^FMC						
FMC-M5-HDD-600G=	Cisco FMC 600GB 12G SAS 10K RPM SFF HDD	Defense Center	drive	layered	Secure Firewall Management Center		Management Center / FireSIGHT appliances	sku ^FMC						
FMC-M5-MEM-16GB	Cisco FMC 16GB DDR4-2666-MHz RDIMM/PC4-21300/Single Rank	Defense Center	memory	layered	Secure Firewall Management Center		Management Center / FireSIGHT appliances	sku ^FMC						
FMC-M5-MEM-A-16GB	Cisco FMC 16GB DDR4-3200-MHz RDIMM/PC4-21300/Single Rank	Defense Center	memory	layered	Secure Firewall Management Center		Management Center / FireSIGHT appliances	sku ^FMC						
FMC-M5-MEM-X-16GB	Cisco FMC 16GB DDR4-2933-MHz RDIMM/PC4-21300/Single Rank	Defense Center	memory	layered	Secure Firewall Management Center		Management Center / FireSIGHT appliances	sku ^FMC						
FMC-M5-MRAID-12G	Cisco FMC 12G Modular RAID controller with 2GB cache	Defense Center	storage-controller	layered	Secure Firewall Management Center		Management Center / FireSIGHT appliances	sku ^FMC						
FMC-M5-MSTOR-SD	Cisco FMC Mini Storage Carrier Card for SD (holds up to 2)	Defense Center	compute	layered	Secure Firewall Management Center		Management Center / FireSIGHT appliances	sku ^FMC						
FMC-M5-NIC-SFP	Cisco FMC X710-DA2 dual-port 10G SFP+ NIC	Defense Center	nic	layered	Secure Firewall Management Center		Management Center / FireSIGHT appliances	sku ^FMC						
FMC-M5-PS-AC-770W	Cisco FMC 770W AC Power Supply	Defense Center	power	layered	Secure Firewall Management Center		Management Center / FireSIGHT appliances	sku ^FMC						
FMC-M5-PS-AC-770W=	Cisco FMC 770W AC Power Supply	Defense Center	power	layered	Secure Firewall Management Center		Management Center / FireSIGHT appliances	sku ^FMC						
FMC-M5-SD-32G	Cisco FMC 32GB SD Card Module	Defense Center	drive	layered	Secure Firewall Management Center		Management Center / FireSIGHT appliances	sku ^FMC						
FMC-M5-SSD-800G	^Cisco FMC 800GB SSD Drive	Defense Center	drive	layered	Secure Firewall Management Center		Management Center / FireSIGHT appliances	sku ^FMC						
FMC-M5-SSD-800G=	^Cisco FMC 800GB SSD Drive	Defense Center	drive	layered	Secure Firewall Management Center		Management Center / FireSIGHT appliances	sku ^FMC						
FMC-M5-TPM-2.0	Cisco FMC Trusted Platform Module 2.0	Defense Center	tpm	layered	Secure Firewall Management Center		Management Center / FireSIGHT appliances	sku ^FMC						
FMC-M6-BUN	Cisco Secure Firewall Management Center M6 Bundle	Defense Center	management	layered	Secure Firewall Management Center		Management Center / FireSIGHT appliances	sku ^FMC						
FMC-M6-CPU-A7232P	Cisco FMC AMD 3.1GHz 7232P 120W 8C/32MB Cache DDR4 3200MHz	Defense Center	cpu	layered	Secure Firewall Management Center		Management Center / FireSIGHT appliances	sku ^FMC						
FMC-M6-CPU-A7282	Cisco FMC AMD 2.8GHz 7282 120W 16C/64MB Cache DDR4 3200MHz	Defense Center	cpu	layered	Secure Firewall Management Center		Management Center / FireSIGHT appliances	sku ^FMC						
FMC-M6-CPU-A7352	Cisco FMC AMD 2.3GHz 7352 155W 24C/128MB Cache DDR4 3200MHz	Defense Center	cpu	layered	Secure Firewall Management Center		Management Center / FireSIGHT appliances	sku ^FMC						
FMC-M6-HDD-1.2TB	Cisco FMC M6 1.2TB 12G SAS 10K RPM SFF HDD	Defense Center	drive	layered	Secure Firewall Management Center		Management Center / FireSIGHT appliances	sku ^FMC						
FMC-M6-HDD-1.2TB=	Cisco FMC M6 1.2TB 12G SAS 10K RPM SFF HDD	Defense Center	drive	layered	Secure Firewall Management Center		Management Center / FireSIGHT appliances	sku ^FMC						
FMC-M6-HDD-240GB	Cisco FMC 240GB SATA M.2	Defense Center	drive	layered	Secure Firewall Management Center		Management Center / FireSIGHT appliances	sku ^FMC						
FMC-M6-HDD-600G	Cisco FMC M6 - 600GB 12G SAS 10K RPM SFF HDD	Defense Center	drive	layered	Secure Firewall Management Center		Management Center / FireSIGHT appliances	sku ^FMC						
FMC-M6-HDD-600G=	Cisco FMC M6 - 600GB 12G SAS 10K RPM SFF HDD	Defense Center	drive	layered	Secure Firewall Management Center		Management Center / FireSIGHT appliances	sku ^FMC						
FMC-M6-HWRAID	Cisco FMC M6 Boot optimized M.2 Raid controller	Defense Center	storage-controller	layered	Secure Firewall Management Center		Management Center / FireSIGHT appliances	sku ^FMC						
FMC-M6-MEM-X-16GB	Cisco FMC 16GB 16GB RDIMM SRx4 3200 (8Gb)	Defense Center	memory	layered	Secure Firewall Management Center		Management Center / FireSIGHT appliances	sku ^FMC						
FMC-M6-MRAID-12G	Cisco FMC 12G Modular RAID controller with 2GB cache	Defense Center	storage-controller	layered	Secure Firewall Management Center		Management Center / FireSIGHT appliances	sku ^FMC						
FMC-M6-NIC-SFP	Cisco FMC X710-DA2 dual-port 10G SFP+ NIC	Defense Center	nic	layered	Secure Firewall Management Center		Management Center / FireSIGHT appliances	sku ^FMC						
FMC-M6-O-ID10GC	Cisco FMC Intel X710T2LOCPV3G1L 2x10GbE RJ45 OCP3.0 NIC	Defense Center	nic	layered	Secure Firewall Management Center		Management Center / FireSIGHT appliances	sku ^FMC						
FMC-M6-OCP3-KIT	Cisco FMC C2XX OCP 3.0 Interposer W/Mech Assy	Defense Center	accessory	layered	Secure Firewall Management Center		Management Center / FireSIGHT appliances	sku ^FMC						
FMC-M6-P-I8D25GF	Cisco FMC Intel E810XXVDA2 2x25/10 GbE SFP28 PCIe NIC	Defense Center	nic	layered	Secure Firewall Management Center		Management Center / FireSIGHT appliances	sku ^FMC						
FMC-M6-PS-AC-1050W	Cisco FMC 1050W AC Power Supply	Defense Center	power	layered	Secure Firewall Management Center		Management Center / FireSIGHT appliances	sku ^FMC						
FMC-M6-PS-AC1050W=	Cisco FMC 1050W AC Power Supply	Defense Center	power	layered	Secure Firewall Management Center		Management Center / FireSIGHT appliances	sku ^FMC						
FMC-M6-R2R3-C220	Cisco FMC C220 / C225 M6 UCSC -HH Riser2 and Riser 3 KIT	Defense Center	compute	layered	Secure Firewall Management Center		Management Center / FireSIGHT appliances	sku ^FMC						
FMC-M6-TPM-2.0	Cisco FMC Trusted Platform Module 2.0	Defense Center	tpm	layered	Secure Firewall Management Center		Management Center / FireSIGHT appliances	sku ^FMC						
FMC-MEM-8GB	Cisco 8GB DDR4-2400-MHz RDIMM/PC4-19200/single rank/x4/1.2v	Defense Center	memory	layered	Secure Firewall Management Center		Management Center / FireSIGHT appliances	sku ^FMC						
FMC-MRAID-1G	Cisco FMC 12Gbps SAS 1GB FBWC Cache module (Raid 0/1/5/6)	Defense Center	storage-controller	layered	Secure Firewall Management Center		Management Center / FireSIGHT appliances	sku ^FMC						
FMC-MRAID12G	Cisco FMC 12G SAS Modular Raid Controller	Defense Center	storage-controller	layered	Secure Firewall Management Center		Management Center / FireSIGHT appliances	sku ^FMC						
FMC-SD-32G-S	Cisco FMC 32GB SD Card Module	Defense Center	drive	layered	Secure Firewall Management Center		Management Center / FireSIGHT appliances	sku ^FMC						
FMC1000-CHAS-K9=	Cisco FMC1000 Chassis Spare w/o PSU	Defense Center	management	layered	Secure Firewall Management Center		Management Center / FireSIGHT appliances	sku ^FMC						
FMC1000-K9	Cisco Firepower Management Center 1000 Chassis, 1RU	Firesight Management Center	management	layered	Secure Firewall Management Center		Management Center / FireSIGHT appliances	sku ^FMC						
FMC1600-CHAS-K9	Cisco FMC1600 Chassis Spare w/o PSU	Defense Center	management	layered	Secure Firewall Management Center		Management Center / FireSIGHT appliances	sku ^FMC						
FMC1600-CHAS-K9=	Cisco FMC1600 Chassis Spare w/o PSU	Defense Center	management	layered	Secure Firewall Management Center		Management Center / FireSIGHT appliances	sku ^FMC						
FMC1600-K9	Cisco Firepower Management Center 1600 Chassis	Defense Center	management	layered	Secure Firewall Management Center		Management Center / FireSIGHT appliances	sku ^FMC						
FMC1700-CHAS-K9=	Cisco Secure Firewall Mgmt Center 1700 Chassis Spare w/o PSU	Defense Center	management	layered	Secure Firewall Management Center		Management Center / FireSIGHT appliances	sku ^FMC						
FMC1700-K9	Cisco Secure Firewall Management Center 1700 Chassis	4100 Firepower	management	layered	Secure Firewall Management Center		Management Center / FireSIGHT appliances	sku ^FMC						
FMC1800-K9	Cisco Secure Firewall Management Center 1800 Appliance	Firesight Management Center	management	layered	Secure Firewall Management Center		Management Center / FireSIGHT appliances	sku ^FMC						
FMC1K-HDD-900G	Cisco FMC 900GB 12GB 10K 2.5" SAS	Defense Center	drive	layered	Secure Firewall Management Center		Management Center / FireSIGHT appliances	sku ^FMC						
FMC1K-HDD-900G=	Cisco FMC 900GB 12GGB 10K 2.5" SAS	Defense Center	drive	layered	Secure Firewall Management Center		Management Center / FireSIGHT appliances	sku ^FMC						
FMC2500-CHAS-K9=	Cisco FMC2500 Chassis Spare w/o PSU	Defense Center	management	layered	Secure Firewall Management Center		Management Center / FireSIGHT appliances	sku ^FMC						
FMC2500-K9	Cisco Firepower Management Center 2500 Chassis, 1RU	Firesight Management Center	management	layered	Secure Firewall Management Center		Management Center / FireSIGHT appliances	sku ^FMC						
FMC2600-CHAS-K9	Cisco FMC2600 Chassis Spare w/o PSU	Defense Center	management	layered	Secure Firewall Management Center		Management Center / FireSIGHT appliances	sku ^FMC						
FMC2600-CHAS-K9=	Cisco FMC2600 Chassis Spare w/o PSU	Defense Center	management	layered	Secure Firewall Management Center		Management Center / FireSIGHT appliances	sku ^FMC						
FMC2600-K9	Cisco Firepower Management Center 2600 Chassis	Defense Center	management	layered	Secure Firewall Management Center		Management Center / FireSIGHT appliances	sku ^FMC						
FMC2700-CHAS-K9=	Cisco Secure Firewall Mgmt Center 2700 Chassis Spare w/o PSU	Defense Center	management	layered	Secure Firewall Management Center		Management Center / FireSIGHT appliances	sku ^FMC						
FMC2700-K9	Cisco Secure Firewall Management Center 2700 Chassis	4100 Firepower	management	layered	Secure Firewall Management Center		Management Center / FireSIGHT appliances	sku ^FMC						
FMC2800-K9	Cisco Secure Firewall Management Center 2800 Appliance	Firesight Management Center	management	layered	Secure Firewall Management Center		Management Center / FireSIGHT appliances	sku ^FMC						
FMC2K-HDD-600G	Cisco FMC 600GB 12GB 10K 2.5" SAS	Defense Center	drive	layered	Secure Firewall Management Center		Management Center / FireSIGHT appliances	sku ^FMC						
FMC2K-HDD-600G=	Cisco FMC 600GB 12GGB 10K 2.5" SAS	Defense Center	drive	layered	Secure Firewall Management Center		Management Center / FireSIGHT appliances	sku ^FMC						
FMC4500-CHAS-K9=	Cisco FMC4500 Chassis Spare w/o PSU	Defense Center	management	layered	Secure Firewall Management Center		Management Center / FireSIGHT appliances	sku ^FMC						
FMC4500-K9	Cisco Firepower Management Center 4500 Chassis, 1RU	Firesight Management Center	management	layered	Secure Firewall Management Center		Management Center / FireSIGHT appliances	sku ^FMC						
FMC4600-CHAS-K9	Cisco FMC4600 Chassis Spare w/o PSU	Defense Center	management	layered	Secure Firewall Management Center		Management Center / FireSIGHT appliances	sku ^FMC						
FMC4600-CHAS-K9=	Cisco FMC4600 Chassis Spare w/o PSU	Defense Center	management	layered	Secure Firewall Management Center		Management Center / FireSIGHT appliances	sku ^FMC						
FMC4600-K9	Cisco Firepower Management Center 4600 Chassis	Defense Center	management	layered	Secure Firewall Management Center		Management Center / FireSIGHT appliances	sku ^FMC						
FMC4700-CHAS-K9=	Cisco Secure Firewall Mgmt Center 4700 Chassis Spare w/o PSU	Defense Center	management	layered	Secure Firewall Management Center		Management Center / FireSIGHT appliances	sku ^FMC						
FMC4700-K9	Cisco Secure Firewall Management Center 4700 Chassis	4100 Firepower	management	layered	Secure Firewall Management Center		Management Center / FireSIGHT appliances	sku ^FMC						
FMC4800-K9	Cisco Secure Firewall Management Center 4800 Appliance	Firesight Management Center	management	layered	Secure Firewall Management Center		Management Center / FireSIGHT appliances	sku ^FMC						
FMC4K-CPU-E52640E	Cisco 2.40 GHz E5-2640 v4/90W 10C/25MB Cache/DDR4 2133MHz	Defense Center	cpu	layered	Secure Firewall Management Center		Management Center / FireSIGHT appliances	sku ^FMC						
FMC4K-MEM-16GB	Cisco 16GB DDR4-2400-MHz RDIMM/PC4-19200/single rank/x4/1.2v	Defense Center	memory	layered	Secure Firewall Management Center		Management Center / FireSIGHT appliances	sku ^FMC						
FMC4K-SSD-800G	Cisco 800GB 12Gbps SAS SSD for FMC	Defense Center	drive	layered	Secure Firewall Management Center		Management Center / FireSIGHT appliances	sku ^FMC						
FMC4K-SSD-800G=	Cisco 800GB 12Gbps SAS SSD for FMC	Defense Center	drive	layered	Secure Firewall Management Center		Management Center / FireSIGHT appliances	sku ^FMC						
FP-8000-BEZEL=	Cisco FirePOWER Bezel for 8000 Series	Firepower 9300 Series	mechanical	layered	Secure Firewall and Firepower		FirePOWER 7000 / 8000 (legacy)	sku ^FP-?[78][0-9]{3}						
FP-NMSB-10G	Cisco FirePOWER LCD 10G Switch - 2U	Firepower 9300 Series	module	layered	Secure Firewall and Firepower		FirePOWER 7000 / 8000 (legacy)	sku ^FP-NMSB						
FP-NMSB-10G-	Cisco FirePOWER LCD 10G Switch - 2U	Firepower 9300 Series	module	layered	Secure Firewall and Firepower		FirePOWER 7000 / 8000 (legacy)	sku ^FP-NMSB						
FP-NMSB-10G=	Cisco FirePOWER LCD 10G Switch - 2U	Firepower 9300 Series	module	layered	Secure Firewall and Firepower		FirePOWER 7000 / 8000 (legacy)	sku ^FP-NMSB						
FP-NMSB-1U-10G-	Cisco FirePOWER LCD 10G Switch - 1U	Firepower 9300 Series	module	layered	Secure Firewall and Firepower		FirePOWER 7000 / 8000 (legacy)	sku ^FP-NMSB						
FP-NMSB-1U-10G=	Cisco FirePOWER LCD 10G Switch - 1U	Firepower 9300 Series	module	layered	Secure Firewall and Firepower		FirePOWER 7000 / 8000 (legacy)	sku ^FP-NMSB						
FP-NMSB-40G	Do Not Use - FirePOWER 40G Switch Module for 40Gbps Net Mods	Firepower 9300 Series	module	layered	Secure Firewall and Firepower		FirePOWER 7000 / 8000 (legacy)	sku ^FP-NMSB						
FP-NMSB-40G-	Cisco FirePOWER 40G Switch Module to support 40Gbps Net Mods	Firepower 9300 Series	module	layered	Secure Firewall and Firepower		FirePOWER 7000 / 8000 (legacy)	sku ^FP-NMSB						
FP-NMSB-40G=	Cisco FirePOWER 40G Switch Module to support 40Gbps Net Mods	Firepower 9300 Series	module	layered	Secure Firewall and Firepower		FirePOWER 7000 / 8000 (legacy)	sku ^FP-NMSB						
FP-NMSB-CABLE	Cisco FirePOWER Stacking Module Cables	FirePOWER 8000 Appliances	cable	layered	Secure Firewall and Firepower		FirePOWER 7000 / 8000 (legacy)	sku ^FP-NMSB						
FP-NMSB-CABLE=	Cisco FirePOWER Stacking Module Cables	FirePOWER 8000 Appliances	cable	layered	Secure Firewall and Firepower		FirePOWER 7000 / 8000 (legacy)	sku ^FP-NMSB						
FP-PWR-AC-1000W	Not use - Cisco FirePOWER 1000W AC Power Supply	Firepower 9300 Series	power	layered	Secure Firewall and Firepower		FirePOWER 7000 / 8000 (legacy)	sku ^FP-PWR						
FP-PWR-AC-1000W-	Cisco FirePOWER 1000W AC Power Supply	FirePOWER 8000 Appliances	power	layered	Secure Firewall and Firepower		FirePOWER 7000 / 8000 (legacy)	sku ^FP-PWR						
FP-PWR-AC-1000W=	Cisco FirePOWER 1000W AC Power Supply	Firepower 9300 Series	power	layered	Secure Firewall and Firepower		FirePOWER 7000 / 8000 (legacy)	sku ^FP-PWR						
FP-PWR-AC-450W-	Cisco FirePOWER 450W AC Power Supply	FirePOWER 8000 Appliances	power	layered	Secure Firewall and Firepower		FirePOWER 7000 / 8000 (legacy)	sku ^FP-PWR						
FP-PWR-AC-650W	Not Use - Cisco FirePOWER 650W AC Power Supply	FirePOWER 8000 Appliances	power	layered	Secure Firewall and Firepower		FirePOWER 7000 / 8000 (legacy)	sku ^FP-PWR						
FP-PWR-AC-650W=	Cisco FirePOWER 650W AC Power Supply	FirePOWER 8000 Appliances	power	layered	Secure Firewall and Firepower		FirePOWER 7000 / 8000 (legacy)	sku ^FP-PWR						
FP-PWR-AC-750W	Not Use - Cisco FirePOWER 750W AC Power Supply	FirePOWER 8000 Appliances	power	layered	Secure Firewall and Firepower		FirePOWER 7000 / 8000 (legacy)	sku ^FP-PWR						
FP-PWR-AC-750W-	Cisco FirePOWER 750W AC Power Supply	FirePOWER 8000 Appliances	power	layered	Secure Firewall and Firepower		FirePOWER 7000 / 8000 (legacy)	sku ^FP-PWR						
FP-PWR-AC-750W=	Cisco FirePOWER 750W AC Power Supply	FirePOWER 8000 Appliances	power	layered	Secure Firewall and Firepower		FirePOWER 7000 / 8000 (legacy)	sku ^FP-PWR						
FP-PWR-BRICK	Cisco FirePOWER Power Brick for 7000 Series	FirePOWER 8000 Appliances	power	layered	Secure Firewall and Firepower		FirePOWER 7000 / 8000 (legacy)	sku ^FP-PWR						
FP-PWR-BRICK=	Cisco FirePOWER Power Brick for 7000 Series	FirePOWER 8000 Appliances	power	layered	Secure Firewall and Firepower		FirePOWER 7000 / 8000 (legacy)	sku ^FP-PWR						
FP-PWR-DC-1000W	Cisco FirePOWER 1000W DC Power Supply	FirePOWER 8000 Appliances	power	layered	Secure Firewall and Firepower		FirePOWER 7000 / 8000 (legacy)	sku ^FP-PWR						
FP-PWR-DC-1000W=	Cisco FirePOWER 1000W DC Power Supply	FirePOWER 8000 Appliances	power	layered	Secure Firewall and Firepower		FirePOWER 7000 / 8000 (legacy)	sku ^FP-PWR						
FP-PWR-DC-650W	Cisco FirePOWER 650W DC Power Supply	FirePOWER 8000 Appliances	power	layered	Secure Firewall and Firepower		FirePOWER 7000 / 8000 (legacy)	sku ^FP-PWR						
FP-PWR-DC-650W=	Cisco FirePOWER 650W DC Power Supply	FirePOWER 8000 Appliances	power	layered	Secure Firewall and Firepower		FirePOWER 7000 / 8000 (legacy)	sku ^FP-PWR						
FP-PWR-DC-750W	Cisco FirePOWER 750W DC Power Supply	FirePOWER 8000 Appliances	power	layered	Secure Firewall and Firepower		FirePOWER 7000 / 8000 (legacy)	sku ^FP-PWR						
FP-PWR-DC-750W=	Cisco FirePOWER 750W DC Power Supply	FirePOWER 8000 Appliances	power	layered	Secure Firewall and Firepower		FirePOWER 7000 / 8000 (legacy)	sku ^FP-PWR						
FP7000-RACK	Cisco FirePOWER Appliances - Rack Kit (Tray)	FirePOWER 8000 Appliances	mechanical	layered	Secure Firewall and Firepower		FirePOWER 7000 / 8000 (legacy)	sku ^FP-?[78][0-9]{3}						
FP7000-RACK=	Cisco FirePOWER Appliances - Rack Kit (Tray)	FirePOWER 8000 Appliances	mechanical	layered	Secure Firewall and Firepower		FirePOWER 7000 / 8000 (legacy)	sku ^FP-?[78][0-9]{3}						
FP7010-BUN	Cisco FirePOWER 7010 Chassis and Subscription Bundle	FirePOWER 7000 Appliances	ips	layered	Secure Firewall and Firepower		FirePOWER 7000 / 8000 (legacy)	sku ^FP-?[78][0-9]{3}						
FP7010-K9	Cisco FirePOWER 7010 Chassis, 1U, 8 Port Copper	FirePOWER 7000 Appliances	ips	layered	Secure Firewall and Firepower		FirePOWER 7000 / 8000 (legacy)	sku ^FP-?[78][0-9]{3}						
FP7020-BUN	Cisco FirePOWER 7020 Chassis and Subscription Bundle	FirePOWER 7000 Appliances	ips	layered	Secure Firewall and Firepower		FirePOWER 7000 / 8000 (legacy)	sku ^FP-?[78][0-9]{3}						
FP7020-K9	Cisco FirePOWER 7020 Chassis, 1U, 8 Port Copper	FirePOWER 7000 Appliances	ips	layered	Secure Firewall and Firepower		FirePOWER 7000 / 8000 (legacy)	sku ^FP-?[78][0-9]{3}						
FP7030-BUN	Cisco FirePOWER 7030 Chassis and Subscription Bundle	FirePOWER 7000 Appliances	ips	layered	Secure Firewall and Firepower		FirePOWER 7000 / 8000 (legacy)	sku ^FP-?[78][0-9]{3}						
FP7030-K9	Cisco FirePOWER 7030 Chassis, 1U, 8 Port Copper	FirePOWER 7000 Appliances	ips	layered	Secure Firewall and Firepower		FirePOWER 7000 / 8000 (legacy)	sku ^FP-?[78][0-9]{3}						
FP7050-BUN	Cisco FirePOWER 7050 Chassis and Subscription Bundle	FirePOWER 7000 Appliances	ips	layered	Secure Firewall and Firepower		FirePOWER 7000 / 8000 (legacy)	sku ^FP-?[78][0-9]{3}						
FP7050-K9	Cisco FirePOWER 7050 Chassis, 1U, 8 Port Copper	FirePOWER 8000 Appliances	ips	layered	Secure Firewall and Firepower		FirePOWER 7000 / 8000 (legacy)	sku ^FP-?[78][0-9]{3}						
FP7110-BUN	Cisco FirePOWER 7110 Chassis and Subscription Bundle	FirePOWER 7000 Appliances	ips	layered	Secure Firewall and Firepower		FirePOWER 7000 / 8000 (legacy)	sku ^FP-?[78][0-9]{3}						
FP7110-FI-K9	Cisco FirePOWER 7110 Chassis, 1U, 8 Port 1Gbps Fiber	FirePOWER 8000 Appliances	ips	layered	Secure Firewall and Firepower		FirePOWER 7000 / 8000 (legacy)	sku ^FP-?[78][0-9]{3}						
FP7110-Fi-BUN	Cisco FirePOWER 7110 Chassis Fiber and Subscription Bundle	FirePOWER 7000 Appliances	ips	layered	Secure Firewall and Firepower		FirePOWER 7000 / 8000 (legacy)	sku ^FP-?[78][0-9]{3}						
FP7110-K9	Cisco FirePOWER 7110 Chassis, 1U, 8 Port Copper	FirePOWER 8000 Appliances	ips	layered	Secure Firewall and Firepower		FirePOWER 7000 / 8000 (legacy)	sku ^FP-?[78][0-9]{3}						
FP7115-BUN	Cisco FirePOWER 7115 Chassis and Subscription Bundle	FirePOWER 7000 Appliances	ips	layered	Secure Firewall and Firepower		FirePOWER 7000 / 8000 (legacy)	sku ^FP-?[78][0-9]{3}						
FP7115-K9	Cisco FirePOWER 7115, 1U, 4 Port Copper and 8 SFP Ports	FirePOWER 8000 Appliances	ips	layered	Secure Firewall and Firepower		FirePOWER 7000 / 8000 (legacy)	sku ^FP-?[78][0-9]{3}						
FP7120-BUN	Cisco FirePOWER 7120 Chassis and Subscription Bundle	FirePOWER 7000 Appliances	ips	layered	Secure Firewall and Firepower		FirePOWER 7000 / 8000 (legacy)	sku ^FP-?[78][0-9]{3}						
FP7120-FI-K9	Cisco FirePOWER 7120 Chassis, 1U, 8 Port 1Gbps Fiber	FirePOWER 8000 Appliances	ips	layered	Secure Firewall and Firepower		FirePOWER 7000 / 8000 (legacy)	sku ^FP-?[78][0-9]{3}						
FP7120-Fi-BUN	Cisco FirePOWER 7120 Chassis Fiber and Subscription Bundle	FirePOWER 7000 Appliances	ips	layered	Secure Firewall and Firepower		FirePOWER 7000 / 8000 (legacy)	sku ^FP-?[78][0-9]{3}						
FP7120-K9	Cisco FirePOWER 7120 Chassis, 1U, 8 Port Copper	FirePOWER 8000 Appliances	ips	layered	Secure Firewall and Firepower		FirePOWER 7000 / 8000 (legacy)	sku ^FP-?[78][0-9]{3}						
FP7125-BUN	Cisco FirePOWER 7125 Chassis and Subscription Bundle	FirePOWER 7000 Appliances	ips	layered	Secure Firewall and Firepower		FirePOWER 7000 / 8000 (legacy)	sku ^FP-?[78][0-9]{3}						
FP7125-K9	Cisco FirePOWER 7125, 1U, 4 Port Copper and 8 SFP Ports	FirePOWER 8000 Appliances	ips	layered	Secure Firewall and Firepower		FirePOWER 7000 / 8000 (legacy)	sku ^FP-?[78][0-9]{3}						
FP8000-RAILS=	FirePOWER 8000 Series Rail Kit (Spare)	Firepower 9300 Series	mechanical	layered	Secure Firewall and Firepower		FirePOWER 7000 / 8000 (legacy)	sku ^FP-?[78][0-9]{3}						
FP8000-RND-ADPT=	FirePOWER 8000 Series Round Hole Adapter (Spare)	Firepower 9300 Series	accessory	layered	Secure Firewall and Firepower		FirePOWER 7000 / 8000 (legacy)	sku ^FP-?[78][0-9]{3}						
FP8000-SRLKIT=	FirePOWER 8000 Series SHORT Rail Kit	Firepower 9300 Series	mechanical	layered	Secure Firewall and Firepower		FirePOWER 7000 / 8000 (legacy)	sku ^FP-?[78][0-9]{3}						
FP8000-STACK-MOD	Cisco FirePOWER Stacking Module for 8000 Sensor Chassis	FirePOWER 8000 Appliances	accessory	layered	Secure Firewall and Firepower		FirePOWER 7000 / 8000 (legacy)	sku ^FP-?[78][0-9]{3}						
FP8000-STACK-MOD=	Cisco FirePOWER Stacking Module for 8000 Sensor Chassis	FirePOWER 8000 Appliances	accessory	layered	Secure Firewall and Firepower		FirePOWER 7000 / 8000 (legacy)	sku ^FP-?[78][0-9]{3}						
FP8120-BUN	Cisco FirePOWER 8120 Chassis and Subscription Bundle	FirePOWER 8000 Appliances	ips	layered	Secure Firewall and Firepower		FirePOWER 7000 / 8000 (legacy)	sku ^FP-?[78][0-9]{3}						
FP8120-K9	Cisco FirePOWER 8120 Chassis, 1U, 3 Slots	FirePOWER 8000 Appliances	ips	layered	Secure Firewall and Firepower		FirePOWER 7000 / 8000 (legacy)	sku ^FP-?[78][0-9]{3}						
FP8130-BUN	Cisco FirePOWER 8130 Chassis and Subscription Bundle	FirePOWER 8000 Appliances	ips	layered	Secure Firewall and Firepower		FirePOWER 7000 / 8000 (legacy)	sku ^FP-?[78][0-9]{3}						
FP8130-K9	Cisco FirePOWER 8130 Chassis, 1U, 3 Slots	FirePOWER 8000 Appliances	ips	layered	Secure Firewall and Firepower		FirePOWER 7000 / 8000 (legacy)	sku ^FP-?[78][0-9]{3}						
FP8140-BUN	Cisco FirePOWER 8140 Chassis and Subscription Bundle	FirePOWER 8000 Appliances	ips	layered	Secure Firewall and Firepower		FirePOWER 7000 / 8000 (legacy)	sku ^FP-?[78][0-9]{3}						
FP8140-K9	Cisco FirePOWER 8140 Chassis, 1U, 3 Slots	FirePOWER 8000 Appliances	ips	layered	Secure Firewall and Firepower		FirePOWER 7000 / 8000 (legacy)	sku ^FP-?[78][0-9]{3}						
FP8140-STACK	FirePOWER Stacking Kit for 8140, 1U, 2 Stacking Modules	Firepower 9300 Series	mechanical	layered	Secure Firewall and Firepower		FirePOWER 7000 / 8000 (legacy)	sku ^FP-?[78][0-9]{3}						
FP8140-STACK-K9	Cisco FirePOWER Stacking Kit for 8140	FirePOWER 8000 Appliances	mechanical	layered	Secure Firewall and Firepower		FirePOWER 7000 / 8000 (legacy)	sku ^FP-?[78][0-9]{3}						
FP8140-STACK-K9=	FirePOWER Stacking Kit for 8140	FirePOWER 8000 Appliances	mechanical	layered	Secure Firewall and Firepower		FirePOWER 7000 / 8000 (legacy)	sku ^FP-?[78][0-9]{3}						
FP8200-SSD480	Cisco FirePOWER Malware Storage,8200 & 8300 Series, SSD 480GB	FirePOWER 8000 Appliances	drive	layered	Secure Firewall and Firepower		FirePOWER 7000 / 8000 (legacy)	sku ^FP-?[78][0-9]{3}						
FP8200-SSD480=	Cisco FirePOWER Malware Storage,8200 & 8300 Series, SSD 480GB	FirePOWER 8000 Appliances	drive	layered	Secure Firewall and Firepower		FirePOWER 7000 / 8000 (legacy)	sku ^FP-?[78][0-9]{3}						
FP8200-STACK	FirePOWER Stacking Kit for 8200, 1U, 2 Stacking Modules	FirePOWER 8000 Appliances	mechanical	layered	Secure Firewall and Firepower		FirePOWER 7000 / 8000 (legacy)	sku ^FP-?[78][0-9]{3}						
FP8200-STACK-K9	Cisco FirePOWER Stacking Kit for 8200	FirePOWER 8000 Appliances	mechanical	layered	Secure Firewall and Firepower		FirePOWER 7000 / 8000 (legacy)	sku ^FP-?[78][0-9]{3}						
FP8200-STACK-K9=	FirePOWER Stacking Kit for 8200	FirePOWER 8000 Appliances	mechanical	layered	Secure Firewall and Firepower		FirePOWER 7000 / 8000 (legacy)	sku ^FP-?[78][0-9]{3}						
FP8250-BASE-K9	Cisco FirePOWER 8250 Chassis, No IPS Lic, 2U, 7 Slots	FirePOWER 8000 Appliances	ips	layered	Secure Firewall and Firepower		FirePOWER 7000 / 8000 (legacy)	sku ^FP-?[78][0-9]{3}						
FP8250-BUN	Cisco FirePOWER 8250 Chassis and Subscription Bundle	FirePOWER 8000 Appliances	ips	layered	Secure Firewall and Firepower		FirePOWER 7000 / 8000 (legacy)	sku ^FP-?[78][0-9]{3}						
FP8250-K9	Cisco FirePOWER 8250 Chassis, 2U, 7 Slots	FirePOWER 8000 Appliances	ips	layered	Secure Firewall and Firepower		FirePOWER 7000 / 8000 (legacy)	sku ^FP-?[78][0-9]{3}						
FP8260-BUN	Cisco FirePOWER 8260 Chassis and Subscription Bundle	FirePOWER 8000 Appliances	ips	layered	Secure Firewall and Firepower		FirePOWER 7000 / 8000 (legacy)	sku ^FP-?[78][0-9]{3}						
FP8260-K9	Cisco FirePOWER 8260 Chassis, 4U, 6 Slots	FirePOWER 8000 Appliances	ips	layered	Secure Firewall and Firepower		FirePOWER 7000 / 8000 (legacy)	sku ^FP-?[78][0-9]{3}						
FP8270-BUN	Cisco FirePOWER 8270 Chassis and Subscription Bundle	FirePOWER 8000 Appliances	ips	layered	Secure Firewall and Firepower		FirePOWER 7000 / 8000 (legacy)	sku ^FP-?[78][0-9]{3}						
FP8270-K9	Cisco FirePOWER 8270 Chassis, 6U, 5 Slots (40Gbps Ready)	FirePOWER 8000 Appliances	ips	layered	Secure Firewall and Firepower		FirePOWER 7000 / 8000 (legacy)	sku ^FP-?[78][0-9]{3}						
FP8290-BUN	Cisco FirePOWER 8290 Chassis and Subscription Bundle	FirePOWER 8000 Appliances	ips	layered	Secure Firewall and Firepower		FirePOWER 7000 / 8000 (legacy)	sku ^FP-?[78][0-9]{3}						
FP8290-K9	Cisco FirePOWER 8290 Chassis, 8U, 4 Slots (40Gbps Ready)	FirePOWER 8000 Appliances	ips	layered	Secure Firewall and Firepower		FirePOWER 7000 / 8000 (legacy)	sku ^FP-?[78][0-9]{3}						
FP8300-STACK	FirePOWER Stacking Kit for 8300, 2U, Stacking Module	Firepower 9300 Series	mechanical	layered	Secure Firewall and Firepower		FirePOWER 7000 / 8000 (legacy)	sku ^FP-?[78][0-9]{3}						
FP8300-STACK-K9	Cisco FirePOWER Stacking Kit for 8300	FirePOWER 8000 Appliances	mechanical	layered	Secure Firewall and Firepower		FirePOWER 7000 / 8000 (legacy)	sku ^FP-?[78][0-9]{3}						
FP8300-STACK-K9=	FirePOWER Stacking Kit for 8300	FirePOWER 8000 Appliances	mechanical	layered	Secure Firewall and Firepower		FirePOWER 7000 / 8000 (legacy)	sku ^FP-?[78][0-9]{3}						
FP8300-STK40G-K9	Cisco FirePOWER 40G Stacking Kit for 8300	FirePOWER 8000 Appliances	mechanical	layered	Secure Firewall and Firepower		FirePOWER 7000 / 8000 (legacy)	sku ^FP-?[78][0-9]{3}						
FP8300-STK40G-K9=	Cisco FirePOWER 40G Stacking Kit for 8300	FirePOWER 8000 Appliances	mechanical	layered	Secure Firewall and Firepower		FirePOWER 7000 / 8000 (legacy)	sku ^FP-?[78][0-9]{3}						
FP8350-BUN	Cisco FirePOWER 8350 Chassis and Subscription Bundle	FirePOWER 8000 Appliances	ips	layered	Secure Firewall and Firepower		FirePOWER 7000 / 8000 (legacy)	sku ^FP-?[78][0-9]{3}						
FP8350-K9	Cisco FirePOWER 8350 Chassis, 2U, 7 Slots	FirePOWER 8000 Appliances	ips	layered	Secure Firewall and Firepower		FirePOWER 7000 / 8000 (legacy)	sku ^FP-?[78][0-9]{3}						
FP8360-BUN	Cisco FirePOWER 8360 Chassis and Subscription Bundle	FirePOWER 8000 Appliances	ips	layered	Secure Firewall and Firepower		FirePOWER 7000 / 8000 (legacy)	sku ^FP-?[78][0-9]{3}						
FP8360-K9	Cisco FirePOWER 8360 Chassis, 4U, 6 Slots (40Gbps Ready)	FirePOWER 8000 Appliances	ips	layered	Secure Firewall and Firepower		FirePOWER 7000 / 8000 (legacy)	sku ^FP-?[78][0-9]{3}						
FP8370-BUN	Cisco FirePOWER 8370 Chassis and Subscription Bundle	FirePOWER 8000 Appliances	ips	layered	Secure Firewall and Firepower		FirePOWER 7000 / 8000 (legacy)	sku ^FP-?[78][0-9]{3}						
FP8370-K9	Cisco FirePOWER 8370 Chassis, 6U, 5 Slots (40Gbps Ready)	FirePOWER 8000 Appliances	ips	layered	Secure Firewall and Firepower		FirePOWER 7000 / 8000 (legacy)	sku ^FP-?[78][0-9]{3}						
FP8390-BUN	Cisco FirePOWER 8390 Chassis and Subscription Bundle	FirePOWER 8000 Appliances	ips	layered	Secure Firewall and Firepower		FirePOWER 7000 / 8000 (legacy)	sku ^FP-?[78][0-9]{3}						
FP8390-K9	Cisco FirePOWER 8390 Chassis, 8U, 4 Slots (40Gbps Ready)	FirePOWER 8000 Appliances	ips	layered	Secure Firewall and Firepower		FirePOWER 7000 / 8000 (legacy)	sku ^FP-?[78][0-9]{3}						
FPNM-2LR-10G-BP	FirePOWER 2-Port 10 Gbps LR Fiber Network Module with Bypass	FirePOWER 8000 Appliances	module	layered	Secure Firewall and Firepower		FirePOWER 7000 / 8000 (legacy)	sku ^FPNM						
FPNM-2LR-10G-BP=	FirePOWER 2-Port 10 Gbps LR Fiber Network Module with Bypass	FirePOWER 8000 Appliances	module	layered	Secure Firewall and Firepower		FirePOWER 7000 / 8000 (legacy)	sku ^FPNM						
FPNM-2SR-10G-BP	FirePOWER 2-Port 10 Gbps SR Fiber Network Module with Bypass	FirePOWER 8000 Appliances	module	layered	Secure Firewall and Firepower		FirePOWER 7000 / 8000 (legacy)	sku ^FPNM						
FPNM-2SR-10G-BP=	FirePOWER 2-Port 10 Gbps SR Fiber Network Module with Bypass	FirePOWER 8000 Appliances	module	layered	Secure Firewall and Firepower		FirePOWER 7000 / 8000 (legacy)	sku ^FPNM						
FPNM-2SR-40G-BP	FirePOWER 2-Port 40 Gbps SR Fiber Network Module with Bypass	FirePOWER 8000 Appliances	module	layered	Secure Firewall and Firepower		FirePOWER 7000 / 8000 (legacy)	sku ^FPNM						
FPNM-2SR-40G-BP=	FirePOWER 2-Port 40 Gbps SR Fiber Network Module with Bypass	FirePOWER 8000 Appliances	module	layered	Secure Firewall and Firepower		FirePOWER 7000 / 8000 (legacy)	sku ^FPNM						
FPNM-4CU-1G-BP	FirePOWER 4-Port 1 Gbps Copper Network Module Bypass	FirePOWER 8000 Appliances	module	layered	Secure Firewall and Firepower		FirePOWER 7000 / 8000 (legacy)	sku ^FPNM						
FPNM-4CU-1G-BP=	FirePOWER 4-Port 1 Gbps Copper Network Module Bypass	FirePOWER 8000 Appliances	module	layered	Secure Firewall and Firepower		FirePOWER 7000 / 8000 (legacy)	sku ^FPNM						
FPNM-4CU-1G-NBP	FirePOWER 4-Port 1Gbps Copper Network Module with Non-Bypass	FirePOWER 8000 Appliances	module	layered	Secure Firewall and Firepower		FirePOWER 7000 / 8000 (legacy)	sku ^FPNM						
FPNM-4CU-1G-NBP=	FirePOWER 4-Port 1Gbps Copper Network Module with Non-Bypass	FirePOWER 8000 Appliances	module	layered	Secure Firewall and Firepower		FirePOWER 7000 / 8000 (legacy)	sku ^FPNM						
FPNM-4LR-10G-NBP	FirePOWER 4-Port 10Gbps LR FI Network Module with Non-Bypass	FirePOWER 8000 Appliances	module	layered	Secure Firewall and Firepower		FirePOWER 7000 / 8000 (legacy)	sku ^FPNM						
FPNM-4LR-10G-NBP=	FirePOWER 4-Port 10Gbps LR FI Network Module with Non-Bypass	FirePOWER 8000 Appliances	module	layered	Secure Firewall and Firepower		FirePOWER 7000 / 8000 (legacy)	sku ^FPNM						
FPNM-4SR-10G-NBP	FirePOWER 4-Port 10Gbps SR FI Network Module with Non-Bypass	FirePOWER 8000 Appliances	module	layered	Secure Firewall and Firepower		FirePOWER 7000 / 8000 (legacy)	sku ^FPNM						
FPNM-4SR-10G-NBP=	FirePOWER 4-Port 10Gbps SR FI Network Module with Non-Bypass	FirePOWER 8000 Appliances	module	layered	Secure Firewall and Firepower		FirePOWER 7000 / 8000 (legacy)	sku ^FPNM						
FPNM-4SX-1G-BP	FirePOWER 4-Port 1 Gbps SX Fiber Network Module with Bypass	FirePOWER 8000 Appliances	module	layered	Secure Firewall and Firepower		FirePOWER 7000 / 8000 (legacy)	sku ^FPNM						
FPNM-4SX-1G-BP=	FirePOWER 4-Port 1 Gbps SX Fiber Network Module with Bypass	FirePOWER 8000 Appliances	module	layered	Secure Firewall and Firepower		FirePOWER 7000 / 8000 (legacy)	sku ^FPNM						
FPNM-4SX-1G-NBP	FirePOWER 4-Port 1Gbps SX FI Network Module with Non-Bypass	FirePOWER 8000 Appliances	module	layered	Secure Firewall and Firepower		FirePOWER 7000 / 8000 (legacy)	sku ^FPNM						
FPNM-4SX-1G-NBP=	FirePOWER 4-Port 1Gbps SX FI Network Module with Non-Bypass	FirePOWER 8000 Appliances	module	layered	Secure Firewall and Firepower		FirePOWER 7000 / 8000 (legacy)	sku ^FPNM						
FPR-1010	Cisco FPR-1010	Firepower 1000 Series	firewall	layered	Secure Firewall and Firepower		Firepower 1000	sku ^FPR-?1(0[0-9]{2}|1[0-9]{2}|K)						
FPR-1120	Cisco FPR-1120	Firepower 1000 Series	firewall	layered	Secure Firewall and Firepower		Firepower 1000	sku ^FPR-?1(0[0-9]{2}|1[0-9]{2}|K)						
FPR-1140	Cisco FPR-1140	Firepower 1000 Series	firewall	layered	Secure Firewall and Firepower		Firepower 1000	sku ^FPR-?1(0[0-9]{2}|1[0-9]{2}|K)						
FPR-1150	Cisco FPR-1150	Firepower 1000 Series	firewall	layered	Secure Firewall and Firepower		Firepower 1000	sku ^FPR-?1(0[0-9]{2}|1[0-9]{2}|K)						
FPR-2100-FIPS-KIT	^Firepower 2000 FIPS Kit	Firepower NGFW	mechanical	layered	Secure Firewall and Firepower		Firepower 2100	sku ^FPR-?2(1[0-9]{2}|K)						
FPR-2100-FIPS-KIT=	Firepower 2000 FIPS Kit	Firepower NGFW	mechanical	layered	Secure Firewall and Firepower		Firepower 2100	sku ^FPR-?2(1[0-9]{2}|K)						
FPR-2110	Firepower 2110 Appliance, 1RU, 12 GE, 4 xSFP, 1 MGMT	2100 Firepower	firewall	layered	Secure Firewall and Firepower		Firepower 2100	sku ^FPR-?2(1[0-9]{2}|K)						
FPR-2110-K9	^Firepower 2110 Appliance, 1U	Firepower NGFW	firewall	layered	Secure Firewall and Firepower		Firepower 2100	sku ^FPR-?2(1[0-9]{2}|K)						
FPR-2120	Firepower 2120 Appliance, 1RU, 12 GE, 4 xSFP, 1 MGMT	2100 Firepower	firewall	layered	Secure Firewall and Firepower		Firepower 2100	sku ^FPR-?2(1[0-9]{2}|K)						
FPR-2120-K9	^Firepower 2120 Appliance, 1U	Firepower NGFW	firewall	layered	Secure Firewall and Firepower		Firepower 2100	sku ^FPR-?2(1[0-9]{2}|K)						
FPR-2130	Firepower 2130 Appliance,1RU, 12GE, 4 xSFP+, 1MGMT, 1NM Slot	2100 Firepower	firewall	layered	Secure Firewall and Firepower		Firepower 2100	sku ^FPR-?2(1[0-9]{2}|K)						
FPR-2130-K9	^Firepower 2130 Appliance, 1U	Firepower NGFW	firewall	layered	Secure Firewall and Firepower		Firepower 2100	sku ^FPR-?2(1[0-9]{2}|K)						
FPR-2140	Firepower 2140 Appliance,1RU, 12GE, 4 xSFP+, 1MGMT, 1NM Slot	2100 Firepower	firewall	layered	Secure Firewall and Firepower		Firepower 2100	sku ^FPR-?2(1[0-9]{2}|K)						
FPR-2140-K9	^Firepower 2140 Appliance, 1U	Firepower NGFW	firewall	layered	Secure Firewall and Firepower		Firepower 2100	sku ^FPR-?2(1[0-9]{2}|K)						
FPR-4100-FIPS-KIT	Firepower 4000 FIPS Kit	Firepower NGFW	mechanical	layered	Secure Firewall and Firepower		Firepower 4100	sku ^FPR-?41[0-9]{2}						
FPR-4100-FIPS-KIT=	Firepower 4000 FIPS Kit	Firepower NGFW	mechanical	layered	Secure Firewall and Firepower		Firepower 4100	sku ^FPR-?41[0-9]{2}						
FPR-4112	Cisco FPR-4112	4100 Firepower	firewall	layered	Secure Firewall and Firepower		Firepower 4100	sku ^FPR-?41[0-9]{2}						
FPR-4112-CHAS-K9=	Firepower 4112 Appliance, 2 x NetMod Bays, w/o pwr, SSD, Fan	Firepower NGFW	firewall	layered	Secure Firewall and Firepower		Firepower 4100	sku ^FPR-?41[0-9]{2}						
FPR-4112-K9	Firepower 4112 Appliance, 1U, 2 x NetMod Bays	Firepower NGFW	firewall	layered	Secure Firewall and Firepower		Firepower 4100	sku ^FPR-?41[0-9]{2}						
FPR-4115	Cisco FPR-4115	4100 Firepower	firewall	layered	Secure Firewall and Firepower		Firepower 4100	sku ^FPR-?41[0-9]{2}						
FPR-4115-CHAS-K9	Firepower 4115 Appliance, 1U, 2 x NetMod Bays	Firepower NGFW	firewall	layered	Secure Firewall and Firepower		Firepower 4100	sku ^FPR-?41[0-9]{2}						
FPR-4115-CHAS-K9=	Firepower 4115 Appliance, 2 x NetMod Bays, w/o pwr, SSD, Fan	Firepower NGFW	firewall	layered	Secure Firewall and Firepower		Firepower 4100	sku ^FPR-?41[0-9]{2}						
FPR-4115-K9	Firepower 4115 Appliance, 1U, 2 x NetMod Bays	Firepower NGFW	firewall	layered	Secure Firewall and Firepower		Firepower 4100	sku ^FPR-?41[0-9]{2}						
FPR-4115-K9=	Firepower 4115 Appliance, 2 x NetMod Bays, w/o pwr, SSD, Fan	Firepower NGFW	firewall	layered	Secure Firewall and Firepower		Firepower 4100	sku ^FPR-?41[0-9]{2}						
FPR-4120-K9	Firepower 4120 Appliance, 1U, 2 x NetMod Bays	Firepower 9300 Series	firewall	layered	Secure Firewall and Firepower		Firepower 4100	sku ^FPR-?41[0-9]{2}						
FPR-4120-K9=	Firepower 4120 Appliance, 2 x NetMod Bays, w/o pwr, SSD, Fan	Firepower 9300 Series	firewall	layered	Secure Firewall and Firepower		Firepower 4100	sku ^FPR-?41[0-9]{2}						
FPR-4125	Cisco FPR-4125	4100 Firepower	firewall	layered	Secure Firewall and Firepower		Firepower 4100	sku ^FPR-?41[0-9]{2}						
FPR-4125-CHAS-K9	Firepower 4125 Appliance, 1U, 2 x NetMod Bays	Firepower NGFW	firewall	layered	Secure Firewall and Firepower		Firepower 4100	sku ^FPR-?41[0-9]{2}						
FPR-4125-CHAS-K9=	Firepower 4125 Appliance, 2 x NetMod Bays, w/o pwr, SSD, Fan	Firepower NGFW	firewall	layered	Secure Firewall and Firepower		Firepower 4100	sku ^FPR-?41[0-9]{2}						
FPR-4125-K9	Firepower 4125 Appliance, 1U, 2 x NetMod Bays	Firepower NGFW	firewall	layered	Secure Firewall and Firepower		Firepower 4100	sku ^FPR-?41[0-9]{2}						
FPR-4125-K9=	Firepower 4125 Appliance, 2 x NetMod Bays, w/o pwr, SSD, Fan	Firepower NGFW	firewall	layered	Secure Firewall and Firepower		Firepower 4100	sku ^FPR-?41[0-9]{2}						
FPR-4140-K9	Firepower 4140 Appliance, 1U, 2 x NetMod Bays	Firepower 9300 Series	firewall	layered	Secure Firewall and Firepower		Firepower 4100	sku ^FPR-?41[0-9]{2}						
FPR-4140-K9=	Firepower 4140 Appliance, 2 x NetMod Bays, w/o pwr, SSD, Fan	Firepower 9300 Series	firewall	layered	Secure Firewall and Firepower		Firepower 4100	sku ^FPR-?41[0-9]{2}						
FPR-4145	Cisco FPR-4145	4100 Firepower	firewall	layered	Secure Firewall and Firepower		Firepower 4100	sku ^FPR-?41[0-9]{2}						
FPR-4145-CHAS-K9	Firepower 4145 Appliance, 1U, 2 x NetMod Bays	Firepower NGFW	firewall	layered	Secure Firewall and Firepower		Firepower 4100	sku ^FPR-?41[0-9]{2}						
FPR-4145-CHAS-K9=	Firepower 4145 Appliance, 2 x NetMod Bays, w/o pwr, SSD, Fan	Firepower NGFW	firewall	layered	Secure Firewall and Firepower		Firepower 4100	sku ^FPR-?41[0-9]{2}						
FPR-4145-K9	Firepower 4145 Appliance, 1U, 2 x NetMod Bays	Firepower NGFW	firewall	layered	Secure Firewall and Firepower		Firepower 4100	sku ^FPR-?41[0-9]{2}						
FPR-4145-K9=	Firepower 4145 Appliance, 2 x NetMod Bays, w/o pwr, SSD, Fan	Firepower NGFW	firewall	layered	Secure Firewall and Firepower		Firepower 4100	sku ^FPR-?41[0-9]{2}						
FPR-4150-K9	Firepower 4150 Appliance, 1U, 2 x NetMod Bays	Firepower 9300 Series	firewall	layered	Secure Firewall and Firepower		Firepower 4100	sku ^FPR-?41[0-9]{2}						
FPR-4150-K9=	Firepower 4150 Appliance, 2 x NetMod Bays, w/o pwr, SSD, Fan	Firepower 9300 Series	firewall	layered	Secure Firewall and Firepower		Firepower 4100	sku ^FPR-?41[0-9]{2}						
FPR-9300-E-K9	Firepower 9300 Enterprise Edition	Firepower NGFW	firewall	layered	Secure Firewall and Firepower		Firepower 9300	sku ^FPR-?9						
FPR-9300-N-K9	Firepower 9300 NEBS Edition	Firepower NGFW	firewall	layered	Secure Firewall and Firepower		Firepower 9300	sku ^FPR-?9						
FPR-9300-X-K9	Firepower 9300 Extreme Edition	Firepower NGFW	firewall	layered	Secure Firewall and Firepower		Firepower 9300	sku ^FPR-?9						
FPR-C9300	^Firepower 9300 Chassis, 0 PSU/4 fans	Firepower NGFW	firewall	layered	Secure Firewall and Firepower		Firepower 9300	sku ^FPR-C9300						
FPR-C9300-AC	Cisco Firepower 9300 AC Chassis - includes 2 power supply units + 4 fans + rack-mount kit (3RU; accommodates up to three security modules)	4100 Firepower	firewall	layered	Secure Firewall and Firepower		Firepower 9300	sku ^FPR-C9300						
FPR-C9300-AC=	Cisco Firepower 9300 AC Chassis Spare – without power supply and fans	4100 Firepower	firewall	layered	Secure Firewall and Firepower		Firepower 9300	sku ^FPR-C9300						
FPR-C9300-DC	Cisco Firepower 9300 DC Chassis - includes 2 power supply units + 4 fans + rack-mount kit (3RU; accommodates up to three security modules)	4100 Firepower	firewall	layered	Secure Firewall and Firepower		Firepower 9300	sku ^FPR-C9300						
FPR-C9300-DC=	Cisco Firepower 9300 DC Chassis Spare – without power supply and fans	4100 Firepower	firewall	layered	Secure Firewall and Firepower		Firepower 9300	sku ^FPR-C9300						
FPR-C9300-FIPS-KIT	Firepower 9300 Chassis FIPS Kit	Firepower NGFW	mechanical	layered	Secure Firewall and Firepower		Firepower 9300	sku ^FPR-C9300						
FPR-C9300-FIPSKIT=	Firepower 9300 Chassis FIPS Kit	Firepower NGFW	mechanical	layered	Secure Firewall and Firepower		Firepower 9300	sku ^FPR-C9300						
FPR-C9300-HVDC	Cisco Firepower 9300 high-voltage DC Chassis - includes 2 power supply units + 4 fans + rack-mount kit (3RU; accommodates up to three security modules)	4100 Firepower	firewall	layered	Secure Firewall and Firepower		Firepower 9300	sku ^FPR-C9300						
FPR-C9300-HVDC=	Firepower 9300 Chassis for HVDC Power Supply	Firepower NGFW	firewall	layered	Secure Firewall and Firepower		Firepower 9300	sku ^FPR-C9300						
FPR-C9300-X-AC	Firepower 9300 Chassis for AC Power Supply	Firepower NGFW	firewall	layered	Secure Firewall and Firepower		Firepower 9300	sku ^FPR-C9300						
FPR-C9300=	Firepower 9300 Chassis	Firepower NGFW	firewall	layered	Secure Firewall and Firepower		Firepower 9300	sku ^FPR-C9300						
FPR-CH-9300-AC	Firepower 9300 Chassis for AC Power Supply, 2 PSU/4 fans	Firepower NGFW	firewall	layered	Secure Firewall and Firepower		Firepower 9300	sku ^FPR-CH-9300						
FPR-CH-9300-DC	Firepower 9300 Chassis for DC Power Supply, 2 PSU/4 fans	Firepower NGFW	firewall	layered	Secure Firewall and Firepower		Firepower 9300	sku ^FPR-CH-9300						
FPR-CH-9300-HVDC	Firepower 9300 Chassis for HVDC Power Supply, 2 PSU/4 fans	Firepower NGFW	firewall	layered	Secure Firewall and Firepower		Firepower 9300	sku ^FPR-CH-9300						
FPR-CH-9300-X-AC	Firepower 9300 Chassis for AC Power Supply, 2 PSU/4 fans	Firepower NGFW	firewall	layered	Secure Firewall and Firepower		Firepower 9300	sku ^FPR-CH-9300						
FPR-DNM-2X100G	Cisco FirePower 2 port 100G Network Module, Double Width	Firepower NGFW	module	layered	Secure Firewall and Firepower		Firepower 9300	sku ^FPR-?DNM						
FPR-DNM-2X100G=	Cisco FirePower 2 port 100G Network Module, Double Width	Firepower NGFW	module	layered	Secure Firewall and Firepower		Firepower 9300	sku ^FPR-?DNM						
FPR-MSP-SSD	Cisco Firepower Malware Storage Pack, SSD	Firepower NGFW	drive	layered	Secure Firewall and Firepower	(shared across the line)	Secure Firewall and Firepower shared parts	sku ^FPR-						
FPR-MSP-SSD=	Cisco Firepower Malware Storage Pack, SSD	Firepower NGFW	drive	layered	Secure Firewall and Firepower	(shared across the line)	Secure Firewall and Firepower shared parts	sku ^FPR-						
FPR-NM-2X100G	Cisco FirePower 2 port 100G Network Module	Firepower NGFW	module	layered	Secure Firewall and Firepower	(shared across the line)	Secure Firewall and Firepower shared parts	sku ^FPR-						
FPR-NM-2X100G=	Cisco FirePower 2 port 100G Network Module - For RMA Only	Firepower NGFW	module	layered	Secure Firewall and Firepower	(shared across the line)	Secure Firewall and Firepower shared parts	sku ^FPR-						
FPR-NM-2X40G-F	Cisco FirePower 2 port 40G SR FTW Network Module	Firepower NGFW	module	layered	Secure Firewall and Firepower	(shared across the line)	Secure Firewall and Firepower shared parts	sku ^FPR-						
FPR-NM-2X40G-F=	Cisco FirePower 2 port 40G SR FTW Network Module	Firepower NGFW	module	layered	Secure Firewall and Firepower	(shared across the line)	Secure Firewall and Firepower shared parts	sku ^FPR-						
FPR-NM-4X100G	Cisco FirePower 4 port 100G Network Module	Firepower NGFW	module	layered	Secure Firewall and Firepower	(shared across the line)	Secure Firewall and Firepower shared parts	sku ^FPR-						
FPR-NM-4X100G=	Cisco FirePower 4 port 100G Network Module - For RMA Only	Firepower NGFW	module	layered	Secure Firewall and Firepower	(shared across the line)	Secure Firewall and Firepower shared parts	sku ^FPR-						
FPR-NM-4X40G	Firepower Series 4 port QSFP+ Network Module	Firepower NGFW	module	layered	Secure Firewall and Firepower	(shared across the line)	Secure Firewall and Firepower shared parts	sku ^FPR-						
FPR-NM-4X40G-F	Firepower Network Module 4x40GE.	Firepower NGFW	module	layered	Secure Firewall and Firepower	(shared across the line)	Secure Firewall and Firepower shared parts	sku ^FPR-						
FPR-NM-4X40G=	Firepower Series 4 port QSFP+ Network Module	Firepower NGFW	module	layered	Secure Firewall and Firepower	(shared across the line)	Secure Firewall and Firepower shared parts	sku ^FPR-						
FPR-NM-6X10LR-F	Cisco FirePower 6 port 10G LR FTW Network Module	Firepower NGFW	module	layered	Secure Firewall and Firepower	(shared across the line)	Secure Firewall and Firepower shared parts	sku ^FPR-						
FPR-NM-6X10LR-F=	Cisco FirePower 6 port 10G LR FTW Network Module	Firepower NGFW	module	layered	Secure Firewall and Firepower	(shared across the line)	Secure Firewall and Firepower shared parts	sku ^FPR-						
FPR-NM-6X10SR-F	Cisco FirePower 6 port 10G SR FTW Network Module	Firepower NGFW	module	layered	Secure Firewall and Firepower	(shared across the line)	Secure Firewall and Firepower shared parts	sku ^FPR-						
FPR-NM-6X10SR-F=	Cisco FirePower 6 port 10G SR FTW Network Module	Firepower NGFW	module	layered	Secure Firewall and Firepower	(shared across the line)	Secure Firewall and Firepower shared parts	sku ^FPR-						
FPR-NM-6X1SX-F	Cisco FirePower 6 port 1G SX Fiber FTW Network Module	Firepower NGFW	module	layered	Secure Firewall and Firepower	(shared across the line)	Secure Firewall and Firepower shared parts	sku ^FPR-						
FPR-NM-6X1SX-F=	Cisco FirePower 6 port 1G SX Fiber FTW Network Module	Firepower NGFW	module	layered	Secure Firewall and Firepower	(shared across the line)	Secure Firewall and Firepower shared parts	sku ^FPR-						
FPR-NM-8X10G	Firepower Series - 8 port SFP+ Network Module	Firepower NGFW	module	layered	Secure Firewall and Firepower	(shared across the line)	Secure Firewall and Firepower shared parts	sku ^FPR-						
FPR-NM-8X10G=	Firepower Series - 8 port SFP+ Network Module	Firepower NGFW	module	layered	Secure Firewall and Firepower	(shared across the line)	Secure Firewall and Firepower shared parts	sku ^FPR-						
FPR-NM-8X1G	Cisco FirePower 8 port SFP Network Module	Firepower NGFW	module	layered	Secure Firewall and Firepower	(shared across the line)	Secure Firewall and Firepower shared parts	sku ^FPR-						
FPR-NM-8X1G-F	Cisco FirePower 8 port 1G Copper FTW Network Module	Firepower NGFW	module	layered	Secure Firewall and Firepower	(shared across the line)	Secure Firewall and Firepower shared parts	sku ^FPR-						
FPR-NM-8X1G-F=	Cisco FirePower 8 port 1G Copper FTW Network Module	Firepower NGFW	module	layered	Secure Firewall and Firepower	(shared across the line)	Secure Firewall and Firepower shared parts	sku ^FPR-						
FPR-NM-8X1G=	Cisco FirePower 8 port SFP Network Module	Firepower NGFW	module	layered	Secure Firewall and Firepower	(shared across the line)	Secure Firewall and Firepower shared parts	sku ^FPR-						
FPR-NM-BLANK	Firepower Series Network Module Blank Slot Cover	Firepower NGFW	mechanical	layered	Secure Firewall and Firepower	(shared across the line)	Secure Firewall and Firepower shared parts	sku ^FPR-						
FPR-SM-SD-32G	Firepower Series Secure Digital Card in Security Module	Firepower NGFW	drive	layered	Secure Firewall and Firepower	(shared across the line)	Secure Firewall and Firepower shared parts	sku ^FPR-						
FPR1010-ASA-K9	Cisco Firepower 1010 NGFW Appliance, Desktop, PoE (run ASA SW + Optional security plus license for High Availability)	4100 Firepower	firewall	layered	Secure Firewall and Firepower		Firepower 1000	sku ^FPR-?1(0[0-9]{2}|1[0-9]{2}|K)						
FPR1010-BUN	Cisco Firepower 1010 Master Bundle (allows selection of ASA or FTD model)	4100 Firepower	firewall	layered	Secure Firewall and Firepower		Firepower 1000	sku ^FPR-?1(0[0-9]{2}|1[0-9]{2}|K)						
FPR1010-FTD-HA-BUN	Cisco Firepower 1010 Two-Unit High Availability Bundle (will order 2 identical chassis and software subscriptions to be configured as a high-availability pair)	4100 Firepower	firewall	layered	Secure Firewall and Firepower		Firepower 1000	sku ^FPR-?1(0[0-9]{2}|1[0-9]{2}|K)						
FPR1010-NGFW-K9	Cisco Firepower 1010 NGFW Appliance, Desktop, PoE (runs FTD software + optional subscriptions)	4100 Firepower	firewall	layered	Secure Firewall and Firepower		Firepower 1000	sku ^FPR-?1(0[0-9]{2}|1[0-9]{2}|K)						
FPR1010-RACK-MNT=	Cisco Firepower 1K Series Rackmount Kit for FPR-1010	4100 Firepower	mechanical	layered	Secure Firewall and Firepower		Firepower 1000	sku ^FPR-?1(0[0-9]{2}|1[0-9]{2}|K)						
FPR1010E-ASA-K9	Cisco Firepower 1010E NGFW Appliance, Desktop. no PoE (run ASA SW + Optional security plus license for High Availability)	4100 Firepower	firewall	layered	Secure Firewall and Firepower		Firepower 1000	sku ^FPR-?1(0[0-9]{2}|1[0-9]{2}|K)						
FPR1010E-NGFW-K9	Cisco Firepower 1010E NGFW Appliance, Desktop, no PoE (runs FTD software + optional subscriptions)	4100 Firepower	firewall	layered	Secure Firewall and Firepower		Firepower 1000	sku ^FPR-?1(0[0-9]{2}|1[0-9]{2}|K)						
FPR1010T-SBE	Cisco Secure Firewall FPR1010 Small Business Edition	4100 Firepower	firewall	layered	Secure Firewall and Firepower		Firepower 1000	sku ^FPR-?1(0[0-9]{2}|1[0-9]{2}|K)						
FPR1010T-SBE-L	Cisco Secure Firewall FPR1010 Small Business Edition Lite without Logging	4100 Firepower	firewall	layered	Secure Firewall and Firepower		Firepower 1000	sku ^FPR-?1(0[0-9]{2}|1[0-9]{2}|K)						
FPR1120-ASA-K9	Cisco Firepower 1120 NGFW Appliance, 1RU (runs ASA software + optional security context license)	4100 Firepower	firewall	layered	Secure Firewall and Firepower		Firepower 1000	sku ^FPR-?1(0[0-9]{2}|1[0-9]{2}|K)						
FPR1120-BUN	Cisco Firepower 1120 Master Bundle (allows selection of ASA or FTD model)	4100 Firepower	firewall	layered	Secure Firewall and Firepower		Firepower 1000	sku ^FPR-?1(0[0-9]{2}|1[0-9]{2}|K)						
FPR1120-FTD-HA-BUN	Cisco Firepower 1120 Two-Unit High Availability Bundle (will order 2 identical chassis and software subscriptions to be configured as a high-availability pair)	4100 Firepower	firewall	layered	Secure Firewall and Firepower		Firepower 1000	sku ^FPR-?1(0[0-9]{2}|1[0-9]{2}|K)						
FPR1120-NGFW-K9	Cisco Firepower 1120 NGFW Appliance, 1RU (runs FTD software + optional subscriptions)	4100 Firepower	firewall	layered	Secure Firewall and Firepower		Firepower 1000	sku ^FPR-?1(0[0-9]{2}|1[0-9]{2}|K)						
FPR1140-ASA-K9	Cisco Firepower 1140 NGFW Appliance, 1RU (runs ASA software + optional security context license)	4100 Firepower	firewall	layered	Secure Firewall and Firepower		Firepower 1000	sku ^FPR-?1(0[0-9]{2}|1[0-9]{2}|K)						
FPR1140-BUN	Cisco Firepower 1140 Master Bundle (allows selection of ASA or FTD model)	4100 Firepower	firewall	layered	Secure Firewall and Firepower		Firepower 1000	sku ^FPR-?1(0[0-9]{2}|1[0-9]{2}|K)						
FPR1140-FTD-HA-BUN	Cisco Firepower 1140 Two-Unit High Availability Bundle (will order 2 identical chassis and software subscriptions to be configured as a high-availability pair)	4100 Firepower	firewall	layered	Secure Firewall and Firepower		Firepower 1000	sku ^FPR-?1(0[0-9]{2}|1[0-9]{2}|K)						
FPR1140-NGFW-K9	Cisco Firepower 1140 NGFW Appliance, 1RU (runs FTD software + optional subscriptions)	4100 Firepower	firewall	layered	Secure Firewall and Firepower		Firepower 1000	sku ^FPR-?1(0[0-9]{2}|1[0-9]{2}|K)						
FPR1150-ASA-K9	Cisco Firepower 1150 NGFW Appliance, 1RU (runs ASA software + optional security context license)	4100 Firepower	firewall	layered	Secure Firewall and Firepower		Firepower 1000	sku ^FPR-?1(0[0-9]{2}|1[0-9]{2}|K)						
FPR1150-BUN	Cisco Firepower 1150 Master Bundle (allows selection of ASA or FTD model)	4100 Firepower	firewall	layered	Secure Firewall and Firepower		Firepower 1000	sku ^FPR-?1(0[0-9]{2}|1[0-9]{2}|K)						
FPR1150-FTD-HA-BUN	Cisco Firepower 1150 Two-Unit High Availability Bundle (will order 2 identical chassis and software subscriptions to be configured as a high-availability pair)	4100 Firepower	firewall	layered	Secure Firewall and Firepower		Firepower 1000	sku ^FPR-?1(0[0-9]{2}|1[0-9]{2}|K)						
FPR1150-NGFW-K9	Cisco Firepower 1150 NGFW Appliance, 1RU (runs FTD software + optional subscriptions)	4100 Firepower	firewall	layered	Secure Firewall and Firepower		Firepower 1000	sku ^FPR-?1(0[0-9]{2}|1[0-9]{2}|K)						
FPR1K-CBL-MGMT=	Cisco Firepower 1k Series Cable Mgmt Brackets 1120/1140/1150	4100 Firepower	mechanical	layered	Secure Firewall and Firepower		Firepower 1000	sku ^FPR-?1(0[0-9]{2}|1[0-9]{2}|K)						
FPR1K-DT-ACY-KIT=	Cisco Firepower 1K Series Accessory Kit for FPR-1010	4100 Firepower	mechanical	layered	Secure Firewall and Firepower		Firepower 1000	sku ^FPR-?1(0[0-9]{2}|1[0-9]{2}|K)						
FPR1K-DT-FIPS-KIT=	Cisco Firepower 1K Series FIPS Kit for FPR-1010	4100 Firepower	mechanical	layered	Secure Firewall and Firepower		Firepower 1000	sku ^FPR-?1(0[0-9]{2}|1[0-9]{2}|K)						
FPR1K-DT-PWR-AC=	Cisco Firepower 1K Series 115W Power Adapter for FPR-1010	4100 Firepower	power	layered	Secure Firewall and Firepower		Firepower 1000	sku ^FPR-?1(0[0-9]{2}|1[0-9]{2}|K)						
FPR1K-DT-RACK-MNT=	Cisco Firepower 1K Series Rackmount Kit for FPR-1010	4100 Firepower	mechanical	layered	Secure Firewall and Firepower		Firepower 1000	sku ^FPR-?1(0[0-9]{2}|1[0-9]{2}|K)						
FPR1K-DT-WALL-MNT=	Cisco Firepower 1K Series Wall Mount for FPR-1010	4100 Firepower	mechanical	layered	Secure Firewall and Firepower		Firepower 1000	sku ^FPR-?1(0[0-9]{2}|1[0-9]{2}|K)						
FPR1K-RM-ACY-KIT=	Cisco Firepower 1K Series Accessory Kit for FPR-1120/1140/1150	4100 Firepower	mechanical	layered	Secure Firewall and Firepower		Firepower 1000	sku ^FPR-?1(0[0-9]{2}|1[0-9]{2}|K)						
FPR1K-RM-BRKT=	Cisco Firepower 1K Series Rackmount Brackets - FPR-1120/1140/1150	4100 Firepower	mechanical	layered	Secure Firewall and Firepower		Firepower 1000	sku ^FPR-?1(0[0-9]{2}|1[0-9]{2}|K)						
FPR1K-RM-FIPS-KIT=	Cisco Firepower 1K Series FIPS Kits for FPR-1120/1140/1150	4100 Firepower	mechanical	layered	Secure Firewall and Firepower		Firepower 1000	sku ^FPR-?1(0[0-9]{2}|1[0-9]{2}|K)						
FPR1K-RM-SSD200=	Cisco Firepower 1K Series 200GB for FPR-1120/1140/1150	4100 Firepower	accessory	layered	Secure Firewall and Firepower		Firepower 1000	sku ^FPR-?1(0[0-9]{2}|1[0-9]{2}|K)						
FPR2100-FMC-BUN-PR	Firepower 2100 Series Bundle w/ FMC HW Promo	Firepower NGFW	firewall	layered	Secure Firewall and Firepower		Firepower 2100	sku ^FPR-?2(1[0-9]{2}|K)						
FPR2110-ASA-K9	Cisco Firepower 2110 ASA Appliance, 1U	Firepower NGFW	firewall	layered	Secure Firewall and Firepower		Firepower 2100	sku ^FPR-?2(1[0-9]{2}|K)						
FPR2110-ASA-K9-CAP	Cisco Firepower 2110 ASA Appliance, 1U, 5Y SNT Support	Firepower NGFW	firewall	layered	Secure Firewall and Firepower		Firepower 2100	sku ^FPR-?2(1[0-9]{2}|K)						
FPR2110-BUN	Cisco Firepower 2110 Master Bundle	Firepower NGFW	firewall	layered	Secure Firewall and Firepower		Firepower 2100	sku ^FPR-?2(1[0-9]{2}|K)						
FPR2110-FTD-HA-BUN	Cissco Firepower 2110 Threat Defense Chss,Subs HA Bundle	Firepower NGFW	firewall	layered	Secure Firewall and Firepower		Firepower 2100	sku ^FPR-?2(1[0-9]{2}|K)						
FPR2110-K9=	Firepower 2110 Appliance, 1U Spare, inc SSD	Firepower NGFW	firewall	layered	Secure Firewall and Firepower		Firepower 2100	sku ^FPR-?2(1[0-9]{2}|K)						
FPR2110-NGFW-K9	Cisco Firepower 2110 NGFW Appliance, 1U	Firepower NGFW	firewall	layered	Secure Firewall and Firepower		Firepower 2100	sku ^FPR-?2(1[0-9]{2}|K)						
FPR2110-NGIPS-K9	Cisco Firepower 2110 NGIPS Appliance, 1U	Firepower NGFW	firewall	layered	Secure Firewall and Firepower		Firepower 2100	sku ^FPR-?2(1[0-9]{2}|K)						
FPR2120-ASA-K9	Cisco Firepower 2120 ASA Appliance, 1U	Firepower NGFW	firewall	layered	Secure Firewall and Firepower		Firepower 2100	sku ^FPR-?2(1[0-9]{2}|K)						
FPR2120-BUN	Cisco Firepower 2120 Master Bundle	Firepower NGFW	firewall	layered	Secure Firewall and Firepower		Firepower 2100	sku ^FPR-?2(1[0-9]{2}|K)						
FPR2120-FTD-HA-BUN	Cissco Firepower 2120 Threat Defense Chss,Subs HA Bundle	Firepower NGFW	firewall	layered	Secure Firewall and Firepower		Firepower 2100	sku ^FPR-?2(1[0-9]{2}|K)						
FPR2120-K9=	Firepower 2120 Appliance, 1U Spare, inc SSD	Firepower NGFW	firewall	layered	Secure Firewall and Firepower		Firepower 2100	sku ^FPR-?2(1[0-9]{2}|K)						
FPR2120-NGFW-K9	Cisco Firepower 2120 NGFW Appliance, 1U	Firepower NGFW	firewall	layered	Secure Firewall and Firepower		Firepower 2100	sku ^FPR-?2(1[0-9]{2}|K)						
FPR2120-NGIPS-K9	Cisco Firepower 2120 NGIPS Appliance, 1U	Firepower NGFW	firewall	layered	Secure Firewall and Firepower		Firepower 2100	sku ^FPR-?2(1[0-9]{2}|K)						
FPR2130-ASA-K9	Cisco Firepower 2130 ASA Appliance, 1U, 1 x NetMod Bay	Firepower NGFW	firewall	layered	Secure Firewall and Firepower		Firepower 2100	sku ^FPR-?2(1[0-9]{2}|K)						
FPR2130-ASA-K9-CAP	Cisco Firepower 2130 ASA Appl, 1U, 1 NetMod, 5Y SNT Support	Firepower NGFW	firewall	layered	Secure Firewall and Firepower		Firepower 2100	sku ^FPR-?2(1[0-9]{2}|K)						
FPR2130-BUN	Cisco Firepower 2130 Master Bundle	Firepower NGFW	firewall	layered	Secure Firewall and Firepower		Firepower 2100	sku ^FPR-?2(1[0-9]{2}|K)						
FPR2130-FTD-HA-BUN	Cisco Firepower 2130 Threat Defense Chss,Subs HA Bundle	Firepower NGFW	firewall	layered	Secure Firewall and Firepower		Firepower 2100	sku ^FPR-?2(1[0-9]{2}|K)						
FPR2130-K9=	Firepower 2130 Appliance,1xNetMod Bay Spare,w/SSD,no pwr/Fan	Firepower NGFW	firewall	layered	Secure Firewall and Firepower		Firepower 2100	sku ^FPR-?2(1[0-9]{2}|K)						
FPR2130-NGFW-K9	Cisco Firepower 2130 NGFW Appliance, 1U, 1 x NetMod Bay	Firepower NGFW	firewall	layered	Secure Firewall and Firepower		Firepower 2100	sku ^FPR-?2(1[0-9]{2}|K)						
FPR2130-NGIPS-K9	Cisco Firepower 2130 NGIPS Appliance, 1U, 1 x NetMod Bay	Firepower NGFW	firewall	layered	Secure Firewall and Firepower		Firepower 2100	sku ^FPR-?2(1[0-9]{2}|K)						
FPR2140-ASA-K9	Cisco Firepower 2140 ASA Appliance, 1U, 1 x NetMod Bay	Firepower NGFW	firewall	layered	Secure Firewall and Firepower		Firepower 2100	sku ^FPR-?2(1[0-9]{2}|K)						
FPR2140-BUN	Cisco Firepower 2140 Master Bundle	Firepower NGFW	firewall	layered	Secure Firewall and Firepower		Firepower 2100	sku ^FPR-?2(1[0-9]{2}|K)						
FPR2140-FTD-HA-BUN	Cisco Firepower 2140 Threat Defense Chss,Subs HA Bundle	Firepower NGFW	firewall	layered	Secure Firewall and Firepower		Firepower 2100	sku ^FPR-?2(1[0-9]{2}|K)						
FPR2140-K9=	Firepower 2140 Appliance,1xNetMod Bay Spare,w/SSD,no pwr/Fan	Firepower NGFW	firewall	layered	Secure Firewall and Firepower		Firepower 2100	sku ^FPR-?2(1[0-9]{2}|K)						
FPR2140-NGFW-K9	Cisco Firepower 2140 NGFW Appliance, 1U, 1 x NetMod Bay	Firepower NGFW	firewall	layered	Secure Firewall and Firepower		Firepower 2100	sku ^FPR-?2(1[0-9]{2}|K)						
FPR2140-NGIPS-K9	Cisco Firepower 2140 NGIPS Appliance, 1U, 1 x NetMod Bay	Firepower NGFW	firewall	layered	Secure Firewall and Firepower		Firepower 2100	sku ^FPR-?2(1[0-9]{2}|K)						
FPR2K-ACK	^Firepower 2000 Series Accessory Kit	Firepower NGFW	mechanical	layered	Secure Firewall and Firepower		Firepower 2100	sku ^FPR-?2(1[0-9]{2}|K)						
FPR2K-ACK=	^Firepower 2000 Series Accessory Kit	Firepower NGFW	mechanical	layered	Secure Firewall and Firepower		Firepower 2100	sku ^FPR-?2(1[0-9]{2}|K)						
FPR2K-BBLKD	^Firepower 2000 Series SSD Carrier	Firepower NGFW	mechanical	layered	Secure Firewall and Firepower		Firepower 2100	sku ^FPR-?2(1[0-9]{2}|K)						
FPR2K-BBLKD=	^Firepower 2000 Series SSD Carrier	Firepower NGFW	mechanical	layered	Secure Firewall and Firepower		Firepower 2100	sku ^FPR-?2(1[0-9]{2}|K)						
FPR2K-CBL-MGMT	Firepower 2000 Cable Mgmt Brackets	Firepower NGFW	mechanical	layered	Secure Firewall and Firepower		Firepower 2100	sku ^FPR-?2(1[0-9]{2}|K)						
FPR2K-CBL-MGMT=	Firepower 2000 Cable Mgmt Brackets	Firepower NGFW	mechanical	layered	Secure Firewall and Firepower		Firepower 2100	sku ^FPR-?2(1[0-9]{2}|K)						
FPR2K-FAN	Firepower 2000 Series Fan Tray	Firepower NGFW	fan	layered	Secure Firewall and Firepower		Firepower 2100	sku ^FPR-?2(1[0-9]{2}|K)						
FPR2K-FAN=	Firepower 2000 Series Fan Tray	Firepower NGFW	fan	layered	Secure Firewall and Firepower		Firepower 2100	sku ^FPR-?2(1[0-9]{2}|K)						
FPR2K-MEM-C1X16=	Memory kit for Firepower 2110/2120 CPU - 1x 16GB	Firepower NGFW	memory	layered	Secure Firewall and Firepower		Firepower 2100	sku ^FPR-?2(1[0-9]{2}|K)						
FPR2K-MEM-C2X16=	Memory kit for Firepower 2130 CPU - 2x 16GB	Firepower NGFW	memory	layered	Secure Firewall and Firepower		Firepower 2100	sku ^FPR-?2(1[0-9]{2}|K)						
FPR2K-MEM-C2X32=	Memory kit for Firepower 2140 CPU - 2x 32GB	Firepower NGFW	memory	layered	Secure Firewall and Firepower		Firepower 2100	sku ^FPR-?2(1[0-9]{2}|K)						
FPR2K-MEM-N1X8=	Memory kit for Firepower 2110/2120 NPU - 1x 8GB	Firepower NGFW	memory	layered	Secure Firewall and Firepower		Firepower 2100	sku ^FPR-?2(1[0-9]{2}|K)						
FPR2K-MEM-N2X8=	Memory kit for Firepower 2130/2140 NPU - 2x 8GB	Firepower NGFW	memory	layered	Secure Firewall and Firepower		Firepower 2100	sku ^FPR-?2(1[0-9]{2}|K)						
FPR2K-NM-6X10LR-F	Cisco Firepower 6-port 10G LR FTW Network Module	Firepower 9300 Series	module	layered	Secure Firewall and Firepower		Firepower 2100	sku ^FPR-?2(1[0-9]{2}|K)						
FPR2K-NM-6X10LR-F=	Cisco Firepower 6-port 10G LR FTW Network Module (Spare)	Firepower 9300 Series	module	layered	Secure Firewall and Firepower		Firepower 2100	sku ^FPR-?2(1[0-9]{2}|K)						
FPR2K-NM-6X10SR-F	Cisco Firepower 6-port 10G SR FTW Network Module	Firepower 9300 Series	module	layered	Secure Firewall and Firepower		Firepower 2100	sku ^FPR-?2(1[0-9]{2}|K)						
FPR2K-NM-6X10SR-F=	Cisco Firepower 6-port 10G SR FTW Network Module (Spare)	Firepower 9300 Series	module	layered	Secure Firewall and Firepower		Firepower 2100	sku ^FPR-?2(1[0-9]{2}|K)						
FPR2K-NM-6X1SX-F	Cisco Firepower 6-port 1G SX Fiber FTW Network Module	Firepower 9300 Series	module	layered	Secure Firewall and Firepower		Firepower 2100	sku ^FPR-?2(1[0-9]{2}|K)						
FPR2K-NM-6X1SX-F=	Cisco Firepower 6-port 1G SX Fiber FTW Network Module (Spare)	Firepower 9300 Series	module	layered	Secure Firewall and Firepower		Firepower 2100	sku ^FPR-?2(1[0-9]{2}|K)						
FPR2K-NM-8X10G	Cisco Firepower 8 port SFP+ Network Module	Firepower NGFW	module	layered	Secure Firewall and Firepower		Firepower 2100	sku ^FPR-?2(1[0-9]{2}|K)						
FPR2K-NM-8X10G=	Cisco Firepower 8 port SFP+ Network Module	Firepower NGFW	module	layered	Secure Firewall and Firepower		Firepower 2100	sku ^FPR-?2(1[0-9]{2}|K)						
FPR2K-NM-8X1G	Cisco Firepower 8 port SFP Network Module	Firepower NGFW	module	layered	Secure Firewall and Firepower		Firepower 2100	sku ^FPR-?2(1[0-9]{2}|K)						
FPR2K-NM-8X1G-F	Cisco Firepower 8-port 1G Copper FTW Network Module	Firepower 9300 Series	module	layered	Secure Firewall and Firepower		Firepower 2100	sku ^FPR-?2(1[0-9]{2}|K)						
FPR2K-NM-8X1G-F=	Cisco Firepower 8-port 1G Copper FTW Network Module (Spare)	Firepower 9300 Series	module	layered	Secure Firewall and Firepower		Firepower 2100	sku ^FPR-?2(1[0-9]{2}|K)						
FPR2K-NM-8X1G=	Cisco Firepower 8 port SFP Network Module	Firepower NGFW	module	layered	Secure Firewall and Firepower		Firepower 2100	sku ^FPR-?2(1[0-9]{2}|K)						
FPR2K-NM-BLANK	Firepower 2000 Series Network Module Blank Slot Cover	Firepower NGFW	mechanical	layered	Secure Firewall and Firepower		Firepower 2100	sku ^FPR-?2(1[0-9]{2}|K)						
FPR2K-NM-BLANK=	Firepower 2000 Series Network Module Blank Slot Cover	Firepower NGFW	mechanical	layered	Secure Firewall and Firepower		Firepower 2100	sku ^FPR-?2(1[0-9]{2}|K)						
FPR2K-PSU-BLANK	Firepower 2000 Series Chassis Power Supply Blank Slot Cover	Firepower NGFW	mechanical	layered	Secure Firewall and Firepower		Firepower 2100	sku ^FPR-?2(1[0-9]{2}|K)						
FPR2K-PSU-BLANK=	Firepower 2000 Series Chassis Power Supply Blank Slot Cover	Firepower NGFW	mechanical	layered	Secure Firewall and Firepower		Firepower 2100	sku ^FPR-?2(1[0-9]{2}|K)						
FPR2K-PWR-AC-400	Firepower 2000 Series 400W AC Power Supply	Firepower NGFW	power	layered	Secure Firewall and Firepower		Firepower 2100	sku ^FPR-?2(1[0-9]{2}|K)						
FPR2K-PWR-AC-400=	Firepower 2000 Series 400W AC Power Supply	Firepower NGFW	power	layered	Secure Firewall and Firepower		Firepower 2100	sku ^FPR-?2(1[0-9]{2}|K)						
FPR2K-PWR-DC-350	Firepower 2000 Series 350W DC Power Supply	Firepower NGFW	power	layered	Secure Firewall and Firepower		Firepower 2100	sku ^FPR-?2(1[0-9]{2}|K)						
FPR2K-PWR-DC-350=	Firepower 2000 Series 350W DC Power Supply	Firepower NGFW	power	layered	Secure Firewall and Firepower		Firepower 2100	sku ^FPR-?2(1[0-9]{2}|K)						
FPR2K-RAIL-BRKT	^Firepower 2000 Slide Rail Brackets	Firepower NGFW	mechanical	layered	Secure Firewall and Firepower		Firepower 2100	sku ^FPR-?2(1[0-9]{2}|K)						
FPR2K-RAIL-BRKT=	Firepower 2000 Slide Rail Brackets	Firepower NGFW	mechanical	layered	Secure Firewall and Firepower		Firepower 2100	sku ^FPR-?2(1[0-9]{2}|K)						
FPR2K-RM-BRKT	^Firepower 2000 Rackmount Brackets	Firepower NGFW	mechanical	layered	Secure Firewall and Firepower		Firepower 2100	sku ^FPR-?2(1[0-9]{2}|K)						
FPR2K-RM-BRKT=	Firepower 2000 Rackmount Brackets	Firepower NGFW	mechanical	layered	Secure Firewall and Firepower		Firepower 2100	sku ^FPR-?2(1[0-9]{2}|K)						
FPR2K-RMK	^Firepower 2000 Series Rack Mount Kit	Firepower NGFW	mechanical	layered	Secure Firewall and Firepower		Firepower 2100	sku ^FPR-?2(1[0-9]{2}|K)						
FPR2K-RMK-FIPS=	^Firepower 2000 Series FIPS Kit - Rack Mount Kit	Firepower NGFW	mechanical	layered	Secure Firewall and Firepower		Firepower 2100	sku ^FPR-?2(1[0-9]{2}|K)						
FPR2K-RMK=	^Firepower 2000 Series Rack Mount Kit	Firepower NGFW	mechanical	layered	Secure Firewall and Firepower		Firepower 2100	sku ^FPR-?2(1[0-9]{2}|K)						
FPR2K-RSLIDE	^Firepower 2000 Series Slide Rail Kit	Firepower NGFW	mechanical	layered	Secure Firewall and Firepower		Firepower 2100	sku ^FPR-?2(1[0-9]{2}|K)						
FPR2K-RSLIDE=	^Firepower 2000 Series Slide Rail Kit	Firepower NGFW	mechanical	layered	Secure Firewall and Firepower		Firepower 2100	sku ^FPR-?2(1[0-9]{2}|K)						
FPR2K-SLIDE-FIPS=	Firepower 2000 Series FIPS Kit - Slide Rail Kit	Firepower NGFW	mechanical	layered	Secure Firewall and Firepower		Firepower 2100	sku ^FPR-?2(1[0-9]{2}|K)						
FPR2K-SLIDE-RAILS	Firepower 2000 Slide Rail Kit	Firepower NGFW	mechanical	layered	Secure Firewall and Firepower		Firepower 2100	sku ^FPR-?2(1[0-9]{2}|K)						
FPR2K-SLIDE-RAILS=	Firepower 2000 Slide Rail Kit	Firepower NGFW	mechanical	layered	Secure Firewall and Firepower		Firepower 2100	sku ^FPR-?2(1[0-9]{2}|K)						
FPR2K-SSD-BBLKD	Firepower 2000 Series SSD Slot Carrier	Firepower NGFW	mechanical	layered	Secure Firewall and Firepower		Firepower 2100	sku ^FPR-?2(1[0-9]{2}|K)						
FPR2K-SSD-BBLKD=	Firepower 2000 Series SSD Slot Carrier	Firepower NGFW	mechanical	layered	Secure Firewall and Firepower		Firepower 2100	sku ^FPR-?2(1[0-9]{2}|K)						
FPR2K-SSD100	Firepower 2000 Series SSD for FPR-2110/2120	Firepower NGFW	drive	layered	Secure Firewall and Firepower		Firepower 2100	sku ^FPR-?2(1[0-9]{2}|K)						
FPR2K-SSD100=	Firepower 2000 Series SSD for FPR-2110/2120	Firepower NGFW	drive	layered	Secure Firewall and Firepower		Firepower 2100	sku ^FPR-?2(1[0-9]{2}|K)						
FPR2K-SSD200	Firepower 2000 Series SSD for FPR-2130/2140	Firepower NGFW	drive	layered	Secure Firewall and Firepower		Firepower 2100	sku ^FPR-?2(1[0-9]{2}|K)						
FPR2K-SSD200=	Firepower 2000 Series SSD for FPR-2130/2140	Firepower NGFW	drive	layered	Secure Firewall and Firepower		Firepower 2100	sku ^FPR-?2(1[0-9]{2}|K)						
FPR3100-FTD-HA-BUN	Cisco Secure Firewall 3100 series Two Unit High Availability Bundle (will order 2 identical chassis and software subscriptions to be configured as a high-availability pair)	4100 Firepower	firewall	layered	Secure Firewall and Firepower		Secure Firewall 3100	sku ^FPR-?3(1[0-9]{2}|K)						
FPR3105-ASA-K9	Cisco Secure Firewall 3105 ASA Appliance, 1RU (runs ASA software with optional security context license)	4100 Firepower	firewall	layered	Secure Firewall and Firepower		Secure Firewall 3100	sku ^FPR-?3(1[0-9]{2}|K)						
FPR3105-NGFW-K9	Cisco Secure Firewall 3105 Appliance with Threat Defense software	Firepower 9300 Series	firewall	layered	Secure Firewall and Firepower		Secure Firewall 3100	sku ^FPR-?3(1[0-9]{2}|K)						
FPR3110-ASA-K9	Cisco Secure Firewall 3110 ASA Appliance, 1RU (runs ASA software with optional security context license)	4100 Firepower	firewall	layered	Secure Firewall and Firepower		Secure Firewall 3100	sku ^FPR-?3(1[0-9]{2}|K)						
FPR3110-NGFW-K9	Cisco Secure Firewall 3110 Appliance with Threat Defense software	Firepower 9300 Series	firewall	layered	Secure Firewall and Firepower		Secure Firewall 3100	sku ^FPR-?3(1[0-9]{2}|K)						
FPR3120-ASA-K9	Cisco Secure Firewall 3120 ASA Appliance, 1RU (runs ASA software with optional security context license)	4100 Firepower	firewall	layered	Secure Firewall and Firepower		Secure Firewall 3100	sku ^FPR-?3(1[0-9]{2}|K)						
FPR3120-NGFW-K9	Cisco Secure Firewall 3120 Appliance with Threat Defense software	Firepower 9300 Series	firewall	layered	Secure Firewall and Firepower		Secure Firewall 3100	sku ^FPR-?3(1[0-9]{2}|K)						
FPR3130-ASA-K9	Cisco Secure Firewall 3130 ASA Appliance, 1RU, 1 x Network Module Bays (runs ASA software with optional security context license)	4100 Firepower	firewall	layered	Secure Firewall and Firepower		Secure Firewall 3100	sku ^FPR-?3(1[0-9]{2}|K)						
FPR3130-NGFW-K9	Cisco Secure Firewall 3130 Appliance with Threat Defense software	Firepower 9300 Series	firewall	layered	Secure Firewall and Firepower		Secure Firewall 3100	sku ^FPR-?3(1[0-9]{2}|K)						
FPR3140-ASA-K9	Cisco Secure Firewall 3140 ASA Appliance, 1RU, 1 x Network Module Bays (runs ASA software with optional security context license)	4100 Firepower	firewall	layered	Secure Firewall and Firepower		Secure Firewall 3100	sku ^FPR-?3(1[0-9]{2}|K)						
FPR3140-NGFW-K9	Cisco Secure Firewall 3140 Appliance with Threat Defense software, 1RU, 1 x Network Module Bays (runs FTD software + optional subscriptions)	Firepower 9300 Series	firewall	layered	Secure Firewall and Firepower		Secure Firewall 3100	sku ^FPR-?3(1[0-9]{2}|K)						
FPR3K-ACY-KIT	Cisco Secure Firewall 3100 Series Accessory Kit	4100 Firepower	mechanical	layered	Secure Firewall and Firepower		Secure Firewall 3100	sku ^FPR-?3(1[0-9]{2}|K)						
FPR3K-BRKT=	Cisco Secure Firewall 3100 Series Rackmount Brackets	4100 Firepower	mechanical	layered	Secure Firewall and Firepower		Secure Firewall 3100	sku ^FPR-?3(1[0-9]{2}|K)						
FPR3K-CBL-MGMT=	Cisco Secure Firewall 3100 Series Cable Management Brackets	4100 Firepower	mechanical	layered	Secure Firewall and Firepower		Secure Firewall 3100	sku ^FPR-?3(1[0-9]{2}|K)						
FPR3K-FAN=	Cisco Secure Firewall 3100 Series Fan Tray	4100 Firepower	fan	layered	Secure Firewall and Firepower		Secure Firewall 3100	sku ^FPR-?3(1[0-9]{2}|K)						
FPR3K-FIPS-KIT=	Cisco Secure Firewall 3100 Series FIPS Kit	4100 Firepower	mechanical	layered	Secure Firewall and Firepower		Secure Firewall 3100	sku ^FPR-?3(1[0-9]{2}|K)						
FPR3K-NM-BLANK=	Cisco Secure Firewall 3100 Series Network Module Blank Slot Cover	4100 Firepower	mechanical	layered	Secure Firewall and Firepower		Secure Firewall 3100	sku ^FPR-?3(1[0-9]{2}|K)						
FPR3K-PSU-BLANK=	Cisco Secure Firewall 3100 Series Chassis Power Supply Blank Slot Cover	4100 Firepower	mechanical	layered	Secure Firewall and Firepower		Secure Firewall 3100	sku ^FPR-?3(1[0-9]{2}|K)						
FPR3K-PWR-AC-400=	Cisco Secure Firewall 3100 Series 400W AC Power Supply	4100 Firepower	power	layered	Secure Firewall and Firepower		Secure Firewall 3100	sku ^FPR-?3(1[0-9]{2}|K)						
FPR3K-PWR-DC-400=	Cisco Secure Firewall 3100 Series 400W DC Power Supply	4100 Firepower	power	layered	Secure Firewall and Firepower		Secure Firewall 3100	sku ^FPR-?3(1[0-9]{2}|K)						
FPR3K-RAIL-BRKT=	Cisco Secure Firewall 3100 Series Slide Rail Brackets	4100 Firepower	mechanical	layered	Secure Firewall and Firepower		Secure Firewall 3100	sku ^FPR-?3(1[0-9]{2}|K)						
FPR3K-SLIDE-RAILS=	Cisco Secure Firewall 3100 Series Slide Rail Kit	4100 Firepower	mechanical	layered	Secure Firewall and Firepower		Secure Firewall 3100	sku ^FPR-?3(1[0-9]{2}|K)						
FPR3K-SSD-BLANK=	Cisco Secure Firewall 3100 Series SSD Slot Carrier	4100 Firepower	mechanical	layered	Secure Firewall and Firepower		Secure Firewall 3100	sku ^FPR-?3(1[0-9]{2}|K)						
FPR3K-SSD900=	Cisco Secure Firewall 3100 Series SSD for FPR 3100 Series	4100 Firepower	drive	layered	Secure Firewall and Firepower		Secure Firewall 3100	sku ^FPR-?3(1[0-9]{2}|K)						
FPR3K-XNM-2X100G	3100 Series 2-port 100G QSFP28 Network Module	4100 Firepower	module	layered	Secure Firewall and Firepower		Secure Firewall 3100	sku ^FPR-?3(1[0-9]{2}|K)						
FPR3K-XNM-2X100G=	3100 Series 2-port 100G QSFP28 Network Module (Spare)	4100 Firepower	module	layered	Secure Firewall and Firepower		Secure Firewall 3100	sku ^FPR-?3(1[0-9]{2}|K)						
FPR3K-XNM-4X40G	3100 Series 4-port 40G QSFP+ Network Module	4100 Firepower	module	layered	Secure Firewall and Firepower		Secure Firewall 3100	sku ^FPR-?3(1[0-9]{2}|K)						
FPR3K-XNM-4X40G=	3100 Series 4-port 40G QSFP+ Network Module (Spare)	4100 Firepower	module	layered	Secure Firewall and Firepower		Secure Firewall 3100	sku ^FPR-?3(1[0-9]{2}|K)						
FPR3K-XNM-6X10SRF	Cisco 3100 Appliance 6X10G FTW Netmod, SR-Multimode	Firepower 9300 Series	module	layered	Secure Firewall and Firepower		Secure Firewall 3100	sku ^FPR-?3(1[0-9]{2}|K)						
FPR3K-XNM-6X10SRF=	Cisco 3100 Appliance 6X10G FTW Netmod, SR-Multimode (Spare)	Firepower 9300 Series	module	layered	Secure Firewall and Firepower		Secure Firewall 3100	sku ^FPR-?3(1[0-9]{2}|K)						
FPR3K-XNM-6X1SXF	Cisco 3100 Appliance 6X1G FTW Netmod, SX-Multimode	Firepower 9300 Series	module	layered	Secure Firewall and Firepower		Secure Firewall 3100	sku ^FPR-?3(1[0-9]{2}|K)						
FPR3K-XNM-6X1SXF=	Cisco 3100 Appliance 6X1G FTW Netmod, SX-Multimode (Spare)	Firepower 9300 Series	module	layered	Secure Firewall and Firepower		Secure Firewall 3100	sku ^FPR-?3(1[0-9]{2}|K)						
FPR3K-XNM-6X25LRF	Cisco 3100 Appliance 6X25G FTW Netmod, LR-Singlemode	Firepower 9300 Series	module	layered	Secure Firewall and Firepower		Secure Firewall 3100	sku ^FPR-?3(1[0-9]{2}|K)						
FPR3K-XNM-6X25LRF=	Cisco 3100 Appliance 6X25G FTW Netmod, LR-Singlemode (Spare)	Firepower 9300 Series	module	layered	Secure Firewall and Firepower		Secure Firewall 3100	sku ^FPR-?3(1[0-9]{2}|K)						
FPR3K-XNM-6X25SRF	Cisco 3100 Appliance 6X25G FTW Netmod, SR-Multimode	Firepower 9300 Series	module	layered	Secure Firewall and Firepower		Secure Firewall 3100	sku ^FPR-?3(1[0-9]{2}|K)						
FPR3K-XNM-6X25SRF=	Cisco 3100 Appliance 6X25G FTW Netmod, SR-Multimode (Spare)	Firepower 9300 Series	module	layered	Secure Firewall and Firepower		Secure Firewall 3100	sku ^FPR-?3(1[0-9]{2}|K)						
FPR3K-XNM-8X10G	3100 Series 8-port 1G/10G SFP+ Network Module	4100 Firepower	module	layered	Secure Firewall and Firepower		Secure Firewall 3100	sku ^FPR-?3(1[0-9]{2}|K)						
FPR3K-XNM-8X10G=	3100 Series 8-port 1G/10G SFP+ Network Module (Spare)	4100 Firepower	module	layered	Secure Firewall and Firepower		Secure Firewall 3100	sku ^FPR-?3(1[0-9]{2}|K)						
FPR3K-XNM-8X25G	3100 Series 8-port 1/10/25G ZSFP Network Module	4100 Firepower	module	layered	Secure Firewall and Firepower		Secure Firewall 3100	sku ^FPR-?3(1[0-9]{2}|K)						
FPR3K-XNM-8X25G=	3100 Series 8-port 1/10/25G ZSFP Network Module (Spare)	4100 Firepower	module	layered	Secure Firewall and Firepower		Secure Firewall 3100	sku ^FPR-?3(1[0-9]{2}|K)						
FPR4110-BUN-PR	Cisco Firepower 4110 Master Bundle - Promo	Firepower NGFW	firewall	layered	Secure Firewall and Firepower		Firepower 4100	sku ^FPR-?41[0-9]{2}						
FPR4110ASA-BUN-PR	Cisco Firepower 4110 ASA Bundle Promotion	Firepower NGFW	firewall	layered	Secure Firewall and Firepower		Firepower 4100	sku ^FPR-?41[0-9]{2}						
FPR4110NGFW-BUN-PR	Cisco Firepower 4110 NGFW Bundle Promotion	Firepower NGFW	firewall	layered	Secure Firewall and Firepower		Firepower 4100	sku ^FPR-?41[0-9]{2}						
FPR4112-ASA-K9	Cisco Firepower 4112 ASA Appliance, 1RU, 2 x Network Module Bays	4100 Firepower	firewall	layered	Secure Firewall and Firepower		Firepower 4100	sku ^FPR-?41[0-9]{2}						
FPR4112-BUN	Cisco Firepower 4112 Master Bundle	4100 Firepower	firewall	layered	Secure Firewall and Firepower		Firepower 4100	sku ^FPR-?41[0-9]{2}						
FPR4112-FTD-HA-BUN	Cisco Firepower 4112 Two Unit High Availability Bundle (will order 2 identical chassis and software subscriptions to be configured as a high-availability pair)	4100 Firepower	firewall	layered	Secure Firewall and Firepower		Firepower 4100	sku ^FPR-?41[0-9]{2}						
FPR4112-NGFW-K9	Cisco Firepower 4112 NGFW Appliance, 1RU, 2 x Network Module Bays	4100 Firepower	firewall	layered	Secure Firewall and Firepower		Firepower 4100	sku ^FPR-?41[0-9]{2}						
FPR4112-NGIPS-K9	Cisco Firepower 4112 NGIPS Appliance, 1RU, 2 x Network Module Bays	4100 Firepower	firewall	layered	Secure Firewall and Firepower		Firepower 4100	sku ^FPR-?41[0-9]{2}						
FPR4115-ASA-K9	Cisco Firepower 4115 ASA Appliance, 1RU, 2 x Network Module Bays	4100 Firepower	firewall	layered	Secure Firewall and Firepower		Firepower 4100	sku ^FPR-?41[0-9]{2}						
FPR4115-BUN	Cisco Firepower 4115 Master Bundle	4100 Firepower	firewall	layered	Secure Firewall and Firepower		Firepower 4100	sku ^FPR-?41[0-9]{2}						
FPR4115-FTD-HA-BUN	Cisco Firepower 4115 Two Unit High Availability Bundle (will order 2 identical chassis and software subscriptions to be configured as a high-availability pair)	4100 Firepower	firewall	layered	Secure Firewall and Firepower		Firepower 4100	sku ^FPR-?41[0-9]{2}						
FPR4115-NGFW-K9	Cisco Firepower 4115 NGFW Appliance, 1RU, 2 x Network Module Bays	4100 Firepower	firewall	layered	Secure Firewall and Firepower		Firepower 4100	sku ^FPR-?41[0-9]{2}						
FPR4115-NGIPS-K9	Cisco Firepower 4115 NGIPS Appliance, 1RU, 2 x Network Module Bays	4100 Firepower	firewall	layered	Secure Firewall and Firepower		Firepower 4100	sku ^FPR-?41[0-9]{2}						
FPR4120-AMP-K9	Cisco Firepower 4120 AMP Appliance, 1U, 2 x NetMod Bays	Firepower 9300 Series	firewall	layered	Secure Firewall and Firepower		Firepower 4100	sku ^FPR-?41[0-9]{2}						
FPR4120-ASA-K9	Cisco Firepower 4120 ASA Appliance, 1U, 2 x NetMod Bays	Firepower 9300 Series	firewall	layered	Secure Firewall and Firepower		Firepower 4100	sku ^FPR-?41[0-9]{2}						
FPR4120-BUN	Cisco Firepower 4120 Master Bundle	Firepower 9300 Series	firewall	layered	Secure Firewall and Firepower		Firepower 4100	sku ^FPR-?41[0-9]{2}						
FPR4120-FTD-HA-BUN	Cissco Firepower 4120 Threat Defense Chss,Subs HA Bundle	Firepower 9300 Series	firewall	layered	Secure Firewall and Firepower		Firepower 4100	sku ^FPR-?41[0-9]{2}						
FPR4120-NGFW-K9	Cisco Firepower 4120 NGFW Appliance, 1U, 2 x NetMod Bays	Firepower 9300 Series	firewall	layered	Secure Firewall and Firepower		Firepower 4100	sku ^FPR-?41[0-9]{2}						
FPR4120-NGIPS-K9	Cisco Firepower 4120 NGIPS Appliance, 1U, 2 x NetMod Bays	Firepower 9300 Series	firewall	layered	Secure Firewall and Firepower		Firepower 4100	sku ^FPR-?41[0-9]{2}						
FPR4125-ASA-K9	Cisco Firepower 4125 ASA Appliance, 1RU, 2 x Network Module Bays	4100 Firepower	firewall	layered	Secure Firewall and Firepower		Firepower 4100	sku ^FPR-?41[0-9]{2}						
FPR4125-BUN	Cisco Firepower 4125 Master Bundle	4100 Firepower	firewall	layered	Secure Firewall and Firepower		Firepower 4100	sku ^FPR-?41[0-9]{2}						
FPR4125-FTD-HA-BUN	Cisco Firepower 4125 Two Unit High Availability Bundle (will order 2 identical chassis and software subscriptions to be configured as a high-availability pair)	4100 Firepower	firewall	layered	Secure Firewall and Firepower		Firepower 4100	sku ^FPR-?41[0-9]{2}						
FPR4125-NGFW-K9	Cisco Firepower 4125 NGFW Appliance, 1RU, 2 x Network Module Bays	4100 Firepower	firewall	layered	Secure Firewall and Firepower		Firepower 4100	sku ^FPR-?41[0-9]{2}						
FPR4125-NGIPS-K9	Cisco Firepower 4125 NGIPS Appliance, 1RU, 2 x Network Module Bays	4100 Firepower	firewall	layered	Secure Firewall and Firepower		Firepower 4100	sku ^FPR-?41[0-9]{2}						
FPR4140-AMP-K9	Cisco Firepower 4140 AMP Appliance, 1U, 2 x NetMod Bays	Firepower 9300 Series	firewall	layered	Secure Firewall and Firepower		Firepower 4100	sku ^FPR-?41[0-9]{2}						
FPR4140-ASA-K9	Cisco Firepower 4140 ASA Appliance, 1U, 2 x NetMod Bays	Firepower 9300 Series	firewall	layered	Secure Firewall and Firepower		Firepower 4100	sku ^FPR-?41[0-9]{2}						
FPR4140-BUN	Cisco Firepower 4140 Master Bundle	Firepower 9300 Series	firewall	layered	Secure Firewall and Firepower		Firepower 4100	sku ^FPR-?41[0-9]{2}						
FPR4140-FTD-HA-BUN	Cisco Firepower 4140 Threat Defense Chss,Subs HA Bundle	Firepower 9300 Series	firewall	layered	Secure Firewall and Firepower		Firepower 4100	sku ^FPR-?41[0-9]{2}						
FPR4140-NGFW-K9	Cisco Firepower 4140 NGFW Appliance, 1U, 2 x NetMod Bays	Firepower 9300 Series	firewall	layered	Secure Firewall and Firepower		Firepower 4100	sku ^FPR-?41[0-9]{2}						
FPR4140-NGIPS-K9	Cisco Firepower 4140 NGIPS Appliance, 1U, 2 x NetMod Bays	Firepower 9300 Series	firewall	layered	Secure Firewall and Firepower		Firepower 4100	sku ^FPR-?41[0-9]{2}						
FPR4145-ASA-K9	Cisco Firepower 4145 ASA Appliance, 1RU, 2 x Network Module Bays	4100 Firepower	firewall	layered	Secure Firewall and Firepower		Firepower 4100	sku ^FPR-?41[0-9]{2}						
FPR4145-BUN	Cisco Firepower 4145 Master Bundle	4100 Firepower	firewall	layered	Secure Firewall and Firepower		Firepower 4100	sku ^FPR-?41[0-9]{2}						
FPR4145-FTD-HA-BUN	Cisco Firepower 4145 Two Unit High Availability Bundle (will order 2 identical chassis and software subscriptions to be configured as a high-availability pair)	4100 Firepower	firewall	layered	Secure Firewall and Firepower		Firepower 4100	sku ^FPR-?41[0-9]{2}						
FPR4145-NGFW-K9	Cisco Firepower 4145 NGFW Appliance, 1RU, 2 x Network Module Bays	4100 Firepower	firewall	layered	Secure Firewall and Firepower		Firepower 4100	sku ^FPR-?41[0-9]{2}						
FPR4145-NGFW-K9=	NGFW Specific PID	Firepower NGFW	firewall	layered	Secure Firewall and Firepower		Firepower 4100	sku ^FPR-?41[0-9]{2}						
FPR4145-NGIPS-K9	Cisco Firepower 4145 NGIPS Appliance, 1RU, 2 x Network Module Bays	4100 Firepower	firewall	layered	Secure Firewall and Firepower		Firepower 4100	sku ^FPR-?41[0-9]{2}						
FPR4150-AMP-K9	Cisco Firepower 4150 AMP Appliance, 1U, 2 x NetMod Bays	Firepower 9300 Series	firewall	layered	Secure Firewall and Firepower		Firepower 4100	sku ^FPR-?41[0-9]{2}						
FPR4150-ASA-K9	Cisco Firepower 4150 ASA Appliance, 1U, 2 x NetMod Bays	Firepower 9300 Series	firewall	layered	Secure Firewall and Firepower		Firepower 4100	sku ^FPR-?41[0-9]{2}						
FPR4150-BUN	Cisco Firepower 4150 Master Bundle	Firepower 9300 Series	firewall	layered	Secure Firewall and Firepower		Firepower 4100	sku ^FPR-?41[0-9]{2}						
FPR4150-FTD-HA-BUN	Cissco Firepower 4150 Threat Defense Chss, Subs HA Bundle	Firepower 9300 Series	firewall	layered	Secure Firewall and Firepower		Firepower 4100	sku ^FPR-?41[0-9]{2}						
FPR4150-NGFW-K9	Cisco Firepower 4150 NGFW Appliance, 1U, 2 x NetMod Bays	Firepower 9300 Series	firewall	layered	Secure Firewall and Firepower		Firepower 4100	sku ^FPR-?41[0-9]{2}						
FPR4150-NGIPS-K9	Cisco Firepower 4150 NGIPS Appliance, 1U, 2 x NetMod Bays	Firepower 9300 Series	firewall	layered	Secure Firewall and Firepower		Firepower 4100	sku ^FPR-?41[0-9]{2}						
FPR4200-ACC-KIT	Cisco Secure Firewall 4200 HW Acc Kit (Rack Mounts, Cables)	4100 Firepower	mechanical	layered	Secure Firewall and Firepower		Secure Firewall 4200	sku ^FPR-?42[0-9]{2}						
FPR4200-ACC-KIT=	Cisco Secure Firewall 4200 HW Acc Kit (Rack Mounts, Cables)	4100 Firepower	mechanical	layered	Secure Firewall and Firepower		Secure Firewall 4200	sku ^FPR-?42[0-9]{2}						
FPR4200-CBL-MGMT	Cisco Secure Firewall 4200 Series Cable Management Brackets	4100 Firepower	mechanical	layered	Secure Firewall and Firepower		Secure Firewall 4200	sku ^FPR-?42[0-9]{2}						
FPR4200-CBL-MGMT=	Cisco Secure Firewall 4200 Series Cable Management Brackets	4100 Firepower	mechanical	layered	Secure Firewall and Firepower		Secure Firewall 4200	sku ^FPR-?42[0-9]{2}						
FPR4200-FAN	Cisco Secure Firewall 4200 Series Fan	4100 Firepower	fan	layered	Secure Firewall and Firepower		Secure Firewall 4200	sku ^FPR-?42[0-9]{2}						
FPR4200-FAN=	Cisco Secure Firewall 4200 Series Fan	4100 Firepower	fan	layered	Secure Firewall and Firepower		Secure Firewall 4200	sku ^FPR-?42[0-9]{2}						
FPR4200-FIPS-KIT	Cisco Secure Firewall 4200 Series FIPS Kits	4100 Firepower	mechanical	layered	Secure Firewall and Firepower		Secure Firewall 4200	sku ^FPR-?42[0-9]{2}						
FPR4200-FIPS-KIT=	Cisco Secure Firewall 4200 Series FIPS Kits	4100 Firepower	mechanical	layered	Secure Firewall and Firepower		Secure Firewall 4200	sku ^FPR-?42[0-9]{2}						
FPR4200-FTD-HA-BUN	Cisco Secure Firewall 4200 series Two Unit High Availability Bundle (will order 2 identical chassis and software subscriptions to be configured as a high-availability pair)	4100 Firepower	firewall	layered	Secure Firewall and Firepower		Secure Firewall 4200	sku ^FPR-?42[0-9]{2}						
FPR4200-NM-BLANK	Cisco Secure Firewall 4200 Series NM Blank Slot Cover	4100 Firepower	mechanical	layered	Secure Firewall and Firepower		Secure Firewall 4200	sku ^FPR-?42[0-9]{2}						
FPR4200-NM-BLANK=	Cisco Secure Firewall 4200 Series NM Blank Slot Cover	4100 Firepower	mechanical	layered	Secure Firewall and Firepower		Secure Firewall 4200	sku ^FPR-?42[0-9]{2}						
FPR4200-PSU-BLANK	Cisco Secure Firewall 4200 Series Chassis PWR Blank Slot Cvr	4100 Firepower	mechanical	layered	Secure Firewall and Firepower		Secure Firewall 4200	sku ^FPR-?42[0-9]{2}						
FPR4200-PSU-BLANK=	Cisco Secure Firewall 4200 Series Chassis PWR Blank Slot Cvr	4100 Firepower	mechanical	layered	Secure Firewall and Firepower		Secure Firewall 4200	sku ^FPR-?42[0-9]{2}						
FPR4200-PWR-AC	Cisco Secure Firewall 4200 Series AC Power Supply	4100 Firepower	power	layered	Secure Firewall and Firepower		Secure Firewall 4200	sku ^FPR-?42[0-9]{2}						
FPR4200-PWR-AC=	Cisco Secure Firewall 4200 Series AC Power Supply	4100 Firepower	power	layered	Secure Firewall and Firepower		Secure Firewall 4200	sku ^FPR-?42[0-9]{2}						
FPR4200-SLD-RAILS	Cisco Secure Firewall 4200 Series Slide Rail Kit	4100 Firepower	mechanical	layered	Secure Firewall and Firepower		Secure Firewall 4200	sku ^FPR-?42[0-9]{2}						
FPR4200-SLD-RAILS=	Cisco Secure Firewall 4200 Series Slide Rail Kit	4100 Firepower	mechanical	layered	Secure Firewall and Firepower		Secure Firewall 4200	sku ^FPR-?42[0-9]{2}						
FPR4200-SSD1800	Cisco Secure Firewall 4200 Series 1.8TB SSD	4100 Firepower	drive	layered	Secure Firewall and Firepower		Secure Firewall 4200	sku ^FPR-?42[0-9]{2}						
FPR4200-SSD1800=	Cisco Secure Firewall 4200 Series 1.8TB SSD	4100 Firepower	drive	layered	Secure Firewall and Firepower		Secure Firewall 4200	sku ^FPR-?42[0-9]{2}						
FPR4215-ASA-K9	Cisco Secure Firewall 4215 ASA Appliance, 1U, 2x NetMod Bays	4100 Firepower	firewall	layered	Secure Firewall and Firepower		Secure Firewall 4200	sku ^FPR-?42[0-9]{2}						
FPR4215-BUN	Cisco Secure Firewall 4215 Master Bundle	4100 Firepower	firewall	layered	Secure Firewall and Firepower		Secure Firewall 4200	sku ^FPR-?42[0-9]{2}						
FPR4215-K9	Cisco 4215 Series Appliance – Functions as Dedicated IPS	Firepower 9300 Series	firewall	layered	Secure Firewall and Firepower		Secure Firewall 4200	sku ^FPR-?42[0-9]{2}						
FPR4215-NGFW-K9	Cisco Secure Firewall 4215 NGFW Appliance, 1RU, 2 x Network Module Bays	4100 Firepower	firewall	layered	Secure Firewall and Firepower		Secure Firewall 4200	sku ^FPR-?42[0-9]{2}						
FPR4225-ASA-K9	Cisco Secure Firewall 4225 ASA Appliance, 1RU, 2 x Network Module Bays	4100 Firepower	firewall	layered	Secure Firewall and Firepower		Secure Firewall 4200	sku ^FPR-?42[0-9]{2}						
FPR4225-BUN	Cisco Secure Firewall 4225 Master Bundle	4100 Firepower	firewall	layered	Secure Firewall and Firepower		Secure Firewall 4200	sku ^FPR-?42[0-9]{2}						
FPR4225-K9	Cisco 4225 Series Appliance – Functions as Dedicated IPS	Firepower 9300 Series	firewall	layered	Secure Firewall and Firepower		Secure Firewall 4200	sku ^FPR-?42[0-9]{2}						
FPR4225-NGFW-K9	Cisco Secure Firewall 4225 NGFW Appliance, 1RU, 2 x Network Module Bays	4100 Firepower	firewall	layered	Secure Firewall and Firepower		Secure Firewall 4200	sku ^FPR-?42[0-9]{2}						
FPR4245-ASA-K9	Cisco Secure Firewall 4125 ASA Appliance, 1RU, 2 x Network Module Bays	4100 Firepower	firewall	layered	Secure Firewall and Firepower		Secure Firewall 4200	sku ^FPR-?42[0-9]{2}						
FPR4245-BUN	Cisco Secure Firewall 4245 Master Bundle	4100 Firepower	firewall	layered	Secure Firewall and Firepower		Secure Firewall 4200	sku ^FPR-?42[0-9]{2}						
FPR4245-K9	Cisco 4245 Series Appliance – Functions as Dedicated IPS	Firepower 9300 Series	firewall	layered	Secure Firewall and Firepower		Secure Firewall 4200	sku ^FPR-?42[0-9]{2}						
FPR4245-NGFW-K9	Cisco Secure Firewall 4125 NGFW Appliance, 1RU, 2 x Network Module Bays	4100 Firepower	firewall	layered	Secure Firewall and Firepower		Secure Firewall 4200	sku ^FPR-?42[0-9]{2}						
FPR4K-ACC-KIT	Cisco Firepower 4000 Series Hardware Accessory Kit (Rack Mounts, Cables)	4100 Firepower	mechanical	layered	Secure Firewall and Firepower		Firepower 4100	sku ^FPR4K						
FPR4K-ACC-KIT2	Cisco Firepower 4115/25/45 Hardware Accessory Kit	4100 Firepower	mechanical	layered	Secure Firewall and Firepower		Firepower 4100	sku ^FPR4K						
FPR4K-ACC-KIT2=	Cisco Firepower 4115/25/45 Hardware Accessory Kit	4100 Firepower	mechanical	layered	Secure Firewall and Firepower		Firepower 4100	sku ^FPR4K						
FPR4K-ACC-KIT=	Cisco Firepower 4000 Series Hardware Accessory Kit (Rack Mounts, Cables)	4100 Firepower	mechanical	layered	Secure Firewall and Firepower		Firepower 4100	sku ^FPR4K						
FPR4K-ASA-NGFW-BUN	Firepower 4110 ASA + NGFW Bundle	Firepower NGFW	firewall	layered	Secure Firewall and Firepower		Firepower 4100	sku ^FPR4K						
FPR4K-ASA-VPN-BUN	Cisco Firepower 4100 Series VPN Bundle	Firepower NGFW	firewall	layered	Secure Firewall and Firepower		Firepower 4100	sku ^FPR4K						
FPR4K-CBL-MGMT	Cisco Firepower 4100 Series Cable Management Kit	4100 Firepower	mechanical	layered	Secure Firewall and Firepower		Firepower 4100	sku ^FPR4K						
FPR4K-CBL-MGMT=	Cisco Firepower 4100 Series Cable Management Kit	4100 Firepower	mechanical	layered	Secure Firewall and Firepower		Firepower 4100	sku ^FPR4K						
FPR4K-FAN	Cisco Firepower 4000 Series Fan	4100 Firepower	fan	layered	Secure Firewall and Firepower		Firepower 4100	sku ^FPR4K						
FPR4K-FAN=	Cisco Firepower 4000 Series Fan	4100 Firepower	fan	layered	Secure Firewall and Firepower		Firepower 4100	sku ^FPR4K						
FPR4K-NM-2X100G	Cisco FirePower 2 port 100G Network Module	Firepower NGFW	module	layered	Secure Firewall and Firepower		Firepower 4100	sku ^FPR4K						
FPR4K-NM-2X100G=	Cisco FirePower 2 port 100G Network Module	4100 Firepower	module	layered	Secure Firewall and Firepower		Firepower 4100	sku ^FPR4K						
FPR4K-NM-2X40G-F	Cisco Firepower 2-port 40G SR FTW Network Module	Firepower 9300 Series	module	layered	Secure Firewall and Firepower		Firepower 4100	sku ^FPR4K						
FPR4K-NM-2X40G-F=	Cisco Firepower 2-port 40G SR FTW Network Module (Spare)	Firepower 9300 Series	module	layered	Secure Firewall and Firepower		Firepower 4100	sku ^FPR4K						
FPR4K-NM-4X40G	Cisco Firepower 4-port QSFP+ Network Module	4100 Firepower	module	layered	Secure Firewall and Firepower		Firepower 4100	sku ^FPR4K						
FPR4K-NM-4X40G-F	DO NOT USE	Firepower NGFW	module	layered	Secure Firewall and Firepower		Firepower 4100	sku ^FPR4K						
FPR4K-NM-4X40G-F=	DO NOT USE	Firepower NGFW	module	layered	Secure Firewall and Firepower		Firepower 4100	sku ^FPR4K						
FPR4K-NM-4X40G=	Cisco Firepower 4-port QSFP+ Network Module	4100 Firepower	module	layered	Secure Firewall and Firepower		Firepower 4100	sku ^FPR4K						
FPR4K-NM-6X10LR-F	Cisco Firepower 6-port 10G LR FTW Network Module	Firepower 9300 Series	module	layered	Secure Firewall and Firepower		Firepower 4100	sku ^FPR4K						
FPR4K-NM-6X10LR-F=	Cisco Firepower 6-port 10G LR FTW Network Module (Spare)	Firepower 9300 Series	module	layered	Secure Firewall and Firepower		Firepower 4100	sku ^FPR4K						
FPR4K-NM-6X10SR-F	Cisco Firepower 6-port 10G SR FTW Network Module	Firepower 9300 Series	module	layered	Secure Firewall and Firepower		Firepower 4100	sku ^FPR4K						
FPR4K-NM-6X10SR-F=	Cisco Firepower 6-port 10G SR FTW Network Module (Spare)	Firepower 9300 Series	module	layered	Secure Firewall and Firepower		Firepower 4100	sku ^FPR4K						
FPR4K-NM-6X1SX-F	Cisco Firepower 6-port 1G SX Fiber FTW Network Module	Firepower 9300 Series	module	layered	Secure Firewall and Firepower		Firepower 4100	sku ^FPR4K						
FPR4K-NM-6X1SX-F=	Cisco Firepower 6-port 1G SX Fiber FTW Network Module (Spare)	Firepower 9300 Series	module	layered	Secure Firewall and Firepower		Firepower 4100	sku ^FPR4K						
FPR4K-NM-8X10G	Cisco Firepower 8-port SFP+ Network Module	4100 Firepower	module	layered	Secure Firewall and Firepower		Firepower 4100	sku ^FPR4K						
FPR4K-NM-8X10G=	Cisco Firepower 8-port SFP+ Network Module	4100 Firepower	module	layered	Secure Firewall and Firepower		Firepower 4100	sku ^FPR4K						
FPR4K-NM-8X1G-F	Cisco Firepower 8-port 1Gbps copper FTW Network Module	Firepower 9300 Series	module	layered	Secure Firewall and Firepower		Firepower 4100	sku ^FPR4K						
FPR4K-NM-8X1G-F=	Cisco Firepower 8-port 1G Copper FTW Network Module (Spare)	Firepower 9300 Series	module	layered	Secure Firewall and Firepower		Firepower 4100	sku ^FPR4K						
FPR4K-NM-BLANK	Cisco Firepower 4000 Series Network Module Blank Slot Cover	4100 Firepower	mechanical	layered	Secure Firewall and Firepower		Firepower 4100	sku ^FPR4K						
FPR4K-NM-BLANK=	Cisco Firepower 4000 Series Network Module Blank Slot Cover	4100 Firepower	mechanical	layered	Secure Firewall and Firepower		Firepower 4100	sku ^FPR4K						
FPR4K-PSU-BLANK	Cisco Firepower 4000 Series Chassis Power Supply Blank Slot Cover	4100 Firepower	mechanical	layered	Secure Firewall and Firepower		Firepower 4100	sku ^FPR4K						
FPR4K-PSU-BLANK=	Cisco Firepower 4000 Series Chassis Power Supply Blank Slot Cover	4100 Firepower	mechanical	layered	Secure Firewall and Firepower		Firepower 4100	sku ^FPR4K						
FPR4K-PWR-AC-1100	Cisco Firepower 4000 Series 1100W AC Power Supply	4100 Firepower	power	layered	Secure Firewall and Firepower		Firepower 4100	sku ^FPR4K						
FPR4K-PWR-AC-1100=	Cisco Firepower 4000 Series 1100W AC Power Supply	4100 Firepower	power	layered	Secure Firewall and Firepower		Firepower 4100	sku ^FPR4K						
FPR4K-PWR-DC-950	Cisco Firepower 4000 Series 950W DC Power Supply	4100 Firepower	power	layered	Secure Firewall and Firepower		Firepower 4100	sku ^FPR4K						
FPR4K-PWR-DC-950=	Cisco Firepower 4000 Series 950W DC Power Supply	4100 Firepower	power	layered	Secure Firewall and Firepower		Firepower 4100	sku ^FPR4K						
FPR4K-RACK-MNT	Cisco Firepower 4000 Series Rack Mount Kit	4100 Firepower	mechanical	layered	Secure Firewall and Firepower		Firepower 4100	sku ^FPR4K						
FPR4K-RACK-MNT=	Cisco Firepower 4000 Series Rack Mount Kit	4100 Firepower	mechanical	layered	Secure Firewall and Firepower		Firepower 4100	sku ^FPR4K						
FPR4K-S-FAN	Firepower 4000 Series Fan - Single	Firepower NGFW	fan	layered	Secure Firewall and Firepower		Firepower 4100	sku ^FPR4K						
FPR4K-S-FAN-	Firepower 4000 Series Fan - Siingle	Firepower NGFW	fan	layered	Secure Firewall and Firepower		Firepower 4100	sku ^FPR4K						
FPR4K-S-FAN=	Firepower 4000 Series Fan - Single	Firepower NGFW	fan	layered	Secure Firewall and Firepower		Firepower 4100	sku ^FPR4K						
FPR4K-SSD-BBLKD	Cisco Firepower 4000 Series SSD Slot Carrier	4100 Firepower	mechanical	layered	Secure Firewall and Firepower		Firepower 4100	sku ^FPR4K						
FPR4K-SSD-BBLKD=	Cisco Firepower 4000 Series SSD Slot Carrier	4100 Firepower	mechanical	layered	Secure Firewall and Firepower		Firepower 4100	sku ^FPR4K						
FPR4K-SSD200	Cisco Firepower 4000 Series SSD for 4110 and 4120	4100 Firepower	drive	layered	Secure Firewall and Firepower		Firepower 4100	sku ^FPR4K						
FPR4K-SSD200=	Cisco Firepower 4000 Series SSD for 4110 and 4120	4100 Firepower	drive	layered	Secure Firewall and Firepower		Firepower 4100	sku ^FPR4K						
FPR4K-SSD400	Cisco Firepower 4000 Series SSD for 4140 and 4150	4100 Firepower	drive	layered	Secure Firewall and Firepower		Firepower 4100	sku ^FPR4K						
FPR4K-SSD400-	Firepower 4000 Series 400GB SSD for FPR-4125	Firepower NGFW	drive	layered	Secure Firewall and Firepower		Firepower 4100	sku ^FPR4K						
FPR4K-SSD400=	Cisco Firepower 4000 Series SSD for 4140 and 4150	4100 Firepower	drive	layered	Secure Firewall and Firepower		Firepower 4100	sku ^FPR4K						
FPR4K-SSD800	Firepower 4000 Series 800GB SSD for FPR-4140/4150	4100 Firepower	drive	layered	Secure Firewall and Firepower		Firepower 4100	sku ^FPR4K						
FPR4K-SSD800-	Firepower 4000 Series 800GB SSD for FPR-4145/4155	Firepower NGFW	drive	layered	Secure Firewall and Firepower		Firepower 4100	sku ^FPR4K						
FPR4K-SSD800=	Firepower 4000 Series 800GB SSD for FPR-4140/4150	4100 Firepower	drive	layered	Secure Firewall and Firepower		Firepower 4100	sku ^FPR4K						
FPR4K-XNM-2X100G	Cisco Secure Firewall 4200 2X100G QSFP28 Netmod	4100 Firepower	module	layered	Secure Firewall and Firepower		Secure Firewall 4200	sku ^FPR4K-XNM						
FPR4K-XNM-2X400G	Cisco Secure Firewall 4200 2X400G Netmod	4100 Firepower	module	layered	Secure Firewall and Firepower		Secure Firewall 4200	sku ^FPR4K-XNM						
FPR4K-XNM-4X200G	Cisco Secure Firewall 4200 4X200G Netmod	4100 Firepower	module	layered	Secure Firewall and Firepower		Secure Firewall 4200	sku ^FPR4K-XNM						
FPR4K-XNM-4X40G	Cisco Secure Firewall 4200 4X40G QSFP+ Netmod	4100 Firepower	module	layered	Secure Firewall and Firepower		Secure Firewall 4200	sku ^FPR4K-XNM						
FPR4K-XNM-6X10LRF	Cisco Secure Firewall 4200 6X10G FTW Netmod, LR-Singlemode	4100 Firepower	module	layered	Secure Firewall and Firepower		Secure Firewall 4200	sku ^FPR4K-XNM						
FPR4K-XNM-6X10SRF	Cisco Secure Firewall 4200 6X10G FTW Netmod, SR-Multimode	Firepower 9300 Series	module	layered	Secure Firewall and Firepower		Secure Firewall 4200	sku ^FPR4K-XNM						
FPR4K-XNM-6X10SRF=	Cisco 4200 Appliance 6X10G FTW Netmod, SR-Multimode (Spare)	Firepower 9300 Series	module	layered	Secure Firewall and Firepower		Secure Firewall 4200	sku ^FPR4K-XNM						
FPR4K-XNM-6X1SXF	Cisco 4200 Appliance 6X1G FTW Netmod, SX-Multimode	Firepower 9300 Series	module	layered	Secure Firewall and Firepower		Secure Firewall 4200	sku ^FPR4K-XNM						
FPR4K-XNM-6X1SXF=	Cisco 4200 Appliance 6X1G FTW Netmod, SX-Multimode (Spare)	Firepower 9300 Series	module	layered	Secure Firewall and Firepower		Secure Firewall 4200	sku ^FPR4K-XNM						
FPR4K-XNM-6X25LRF	Cisco Secure Firewall 4200 6X25G FTW Netmod, LR-Singlemode	Firepower 9300 Series	module	layered	Secure Firewall and Firepower		Secure Firewall 4200	sku ^FPR4K-XNM						
FPR4K-XNM-6X25LRF=	Cisco 4200 Appliance 6X25G FTW Netmod, LR-Singlemode (Spare)	Firepower 9300 Series	module	layered	Secure Firewall and Firepower		Secure Firewall 4200	sku ^FPR4K-XNM						
FPR4K-XNM-6X25SRF	Cisco Secure Firewall 4200 6X25G FTW Netmod, SR-Multimode	Firepower 9300 Series	module	layered	Secure Firewall and Firepower		Secure Firewall 4200	sku ^FPR4K-XNM						
FPR4K-XNM-6X25SRF=	Cisco 4200 Appliance 6X25G FTW Netmod, SR-Multimode (Spare)	Firepower 9300 Series	module	layered	Secure Firewall and Firepower		Secure Firewall 4200	sku ^FPR4K-XNM						
FPR4K-XNM-8X10G	Cisco Secure Firewall 4200 8X10G SFP+ Netmod	4100 Firepower	module	layered	Secure Firewall and Firepower		Secure Firewall 4200	sku ^FPR4K-XNM						
FPR4K-XNM-8X25G	Cisco Secure Firewall 4200 8X25G ZSFP Netmod	4100 Firepower	module	layered	Secure Firewall and Firepower		Secure Firewall 4200	sku ^FPR4K-XNM						
FPR9K-ACK	^Firepower 9000 Series Accessory Kit	Firepower NGFW	mechanical	layered	Secure Firewall and Firepower		Firepower 9300	sku ^FPR-?9						
FPR9K-ACK=	^Firepower 9000 Series Accessory Kit	Firepower NGFW	mechanical	layered	Secure Firewall and Firepower		Firepower 9300	sku ^FPR-?9						
FPR9K-DNM-2X100G	Cisco FirePower 2 port 100G Network Module, Double Width	4100 Firepower	module	layered	Secure Firewall and Firepower		Firepower 9300	sku ^FPR-?9						
FPR9K-DNM-2X100G=	Cisco FirePower 2 port 100G Network Module, Double Width	4100 Firepower	module	layered	Secure Firewall and Firepower		Firepower 9300	sku ^FPR-?9						
FPR9K-FAN	Firepower 9000 Series Fan	Firepower NGFW	fan	layered	Secure Firewall and Firepower		Firepower 9300	sku ^FPR-?9						
FPR9K-FAN=	Cisco Firepower 9000 Series Fan (order for spare only)	4100 Firepower	fan	layered	Secure Firewall and Firepower		Firepower 9300	sku ^FPR-?9						
FPR9K-FTD-BUN	Cisco FPR9300 Threat Defense Bundle for Security Modules	4100 Firepower	firewall	layered	Secure Firewall and Firepower		Firepower 9300	sku ^FPR-?9						
FPR9K-FTD-X-BUN	Cisco FPR9300 FTD Bundles for Security Modules	Firepower NGFW	firewall	layered	Secure Firewall and Firepower		Firepower 9300	sku ^FPR-?9						
FPR9K-NM-2X100G	Cisco FirePower 2 port 100G Network Module	4100 Firepower	module	layered	Secure Firewall and Firepower		Firepower 9300	sku ^FPR-?9						
FPR9K-NM-2X100G=	Cisco FirePower 2 port 100G Network Module	4100 Firepower	module	layered	Secure Firewall and Firepower		Firepower 9300	sku ^FPR-?9						
FPR9K-NM-2X40G-F	Cisco Firepower 2-port 40G SR FTW Network Module	Firepower 9300 Series	module	layered	Secure Firewall and Firepower		Firepower 9300	sku ^FPR-?9						
FPR9K-NM-2X40G-F=	Cisco Firepower 2-port 40G SR FTW Network Module (Spare)	Firepower 9300 Series	module	layered	Secure Firewall and Firepower		Firepower 9300	sku ^FPR-?9						
FPR9K-NM-4X100G	Cisco FirePower 4 port 100G Network Module	4100 Firepower	module	layered	Secure Firewall and Firepower		Firepower 9300	sku ^FPR-?9						
FPR9K-NM-4X100G=	Cisco FirePower 4 port 100G Network Module	4100 Firepower	module	layered	Secure Firewall and Firepower		Firepower 9300	sku ^FPR-?9						
FPR9K-NM-4X40G	Cisco Firepower 9000 Series - 4-port QSFP+ Network Module	4100 Firepower	module	layered	Secure Firewall and Firepower		Firepower 9300	sku ^FPR-?9						
FPR9K-NM-4X40G-F	Firepower Network Module 4x40GE.	Firepower NGFW	module	layered	Secure Firewall and Firepower		Firepower 9300	sku ^FPR-?9						
FPR9K-NM-4X40G-F=	Firepower Network Module 4x40GE.	Firepower NGFW	module	layered	Secure Firewall and Firepower		Firepower 9300	sku ^FPR-?9						
FPR9K-NM-4X40G=	Firepower 9000 Series - 4 port QSFP+ Network Module	4100 Firepower	module	layered	Secure Firewall and Firepower		Firepower 9300	sku ^FPR-?9						
FPR9K-NM-6X10LR-F	Cisco Firepower 6-port 10G LR FTW Network Module	Firepower 9300 Series	module	layered	Secure Firewall and Firepower		Firepower 9300	sku ^FPR-?9						
FPR9K-NM-6X10LR-F=	Cisco Firepower 6-port 10G LR FTW Network Module (Spare)	Firepower 9300 Series	module	layered	Secure Firewall and Firepower		Firepower 9300	sku ^FPR-?9						
FPR9K-NM-6X10SR-F	Cisco Firepower 6-port 10G SR FTW Network Module	Firepower 9300 Series	module	layered	Secure Firewall and Firepower		Firepower 9300	sku ^FPR-?9						
FPR9K-NM-6X10SR-F=	Cisco Firepower 6-port 10G SR FTW Network Module (Spare)	Firepower 9300 Series	module	layered	Secure Firewall and Firepower		Firepower 9300	sku ^FPR-?9						
FPR9K-NM-6X1SX-F	Cisco Firepower 6-port 1G SX Fiber FTW Network Module	Firepower 9300 Series	module	layered	Secure Firewall and Firepower		Firepower 9300	sku ^FPR-?9						
FPR9K-NM-6X1SX-F=	Cisco Firepower 6-port 1G SX Fiber FTW Network Module (Spare)	Firepower 9300 Series	module	layered	Secure Firewall and Firepower		Firepower 9300	sku ^FPR-?9						
FPR9K-NM-8X10G	Cisco Firepower 9000 Series - 8-port SFP+ Network Module	4100 Firepower	module	layered	Secure Firewall and Firepower		Firepower 9300	sku ^FPR-?9						
FPR9K-NM-8X10G=	Firepower 9000 Series - 8 port SFP+ Network Module	4100 Firepower	module	layered	Secure Firewall and Firepower		Firepower 9300	sku ^FPR-?9						
FPR9K-NM-8X1G-F	Cisco FirePower 8 port 1G Copper FTW Network Module	Firepower NGFW	module	layered	Secure Firewall and Firepower		Firepower 9300	sku ^FPR-?9						
FPR9K-NM-8X1G-F=	Cisco FirePower 8 port 1G Copper FTW Network Module	Firepower NGFW	module	layered	Secure Firewall and Firepower		Firepower 9300	sku ^FPR-?9						
FPR9K-NM-BLANK	Firepower 9000 Series Network Module Blank Slot Cover	Firepower NGFW	mechanical	layered	Secure Firewall and Firepower		Firepower 9300	sku ^FPR-?9						
FPR9K-NM-BLANK=	Firepower 9000 Series Network Module Blank Slot Cover	Firepower NGFW	mechanical	layered	Secure Firewall and Firepower		Firepower 9300	sku ^FPR-?9						
FPR9K-NM-DIV	Firepower 9000 Series Network Module Divider	Firepower NGFW	accessory	layered	Secure Firewall and Firepower		Firepower 9300	sku ^FPR-?9						
FPR9K-NM-DIV=	Firepower 9000 Series Network Module Divider	Firepower NGFW	accessory	layered	Secure Firewall and Firepower		Firepower 9300	sku ^FPR-?9						
FPR9K-PS-AC	Firepower 9000 Series AC Power Supply	Firepower NGFW	power	layered	Secure Firewall and Firepower		Firepower 9300	sku ^FPR-?9						
FPR9K-PS-AC=	Cisco Firepower 9000 Series AC Power Supply (order for spare only)	4100 Firepower	power	layered	Secure Firewall and Firepower		Firepower 9300	sku ^FPR-?9						
FPR9K-PS-DC	Firepower 9000 Series DC Power Supply	Firepower NGFW	power	layered	Secure Firewall and Firepower		Firepower 9300	sku ^FPR-?9						
FPR9K-PS-DC=	Cisco Firepower 9000 Series DC Power Supply (order for spare only)	4100 Firepower	power	layered	Secure Firewall and Firepower		Firepower 9300	sku ^FPR-?9						
FPR9K-PS-HVDC	Firepower 9000 Series HVDC Power Supply	Firepower NGFW	power	layered	Secure Firewall and Firepower		Firepower 9300	sku ^FPR-?9						
FPR9K-PS-HVDC=	Firepower 9000 Series HVDC Power Supply	Firepower NGFW	power	layered	Secure Firewall and Firepower		Firepower 9300	sku ^FPR-?9						
FPR9K-PS-X-AC	Firepower 9000 Series AC Power Supply	Firepower NGFW	power	layered	Secure Firewall and Firepower		Firepower 9300	sku ^FPR-?9						
FPR9K-PS-X-AC=	Firepower 9000 Series AC Power Supply	Firepower NGFW	power	layered	Secure Firewall and Firepower		Firepower 9300	sku ^FPR-?9						
FPR9K-PSU-BLANK	^Firepower 9000 Series Chassis Power Supply Blank Slot Cover	Firepower NGFW	mechanical	layered	Secure Firewall and Firepower		Firepower 9300	sku ^FPR-?9						
FPR9K-PSU-BLANK=	^Firepower 9000 Series Chassis Power Supply Blank Slot Cover	Firepower NGFW	mechanical	layered	Secure Firewall and Firepower		Firepower 9300	sku ^FPR-?9						
FPR9K-RMK	Firepower 9000 Series Rack Mount Kit	Firepower NGFW	mechanical	layered	Secure Firewall and Firepower		Firepower 9300	sku ^FPR-?9						
FPR9K-RMK=	Cisco Firepower 9000 Series Rack Mount Kit (order for spare only)	4100 Firepower	mechanical	layered	Secure Firewall and Firepower		Firepower 9300	sku ^FPR-?9						
FPR9K-SM-24	Firepower 9000 Series Security Module - 24	Firepower 9300 Series	security-module	layered	Secure Firewall and Firepower		Firepower 9300	sku ^FPR-?9						
FPR9K-SM-24=	Firepower 9000 Series Security Module Spare	Firepower 9300 Series	security-module	layered	Secure Firewall and Firepower		Firepower 9300	sku ^FPR-?9						
FPR9K-SM-36	Firepower 9000 Series High Performance Security Module	Firepower 9300 Series	security-module	layered	Secure Firewall and Firepower		Firepower 9300	sku ^FPR-?9						
FPR9K-SM-36=	Firepower 9000 Series High Performance Security Module Spare	Firepower 9300 Series	security-module	layered	Secure Firewall and Firepower		Firepower 9300	sku ^FPR-?9						
FPR9K-SM-40	Cisco Firepower 9000 Series Enterprise, 40 Physical Core, Security Module (NEBS Ready) includes 2 SSDs	4100 Firepower	security-module	layered	Secure Firewall and Firepower		Firepower 9300	sku ^FPR-?9						
FPR9K-SM-40=	Cisco Firepower 9000 Series, Security Module 40 Spare, includes 2 SSDs	4100 Firepower	security-module	layered	Secure Firewall and Firepower		Firepower 9300	sku ^FPR-?9						
FPR9K-SM-44	Firepower 9000 Series Ultra High Performance Security Module	Firepower 9300 Series	security-module	layered	Secure Firewall and Firepower		Firepower 9300	sku ^FPR-?9						
FPR9K-SM-44=	Firepower 9000 Series Ultra High Performance Security Module	Firepower 9300 Series	security-module	layered	Secure Firewall and Firepower		Firepower 9300	sku ^FPR-?9						
FPR9K-SM-48	Cisco Firepower 9000 Series 48 Physical Core, Security Module includes 2 SSDs	4100 Firepower	security-module	layered	Secure Firewall and Firepower		Firepower 9300	sku ^FPR-?9						
FPR9K-SM-48=	Cisco Firepower 9000 Series, Security Module 48 Spare, includes 2 SSDs	4100 Firepower	security-module	layered	Secure Firewall and Firepower		Firepower 9300	sku ^FPR-?9						
FPR9K-SM-56	Firepower 9000 Series Ultra High Performance Security Module	Firepower NGFW	security-module	layered	Secure Firewall and Firepower		Firepower 9300	sku ^FPR-?9						
FPR9K-SM-56=	Cisco Firepower 9000 Series, Security Module 56 Spare, includes 2 SSDs	4100 Firepower	security-module	layered	Secure Firewall and Firepower		Firepower 9300	sku ^FPR-?9						
FPR9K-SM-BBLKD	Firepower 9000 Series Security Module SSD Slot Carrier	Firepower NGFW	mechanical	layered	Secure Firewall and Firepower		Firepower 9300	sku ^FPR-?9						
FPR9K-SM-BBLKD=	Firepower 9000 Series Security Module SSD Slot Carrier	Firepower NGFW	mechanical	layered	Secure Firewall and Firepower		Firepower 9300	sku ^FPR-?9						
FPR9K-SM-BLANK	Firepower 9000 Series Security Module Blank Slot Cover	Firepower NGFW	mechanical	layered	Secure Firewall and Firepower		Firepower 9300	sku ^FPR-?9						
FPR9K-SM-BLANK=	Firepower 9000 Series Security Module Blank Slot Cover	Firepower NGFW	mechanical	layered	Secure Firewall and Firepower		Firepower 9300	sku ^FPR-?9						
FPR9K-SM-ENT	^Firepower 9000 Series Enterprise Security Module	Firepower NGFW	security-module	layered	Secure Firewall and Firepower		Firepower 9300	sku ^FPR-?9						
FPR9K-SM-ENT=	^Firepower 9000 Series Enterprise Security Module	Firepower NGFW	security-module	layered	Secure Firewall and Firepower		Firepower 9300	sku ^FPR-?9						
FPR9K-SM-NEB	^Firepower 9000 Series NEBS Security Module	Firepower NGFW	security-module	layered	Secure Firewall and Firepower		Firepower 9300	sku ^FPR-?9						
FPR9K-SM-NEB=	^Firepower 9000 Series NEBS Security Module	Firepower NGFW	security-module	layered	Secure Firewall and Firepower		Firepower 9300	sku ^FPR-?9						
FPR9K-SM-S800GS1	^Firepower 9000 Series 800GB SSD for Security Module	Firepower NGFW	drive	layered	Secure Firewall and Firepower		Firepower 9300	sku ^FPR-?9						
FPR9K-SM-S800GS1=	Firepower 9000 Series 800GB SSD for Security Module	Firepower NGFW	drive	layered	Secure Firewall and Firepower		Firepower 9300	sku ^FPR-?9						
FPR9K-SM-SECGW	Firepower 9000 Series Security Gateway Module	Firepower NGFW	security-module	layered	Secure Firewall and Firepower		Firepower 9300	sku ^FPR-?9						
FPR9K-SM-SECGW=	Firepower 9000 Series Security Gateway Module	Firepower NGFW	security-module	layered	Secure Firewall and Firepower		Firepower 9300	sku ^FPR-?9						
FPR9K-SM-SSD1.6TB	Firepower 9000 Series 1.6TB SSD for Security Module	Firepower NGFW	drive	layered	Secure Firewall and Firepower		Firepower 9300	sku ^FPR-?9						
FPR9K-SM-SSD1.6TB-	Firepower 9000 Series 1.6TB SSD for Security Module	Firepower NGFW	drive	layered	Secure Firewall and Firepower		Firepower 9300	sku ^FPR-?9						
FPR9K-SM-SSD1.6TB=	Firepower 9000 Series 1.6TB SSD for Security Module	Firepower NGFW	drive	layered	Secure Firewall and Firepower		Firepower 9300	sku ^FPR-?9						
FPR9K-SM-XTM	^Firepower 9000 Series Extreme Performance Security Module	Firepower NGFW	security-module	layered	Secure Firewall and Firepower		Firepower 9300	sku ^FPR-?9						
FPR9K-SM-XTM=	^Firepower 9000 Series Extreme Performance Security Module	Firepower NGFW	security-module	layered	Secure Firewall and Firepower		Firepower 9300	sku ^FPR-?9						
FPR9K-SM24-FTD-BUN	Cisco FPR9300 SM-24 FTD Bundle	Firepower 9300 Series	security-module	layered	Secure Firewall and Firepower		Firepower 9300	sku ^FPR-?9						
FPR9K-SM36-FTD-BUN	Cisco FPR9300 SM-36 FTD Bundle	Firepower 9300 Series	security-module	layered	Secure Firewall and Firepower		Firepower 9300	sku ^FPR-?9						
FPR9K-SM40-FTD-BUN	Cisco FPR9300 SM-40 Threat Defense Chassis, Subs HA Bundle	Firepower 9300 Series	security-module	layered	Secure Firewall and Firepower		Firepower 9300	sku ^FPR-?9						
FPR9K-SM44-FTD-BUN	Cisco FPR9300 SM-44 FTD Bundle	Firepower 9300 Series	security-module	layered	Secure Firewall and Firepower		Firepower 9300	sku ^FPR-?9						
FPR9K-SM48-FTD-BUN	Cisco FPR9300 SM-48 Threat Defense Chassis, Subs HA Bundle	Firepower 9300 Series	security-module	layered	Secure Firewall and Firepower		Firepower 9300	sku ^FPR-?9						
FPR9K-SM56-FTD-BUN	Cisco FPR9300 SM-56 Threat Defense Chassis, Subs HA Bundle	Firepower 9300 Series	security-module	layered	Secure Firewall and Firepower		Firepower 9300	sku ^FPR-?9						
FPR9K-SUP	Cisco Firepower 9000 Series Supervisor	4100 Firepower	module	layered	Secure Firewall and Firepower		Firepower 9300	sku ^FPR-?9						
FPR9K-SUP-BLANK	Firepower 9000 Series Supervisor Blank Slot Cover	Firepower NGFW	mechanical	layered	Secure Firewall and Firepower		Firepower 9300	sku ^FPR-?9						
FPR9K-SUP-BLANK=	Firepower 9000 Series Supervisor Blank Slot Cover	Firepower NGFW	mechanical	layered	Secure Firewall and Firepower		Firepower 9300	sku ^FPR-?9						
FPR9K-SUP=	Cisco Firepower 9000 Series Supervisor Spare	4100 Firepower	module	layered	Secure Firewall and Firepower		Firepower 9300	sku ^FPR-?9						
FPR9K-X32G2RW=	Cisco Firepower9300 32GB RDIMM DRx4 3200 (8Gb)	Firepower NGFW	memory	layered	Secure Firewall and Firepower		Firepower 9300	sku ^FPR-?9						
FPR9KDNM2X100G-F	Cisco FirePower 2 port 100G SR FTW Module, Double Width	Firepower NGFW	module	layered	Secure Firewall and Firepower		Firepower 9300	sku ^FPR-?9						
FPR9KDNM2X100G-F=	Cisco FirePower 2 port 100G SR FTW Module, Double Width	Firepower NGFW	module	layered	Secure Firewall and Firepower		Firepower 9300	sku ^FPR-?9						
FPR9KT-HA-BUN	Cisco FPR9300 Threat Defense Chassis, Subs HA Bundle	Firepower NGFW	firewall	layered	Secure Firewall and Firepower		Firepower 9300	sku ^FPR-?9						
FPR9KT-HA-X-BUN	Cisco FPR9300 Threat Defense Chassis, Subs HA Bundle	Firepower NGFW	firewall	layered	Secure Firewall and Firepower		Firepower 9300	sku ^FPR-?9						
FPR9KT-SM36-HA-BUN	Cisco FPR9300 SM-36 Threat Defense Chassis, Subs HA Bundle	Firepower 9300 Series	firewall	layered	Secure Firewall and Firepower		Firepower 9300	sku ^FPR-?9						
FPRDNM2X100G-F	Cisco FirePower 2 port 100G SR FTW Module, Double Width	Firepower NGFW	module	layered	Secure Firewall and Firepower		Firepower 9300	sku ^FPR-?DNM						
FS-PWR-AC-650W=	Cisco Firepower 650W AC Power Supply for FS2000, FS4000	Firesight Management Center	power	layered	Secure Firewall Management Center		Management Center / FireSIGHT appliances	sku ^FS-PWR						
FS-PWR-AC-779W=	Cisco AC Power Supply 770W for FMC1000, FMC2500, FMC4500	Firesight Management Center	power	layered	Secure Firewall Management Center		Management Center / FireSIGHT appliances	sku ^FS-PWR						
FS1500-BASE-K9	Cisco FireSIGHT Management Center 1500, no FireSIGHT license	Defense Center	management	layered	Secure Firewall Management Center		Management Center / FireSIGHT appliances	sku ^FS-?[0-9]						
FS1500-K9	Cisco FireSIGHT Management Center 1500 Chassis, 1U	Defense Center	management	layered	Secure Firewall Management Center		Management Center / FireSIGHT appliances	sku ^FS-?[0-9]						
FS2000-BASE-K9	Cisco Firepower Management Center 2000, no FireSIGHT license	Defense Center	management	layered	Secure Firewall Management Center		Management Center / FireSIGHT appliances	sku ^FS-?[0-9]						
FS2000-K9	Cisco Firepower Management Center 2000 Chassis, 1RU	Firesight Management Center	management	layered	Secure Firewall Management Center		Management Center / FireSIGHT appliances	sku ^FS-?[0-9]						
FS2K-CPU-E52630	Cisco FireSIGHT CPU 15M Cache, 2.60 GHz	Defense Center	cpu	layered	Secure Firewall Management Center		Management Center / FireSIGHT appliances	sku ^FS-?[0-9]						
FS2K-FLASH-16GB	Cisco FireSIGHT Flexible 16GB Flash Card	Defense Center	drive	layered	Secure Firewall Management Center		Management Center / FireSIGHT appliances	sku ^FS-?[0-9]						
FS2K-MEM-16GB	Cisco FireSIGHT 16G 1600MHZ non-mirrored RAM	Defense Center	memory	layered	Secure Firewall Management Center		Management Center / FireSIGHT appliances	sku ^FS-?[0-9]						
FS2K-NIC-SFP=	Cisco FMC 10 Gbps Ethernet SFP SR	Defense Center	nic	layered	Secure Firewall Management Center		Management Center / FireSIGHT appliances	sku ^FS-?[0-9]						
FS2K-PWR-AC-650W	Cisco FireSIGHT AC Power Supply 650W	Defense Center	power	layered	Secure Firewall Management Center		Management Center / FireSIGHT appliances	sku ^FS-?[0-9]						
FS2K-PWR-AC-650W=	Cisco FireSIGHT AC Power Supply 650W	Defense Center	power	layered	Secure Firewall Management Center		Management Center / FireSIGHT appliances	sku ^FS-?[0-9]						
FS2K-PWR-DC-930W	Cisco FireSIGHT DC Power Supply 930W	Defense Center	power	layered	Secure Firewall Management Center		Management Center / FireSIGHT appliances	sku ^FS-?[0-9]						
FS2K-PWR-DC-930W=	Cisco FireSIGHT DC Power Supply 930W	Defense Center	power	layered	Secure Firewall Management Center		Management Center / FireSIGHT appliances	sku ^FS-?[0-9]						
FS2K-RAID-9271	Cisco FireSIGHT MegaRaid PCIe SAS Controller with Supercap	Defense Center	storage-controller	layered	Secure Firewall Management Center		Management Center / FireSIGHT appliances	sku ^FS-?[0-9]						
FS2K-SAS-600G	Cisco FireSIGHT 600GB SAS Drive	Defense Center	drive	layered	Secure Firewall Management Center		Management Center / FireSIGHT appliances	sku ^FS-?[0-9]						
FS2K-SAS-600G=	Cisco FireSIGHT 600GB SAS Drive	Defense Center	drive	layered	Secure Firewall Management Center		Management Center / FireSIGHT appliances	sku ^FS-?[0-9]						
FS3500-BASE-K9	Cisco FireSIGHT Management Center 3500 Chassis, no license	Defense Center	management	layered	Secure Firewall Management Center		Management Center / FireSIGHT appliances	sku ^FS-?[0-9]						
FS3500-BBU-KIT=	Cisco FireSIGHT Management Center 3500 BBU Replacement	Defense Center	power	layered	Secure Firewall Management Center		Management Center / FireSIGHT appliances	sku ^FS-?[0-9]						
FS3500-K9	Cisco FireSIGHT Management Center 3500 Chassis, 1U	Defense Center	management	layered	Secure Firewall Management Center		Management Center / FireSIGHT appliances	sku ^FS-?[0-9]						
FS3500-MEM-KIT=	Cisco FireSIGHT Management Center 1500/3500 Memory Kit	Defense Center	memory	layered	Secure Firewall Management Center		Management Center / FireSIGHT appliances	sku ^FS-?[0-9]						
FS3500-MEM-U=	Cisco FireSIGHT Mgmt Center 1500/3500 Memory Upgrade Kit	Defense Center	memory	layered	Secure Firewall Management Center		Management Center / FireSIGHT appliances	sku ^FS-?[0-9]						
FS4000-BASE-K9	Cisco Firepower Management Center 4000, no FireSIGHT license	Defense Center	management	layered	Secure Firewall Management Center		Management Center / FireSIGHT appliances	sku ^FS-?[0-9]						
FS4000-K9	Cisco Firepower Management Center 4000 Chassis, 1RU	Firesight Management Center	management	layered	Secure Firewall Management Center		Management Center / FireSIGHT appliances	sku ^FS-?[0-9]						
FS4K-CPU-ES2660B	Cisco FireSIGHT CPU 20M Cache, 2.20 GHz, 8.00 GT/s	Defense Center	cpu	layered	Secure Firewall Management Center		Management Center / FireSIGHT appliances	sku ^FS-?[0-9]						
FS4K-FLASH-16GB	Cisco FireSIGHT Flexible 16GB Flash Card	Defense Center	drive	layered	Secure Firewall Management Center		Management Center / FireSIGHT appliances	sku ^FS-?[0-9]						
FS4K-MEM-16GB	Cisco FireSIGHT 16G 1600MHZ non-mirrored RAM	Defense Center	memory	layered	Secure Firewall Management Center		Management Center / FireSIGHT appliances	sku ^FS-?[0-9]						
FS4K-NIC-SFP	Cisco FMC 10 Gbps Ethernet SFP SR	Defense Center	nic	layered	Secure Firewall Management Center		Management Center / FireSIGHT appliances	sku ^FS-?[0-9]						
FS4K-NIC-SFP=	Cisco FMC 10 Gbps Ethernet SFP SR	Defense Center	nic	layered	Secure Firewall Management Center		Management Center / FireSIGHT appliances	sku ^FS-?[0-9]						
FS4K-PWR-AC-650W	Cisco FireSIGHT AC Power Supply 650W	Defense Center	power	layered	Secure Firewall Management Center		Management Center / FireSIGHT appliances	sku ^FS-?[0-9]						
FS4K-PWR-AC-650W=	Cisco FireSIGHT AC Power Supply 650W	Defense Center	power	layered	Secure Firewall Management Center		Management Center / FireSIGHT appliances	sku ^FS-?[0-9]						
FS4K-PWR-DC-930W	Cisco FireSIGHT DC Power Supply 930W	Defense Center	power	layered	Secure Firewall Management Center		Management Center / FireSIGHT appliances	sku ^FS-?[0-9]						
FS4K-PWR-DC-930W=	Cisco FireSIGHT DC Power Supply 930W	Defense Center	power	layered	Secure Firewall Management Center		Management Center / FireSIGHT appliances	sku ^FS-?[0-9]						
FS4K-RAID-9271	Cisco FireSIGHT MegaRaid PCIe SAS Controller with Supercap	Defense Center	storage-controller	layered	Secure Firewall Management Center		Management Center / FireSIGHT appliances	sku ^FS-?[0-9]						
FS4K-RAID5	Cisco FireSIGHT RAID 5 Pre-Configuration	Defense Center	storage-controller	pending_plan								class non_product		
FS4K-SSD-800G	Cisco FireSIGHT 800GB SSD Drive	Defense Center	drive	layered	Secure Firewall Management Center		Management Center / FireSIGHT appliances	sku ^FS-?[0-9]						
FS4K-SSD-800G=	Cisco FireSIGHT 800GB SSD Drive	Defense Center	drive	layered	Secure Firewall Management Center		Management Center / FireSIGHT appliances	sku ^FS-?[0-9]						
FS4K-SSD-960G	Cisco FireSIGHT 960GB SSD Drive	Defense Center	drive	layered	Secure Firewall Management Center		Management Center / FireSIGHT appliances	sku ^FS-?[0-9]						
FS4K-SSD-960G=	Cisco FireSIGHT 960GB SSD Drive	Defense Center	drive	layered	Secure Firewall Management Center		Management Center / FireSIGHT appliances	sku ^FS-?[0-9]						
FS750-BASE-K9	Cisco Firepower Management Center 750, no FireSIGHT license	Defense Center	management	layered	Secure Firewall Management Center		Management Center / FireSIGHT appliances	sku ^FS-?[0-9]						
FS750-K9	Cisco Firepower Management Center 750 Chassis, 1 Rack Unit (RU)	Firesight Management Center	management	layered	Secure Firewall Management Center		Management Center / FireSIGHT appliances	sku ^FS-?[0-9]						
FS750-K9=	Cisco FireSIGHT Management Center 750 Chassis, no license	Defense Center	management	layered	Secure Firewall Management Center		Management Center / FireSIGHT appliances	sku ^FS-?[0-9]						
FS750-MEM-KIT=	Cisco FireSIGHT Management Center 750 Memory Kit	Defense Center	memory	layered	Secure Firewall Management Center		Management Center / FireSIGHT appliances	sku ^FS-?[0-9]						
FS750-RAILS=	FIreSIGHT 750 Rail Kit (Spare)	Defense Center	mechanical	layered	Secure Firewall Management Center		Management Center / FireSIGHT appliances	sku ^FS-?[0-9]						
IPS-4300-HD-BLK-M	IPS 4345 or 4360 hard drive blank	5500-X ASA with Firepower	mechanical	layered	IPS (legacy)		IPS 4300 / 4500	sku ^IPS-						
IPS-4300-HD-BLK-M=	IPS 4345 or 4360 hard drive blank	5500-X ASA with Firepower	mechanical	layered	IPS (legacy)		IPS 4300 / 4500	sku ^IPS-						
IPS-4300-RAILS	IPS 4345 and 4360 tool-less sliding rail kit	5500-X ASA with Firepower	mechanical	layered	IPS (legacy)		IPS 4300 / 4500	sku ^IPS-						
IPS-4300-RAILS=	IPS 4345 and 4360 tool-less sliding rail kit	5500-X ASA with Firepower	mechanical	layered	IPS (legacy)		IPS 4300 / 4500	sku ^IPS-						
IPS-4345-DC-K9	IPS 4345 with SW, 8 GE data + 1 GE mgmt, DC Power	5500-X ASA with Firepower	ips	layered	IPS (legacy)		IPS 4300 / 4500	sku ^IPS-						
IPS-4345-K9	IPS 4345 with SW, 8 GE data + 1 GE mgmt, AC Power	5500-X ASA with Firepower	ips	layered	IPS (legacy)		IPS 4300 / 4500	sku ^IPS-						
IPS-4345-K9-PR	Promotional PID-IPS 4345 w SW, 8GE data + 1GE mgmt, AC Power	5500-X ASA with Firepower	ips	layered	IPS (legacy)		IPS 4300 / 4500	sku ^IPS-						
IPS-4360-AC-PWR	IPS 4360 AC power supply	5500-X ASA with Firepower	power	layered	IPS (legacy)		IPS 4300 / 4500	sku ^IPS-						
IPS-4360-AC-PWR=	IPS 4360 AC power supply (spare)	5500-X ASA with Firepower	power	layered	IPS (legacy)		IPS 4300 / 4500	sku ^IPS-						
IPS-4360-DC-K9	IPS 4360 with SW, 8 GE data + 1 GE mgmt, DC Power	5500-X ASA with Firepower	ips	layered	IPS (legacy)		IPS 4300 / 4500	sku ^IPS-						
IPS-4360-DC-PWR	IPS 4360 DC power supply	5500-X ASA with Firepower	power	layered	IPS (legacy)		IPS 4300 / 4500	sku ^IPS-						
IPS-4360-DC-PWR=	IPS 4360 DC power supply (spare)	5500-X ASA with Firepower	power	layered	IPS (legacy)		IPS 4300 / 4500	sku ^IPS-						
IPS-4360-IC-BLK	IPS 4360 interface card slot blank	5500-X ASA with Firepower	mechanical	layered	IPS (legacy)		IPS 4300 / 4500	sku ^IPS-						
IPS-4360-IC-BLK=	IPS 4360 interface card slot blank	5500-X ASA with Firepower	mechanical	layered	IPS (legacy)		IPS 4300 / 4500	sku ^IPS-						
IPS-4360-K9	IPS 4360 with SW, 8 GE data + 1 GE mgmt, AC Power	5500-X ASA with Firepower	ips	layered	IPS (legacy)		IPS 4300 / 4500	sku ^IPS-						
IPS-4360-PWR-BLK	IPS 4360 power supply blank	5500-X ASA with Firepower	mechanical	layered	IPS (legacy)		IPS 4300 / 4500	sku ^IPS-						
IPS-4360-PWR-BLK=	IPS 4360 power supply blank	5500-X ASA with Firepower	mechanical	layered	IPS (legacy)		IPS 4300 / 4500	sku ^IPS-						
IPS-4510-INC-K9	IPS 4510 w SW, 4x SFP/SFP+, 6 GE Cu, 2xGe Mgmt CARD ONLY	5500-X ASA with Firepower	ips	layered	IPS (legacy)		IPS 4300 / 4500	sku ^IPS-						
IPS-4510-INC-K9=	Cisco IPS-4510-INC-K9=	5500-X ASA with Firepower	ips	layered	IPS (legacy)		IPS 4300 / 4500	sku ^IPS-						
IPS-4510-K9	IPS 4510 with SW, 4x SFP/SFP+, 6 GE Cu, 2xGe Mgmt	5500-X ASA with Firepower	ips	layered	IPS (legacy)		IPS 4300 / 4500	sku ^IPS-						
IPS-4510-SSP-K9=	IPS 4510 w SW, 4x SFP/SFP+, 6 GE Cu, 2xGe Mgmt CARD ONLY	5500-X ASA with Firepower	ips-module	layered	IPS (legacy)		IPS 4300 / 4500	sku ^IPS-						
IPS-4520-INC-K9	IPS 4520 with SW, 4x SFP/SFP+, 6 GE Cu, 2xGe Mgmt	5500-X ASA with Firepower	ips	layered	IPS (legacy)		IPS 4300 / 4500	sku ^IPS-						
IPS-4520-INC-K9=	Cisco IPS-4520-INC-K9=	5500-X ASA with Firepower	ips	layered	IPS (legacy)		IPS 4300 / 4500	sku ^IPS-						
IPS-4520-K9	IPS 4520 with SW, 4x SFP/SFP+, 6 GE Cu, 2xGe Mgmt	5500-X ASA with Firepower	ips	layered	IPS (legacy)		IPS 4300 / 4500	sku ^IPS-						
IPS-4520-SSP-K9=	IPS 4520 with SW, 4x SFP/SFP+, 6 GE Cu, 2xGe Mgmt	5500-X ASA with Firepower	ips-module	layered	IPS (legacy)		IPS 4300 / 4500	sku ^IPS-						
IPS-4520-XL-K9	IPS 4520 with 2 Blades, SW, 8x SFP/SFP+, 12 GE Cu, 4xGe Mgmt	5500-X ASA with Firepower	ips	layered	IPS (legacy)		IPS 4300 / 4500	sku ^IPS-						
ISA-3000-2C2F-FTD	Cisco ISA-3000-2C2F-FTD	3000 Series Industrial Security Appliances (ISA)	firewall	layered	ASA and ISA		ISA 3000	sku ^ISA-?3000						
ISA-3000-2C2F-K9	Cisco ISA-3000-2C2F-K9	3000 Series Industrial Security Appliances (ISA)	firewall	layered	ASA and ISA		ISA 3000	sku ^ISA-?3000						
ISA-3000-4C-FTD	Cisco ISA-3000-4C-FTD	3000 Series Industrial Security Appliances (ISA)	firewall	layered	ASA and ISA		ISA 3000	sku ^ISA-?3000						
ISA-3000-4C-K9	Cisco ISA-3000-4C-K9	3000 Series Industrial Security Appliances (ISA)	firewall	layered	ASA and ISA		ISA 3000	sku ^ISA-?3000						
ISA-FP-541213-K9	IDS / IPS for Industrial Security Appliances K9 level	3000 Series Industrial Security Appliances (ISA)	non-hardware	pending_plan								class license		
ISE-SNS-ACCYKIT	ISE SNS Accessory Kit	Identity Services Engine	mechanical	layered	Identity Services Engine		Secure Network Server (SNS) appliances	label Identity Services Engine						sku-token: SNS
LC-12G-HDD-1.2TB=	Cisco 1.2TB 10K RPM SAS 6Gbps 2.5in Hot-plug Hard Drive, 12G	Secure Network Analytics	drive	layered	Secure Network Analytics (Stealthwatch)	(shared across the line)	Secure Network Analytics (Stealthwatch) shared parts	sku ^LC-						
LC-12G-HDD-300GB=	Cisco 300GB 15K RPM SAS 6Gbps 2.5in Hot-plug Hard Drive, 12G	Secure Network Analytics	drive	layered	Secure Network Analytics (Stealthwatch)	(shared across the line)	Secure Network Analytics (Stealthwatch) shared parts	sku ^LC-						
LC-12G-HDD-600GB=	Cisco 600GB 10K RPM SAS 6Gbps 2.5in Hot-plug Hard Drive, 12G	Secure Network Analytics	drive	layered	Secure Network Analytics (Stealthwatch)	(shared across the line)	Secure Network Analytics (Stealthwatch) shared parts	sku ^LC-						
LC-13-PWR-AC-750W-	Cisco Stealthwatch 13G 750W AC Power Supply, Hot-plug	Secure Network Analytics	power	layered	Secure Network Analytics (Stealthwatch)	(shared across the line)	Secure Network Analytics (Stealthwatch) shared parts	sku ^LC-						
LC-13-PWR-AC-750W=	Cisco Stealthwatch 13G 750W AC Power Supply, Hot-plug	Secure Network Analytics	power	layered	Secure Network Analytics (Stealthwatch)	(shared across the line)	Secure Network Analytics (Stealthwatch) shared parts	sku ^LC-						
LC-13G-HDD-1.2TB-	Cisco 1.2TB 10K RPM SAS 6Gbps 2.5in Hot-plug Hard Drive, 13G	Secure Network Analytics	drive	layered	Secure Network Analytics (Stealthwatch)	(shared across the line)	Secure Network Analytics (Stealthwatch) shared parts	sku ^LC-						
LC-13G-HDD-1.2TB=	Cisco 1.2TB 10K RPM SAS 6Gbps 2.5in Hot-plug Hard Drive, 13G	Secure Network Analytics	drive	layered	Secure Network Analytics (Stealthwatch)	(shared across the line)	Secure Network Analytics (Stealthwatch) shared parts	sku ^LC-						
LC-13G-HDD-300GB-	Cisco 300GB 10K RPM SAS 6Gbps 2.5in Hot-plug Hard Drive,13G	Secure Network Analytics	drive	layered	Secure Network Analytics (Stealthwatch)	(shared across the line)	Secure Network Analytics (Stealthwatch) shared parts	sku ^LC-						
LC-13G-HDD-300GB=	Cisco 300GB 10K RPM SAS 6Gbps 2.5in Hot-plug Hard Drive,13G	Secure Network Analytics	drive	layered	Secure Network Analytics (Stealthwatch)	(shared across the line)	Secure Network Analytics (Stealthwatch) shared parts	sku ^LC-						
LC-COLLECT-1000	FlowCollector 1000; 1 TB storage; 30K fps; 500 sources	Secure Network Analytics	analytics	layered	Secure Network Analytics (Stealthwatch)		Flow Collector	sku ^LC-(FC|COLLECT|FCNF)						
LC-COLLECT-2000	FlowCollector 2000; 2 TB storage; 60K fps; 1000 sources	Secure Network Analytics	analytics	layered	Secure Network Analytics (Stealthwatch)		Flow Collector	sku ^LC-(FC|COLLECT|FCNF)						
LC-COLLECT-4000	FlowCollector 4000; 4 TB storage; 120K fps; 2000 sources	Secure Network Analytics	analytics	layered	Secure Network Analytics (Stealthwatch)		Flow Collector	sku ^LC-(FC|COLLECT|FCNF)						
LC-CONSOLE-1000	Management Console 1000; 1 TB storage; monitors 5 Collectors	Secure Network Analytics	analytics	layered	Secure Network Analytics (Stealthwatch)		Management Console	sku ^LC-(SMC|CONSO)						
LC-CONSOLE-2000	Management Console 2000; 2 TB storage; monitor 25 Collectors	Secure Network Analytics	analytics	layered	Secure Network Analytics (Stealthwatch)		Management Console	sku ^LC-(SMC|CONSO)						
LC-CONSOLE-500	Management Console 500; 1 TB storage; monitors 1 Collector	Secure Network Analytics	analytics	layered	Secure Network Analytics (Stealthwatch)		Management Console	sku ^LC-(SMC|CONSO)						
LC-FC-1010-NF-K9	StealthWatch FlowCollector for NetFlow 1010	Secure Network Analytics	analytics	layered	Secure Network Analytics (Stealthwatch)		Flow Collector	sku ^LC-(FC|COLLECT|FCNF)						
LC-FC-1010-SF-K9	StealthWatch sFlow Collector for 1010	Secure Network Analytics	analytics	layered	Secure Network Analytics (Stealthwatch)		Flow Collector	sku ^LC-(FC|COLLECT|FCNF)						
LC-FC-1K-R-K9	StealthWatch FlowCollector 10XX Hardware Refresh to 13G	Secure Network Analytics	analytics	layered	Secure Network Analytics (Stealthwatch)		Flow Collector	sku ^LC-(FC|COLLECT|FCNF)						
LC-FC-2010-NF-K9	StealthWatch FlowCollector for NetFlow 2010	Secure Network Analytics	analytics	layered	Secure Network Analytics (Stealthwatch)		Flow Collector	sku ^LC-(FC|COLLECT|FCNF)						
LC-FC-2010-SF-K9	StealthWatch sFlow Collector for 2010 Appliance Platform	Secure Network Analytics	analytics	layered	Secure Network Analytics (Stealthwatch)		Flow Collector	sku ^LC-(FC|COLLECT|FCNF)						
LC-FC-2K-R-K9	StealthWatch FlowCollector 20XX Hardware Refresh to 13G	Secure Network Analytics	analytics	layered	Secure Network Analytics (Stealthwatch)		Flow Collector	sku ^LC-(FC|COLLECT|FCNF)						
LC-FC-4010-NF-K9	StealthWatch FlowCollector for NetFlow 4010	Secure Network Analytics	analytics	layered	Secure Network Analytics (Stealthwatch)		Flow Collector	sku ^LC-(FC|COLLECT|FCNF)						
LC-FC-4010-SF-K9	StealthWatch sFlow Collector for 4010	Secure Network Analytics	analytics	layered	Secure Network Analytics (Stealthwatch)		Flow Collector	sku ^LC-(FC|COLLECT|FCNF)						
LC-FC-4K-R-K9	StealthWatch FlowCollector 40XX Hardware Refresh to 13G	Secure Network Analytics	analytics	layered	Secure Network Analytics (Stealthwatch)		Flow Collector	sku ^LC-(FC|COLLECT|FCNF)						
LC-FC-5000-NFU-K9D	FC5000 Appliance - DU	Secure Network Analytics	analytics	layered	Secure Network Analytics (Stealthwatch)		Flow Collector	sku ^LC-(FC|COLLECT|FCNF)						
LC-FC-5000-NFU-K9E	FC5000 Appliance - EU	Secure Network Analytics	analytics	layered	Secure Network Analytics (Stealthwatch)		Flow Collector	sku ^LC-(FC|COLLECT|FCNF)						
LC-FC-5010-NF-K9	StealthWatch FlowCollector for NetFlow 5010 Platform	Secure Network Analytics	analytics	layered	Secure Network Analytics (Stealthwatch)		Flow Collector	sku ^LC-(FC|COLLECT|FCNF)						
LC-FC-5010-NF-K9-D	FC5K Appliance - D	Secure Network Analytics	analytics	layered	Secure Network Analytics (Stealthwatch)		Flow Collector	sku ^LC-(FC|COLLECT|FCNF)						
LC-FC-5010-NF-K9-E	FC5K Appliance - E	Secure Network Analytics	analytics	layered	Secure Network Analytics (Stealthwatch)		Flow Collector	sku ^LC-(FC|COLLECT|FCNF)						
LC-FC-5010-NFU-K9D	FC5010 Appliance - DU	Secure Network Analytics	analytics	layered	Secure Network Analytics (Stealthwatch)		Flow Collector	sku ^LC-(FC|COLLECT|FCNF)						
LC-FC-5010-NFU-K9E	FC5010 Appliance - EU	Secure Network Analytics	analytics	layered	Secure Network Analytics (Stealthwatch)		Flow Collector	sku ^LC-(FC|COLLECT|FCNF)						
LC-FC-5010D-NFU-K9	StealthWatch FlowCollector for NetFlow 5010 Appliance - DU	Secure Network Analytics	analytics	layered	Secure Network Analytics (Stealthwatch)		Flow Collector	sku ^LC-(FC|COLLECT|FCNF)						
LC-FC-5010E-NFU-K9	StealthWatch FlowCollector for NetFlow 5010 Appliance - EU	Secure Network Analytics	analytics	layered	Secure Network Analytics (Stealthwatch)		Flow Collector	sku ^LC-(FC|COLLECT|FCNF)						
LC-FC-5020D-NF	StealthWatch FlowCollector 5020 Dabase Node	Secure Network Analytics	analytics	layered	Secure Network Analytics (Stealthwatch)		Flow Collector	sku ^LC-(FC|COLLECT|FCNF)						
LC-FC-5020D-NF=	StealthWatch FlowCollector 5020 Dabase for RMA Use Only	Secure Network Analytics	analytics	layered	Secure Network Analytics (Stealthwatch)		Flow Collector	sku ^LC-(FC|COLLECT|FCNF)						
LC-FC-5020E-NF	StealthWatch FlowCollector 5020 Engine Node	Secure Network Analytics	analytics	layered	Secure Network Analytics (Stealthwatch)		Flow Collector	sku ^LC-(FC|COLLECT|FCNF)						
LC-FC-5020E-NF=	StealthWatch FlowCollector 5020 Engine for RMA Use Only	Secure Network Analytics	analytics	layered	Secure Network Analytics (Stealthwatch)		Flow Collector	sku ^LC-(FC|COLLECT|FCNF)						
LC-FC-CPU-E52680D	CPU 2.50 GHz E5-2680 v3/120W 12C/30MB Cache/DDR4 2133MHz	Secure Network Analytics	cpu	layered	Secure Network Analytics (Stealthwatch)		Flow Collector	sku ^LC-(FC|COLLECT|FCNF)						
LC-FC-CPU-E52695D	CPU 2.30 GHz E5-2695 v3/120W 14C/35MB Cache/DDR4 2133MHz	Secure Network Analytics	cpu	layered	Secure Network Analytics (Stealthwatch)		Flow Collector	sku ^LC-(FC|COLLECT|FCNF)						
LC-FC-HD300G	300GB 6Gb SAS 10K RPM SFF HDD/hot plug/drive sled mounted	Secure Network Analytics	drive	layered	Secure Network Analytics (Stealthwatch)		Flow Collector	sku ^LC-(FC|COLLECT|FCNF)						
LC-FC-HD300G=	300GB 6Gb SAS 10K RPM SFF HDD/hot plug/drive sled mounted	Secure Network Analytics	drive	layered	Secure Network Analytics (Stealthwatch)		Flow Collector	sku ^LC-(FC|COLLECT|FCNF)						
LC-FC-HDD-1.2TB	1.2 TB 12G SAS 10K rpm SFF HDD	Secure Network Analytics	drive	layered	Secure Network Analytics (Stealthwatch)		Flow Collector	sku ^LC-(FC|COLLECT|FCNF)						
LC-FC-HDD-1.2TB=	1.2 TB 12G SAS 10K rpm SFF HDD	Secure Network Analytics	drive	layered	Secure Network Analytics (Stealthwatch)		Flow Collector	sku ^LC-(FC|COLLECT|FCNF)						
LC-FC-MEM-1X162RU	16GB DDR4-2133-MHz RDIMM/PC4-17000/dual rank/x4/1.2v	Secure Network Analytics	memory	layered	Secure Network Analytics (Stealthwatch)		Flow Collector	sku ^LC-(FC|COLLECT|FCNF)						
LC-FC-MEM-1X322RU	32GB DDR4-2133-MHz RDIMM/PC4-17000/dual rank/x4/1.2v	Secure Network Analytics	memory	layered	Secure Network Analytics (Stealthwatch)		Flow Collector	sku ^LC-(FC|COLLECT|FCNF)						
LC-FC-MRAID12G	Cisco 12G SAS Modular Raid Controller	Secure Network Analytics	storage-controller	layered	Secure Network Analytics (Stealthwatch)		Flow Collector	sku ^LC-(FC|COLLECT|FCNF)						
LC-FC-MRAID12G-2GB	Cisco 12Gbps SAS 2GB FBWC Cache module (Raid 0/1/5/6)	Secure Network Analytics	storage-controller	layered	Secure Network Analytics (Stealthwatch)		Flow Collector	sku ^LC-(FC|COLLECT|FCNF)						
LC-FC-MRAID12G-4GB	Cisco 12Gbps SAS 4GB FBWC Cache module (Raid 0/1/5/6)	Secure Network Analytics	storage-controller	layered	Secure Network Analytics (Stealthwatch)		Flow Collector	sku ^LC-(FC|COLLECT|FCNF)						
LC-FC-N20-BBLKD	Cisco UCS 2.5 inch HDD blanking panel	Secure Network Analytics	mechanical	layered	Secure Network Analytics (Stealthwatch)		Flow Collector	sku ^LC-(FC|COLLECT|FCNF)						
LC-FC-N20-BBLKD=	Cisco UCS 2.5 inch HDD blanking panel	Secure Network Analytics	mechanical	layered	Secure Network Analytics (Stealthwatch)		Flow Collector	sku ^LC-(FC|COLLECT|FCNF)						
LC-FC-N2XX-AIPCI01	Intel X520 Dual Port 10Gb SFP+ Adapter	Secure Network Analytics	nic	layered	Secure Network Analytics (Stealthwatch)		Flow Collector	sku ^LC-(FC|COLLECT|FCNF)						
LC-FC-NF-1000-K9	StealthWatch FlowCollector for NetFlow 1K appliance	Secure Network Analytics	analytics	layered	Secure Network Analytics (Stealthwatch)		Flow Collector	sku ^LC-(FC|COLLECT|FCNF)						
LC-FC-NF-2000-K9	StealthWatch FlowCollector for NetFlow 2K appliance	Secure Network Analytics	analytics	layered	Secure Network Analytics (Stealthwatch)		Flow Collector	sku ^LC-(FC|COLLECT|FCNF)						
LC-FC-NF-4000-K9	StealthWatch FlowCollector for NetFlow 4000 appliance	Secure Network Analytics	analytics	layered	Secure Network Analytics (Stealthwatch)		Flow Collector	sku ^LC-(FC|COLLECT|FCNF)						
LC-FC-NF-5000-K9	StealthWatch FlowCollector for NetFlow 5000 appliance	Secure Network Analytics	analytics	layered	Secure Network Analytics (Stealthwatch)		Flow Collector	sku ^LC-(FC|COLLECT|FCNF)						
LC-FC-NF-5020-K9	StealthWatch FlowCollector for 5020	Secure Network Analytics	analytics	layered	Secure Network Analytics (Stealthwatch)		Flow Collector	sku ^LC-(FC|COLLECT|FCNF)						
LC-FC-NF5K-K9-D	StealthWatch FlowCollector for NetFlow 5000 appliance D	Secure Network Analytics	analytics	layered	Secure Network Analytics (Stealthwatch)		Flow Collector	sku ^LC-(FC|COLLECT|FCNF)						
LC-FC-NF5K-K9-E	StealthWatch FlowCollector for NetFlow 5000 appliance ENGINE	Secure Network Analytics	analytics	layered	Secure Network Analytics (Stealthwatch)		Flow Collector	sku ^LC-(FC|COLLECT|FCNF)						
LC-FC-PCI-1B-240M4	Right PCIe Riser Board (Riser 1) (3 x8) for 6 PCI slots	Secure Network Analytics	compute	layered	Secure Network Analytics (Stealthwatch)		Flow Collector	sku ^LC-(FC|COLLECT|FCNF)						
LC-FC-PWR-AC-1200W	1200W / 800W V2 AC Power Supply for 2U C-Series Servers	Secure Network Analytics	power	layered	Secure Network Analytics (Stealthwatch)		Flow Collector	sku ^LC-(FC|COLLECT|FCNF)						
LC-FC-PWR-AC-770W	770W AC Hot-Plug Power Supply for 1U C-Series Rack Server	Secure Network Analytics	power	layered	Secure Network Analytics (Stealthwatch)		Flow Collector	sku ^LC-(FC|COLLECT|FCNF)						
LC-FC-PWR-AC-770W=	770W AC Hot-Plug Power Supply for 1U C-Series Rack Server	Secure Network Analytics	power	layered	Secure Network Analytics (Stealthwatch)		Flow Collector	sku ^LC-(FC|COLLECT|FCNF)						
LC-FC-PWR-AC1200W	1200W / 800W V2 AC Power Supply for 2U C-Series Servers	Secure Network Analytics	power	layered	Secure Network Analytics (Stealthwatch)		Flow Collector	sku ^LC-(FC|COLLECT|FCNF)						
LC-FC-PWR-AC1200W=	1200W / 800W V2 AC Power Supply for 2U C-Series Servers	Secure Network Analytics	power	layered	Secure Network Analytics (Stealthwatch)		Flow Collector	sku ^LC-(FC|COLLECT|FCNF)						
LC-FCNF1010	Cisco Stealthwatch FlowCollector for NetFlow 1010	Secure Network Analytics	analytics	layered	Secure Network Analytics (Stealthwatch)		Flow Collector	sku ^LC-(FC|COLLECT|FCNF)						
LC-FCNF1010-RMA	Cisco Stealthwatch FC NF 1010 for Install Base Migration	Secure Network Analytics	analytics	layered	Secure Network Analytics (Stealthwatch)		Flow Collector	sku ^LC-(FC|COLLECT|FCNF)						
LC-FCNF2010	Cisco Stealthwatch FlowCollector for NetFlow 2010	Secure Network Analytics	analytics	layered	Secure Network Analytics (Stealthwatch)		Flow Collector	sku ^LC-(FC|COLLECT|FCNF)						
LC-FCNF2010-RMA	Cisco Stealthwatch FC NF 2010 for Install Base Migration	Secure Network Analytics	analytics	layered	Secure Network Analytics (Stealthwatch)		Flow Collector	sku ^LC-(FC|COLLECT|FCNF)						
LC-FCNF4010	Cisco Stealthwatch FlowCollector for NetFlow 4010	Secure Network Analytics	analytics	layered	Secure Network Analytics (Stealthwatch)		Flow Collector	sku ^LC-(FC|COLLECT|FCNF)						
LC-FCNF4010-RMA	Cisco Stealthwatch FC NF 4010 for Install Base Migration	Secure Network Analytics	analytics	layered	Secure Network Analytics (Stealthwatch)		Flow Collector	sku ^LC-(FC|COLLECT|FCNF)						
LC-FCNF5000-D-RMA	Cisco Stealthwatch FC NF 5000 Diode Install Base Migration	Secure Network Analytics	analytics	layered	Secure Network Analytics (Stealthwatch)		Flow Collector	sku ^LC-(FC|COLLECT|FCNF)						
LC-FCNF5000-E-RMA	Cisco Stealthwatch FC NF 5000 Engine Install Base Migration	Secure Network Analytics	analytics	layered	Secure Network Analytics (Stealthwatch)		Flow Collector	sku ^LC-(FC|COLLECT|FCNF)						
LC-FCNF5020-D-RMA	Cisco Stealthwatch FC NF 5020 Diode Install Base Migration	Secure Network Analytics	analytics	layered	Secure Network Analytics (Stealthwatch)		Flow Collector	sku ^LC-(FC|COLLECT|FCNF)						
LC-FCNF5020-E-RMA	Cisco Stealthwatch FC NF 5020 Engine Install Base Migration	Secure Network Analytics	analytics	layered	Secure Network Analytics (Stealthwatch)		Flow Collector	sku ^LC-(FC|COLLECT|FCNF)						
LC-FCSF1010	Cisco Stealthwatch FlowCollector for sFlow 1010	Secure Network Analytics	analytics	layered	Secure Network Analytics (Stealthwatch)		Flow Sensor	sku ^LC-(FS|SENS|FCSF)						
LC-FCSF1010-RMA	Cisco Stealthwatch FC SF 1010 for Install Base Migration	Secure Network Analytics	analytics	layered	Secure Network Analytics (Stealthwatch)		Flow Sensor	sku ^LC-(FS|SENS|FCSF)						
LC-FCSF2010	Cisco Stealthwatch FlowCollector for sFlow 2010	Secure Network Analytics	analytics	layered	Secure Network Analytics (Stealthwatch)		Flow Sensor	sku ^LC-(FS|SENS|FCSF)						
LC-FCSF2010-RMA	Cisco Stealthwatch FC SF 2010 for Install Base Migration	Secure Network Analytics	analytics	layered	Secure Network Analytics (Stealthwatch)		Flow Sensor	sku ^LC-(FS|SENS|FCSF)						
LC-FCSF4010	Cisco Stealthwatch FlowCollector for sFlow 4010	Secure Network Analytics	analytics	layered	Secure Network Analytics (Stealthwatch)		Flow Sensor	sku ^LC-(FS|SENS|FCSF)						
LC-FCSF4010-RMA	Cisco Stealthwatch FC SF 4010 for Install Base Migration	Secure Network Analytics	analytics	layered	Secure Network Analytics (Stealthwatch)		Flow Sensor	sku ^LC-(FS|SENS|FCSF)						
LC-FR-1K-C-K9	StealthWatch FlowReplicator 1K appliance	Secure Network Analytics	analytics	layered	Secure Network Analytics (Stealthwatch)		UDP Director / Flow Replicator	sku ^LC-(UDP|UD[0-9]|FR|REP|ID)						
LC-FR-2K-C-K9	StealthWatch FlowReplicator 2K appliance, copper interfaces	Secure Network Analytics	analytics	layered	Secure Network Analytics (Stealthwatch)		UDP Director / Flow Replicator	sku ^LC-(UDP|UD[0-9]|FR|REP|ID)						
LC-FR-2K-F-K9	StealthWatch FlowReplicator 2K appliance, fiber interfaces	Secure Network Analytics	analytics	layered	Secure Network Analytics (Stealthwatch)		UDP Director / Flow Replicator	sku ^LC-(UDP|UD[0-9]|FR|REP|ID)						
LC-FS-1010-K9	StealthWatch FlowSensor 1010	Secure Network Analytics	analytics	layered	Secure Network Analytics (Stealthwatch)		Flow Sensor	sku ^LC-(FS|SENS|FCSF)						
LC-FS-1K-R-K9	StealthWatch FlowSensor 10XX-F Hardware Refresh to 13G	Secure Network Analytics	analytics	layered	Secure Network Analytics (Stealthwatch)		Flow Sensor	sku ^LC-(FS|SENS|FCSF)						
LC-FS-2010-3C2F-K9	StealthWatch FlowSensor 2010 3 Copper 2 Fiber	Secure Network Analytics	analytics	layered	Secure Network Analytics (Stealthwatch)		Flow Sensor	sku ^LC-(FS|SENS|FCSF)						
LC-FS-2010-5C-K9	StealthWatch FlowSensor 2010 5 Copper	Secure Network Analytics	analytics	layered	Secure Network Analytics (Stealthwatch)		Flow Sensor	sku ^LC-(FS|SENS|FCSF)						
LC-FS-2K-2R-K9	StealthWatch FlowSensor 20XX-2F Hardware Refresh to 13G	Secure Network Analytics	analytics	layered	Secure Network Analytics (Stealthwatch)		Flow Sensor	sku ^LC-(FS|SENS|FCSF)						
LC-FS-2K-R-K9	StealthWatch FlowSensor 20XX-F Hardware Refresh to 13G	Secure Network Analytics	analytics	layered	Secure Network Analytics (Stealthwatch)		Flow Sensor	sku ^LC-(FS|SENS|FCSF)						
LC-FS-3010-2F-K9	StealthWatch FlowSensor 3010 2 Fiber 10G	Secure Network Analytics	analytics	layered	Secure Network Analytics (Stealthwatch)		Flow Sensor	sku ^LC-(FS|SENS|FCSF)						
LC-FS-3K-R-K9	StealthWatch FlowSensor 30XX Hardware Refresh Program to 13G	Secure Network Analytics	analytics	layered	Secure Network Analytics (Stealthwatch)		Flow Sensor	sku ^LC-(FS|SENS|FCSF)						
LC-FS-4010-4F-K9	StealthWatch FlowSensor 4010 4 Fiber 10G	Secure Network Analytics	analytics	layered	Secure Network Analytics (Stealthwatch)		Flow Sensor	sku ^LC-(FS|SENS|FCSF)						
LC-FS-4010-UPG-K9	Conversion to FlowSensor 4010 from FlowSensor 30XX	Secure Network Analytics	analytics	layered	Secure Network Analytics (Stealthwatch)		Flow Sensor	sku ^LC-(FS|SENS|FCSF)						
LC-FS-4K-R-K9	StealthWatch FlowSensor 40XX Hardware Refresh Program to 13G	Secure Network Analytics	analytics	layered	Secure Network Analytics (Stealthwatch)		Flow Sensor	sku ^LC-(FS|SENS|FCSF)						
LC-FS1010	Cisco Stealthwatch Flow Sensor 1010	Secure Network Analytics	analytics	layered	Secure Network Analytics (Stealthwatch)		Flow Sensor	sku ^LC-(FS|SENS|FCSF)						
LC-FS1010-RMA	Cisco Stealthwatch FS 1010 for Install Base Migration	Secure Network Analytics	analytics	layered	Secure Network Analytics (Stealthwatch)		Flow Sensor	sku ^LC-(FS|SENS|FCSF)						
LC-FS1K-3C-K9	StealthWatch FlowSensor 1K appliance	Secure Network Analytics	analytics	layered	Secure Network Analytics (Stealthwatch)		Flow Sensor	sku ^LC-(FS|SENS|FCSF)						
LC-FS2010-C	Cisco Stealthwatch Flow Sensor 2010 Copper	Secure Network Analytics	analytics	layered	Secure Network Analytics (Stealthwatch)		Flow Sensor	sku ^LC-(FS|SENS|FCSF)						
LC-FS2010-C-RMA	Cisco Stealthwatch FS 2010 Copper for Install Base Migration	Secure Network Analytics	analytics	layered	Secure Network Analytics (Stealthwatch)		Flow Sensor	sku ^LC-(FS|SENS|FCSF)						
LC-FS2010-F	Cisco Stealthwatch Flow Sensor 2010 Fiber	Secure Network Analytics	analytics	layered	Secure Network Analytics (Stealthwatch)		Flow Sensor	sku ^LC-(FS|SENS|FCSF)						
LC-FS2010-F-RMA	Cisco Stealthwatch FS 2010 Fiber for Install Base Migration	Secure Network Analytics	analytics	layered	Secure Network Analytics (Stealthwatch)		Flow Sensor	sku ^LC-(FS|SENS|FCSF)						
LC-FS250-2C-K9	StealthWatch FlowSensor 250 appliance	Secure Network Analytics	analytics	layered	Secure Network Analytics (Stealthwatch)		Flow Sensor	sku ^LC-(FS|SENS|FCSF)						
LC-FS2K-5C-K9	StealthWatch FlowSensor 2K appliance, 5 copper interfaces	Secure Network Analytics	analytics	layered	Secure Network Analytics (Stealthwatch)		Flow Sensor	sku ^LC-(FS|SENS|FCSF)						
LC-FS2K3C-K9	StealthWatch FlowSensor 2K appliance, 2 fiber, 3 copper	Secure Network Analytics	analytics	layered	Secure Network Analytics (Stealthwatch)		Flow Sensor	sku ^LC-(FS|SENS|FCSF)						
LC-FS3010	Cisco Stealthwatch Flow Sensor 3010	Secure Network Analytics	analytics	layered	Secure Network Analytics (Stealthwatch)		Flow Sensor	sku ^LC-(FS|SENS|FCSF)						
LC-FS3010-RMA	Cisco Stealthwatch FS 3010 for Install Base Migration	Secure Network Analytics	analytics	layered	Secure Network Analytics (Stealthwatch)		Flow Sensor	sku ^LC-(FS|SENS|FCSF)						
LC-FS3K-2F-K9	StealthWatch FlowSensor 3000 appliance, 2 fiber interfaces	Secure Network Analytics	analytics	layered	Secure Network Analytics (Stealthwatch)		Flow Sensor	sku ^LC-(FS|SENS|FCSF)						
LC-FS4010	Cisco Stealthwatch Flow Sensor 4010	Secure Network Analytics	analytics	layered	Secure Network Analytics (Stealthwatch)		Flow Sensor	sku ^LC-(FS|SENS|FCSF)						
LC-FS4010-RMA	Cisco Stealthwatch FS 4010 for Install Base Migration	Secure Network Analytics	analytics	layered	Secure Network Analytics (Stealthwatch)		Flow Sensor	sku ^LC-(FS|SENS|FCSF)						
LC-FS4K-4F-K9	Lancope StealthWatch FlowSensor 4000 appliance (20 Gbps)	Secure Network Analytics	analytics	layered	Secure Network Analytics (Stealthwatch)		Flow Sensor	sku ^LC-(FS|SENS|FCSF)						
LC-FS4K-UPG-K9	Lancope StealthWatch FlowSensor 4000 appliance Upgrade	Secure Network Analytics	analytics	layered	Secure Network Analytics (Stealthwatch)		Flow Sensor	sku ^LC-(FS|SENS|FCSF)						
LC-ID-1000-K9	Identity Appliance	Secure Network Analytics	analytics	layered	Secure Network Analytics (Stealthwatch)		UDP Director / Flow Replicator	sku ^LC-(UDP|UD[0-9]|FR|REP|ID)						
LC-ID-1100-K9	Identity 1100 appliance	Secure Network Analytics	analytics	layered	Secure Network Analytics (Stealthwatch)		UDP Director / Flow Replicator	sku ^LC-(UDP|UD[0-9]|FR|REP|ID)						
LC-ID1100-RMA	Cisco Stealthwatch Identity 1100 for Install Base Migration	Secure Network Analytics	analytics	layered	Secure Network Analytics (Stealthwatch)		UDP Director / Flow Replicator	sku ^LC-(UDP|UD[0-9]|FR|REP|ID)						
LC-PWR-AC-1100W=	Cisco Stealthwatch Dual 1100W AC Power Supply, Hot-plug, 12G	Secure Network Analytics	power	layered	Secure Network Analytics (Stealthwatch)	(shared across the line)	Secure Network Analytics (Stealthwatch) shared parts	sku ^LC-						
LC-PWR-AC-750W=	Cisco Stealthwatch Dual 750W AC Power Supply, Hot-plug, 12G	Secure Network Analytics	power	layered	Secure Network Analytics (Stealthwatch)	(shared across the line)	Secure Network Analytics (Stealthwatch) shared parts	sku ^LC-						
LC-RAILS=	Cisco StealthWatch Sliding Rail Without Cable Management Arm	Secure Network Analytics	accessory	layered	Secure Network Analytics (Stealthwatch)	(shared across the line)	Secure Network Analytics (Stealthwatch) shared parts	sku ^LC-						
LC-REP-1000	FlowReplicator 1000; 1 FE/GE copper; 10 KPPS in, 20 KPPS out	Secure Network Analytics	analytics	layered	Secure Network Analytics (Stealthwatch)		UDP Director / Flow Replicator	sku ^LC-(UDP|UD[0-9]|FR|REP|ID)						
LC-REP-2000	FlowReplicator 2000; 3 FE/GE copper; 20 KPPS in, 60 KPPS out	Secure Network Analytics	analytics	layered	Secure Network Analytics (Stealthwatch)		UDP Director / Flow Replicator	sku ^LC-(UDP|UD[0-9]|FR|REP|ID)						
LC-REP-2000-F	FlowReplicator 2000; 2 FE/GE fiber; 20 KPPS in, 60 KPPS out	Secure Network Analytics	analytics	layered	Secure Network Analytics (Stealthwatch)		UDP Director / Flow Replicator	sku ^LC-(UDP|UD[0-9]|FR|REP|ID)						
LC-SENS-1000	FlowSensor 1000 appliance; 3 FE/GE copper, 1Gbps	Secure Network Analytics	analytics	layered	Secure Network Analytics (Stealthwatch)		Flow Sensor	sku ^LC-(FS|SENS|FCSF)						
LC-SENS-2000	FlowSensor 2000 appliance; 5 FE/GE copper, 2.5Gbps	Secure Network Analytics	analytics	layered	Secure Network Analytics (Stealthwatch)		Flow Sensor	sku ^LC-(FS|SENS|FCSF)						
LC-SENS-2000-2F	FlowSensor 2000 appliance; 3 FE/GE copper, 2 fiber, 2.5Gbps	Secure Network Analytics	analytics	layered	Secure Network Analytics (Stealthwatch)		Flow Sensor	sku ^LC-(FS|SENS|FCSF)						
LC-SENS-250	FlowSensor 250 appliance; 2 FE/GE copper, 100Mbps	Secure Network Analytics	analytics	layered	Secure Network Analytics (Stealthwatch)		Flow Sensor	sku ^LC-(FS|SENS|FCSF)						
LC-SENS-3000-2F	FlowSensor 3000 appliance; 1 FE/GE copper, 2 fiber, 5Gbps	Secure Network Analytics	analytics	layered	Secure Network Analytics (Stealthwatch)		Flow Sensor	sku ^LC-(FS|SENS|FCSF)						
LC-SENS-3000-F	FlowSensor 3000 appliance; 1 10Gb fiber, 5Gbps	Secure Network Analytics	analytics	layered	Secure Network Analytics (Stealthwatch)		Flow Sensor	sku ^LC-(FS|SENS|FCSF)						
LC-SMC-1010-K9	Stealthwatch Management Console 1010	Secure Network Analytics	analytics	layered	Secure Network Analytics (Stealthwatch)		Management Console	sku ^LC-(SMC|CONSO)						
LC-SMC-1010-RED-K9	Stealthwatch Management Console 1010 redundant	Secure Network Analytics	analytics	layered	Secure Network Analytics (Stealthwatch)		Management Console	sku ^LC-(SMC|CONSO)						
LC-SMC-1K-K9	StealthWatch Management Console 1K appliance	Secure Network Analytics	analytics	layered	Secure Network Analytics (Stealthwatch)		Management Console	sku ^LC-(SMC|CONSO)						
LC-SMC-2010-K9	Stealthwatch Management Console 2010	Secure Network Analytics	analytics	layered	Secure Network Analytics (Stealthwatch)		Management Console	sku ^LC-(SMC|CONSO)						
LC-SMC-2010-RED-K9	Stealthwatch Management Console Redundant SMC 2K	Secure Network Analytics	analytics	layered	Secure Network Analytics (Stealthwatch)		Management Console	sku ^LC-(SMC|CONSO)						
LC-SMC-2K-K9	StealthWatch Management Console 2000 appliance	Secure Network Analytics	analytics	layered	Secure Network Analytics (Stealthwatch)		Management Console	sku ^LC-(SMC|CONSO)						
LC-SMC-2K-R-K9	StealthWatch Mgmt Console 20XX Hardware Refresh Program	Secure Network Analytics	analytics	layered	Secure Network Analytics (Stealthwatch)		Management Console	sku ^LC-(SMC|CONSO)						
LC-SMC-R-K9	StealthWatch Mgmt Console 10XX HW Refresh Program to 13G	Secure Network Analytics	analytics	layered	Secure Network Analytics (Stealthwatch)		Management Console	sku ^LC-(SMC|CONSO)						
LC-SMC1010	Cisco Stealthwatch Management Console 1K Appliance	Secure Network Analytics	analytics	layered	Secure Network Analytics (Stealthwatch)		Management Console	sku ^LC-(SMC|CONSO)						
LC-SMC1010-RMA	Cisco Stealthwatch SMC 1010 for Install Base Migration	Secure Network Analytics	analytics	layered	Secure Network Analytics (Stealthwatch)		Management Console	sku ^LC-(SMC|CONSO)						
LC-SMC2010	Cisco Stealthwatch Management Console 2K Appliance	Secure Network Analytics	analytics	layered	Secure Network Analytics (Stealthwatch)		Management Console	sku ^LC-(SMC|CONSO)						
LC-SMC2010-RMA	Cisco Stealthwatch SMC 2010 for Install Base Migration	Secure Network Analytics	analytics	layered	Secure Network Analytics (Stealthwatch)		Management Console	sku ^LC-(SMC|CONSO)						
LC-SMC2K-RED-K9	Redundant SMC-2000 appliance	Secure Network Analytics	analytics	layered	Secure Network Analytics (Stealthwatch)		Management Console	sku ^LC-(SMC|CONSO)						
LC-UD1010	Cisco Stealthwatch UDPD Director 1010	Secure Network Analytics	analytics	layered	Secure Network Analytics (Stealthwatch)		UDP Director / Flow Replicator	sku ^LC-(UDP|UD[0-9]|FR|REP|ID)						
LC-UD1010-RMA	Cisco Stealthwatch UDP Director 1010 Install Base Migration	Secure Network Analytics	analytics	layered	Secure Network Analytics (Stealthwatch)		UDP Director / Flow Replicator	sku ^LC-(UDP|UD[0-9]|FR|REP|ID)						
LC-UD2010-C	Cisco Stealthwatch UDPD Director 2010 Copper	Secure Network Analytics	analytics	layered	Secure Network Analytics (Stealthwatch)		UDP Director / Flow Replicator	sku ^LC-(UDP|UD[0-9]|FR|REP|ID)						
LC-UD2010-C-RMA	Cisco Stealthwatch UDPD 2010 Copper Install Base Migration	Secure Network Analytics	analytics	layered	Secure Network Analytics (Stealthwatch)		UDP Director / Flow Replicator	sku ^LC-(UDP|UD[0-9]|FR|REP|ID)						
LC-UD2010-F	Cisco Stealthwatch UDPD Director 2010 Fiber	Secure Network Analytics	analytics	layered	Secure Network Analytics (Stealthwatch)		UDP Director / Flow Replicator	sku ^LC-(UDP|UD[0-9]|FR|REP|ID)						
LC-UD2010-F-RMA	Cisco Stealthwatch UDPD 2010 Fiber Install Base Migration	Secure Network Analytics	analytics	layered	Secure Network Analytics (Stealthwatch)		UDP Director / Flow Replicator	sku ^LC-(UDP|UD[0-9]|FR|REP|ID)						
LC-UDP-1010-C-K9	StealthWatch FlowReplicator Director 1010 Copper	Secure Network Analytics	analytics	layered	Secure Network Analytics (Stealthwatch)		UDP Director / Flow Replicator	sku ^LC-(UDP|UD[0-9]|FR|REP|ID)						
LC-UDP-1010-R-K9	StealthWatch FlowReplicator 1K HW Refresh to UDP Dir. 1010	Secure Network Analytics	analytics	layered	Secure Network Analytics (Stealthwatch)		UDP Director / Flow Replicator	sku ^LC-(UDP|UD[0-9]|FR|REP|ID)						
LC-UDP-2010-C-K9	StealthWatch FlowReplicator Director 2010 Copper	Secure Network Analytics	analytics	layered	Secure Network Analytics (Stealthwatch)		UDP Director / Flow Replicator	sku ^LC-(UDP|UD[0-9]|FR|REP|ID)						
LC-UDP-2010-C-U-K9	StealthWatch FlowReplicator Dir Upg from 10XX to 2010 copper	Secure Network Analytics	analytics	layered	Secure Network Analytics (Stealthwatch)		UDP Director / Flow Replicator	sku ^LC-(UDP|UD[0-9]|FR|REP|ID)						
LC-UDP-2010-F-K9	StealthWatch FlowReplicator Director 2010 Fiber	Secure Network Analytics	analytics	layered	Secure Network Analytics (Stealthwatch)		UDP Director / Flow Replicator	sku ^LC-(UDP|UD[0-9]|FR|REP|ID)						
LC-UDP-2010-FU-K9	StealthWatch FlowReplicator Dir Upg from 1010 to 2010 fiber	Secure Network Analytics	analytics	layered	Secure Network Analytics (Stealthwatch)		UDP Director / Flow Replicator	sku ^LC-(UDP|UD[0-9]|FR|REP|ID)						
LC-UDP-2010-FU1-K9	StealthWatch FlowReplicator 20XX-F Hardware Refresh Program	Secure Network Analytics	analytics	layered	Secure Network Analytics (Stealthwatch)		UDP Director / Flow Replicator	sku ^LC-(UDP|UD[0-9]|FR|REP|ID)						
LC-UDP-2010-R-K9	StealthWatch FlowReplicator 20XX HW Refresh to UDP Dir. 2010	Secure Network Analytics	analytics	layered	Secure Network Analytics (Stealthwatch)		UDP Director / Flow Replicator	sku ^LC-(UDP|UD[0-9]|FR|REP|ID)						
MEM-7100-CFL128M	Cisco 7160 Compact Flash Disk, 128 MB	FirePOWER 7000 Appliances	drive	pending_plan								move routers		
MEM-7120/40-128P	Cisco 7100 128 MB SDRAM Packet Memory	FirePOWER 7000 Appliances	memory	pending_plan								move routers		
MEM-71XX-1024S	Cisco 7160 1024 MB SDRAM System Memory	FirePOWER 7000 Appliances	memory	pending_plan								move routers		
MEM-71XX-256S	Cisco 7160 256 MB SDRAM System Memory (default)	FirePOWER 7000 Appliances	memory	pending_plan								move routers		
N20-BKVM=	KVM local IO cable for UCS servers console port	Identity Services Engine	cable	layered	Identity Services Engine	(shared across the line)	Identity Services Engine shared parts	label-unsupported (label Identity Services Engine; was Secure Network Server (SNS) appliances): no series token in the SKU or name, no compatible part placed in the series						none: no series token in the SKU or name, no compatible part placed in the series
NM-DES/MP	DES Crypto NM for Cisco 3620/40 - Mid Performance	FirePOWER 7000 Appliances	module	pending_plan								move interfaces-modules		
PRIME-ACC-REG	^Cisco Prime Access Registrar 7.X - Physical	Security Manager	accessory	layered	Security Manager and Secure Workload	(shared across the line)	Security Manager and Secure Workload shared parts	label-unsupported (label Security Manager; was Security Manager (CSM) appliances): no series token in the SKU or name, no compatible part placed in the series						none: no series token in the SKU or name, no compatible part placed in the series
PRSM-APPLSW2-25-K9	PRSM Software Bundled With Physical Appliance	ASA 5500 Series Next Generation	management	layered	Security Manager and Secure Workload		Prime Security Manager (PRSM) appliances	sku ^PRSM-						
PRSM-APPLSW2-50-K9	PRSM Software Bundled With Physical Appliance	ASA 5500 Series Next Generation	management	layered	Security Manager and Secure Workload		Prime Security Manager (PRSM) appliances	sku ^PRSM-						
PRSM-APPSW2-100-K9	PRSM Software Bundled With Physical Appliance	ASA 5500 Series Next Generation	management	layered	Security Manager and Secure Workload		Prime Security Manager (PRSM) appliances	sku ^PRSM-						
PRSM-CPU-E5-2665	PRSM - CPU - 2.40 GHz E5-2665/115W 8C/20MB Cache/DDR3 1600MH	ASA 5500 Series Next Generation	cpu	layered	Security Manager and Secure Workload		Prime Security Manager (PRSM) appliances	sku ^PRSM-						
PRSM-D1TBSATA	PRSM - HD - 1TB 6Gb SATA 7.2K RPM SFF HDD/hot plug/drive	ASA 5500 Series Next Generation	drive	layered	Security Manager and Secure Workload		Prime Security Manager (PRSM) appliances	sku ^PRSM-						
PRSM-D1TBSATA=	PRSM - HD - 1TB 6Gb SATA 7.2K RPM SFF HDD/hot plug/drive	ASA 5500 Series Next Generation	drive	layered	Security Manager and Secure Workload		Prime Security Manager (PRSM) appliances	sku ^PRSM-						
PRSM-HW1-100-K9	Prime Security Manager - HW C220M3 - 100 Device Management	ASA 5500 Series Next Generation	management	layered	Security Manager and Secure Workload		Prime Security Manager (PRSM) appliances	sku ^PRSM-						
PRSM-HW1-25-K9	Prime Security Manager - HW C220M3 - 25 Device Management	ASA 5500 Series Next Generation	management	layered	Security Manager and Secure Workload		Prime Security Manager (PRSM) appliances	sku ^PRSM-						
PRSM-HW1-50-K9	Prime Security Manager - HW C220M3 - 50 Device Management	ASA 5500 Series Next Generation	management	layered	Security Manager and Secure Workload		Prime Security Manager (PRSM) appliances	sku ^PRSM-						
PRSM-MR-1X041RX-A	4GB DDR3-1333-MHz RDIMM/PC3-10600/single rank/x4/1.35v	ASA 5500 Series Next Generation	memory	layered	Security Manager and Secure Workload		Prime Security Manager (PRSM) appliances	sku ^PRSM-						
PRSM-MR-1X041RY-A	4GB DDR3-1600-MHz RDIMM/PC3-12800/single rank/1.35v	ASA 5500 Series Next Generation	memory	layered	Security Manager and Secure Workload		Prime Security Manager (PRSM) appliances	sku ^PRSM-						
PRSM-PSU-650W	650W power supply for C-series rack servers - Standard	ASA 5500 Series Next Generation	power	layered	Security Manager and Secure Workload		Prime Security Manager (PRSM) appliances	sku ^PRSM-						
PRSM-PSU-650W=	650W power supply for C-series rack servers - Standard	ASA 5500 Series Next Generation	power	layered	Security Manager and Secure Workload		Prime Security Manager (PRSM) appliances	sku ^PRSM-						
PRSM-RAID-9266	PRSM - RAID - LSI MegaRAID SAS 9266 include battery	ASA 5500 Series Next Generation	storage-controller	layered	Security Manager and Secure Workload		Prime Security Manager (PRSM) appliances	sku ^PRSM-						
PRSM-RAID9271CV-8I	MegaRAID 9271CV with 8 internal SAS/SATA ports with Supercap	ASA 5500 Series Next Generation	storage-controller	layered	Security Manager and Secure Workload		Prime Security Manager (PRSM) appliances	sku ^PRSM-						
PWR-2XAC-71XX	Cisco 7160 Dual AC Power Supply	FirePOWER 7000 Appliances	power	pending_plan								move routers		
PWR-AC-71XX	Cisco 7160 Single AC Power Supply (default)	FirePOWER 7000 Appliances	power	pending_plan								move routers		
PWR-BLANK-71XX	Cisco 7160 blank for power supply	FirePOWER 7000 Appliances	mechanical	pending_plan								move routers		
PWR-DT-150W-AC=	Power supply, desktop, 150W, AC input	4100 Firepower	power	layered	Secure Firewall and Firepower	(shared across the line)	Secure Firewall and Firepower shared parts	label-unsupported (label 4100 Firepower; was Firepower 4100): no platform token (4100) in the SKU or name, no compatible part placed in the series						none: no platform token (4100) in the SKU or name, no compatible part placed in the series
PWR-DT-30W-AC=	Power supply, compact, 30W, AC input	4100 Firepower	power	layered	Secure Firewall and Firepower	(shared across the line)	Secure Firewall and Firepower shared parts	label-unsupported (label 4100 Firepower; was Firepower 4100): no platform token (4100) in the SKU or name, no compatible part placed in the series						none: no platform token (4100) in the SKU or name, no compatible part placed in the series
PWR-IE50W-AC	Cisco PWR-IE50W-AC	3000 Series Industrial Security Appliances (ISA)	power	layered	ASA and ISA	(shared across the line)	ASA and ISA shared parts	label-unsupported (label 3000 Series Industrial Security Appliances (ISA); was ISA 3000): no platform token (3000) in the SKU or name, no compatible part placed in the series						none: no platform token (3000) in the SKU or name, no compatible part placed in the series
PWR-IE50W-AC-IEC	Cisco PWR-IE50W-AC-IEC	3000 Series Industrial Security Appliances (ISA)	power	layered	ASA and ISA	(shared across the line)	ASA and ISA shared parts	label-unsupported (label 3000 Series Industrial Security Appliances (ISA); was ISA 3000): no platform token (3000) in the SKU or name, no compatible part placed in the series						none: no platform token (3000) in the SKU or name, no compatible part placed in the series
S170	Cisco S170	Secure Web Appliance	web-gateway	layered	Secure Email and Web		Secure Web Appliance (WSA)	sku ^S[0-9]{3}(?![0-9])						
S196	Cisco S196	Secure Web Appliance	web-gateway	layered	Secure Email and Web		Secure Web Appliance (WSA)	sku ^S[0-9]{3}(?![0-9])						
S380	Cisco S380	Secure Web Appliance	web-gateway	layered	Secure Email and Web		Secure Web Appliance (WSA)	sku ^S[0-9]{3}(?![0-9])						
S396	Cisco S396	Secure Web Appliance	web-gateway	layered	Secure Email and Web		Secure Web Appliance (WSA)	sku ^S[0-9]{3}(?![0-9])						
S680	Cisco S680	Secure Web Appliance	web-gateway	layered	Secure Email and Web		Secure Web Appliance (WSA)	sku ^S[0-9]{3}(?![0-9])						
S696	Cisco S696	Secure Web Appliance	web-gateway	layered	Secure Email and Web		Secure Web Appliance (WSA)	sku ^S[0-9]{3}(?![0-9])						
SEPC-10G-NIC	Cisco SEPC-10G-NIC	Fireamp Endpoints	nic	layered	Secure Endpoint Private Cloud		Secure Endpoint (AMP) private cloud appliances	sku ^SEPC						
SEPC-AC-1050	Cisco SEPC-AC-1050	Fireamp Endpoints	power	layered	Secure Endpoint Private Cloud		Secure Endpoint (AMP) private cloud appliances	sku ^SEPC						
SEPC-CPU-I6330	Cisco SEPC-CPU-I6330	Fireamp Endpoints	cpu	layered	Secure Endpoint Private Cloud		Secure Endpoint (AMP) private cloud appliances	sku ^SEPC						
SEPC-MEM-A-64GB	Cisco SEPC-MEM-A-64GB	Fireamp Endpoints	memory	layered	Secure Endpoint Private Cloud		Secure Endpoint (AMP) private cloud appliances	sku ^SEPC						
SEPC-RAID-12G	Cisco SEPC-RAID-12G	Fireamp Endpoints	storage-controller	layered	Secure Endpoint Private Cloud		Secure Endpoint (AMP) private cloud appliances	sku ^SEPC						
SEPC-RIS1A-240M6	Cisco SEPC-RIS1A-240M6	Fireamp Endpoints	compute	layered	Secure Endpoint Private Cloud		Secure Endpoint (AMP) private cloud appliances	sku ^SEPC						
SEPC-RIS3B-240M6	Cisco SEPC-RIS3B-240M6	Fireamp Endpoints	compute	layered	Secure Endpoint Private Cloud		Secure Endpoint (AMP) private cloud appliances	sku ^SEPC						
SEPC-SD38T6I1X-EV	Cisco SEPC-SD38T6I1X-EV	Fireamp Endpoints	drive	layered	Secure Endpoint Private Cloud		Secure Endpoint (AMP) private cloud appliances	sku ^SEPC						
SEPC-SD76TBM1X-EV	Cisco SEPC-SD76TBM1X-EV	Fireamp Endpoints	drive	layered	Secure Endpoint Private Cloud		Secure Endpoint (AMP) private cloud appliances	sku ^SEPC						
SEPC-SD800GS3X-EP	Cisco SEPC-SD800GS3X-EP	Fireamp Endpoints	drive	layered	Secure Endpoint Private Cloud		Secure Endpoint (AMP) private cloud appliances	sku ^SEPC						
SEPC-TPM-2.0	Cisco SEPC-TPM-2.0	Fireamp Endpoints	tpm	layered	Secure Endpoint Private Cloud		Secure Endpoint (AMP) private cloud appliances	sku ^SEPC						
SEPC4000-K9	Cisco Secure Endpoint Private Cloud Appliance - 4000 Model	Secure Endpoint Private Cloud	management	layered	Secure Endpoint Private Cloud		Secure Endpoint (AMP) private cloud appliances	sku ^SEPC						
SM-40	Cisco SM-40	Firepower 9300 Series	security-module	layered	Secure Firewall and Firepower		Firepower 9300	sku ^SM-[0-9]{2}$						
SM-48	Cisco SM-48	Firepower 9300 Series	security-module	layered	Secure Firewall and Firepower		Firepower 9300	sku ^SM-[0-9]{2}$						
SM-56	Cisco SM-56	Firepower 9300 Series	security-module	layered	Secure Firewall and Firepower		Firepower 9300	sku ^SM-[0-9]{2}$						
SM-71XX-BLANK	Cisco 7160 Service Module Blank Face Plate	FirePOWER 7000 Appliances	accessory	pending_plan								move routers		
SM-EC-3DES	Service Module for 168-bit DES Encryption	FirePOWER 7000 Appliances	module	pending_plan								move interfaces-modules		
SM-EC-3DES=	^Service Module for 168-bit DES Encryption, Spare	FirePOWER 7000 Appliances	module	pending_plan								move interfaces-modules		
SM-EC-DES	Service Module for 56-bit DES Encryption	FirePOWER 7000 Appliances	module	pending_plan								move interfaces-modules		
SMA-HD-600GB-	SMA 600 GB HD for M1070	Secure Email and Web Manager	drive	layered	Secure Email and Web		Security Management Appliance (SMA)	sku ^SMA-						
SMA-HD-600GB=	SMA 600 GB HD for M1070	Secure Email and Web Manager	drive	layered	Secure Email and Web		Security Management Appliance (SMA)	sku ^SMA-						
SMA-M1070-FI-K9	SMA M1070 Security Management Appliance with 2GE Fiber	Secure Web Appliance	management	layered	Secure Email and Web		Security Management Appliance (SMA)	sku ^SMA-						
SMA-M1070-FPLT	SMA Locking Faceplate for M1070	Secure Email and Web Manager	mechanical	layered	Secure Email and Web		Security Management Appliance (SMA)	sku ^SMA-						
SMA-M1070-FPLT=	SMA Locking Faceplate for M1070	Secure Email and Web Manager	mechanical	layered	Secure Email and Web		Security Management Appliance (SMA)	sku ^SMA-						
SMA-M1070-K9	SMA M1070 Security Management Appliance with Software	Secure Web Appliance	management	layered	Secure Email and Web		Security Management Appliance (SMA)	sku ^SMA-						
SMA-M1070-NT-K9	SMA M1070 Security Management Appliance for China	Secure Web Appliance	management	layered	Secure Email and Web		Security Management Appliance (SMA)	sku ^SMA-						
SMA-M170-K9	SMA M170 Security Management Appliance with Software	Secure Web Appliance	management	layered	Secure Email and Web		Security Management Appliance (SMA)	sku ^SMA-						
SMA-M190-K9	SMA M190 Security Management Appliance with Software	Email Security Appliance	management	layered	Secure Email and Web		Security Management Appliance (SMA)	sku ^SMA-						
SMA-M195-K9	SMA M195 Security Management Appliance	Email Security Appliance	management	layered	Secure Email and Web		Security Management Appliance (SMA)	sku ^SMA-						
SMA-M195-PR-BUN	Cisco SMA M195 Security Management Promotion Bundle	Email Security Appliance	management	layered	Secure Email and Web		Security Management Appliance (SMA)	sku ^SMA-						
SMA-M195/190-K9	Cisco M195/190 (for organizations of up to 1000 users)	Secure Web Appliance	management	layered	Secure Email and Web		Security Management Appliance (SMA)	sku ^SMA-						
SMA-M380-K9	SMA M380 Security Management Appliance with Software	Secure Web Appliance	management	layered	Secure Email and Web		Security Management Appliance (SMA)	sku ^SMA-						
SMA-M390-K9	SMA M390 Security Management Appliance with Software	Email Security Appliance	management	layered	Secure Email and Web		Security Management Appliance (SMA)	sku ^SMA-						
SMA-M390X-K9	SMA M390 Security Mgmnt Appliance with Extended HDD	Email Security Appliance	management	layered	Secure Email and Web		Security Management Appliance (SMA)	sku ^SMA-						
SMA-M395-K9	SMA M395 Security Management Appliance	Email Security Appliance	management	layered	Secure Email and Web		Security Management Appliance (SMA)	sku ^SMA-						
SMA-M395-PR-BUN	Cisco SMA M195 Security Management Promotion Bundle	Email Security Appliance	management	layered	Secure Email and Web		Security Management Appliance (SMA)	sku ^SMA-						
SMA-M395/390-K9	Cisco M395/390 (for organizations of up to 10,000 users)	Secure Web Appliance	management	layered	Secure Email and Web		Security Management Appliance (SMA)	sku ^SMA-						
SMA-M670-K9	SMA M670 Security Management Appliance with Software	Secure Web Appliance	management	layered	Secure Email and Web		Security Management Appliance (SMA)	sku ^SMA-						
SMA-M680-10G-K9	SMA M680 Security Management with 10GE Fiber interfaces	Secure Web Appliance	management	layered	Secure Email and Web		Security Management Appliance (SMA)	sku ^SMA-						
SMA-M680-10G-LF-K9	SMA M680 Security Management with 10GE Fiber and locking FP	Secure Web Appliance	management	layered	Secure Email and Web		Security Management Appliance (SMA)	sku ^SMA-						
SMA-M680-1G-K9	SMA M680 Security Management with 1GE Fiber interface	Secure Web Appliance	management	layered	Secure Email and Web		Security Management Appliance (SMA)	sku ^SMA-						
SMA-M680-1G-LF-K9	SMA M680 Security Management with 1GE Fiber and locking FP	Secure Web Appliance	management	layered	Secure Email and Web		Security Management Appliance (SMA)	sku ^SMA-						
SMA-M680-K9	SMA M680 Security Management Appliance with Software	Secure Web Appliance	management	layered	Secure Email and Web		Security Management Appliance (SMA)	sku ^SMA-						
SMA-M680-KEY=	Replacement Key for SMA M680 locking faceplate appliance	Secure Email and Web Manager	management	layered	Secure Email and Web		Security Management Appliance (SMA)	sku ^SMA-						
SMA-M680-LKFP-K9	SMA M680 Security Management Appl. with Locking Faceplate	Secure Web Appliance	management	layered	Secure Email and Web		Security Management Appliance (SMA)	sku ^SMA-						
SMA-M690-10G-K9	SMA M690 Security Management with 10 GE Fiber interfaces	Email Security Appliance	management	layered	Secure Email and Web		Security Management Appliance (SMA)	sku ^SMA-						
SMA-M690-1G-K9	SMA M690 Security Management with 1GE Fiber interfaces	Email Security Appliance	management	layered	Secure Email and Web		Security Management Appliance (SMA)	sku ^SMA-						
SMA-M690-K9	SMA M690 Security Management Appliance with Software	Email Security Appliance	management	layered	Secure Email and Web		Security Management Appliance (SMA)	sku ^SMA-						
SMA-M690X-K9	SMA M690 Security Mgmnt Appliance with Extended HDD	Email Security Appliance	management	layered	Secure Email and Web		Security Management Appliance (SMA)	sku ^SMA-						
SMA-M695-K9	SMA M695 Security Management Appliance	Email Security Appliance	management	layered	Secure Email and Web		Security Management Appliance (SMA)	sku ^SMA-						
SMA-M695-PR-BUN	Cisco SMA M695 Security Management Promotion Bundle	Email Security Appliance	management	layered	Secure Email and Web		Security Management Appliance (SMA)	sku ^SMA-						
SMA-M695/690-K9	Cisco M695/690 (for organizations of more than 10,000 users)	Secure Web Appliance	management	layered	Secure Email and Web		Security Management Appliance (SMA)	sku ^SMA-						
SMA-M695F-K9	SMA M695 Fiber Security Management Appliance	Email Security Appliance	management	layered	Secure Email and Web		Security Management Appliance (SMA)	sku ^SMA-						
SMA-M695F-PR-BUN	Cisco SMA M695F Fiber Security Management Promotion Bundle	Email Security Appliance	management	layered	Secure Email and Web		Security Management Appliance (SMA)	sku ^SMA-						
SMA-M695FCHAS-K9	SMA M695 Fiber Chassis Security Management Appliance	Email Security Appliance	management	layered	Secure Email and Web		Security Management Appliance (SMA)	sku ^SMA-						
SMA-STD-FPLT	Standard Mechanical Faceplate for M1070	Secure Email and Web Manager	mechanical	layered	Secure Email and Web		Security Management Appliance (SMA)	sku ^SMA-						
SNS-3415-K9	Small Secure Network Server for ISE, NAC, & ACS Applications	Identity Services Engine	identity	layered	Identity Services Engine		Secure Network Server (SNS) appliances	sku ^SNS-						
SNS-3415-K9-CHAS	Service Chassis for SNS-3415-K9: No PS or HDD	Identity Services Engine	identity	layered	Identity Services Engine		Secure Network Server (SNS) appliances	sku ^SNS-						
SNS-3415-M-ISE-K9	SNS 3415 Migration Server: Loaded with ISE Software	Identity Services Engine	identity	layered	Identity Services Engine		Secure Network Server (SNS) appliances	sku ^SNS-						
SNS-3415-M-NAC-K9	SNS 3415 Migration Server: Loaded with NAC Software	Identity Services Engine	identity	layered	Identity Services Engine		Secure Network Server (SNS) appliances	sku ^SNS-						
SNS-3495-K9	Large Secure Server for ISE, ACS and NAC Applications	Identity Services Engine	identity	layered	Identity Services Engine		Secure Network Server (SNS) appliances	sku ^SNS-						
SNS-3495-K9-CHAS	Service Chassis for SNS-3495-K9: No PS or HDD	Identity Services Engine	identity	layered	Identity Services Engine		Secure Network Server (SNS) appliances	sku ^SNS-						
SNS-3495-M-ISE-K9	SNS 3495 Migration Server: Loaded with ISE Software	Identity Services Engine	identity	layered	Identity Services Engine		Secure Network Server (SNS) appliances	sku ^SNS-						
SNS-3495-M-NAC-K9	SNS 3495 Migration Server: Loaded with NAC Software	Identity Services Engine	identity	layered	Identity Services Engine		Secure Network Server (SNS) appliances	sku ^SNS-						
SNS-3515-ACS-K9-CH	ACS Service Chassis for SNS-3515-ACS-K9: No PS or HDD	Identity Services Engine	identity	layered	Identity Services Engine		Secure Network Server (SNS) appliances	sku ^SNS-						
SNS-3515-K9	Small Secure Network Server for ISE Applications	Identity Services Engine	identity	layered	Identity Services Engine		Secure Network Server (SNS) appliances	sku ^SNS-						
SNS-3515-K9-CHAS	Service Chassis for SNS-3515-K9: No PS or HDD	Identity Services Engine	identity	layered	Identity Services Engine		Secure Network Server (SNS) appliances	sku ^SNS-						
SNS-3595-ACS-K9-CH	ACS Service Chassis for SNS-3595-ACS-K9: No PS or HDD	Identity Services Engine	identity	layered	Identity Services Engine		Secure Network Server (SNS) appliances	sku ^SNS-						
SNS-3595-K9	Large Secure Server for ISE Applications	Identity Services Engine	identity	layered	Identity Services Engine		Secure Network Server (SNS) appliances	sku ^SNS-						
SNS-3595-K9-CHAS	Service Chassis for SNS-3595-K9: No PS or HDD	Identity Services Engine	identity	layered	Identity Services Engine		Secure Network Server (SNS) appliances	sku ^SNS-						
SNS-3615-K9	Small Secure Network Server for ISE Applications	Identity Services Engine	identity	layered	Identity Services Engine		Secure Network Server (SNS) appliances	sku ^SNS-						
SNS-3615-K9-CHAS	Small Secure Network Server Chassis for ISE Applications	Identity Services Engine	identity	layered	Identity Services Engine		Secure Network Server (SNS) appliances	sku ^SNS-						
SNS-3655-K9	Medium Secure Network Server for ISE Applications	Identity Services Engine	identity	layered	Identity Services Engine		Secure Network Server (SNS) appliances	sku ^SNS-						
SNS-3655-K9-CHAS	Medium Secure Network Server Chassis for ISE Applications	Identity Services Engine	identity	layered	Identity Services Engine		Secure Network Server (SNS) appliances	sku ^SNS-						
SNS-3695-K9	Large Secure Network Server for ISE Applications	Identity Services Engine	identity	layered	Identity Services Engine		Secure Network Server (SNS) appliances	sku ^SNS-						
SNS-3695-K9-CHAS	Large Secure Network Server Chassis for ISE Applications	Identity Services Engine	identity	layered	Identity Services Engine		Secure Network Server (SNS) appliances	sku ^SNS-						
SNS-3715-K9	Secure Network Server for ISE applications (small)	Identity Services Engine	identity	layered	Identity Services Engine		Secure Network Server (SNS) appliances	sku ^SNS-						
SNS-3715-K9-CHAS	Small Secure Network Server Chassis for ISE Applications	Identity Services Engine	identity	layered	Identity Services Engine		Secure Network Server (SNS) appliances	sku ^SNS-						
SNS-3755-K9	Secure Network Server for ISE applications (medium)	Identity Services Engine	identity	layered	Identity Services Engine		Secure Network Server (SNS) appliances	sku ^SNS-						
SNS-3755-K9-CHAS	Medium Secure Network Server Chassis for ISE Applications	Identity Services Engine	identity	layered	Identity Services Engine		Secure Network Server (SNS) appliances	sku ^SNS-						
SNS-3795-K9	Secure Network Server for ISE applications (large)	Identity Services Engine	identity	layered	Identity Services Engine		Secure Network Server (SNS) appliances	sku ^SNS-						
SNS-3795-K9-CHAS	Large Secure Network Server Chassis for ISE Applications	Identity Services Engine	identity	layered	Identity Services Engine		Secure Network Server (SNS) appliances	sku ^SNS-						
SNS-3815-K9	Secure Network Server for ISE applications (small)	Identity Services Engine	identity	layered	Identity Services Engine		Secure Network Server (SNS) appliances	sku ^SNS-						
SNS-3815-K9-CHAS	Cisco SNS-3815-K9-CHAS	Identity Services Engine	identity	layered	Identity Services Engine		Secure Network Server (SNS) appliances	sku ^SNS-						
SNS-3855-K9	Secure Network Server for ISE applications (medium). For PSN only, please change number of disks from 4 to 1	Identity Services Engine	identity	layered	Identity Services Engine		Secure Network Server (SNS) appliances	sku ^SNS-						
SNS-3855-K9-CHAS	Cisco SNS-3855-K9-CHAS	Identity Services Engine	identity	layered	Identity Services Engine		Secure Network Server (SNS) appliances	sku ^SNS-						
SNS-3895-K9	Secure Network Server for ISE applications (large)	Identity Services Engine	identity	layered	Identity Services Engine		Secure Network Server (SNS) appliances	sku ^SNS-						
SNS-3895-K9-CHAS	Cisco SNS-3895-K9-CHAS	Identity Services Engine	identity	layered	Identity Services Engine		Secure Network Server (SNS) appliances	sku ^SNS-						
SNS-4GBSR-1X041RY	4GB 1600 Mhz Memory Module	Identity Services Engine	memory	layered	Identity Services Engine		Secure Network Server (SNS) appliances	sku ^SNS-						
SNS-600GB-HDD	600 GB Hard Disk Drive	Identity Services Engine	drive	layered	Identity Services Engine		Secure Network Server (SNS) appliances	sku ^SNS-						
SNS-650W-PSU	650W power supply for C-series rack servers + cord (configur	Identity Services Engine	power	layered	Identity Services Engine		Secure Network Server (SNS) appliances	sku ^SNS-						
SNS-A03-D600GA2	600GB SAS 10K RPM HDD	Identity Services Engine	drive	layered	Identity Services Engine		Secure Network Server (SNS) appliances	sku ^SNS-						
SNS-CPU-2609-E5	2.4 GHz E5-2609/80W 4C/10MB Cache/DDR3 1600MHz	Identity Services Engine	cpu	layered	Identity Services Engine		Secure Network Server (SNS) appliances	sku ^SNS-						
SNS-CPU-4110	2.1 GHz 4110/85W 8C/11MB Cache/DDR4 2400MHz	Identity Services Engine	cpu	layered	Identity Services Engine		Secure Network Server (SNS) appliances	sku ^SNS-						
SNS-CPU-4116	2.1 GHz 4116/85W 12C/16.50MB Cache/DDR4 2400MHz	Identity Services Engine	cpu	layered	Identity Services Engine		Secure Network Server (SNS) appliances	sku ^SNS-						
SNS-CPU-E52620D	Cisco SNS-CPU-E52620D	Identity Services Engine	cpu	layered	Identity Services Engine		Secure Network Server (SNS) appliances	sku ^SNS-						
SNS-CPU-E52640D	2.60 GHz E5-2640 v3/90W 8C/20MB Cache/DDR4 1866MHz	Identity Services Engine	cpu	layered	Identity Services Engine		Secure Network Server (SNS) appliances	sku ^SNS-						
SNS-CPU-I4310	Intel 4310 2.1GHz/120W 12C/18MB DDR4 2667MHz	Identity Services Engine	cpu	layered	Identity Services Engine		Secure Network Server (SNS) appliances	sku ^SNS-						
SNS-CPU-I4316	Intel 4316 2.3GHz/150W 20C/30MB DDR4 2667MHz	Identity Services Engine	cpu	layered	Identity Services Engine		Secure Network Server (SNS) appliances	sku ^SNS-						
SNS-HD600G10K12G	600GB SAS 10K RPM HDD	Identity Services Engine	drive	layered	Identity Services Engine		Secure Network Server (SNS) appliances	sku ^SNS-						
SNS-HD600G10K12N	600GB 12G SAS 10K RPM SFF HDD	Identity Services Engine	drive	layered	Identity Services Engine		Secure Network Server (SNS) appliances	sku ^SNS-						
SNS-HD600G10K12NM6	600GB 12G SAS 10K RPM SFF HDD	Identity Services Engine	drive	layered	Identity Services Engine		Secure Network Server (SNS) appliances	sku ^SNS-						
SNS-ML-X32G2RS-H	32GB DDR4-2666-MHz LRDIMM/PC4-21300/dual rank/x4/1.2v	Identity Services Engine	memory	layered	Identity Services Engine		Secure Network Server (SNS) appliances	sku ^SNS-						
SNS-MLOM-IRJ45	MLOM Intel -Quad Port 1Gb RJ45	Identity Services Engine	nic	layered	Identity Services Engine		Secure Network Server (SNS) appliances	sku ^SNS-						
SNS-MR-1X081RU-A	8GB DDR4-2133 Mhz Memory Module	Identity Services Engine	memory	layered	Identity Services Engine		Secure Network Server (SNS) appliances	sku ^SNS-						
SNS-MR-1X081RV-A	8GB DDR4-2400	Identity Services Engine	memory	layered	Identity Services Engine		Secure Network Server (SNS) appliances	sku ^SNS-						
SNS-MR-1X161RV-A	16GB DDR4-2400	Identity Services Engine	memory	layered	Identity Services Engine		Secure Network Server (SNS) appliances	sku ^SNS-						
SNS-MR-X16G1RS-H	16GB DDR4-2666-MHz RDIMM/PC4-21300/single rank/x4/1.2v	Identity Services Engine	memory	layered	Identity Services Engine		Secure Network Server (SNS) appliances	sku ^SNS-						
SNS-MR-X16G1RT-H	16GB DDR4-2933-MHz RDIMM/1Rx4/1.2v	Identity Services Engine	memory	layered	Identity Services Engine		Secure Network Server (SNS) appliances	sku ^SNS-						
SNS-MR-X16G1RW	16GB RDIMM SRx4 3200 (8Gb)	Identity Services Engine	memory	layered	Identity Services Engine		Secure Network Server (SNS) appliances	sku ^SNS-						
SNS-MR-X32G2RT-H	32GB DDR4-2933-MHz RDIMM/2Rx4/1.2v	Identity Services Engine	memory	layered	Identity Services Engine		Secure Network Server (SNS) appliances	sku ^SNS-						
SNS-MR-X32G2RW	32GB RDIMM DRx4 3200 (8Gb)	Identity Services Engine	memory	layered	Identity Services Engine		Secure Network Server (SNS) appliances	sku ^SNS-						
SNS-MRAID12G	Avila Cisco 12G SAS Modular Raid Controller	Identity Services Engine	storage-controller	layered	Identity Services Engine		Secure Network Server (SNS) appliances	sku ^SNS-						
SNS-MRAID12G-1GB	1GB FBWC for Cisco 12G SAS Modular RAID	Identity Services Engine	storage-controller	layered	Identity Services Engine		Secure Network Server (SNS) appliances	sku ^SNS-						
SNS-N2XX-ABPCI01	Broadcom 5709 Dual Port 10/100/1Gb NIC w/TOE iSCSI	Identity Services Engine	nic	layered	Identity Services Engine		Secure Network Server (SNS) appliances	sku ^SNS-						
SNS-PCIE-IQ10GF	Intel X710 quad-port 10G SFP+ NIC	Identity Services Engine	nic	layered	Identity Services Engine		Secure Network Server (SNS) appliances	sku ^SNS-						
SNS-PCIE-IRJ45	Intel i350 Quad Port 1Gb Adapter	Identity Services Engine	nic	layered	Identity Services Engine		Secure Network Server (SNS) appliances	sku ^SNS-						
SNS-PSU-M5BLK	Power Supply Blanking Panel for SNS-3700 servers	Identity Services Engine	power	layered	Identity Services Engine		Secure Network Server (SNS) appliances	sku ^SNS-						
SNS-PSU1-1050ELV	Cisco UCS 1050W AC Power Supply for Rack Server Low Line	Identity Services Engine	power	layered	Identity Services Engine		Secure Network Server (SNS) appliances	sku ^SNS-						
SNS-PSU1-1050ELV=	^Cisco UCS 1050W AC Power Supply for Rack Server Low Line	Identity Services Engine	power	layered	Identity Services Engine		Secure Network Server (SNS) appliances	sku ^SNS-						
SNS-PSU1-1050W	1050W power supply	Identity Services Engine	power	layered	Identity Services Engine		Secure Network Server (SNS) appliances	sku ^SNS-						
SNS-PSU1-1200W	1200W Titanium power supply for C-Series Servers	Identity Services Engine	power	layered	Identity Services Engine		Secure Network Server (SNS) appliances	sku ^SNS-						
SNS-PSU1-1200W-2	2nd 1200W Titanium power supply for C-Series Servers	Identity Services Engine	power	layered	Identity Services Engine		Secure Network Server (SNS) appliances	sku ^SNS-						
SNS-PSU1-770W	770W power supply	Identity Services Engine	power	layered	Identity Services Engine		Secure Network Server (SNS) appliances	sku ^SNS-						
SNS-RAID-11-C220	Mezanine RAID for C220	Identity Services Engine	storage-controller	layered	Identity Services Engine		Secure Network Server (SNS) appliances	sku ^SNS-						
SNS-RAID-220M6	Cisco 12G SAS RAID Controller w/4GB FBWC (16 Drv) w/1U Brkt	Identity Services Engine	storage-controller	layered	Identity Services Engine		Secure Network Server (SNS) appliances	sku ^SNS-						
SNS-RAID-M5	Cisco 12G Modular RAID controller with 2GB cache	Identity Services Engine	storage-controller	layered	Identity Services Engine		Secure Network Server (SNS) appliances	sku ^SNS-						
SNS-RAID-ROM5	Embedded SW RAID 0/1/10, 8 ports SAS/SATA	Identity Services Engine	storage-controller	layered	Identity Services Engine		Secure Network Server (SNS) appliances	sku ^SNS-						
SNS-SD800GK3XEP	800GB 2.5in Enter Perf 12G SAS Kioxia G1 SSD (3X)	Identity Services Engine	drive	layered	Identity Services Engine		Secure Network Server (SNS) appliances	sku ^SNS-						
SNS-SD800GS3X-EP	800GB 2.5in Enterprise Performance 12G SAS SSD(3X endurance)	Identity Services Engine	drive	layered	Identity Services Engine		Secure Network Server (SNS) appliances	sku ^SNS-						
SNS-SD960GM2NK9	960GB Enterprise value SATA SSD (1X, SED)	Identity Services Engine	drive	layered	Identity Services Engine		Secure Network Server (SNS) appliances	sku ^SNS-						
SNS-TPM-002C	TPM 2.0, TCG, FIPS140-2, CC EAL4+ Certified, for M6 servers	Identity Services Engine	tpm	layered	Identity Services Engine		Secure Network Server (SNS) appliances	sku ^SNS-						
SNS-UCS-SSL-CATD	Cavium Card	Identity Services Engine	compute	layered	Identity Services Engine		Secure Network Server (SNS) appliances	sku ^SNS-						
SNS-UCS-TPM	Trusted Platform Module for UCS servers	Identity Services Engine	tpm	layered	Identity Services Engine		Secure Network Server (SNS) appliances	sku ^SNS-						
SSM-4GE=	Cisco ASA 4-Port Gigabit Ethernet Security Services Module	ASA 5500 Series Next Generation	module	layered	ASA and ISA	(shared across the line)	ASA and ISA shared parts	label ASA 5500 Series Next Generation						
SSP-10	Cisco SSP-10	ASA	security-module	layered	ASA and ISA	(shared across the line)	ASA and ISA shared parts	label ASA						
SSP-20	Cisco SSP-20	ASA	security-module	layered	ASA and ISA	(shared across the line)	ASA and ISA shared parts	label ASA						
SSP-40	Cisco SSP-40	ASA	security-module	layered	ASA and ISA	(shared across the line)	ASA and ISA shared parts	label ASA						
SSP-60	Cisco SSP-60	ASA	security-module	layered	ASA and ISA	(shared across the line)	ASA and ISA shared parts	label ASA						
ST-10G-NIC-2FI	Cisco Stealthwatch X520 Dual Port 10G Base-SFP+ NIC	UDP Director	nic	layered	Secure Network Analytics (Stealthwatch)	(shared across the line)	Secure Network Analytics (Stealthwatch) shared parts	sku ^ST-						
ST-10G-NIC-4FI	Cisco Stealthwatch Accelerated 4x10G SFP+ NIC	UDP Director	nic	layered	Secure Network Analytics (Stealthwatch)	(shared across the line)	Secure Network Analytics (Stealthwatch) shared parts	sku ^ST-						
ST-1G-NIC-2FI	Cisco Stealthwatch i350 Dual Port 1G Fiber NIC with SX SFP's	UDP Director	nic	layered	Secure Network Analytics (Stealthwatch)	(shared across the line)	Secure Network Analytics (Stealthwatch) shared parts	sku ^ST-						
ST-1G-NIC-4CU	Cisco Stealthwatch i350 Quad Port 1G Copper NIC	UDP Director	nic	layered	Secure Network Analytics (Stealthwatch)	(shared across the line)	Secure Network Analytics (Stealthwatch) shared parts	sku ^ST-						
ST-CPU-E52609E	Cisco Stealthwatch CPU 1.70 GHz E52609 v4 - Cache 8C/20MB	UDP Director	cpu	layered	Secure Network Analytics (Stealthwatch)	(shared across the line)	Secure Network Analytics (Stealthwatch) shared parts	sku ^ST-						
ST-CPU-E52650E	Cisco Stealthwatch CPU 2.20 GHz E52650 v4 - Cache 12C/30MB	UDP Director	cpu	layered	Secure Network Analytics (Stealthwatch)	(shared across the line)	Secure Network Analytics (Stealthwatch) shared parts	sku ^ST-						
ST-CPU-E52680D	Cisco Stealthwatch CPU 2.50 GHz E52680 v3 - Cache 12C/30MB	UDP Director	cpu	layered	Secure Network Analytics (Stealthwatch)	(shared across the line)	Secure Network Analytics (Stealthwatch) shared parts	sku ^ST-						
ST-CPU-E52680E	Cisco Stealthwatch CPU 2.40 GHz E52680 v4 - Cache 14C/35MB	UDP Director	cpu	layered	Secure Network Analytics (Stealthwatch)	(shared across the line)	Secure Network Analytics (Stealthwatch) shared parts	sku ^ST-						
ST-CPU-E52695D	Cisco Stealthwatch CPU 2.30 GHz E52695 v3 - Cache 14C/35MB	UDP Director	cpu	layered	Secure Network Analytics (Stealthwatch)	(shared across the line)	Secure Network Analytics (Stealthwatch) shared parts	sku ^ST-						
ST-CPU-E52695E	Cisco Stealthwatch CPU 2.10 GHz E52695 v4 - Cache 18C/45MB	UDP Director	cpu	layered	Secure Network Analytics (Stealthwatch)	(shared across the line)	Secure Network Analytics (Stealthwatch) shared parts	sku ^ST-						
ST-DN6300	Cisco ST-DN6300	Secure Network Analytics	analytics	layered	Secure Network Analytics (Stealthwatch)		Data Store	sku ^ST-DN						
ST-DN6300-CHAS-K9	Cisco Secure Network Analytics Data Store 6300 - RMA	Secure Network Analytics	analytics	layered	Secure Network Analytics (Stealthwatch)		Data Store	sku ^ST-DN						
ST-DN6300-K9	Cisco Secure Network Analytics Data Node 6300	Secure Network Analytics	analytics	layered	Secure Network Analytics (Stealthwatch)		Data Store	sku ^ST-DN						
ST-DN6400-CHAS-K9	Cisco ST-DN6400-CHAS-K9	Secure Network Analytics	analytics	layered	Secure Network Analytics (Stealthwatch)		Data Store	sku ^ST-DN						
ST-DN6400-K9	Cisco ST-DN6400-K9	Secure Network Analytics	analytics	layered	Secure Network Analytics (Stealthwatch)		Data Store	sku ^ST-DN						
ST-DS6200	Cisco ST-DS6200	Secure Network Analytics	analytics	layered	Secure Network Analytics (Stealthwatch)		Data Store	sku ^ST-DS						
ST-DS6200-1D-CH-K9	Cisco Stealthwatch Data Store 6210 - RMA	UDP Director	analytics	layered	Secure Network Analytics (Stealthwatch)		Data Store	sku ^ST-DS						
ST-DS6200-1D-K9=	Cisco Stealthwatch Data Store 6200 - Single Database Node	UDP Director	analytics	layered	Secure Network Analytics (Stealthwatch)		Data Store	sku ^ST-DS						
ST-DS6200-D1-K9	Cisco ST-DS6200-D1-K9	Secure Network Analytics	analytics	layered	Secure Network Analytics (Stealthwatch)		Data Store	sku ^ST-DS						
ST-DS6200-K9	Cisco Stealthwatch Data Store 6200	UDP Director	analytics	layered	Secure Network Analytics (Stealthwatch)		Data Store	sku ^ST-DS						
ST-FC-PCI-1B-240M4	Cisco Stealthwatch Right PCIe Riser Board (3 x8) 6 PCI Slots	UDP Director	compute	layered	Secure Network Analytics (Stealthwatch)		Flow Collector	sku ^ST-FC						
ST-FC4200-CHAS-K9	Cisco Stealthwatch Flow Collector 4200 - RMA	UDP Director	analytics	layered	Secure Network Analytics (Stealthwatch)		Flow Collector	sku ^ST-FC						
ST-FC4200-K9	Cisco Stealthwatch Flow Collector 4200	UDP Director	analytics	layered	Secure Network Analytics (Stealthwatch)		Flow Collector	sku ^ST-FC						
ST-FC4210-CHAS-K9	Cisco Stealthwatch Flow Collector 4210 - RMA	UDP Director	analytics	layered	Secure Network Analytics (Stealthwatch)		Flow Collector	sku ^ST-FC						
ST-FC4210-K9	Cisco Stealthwatch Flow Collector 4210	UDP Director	analytics	layered	Secure Network Analytics (Stealthwatch)		Flow Collector	sku ^ST-FC						
ST-FC4300-CHAS-K9	Cisco Secure Network Analytics Flow Collector 4300 - RMA	Secure Network Analytics	analytics	layered	Secure Network Analytics (Stealthwatch)		Flow Collector	sku ^ST-FC						
ST-FC4300-K9	Cisco Secure Network Analytics Flow Collector 4300	Secure Network Analytics	analytics	layered	Secure Network Analytics (Stealthwatch)		Flow Collector	sku ^ST-FC						
ST-FC4400-CHAS-K9	Cisco ST-FC4400-CHAS-K9	Secure Network Analytics	analytics	layered	Secure Network Analytics (Stealthwatch)		Flow Collector	sku ^ST-FC						
ST-FC4400-K9	Cisco ST-FC4400-K9	Secure Network Analytics	analytics	layered	Secure Network Analytics (Stealthwatch)		Flow Collector	sku ^ST-FC						
ST-FC5200-K9	Cisco Stealthwatch Flow Collector 5200	UDP Director	analytics	layered	Secure Network Analytics (Stealthwatch)		Flow Collector	sku ^ST-FC						
ST-FC5200D-CHAS-K9	Cisco Stealthwatch Flow Collector 5200 - Database - RMA	UDP Director	analytics	layered	Secure Network Analytics (Stealthwatch)		Flow Collector	sku ^ST-FC						
ST-FC5200E-CHAS-K9	Cisco Stealthwatch Flow Collector 5200 - Engine - RMA	UDP Director	analytics	layered	Secure Network Analytics (Stealthwatch)		Flow Collector	sku ^ST-FC						
ST-FC5210-K9	Cisco Stealthwatch Flow Collector 5210	UDP Director	analytics	layered	Secure Network Analytics (Stealthwatch)		Flow Collector	sku ^ST-FC						
ST-FC5210D-CHAS-K9	Cisco Stealthwatch Flow Collector 5210 - Database - RMA	UDP Director	analytics	layered	Secure Network Analytics (Stealthwatch)		Flow Collector	sku ^ST-FC						
ST-FC5210E-CHAS-K9	Cisco Stealthwatch Flow Collector 5210 - Engine - RMA	UDP Director	analytics	layered	Secure Network Analytics (Stealthwatch)		Flow Collector	sku ^ST-FC						
ST-FS1200-CHAS-K9	Cisco Stealthwatch Flow Sensor 1200 - RMA	UDP Director	analytics	layered	Secure Network Analytics (Stealthwatch)		Flow Sensor	sku ^ST-FS						
ST-FS1200-K9	Cisco Stealthwatch Flow Sensor 1200	UDP Director	analytics	layered	Secure Network Analytics (Stealthwatch)		Flow Sensor	sku ^ST-FS						
ST-FS1210-CHAS-K9	Cisco Stealthwatch Flow Sensor 1210 - RMA	UDP Director	analytics	layered	Secure Network Analytics (Stealthwatch)		Flow Sensor	sku ^ST-FS						
ST-FS1210-K9	Cisco Stealthwatch Flow Sensor 1210	UDP Director	analytics	layered	Secure Network Analytics (Stealthwatch)		Flow Sensor	sku ^ST-FS						
ST-FS1300-CHAS-K9	Cisco Secure Network Analytics Flow Sensor 1300 - RMA	Secure Network Analytics	analytics	layered	Secure Network Analytics (Stealthwatch)		Flow Sensor	sku ^ST-FS						
ST-FS1300-K9	Cisco Secure Network Analytics- Flow Sensor 1300	Secure Network Analytics	analytics	layered	Secure Network Analytics (Stealthwatch)		Flow Sensor	sku ^ST-FS						
ST-FS1400-CHAS-K9	Cisco ST-FS1400-CHAS-K9	Secure Network Analytics	analytics	layered	Secure Network Analytics (Stealthwatch)		Flow Sensor	sku ^ST-FS						
ST-FS1400-K9	Cisco ST-FS1400-K9	Secure Network Analytics	analytics	layered	Secure Network Analytics (Stealthwatch)		Flow Sensor	sku ^ST-FS						
ST-FS2200-CHAS-K9	Cisco Stealthwatch Flow Sensor 2200 - RMA	UDP Director	analytics	layered	Secure Network Analytics (Stealthwatch)		Flow Sensor	sku ^ST-FS						
ST-FS2200-K9	Cisco Stealthwatch Flow Sensor 2200	UDP Director	analytics	layered	Secure Network Analytics (Stealthwatch)		Flow Sensor	sku ^ST-FS						
ST-FS3200-CHAS-K9	Cisco Stealthwatch Flow Sensor 3200 - RMA	UDP Director	analytics	layered	Secure Network Analytics (Stealthwatch)		Flow Sensor	sku ^ST-FS						
ST-FS3200-K9	Cisco Stealthwatch Flow Sensor 3200	UDP Director	analytics	layered	Secure Network Analytics (Stealthwatch)		Flow Sensor	sku ^ST-FS						
ST-FS3210-CHAS-K9	Cisco Stealthwatch Flow Sensor 3210 - RMA	UDP Director	analytics	layered	Secure Network Analytics (Stealthwatch)		Flow Sensor	sku ^ST-FS						
ST-FS3210-K9	Cisco Stealthwatch Flow Sensor 3210	UDP Director	analytics	layered	Secure Network Analytics (Stealthwatch)		Flow Sensor	sku ^ST-FS						
ST-FS3300-CHAS-K9	Cisco Secure Network Analytics Flow Sensor 3300 - RMA	Secure Network Analytics	analytics	layered	Secure Network Analytics (Stealthwatch)		Flow Sensor	sku ^ST-FS						
ST-FS3300-K9	Cisco Secure Network Analytics Flow Sensor 3300	Secure Network Analytics	analytics	layered	Secure Network Analytics (Stealthwatch)		Flow Sensor	sku ^ST-FS						
ST-FS3400-CHAS-K9	Cisco ST-FS3400-CHAS-K9	Secure Network Analytics	analytics	layered	Secure Network Analytics (Stealthwatch)		Flow Sensor	sku ^ST-FS						
ST-FS3400-K9	Cisco ST-FS3400-K9	Secure Network Analytics	analytics	layered	Secure Network Analytics (Stealthwatch)		Flow Sensor	sku ^ST-FS						
ST-FS4200-CHAS-K9	Cisco Stealthwatch Flow Sensor 4200 - RMA	UDP Director	analytics	layered	Secure Network Analytics (Stealthwatch)		Flow Sensor	sku ^ST-FS						
ST-FS4200-K9	Cisco Stealthwatch Flow Sensor 4200	UDP Director	analytics	layered	Secure Network Analytics (Stealthwatch)		Flow Sensor	sku ^ST-FS						
ST-FS4210-CHAS-K9	Cisco Stealthwatch Flow Sensor 4210 - RMA	Flow Sensor	analytics	layered	Secure Network Analytics (Stealthwatch)		Flow Sensor	sku ^ST-FS						
ST-FS4210-K9	Cisco Stealthwatch Flow Sensor 4210	Flow Sensor	analytics	layered	Secure Network Analytics (Stealthwatch)		Flow Sensor	sku ^ST-FS						
ST-FS4240-CHAS-K9	Cisco Stealthwatch Flow Sensor 4240	UDP Director	analytics	layered	Secure Network Analytics (Stealthwatch)		Flow Sensor	sku ^ST-FS						
ST-FS4240-K9	Cisco Stealthwatch Flow Sensor 4240	UDP Director	analytics	layered	Secure Network Analytics (Stealthwatch)		Flow Sensor	sku ^ST-FS						
ST-FS4300-CHAS-K9	Cisco Secure Network Analytics Flow Sensor 4300-RMA	Secure Network Analytics	analytics	layered	Secure Network Analytics (Stealthwatch)		Flow Sensor	sku ^ST-FS						
ST-FS4300-K9	Cisco Secure Network Analytics Flow Sensor 4300	Secure Network Analytics	analytics	layered	Secure Network Analytics (Stealthwatch)		Flow Sensor	sku ^ST-FS						
ST-FS4400-CHAS-K9	Cisco ST-FS4400-CHAS-K9	Secure Network Analytics	analytics	layered	Secure Network Analytics (Stealthwatch)		Flow Sensor	sku ^ST-FS						
ST-FS4400-K9	Cisco ST-FS4400-K9	Secure Network Analytics	analytics	layered	Secure Network Analytics (Stealthwatch)		Flow Sensor	sku ^ST-FS						
ST-HDD-1.2TB	Cisco Stealthwatch 1.2 TB 12G SAS 10K RPM SFF HDD	UDP Director	drive	layered	Secure Network Analytics (Stealthwatch)	(shared across the line)	Secure Network Analytics (Stealthwatch) shared parts	sku ^ST-						
ST-HDD-1.2TB=	Cisco Stealthwatch 1.2 TB 12G SAS 10K RPM SFF HDD	UDP Director	drive	layered	Secure Network Analytics (Stealthwatch)	(shared across the line)	Secure Network Analytics (Stealthwatch) shared parts	sku ^ST-						
ST-HDD-300GB	Cisco Stealthwatch 300 GB 12G SAS 10K RPM SFF HDD	UDP Director	drive	layered	Secure Network Analytics (Stealthwatch)	(shared across the line)	Secure Network Analytics (Stealthwatch) shared parts	sku ^ST-						
ST-HDD-300GB=	Cisco Stealthwatch 300 GB 12G SAS 10K RPM SFF HDD	UDP Director	drive	layered	Secure Network Analytics (Stealthwatch)	(shared across the line)	Secure Network Analytics (Stealthwatch) shared parts	sku ^ST-						
ST-M5-10G-4FI	Cisco Stealthwatch Accelerated 4x10G SFP+ NIC	Flow Sensor	nic	layered	Secure Network Analytics (Stealthwatch)	(shared across the line)	Secure Network Analytics (Stealthwatch) shared parts	sku ^ST-						
ST-M5-HDD-1.2TB	Cisco Stealthwatch 1.2 TB 12G SAS 10K RPM SFF HDD	UDP Director	drive	layered	Secure Network Analytics (Stealthwatch)	(shared across the line)	Secure Network Analytics (Stealthwatch) shared parts	sku ^ST-						
ST-M5-HDD-1.2TB=	Cisco Stealthwatch 1.2 TB 12G SAS 10K RPM SFF HDD	Secure Network Analytics	drive	layered	Secure Network Analytics (Stealthwatch)	(shared across the line)	Secure Network Analytics (Stealthwatch) shared parts	sku ^ST-						
ST-M5-HDD-600GB	Cisco Stealthwatch 600 GB 12G SAS 10K RPM SFF HDD	UDP Director	drive	layered	Secure Network Analytics (Stealthwatch)	(shared across the line)	Secure Network Analytics (Stealthwatch) shared parts	sku ^ST-						
ST-M5-HDD-600GB=	Cisco Stealthwatch 600 GB 12G SAS 10K RPM SFF HDD	Secure Network Analytics	drive	layered	Secure Network Analytics (Stealthwatch)	(shared across the line)	Secure Network Analytics (Stealthwatch) shared parts	sku ^ST-						
ST-M5-PWR-AC-1050	Cisco Stealthwatch AC Power Supply 1050W	UDP Director	power	layered	Secure Network Analytics (Stealthwatch)	(shared across the line)	Secure Network Analytics (Stealthwatch) shared parts	sku ^ST-						
ST-M5-PWR-AC-1050=	Cisco Stealthwatch AC Power Supply 1050W	Secure Network Analytics	power	layered	Secure Network Analytics (Stealthwatch)	(shared across the line)	Secure Network Analytics (Stealthwatch) shared parts	sku ^ST-						
ST-M5-PWR-AC-770W	Cisco Stealthwatch AC Power Supply 770W	UDP Director	power	layered	Secure Network Analytics (Stealthwatch)	(shared across the line)	Secure Network Analytics (Stealthwatch) shared parts	sku ^ST-						
ST-M5-PWR-AC-770W=	Cisco Stealthwatch AC Power Supply 770W	Secure Network Analytics	power	layered	Secure Network Analytics (Stealthwatch)	(shared across the line)	Secure Network Analytics (Stealthwatch) shared parts	sku ^ST-						
ST-M6-10G-NIC	Cisco SNA X710-DA2 dual-port 10G SFP+ NIC	Secure Network Analytics	nic	layered	Secure Network Analytics (Stealthwatch)	(shared across the line)	Secure Network Analytics (Stealthwatch) shared parts	sku ^ST-						
ST-M6-240GB-SATA	Cisco SNA 240GB SATA M.2	Secure Network Analytics	drive	layered	Secure Network Analytics (Stealthwatch)	(shared across the line)	Secure Network Analytics (Stealthwatch) shared parts	sku ^ST-						
ST-M6-240GB-SATAM2	Cisco SNA 240GB SATA M.2	Secure Network Analytics	drive	layered	Secure Network Analytics (Stealthwatch)	(shared across the line)	Secure Network Analytics (Stealthwatch) shared parts	sku ^ST-						
ST-M6-AD-245	Cisco SNA C245M6 PCIe Air Duct for PCIe Cards (regular use)	Secure Network Analytics	mechanical	layered	Secure Network Analytics (Stealthwatch)	(shared across the line)	Secure Network Analytics (Stealthwatch) shared parts	sku ^ST-						
ST-M6-CPU-A7252	Cisco SNA AMD 3.1GHz 7252 120W 8C/64MB Cache DDR4 3200MHz	Secure Network Analytics	cpu	layered	Secure Network Analytics (Stealthwatch)	(shared across the line)	Secure Network Analytics (Stealthwatch) shared parts	sku ^ST-						
ST-M6-CPU-A7313	Cisco SNA AMD 3.0GHz 7313 155W 16C/128MB Cache DDR4 3200Mhz	Secure Network Analytics	cpu	layered	Secure Network Analytics (Stealthwatch)	(shared across the line)	Secure Network Analytics (Stealthwatch) shared parts	sku ^ST-						
ST-M6-CPU-A7443	Cisco SNA AMD 2.85GHz 7443 200W 24C/128MB Cache DDR4 3200Mhz	Secure Network Analytics	cpu	layered	Secure Network Analytics (Stealthwatch)	(shared across the line)	Secure Network Analytics (Stealthwatch) shared parts	sku ^ST-						
ST-M6-CPU-A7453	Cisco SNA CPU AMD 2.75GHz 7453 225W 28C/64MB Cache DDR4 3200	Secure Network Analytics	cpu	layered	Secure Network Analytics (Stealthwatch)	(shared across the line)	Secure Network Analytics (Stealthwatch) shared parts	sku ^ST-						
ST-M6-D100GF	Cisco SNA MELLANOX CX-5 MCX516A-CDAT 2x100GbE QSFP PCIe NIC	Secure Network Analytics	drive	layered	Secure Network Analytics (Stealthwatch)	(shared across the line)	Secure Network Analytics (Stealthwatch) shared parts	sku ^ST-						
ST-M6-FBRS3-240	C240 / C245 M6 2U Riser3 Filler Blank	Secure Network Analytics	mechanical	layered	Secure Network Analytics (Stealthwatch)	(shared across the line)	Secure Network Analytics (Stealthwatch) shared parts	sku ^ST-						
ST-M6-HDD-1.2TB	Cisco SNA 1.2TB 12G SAS 10K RPM SFF HDD	Secure Network Analytics	drive	layered	Secure Network Analytics (Stealthwatch)	(shared across the line)	Secure Network Analytics (Stealthwatch) shared parts	sku ^ST-						
ST-M6-HDD-1.8TB	Cisco SNA 1.8TB 12G SAS 10K RPM SFF HDD (4K)	Secure Network Analytics	drive	layered	Secure Network Analytics (Stealthwatch)	(shared across the line)	Secure Network Analytics (Stealthwatch) shared parts	sku ^ST-						
ST-M6-HDD-600GB	Cisco SNA 600GB 12G SAS 10K RPM SFF HDD	Secure Network Analytics	drive	layered	Secure Network Analytics (Stealthwatch)	(shared across the line)	Secure Network Analytics (Stealthwatch) shared parts	sku ^ST-						
ST-M6-HWRAID	Cisco SNA Boot optimized M.2 Raid controller	Secure Network Analytics	storage-controller	layered	Secure Network Analytics (Stealthwatch)	(shared across the line)	Secure Network Analytics (Stealthwatch) shared parts	sku ^ST-						
ST-M6-M2EXT-240	Cisco SNA C240 2U M6 M.2 Extended Board	Secure Network Analytics	compute	layered	Secure Network Analytics (Stealthwatch)	(shared across the line)	Secure Network Analytics (Stealthwatch) shared parts	sku ^ST-						
ST-M6-MEM-16GB	Cisco SNA 16GB RDIMM SRx4 3200 (8Gb)	Secure Network Analytics	memory	layered	Secure Network Analytics (Stealthwatch)	(shared across the line)	Secure Network Analytics (Stealthwatch) shared parts	sku ^ST-						
ST-M6-MEM-32GB	Cisco SNA 32GB DDR4-3200MHz RDIMM/2Rx4/1.2v	Secure Network Analytics	memory	layered	Secure Network Analytics (Stealthwatch)	(shared across the line)	Secure Network Analytics (Stealthwatch) shared parts	sku ^ST-						
ST-M6-PCIE-IQ10GF	Cisco SNA X710 quad-port 10G SFP+NIC	Secure Network Analytics	nic	layered	Secure Network Analytics (Stealthwatch)	(shared across the line)	Secure Network Analytics (Stealthwatch) shared parts	sku ^ST-						
ST-M6-PWR-1050DC	Cisco SNA DC Power Supply 1050W	Secure Network Analytics	power	layered	Secure Network Analytics (Stealthwatch)	(shared across the line)	Secure Network Analytics (Stealthwatch) shared parts	sku ^ST-						
ST-M6-PWR-AC-1050	Cisco SNA AC Power Supply 1050W	Secure Network Analytics	power	layered	Secure Network Analytics (Stealthwatch)	(shared across the line)	Secure Network Analytics (Stealthwatch) shared parts	sku ^ST-						
ST-M6-R2R3-C220	Cisco SNA C220 Riser 2 and Riser 3 Kit	Secure Network Analytics	compute	layered	Secure Network Analytics (Stealthwatch)	(shared across the line)	Secure Network Analytics (Stealthwatch) shared parts	sku ^ST-						
ST-M6-RAID-12G	Cisco SNA 12G SAS Modular Raid Controller	Secure Network Analytics	storage-controller	layered	Secure Network Analytics (Stealthwatch)	(shared across the line)	Secure Network Analytics (Stealthwatch) shared parts	sku ^ST-						
ST-M6-RAID-12G-SD	Cisco SNA M6 12G SAS RAID Controller-4GB FBWC(28 Drives)	Secure Network Analytics	storage-controller	layered	Secure Network Analytics (Stealthwatch)	(shared across the line)	Secure Network Analytics (Stealthwatch) shared parts	sku ^ST-						
ST-M6-RIS1A-240	Cisco SNA C240 M6 Riser1A; (x8;x16x, x8); StBkt; (CPU1)	Secure Network Analytics	compute	layered	Secure Network Analytics (Stealthwatch)	(shared across the line)	Secure Network Analytics (Stealthwatch) shared parts	sku ^ST-						
ST-M6-RIS2A-240	Cisco SNA M6 C240 / C245 Riser2A; (x8;x16;x8);StBkt; (CPU2)	Secure Network Analytics	compute	layered	Secure Network Analytics (Stealthwatch)	(shared across the line)	Secure Network Analytics (Stealthwatch) shared parts	sku ^ST-						
ST-M6-RIS2H-C220	Cisco SNA C220 M6 Riser2 HH x16 LPDkt CPU2	Secure Network Analytics	compute	layered	Secure Network Analytics (Stealthwatch)	(shared across the line)	Secure Network Analytics (Stealthwatch) shared parts	sku ^ST-						
ST-M6-RIS3H-C220	Cisco SNA C220 M6 Riser3 HH 1 x16 LPBkt CPU2	Secure Network Analytics	compute	layered	Secure Network Analytics (Stealthwatch)	(shared across the line)	Secure Network Analytics (Stealthwatch) shared parts	sku ^ST-						
ST-M6-TPM-2.0	Cisco SNA Trusted Platform Module 2.0	Secure Network Analytics	tpm	layered	Secure Network Analytics (Stealthwatch)	(shared across the line)	Secure Network Analytics (Stealthwatch) shared parts	sku ^ST-						
ST-MEM-1X081RV-A	Cisco Stealthwatch 8 GB DDR4-2400 MHz RDIMM/PC4-19200	UDP Director	memory	layered	Secure Network Analytics (Stealthwatch)	(shared across the line)	Secure Network Analytics (Stealthwatch) shared parts	sku ^ST-						
ST-MEM-1X161RV-A	Cisco Stealthwatch 16GB DDR4-2400 MHz RDIMM/PC4-19200	UDP Director	memory	layered	Secure Network Analytics (Stealthwatch)	(shared across the line)	Secure Network Analytics (Stealthwatch) shared parts	sku ^ST-						
ST-MEM-1X322RV-A	Cisco Stealthwatch 32GB DDR4-2400 MHz RDIMM/PC4-19200	UDP Director	memory	layered	Secure Network Analytics (Stealthwatch)	(shared across the line)	Secure Network Analytics (Stealthwatch) shared parts	sku ^ST-						
ST-MRAID12G	Cisco Stealthwatch 12G SAS Modular Raid Controller	UDP Director	storage-controller	layered	Secure Network Analytics (Stealthwatch)	(shared across the line)	Secure Network Analytics (Stealthwatch) shared parts	sku ^ST-						
ST-MRAID12G-2GB	Cisco Stealthwatch 12Gbps SAS 2GB FBWC Cache module	UDP Director	storage-controller	layered	Secure Network Analytics (Stealthwatch)	(shared across the line)	Secure Network Analytics (Stealthwatch) shared parts	sku ^ST-						
ST-MRAID12G-4GB	Cisco Stealthwatch 12Gbps SAS 4GB FBWC Cache module	UDP Director	storage-controller	layered	Secure Network Analytics (Stealthwatch)	(shared across the line)	Secure Network Analytics (Stealthwatch) shared parts	sku ^ST-						
ST-PWR-AC-1200W	Cisco Stealthwatch AC Power Supply 1200W	UDP Director	power	layered	Secure Network Analytics (Stealthwatch)	(shared across the line)	Secure Network Analytics (Stealthwatch) shared parts	sku ^ST-						
ST-PWR-AC-1200W=	Cisco Stealthwatch AC Power Supply 1200W	UDP Director	power	layered	Secure Network Analytics (Stealthwatch)	(shared across the line)	Secure Network Analytics (Stealthwatch) shared parts	sku ^ST-						
ST-PWR-AC-770W	Cisco Stealthwatch AC Power Supply 770W	UDP Director	power	layered	Secure Network Analytics (Stealthwatch)	(shared across the line)	Secure Network Analytics (Stealthwatch) shared parts	sku ^ST-						
ST-PWR-AC-770W=	Cisco Stealthwatch AC Power Supply 770W	UDP Director	power	layered	Secure Network Analytics (Stealthwatch)	(shared across the line)	Secure Network Analytics (Stealthwatch) shared parts	sku ^ST-						
ST-SMC2200-CHAS-K9	Cisco Stealthwatch Management Console 2200 - RMA	UDP Director	analytics	layered	Secure Network Analytics (Stealthwatch)		Management Console	sku ^ST-SMC						
ST-SMC2200-K9	Cisco Stealthwatch Management Console 2200	UDP Director	analytics	layered	Secure Network Analytics (Stealthwatch)		Management Console	sku ^ST-SMC						
ST-SMC2210-CHAS-K9	Cisco Stealthwatch Management Console 2210 - RMA	UDP Director	analytics	layered	Secure Network Analytics (Stealthwatch)		Management Console	sku ^ST-SMC						
ST-SMC2210-K9	Cisco Stealthwatch Management Console 2210	UDP Director	analytics	layered	Secure Network Analytics (Stealthwatch)		Management Console	sku ^ST-SMC						
ST-SMC2300-CHAS-K9	Cisco Secure Network Analytics Management Console 2300 - RMA	Secure Network Analytics	analytics	layered	Secure Network Analytics (Stealthwatch)		Management Console	sku ^ST-SMC						
ST-SMC2300-K9	Cisco Secure Network Analytics Management Console 2300	Secure Network Analytics	analytics	layered	Secure Network Analytics (Stealthwatch)		Management Console	sku ^ST-SMC						
ST-SMC2400-CHAS-K9	Cisco ST-SMC2400-CHAS-K9	Secure Network Analytics	analytics	layered	Secure Network Analytics (Stealthwatch)		Management Console	sku ^ST-SMC						
ST-SMC2400-K9	Cisco ST-SMC2400-K9	Secure Network Analytics	analytics	layered	Secure Network Analytics (Stealthwatch)		Management Console	sku ^ST-SMC						
ST-TB2300-CHAS-K9	Cisco Telemetry Broker 2300 - RMA	Secure Network Analytics	analytics	layered	Secure Network Analytics (Stealthwatch)		Telemetry Broker	sku ^ST-TB						
ST-TB2300-K9	Cisco Telemetry Broker 2300	Secure Network Analytics	analytics	layered	Secure Network Analytics (Stealthwatch)		Telemetry Broker	sku ^ST-TB						
ST-TB2400-CHAS-K9	Cisco ST-TB2400-CHAS-K9	Secure Network Analytics	analytics	layered	Secure Network Analytics (Stealthwatch)		Telemetry Broker	sku ^ST-TB						
ST-TB2400-K9	Cisco ST-TB2400-K9	Secure Network Analytics	analytics	layered	Secure Network Analytics (Stealthwatch)		Telemetry Broker	sku ^ST-TB						
ST-UDP2200-CHAS-K9	Cisco Stealthwatch UDP Director 2200 - RMA	UDP Director	analytics	layered	Secure Network Analytics (Stealthwatch)		UDP Director / Flow Replicator	sku ^ST-UD						
ST-UDP2200-K9	Cisco Stealthwatch UDP Director 2200	UDP Director	analytics	layered	Secure Network Analytics (Stealthwatch)		UDP Director / Flow Replicator	sku ^ST-UD						
ST-UDP2210-CHAS-K9	Cisco Stealthwatch UDP Director 2210 - RMA	UDP Director	analytics	layered	Secure Network Analytics (Stealthwatch)		UDP Director / Flow Replicator	sku ^ST-UD						
ST-UDP2210-K9	Cisco Stealthwatch UDP Director 2210	UDP Director	analytics	layered	Secure Network Analytics (Stealthwatch)		UDP Director / Flow Replicator	sku ^ST-UD						
TA-CL-39U-M6-K9	Cisco Secure Workload Gen3 39RU Cluster	Secure Workload	analytics	layered	Security Manager and Secure Workload		Secure Workload (Tetration)	sku ^TA-(?!(N9K-)?C9[23])						
TA-CL-8U-M6-K9	Cisco Secure Workload Gen3 8RU Cluster	Secure Workload	analytics	layered	Security Manager and Secure Workload		Secure Workload (Tetration)	sku ^TA-(?!(N9K-)?C9[23])						
TB-ESS-100GB	Cisco TB-ESS-100GB	Secure Network Analytics	non-hardware	pending_plan								class license		
TG-10G-NIC	Thread Grid X520 Dual Port 10Gb SFP+ Adapter	Secure Malware Analytics	nic	layered	Secure Malware Analytics		Malware Analytics (Threat Grid) appliances	sku ^TG						
TG-AFA-K9	Cisco TG-AFA-K9	Secure Malware Analytics	analytics	layered	Secure Malware Analytics		Malware Analytics (Threat Grid) appliances	sku ^TG						
TG-CPU-E52697B	2.70 GHz E5-2697 v2/130W 12C/30MB Cache/DDR3 1866MHz	Secure Malware Analytics	cpu	layered	Secure Malware Analytics		Malware Analytics (Threat Grid) appliances	sku ^TG						
TG-CPU-E52697E	2.30 GHz, E5-2697 v4, 45MB Cache, 18 Core, 28 thread	Secure Malware Analytics	cpu	layered	Secure Malware Analytics		Malware Analytics (Threat Grid) appliances	sku ^TG						
TG-HDD-1.2TB	1.2TB SATA 10K RPM 12G SAS	Secure Malware Analytics	drive	layered	Secure Malware Analytics		Malware Analytics (Threat Grid) appliances	sku ^TG						
TG-HDD-1.2TB=	1.2TB SATA 10K RPM 12G SAS	Secure Malware Analytics	drive	layered	Secure Malware Analytics		Malware Analytics (Threat Grid) appliances	sku ^TG						
TG-HDD-1TB	1TB 6Gb SATA 7.2K RPM SFF HDD/hot plug/drive sled mounted	Secure Malware Analytics	drive	layered	Secure Malware Analytics		Malware Analytics (Threat Grid) appliances	sku ^TG						
TG-HDD-1TB=	1TB 6Gb SATA 7.2K RPM SFF HDD/hot plug/drive sled mounted	Secure Malware Analytics	drive	layered	Secure Malware Analytics		Malware Analytics (Threat Grid) appliances	sku ^TG						
TG-M5-10G-NIC	Cisco Threat Grid X710 quad-port 10G SFP+ NIC	Secure Malware Analytics	nic	layered	Secure Malware Analytics		Malware Analytics (Threat Grid) appliances	sku ^TG						
TG-M5-CPU-6140	Cisco TG-M5-CPU-6140	Secure Malware Analytics	cpu	layered	Secure Malware Analytics		Malware Analytics (Threat Grid) appliances	sku ^TG						
TG-M5-CPU-I6262V	Cisco Secure Malware Analytics 2.4 GHz, 6262 CPU,33MB Cache	Secure Malware Analytics	cpu	layered	Secure Malware Analytics		Malware Analytics (Threat Grid) appliances	sku ^TG						
TG-M5-HDD-2.4TB	Cisco Secure Malware Analytics 2.4TB 12G SAS 10K RPM SFF HDD	Secure Malware Analytics	drive	layered	Secure Malware Analytics		Malware Analytics (Threat Grid) appliances	sku ^TG						
TG-M5-HDD-2.4TB=	Cisco Secure Malware Analytics 2.4TB 12G SAS 10K RPM SFF HDD	Secure Malware Analytics	drive	layered	Secure Malware Analytics		Malware Analytics (Threat Grid) appliances	sku ^TG						
TG-M5-K9	Cisco Secure Malware Analytics M5 Model Hardware	Secure Malware Analytics	analytics	layered	Secure Malware Analytics		Malware Analytics (Threat Grid) appliances	sku ^TG						
TG-M5-MEM-32GB	Cisco TG-M5-MEM-32GB	Secure Malware Analytics	memory	layered	Secure Malware Analytics		Malware Analytics (Threat Grid) appliances	sku ^TG						
TG-M5-MEM-X-32GB	Cisco Secure Malware Analytics 32GB DDR4-2933-MHz RDIMM	Secure Malware Analytics	memory	layered	Secure Malware Analytics		Malware Analytics (Threat Grid) appliances	sku ^TG						
TG-M5-PWR-AC-770W	Cisco Secure Malware Analytics 770W AC Power Supply	Secure Malware Analytics	power	layered	Secure Malware Analytics		Malware Analytics (Threat Grid) appliances	sku ^TG						
TG-M5-PWR-AC-770W=	Cisco Secure Malware Analytics 770W AC Power Supply	Secure Malware Analytics	power	layered	Secure Malware Analytics		Malware Analytics (Threat Grid) appliances	sku ^TG						
TG-M5-RAID-12G	Cisco Threat Gri12G Modular RAID controller with 2GB cache	Secure Malware Analytics	storage-controller	layered	Secure Malware Analytics		Malware Analytics (Threat Grid) appliances	sku ^TG						
TG-M5-SSD-240GB	Cisco Secure Malware Analytics 240GB, 6G SATA SSD	Secure Malware Analytics	drive	layered	Secure Malware Analytics		Malware Analytics (Threat Grid) appliances	sku ^TG						
TG-M5-SSD-240GB=	Cisco Secure Malware Analytics 240GB, 6G SATA SSD	Secure Malware Analytics	drive	layered	Secure Malware Analytics		Malware Analytics (Threat Grid) appliances	sku ^TG						
TG-M5-TPM-2.0	Cisco Secure Malware Analytics Trusted Platform Module 2.0	Secure Malware Analytics	tpm	layered	Secure Malware Analytics		Malware Analytics (Threat Grid) appliances	sku ^TG						
TG-M6-10G-NIC	Cisco Secure Malware Analytics M6 X710 quad-port 10G SFP+NIC	Secure Malware Analytics	nic	layered	Secure Malware Analytics		Malware Analytics (Threat Grid) appliances	sku ^TG						
TG-M6-CPU-I6330N	Cisco Secure Malware Analytics I6330N 2.2GHz	Secure Malware Analytics	cpu	layered	Secure Malware Analytics		Malware Analytics (Threat Grid) appliances	sku ^TG						
TG-M6-HDD-2.4TB	Cisco Secure Malware Analytics 2.4TB 12G SAS 10K RPM SFF HDD	Secure Malware Analytics	drive	layered	Secure Malware Analytics		Malware Analytics (Threat Grid) appliances	sku ^TG						
TG-M6-K9	Cisco Secure Malware Analytics M6 Model Hardware	Secure Malware Analytics	analytics	layered	Secure Malware Analytics		Malware Analytics (Threat Grid) appliances	sku ^TG						
TG-M6-MEM-A-32GB	Cisco Secure Malware Analytics 32GB DDR4-3200-MHz RDIMM	Secure Malware Analytics	memory	layered	Secure Malware Analytics		Malware Analytics (Threat Grid) appliances	sku ^TG						
TG-M6-PWR-AC-1050W	Cisco Secure Malware Analytics 1050W AC Power Supply	Secure Malware Analytics	power	layered	Secure Malware Analytics		Malware Analytics (Threat Grid) appliances	sku ^TG						
TG-M6-RAID-12G	Cisco Malware Analytics 12G Modular RAID controller 2GBcache	Secure Malware Analytics	storage-controller	layered	Secure Malware Analytics		Malware Analytics (Threat Grid) appliances	sku ^TG						
TG-M6-SD480GM1X-EV	Malware Analytics 480GB 2.5inch Enterprise Value 6G SATA SSD	Secure Malware Analytics	drive	layered	Secure Malware Analytics		Malware Analytics (Threat Grid) appliances	sku ^TG						
TG-M6-TPM-2.0	Cisco Secure Malware Analytics TPM 2.0, for M6 servers	Secure Malware Analytics	tpm	layered	Secure Malware Analytics		Malware Analytics (Threat Grid) appliances	sku ^TG						
TG-M7-K9	Cisco TG-M7-K9	Secure Malware Analytics	analytics	layered	Secure Malware Analytics		Malware Analytics (Threat Grid) appliances	sku ^TG						
TG-M7-MEM-32GB	Cisco TG-M7-MEM-32GB	Secure Malware Analytics	memory	layered	Secure Malware Analytics		Malware Analytics (Threat Grid) appliances	sku ^TG						
TG-M7-PCIEID10GF-D	Cisco TG-M7-PCIEID10GF-D	Secure Malware Analytics	nic	layered	Secure Malware Analytics		Malware Analytics (Threat Grid) appliances	sku ^TG						
TG-M7-PSU1-1200W-D	Cisco TG-M7-PSU1-1200W-D	Secure Malware Analytics	power	layered	Secure Malware Analytics		Malware Analytics (Threat Grid) appliances	sku ^TG						
TG-M7-SD16TKA3XEPD	Cisco TG-M7-SD16TKA3XEPD	Secure Malware Analytics	drive	layered	Secure Malware Analytics		Malware Analytics (Threat Grid) appliances	sku ^TG						
TG-M7-SDB3T8SA1VD	Cisco TG-M7-SDB3T8SA1VD	Secure Malware Analytics	drive	layered	Secure Malware Analytics		Malware Analytics (Threat Grid) appliances	sku ^TG						
TG-M7-TPM-2.0	Cisco TG-M7-TPM-2.0	Secure Malware Analytics	tpm	layered	Secure Malware Analytics		Malware Analytics (Threat Grid) appliances	sku ^TG						
TG-MEM-32GB	32GB DDR3-1866-MHz LRDIMM/PC3-14900/quad rank/x4/1.5v	Secure Malware Analytics	memory	layered	Secure Malware Analytics		Malware Analytics (Threat Grid) appliances	sku ^TG						
TG-MEM-32GB-M4	32GB DDR4-2400-MHz RDIMM/PC4-17000/dual rank/x4/1.2v	Secure Malware Analytics	memory	layered	Secure Malware Analytics		Malware Analytics (Threat Grid) appliances	sku ^TG						
TG-PWR-AC-650W	Cisco Threat Grid 650W AC Power Supply	Secure Malware Analytics	power	layered	Secure Malware Analytics		Malware Analytics (Threat Grid) appliances	sku ^TG						
TG-PWR-AC-650W=	Cisco Threat Grid 650W AC Power Supply	Secure Malware Analytics	power	layered	Secure Malware Analytics		Malware Analytics (Threat Grid) appliances	sku ^TG						
TG-PWR-AC-770W	Cisco TG-PWR-AC-770W	Secure Malware Analytics	power	layered	Secure Malware Analytics		Malware Analytics (Threat Grid) appliances	sku ^TG						
TG-PWR-AC-770W=	Cisco TG-PWR-AC-770W=	Secure Malware Analytics	power	layered	Secure Malware Analytics		Malware Analytics (Threat Grid) appliances	sku ^TG						
TG-PWR-DC-1050W	Cisco Threat Grid 1050W DC Power Supply	Secure Malware Analytics	power	layered	Secure Malware Analytics		Malware Analytics (Threat Grid) appliances	sku ^TG						
TG-PWR-DC-1050W=	Cisco Threat Grid 1050W DC Power Supply	Secure Malware Analytics	power	layered	Secure Malware Analytics		Malware Analytics (Threat Grid) appliances	sku ^TG						
TG-PWR-DC-930W	Cisco Threat Grid 930W DC Power Supply	Secure Malware Analytics	power	layered	Secure Malware Analytics		Malware Analytics (Threat Grid) appliances	sku ^TG						
TG-PWR-DC-930W=	Cisco Threat Grid 930W DC Power Supply	Secure Malware Analytics	power	layered	Secure Malware Analytics		Malware Analytics (Threat Grid) appliances	sku ^TG						
TG-RAID-1GB-FBWC	Cisco 12Gbps SAS 1GB FBWC Cache module (Raid 0/1/5/6)	Secure Malware Analytics	storage-controller	layered	Secure Malware Analytics		Malware Analytics (Threat Grid) appliances	sku ^TG						
TG-RAID-9271	MegaRAID 9271CV with 8 internal SAS/SATA ports with Supercap	Secure Malware Analytics	storage-controller	layered	Secure Malware Analytics		Malware Analytics (Threat Grid) appliances	sku ^TG						
TG-RAID-CISCO12G	Cisco 12G SAS Modular Raid Controller	Secure Malware Analytics	storage-controller	layered	Secure Malware Analytics		Malware Analytics (Threat Grid) appliances	sku ^TG						
TG-RAILF-M4	Thread Grid Friction Rail Kit for C220 M4 rack servers	Secure Malware Analytics	mechanical	layered	Secure Malware Analytics		Malware Analytics (Threat Grid) appliances	sku ^TG						
TG-RAILF-M4=	Thread Grid Friction Rail Kit for C220 M4 rack servers	Secure Malware Analytics	mechanical	layered	Secure Malware Analytics		Malware Analytics (Threat Grid) appliances	sku ^TG						
TG-SSD-120GB	Thread Grid 120 GB 2.5 inch Enterprise Value 6G SATA SSD	Secure Malware Analytics	drive	layered	Secure Malware Analytics		Malware Analytics (Threat Grid) appliances	sku ^TG						
TG-SSD-120GB3510	Threat Grid 3510 120 GB 2.5 inch Enterprise 6G SATA SSD	Secure Malware Analytics	drive	layered	Secure Malware Analytics		Malware Analytics (Threat Grid) appliances	sku ^TG						
TG-SSD-120GB3510=	Threat Grid 3510 120 GB 2.5 inch Enterprise 6G SATA SSD	Secure Malware Analytics	drive	layered	Secure Malware Analytics		Malware Analytics (Threat Grid) appliances	sku ^TG						
TG-SSD-120GB=	Thread Grid 120 GB 2.5 inch Enterprise Value 6G SATA SSD	Secure Malware Analytics	drive	layered	Secure Malware Analytics		Malware Analytics (Threat Grid) appliances	sku ^TG						
TG-SSD-240GB	Thread Grid 240 GB 2.5 inch Enterprise Value 6G SATA SSD	Secure Malware Analytics	drive	layered	Secure Malware Analytics		Malware Analytics (Threat Grid) appliances	sku ^TG						
TG-SSD-240GB=	Thread Grid 240 GB 2.5 inch Enterprise Value 6G SATA SSD	Secure Malware Analytics	drive	layered	Secure Malware Analytics		Malware Analytics (Threat Grid) appliances	sku ^TG						
TG5000-BUN	Cisco Threat Grid 5000 Model and Subscription Bundle	Secure Malware Analytics	analytics	layered	Secure Malware Analytics		Malware Analytics (Threat Grid) appliances	sku ^TG						
TG5000-CHAS-AC	Cisco Threat Grid 5000/5500 Chasis with AC	Secure Malware Analytics	analytics	layered	Secure Malware Analytics		Malware Analytics (Threat Grid) appliances	sku ^TG						
TG5000-K9	Cisco Threat Grid 5000 Model with software	Secure Malware Analytics	analytics	layered	Secure Malware Analytics		Malware Analytics (Threat Grid) appliances	sku ^TG						
TG5004-CHAS	Cisco Threat Grid 5004/5504 Chasis	Secure Malware Analytics	analytics	layered	Secure Malware Analytics		Malware Analytics (Threat Grid) appliances	sku ^TG						
TG5004-K9	Cisco Threat Grid 5004 Model Hardware	Secure Malware Analytics	analytics	layered	Secure Malware Analytics		Malware Analytics (Threat Grid) appliances	sku ^TG						
TG5500-BUN	Cisco Threat Grid 5500 Model and Subscription Bundle	Secure Malware Analytics	analytics	layered	Secure Malware Analytics		Malware Analytics (Threat Grid) appliances	sku ^TG						
TG5500-CHAS	Cisco Threat Grid 5000/5500 Chasis	Secure Malware Analytics	analytics	layered	Secure Malware Analytics		Malware Analytics (Threat Grid) appliances	sku ^TG						
TG5500-K9	Cisco Threat Grid 5500 Model with software	Secure Malware Analytics	analytics	layered	Secure Malware Analytics		Malware Analytics (Threat Grid) appliances	sku ^TG						
TG5504-K9	Cisco Threat Grid 5504 Model Hardware	Secure Malware Analytics	analytics	layered	Secure Malware Analytics		Malware Analytics (Threat Grid) appliances	sku ^TG						
TGM5-SD240GBM1XEV	Cisco Secure Malware Analytics 240GB, 6G SATA SSD	Secure Malware Analytics	drive	layered	Secure Malware Analytics		Malware Analytics (Threat Grid) appliances	sku ^TG						
TGM5-SD240GBM1XEV=	Cisco Secure Malware Analytics 240GB, 6G SATA SSD	Secure Malware Analytics	drive	layered	Secure Malware Analytics		Malware Analytics (Threat Grid) appliances	sku ^TG						
UCS-HD12TB10K12N=	1.2 TB 12G SAS 10K RPM SFF HDD	Secure Network Analytics	drive	layered	Secure Network Analytics (Stealthwatch)	(shared across the line)	Secure Network Analytics (Stealthwatch) shared parts	label Secure Network Analytics						
UCS-HD18TB10K4KN=	1.8TB 12G SAS 10K RPM SFF HDD (4K)	Secure Network Analytics	drive	layered	Secure Network Analytics (Stealthwatch)	(shared across the line)	Secure Network Analytics (Stealthwatch) shared parts	label Secure Network Analytics						
UCS-HD600G10K12N=	600-GB 12-Gb SAS 10K RPM SFF hard disk; hot pluggable; drive sled mounted	Secure Network Analytics	drive	layered	Secure Network Analytics (Stealthwatch)	(shared across the line)	Secure Network Analytics (Stealthwatch) shared parts	label Secure Network Analytics						
UCS-NVMEG4-M960-D=	960GB 2.5in U.3 15mm P7450 Hg Perf Med End NVMe	Identity Services Engine	drive	layered	Identity Services Engine	(shared across the line)	Identity Services Engine shared parts	label-unsupported (label Identity Services Engine; was Secure Network Server (SNS) appliances): no series token in the SKU or name, no compatible part placed in the series						none: no series token in the SKU or name, no compatible part placed in the series
UCS-SD16TBKANK9-D=	1.6TB 2.5in Enter Perf 12G SAS Kioxia G2 SSD (3X SED-FIPS)	Identity Services Engine	drive	layered	Identity Services Engine	(shared across the line)	Identity Services Engine shared parts	label-unsupported (label Identity Services Engine; was Secure Network Server (SNS) appliances): no series token in the SKU or name, no compatible part placed in the series						none: no series token in the SKU or name, no compatible part placed in the series
UCS-SD800GS3X-EP=	800GB 2.5 in Enterprise Performance 12G SAS SSD (3X endurance)	Identity Services Engine	drive	layered	Identity Services Engine	(shared across the line)	Identity Services Engine shared parts	label-unsupported (label Identity Services Engine; was Secure Network Server (SNS) appliances): no series token in the SKU or name, no compatible part placed in the series						none: no series token in the SKU or name, no compatible part placed in the series
UCS-SD960GM2NK9-D=	960GB 2.5in Enter Value 6G SATA Micron G2 SSD (SED)	Identity Services Engine	drive	layered	Identity Services Engine	(shared across the line)	Identity Services Engine shared parts	label-unsupported (label Identity Services Engine; was Secure Network Server (SNS) appliances): no series token in the SKU or name, no compatible part placed in the series						none: no series token in the SKU or name, no compatible part placed in the series
UCS-SD960GM2NK9=	960GB Enterprise value SATA SSD (1X , SED)	Identity Services Engine	drive	layered	Identity Services Engine	(shared across the line)	Identity Services Engine shared parts	label-unsupported (label Identity Services Engine; was Secure Network Server (SNS) appliances): no series token in the SKU or name, no compatible part placed in the series						none: no series token in the SKU or name, no compatible part placed in the series
UCSC-FAN-C22XM7=	Cisco UCSC-FAN-C22XM7=	Identity Services Engine	fan	layered	Identity Services Engine	(shared across the line)	Identity Services Engine shared parts	label-unsupported (label Identity Services Engine; was Secure Network Server (SNS) appliances): no series token in the SKU or name, no compatible part placed in the series						none: no series token in the SKU or name, no compatible part placed in the series
UCSC-PSU1-1050W=	Cisco UCS 1050W AC Power Supply for Rack Server Platinum	Secure Network Analytics	power	layered	Secure Network Analytics (Stealthwatch)	(shared across the line)	Secure Network Analytics (Stealthwatch) shared parts	label Secure Network Analytics						
UCSC-PSU1-1200W-D=	1200W Power Supply Spare for FMC1800, 2800, 4800	Identity Services Engine	power	layered	Secure Firewall Management Center		Management Center / FireSIGHT appliances	name FMC ?[0-9]{4}						
UCSC-PSU1-1200W=	Cisco UCSC-PSU1-1200W=	Identity Services Engine	power	layered	Identity Services Engine	(shared across the line)	Identity Services Engine shared parts	label-unsupported (label Identity Services Engine; was Secure Network Server (SNS) appliances): no series token in the SKU or name, no compatible part placed in the series						none: no series token in the SKU or name, no compatible part placed in the series
UCSC-RAIL-D=	Rail kit	Identity Services Engine	mechanical	layered	Identity Services Engine	(shared across the line)	Identity Services Engine shared parts	accessory RAIL (label Identity Services Engine)						
UCSC-RAIL-M6=	Ball Bearing Rail Kit for C220 & C240 M6 rack servers	Identity Services Engine	mechanical	layered	Identity Services Engine	(shared across the line)	Identity Services Engine shared parts	accessory RAIL (label Identity Services Engine)						
UCSC-RAILB-M4=	Ball Bearing Rail Kit for C220 and C240 M4 and M5 rack servers	Secure Network Analytics	mechanical	layered	Secure Network Analytics (Stealthwatch)	(shared across the line)	Secure Network Analytics (Stealthwatch) shared parts	accessory RAIL (label Secure Network Analytics)						
UCSC-RAILF-M4	Cisco UCSC-RAILF-M4	Secure Malware Analytics	accessory	layered	Secure Malware Analytics	(shared across the line)	Secure Malware Analytics shared parts	accessory RAIL (label Secure Malware Analytics)						
WSA-4GE-CU	WSA 4-Port 10/100/1000 Interface Card, RJ-45	Secure Email and Web Manager	nic	layered	Secure Email and Web		Secure Web Appliance (WSA)	sku ^WSA-						
WSA-HD-450GB-	WSA 450 GB HD for WSA S370 and S670 (R710 Model)	Secure Email and Web Manager	drive	layered	Secure Email and Web		Secure Web Appliance (WSA)	sku ^WSA-						
WSA-HD-450GB=	WSA 450 GB HD for WSA S370 and S670 (R710 Model)	Secure Email and Web Manager	drive	layered	Secure Email and Web		Secure Web Appliance (WSA)	sku ^WSA-						
WSA-S170-K9	WSA S170 Web Security Appliance with Software	Secure Web Appliance	web-gateway	layered	Secure Email and Web		Secure Web Appliance (WSA)	sku ^WSA-						
WSA-S190-K9	WSA S190 Web Security Appliance	Email Security Appliance	web-gateway	layered	Secure Email and Web		Secure Web Appliance (WSA)	sku ^WSA-						
WSA-S190-PR-K9	WSA S190 Multi Year AMP Attach Promo	Email Security Appliance	web-gateway	layered	Secure Email and Web		Secure Web Appliance (WSA)	sku ^WSA-						
WSA-S195-K9	WSA S195 Web Security Appliance	Email Security Appliance	web-gateway	layered	Secure Email and Web		Secure Web Appliance (WSA)	sku ^WSA-						
WSA-S196-K9	Cisco Secure Web Appliance S196	Secure Web Appliance	web-gateway	layered	Secure Email and Web		Secure Web Appliance (WSA)	sku ^WSA-						
WSA-S370-K9	WSA S370 Web Security Appliance with Software	Secure Web Appliance	web-gateway	layered	Secure Email and Web		Secure Web Appliance (WSA)	sku ^WSA-						
WSA-S370-NT-K9	WSA S370 Web Security Appliance for China	Secure Web Appliance	web-gateway	layered	Secure Email and Web		Secure Web Appliance (WSA)	sku ^WSA-						
WSA-S380-K9	WSA S380 Web Security Appliance with Software	Secure Web Appliance	web-gateway	layered	Secure Email and Web		Secure Web Appliance (WSA)	sku ^WSA-						
WSA-S390-K9	WSA S390 WebSecurity Appliance with Software	Email Security Appliance	web-gateway	layered	Secure Email and Web		Secure Web Appliance (WSA)	sku ^WSA-						
WSA-S390-PR-K9	WSA S390 Multi Year AMP Attach Promo	Email Security Appliance	web-gateway	layered	Secure Email and Web		Secure Web Appliance (WSA)	sku ^WSA-						
WSA-S395-K9	WSA S395 Web Security Appliance	Email Security Appliance	web-gateway	layered	Secure Email and Web		Secure Web Appliance (WSA)	sku ^WSA-						
WSA-S396-K9	Cisco Secure Web Appliance S396 model	Secure Web Appliance	web-gateway	layered	Secure Email and Web		Secure Web Appliance (WSA)	sku ^WSA-						
WSA-S670-FI-K9	WSA S670 Web Security Appliance with 2GE Fiber	Secure Web Appliance	web-gateway	layered	Secure Email and Web		Secure Web Appliance (WSA)	sku ^WSA-						
WSA-S670-K9	WSA S670 Web Security Appliance with Software	Secure Web Appliance	web-gateway	layered	Secure Email and Web		Secure Web Appliance (WSA)	sku ^WSA-						
WSA-S680-10G-K9	WSA S680 Web Security with 10GE Fiber interfaces	Secure Web Appliance	web-gateway	layered	Secure Email and Web		Secure Web Appliance (WSA)	sku ^WSA-						
WSA-S680-10G-LF-K9	WSA S680 Web Security with 10GE fiber and locking FP	Secure Web Appliance	web-gateway	layered	Secure Email and Web		Secure Web Appliance (WSA)	sku ^WSA-						
WSA-S680-1G-K9	WSA S680 Web Security with 1GE Fiber interfaces	Secure Web Appliance	web-gateway	layered	Secure Email and Web		Secure Web Appliance (WSA)	sku ^WSA-						
WSA-S680-1G-LF-K9	WSA S680 Web Security with 1GE fiber and locking FP	Secure Web Appliance	web-gateway	layered	Secure Email and Web		Secure Web Appliance (WSA)	sku ^WSA-						
WSA-S680-K9	WSA S680 Web Security Appliance with Software	Secure Web Appliance	web-gateway	layered	Secure Email and Web		Secure Web Appliance (WSA)	sku ^WSA-						
WSA-S680-KEY=	Replacement Key for WSA S680 locking faceplate appliance	Secure Email and Web Manager	web-gateway	layered	Secure Email and Web		Secure Web Appliance (WSA)	sku ^WSA-						
WSA-S680-LKFP-K9	WSA S680 Web Security Appliance with Locking Faceplate	Secure Web Appliance	web-gateway	layered	Secure Email and Web		Secure Web Appliance (WSA)	sku ^WSA-						
WSA-S690-10G-K9	WSA S690 Web Security with 10 GE Fiber interfaces	Email Security Appliance	web-gateway	layered	Secure Email and Web		Secure Web Appliance (WSA)	sku ^WSA-						
WSA-S690-1G-K9	WSA S690 Web Security with 1GE Fiber interfaces	Email Security Appliance	web-gateway	layered	Secure Email and Web		Secure Web Appliance (WSA)	sku ^WSA-						
WSA-S690-K9	WSA S690 Web Security Appliance	Email Security Appliance	web-gateway	layered	Secure Email and Web		Secure Web Appliance (WSA)	sku ^WSA-						
WSA-S690X-K9	WSA S690 Web Security Appliance with Extended HDD capacity	Email Security Appliance	web-gateway	layered	Secure Email and Web		Secure Web Appliance (WSA)	sku ^WSA-						
WSA-S695-K9	WSA S695 Web Security Appliance	Email Security Appliance	web-gateway	layered	Secure Email and Web		Secure Web Appliance (WSA)	sku ^WSA-						
WSA-S695F-K9	WSA S695 Fiber Web Security Appliance	Email Security Appliance	web-gateway	layered	Secure Email and Web		Secure Web Appliance (WSA)	sku ^WSA-						
WSA-S695FCHAS-K9	WSA S695 Fiber Chassis Web Security Appliance	Secure Web Appliance	web-gateway	layered	Secure Email and Web		Secure Web Appliance (WSA)	sku ^WSA-						
WSA-S696-K9	Cisco Secure Web Appliance S696 model	Secure Web Appliance	web-gateway	layered	Secure Email and Web		Secure Web Appliance (WSA)	sku ^WSA-						
WSA-S696F-K9	Cisco Secure Web Appliance Fiber S696 model	Secure Web Appliance	web-gateway	layered	Secure Email and Web		Secure Web Appliance (WSA)	sku ^WSA-						
WSA-S696FCHAS-K9	Cisco Secure Web Appliance Fiber S696 Chasis model	Secure Web Appliance	web-gateway	layered	Secure Email and Web		Secure Web Appliance (WSA)	sku ^WSA-						
