sku	name	series_label	kind	bucket	product_line	product_family	series	placed_by	deploy_role	role_rule	role_issue	plan	belongs	label_evidence
1.256GB	Cisco 1.256GB	Compute Hyperconverged Nutanix	unknown	pending_plan								class non_product		
1.DDR4-3200MHz	Cisco 1.DDR4-3200MHz	Compute Hyperconverged Nutanix	unknown	pending_plan								class non_product		
10/25/50G	Cisco 10/25/50G	Compute Hyperconverged Nutanix	unknown	pending_plan								class non_product		
10/25G	Cisco 10/25G	Compute Hyperconverged Nutanix	unknown	pending_plan								class non_product		
1440+	Cisco 1440+	Compute Hyperconverged Nutanix	unknown	pending_plan								class non_product		
14425	Cisco 14425	Compute Hyperconverged Nutanix	unknown	pending_plan								class non_product		
15422	Cisco 15422	Compute Hyperconverged Nutanix	unknown	pending_plan								class non_product		
2.SKU	Cisco 2.SKU	Compute Hyperconverged Nutanix	unknown	pending_plan								class non_product		
225C	Cisco 225C	Compute Hyperconverged Nutanix	unknown	pending_plan								class non_product		
240C	Cisco 240C	Compute Hyperconverged Nutanix	unknown	pending_plan								class non_product		
24GB	Cisco 24GB	Compute Hyperconverged with Nutanix	unknown	pending_plan								class non_product		
250V	Cisco 250V	Compute Hyperconverged with Nutanix	unknown	pending_plan								class non_product		
2x25/10GBE	Cisco 2x25/10GBE	Compute Hyperconverged Nutanix	unknown	pending_plan								class non_product		
3.SKU	Cisco 3.SKU	Compute Hyperconverged Nutanix	unknown	pending_plan								class non_product		
3200-MHz	Cisco 3200-MHz	Compute Hyperconverged Nutanix	unknown	pending_plan								class non_product		
40/100/200G	Cisco 40/100/200G	Compute Hyperconverged Nutanix	unknown	pending_plan								class non_product		
48GB	Cisco 48GB	Compute Hyperconverged with Nutanix	unknown	pending_plan								class non_product		
4X16GB	Cisco 4X16GB	Compute Hyperconverged with Nutanix	unknown	pending_plan								class non_product		
4x25/10GBE	Cisco 4x25/10GBE	Compute Hyperconverged Nutanix	unknown	pending_plan								class non_product		
80GB	Cisco 80GB	Compute Hyperconverged with Nutanix	unknown	pending_plan								class non_product		
850603	Cisco 850603	Compute Hyperconverged Nutanix	unknown	pending_plan								class non_product		
BS1363	Cisco BS1363	Compute Hyperconverged with Nutanix	unknown	pending_plan								class non_product		
C220/C240/B200	Cisco C220/C240/B200	Compute Hyperconverged Nutanix	server	pending_plan								class non_product		
CAB-48DC-40A-AS	Cisco CAB-48DC-40A-AS	Compute Hyperconverged Nutanix	cable	layered	Compute Hyperconverged with Nutanix	(shared across the line)	Compute Hyperconverged with Nutanix shared parts	accessory ^CAB- (label Compute Hyperconverged Nutanix)						
CAB-48DC-40A-ASD	Cisco CAB-48DC-40A-ASD	Compute Hyperconverged Nutanix	cable	layered	Compute Hyperconverged with Nutanix	(shared across the line)	Compute Hyperconverged with Nutanix shared parts	accessory ^CAB- (label Compute Hyperconverged Nutanix)						
CAB-48DC-40A-INT	Cisco CAB-48DC-40A-INT	Compute Hyperconverged Nutanix	cable	layered	Compute Hyperconverged with Nutanix	(shared across the line)	Compute Hyperconverged with Nutanix shared parts	accessory ^CAB- (label Compute Hyperconverged Nutanix)						
CAB-48DC40A-INT	Cisco CAB-48DC40A-INT	Compute Hyperconverged Nutanix	cable	layered	Compute Hyperconverged with Nutanix	(shared across the line)	Compute Hyperconverged with Nutanix shared parts	accessory ^CAB- (label Compute Hyperconverged Nutanix)						
CAB-48DC40A8AWG	Cisco CAB-48DC40A8AWG	Compute Hyperconverged Nutanix	cable	layered	Compute Hyperconverged with Nutanix	(shared across the line)	Compute Hyperconverged with Nutanix shared parts	accessory ^CAB- (label Compute Hyperconverged Nutanix)						
CAB-BS1363-C19-UK	BS-1363 to IEC-C19 14ft UK	Compute Hyperconverged with Nutanix	cable	layered	Compute Hyperconverged with Nutanix	(shared across the line)	Compute Hyperconverged with Nutanix shared parts	accessory ^CAB- (label Compute Hyperconverged with Nutanix)						
CAB-C13C142M-JP	Cisco CAB-C13C142M-JP	Compute Hyperconverged Nutanix	cable	layered	Compute Hyperconverged with Nutanix	(shared across the line)	Compute Hyperconverged with Nutanix shared parts	accessory ^CAB- (label Compute Hyperconverged Nutanix)						
CAB-C19-C20-3M-JP	Power Cord C19-C20, 3m/10ft Japan PSE mark	Compute Hyperconverged with Nutanix	cable	layered	Compute Hyperconverged with Nutanix	(shared across the line)	Compute Hyperconverged with Nutanix shared parts	accessory ^CAB- (label Compute Hyperconverged with Nutanix)						
CAB-C19-C20-IND	Cisco CAB-C19-C20-IND	Compute Hyperconverged with Nutanix	cable	layered	Compute Hyperconverged with Nutanix	(shared across the line)	Compute Hyperconverged with Nutanix shared parts	accessory ^CAB- (label Compute Hyperconverged with Nutanix)						
CAB-S132-C19-ISRL	S132 to IEC-C19 14ft Israeli	Compute Hyperconverged with Nutanix	cable	layered	Compute Hyperconverged with Nutanix	(shared across the line)	Compute Hyperconverged with Nutanix shared parts	accessory ^CAB- (label Compute Hyperconverged with Nutanix)						
CAB-SABS-C19-IND	SABS 164-1 to IEC-C19 India	Compute Hyperconverged with Nutanix	cable	layered	Compute Hyperconverged with Nutanix	(shared across the line)	Compute Hyperconverged with Nutanix shared parts	accessory ^CAB- (label Compute Hyperconverged with Nutanix)						
CAB-US515P-C19-US	Cisco CAB-US515P-C19-US	Compute Hyperconverged with Nutanix	cable	layered	Compute Hyperconverged with Nutanix	(shared across the line)	Compute Hyperconverged with Nutanix shared parts	accessory ^CAB- (label Compute Hyperconverged with Nutanix)						
CAB-US520-C19-US	Cisco CAB-US520-C19-US	Compute Hyperconverged with Nutanix	cable	layered	Compute Hyperconverged with Nutanix	(shared across the line)	Compute Hyperconverged with Nutanix shared parts	accessory ^CAB- (label Compute Hyperconverged with Nutanix)						
CAB-US620P-C19-US	Cisco CAB-US620P-C19-US	Compute Hyperconverged with Nutanix	cable	layered	Compute Hyperconverged with Nutanix	(shared across the line)	Compute Hyperconverged with Nutanix shared parts	accessory ^CAB- (label Compute Hyperconverged with Nutanix)						
CX6Lx	Cisco CX6Lx	Compute Hyperconverged Nutanix	unknown	pending_plan								class non_product		
HCI-ADGPU-240M6	C240M6 GPU Air Duct 2USFF/NVMe (for DW/FL only)	Compute Hyperconverged Nutanix	drive	layered	Compute Hyperconverged with Nutanix		HCI C240 nodes	sku ^(?=HC[IO]|UCSC-).*(?<![0-9])240-?M[6-8]						
HCI-ADGPU-240M6=	C240M6 GPU Air Duct 2USFF/NVMe (for DW/FL only)	Compute Hyperconverged Nutanix	drive	layered	Compute Hyperconverged with Nutanix		HCI C240 nodes	sku ^(?=HC[IO]|UCSC-).*(?<![0-9])240-?M[6-8]						
HCI-AOSAHV-73-SWK9	Cisco HCI-AOSAHV-73-SWK9	Compute Hyperconverged Nutanix	unknown	pending_plan								class software		
HCI-AOSAHV-73SWK9	Cisco HCI-AOSAHV-73SWK9	Compute Hyperconverged Nutanix	unknown	pending_plan								class software		
HCI-AOSAHV-75-SWK9	Cisco HCI-AOSAHV-75-SWK9	Compute Hyperconverged Nutanix	unknown	pending_plan								class software		
HCI-AOSAHV-NO-OS	Cisco HCI-AOSAHV-NO-OS	Compute Hyperconverged Nutanix	unknown	pending_plan								class non_product		
HCI-AOSAHV-SWK9M6	HCI AOS AHV SW	Compute Hyperconverged Nutanix	unknown	pending_plan								class software		
HCI-AOSESXI-SWK9M6	HCI AOS ESXI SW	Compute Hyperconverged Nutanix	unknown	pending_plan								class software		
HCI-BZL-C220-M6	C220 M6 Security Bezel	Compute Hyperconverged Nutanix	mechanical	layered	Compute Hyperconverged with Nutanix		HCI C220 nodes	sku ^(?=HC[IO]|UCSC-).*(?<![0-9])220-?M[6-8]						
HCI-BZL-C220-M6=	C220 M6 Security Bezel	Compute Hyperconverged Nutanix	mechanical	layered	Compute Hyperconverged with Nutanix		HCI C220 nodes	sku ^(?=HC[IO]|UCSC-).*(?<![0-9])220-?M[6-8]						
HCI-BZL-C240-M6	C240 M6 Security Bezel	Compute Hyperconverged Nutanix	mechanical	layered	Compute Hyperconverged with Nutanix		HCI C240 nodes	sku ^(?=HC[IO]|UCSC-).*(?<![0-9])240-?M[6-8]						
HCI-BZL-C240-M6=	C240 M6 Security Bezel	Compute Hyperconverged Nutanix	mechanical	layered	Compute Hyperconverged with Nutanix		HCI C240 nodes	sku ^(?=HC[IO]|UCSC-).*(?<![0-9])240-?M[6-8]						
HCI-CMA-C220M6	Reversible CMA for C220 M6 ball bearing rail kit	Compute Hyperconverged Nutanix	mechanical	layered	Compute Hyperconverged with Nutanix		HCI C220 nodes	sku ^(?=HC[IO]|UCSC-).*(?<![0-9])220-?M[6-8]						
HCI-CMA-C220M7	Cisco HCI-CMA-C220M7	Compute Hyperconverged Nutanix	accessory	layered	Compute Hyperconverged with Nutanix		HCI C220 nodes	sku ^(?=HC[IO]|UCSC-).*(?<![0-9])220-?M[6-8]						
HCI-CMA-C240M6	Reversible CMA for C240 M6 ball bearing rail kit	Compute Hyperconverged Nutanix	mechanical	layered	Compute Hyperconverged with Nutanix		HCI C240 nodes	sku ^(?=HC[IO]|UCSC-).*(?<![0-9])240-?M[6-8]						
HCI-CMA-C240M7	Cisco HCI-CMA-C240M7	Compute Hyperconverged Nutanix	accessory	layered	Compute Hyperconverged with Nutanix		HCI C240 nodes	sku ^(?=HC[IO]|UCSC-).*(?<![0-9])240-?M[6-8]						
HCI-CPU-A9015	Cisco HCI-CPU-A9015	Compute Hyperconverged Nutanix	cpu	layered	Compute Hyperconverged with Nutanix	(shared across the line)	Compute Hyperconverged with Nutanix shared parts	sku ^HC[IO]						
HCI-CPU-A9115	Cisco HCI-CPU-A9115	Compute Hyperconverged Nutanix	cpu	layered	Compute Hyperconverged with Nutanix	(shared across the line)	Compute Hyperconverged with Nutanix shared parts	sku ^HC[IO]						
HCI-CPU-A9365	Cisco HCI-CPU-A9365	Compute Hyperconverged Nutanix	cpu	layered	Compute Hyperconverged with Nutanix	(shared across the line)	Compute Hyperconverged with Nutanix shared parts	sku ^HC[IO]						
HCI-CPU-A95552	Cisco HCI-CPU-A95552	Compute Hyperconverged Nutanix	cpu	layered	Compute Hyperconverged with Nutanix	(shared across the line)	Compute Hyperconverged with Nutanix shared parts	sku ^HC[IO]						
HCI-CPU-A95652	Cisco HCI-CPU-A95652	Compute Hyperconverged Nutanix	cpu	layered	Compute Hyperconverged with Nutanix	(shared across the line)	Compute Hyperconverged with Nutanix shared parts	sku ^HC[IO]						
HCI-CPU-A9575F	Cisco HCI-CPU-A9575F	Compute Hyperconverged Nutanix	cpu	layered	Compute Hyperconverged with Nutanix	(shared across the line)	Compute Hyperconverged with Nutanix shared parts	sku ^HC[IO]						
HCI-CPU-A96552	Cisco HCI-CPU-A96552	Compute Hyperconverged Nutanix	cpu	layered	Compute Hyperconverged with Nutanix	(shared across the line)	Compute Hyperconverged with Nutanix shared parts	sku ^HC[IO]						
HCI-CPU-A9825	Cisco HCI-CPU-A9825	Compute Hyperconverged Nutanix	cpu	layered	Compute Hyperconverged with Nutanix	(shared across the line)	Compute Hyperconverged with Nutanix shared parts	sku ^HC[IO]						
HCI-CPU-A9845	Cisco HCI-CPU-A9845	Compute Hyperconverged Nutanix	cpu	layered	Compute Hyperconverged with Nutanix	(shared across the line)	Compute Hyperconverged with Nutanix shared parts	sku ^HC[IO]						
HCI-CPU-I4309Y	Cisco HCI-CPU-I4309Y	Compute Hyperconverged Nutanix	cpu	layered	Compute Hyperconverged with Nutanix	(shared across the line)	Compute Hyperconverged with Nutanix shared parts	sku ^HC[IO]						
HCI-CPU-I4310	Cisco HCI-CPU-I4310	Compute Hyperconverged Nutanix	cpu	layered	Compute Hyperconverged with Nutanix	(shared across the line)	Compute Hyperconverged with Nutanix shared parts	sku ^HC[IO]						
HCI-CPU-I4310T	Cisco HCI-CPU-I4310T	Compute Hyperconverged Nutanix	cpu	layered	Compute Hyperconverged with Nutanix	(shared across the line)	Compute Hyperconverged with Nutanix shared parts	sku ^HC[IO]						
HCI-CPU-I4314	Cisco HCI-CPU-I4314	Compute Hyperconverged Nutanix	cpu	layered	Compute Hyperconverged with Nutanix	(shared across the line)	Compute Hyperconverged with Nutanix shared parts	sku ^HC[IO]						
HCI-CPU-I4316	Cisco HCI-CPU-I4316	Compute Hyperconverged Nutanix	cpu	layered	Compute Hyperconverged with Nutanix	(shared across the line)	Compute Hyperconverged with Nutanix shared parts	sku ^HC[IO]						
HCI-CPU-I4509Y2	Cisco HCI-CPU-I4509Y2	Compute Hyperconverged Nutanix	cpu	layered	Compute Hyperconverged with Nutanix	(shared across the line)	Compute Hyperconverged with Nutanix shared parts	sku ^HC[IO]						
HCI-CPU-I45102	Cisco HCI-CPU-I45102	Compute Hyperconverged Nutanix	cpu	layered	Compute Hyperconverged with Nutanix	(shared across the line)	Compute Hyperconverged with Nutanix shared parts	sku ^HC[IO]						
HCI-CPU-I4510T2	Cisco HCI-CPU-I4510T2	Compute Hyperconverged Nutanix	cpu	layered	Compute Hyperconverged with Nutanix	(shared across the line)	Compute Hyperconverged with Nutanix shared parts	sku ^HC[IO]						
HCI-CPU-I4514Y	Cisco HCI-CPU-I4514Y	Compute Hyperconverged Nutanix	cpu	layered	Compute Hyperconverged with Nutanix	(shared across the line)	Compute Hyperconverged with Nutanix shared parts	sku ^HC[IO]						
HCI-CPU-I5315Y	Cisco HCI-CPU-I5315Y	Compute Hyperconverged Nutanix	cpu	layered	Compute Hyperconverged with Nutanix	(shared across the line)	Compute Hyperconverged with Nutanix shared parts	sku ^HC[IO]						
HCI-CPU-I5317	Cisco HCI-CPU-I5317	Compute Hyperconverged Nutanix	cpu	layered	Compute Hyperconverged with Nutanix	(shared across the line)	Compute Hyperconverged with Nutanix shared parts	sku ^HC[IO]						
HCI-CPU-I5318N	Cisco HCI-CPU-I5318N	Compute Hyperconverged Nutanix	cpu	layered	Compute Hyperconverged with Nutanix	(shared across the line)	Compute Hyperconverged with Nutanix shared parts	sku ^HC[IO]						
HCI-CPU-I5318S	Intel 5318S 2.1GHz/165W 24C/36MB DDR4 2933MHz	Compute Hyperconverged Nutanix	cpu	layered	Compute Hyperconverged with Nutanix	(shared across the line)	Compute Hyperconverged with Nutanix shared parts	sku ^HC[IO]						
HCI-CPU-I5318Y	Cisco HCI-CPU-I5318Y	Compute Hyperconverged Nutanix	cpu	layered	Compute Hyperconverged with Nutanix	(shared across the line)	Compute Hyperconverged with Nutanix shared parts	sku ^HC[IO]						
HCI-CPU-I5320	Cisco HCI-CPU-I5320	Compute Hyperconverged Nutanix	cpu	layered	Compute Hyperconverged with Nutanix	(shared across the line)	Compute Hyperconverged with Nutanix shared parts	sku ^HC[IO]						
HCI-CPU-I5320T	Cisco HCI-CPU-I5320T	Compute Hyperconverged Nutanix	cpu	layered	Compute Hyperconverged with Nutanix	(shared across the line)	Compute Hyperconverged with Nutanix shared parts	sku ^HC[IO]						
HCI-CPU-I5411N1	Cisco HCI-CPU-I5411N1	Compute Hyperconverged Nutanix	cpu	layered	Compute Hyperconverged with Nutanix	(shared across the line)	Compute Hyperconverged with Nutanix shared parts	sku ^HC[IO]						
HCI-CPU-I5412U1	Cisco HCI-CPU-I5412U1	Compute Hyperconverged Nutanix	cpu	layered	Compute Hyperconverged with Nutanix	(shared across the line)	Compute Hyperconverged with Nutanix shared parts	sku ^HC[IO]						
HCI-CPU-I5512U1	Cisco HCI-CPU-I5512U1	Compute Hyperconverged Nutanix	cpu	layered	Compute Hyperconverged with Nutanix	(shared across the line)	Compute Hyperconverged with Nutanix shared parts	sku ^HC[IO]						
HCI-CPU-I6312U4	Cisco HCI-CPU-I6312U4	Compute Hyperconverged Nutanix	cpu	layered	Compute Hyperconverged with Nutanix	(shared across the line)	Compute Hyperconverged with Nutanix shared parts	sku ^HC[IO]						
HCI-CPU-I6312U5	Cisco HCI-CPU-I6312U5	Compute Hyperconverged Nutanix	cpu	layered	Compute Hyperconverged with Nutanix	(shared across the line)	Compute Hyperconverged with Nutanix shared parts	sku ^HC[IO]						
HCI-CPU-I6314U3	Cisco HCI-CPU-I6314U3	Compute Hyperconverged Nutanix	cpu	layered	Compute Hyperconverged with Nutanix	(shared across the line)	Compute Hyperconverged with Nutanix shared parts	sku ^HC[IO]						
HCI-CPU-I6314U4	Cisco HCI-CPU-I6314U4	Compute Hyperconverged Nutanix	cpu	layered	Compute Hyperconverged with Nutanix	(shared across the line)	Compute Hyperconverged with Nutanix shared parts	sku ^HC[IO]						
HCI-CPU-I6326	Cisco HCI-CPU-I6326	Compute Hyperconverged Nutanix	cpu	layered	Compute Hyperconverged with Nutanix	(shared across the line)	Compute Hyperconverged with Nutanix shared parts	sku ^HC[IO]						
HCI-CPU-I6330	Cisco HCI-CPU-I6330	Compute Hyperconverged Nutanix	cpu	layered	Compute Hyperconverged with Nutanix	(shared across the line)	Compute Hyperconverged with Nutanix shared parts	sku ^HC[IO]						
HCI-CPU-I6330N	Cisco HCI-CPU-I6330N	Compute Hyperconverged Nutanix	cpu	layered	Compute Hyperconverged with Nutanix	(shared across the line)	Compute Hyperconverged with Nutanix shared parts	sku ^HC[IO]						
HCI-CPU-I6334	Cisco HCI-CPU-I6334	Compute Hyperconverged Nutanix	cpu	layered	Compute Hyperconverged with Nutanix	(shared across the line)	Compute Hyperconverged with Nutanix shared parts	sku ^HC[IO]						
HCI-CPU-I6336Y	Cisco HCI-CPU-I6336Y	Compute Hyperconverged Nutanix	cpu	layered	Compute Hyperconverged with Nutanix	(shared across the line)	Compute Hyperconverged with Nutanix shared parts	sku ^HC[IO]						
HCI-CPU-I6338	Cisco HCI-CPU-I6338	Compute Hyperconverged Nutanix	cpu	layered	Compute Hyperconverged with Nutanix	(shared across the line)	Compute Hyperconverged with Nutanix shared parts	sku ^HC[IO]						
HCI-CPU-I6338N	Cisco HCI-CPU-I6338N	Compute Hyperconverged Nutanix	cpu	layered	Compute Hyperconverged with Nutanix	(shared across the line)	Compute Hyperconverged with Nutanix shared parts	sku ^HC[IO]						
HCI-CPU-I6338T	Cisco HCI-CPU-I6338T	Compute Hyperconverged Nutanix	cpu	layered	Compute Hyperconverged with Nutanix	(shared across the line)	Compute Hyperconverged with Nutanix shared parts	sku ^HC[IO]						
HCI-CPU-I6342	Cisco HCI-CPU-I6342	Compute Hyperconverged Nutanix	cpu	layered	Compute Hyperconverged with Nutanix	(shared across the line)	Compute Hyperconverged with Nutanix shared parts	sku ^HC[IO]						
HCI-CPU-I6346	Cisco HCI-CPU-I6346	Compute Hyperconverged Nutanix	cpu	layered	Compute Hyperconverged with Nutanix	(shared across the line)	Compute Hyperconverged with Nutanix shared parts	sku ^HC[IO]						
HCI-CPU-I6348	Cisco HCI-CPU-I6348	Compute Hyperconverged Nutanix	cpu	layered	Compute Hyperconverged with Nutanix	(shared across the line)	Compute Hyperconverged with Nutanix shared parts	sku ^HC[IO]						
HCI-CPU-I6354	Intel 6354 3.0GHz/205W 18C/39MB DDR4 3200MHz	Compute Hyperconverged Nutanix	cpu	layered	Compute Hyperconverged with Nutanix	(shared across the line)	Compute Hyperconverged with Nutanix shared parts	sku ^HC[IO]						
HCI-CPU-I6414U1	Cisco HCI-CPU-I6414U1	Compute Hyperconverged Nutanix	cpu	layered	Compute Hyperconverged with Nutanix	(shared across the line)	Compute Hyperconverged with Nutanix shared parts	sku ^HC[IO]						
HCI-CPU-I6421N1	Cisco HCI-CPU-I6421N1	Compute Hyperconverged Nutanix	cpu	layered	Compute Hyperconverged with Nutanix	(shared across the line)	Compute Hyperconverged with Nutanix shared parts	sku ^HC[IO]						
HCI-CPU-I6434	Cisco HCI-CPU-I6434	Compute Hyperconverged Nutanix	cpu	layered	Compute Hyperconverged with Nutanix	(shared across the line)	Compute Hyperconverged with Nutanix shared parts	sku ^HC[IO]						
HCI-CPU-I6438M	Cisco HCI-CPU-I6438M	Compute Hyperconverged Nutanix	cpu	layered	Compute Hyperconverged with Nutanix	(shared across the line)	Compute Hyperconverged with Nutanix shared parts	sku ^HC[IO]						
HCI-CPU-I6438Y+	Cisco HCI-CPU-I6438Y+	Compute Hyperconverged Nutanix	cpu	layered	Compute Hyperconverged with Nutanix	(shared across the line)	Compute Hyperconverged with Nutanix shared parts	sku ^HC[IO]						
HCI-CPU-I6454S	Cisco HCI-CPU-I6454S	Compute Hyperconverged Nutanix	cpu	layered	Compute Hyperconverged with Nutanix	(shared across the line)	Compute Hyperconverged with Nutanix shared parts	sku ^HC[IO]						
HCI-CPU-I6505P	Cisco HCI-CPU-I6505P	Compute Hyperconverged Nutanix	cpu	layered	Compute Hyperconverged with Nutanix	(shared across the line)	Compute Hyperconverged with Nutanix shared parts	sku ^HC[IO]						
HCI-CPU-I6507P	Cisco HCI-CPU-I6507P	Compute Hyperconverged Nutanix	cpu	layered	Compute Hyperconverged with Nutanix	(shared across the line)	Compute Hyperconverged with Nutanix shared parts	sku ^HC[IO]						
HCI-CPU-I6511P1	Cisco HCI-CPU-I6511P1	Compute Hyperconverged Nutanix	cpu	layered	Compute Hyperconverged with Nutanix	(shared across the line)	Compute Hyperconverged with Nutanix shared parts	sku ^HC[IO]						
HCI-CPU-I6515P	Cisco HCI-CPU-I6515P	Compute Hyperconverged Nutanix	cpu	layered	Compute Hyperconverged with Nutanix	(shared across the line)	Compute Hyperconverged with Nutanix shared parts	sku ^HC[IO]						
HCI-CPU-I6517P	Cisco HCI-CPU-I6517P	Compute Hyperconverged Nutanix	cpu	layered	Compute Hyperconverged with Nutanix	(shared across the line)	Compute Hyperconverged with Nutanix shared parts	sku ^HC[IO]						
HCI-CPU-I6520P	Cisco HCI-CPU-I6520P	Compute Hyperconverged Nutanix	cpu	layered	Compute Hyperconverged with Nutanix	(shared across the line)	Compute Hyperconverged with Nutanix shared parts	sku ^HC[IO]						
HCI-CPU-I6521P1	Cisco HCI-CPU-I6521P1	Compute Hyperconverged Nutanix	cpu	layered	Compute Hyperconverged with Nutanix	(shared across the line)	Compute Hyperconverged with Nutanix shared parts	sku ^HC[IO]						
HCI-CPU-I6527P	Cisco HCI-CPU-I6527P	Compute Hyperconverged Nutanix	cpu	layered	Compute Hyperconverged with Nutanix	(shared across the line)	Compute Hyperconverged with Nutanix shared parts	sku ^HC[IO]						
HCI-CPU-I6530P	Cisco HCI-CPU-I6530P	Compute Hyperconverged Nutanix	cpu	layered	Compute Hyperconverged with Nutanix	(shared across the line)	Compute Hyperconverged with Nutanix shared parts	sku ^HC[IO]						
HCI-CPU-I6538Y+	Cisco HCI-CPU-I6538Y+	Compute Hyperconverged Nutanix	cpu	layered	Compute Hyperconverged with Nutanix	(shared across the line)	Compute Hyperconverged with Nutanix shared parts	sku ^HC[IO]						
HCI-CPU-I6548N	Cisco HCI-CPU-I6548N	Compute Hyperconverged Nutanix	cpu	layered	Compute Hyperconverged with Nutanix	(shared across the line)	Compute Hyperconverged with Nutanix shared parts	sku ^HC[IO]						
HCI-CPU-I6554S	Cisco HCI-CPU-I6554S	Compute Hyperconverged Nutanix	cpu	layered	Compute Hyperconverged with Nutanix	(shared across the line)	Compute Hyperconverged with Nutanix shared parts	sku ^HC[IO]						
HCI-CPU-I6714P	Cisco HCI-CPU-I6714P	Compute Hyperconverged Nutanix	cpu	layered	Compute Hyperconverged with Nutanix	(shared across the line)	Compute Hyperconverged with Nutanix shared parts	sku ^HC[IO]						
HCI-CPU-I6724P	Cisco HCI-CPU-I6724P	Compute Hyperconverged Nutanix	cpu	layered	Compute Hyperconverged with Nutanix	(shared across the line)	Compute Hyperconverged with Nutanix shared parts	sku ^HC[IO]						
HCI-CPU-I6728P	Cisco HCI-CPU-I6728P	Compute Hyperconverged Nutanix	cpu	layered	Compute Hyperconverged with Nutanix	(shared across the line)	Compute Hyperconverged with Nutanix shared parts	sku ^HC[IO]						
HCI-CPU-I6730P	Cisco HCI-CPU-I6730P	Compute Hyperconverged Nutanix	cpu	layered	Compute Hyperconverged with Nutanix	(shared across the line)	Compute Hyperconverged with Nutanix shared parts	sku ^HC[IO]						
HCI-CPU-I6731P1	Cisco HCI-CPU-I6731P1	Compute Hyperconverged Nutanix	cpu	layered	Compute Hyperconverged with Nutanix	(shared across the line)	Compute Hyperconverged with Nutanix shared parts	sku ^HC[IO]						
HCI-CPU-I6736P	Cisco HCI-CPU-I6736P	Compute Hyperconverged Nutanix	cpu	layered	Compute Hyperconverged with Nutanix	(shared across the line)	Compute Hyperconverged with Nutanix shared parts	sku ^HC[IO]						
HCI-CPU-I6737P	Cisco HCI-CPU-I6737P	Compute Hyperconverged Nutanix	cpu	layered	Compute Hyperconverged with Nutanix	(shared across the line)	Compute Hyperconverged with Nutanix shared parts	sku ^HC[IO]						
HCI-CPU-I6740P	Cisco HCI-CPU-I6740P	Compute Hyperconverged Nutanix	cpu	layered	Compute Hyperconverged with Nutanix	(shared across the line)	Compute Hyperconverged with Nutanix shared parts	sku ^HC[IO]						
HCI-CPU-I6741P1	Cisco HCI-CPU-I6741P1	Compute Hyperconverged Nutanix	cpu	layered	Compute Hyperconverged with Nutanix	(shared across the line)	Compute Hyperconverged with Nutanix shared parts	sku ^HC[IO]						
HCI-CPU-I6745P	Cisco HCI-CPU-I6745P	Compute Hyperconverged Nutanix	cpu	layered	Compute Hyperconverged with Nutanix	(shared across the line)	Compute Hyperconverged with Nutanix shared parts	sku ^HC[IO]						
HCI-CPU-I6747P	Cisco HCI-CPU-I6747P	Compute Hyperconverged Nutanix	cpu	layered	Compute Hyperconverged with Nutanix	(shared across the line)	Compute Hyperconverged with Nutanix shared parts	sku ^HC[IO]						
HCI-CPU-I6760P	Cisco HCI-CPU-I6760P	Compute Hyperconverged Nutanix	cpu	layered	Compute Hyperconverged with Nutanix	(shared across the line)	Compute Hyperconverged with Nutanix shared parts	sku ^HC[IO]						
HCI-CPU-I6761P1	Cisco HCI-CPU-I6761P1	Compute Hyperconverged Nutanix	cpu	layered	Compute Hyperconverged with Nutanix	(shared across the line)	Compute Hyperconverged with Nutanix shared parts	sku ^HC[IO]						
HCI-CPU-I6767P	Cisco HCI-CPU-I6767P	Compute Hyperconverged Nutanix	cpu	layered	Compute Hyperconverged with Nutanix	(shared across the line)	Compute Hyperconverged with Nutanix shared parts	sku ^HC[IO]						
HCI-CPU-I6781P1	Cisco HCI-CPU-I6781P1	Compute Hyperconverged Nutanix	cpu	layered	Compute Hyperconverged with Nutanix	(shared across the line)	Compute Hyperconverged with Nutanix shared parts	sku ^HC[IO]						
HCI-CPU-I6787P	Cisco HCI-CPU-I6787P	Compute Hyperconverged Nutanix	cpu	layered	Compute Hyperconverged with Nutanix	(shared across the line)	Compute Hyperconverged with Nutanix shared parts	sku ^HC[IO]						
HCI-CPU-I8351N2	Cisco HCI-CPU-I8351N2	Compute Hyperconverged Nutanix	cpu	layered	Compute Hyperconverged with Nutanix	(shared across the line)	Compute Hyperconverged with Nutanix shared parts	sku ^HC[IO]						
HCI-CPU-I8351N3	Cisco HCI-CPU-I8351N3	Compute Hyperconverged Nutanix	cpu	layered	Compute Hyperconverged with Nutanix	(shared across the line)	Compute Hyperconverged with Nutanix shared parts	sku ^HC[IO]						
HCI-CPU-I8352M	Intel 8352M 2.3GHz/185W 32C/48MB DDR4 3200MHz	Compute Hyperconverged Nutanix	cpu	layered	Compute Hyperconverged with Nutanix	(shared across the line)	Compute Hyperconverged with Nutanix shared parts	sku ^HC[IO]						
HCI-CPU-I8352S	Intel 8352S 2.2GHz/205W 32C/48MB DDR4 3200MHz	Compute Hyperconverged Nutanix	cpu	layered	Compute Hyperconverged with Nutanix	(shared across the line)	Compute Hyperconverged with Nutanix shared parts	sku ^HC[IO]						
HCI-CPU-I8352V	Intel 8352V 2.1GHz/195W 36C/54M DDR4 2933MHz	Compute Hyperconverged Nutanix	cpu	layered	Compute Hyperconverged with Nutanix	(shared across the line)	Compute Hyperconverged with Nutanix shared parts	sku ^HC[IO]						
HCI-CPU-I8352Y	Intel 8352Y 2.2GHz/205W 32C/48MB DDR4 3200MHz	Compute Hyperconverged Nutanix	cpu	layered	Compute Hyperconverged with Nutanix	(shared across the line)	Compute Hyperconverged with Nutanix shared parts	sku ^HC[IO]						
HCI-CPU-I8358	Cisco HCI-CPU-I8358	Compute Hyperconverged Nutanix	cpu	layered	Compute Hyperconverged with Nutanix	(shared across the line)	Compute Hyperconverged with Nutanix shared parts	sku ^HC[IO]						
HCI-CPU-I8358P	Intel 8358P 2.6GHz/240W 32C/48MB DDR4 3200MHz	Compute Hyperconverged Nutanix	cpu	layered	Compute Hyperconverged with Nutanix	(shared across the line)	Compute Hyperconverged with Nutanix shared parts	sku ^HC[IO]						
HCI-CPU-I8360Y	Cisco HCI-CPU-I8360Y	Compute Hyperconverged Nutanix	cpu	layered	Compute Hyperconverged with Nutanix	(shared across the line)	Compute Hyperconverged with Nutanix shared parts	sku ^HC[IO]						
HCI-CPU-I8362	Cisco HCI-CPU-I8362	Compute Hyperconverged Nutanix	cpu	layered	Compute Hyperconverged with Nutanix	(shared across the line)	Compute Hyperconverged with Nutanix shared parts	sku ^HC[IO]						
HCI-CPU-I8368	Intel 8368 2.4GHz/270W 38C/57MB DDR4 3200MHz	Compute Hyperconverged Nutanix	cpu	layered	Compute Hyperconverged with Nutanix	(shared across the line)	Compute Hyperconverged with Nutanix shared parts	sku ^HC[IO]						
HCI-CPU-I8380	Intel 8380 2.3GHz/270W 40C/60MB DDR4 3200MHz	Compute Hyperconverged Nutanix	cpu	layered	Compute Hyperconverged with Nutanix	(shared across the line)	Compute Hyperconverged with Nutanix shared parts	sku ^HC[IO]						
HCI-CPU-I8460Y+	Cisco HCI-CPU-I8460Y+	Compute Hyperconverged Nutanix	cpu	layered	Compute Hyperconverged with Nutanix	(shared across the line)	Compute Hyperconverged with Nutanix shared parts	sku ^HC[IO]						
HCI-CPU-I8461V1	Cisco HCI-CPU-I8461V1	Compute Hyperconverged Nutanix	cpu	layered	Compute Hyperconverged with Nutanix	(shared across the line)	Compute Hyperconverged with Nutanix shared parts	sku ^HC[IO]						
HCI-CPU-I8471N1	Cisco HCI-CPU-I8471N1	Compute Hyperconverged Nutanix	cpu	layered	Compute Hyperconverged with Nutanix	(shared across the line)	Compute Hyperconverged with Nutanix shared parts	sku ^HC[IO]						
HCI-CPU-I8558U1	Cisco HCI-CPU-I8558U1	Compute Hyperconverged Nutanix	cpu	layered	Compute Hyperconverged with Nutanix	(shared across the line)	Compute Hyperconverged with Nutanix shared parts	sku ^HC[IO]						
HCI-CPU-I8571N1	Cisco HCI-CPU-I8571N1	Compute Hyperconverged Nutanix	cpu	layered	Compute Hyperconverged with Nutanix	(shared across the line)	Compute Hyperconverged with Nutanix shared parts	sku ^HC[IO]						
HCI-CPU-I8581V1	Cisco HCI-CPU-I8581V1	Compute Hyperconverged Nutanix	cpu	layered	Compute Hyperconverged with Nutanix	(shared across the line)	Compute Hyperconverged with Nutanix shared parts	sku ^HC[IO]						
HCI-FI-64108-M6	Cisco Compute Hyperconverged Fabric Interconnect 64108	Compute Hyperconverged Nutanix	fabric-interconnect	layered	Compute Hyperconverged with Nutanix		HCI fabric interconnects and X-Fabric	sku ^HC[IO]X?-F[IS]						
HCI-FI-6454-M6	Cisco Compute Hyperconverged Fabric Interconnect 6454	Compute Hyperconverged Nutanix	fabric-interconnect	layered	Compute Hyperconverged with Nutanix		HCI fabric interconnects and X-Fabric	sku ^HC[IO]X?-F[IS]						
HCI-FI-6536-M6	Cisco Compute Hyperconverged Fabric Interconnect 6536	Compute Hyperconverged Nutanix	fabric-interconnect	layered	Compute Hyperconverged with Nutanix		HCI fabric interconnects and X-Fabric	sku ^HC[IO]X?-F[IS]						
HCI-FI-MANAGED	Cisco HCI-FI-MANAGED	Compute Hyperconverged Nutanix	fabric-interconnect	layered	Compute Hyperconverged with Nutanix		HCI fabric interconnects and X-Fabric	sku ^HC[IO]X?-F[IS]						
HCI-FI-MANAGED-M6	Deployment mode for Server Managed by FI	Compute Hyperconverged Nutanix	fabric-interconnect	layered	Compute Hyperconverged with Nutanix		HCI fabric interconnects and X-Fabric	sku ^HC[IO]X?-F[IS]						
HCI-GPU-A10-M6	TESLA A10, PASSIVE, 150W, 24GB	Compute Hyperconverged Nutanix	gpu	layered	Compute Hyperconverged with Nutanix	(shared across the line)	Compute Hyperconverged with Nutanix shared parts	sku ^HC[IO]						
HCI-GPU-A10-M6=	TESLA A10, PASSIVE, 150W, 24GB	Compute Hyperconverged Nutanix	gpu	layered	Compute Hyperconverged with Nutanix	(shared across the line)	Compute Hyperconverged with Nutanix shared parts	sku ^HC[IO]						
HCI-GPU-A100-80-M6	Cisco HCI-GPU-A100-80-M6	Compute Hyperconverged Nutanix	gpu	layered	Compute Hyperconverged with Nutanix	(shared across the line)	Compute Hyperconverged with Nutanix shared parts	sku ^HC[IO]						
HCI-GPU-A100-80M6	TESLA A100, PASSIVE, 300W, 80GB	Compute Hyperconverged Nutanix	gpu	layered	Compute Hyperconverged with Nutanix	(shared across the line)	Compute Hyperconverged with Nutanix shared parts	sku ^HC[IO]						
HCI-GPU-A100-80M6=	TESLA A100, PASSIVE, 300W, 80GB	Compute Hyperconverged Nutanix	gpu	layered	Compute Hyperconverged with Nutanix	(shared across the line)	Compute Hyperconverged with Nutanix shared parts	sku ^HC[IO]						
HCI-GPU-A16-M6	NVIDIA A16 PCIE 250W 4X16GB	Compute Hyperconverged Nutanix	gpu	layered	Compute Hyperconverged with Nutanix	(shared across the line)	Compute Hyperconverged with Nutanix shared parts	sku ^HC[IO]						
HCI-GPU-A16-M6=	NVIDIA A16 PCIE 250W 4X16GB	Compute Hyperconverged Nutanix	gpu	layered	Compute Hyperconverged with Nutanix	(shared across the line)	Compute Hyperconverged with Nutanix shared parts	sku ^HC[IO]						
HCI-GPU-A30-M6	TESLA A30, PASSIVE, 180W, 24GB	Compute Hyperconverged Nutanix	gpu	layered	Compute Hyperconverged with Nutanix	(shared across the line)	Compute Hyperconverged with Nutanix shared parts	sku ^HC[IO]						
HCI-GPU-A30-M6=	TESLA A30, PASSIVE, 180W, 24GB	Compute Hyperconverged Nutanix	gpu	layered	Compute Hyperconverged with Nutanix	(shared across the line)	Compute Hyperconverged with Nutanix shared parts	sku ^HC[IO]						
HCI-GPU-A40-M6	TESLA A40 RTX, PASSIVE, 300W, 48GB	Compute Hyperconverged Nutanix	gpu	layered	Compute Hyperconverged with Nutanix	(shared across the line)	Compute Hyperconverged with Nutanix shared parts	sku ^HC[IO]						
HCI-GPU-A40-M6=	TESLA A40 RTX, PASSIVE, 300W, 48GB	Compute Hyperconverged Nutanix	gpu	layered	Compute Hyperconverged with Nutanix	(shared across the line)	Compute Hyperconverged with Nutanix shared parts	sku ^HC[IO]						
HCI-GPU-H100-NVL	Cisco HCI-GPU-H100-NVL	Compute Hyperconverged Nutanix	gpu	layered	Compute Hyperconverged with Nutanix	(shared across the line)	Compute Hyperconverged with Nutanix shared parts	sku ^HC[IO]						
HCI-GPU-L4	Cisco HCI-GPU-L4	Compute Hyperconverged Nutanix	gpu	layered	Compute Hyperconverged with Nutanix	(shared across the line)	Compute Hyperconverged with Nutanix shared parts	sku ^HC[IO]						
HCI-GPU-L40S	Cisco HCI-GPU-L40S	Compute Hyperconverged Nutanix	gpu	layered	Compute Hyperconverged with Nutanix	(shared across the line)	Compute Hyperconverged with Nutanix shared parts	sku ^HC[IO]						
HCI-GPU-T4-16	NVIDIA T4 PCIE 75W 16GB	Compute Hyperconverged Nutanix	gpu	layered	Compute Hyperconverged with Nutanix	(shared across the line)	Compute Hyperconverged with Nutanix shared parts	sku ^HC[IO]						
HCI-GPU-T4-16=	NVIDIA T4 PCIE 75W 16GB	Compute Hyperconverged Nutanix	gpu	layered	Compute Hyperconverged with Nutanix	(shared across the line)	Compute Hyperconverged with Nutanix shared parts	sku ^HC[IO]						
HCI-GPURKIT-C220	GPU Riser Bracket assy kit C220 / C225 1U	Compute Hyperconverged Nutanix	gpu	layered	Compute Hyperconverged with Nutanix		HCI C220 nodes	sku ^(?=HC[IO]).*(?<![A-Z0-9])C220(?![0-9])						
HCI-GPURKIT-C220=	GPU Riser Bracket assy kit C220 / C225 1U	Compute Hyperconverged Nutanix	gpu	layered	Compute Hyperconverged with Nutanix		HCI C220 nodes	sku ^(?=HC[IO]).*(?<![A-Z0-9])C220(?![0-9])						
HCI-HBAMP1LL32	Cisco HCI-HBAMP1LL32	Compute Hyperconverged Nutanix	storage-controller	layered	Compute Hyperconverged with Nutanix	(shared across the line)	Compute Hyperconverged with Nutanix shared parts	sku ^HC[IO]						
HCI-HDL16TT2S74K	Cisco HCI-HDL16TT2S74K	Compute Hyperconverged Nutanix	drive	layered	Compute Hyperconverged with Nutanix	(shared across the line)	Compute Hyperconverged with Nutanix shared parts	sku ^HC[IO]						
HCI-HDL20TT1S74K	Cisco HCI-HDL20TT1S74K	Compute Hyperconverged Nutanix	drive	layered	Compute Hyperconverged with Nutanix	(shared across the line)	Compute Hyperconverged with Nutanix shared parts	sku ^HC[IO]						
HCI-HDL20TT2S74K	Cisco HCI-HDL20TT2S74K	Compute Hyperconverged Nutanix	drive	layered	Compute Hyperconverged with Nutanix	(shared across the line)	Compute Hyperconverged with Nutanix shared parts	sku ^HC[IO]						
HCI-HDL20TW1S74K	Cisco HCI-HDL20TW1S74K	Compute Hyperconverged Nutanix	drive	layered	Compute Hyperconverged with Nutanix	(shared across the line)	Compute Hyperconverged with Nutanix shared parts	sku ^HC[IO]						
HCI-HDL24TW1S74K1	Cisco HCI-HDL24TW1S74K1	Compute Hyperconverged Nutanix	drive	layered	Compute Hyperconverged with Nutanix	(shared across the line)	Compute Hyperconverged with Nutanix shared parts	sku ^HC[IO]						
HCI-HDM16TT2S74K	Cisco HCI-HDM16TT2S74K	Compute Hyperconverged Nutanix	drive	layered	Compute Hyperconverged with Nutanix	(shared across the line)	Compute Hyperconverged with Nutanix shared parts	sku ^HC[IO]						
HCI-HDM20TT1S74K	Cisco HCI-HDM20TT1S74K	Compute Hyperconverged Nutanix	drive	layered	Compute Hyperconverged with Nutanix	(shared across the line)	Compute Hyperconverged with Nutanix shared parts	sku ^HC[IO]						
HCI-HDM20TT2S74K	Cisco HCI-HDM20TT2S74K	Compute Hyperconverged Nutanix	drive	layered	Compute Hyperconverged with Nutanix	(shared across the line)	Compute Hyperconverged with Nutanix shared parts	sku ^HC[IO]						
HCI-HDM20TW1S74K	Cisco HCI-HDM20TW1S74K	Compute Hyperconverged Nutanix	drive	layered	Compute Hyperconverged with Nutanix	(shared across the line)	Compute Hyperconverged with Nutanix shared parts	sku ^HC[IO]						
HCI-HDM24TW1S74K1	Cisco HCI-HDM24TW1S74K1	Compute Hyperconverged Nutanix	drive	layered	Compute Hyperconverged with Nutanix	(shared across the line)	Compute Hyperconverged with Nutanix shared parts	sku ^HC[IO]						
HCI-INT-SW02	Cisco HCI-INT-SW02	Compute Hyperconverged Nutanix	accessory	layered	Compute Hyperconverged with Nutanix	(shared across the line)	Compute Hyperconverged with Nutanix shared parts	sku ^HC[IO]						
HCI-INT-SW02-M6	C220 and C240 M6 Chassis Intrusion Switch	Compute Hyperconverged Nutanix	accessory	layered	Compute Hyperconverged with Nutanix	(shared across the line)	Compute Hyperconverged with Nutanix shared parts	sku ^HC[IO]						
HCI-M-V100-04	Cisco UCS VIC 1477 dual port 40/100G QSFP28 mLOM	Compute Hyperconverged Nutanix	nic	layered	Compute Hyperconverged with Nutanix	(shared across the line)	Compute Hyperconverged with Nutanix shared parts	sku ^HC[IO]						
HCI-M-V100-04=	Cisco UCS VIC 1477 dual port 40/100G QSFP28 mLOM	Compute Hyperconverged Nutanix	nic	layered	Compute Hyperconverged with Nutanix	(shared across the line)	Compute Hyperconverged with Nutanix shared parts	sku ^HC[IO]						
HCI-M-V25-04	Cisco UCS VIC 1467 quad port 10/25G SFP28 mLOM	Compute Hyperconverged Nutanix	nic	layered	Compute Hyperconverged with Nutanix	(shared across the line)	Compute Hyperconverged with Nutanix shared parts	sku ^HC[IO]						
HCI-M-V25-04=	Cisco UCS VIC 1467 quad port 25G SFP28 mLOM	Compute Hyperconverged Nutanix	nic	layered	Compute Hyperconverged with Nutanix	(shared across the line)	Compute Hyperconverged with Nutanix shared parts	sku ^HC[IO]						
HCI-M-V5D200GV2	Cisco HCI-M-V5D200GV2	Compute Hyperconverged Nutanix	nic	layered	Compute Hyperconverged with Nutanix	(shared across the line)	Compute Hyperconverged with Nutanix shared parts	sku ^HC[IO]						
HCI-M-V5D200GV2M6	Cisco VIC 15237 2x 40/100/200G mLOM C-Series w/Secure Boot	Compute Hyperconverged Nutanix	nic	layered	Compute Hyperconverged with Nutanix	(shared across the line)	Compute Hyperconverged with Nutanix shared parts	sku ^HC[IO]						
HCI-M-V5D200GV2M6=	Cisco VIC 15237 2x 40/100/200G mLOM C-Series w/Secure Boot	Compute Hyperconverged Nutanix	nic	layered	Compute Hyperconverged with Nutanix	(shared across the line)	Compute Hyperconverged with Nutanix shared parts	sku ^HC[IO]						
HCI-M-V5Q50GV2	Cisco HCI-M-V5Q50GV2	Compute Hyperconverged Nutanix	nic	layered	Compute Hyperconverged with Nutanix	(shared across the line)	Compute Hyperconverged with Nutanix shared parts	sku ^HC[IO]						
HCI-M-V5Q50GV2-M6	Cisco VIC 15427 4x 10/25/50G mLOM C-Series w/Secure Boot	Compute Hyperconverged Nutanix	nic	layered	Compute Hyperconverged with Nutanix	(shared across the line)	Compute Hyperconverged with Nutanix shared parts	sku ^HC[IO]						
HCI-M-V5Q50GV2-M6=	Cisco VIC 15427 4x 10/25/50G mLOM C-Series w/Secure Boot	Compute Hyperconverged Nutanix	nic	layered	Compute Hyperconverged with Nutanix	(shared across the line)	Compute Hyperconverged with Nutanix shared parts	sku ^HC[IO]						
HCI-M2-240G	Cisco HCI-M2-240G	Compute Hyperconverged Nutanix	drive	layered	Compute Hyperconverged with Nutanix	(shared across the line)	Compute Hyperconverged with Nutanix shared parts	sku ^HC[IO]						
HCI-M2-240G-M6	240GB SATA M.2	Compute Hyperconverged Nutanix	drive	layered	Compute Hyperconverged with Nutanix	(shared across the line)	Compute Hyperconverged with Nutanix shared parts	sku ^HC[IO]						
HCI-M2-480G	Cisco HCI-M2-480G	Compute Hyperconverged Nutanix	drive	layered	Compute Hyperconverged with Nutanix	(shared across the line)	Compute Hyperconverged with Nutanix shared parts	sku ^HC[IO]						
HCI-M2-960G	Cisco HCI-M2-960G	Compute Hyperconverged Nutanix	drive	layered	Compute Hyperconverged with Nutanix	(shared across the line)	Compute Hyperconverged with Nutanix shared parts	sku ^HC[IO]						
HCI-M2-HWRAID	Cisco HCI-M2-HWRAID	Compute Hyperconverged Nutanix	storage-controller	layered	Compute Hyperconverged with Nutanix	(shared across the line)	Compute Hyperconverged with Nutanix shared parts	sku ^HC[IO]						
HCI-M2-HWRAID-M6	Cisco Boot optimized M.2 Raid controller	Compute Hyperconverged Nutanix	storage-controller	layered	Compute Hyperconverged with Nutanix	(shared across the line)	Compute Hyperconverged with Nutanix shared parts	sku ^HC[IO]						
HCI-M2-HWRAID2	Cisco HCI-M2-HWRAID2	Compute Hyperconverged Nutanix	storage-controller	layered	Compute Hyperconverged with Nutanix	(shared across the line)	Compute Hyperconverged with Nutanix shared parts	sku ^HC[IO]						
HCI-M2-I240GB	240GB M.2 Boot SATA Intel SSD	Compute Hyperconverged Nutanix	drive	layered	Compute Hyperconverged with Nutanix	(shared across the line)	Compute Hyperconverged with Nutanix shared parts	sku ^HC[IO]						
HCI-M2-I240GB-M6	240GB SATA M.2 SSD	Compute Hyperconverged Nutanix	drive	layered	Compute Hyperconverged with Nutanix	(shared across the line)	Compute Hyperconverged with Nutanix shared parts	sku ^HC[IO]						
HCI-M2-I240GB=	240GB M.2 Boot SATA Intel SSD	Compute Hyperconverged Nutanix	drive	layered	Compute Hyperconverged with Nutanix	(shared across the line)	Compute Hyperconverged with Nutanix shared parts	sku ^HC[IO]						
HCI-M2-I480GB	480GB M.2 Boot SATA Intel SSD	Compute Hyperconverged Nutanix	drive	layered	Compute Hyperconverged with Nutanix	(shared across the line)	Compute Hyperconverged with Nutanix shared parts	sku ^HC[IO]						
HCI-M2-I480GB=	480GB M.2 Boot SATA Intel SSD	Compute Hyperconverged Nutanix	drive	layered	Compute Hyperconverged with Nutanix	(shared across the line)	Compute Hyperconverged with Nutanix shared parts	sku ^HC[IO]						
HCI-M2240OA1V	Cisco HCI-M2240OA1V	Compute Hyperconverged Nutanix	drive	layered	Compute Hyperconverged with Nutanix	(shared across the line)	Compute Hyperconverged with Nutanix shared parts	sku ^HC[IO]						
HCI-M2240OA1V-M6	Cisco HCI-M2240OA1V-M6	Compute Hyperconverged Nutanix	drive	layered	Compute Hyperconverged with Nutanix	(shared across the line)	Compute Hyperconverged with Nutanix shared parts	sku ^HC[IO]						
HCI-M2240OA1V=	Cisco HCI-M2240OA1V=	Compute Hyperconverged Nutanix	drive	layered	Compute Hyperconverged with Nutanix	(shared across the line)	Compute Hyperconverged with Nutanix shared parts	sku ^HC[IO]						
HCI-M2240OA1VM6	240GB M.2 Boot Solidigm S4520 SATA 1X SSD	Compute Hyperconverged Nutanix	drive	layered	Compute Hyperconverged with Nutanix	(shared across the line)	Compute Hyperconverged with Nutanix shared parts	sku ^HC[IO]						
HCI-M2240OA1VM6=	240GB M.2 Boot Solidigm S4520 SATA 1X SSD	Compute Hyperconverged Nutanix	drive	layered	Compute Hyperconverged with Nutanix	(shared across the line)	Compute Hyperconverged with Nutanix shared parts	sku ^HC[IO]						
HCI-M2480OA1V	Cisco HCI-M2480OA1V	Compute Hyperconverged Nutanix	drive	layered	Compute Hyperconverged with Nutanix	(shared across the line)	Compute Hyperconverged with Nutanix shared parts	sku ^HC[IO]						
HCI-M2480OA1V=	Cisco HCI-M2480OA1V=	Compute Hyperconverged Nutanix	drive	layered	Compute Hyperconverged with Nutanix	(shared across the line)	Compute Hyperconverged with Nutanix shared parts	sku ^HC[IO]						
HCI-M2480OA1VM6	480GB M.2 Boot Solidigm S4520 SATA 1X SSD	Compute Hyperconverged Nutanix	drive	layered	Compute Hyperconverged with Nutanix	(shared across the line)	Compute Hyperconverged with Nutanix shared parts	sku ^HC[IO]						
HCI-M2480OA1VM6=	480GB M.2 Boot Solidigm S4520 SATA 1X SSD	Compute Hyperconverged Nutanix	drive	layered	Compute Hyperconverged with Nutanix	(shared across the line)	Compute Hyperconverged with Nutanix shared parts	sku ^HC[IO]						
HCI-M6-MLB	Cisco Compute Hyperconverged M6 with Nutanix MLB	Compute Hyperconverged Nutanix	bundle	layered	Compute Hyperconverged with Nutanix	(shared across the line)	Compute Hyperconverged with Nutanix shared parts	sku ^HC[IO]						
HCI-M7-MLB	Cisco Compute Hyperconverged and Compute-Only M7 with Nutanix MLB	Compute Hyperconverged with Nutanix	bundle	layered	Compute Hyperconverged with Nutanix	(shared across the line)	Compute Hyperconverged with Nutanix shared parts	sku ^HC[IO]						
HCI-M8-NTNX-MLB	Cisco Compute Hyperconverged and Compute-Only Node C-Series M8 with Nutanix MLB	Compute Hyperconverged with Nutanix	bundle	layered	Compute Hyperconverged with Nutanix	(shared across the line)	Compute Hyperconverged with Nutanix shared parts	sku ^HC[IO]						
HCI-M8-VSAN-MLB	Cisco Compute Hyperconverged with VMware vSAN M8 Rack Server MLB	Compute Hyperconverged with VMware vSAN	bundle	layered	Compute Hyperconverged with VMware vSAN		vSAN nodes (C220 / C225 / C240 / C245 / X210c / X215c)	sku ^HC[IO].*VSAN						
HCI-ML-128G4RW	Cisco HCI-ML-128G4RW	Compute Hyperconverged Nutanix	memory	layered	Compute Hyperconverged with Nutanix	(shared across the line)	Compute Hyperconverged with Nutanix shared parts	sku ^HC[IO]						
HCI-ML-256G8RW1	Cisco HCI-ML-256G8RW1	Compute Hyperconverged Nutanix	memory	layered	Compute Hyperconverged with Nutanix	(shared across the line)	Compute Hyperconverged with Nutanix shared parts	sku ^HC[IO]						
HCI-MLOM	Cisco HCI-MLOM	Compute Hyperconverged Nutanix	memory	layered	Compute Hyperconverged with Nutanix	(shared across the line)	Compute Hyperconverged with Nutanix shared parts	sku ^HC[IO]						
HCI-MLOM-M6	Cisco VIC Connectivity	Compute Hyperconverged Nutanix	memory	layered	Compute Hyperconverged with Nutanix	(shared across the line)	Compute Hyperconverged with Nutanix shared parts	sku ^HC[IO]						
HCI-MR-X16G1RW	Cisco HCI-MR-X16G1RW	Compute Hyperconverged Nutanix	memory	layered	Compute Hyperconverged with Nutanix	(shared across the line)	Compute Hyperconverged with Nutanix shared parts	sku ^HC[IO]						
HCI-MR-X32G1RW	Cisco HCI-MR-X32G1RW	Compute Hyperconverged Nutanix	memory	layered	Compute Hyperconverged with Nutanix	(shared across the line)	Compute Hyperconverged with Nutanix shared parts	sku ^HC[IO]						
HCI-MR-X32G2RW	Cisco HCI-MR-X32G2RW	Compute Hyperconverged Nutanix	memory	layered	Compute Hyperconverged with Nutanix	(shared across the line)	Compute Hyperconverged with Nutanix shared parts	sku ^HC[IO]						
HCI-MR-X64G2RW	Cisco HCI-MR-X64G2RW	Compute Hyperconverged Nutanix	memory	layered	Compute Hyperconverged with Nutanix	(shared across the line)	Compute Hyperconverged with Nutanix shared parts	sku ^HC[IO]						
HCI-MR128G2RG33	Cisco HCI-MR128G2RG33	Compute Hyperconverged Nutanix	memory	layered	Compute Hyperconverged with Nutanix	(shared across the line)	Compute Hyperconverged with Nutanix shared parts	sku ^HC[IO]						
HCI-MR128G4RE33	Cisco HCI-MR128G4RE33	Compute Hyperconverged Nutanix	memory	layered	Compute Hyperconverged with Nutanix	(shared across the line)	Compute Hyperconverged with Nutanix shared parts	sku ^HC[IO]						
HCI-MR256G4RG5	Cisco HCI-MR256G4RG5	Compute Hyperconverged Nutanix	memory	layered	Compute Hyperconverged with Nutanix	(shared across the line)	Compute Hyperconverged with Nutanix shared parts	sku ^HC[IO]						
HCI-MRX32G2RE5	Cisco HCI-MRX32G2RE5	Compute Hyperconverged Nutanix	memory	layered	Compute Hyperconverged with Nutanix	(shared across the line)	Compute Hyperconverged with Nutanix shared parts	sku ^HC[IO]						
HCI-MRX48G1RF32	Cisco HCI-MRX48G1RF32	Compute Hyperconverged Nutanix	memory	layered	Compute Hyperconverged with Nutanix	(shared across the line)	Compute Hyperconverged with Nutanix shared parts	sku ^HC[IO]						
HCI-MRX64G2RE3	Cisco HCI-MRX64G2RE3	Compute Hyperconverged Nutanix	memory	layered	Compute Hyperconverged with Nutanix	(shared across the line)	Compute Hyperconverged with Nutanix shared parts	sku ^HC[IO]						
HCI-MRX96G2RF32	Cisco HCI-MRX96G2RF32	Compute Hyperconverged Nutanix	memory	layered	Compute Hyperconverged with Nutanix	(shared across the line)	Compute Hyperconverged with Nutanix shared parts	sku ^HC[IO]						
HCI-MRX96G2RF5	Cisco HCI-MRX96G2RF5	Compute Hyperconverged Nutanix	memory	layered	Compute Hyperconverged with Nutanix	(shared across the line)	Compute Hyperconverged with Nutanix shared parts	sku ^HC[IO]						
HCI-NVB12T8M2P	Cisco HCI-NVB12T8M2P	Compute Hyperconverged Nutanix	drive	layered	Compute Hyperconverged with Nutanix	(shared across the line)	Compute Hyperconverged with Nutanix shared parts	sku ^HC[IO]						
HCI-NVB15T3M2V9	Cisco HCI-NVB15T3M2V9	Compute Hyperconverged Nutanix	drive	layered	Compute Hyperconverged with Nutanix	(shared across the line)	Compute Hyperconverged with Nutanix shared parts	sku ^HC[IO]						
HCI-NVB15TO1V	Cisco HCI-NVB15TO1V	Compute Hyperconverged Nutanix	drive	layered	Compute Hyperconverged with Nutanix	(shared across the line)	Compute Hyperconverged with Nutanix shared parts	sku ^HC[IO]						
HCI-NVB15TO1V-M6	Cisco HCI-NVB15TO1V-M6	Compute Hyperconverged Nutanix	drive	layered	Compute Hyperconverged with Nutanix	(shared across the line)	Compute Hyperconverged with Nutanix shared parts	sku ^HC[IO]						
HCI-NVB15TO1V-M6=	Cisco HCI-NVB15TO1V-M6=	Compute Hyperconverged Nutanix	drive	layered	Compute Hyperconverged with Nutanix	(shared across the line)	Compute Hyperconverged with Nutanix shared parts	sku ^HC[IO]						
HCI-NVB15TO1V=	Cisco HCI-NVB15TO1V=	Compute Hyperconverged Nutanix	drive	layered	Compute Hyperconverged with Nutanix	(shared across the line)	Compute Hyperconverged with Nutanix shared parts	sku ^HC[IO]						
HCI-NVB15TO1VM6	15.3TB 2.5in U.2 15mm Solidigm P5520 Hg Perf Med End 1X NVMe	Compute Hyperconverged Nutanix	drive	layered	Compute Hyperconverged with Nutanix	(shared across the line)	Compute Hyperconverged with Nutanix shared parts	sku ^HC[IO]						
HCI-NVB15TO1VM6=	15.3TB 2.5in U.2 15mm Solidigm P5520 Hg Perf Med End 1X NVMe	Compute Hyperconverged Nutanix	drive	layered	Compute Hyperconverged with Nutanix	(shared across the line)	Compute Hyperconverged with Nutanix shared parts	sku ^HC[IO]						
HCI-NVB1T6O1PM6	1.6TB 2.5in U.2 15mm Solidigm P5620 Hg Perf Hg End 3X NVMe	Compute Hyperconverged Nutanix	drive	layered	Compute Hyperconverged with Nutanix	(shared across the line)	Compute Hyperconverged with Nutanix shared parts	sku ^HC[IO]						
HCI-NVB1T6O1PM6=	1.6TB 2.5in U.2 15mm Solidigm P5620 Hg Perf Hg End 3X NVMe	Compute Hyperconverged Nutanix	drive	layered	Compute Hyperconverged with Nutanix	(shared across the line)	Compute Hyperconverged with Nutanix shared parts	sku ^HC[IO]						
HCI-NVB1T9M2V	Cisco HCI-NVB1T9M2V	Compute Hyperconverged Nutanix	drive	layered	Compute Hyperconverged with Nutanix	(shared across the line)	Compute Hyperconverged with Nutanix shared parts	sku ^HC[IO]						
HCI-NVB1T9O1V	Cisco HCI-NVB1T9O1V	Compute Hyperconverged Nutanix	drive	layered	Compute Hyperconverged with Nutanix	(shared across the line)	Compute Hyperconverged with Nutanix shared parts	sku ^HC[IO]						
HCI-NVB1T9O1V-M6	Cisco HCI-NVB1T9O1V-M6	Compute Hyperconverged Nutanix	drive	layered	Compute Hyperconverged with Nutanix	(shared across the line)	Compute Hyperconverged with Nutanix shared parts	sku ^HC[IO]						
HCI-NVB1T9O1V-M6=	Cisco HCI-NVB1T9O1V-M6=	Compute Hyperconverged Nutanix	drive	layered	Compute Hyperconverged with Nutanix	(shared across the line)	Compute Hyperconverged with Nutanix shared parts	sku ^HC[IO]						
HCI-NVB1T9O1V=	Cisco HCI-NVB1T9O1V=	Compute Hyperconverged Nutanix	drive	layered	Compute Hyperconverged with Nutanix	(shared across the line)	Compute Hyperconverged with Nutanix shared parts	sku ^HC[IO]						
HCI-NVB1T9O1VM6	1.9TB 2.5in U.2 15mm Solidigm P5520 Hg Perf Med End 1X NVMe	Compute Hyperconverged Nutanix	drive	layered	Compute Hyperconverged with Nutanix	(shared across the line)	Compute Hyperconverged with Nutanix shared parts	sku ^HC[IO]						
HCI-NVB1T9O1VM6=	1.9TB 2.5in U.2 15mm Solidigm P5520 Hg Perf Med End 1X NVMe	Compute Hyperconverged Nutanix	drive	layered	Compute Hyperconverged with Nutanix	(shared across the line)	Compute Hyperconverged with Nutanix shared parts	sku ^HC[IO]						
HCI-NVB3T2O1P	Cisco HCI-NVB3T2O1P	Compute Hyperconverged Nutanix	drive	layered	Compute Hyperconverged with Nutanix	(shared across the line)	Compute Hyperconverged with Nutanix shared parts	sku ^HC[IO]						
HCI-NVB3T2O1P=	Cisco HCI-NVB3T2O1P=	Compute Hyperconverged Nutanix	drive	layered	Compute Hyperconverged with Nutanix	(shared across the line)	Compute Hyperconverged with Nutanix shared parts	sku ^HC[IO]						
HCI-NVB3T2O1PM6	3.2TB 2.5in U.2 15mm Solidigm P5620 Hg Perf Hg End 3X NVMe	Compute Hyperconverged Nutanix	drive	layered	Compute Hyperconverged with Nutanix	(shared across the line)	Compute Hyperconverged with Nutanix shared parts	sku ^HC[IO]						
HCI-NVB3T2O1PM6=	3.2TB 2.5in U.2 15mm Solidigm P5620 Hg Perf Hg End 3X NVMe	Compute Hyperconverged Nutanix	drive	layered	Compute Hyperconverged with Nutanix	(shared across the line)	Compute Hyperconverged with Nutanix shared parts	sku ^HC[IO]						
HCI-NVB3T8M2V	Cisco HCI-NVB3T8M2V	Compute Hyperconverged Nutanix	drive	layered	Compute Hyperconverged with Nutanix	(shared across the line)	Compute Hyperconverged with Nutanix shared parts	sku ^HC[IO]						
HCI-NVB3T8M2V9	Cisco HCI-NVB3T8M2V9	Compute Hyperconverged Nutanix	drive	layered	Compute Hyperconverged with Nutanix	(shared across the line)	Compute Hyperconverged with Nutanix shared parts	sku ^HC[IO]						
HCI-NVB3T8O1V	Cisco HCI-NVB3T8O1V	Compute Hyperconverged Nutanix	drive	layered	Compute Hyperconverged with Nutanix	(shared across the line)	Compute Hyperconverged with Nutanix shared parts	sku ^HC[IO]						
HCI-NVB3T8O1V-M6	Cisco HCI-NVB3T8O1V-M6	Compute Hyperconverged Nutanix	drive	layered	Compute Hyperconverged with Nutanix	(shared across the line)	Compute Hyperconverged with Nutanix shared parts	sku ^HC[IO]						
HCI-NVB3T8O1V-M6=	Cisco HCI-NVB3T8O1V-M6=	Compute Hyperconverged Nutanix	drive	layered	Compute Hyperconverged with Nutanix	(shared across the line)	Compute Hyperconverged with Nutanix shared parts	sku ^HC[IO]						
HCI-NVB3T8O1V=	Cisco HCI-NVB3T8O1V=	Compute Hyperconverged Nutanix	drive	layered	Compute Hyperconverged with Nutanix	(shared across the line)	Compute Hyperconverged with Nutanix shared parts	sku ^HC[IO]						
HCI-NVB3T8O1VM6	3.8TB 2.5in U.2 15mm Solidigm P5520 Hg Perf Med End 1X NVMe	Compute Hyperconverged Nutanix	drive	layered	Compute Hyperconverged with Nutanix	(shared across the line)	Compute Hyperconverged with Nutanix shared parts	sku ^HC[IO]						
HCI-NVB3T8O1VM6=	3.8TB 2.5in U.2 15mm Solidigm P5520 Hg Perf Med End 1X NVMe	Compute Hyperconverged Nutanix	drive	layered	Compute Hyperconverged with Nutanix	(shared across the line)	Compute Hyperconverged with Nutanix shared parts	sku ^HC[IO]						
HCI-NVB6T4O1P	Cisco HCI-NVB6T4O1P	Compute Hyperconverged Nutanix	drive	layered	Compute Hyperconverged with Nutanix	(shared across the line)	Compute Hyperconverged with Nutanix shared parts	sku ^HC[IO]						
HCI-NVB6T4O1P=	Cisco HCI-NVB6T4O1P=	Compute Hyperconverged Nutanix	drive	layered	Compute Hyperconverged with Nutanix	(shared across the line)	Compute Hyperconverged with Nutanix shared parts	sku ^HC[IO]						
HCI-NVB6T4O1PM6	6.4TB 2.5in U.2 15mm Solidigm P5620 Hg Perf Hg End 3X NVMe	Compute Hyperconverged Nutanix	drive	layered	Compute Hyperconverged with Nutanix	(shared across the line)	Compute Hyperconverged with Nutanix shared parts	sku ^HC[IO]						
HCI-NVB6T4O1PM6=	6.4TB 2.5in U.2 15mm Solidigm P5620 Hg Perf Hg End 3X NVMe	Compute Hyperconverged Nutanix	drive	layered	Compute Hyperconverged with Nutanix	(shared across the line)	Compute Hyperconverged with Nutanix shared parts	sku ^HC[IO]						
HCI-NVB7T6M2V	Cisco HCI-NVB7T6M2V	Compute Hyperconverged Nutanix	drive	layered	Compute Hyperconverged with Nutanix	(shared across the line)	Compute Hyperconverged with Nutanix shared parts	sku ^HC[IO]						
HCI-NVB7T6M2V9	Cisco HCI-NVB7T6M2V9	Compute Hyperconverged Nutanix	drive	layered	Compute Hyperconverged with Nutanix	(shared across the line)	Compute Hyperconverged with Nutanix shared parts	sku ^HC[IO]						
HCI-NVB7T6O1V	Cisco HCI-NVB7T6O1V	Compute Hyperconverged Nutanix	drive	layered	Compute Hyperconverged with Nutanix	(shared across the line)	Compute Hyperconverged with Nutanix shared parts	sku ^HC[IO]						
HCI-NVB7T6O1V-M6	Cisco HCI-NVB7T6O1V-M6	Compute Hyperconverged Nutanix	drive	layered	Compute Hyperconverged with Nutanix	(shared across the line)	Compute Hyperconverged with Nutanix shared parts	sku ^HC[IO]						
HCI-NVB7T6O1V-M6=	Cisco HCI-NVB7T6O1V-M6=	Compute Hyperconverged Nutanix	drive	layered	Compute Hyperconverged with Nutanix	(shared across the line)	Compute Hyperconverged with Nutanix shared parts	sku ^HC[IO]						
HCI-NVB7T6O1V=	Cisco HCI-NVB7T6O1V=	Compute Hyperconverged Nutanix	drive	layered	Compute Hyperconverged with Nutanix	(shared across the line)	Compute Hyperconverged with Nutanix shared parts	sku ^HC[IO]						
HCI-NVB7T6O1VM6	7.6TB 2.5in U.2 15mm Solidigm P5520 Hg Perf Med End 1X NVMe	Compute Hyperconverged Nutanix	drive	layered	Compute Hyperconverged with Nutanix	(shared across the line)	Compute Hyperconverged with Nutanix shared parts	sku ^HC[IO]						
HCI-NVB7T6O1VM6=	7.6TB 2.5in U.2 15mm Solidigm P5520 Hg Perf Med End 1X NVMe	Compute Hyperconverged Nutanix	drive	layered	Compute Hyperconverged with Nutanix	(shared across the line)	Compute Hyperconverged with Nutanix shared parts	sku ^HC[IO]						
HCI-NVME-W15300M6	15.3TB 2.5in U.2 WD SN840 NVMe Extreme Perf. Value Endurance	Compute Hyperconverged Nutanix	drive	layered	Compute Hyperconverged with Nutanix	(shared across the line)	Compute Hyperconverged with Nutanix shared parts	sku ^HC[IO]						
HCI-NVME-W15300M6=	15.3TB 2.5in U.2 WD SN840 NVMe Extreme Perf. Value Endurance	Compute Hyperconverged Nutanix	drive	layered	Compute Hyperconverged with Nutanix	(shared across the line)	Compute Hyperconverged with Nutanix shared parts	sku ^HC[IO]						
HCI-NVME-W7680M6	7.6TB 2.5in U.2 WD SN840 NVMe Extreme Perf. Value Endurance	Compute Hyperconverged Nutanix	drive	layered	Compute Hyperconverged with Nutanix	(shared across the line)	Compute Hyperconverged with Nutanix shared parts	sku ^HC[IO]						
HCI-NVME-W7680M6=	7.6TB 2.5in U.2 WD SN840 NVMe Extreme Perf. Value Endurance	Compute Hyperconverged Nutanix	drive	layered	Compute Hyperconverged with Nutanix	(shared across the line)	Compute Hyperconverged with Nutanix shared parts	sku ^HC[IO]						
HCI-NVME4-15360	15.3TB 2.5in U.2 15mm P5520 Hg Perf Med End NVMe	Compute Hyperconverged Nutanix	drive	layered	Compute Hyperconverged with Nutanix	(shared across the line)	Compute Hyperconverged with Nutanix shared parts	sku ^HC[IO]						
HCI-NVME4-15360=	15.3TB 2.5in U.2 15mm P5520 Hg Perf Med End NVMe	Compute Hyperconverged Nutanix	drive	layered	Compute Hyperconverged with Nutanix	(shared across the line)	Compute Hyperconverged with Nutanix shared parts	sku ^HC[IO]						
HCI-NVME4-15360M6	15.3TB 2.5in U.2 15mm P5520 Hg Perf Med End NVMe	Compute Hyperconverged Nutanix	drive	layered	Compute Hyperconverged with Nutanix	(shared across the line)	Compute Hyperconverged with Nutanix shared parts	sku ^HC[IO]						
HCI-NVME4-15360M6=	15.3TB 2.5in U.2 15mm P5520 Hg Perf Med End NVMe	Compute Hyperconverged Nutanix	drive	layered	Compute Hyperconverged with Nutanix	(shared across the line)	Compute Hyperconverged with Nutanix shared parts	sku ^HC[IO]						
HCI-NVME4-1920	1.9TB 2.5in U.2 15mm P5520 Hg Perf Med End NVMe	Compute Hyperconverged Nutanix	drive	layered	Compute Hyperconverged with Nutanix	(shared across the line)	Compute Hyperconverged with Nutanix shared parts	sku ^HC[IO]						
HCI-NVME4-1920-M6	1.9TB 2.5in U.2 15mm P5520 Hg Perf Med End NVMe	Compute Hyperconverged Nutanix	drive	layered	Compute Hyperconverged with Nutanix	(shared across the line)	Compute Hyperconverged with Nutanix shared parts	sku ^HC[IO]						
HCI-NVME4-1920-M6=	1.9TB 2.5in U.2 15mm P5520 Hg Perf Med End NVMe	Compute Hyperconverged Nutanix	drive	layered	Compute Hyperconverged with Nutanix	(shared across the line)	Compute Hyperconverged with Nutanix shared parts	sku ^HC[IO]						
HCI-NVME4-1920=	1.9TB 2.5in U.2 15mm P5520 Hg Perf Med End NVMe	Compute Hyperconverged Nutanix	drive	layered	Compute Hyperconverged with Nutanix	(shared across the line)	Compute Hyperconverged with Nutanix shared parts	sku ^HC[IO]						
HCI-NVME4-3200	3.2TB 2.5in U.2 15mm Solidigm P5620 Hg Perf Hg End NVMe (3X)	Compute Hyperconverged Nutanix	drive	layered	Compute Hyperconverged with Nutanix	(shared across the line)	Compute Hyperconverged with Nutanix shared parts	sku ^HC[IO]						
HCI-NVME4-3200-M6	3.2TB 2.5in U.2 15mm Solidigm P5620 Hg Perf Hg End NVMe (3X)	Compute Hyperconverged Nutanix	drive	layered	Compute Hyperconverged with Nutanix	(shared across the line)	Compute Hyperconverged with Nutanix shared parts	sku ^HC[IO]						
HCI-NVME4-3200-M6=	3.2TB 2.5in U.2 15mm Solidigm P5620 Hg Perf Hg End NVMe (3X)	Compute Hyperconverged Nutanix	drive	layered	Compute Hyperconverged with Nutanix	(shared across the line)	Compute Hyperconverged with Nutanix shared parts	sku ^HC[IO]						
HCI-NVME4-3200=	3.2TB 2.5in U.2 15mm Solidigm P5620 Hg Perf Hg End NVMe (3X)	Compute Hyperconverged Nutanix	drive	layered	Compute Hyperconverged with Nutanix	(shared across the line)	Compute Hyperconverged with Nutanix shared parts	sku ^HC[IO]						
HCI-NVME4-3840	3.8TB 2.5in U.2 15mm P5520 Hg Perf Med End NVMe	Compute Hyperconverged Nutanix	drive	layered	Compute Hyperconverged with Nutanix	(shared across the line)	Compute Hyperconverged with Nutanix shared parts	sku ^HC[IO]						
HCI-NVME4-3840-M6	3.8TB 2.5in U.2 15mm P5520 Hg Perf Med End NVMe	Compute Hyperconverged Nutanix	drive	layered	Compute Hyperconverged with Nutanix	(shared across the line)	Compute Hyperconverged with Nutanix shared parts	sku ^HC[IO]						
HCI-NVME4-3840-M6=	3.8TB 2.5in U.2 15mm P5520 Hg Perf Med End NVMe	Compute Hyperconverged Nutanix	drive	layered	Compute Hyperconverged with Nutanix	(shared across the line)	Compute Hyperconverged with Nutanix shared parts	sku ^HC[IO]						
HCI-NVME4-3840=	3.8TB 2.5in U.2 15mm P5520 Hg Perf Med End NVMe	Compute Hyperconverged Nutanix	drive	layered	Compute Hyperconverged with Nutanix	(shared across the line)	Compute Hyperconverged with Nutanix shared parts	sku ^HC[IO]						
HCI-NVME4-6400	6.4TB 2.5in U.2 15mm Solidigm P5620 Hg Perf Hg End NVMe (3X)	Compute Hyperconverged Nutanix	drive	layered	Compute Hyperconverged with Nutanix	(shared across the line)	Compute Hyperconverged with Nutanix shared parts	sku ^HC[IO]						
HCI-NVME4-6400-M6	6.4TB 2.5in U.2 15mm Solidigm P5620 Hg Perf Hg End NVMe (3X)	Compute Hyperconverged Nutanix	drive	layered	Compute Hyperconverged with Nutanix	(shared across the line)	Compute Hyperconverged with Nutanix shared parts	sku ^HC[IO]						
HCI-NVME4-6400-M6=	6.4TB 2.5in U.2 15mm Solidigm P5620 Hg Perf Hg End NVMe (3X)	Compute Hyperconverged Nutanix	drive	layered	Compute Hyperconverged with Nutanix	(shared across the line)	Compute Hyperconverged with Nutanix shared parts	sku ^HC[IO]						
HCI-NVME4-6400=	6.4TB 2.5in U.2 15mm Solidigm P5620 Hg Perf Hg End NVMe (3X)	Compute Hyperconverged Nutanix	drive	layered	Compute Hyperconverged with Nutanix	(shared across the line)	Compute Hyperconverged with Nutanix shared parts	sku ^HC[IO]						
HCI-NVME4-7680	7.6TB 2.5in U.2 15mm P5520 Hg Perf Med End NVMe	Compute Hyperconverged Nutanix	drive	layered	Compute Hyperconverged with Nutanix	(shared across the line)	Compute Hyperconverged with Nutanix shared parts	sku ^HC[IO]						
HCI-NVME4-7680-M6	7.6TB 2.5in U.2 15mm P5520 Hg Perf Med End NVMe	Compute Hyperconverged Nutanix	drive	layered	Compute Hyperconverged with Nutanix	(shared across the line)	Compute Hyperconverged with Nutanix shared parts	sku ^HC[IO]						
HCI-NVME4-7680-M6=	7.6TB 2.5in U.2 15mm P5520 Hg Perf Med End NVMe	Compute Hyperconverged Nutanix	drive	layered	Compute Hyperconverged with Nutanix	(shared across the line)	Compute Hyperconverged with Nutanix shared parts	sku ^HC[IO]						
HCI-NVME4-7680=	7.6TB 2.5in U.2 15mm P5520 Hg Perf Med End NVMe	Compute Hyperconverged Nutanix	drive	layered	Compute Hyperconverged with Nutanix	(shared across the line)	Compute Hyperconverged with Nutanix shared parts	sku ^HC[IO]						
HCI-NVMEG4-M1536	Cisco HCI-NVMEG4-M1536	Compute Hyperconverged Nutanix	drive	layered	Compute Hyperconverged with Nutanix	(shared across the line)	Compute Hyperconverged with Nutanix shared parts	sku ^HC[IO]						
HCI-NVMEG4-M1920	Cisco HCI-NVMEG4-M1920	Compute Hyperconverged Nutanix	drive	layered	Compute Hyperconverged with Nutanix	(shared across the line)	Compute Hyperconverged with Nutanix shared parts	sku ^HC[IO]						
HCI-NVMEG4-M3840	Cisco HCI-NVMEG4-M3840	Compute Hyperconverged Nutanix	drive	layered	Compute Hyperconverged with Nutanix	(shared across the line)	Compute Hyperconverged with Nutanix shared parts	sku ^HC[IO]						
HCI-NVMEG4-M6400	Cisco HCI-NVMEG4-M6400	Compute Hyperconverged Nutanix	drive	layered	Compute Hyperconverged with Nutanix	(shared across the line)	Compute Hyperconverged with Nutanix shared parts	sku ^HC[IO]						
HCI-NVMEG4M3200M6	3.2TB 2.5in U.3 15mm Micron P7450 Hg Perf Hg End NVMe (3X)	Compute Hyperconverged Nutanix	drive	layered	Compute Hyperconverged with Nutanix	(shared across the line)	Compute Hyperconverged with Nutanix shared parts	sku ^HC[IO]						
HCI-NVMEG4M3200M6=	3.2TB 2.5in U.3 15mm Micron P7450 Hg Perf Hg End NVMe (3X)	Compute Hyperconverged Nutanix	drive	layered	Compute Hyperconverged with Nutanix	(shared across the line)	Compute Hyperconverged with Nutanix shared parts	sku ^HC[IO]						
HCI-NVMEG4M6400M6	6.4TB 2.5in U.3 15mm Micron P7450 Hg Perf Hg End NVMe (3X)	Compute Hyperconverged Nutanix	drive	layered	Compute Hyperconverged with Nutanix	(shared across the line)	Compute Hyperconverged with Nutanix shared parts	sku ^HC[IO]						
HCI-NVMEG4M6400M6=	6.4TB 2.5in U.3 15mm Micron P7450 Hg Perf Hg End NVMe (3X)	Compute Hyperconverged Nutanix	drive	layered	Compute Hyperconverged with Nutanix	(shared across the line)	Compute Hyperconverged with Nutanix shared parts	sku ^HC[IO]						
HCI-NVMEI4I1920M6	1.9TB 2.5in U.2 Intel P5500 NVMe High Perf Medium Endurance	Compute Hyperconverged Nutanix	drive	layered	Compute Hyperconverged with Nutanix	(shared across the line)	Compute Hyperconverged with Nutanix shared parts	sku ^HC[IO]						
HCI-NVMEI4I1920M6=	1.9TB 2.5in U.2 Intel P5500 NVMe High Perf Medium Endurance	Compute Hyperconverged Nutanix	drive	layered	Compute Hyperconverged with Nutanix	(shared across the line)	Compute Hyperconverged with Nutanix shared parts	sku ^HC[IO]						
HCI-NVMEI4I3840M6	3.8TB 2.5in U.2 Intel P5500 NVMe High Perf Medium Endurance	Compute Hyperconverged Nutanix	drive	layered	Compute Hyperconverged with Nutanix	(shared across the line)	Compute Hyperconverged with Nutanix shared parts	sku ^HC[IO]						
HCI-NVMEI4I3840M6=	3.8TB 2.5in U.2 Intel P5500 NVMe High Perf Medium Endurance	Compute Hyperconverged Nutanix	drive	layered	Compute Hyperconverged with Nutanix	(shared across the line)	Compute Hyperconverged with Nutanix shared parts	sku ^HC[IO]						
HCI-NVMEI4I7680M6	7.6TB 2.5in U.2 Intel P5500 NVMe High Perf Medium Endurance	Compute Hyperconverged Nutanix	drive	layered	Compute Hyperconverged with Nutanix	(shared across the line)	Compute Hyperconverged with Nutanix shared parts	sku ^HC[IO]						
HCI-NVMEI4I7680M6=	7.6TB 2.5in U.2 Intel P5500 NVMe High Perf Medium Endurance	Compute Hyperconverged Nutanix	drive	layered	Compute Hyperconverged with Nutanix	(shared across the line)	Compute Hyperconverged with Nutanix shared parts	sku ^HC[IO]						
HCI-O-ID10GC-M6	Intel X710T2LOCPV3G1L 2x10GbE RJ45 OCP3.0 NIC	Compute Hyperconverged Nutanix	nic	layered	Compute Hyperconverged with Nutanix	(shared across the line)	Compute Hyperconverged with Nutanix shared parts	sku ^HC[IO]						
HCI-O-ID10GC-M6=	Intel X710T2LOCPV3G1L 2x10GbE RJ45 OCP3.0 NIC	Compute Hyperconverged Nutanix	nic	layered	Compute Hyperconverged with Nutanix	(shared across the line)	Compute Hyperconverged with Nutanix shared parts	sku ^HC[IO]						
HCI-P-I8D100GF	Cisco HCI-P-I8D100GF	Compute Hyperconverged Nutanix	nic	layered	Compute Hyperconverged with Nutanix	(shared across the line)	Compute Hyperconverged with Nutanix shared parts	sku ^HC[IO]						
HCI-P-I8D100GF-M6	Cisco-Intel E810CQDA2 2x100 GbE QSFP28 PCIe NIC	Compute Hyperconverged Nutanix	nic	layered	Compute Hyperconverged with Nutanix	(shared across the line)	Compute Hyperconverged with Nutanix shared parts	sku ^HC[IO]						
HCI-P-I8D100GF-M63	Cisco HCI-P-I8D100GF-M63	Compute Hyperconverged Nutanix	nic	layered	Compute Hyperconverged with Nutanix	(shared across the line)	Compute Hyperconverged with Nutanix shared parts	sku ^HC[IO]						
HCI-P-I8D100GF-M6=	Cisco-Intel E810CQDA2 2x100 GbE QSFP28 PCIe NIC	Compute Hyperconverged Nutanix	nic	layered	Compute Hyperconverged with Nutanix	(shared across the line)	Compute Hyperconverged with Nutanix shared parts	sku ^HC[IO]						
HCI-P-I8D100GF2	Cisco HCI-P-I8D100GF2	Compute Hyperconverged Nutanix	nic	layered	Compute Hyperconverged with Nutanix	(shared across the line)	Compute Hyperconverged with Nutanix shared parts	sku ^HC[IO]						
HCI-P-I8D25GF-M6	Cisco-Intel E810XXVDA2 2x25/10 GbE SFP28 PCIe NIC	Compute Hyperconverged Nutanix	nic	layered	Compute Hyperconverged with Nutanix	(shared across the line)	Compute Hyperconverged with Nutanix shared parts	sku ^HC[IO]						
HCI-P-I8D25GF-M62	Cisco HCI-P-I8D25GF-M62	Compute Hyperconverged Nutanix	nic	layered	Compute Hyperconverged with Nutanix	(shared across the line)	Compute Hyperconverged with Nutanix shared parts	sku ^HC[IO]						
HCI-P-I8D25GF-M6=	Cisco-Intel E810XXVDA2 2x25/10 GbE SFP28 PCIe NIC	Compute Hyperconverged Nutanix	nic	layered	Compute Hyperconverged with Nutanix	(shared across the line)	Compute Hyperconverged with Nutanix shared parts	sku ^HC[IO]						
HCI-P-I8D25GF2	Cisco HCI-P-I8D25GF2	Compute Hyperconverged Nutanix	nic	layered	Compute Hyperconverged with Nutanix	(shared across the line)	Compute Hyperconverged with Nutanix shared parts	sku ^HC[IO]						
HCI-P-I8Q25GF-M6	Cisco-Intel E810XXVDA4L 4x25/10 GbE SFP28 PCIe NIC	Compute Hyperconverged Nutanix	nic	layered	Compute Hyperconverged with Nutanix	(shared across the line)	Compute Hyperconverged with Nutanix shared parts	sku ^HC[IO]						
HCI-P-I8Q25GF-M63	Cisco HCI-P-I8Q25GF-M63	Compute Hyperconverged Nutanix	nic	layered	Compute Hyperconverged with Nutanix	(shared across the line)	Compute Hyperconverged with Nutanix shared parts	sku ^HC[IO]						
HCI-P-I8Q25GF-M6=	Cisco-Intel E810XXVDA4L 4x25/10 GbE SFP28 PCIe NIC	Compute Hyperconverged Nutanix	nic	layered	Compute Hyperconverged with Nutanix	(shared across the line)	Compute Hyperconverged with Nutanix shared parts	sku ^HC[IO]						
HCI-P-I8Q25GF2	Cisco HCI-P-I8Q25GF2	Compute Hyperconverged Nutanix	nic	layered	Compute Hyperconverged with Nutanix	(shared across the line)	Compute Hyperconverged with Nutanix shared parts	sku ^HC[IO]						
HCI-P-ID10GC	Cisco HCI-P-ID10GC	Compute Hyperconverged Nutanix	nic	layered	Compute Hyperconverged with Nutanix	(shared across the line)	Compute Hyperconverged with Nutanix shared parts	sku ^HC[IO]						
HCI-P-ID10GC-M6	Cisco-Intel X710T2LG 2x10 GbE RJ45 PCIe NIC	Compute Hyperconverged Nutanix	nic	layered	Compute Hyperconverged with Nutanix	(shared across the line)	Compute Hyperconverged with Nutanix shared parts	sku ^HC[IO]						
HCI-P-ID10GC-M6=	Cisco-Intel X710T2LG 2x10 GbE RJ45 PCIe NIC	Compute Hyperconverged Nutanix	nic	layered	Compute Hyperconverged with Nutanix	(shared across the line)	Compute Hyperconverged with Nutanix shared parts	sku ^HC[IO]						
HCI-P-IQ10GC	Cisco HCI-P-IQ10GC	Compute Hyperconverged Nutanix	nic	layered	Compute Hyperconverged with Nutanix	(shared across the line)	Compute Hyperconverged with Nutanix shared parts	sku ^HC[IO]						
HCI-P-IQ10GC-M6	Cisco-Intel X710T4LG 4x10 GbE RJ45 PCIe NIC	Compute Hyperconverged Nutanix	nic	layered	Compute Hyperconverged with Nutanix	(shared across the line)	Compute Hyperconverged with Nutanix shared parts	sku ^HC[IO]						
HCI-P-IQ10GC-M6=	Cisco-Intel X710T4LG 4x10 GbE RJ45 PCIe NIC	Compute Hyperconverged Nutanix	nic	layered	Compute Hyperconverged with Nutanix	(shared across the line)	Compute Hyperconverged with Nutanix shared parts	sku ^HC[IO]						
HCI-P-M6DD100GFO	Cisco HCI-P-M6DD100GFO	Compute Hyperconverged Nutanix	nic	layered	Compute Hyperconverged with Nutanix	(shared across the line)	Compute Hyperconverged with Nutanix shared parts	sku ^HC[IO]						
HCI-P-M6DD100GFO=	Cisco HCI-P-M6DD100GFO=	Compute Hyperconverged Nutanix	nic	layered	Compute Hyperconverged with Nutanix	(shared across the line)	Compute Hyperconverged with Nutanix shared parts	sku ^HC[IO]						
HCI-P-MCD100GF-D	Cisco HCI-P-MCD100GF-D	Compute Hyperconverged Nutanix	nic	layered	Compute Hyperconverged with Nutanix	(shared across the line)	Compute Hyperconverged with Nutanix shared parts	sku ^HC[IO]						
HCI-P-MCD100GF-M6	Cisco-MLNX MCX623106AC-CDAT 2x100GbE QSFP56 PCIe NIC	Compute Hyperconverged Nutanix	nic	layered	Compute Hyperconverged with Nutanix	(shared across the line)	Compute Hyperconverged with Nutanix shared parts	sku ^HC[IO]						
HCI-P-MCD100GF-M6=	Cisco-MLNX MCX623106AC-CDAT 2x100GbE QSFP56 PCIe NIC	Compute Hyperconverged Nutanix	nic	layered	Compute Hyperconverged with Nutanix	(shared across the line)	Compute Hyperconverged with Nutanix shared parts	sku ^HC[IO]						
HCI-P-MDD100GF-D	Cisco HCI-P-MDD100GF-D	Compute Hyperconverged Nutanix	nic	layered	Compute Hyperconverged with Nutanix	(shared across the line)	Compute Hyperconverged with Nutanix shared parts	sku ^HC[IO]						
HCI-P-MDD100GF-M6	Cisco-MLNX MCX623106AS-CDAT 2x100GbE QSFP56 PCIe NIC	Compute Hyperconverged Nutanix	nic	layered	Compute Hyperconverged with Nutanix	(shared across the line)	Compute Hyperconverged with Nutanix shared parts	sku ^HC[IO]						
HCI-P-MDD100GF-M6=	Cisco-MLNX MCX623106AS-CDAT 2x100GbE QSFP56 PCIe NIC	Compute Hyperconverged Nutanix	nic	layered	Compute Hyperconverged with Nutanix	(shared across the line)	Compute Hyperconverged with Nutanix shared parts	sku ^HC[IO]						
HCI-P-N6D25GF	Cisco HCI-P-N6D25GF	Compute Hyperconverged Nutanix	nic	layered	Compute Hyperconverged with Nutanix	(shared across the line)	Compute Hyperconverged with Nutanix shared parts	sku ^HC[IO]						
HCI-P-V5D200G	Cisco HCI-P-V5D200G	Compute Hyperconverged Nutanix	nic	layered	Compute Hyperconverged with Nutanix	(shared across the line)	Compute Hyperconverged with Nutanix shared parts	sku ^HC[IO]						
HCI-P-V5D200G-M6	Cisco VIC 15235 2x 40/100/200G PCIe C-Series w/Secure Boot	Compute Hyperconverged Nutanix	nic	layered	Compute Hyperconverged with Nutanix	(shared across the line)	Compute Hyperconverged with Nutanix shared parts	sku ^HC[IO]						
HCI-P-V5D200G-M6=	Cisco VIC 15235 2x 40/100/200G PCIe C-Series w/Secure Boot	Compute Hyperconverged Nutanix	nic	layered	Compute Hyperconverged with Nutanix	(shared across the line)	Compute Hyperconverged with Nutanix shared parts	sku ^HC[IO]						
HCI-P-V5Q50G	Cisco HCI-P-V5Q50G	Compute Hyperconverged Nutanix	nic	layered	Compute Hyperconverged with Nutanix	(shared across the line)	Compute Hyperconverged with Nutanix shared parts	sku ^HC[IO]						
HCI-P-V5Q50G-M6	Cisco VIC 15425 4x 10/25/50G PCIe C-Series w/Secure Boot	Compute Hyperconverged Nutanix	nic	layered	Compute Hyperconverged with Nutanix	(shared across the line)	Compute Hyperconverged with Nutanix shared parts	sku ^HC[IO]						
HCI-P-V5Q50G-M6=	Cisco VIC 15425 4x 10/25/50G PCIe C-Series w/Secure Boot	Compute Hyperconverged Nutanix	nic	layered	Compute Hyperconverged with Nutanix	(shared across the line)	Compute Hyperconverged with Nutanix shared parts	sku ^HC[IO]						
HCI-PCIE	Cisco HCI-PCIE	Compute Hyperconverged Nutanix	nic	layered	Compute Hyperconverged with Nutanix	(shared across the line)	Compute Hyperconverged with Nutanix shared parts	sku ^HC[IO]						
HCI-PCIE-C100-04	Cisco UCS VIC 1495 Dual Port 100G QSFP28 CNA PCIe	Compute Hyperconverged Nutanix	nic	layered	Compute Hyperconverged with Nutanix	(shared across the line)	Compute Hyperconverged with Nutanix shared parts	sku ^HC[IO]						
HCI-PCIE-C100-04=	Cisco UCS VIC 1495 Dual Port 100G QSFP28 CNA PCIe	Compute Hyperconverged Nutanix	nic	layered	Compute Hyperconverged with Nutanix	(shared across the line)	Compute Hyperconverged with Nutanix shared parts	sku ^HC[IO]						
HCI-PCIE-C25Q-04	Cisco UCS VIC 1455 Quad Port 10/25G SFP28 CNA PCIE	Compute Hyperconverged Nutanix	nic	layered	Compute Hyperconverged with Nutanix	(shared across the line)	Compute Hyperconverged with Nutanix shared parts	sku ^HC[IO]						
HCI-PCIE-C25Q-04=	Cisco UCS VIC 1455 Quad Port 10/25G SFP28 CNA PCIE	Compute Hyperconverged Nutanix	nic	layered	Compute Hyperconverged with Nutanix	(shared across the line)	Compute Hyperconverged with Nutanix shared parts	sku ^HC[IO]						
HCI-PCIE-M6	Third Party NIC Connectivity	Compute Hyperconverged Nutanix	nic	layered	Compute Hyperconverged with Nutanix	(shared across the line)	Compute Hyperconverged with Nutanix shared parts	sku ^HC[IO]						
HCI-PCIEID10GF	Cisco HCI-PCIEID10GF	Compute Hyperconverged Nutanix	nic	layered	Compute Hyperconverged with Nutanix	(shared across the line)	Compute Hyperconverged with Nutanix shared parts	sku ^HC[IO]						
HCI-PCIEID10GF-M6	Intel X710-DA2 dual-port 10G SFP+ NIC	Compute Hyperconverged Nutanix	nic	layered	Compute Hyperconverged with Nutanix	(shared across the line)	Compute Hyperconverged with Nutanix shared parts	sku ^HC[IO]						
HCI-PCIEID10GF-M6=	Intel X710-DA2 dual-port 10G SFP+ NIC	Compute Hyperconverged Nutanix	nic	layered	Compute Hyperconverged with Nutanix	(shared across the line)	Compute Hyperconverged with Nutanix shared parts	sku ^HC[IO]						
HCI-PCIEIQ10GF	Cisco HCI-PCIEIQ10GF	Compute Hyperconverged Nutanix	nic	layered	Compute Hyperconverged with Nutanix	(shared across the line)	Compute Hyperconverged with Nutanix shared parts	sku ^HC[IO]						
HCI-PCIEIQ10GF-M6	Intel X710 quad-port 10G SFP+ NIC	Compute Hyperconverged Nutanix	nic	layered	Compute Hyperconverged with Nutanix	(shared across the line)	Compute Hyperconverged with Nutanix shared parts	sku ^HC[IO]						
HCI-PCIEIQ10GF-M6=	Intel X710 quad-port 10G SFP+ NIC	Compute Hyperconverged Nutanix	nic	layered	Compute Hyperconverged with Nutanix	(shared across the line)	Compute Hyperconverged with Nutanix shared parts	sku ^HC[IO]						
HCI-PSU-6332-ACM6	UCS 6332/ 6454 Power Supply/100-240VAC	Compute Hyperconverged Nutanix	power	layered	Compute Hyperconverged with Nutanix		HCI fabric interconnects and X-Fabric	sku ^HCI-PSU-6						
HCI-PSU-6332-DCM6	UCS 6332/ 6454/ 64108 Power Supply/-48VDC	Compute Hyperconverged Nutanix	power	layered	Compute Hyperconverged with Nutanix		HCI fabric interconnects and X-Fabric	sku ^HCI-PSU-6						
HCI-PSU-64108ACM6	UCS 64108 Power Supply/100-240VAC	Compute Hyperconverged Nutanix	power	layered	Compute Hyperconverged with Nutanix		HCI fabric interconnects and X-Fabric	sku ^HCI-PSU-6						
HCI-PSU-6536-ACM6	UCS 6536 Power Supply/AC 1100W PSU - Port Side Exhaust	Compute Hyperconverged Nutanix	power	layered	Compute Hyperconverged with Nutanix		HCI fabric interconnects and X-Fabric	sku ^HCI-PSU-6						
HCI-PSU1-1050W-M6	UCS 1050W AC PSU Platinum (Not EU/UK Lot 9 Compliant)	Compute Hyperconverged Nutanix	power	layered	Compute Hyperconverged with Nutanix	(shared across the line)	Compute Hyperconverged with Nutanix shared parts	sku ^HC[IO]						
HCI-PSU1-1200W	Cisco HCI-PSU1-1200W	Compute Hyperconverged Nutanix	power	layered	Compute Hyperconverged with Nutanix	(shared across the line)	Compute Hyperconverged with Nutanix shared parts	sku ^HC[IO]						
HCI-PSU1-1200W-M6	Cisco HCI-PSU1-1200W-M6	Compute Hyperconverged Nutanix	power	layered	Compute Hyperconverged with Nutanix	(shared across the line)	Compute Hyperconverged with Nutanix shared parts	sku ^HC[IO]						
HCI-PSU1-1600W	Cisco HCI-PSU1-1600W	Compute Hyperconverged Nutanix	power	layered	Compute Hyperconverged with Nutanix	(shared across the line)	Compute Hyperconverged with Nutanix shared parts	sku ^HC[IO]						
HCI-PSU1-1600W-M6	UCS 1600W AC PSU Platinum (Not EU/UK Lot 9 Compliant)	Compute Hyperconverged Nutanix	power	layered	Compute Hyperconverged with Nutanix	(shared across the line)	Compute Hyperconverged with Nutanix shared parts	sku ^HC[IO]						
HCI-PSU1-2300W	Cisco HCI-PSU1-2300W	Compute Hyperconverged Nutanix	power	layered	Compute Hyperconverged with Nutanix	(shared across the line)	Compute Hyperconverged with Nutanix shared parts	sku ^HC[IO]						
HCI-PSU1-2300W-M6	Cisco UCS 2300W AC Power Supply for Rack Servers Titanium	Compute Hyperconverged Nutanix	power	layered	Compute Hyperconverged with Nutanix	(shared across the line)	Compute Hyperconverged with Nutanix shared parts	sku ^HC[IO]						
HCI-PSU1-2300W-M62	Cisco HCI-PSU1-2300W-M62	Compute Hyperconverged Nutanix	power	layered	Compute Hyperconverged with Nutanix	(shared across the line)	Compute Hyperconverged with Nutanix shared parts	sku ^HC[IO]						
HCI-PSUV2-1050DC	Cisco HCI-PSUV2-1050DC	Compute Hyperconverged Nutanix	power	layered	Compute Hyperconverged with Nutanix	(shared across the line)	Compute Hyperconverged with Nutanix shared parts	sku ^HC[IO]						
HCI-PSUV21050D	Cisco HCI-PSUV21050D	Compute Hyperconverged Nutanix	power	layered	Compute Hyperconverged with Nutanix	(shared across the line)	Compute Hyperconverged with Nutanix shared parts	sku ^HC[IO]						
HCI-PSUV21050DCM6	Cisco UCS 1050W -48V DC Power Supply for Rack Server	Compute Hyperconverged Nutanix	power	layered	Compute Hyperconverged with Nutanix	(shared across the line)	Compute Hyperconverged with Nutanix shared parts	sku ^HC[IO]						
HCI-PSUV21050DCM61	Cisco HCI-PSUV21050DCM61	Compute Hyperconverged Nutanix	power	layered	Compute Hyperconverged with Nutanix	(shared across the line)	Compute Hyperconverged with Nutanix shared parts	sku ^HC[IO]						
HCI-RAIL-M6	Ball Bearing Rail Kit for C220 & C240 M6 rack servers	Compute Hyperconverged Nutanix	mechanical	layered	Compute Hyperconverged with Nutanix	(shared across the line)	Compute Hyperconverged with Nutanix shared parts	sku ^HC[IO]						
HCI-RAIL-M6=	Ball Bearing Rail Kit for C220 & C240 M6 rack servers	Compute Hyperconverged Nutanix	mechanical	layered	Compute Hyperconverged with Nutanix	(shared across the line)	Compute Hyperconverged with Nutanix shared parts	sku ^HC[IO]						
HCI-RAIL-M7	Cisco HCI-RAIL-M7	Compute Hyperconverged Nutanix	accessory	layered	Compute Hyperconverged with Nutanix	(shared across the line)	Compute Hyperconverged with Nutanix shared parts	sku ^HC[IO]						
HCI-RAIL-NONE	Cisco HCI-RAIL-NONE	Compute Hyperconverged Nutanix	accessory	layered	Compute Hyperconverged with Nutanix	(shared across the line)	Compute Hyperconverged with Nutanix shared parts	sku ^HC[IO]						
HCI-RIS1A-225M8	Cisco HCI-RIS1A-225M8	Compute Hyperconverged Nutanix	accessory	layered	Compute Hyperconverged with Nutanix		HCI C225 nodes	sku ^(?=HC[IO]).*(?<![0-9])225-?M[6-8]						
HCI-RIS1A-22XM7	Cisco HCI-RIS1A-22XM7	Compute Hyperconverged Nutanix	accessory	layered	Compute Hyperconverged with Nutanix	(shared across the line)	Compute Hyperconverged with Nutanix shared parts	sku ^HC[IO]						
HCI-RIS1A-240M6	C240 M6 Riser1A; (x8;x16x, x8); StBkt; (CPU1)	Compute Hyperconverged Nutanix	accessory	layered	Compute Hyperconverged with Nutanix		HCI C240 nodes	sku ^(?=HC[IO]|UCSC-).*(?<![0-9])240-?M[6-8]						
HCI-RIS1B-225M8	Cisco HCI-RIS1B-225M8	Compute Hyperconverged Nutanix	accessory	layered	Compute Hyperconverged with Nutanix		HCI C225 nodes	sku ^(?=HC[IO]).*(?<![0-9])225-?M[6-8]						
HCI-RIS1B-22XM7	Cisco HCI-RIS1B-22XM7	Compute Hyperconverged Nutanix	accessory	layered	Compute Hyperconverged with Nutanix	(shared across the line)	Compute Hyperconverged with Nutanix shared parts	sku ^HC[IO]						
HCI-RIS1B-240M8	Cisco HCI-RIS1B-240M8	Compute Hyperconverged Nutanix	accessory	layered	Compute Hyperconverged with Nutanix		HCI C240 nodes	sku ^(?=HC[IO]|UCSC-).*(?<![0-9])240-?M[6-8]						
HCI-RIS1C-225M8	Cisco HCI-RIS1C-225M8	Compute Hyperconverged Nutanix	accessory	layered	Compute Hyperconverged with Nutanix		HCI C225 nodes	sku ^(?=HC[IO]).*(?<![0-9])225-?M[6-8]						
HCI-RIS1C-22XM7	Cisco HCI-RIS1C-22XM7	Compute Hyperconverged Nutanix	accessory	layered	Compute Hyperconverged with Nutanix	(shared across the line)	Compute Hyperconverged with Nutanix shared parts	sku ^HC[IO]						
HCI-RIS2A-225M8	Cisco HCI-RIS2A-225M8	Compute Hyperconverged Nutanix	accessory	layered	Compute Hyperconverged with Nutanix		HCI C225 nodes	sku ^(?=HC[IO]).*(?<![0-9])225-?M[6-8]						
HCI-RIS2A-22XM7	Cisco HCI-RIS2A-22XM7	Compute Hyperconverged Nutanix	accessory	layered	Compute Hyperconverged with Nutanix	(shared across the line)	Compute Hyperconverged with Nutanix shared parts	sku ^HC[IO]						
HCI-RIS2A-240M8	Cisco HCI-RIS2A-240M8	Compute Hyperconverged Nutanix	accessory	layered	Compute Hyperconverged with Nutanix		HCI C240 nodes	sku ^(?=HC[IO]|UCSC-).*(?<![0-9])240-?M[6-8]						
HCI-RIS2B-225M8	Cisco HCI-RIS2B-225M8	Compute Hyperconverged Nutanix	accessory	layered	Compute Hyperconverged with Nutanix		HCI C225 nodes	sku ^(?=HC[IO]).*(?<![0-9])225-?M[6-8]						
HCI-RIS2B-22XM7	Cisco HCI-RIS2B-22XM7	Compute Hyperconverged Nutanix	accessory	layered	Compute Hyperconverged with Nutanix	(shared across the line)	Compute Hyperconverged with Nutanix shared parts	sku ^HC[IO]						
HCI-RIS2B-C22XM7	Cisco HCI-RIS2B-C22XM7	Compute Hyperconverged Nutanix	accessory	layered	Compute Hyperconverged with Nutanix	(shared across the line)	Compute Hyperconverged with Nutanix shared parts	sku ^HC[IO]						
HCI-RIS2C-240M8	Cisco HCI-RIS2C-240M8	Compute Hyperconverged Nutanix	accessory	layered	Compute Hyperconverged with Nutanix		HCI C240 nodes	sku ^(?=HC[IO]|UCSC-).*(?<![0-9])240-?M[6-8]						
HCI-RIS3A-225M8	Cisco HCI-RIS3A-225M8	Compute Hyperconverged Nutanix	accessory	layered	Compute Hyperconverged with Nutanix		HCI C225 nodes	sku ^(?=HC[IO]).*(?<![0-9])225-?M[6-8]						
HCI-RIS3A-22XM7	Cisco HCI-RIS3A-22XM7	Compute Hyperconverged Nutanix	accessory	layered	Compute Hyperconverged with Nutanix	(shared across the line)	Compute Hyperconverged with Nutanix shared parts	sku ^HC[IO]						
HCI-RIS3A-240M6	C240 M6 Riser3A (x8;x8); StBkt; (CPU2)	Compute Hyperconverged Nutanix	accessory	layered	Compute Hyperconverged with Nutanix		HCI C240 nodes	sku ^(?=HC[IO]|UCSC-).*(?<![0-9])240-?M[6-8]						
HCI-RIS3A-240M8	Cisco HCI-RIS3A-240M8	Compute Hyperconverged Nutanix	accessory	layered	Compute Hyperconverged with Nutanix		HCI C240 nodes	sku ^(?=HC[IO]|UCSC-).*(?<![0-9])240-?M[6-8]						
HCI-RIS3B-240M8	Cisco HCI-RIS3B-240M8	Compute Hyperconverged Nutanix	accessory	layered	Compute Hyperconverged with Nutanix		HCI C240 nodes	sku ^(?=HC[IO]|UCSC-).*(?<![0-9])240-?M[6-8]						
HCI-RIS3C-225M8	Cisco HCI-RIS3C-225M8	Compute Hyperconverged Nutanix	accessory	layered	Compute Hyperconverged with Nutanix		HCI C225 nodes	sku ^(?=HC[IO]).*(?<![0-9])225-?M[6-8]						
HCI-RIS3C-22XM7	Cisco HCI-RIS3C-22XM7	Compute Hyperconverged Nutanix	accessory	layered	Compute Hyperconverged with Nutanix	(shared across the line)	Compute Hyperconverged with Nutanix shared parts	sku ^HC[IO]						
HCI-RIS3C-240M6	Cisco HCI-RIS3C-240M6	Compute Hyperconverged Nutanix	accessory	layered	Compute Hyperconverged with Nutanix		HCI C240 nodes	sku ^(?=HC[IO]|UCSC-).*(?<![0-9])240-?M[6-8]						
HCI-RIS3C-240M8	Cisco HCI-RIS3C-240M8	Compute Hyperconverged Nutanix	accessory	layered	Compute Hyperconverged with Nutanix		HCI C240 nodes	sku ^(?=HC[IO]|UCSC-).*(?<![0-9])240-?M[6-8]						
HCI-SAS-220M6	Cisco 12G SAS HBA for (16 drives) w/1U Brkt	Compute Hyperconverged Nutanix	storage-controller	layered	Compute Hyperconverged with Nutanix		HCI C220 nodes	sku ^(?=HC[IO]|UCSC-).*(?<![0-9])220-?M[6-8]						
HCI-SAS-240M6	Cisco 12G SAS HBA for(16 Drives) w/2U Brkt	Compute Hyperconverged Nutanix	storage-controller	layered	Compute Hyperconverged with Nutanix		HCI C240 nodes	sku ^(?=HC[IO]|UCSC-).*(?<![0-9])240-?M[6-8]						
HCI-SAS-240M61	Cisco HCI-SAS-240M61	Compute Hyperconverged Nutanix	storage-controller	layered	Compute Hyperconverged with Nutanix		HCI C240 nodes	sku ^(?=HC[IO]|UCSC-).*(?<![0-9])240-?M[6-8]						
HCI-SAS-M7T	Cisco HCI-SAS-M7T	Compute Hyperconverged Nutanix	storage-controller	layered	Compute Hyperconverged with Nutanix	(shared across the line)	Compute Hyperconverged with Nutanix shared parts	sku ^HC[IO]						
HCI-SD15TKA1X-EV	Cisco HCI-SD15TKA1X-EV	Compute Hyperconverged Nutanix	drive	layered	Compute Hyperconverged with Nutanix	(shared across the line)	Compute Hyperconverged with Nutanix shared parts	sku ^HC[IO]						
HCI-SD15TKA1XEVM6	15.3TB 2.5in Enter Value 12G SAS Kioxia G2 SSD	Compute Hyperconverged Nutanix	drive	layered	Compute Hyperconverged with Nutanix	(shared across the line)	Compute Hyperconverged with Nutanix shared parts	sku ^HC[IO]						
HCI-SD15TKA1XEVM6=	15.3TB 2.5in Enter Value 12G SAS Kioxia G2 SSD	Compute Hyperconverged Nutanix	drive	layered	Compute Hyperconverged with Nutanix	(shared across the line)	Compute Hyperconverged with Nutanix shared parts	sku ^HC[IO]						
HCI-SD19TBM1X-EV	Cisco HCI-SD19TBM1X-EV	Compute Hyperconverged Nutanix	drive	layered	Compute Hyperconverged with Nutanix	(shared across the line)	Compute Hyperconverged with Nutanix shared parts	sku ^HC[IO]						
HCI-SD19TBM1XEVM6	1.9TB 2.5 inch Enterprise Value 6G SATA SSD	Compute Hyperconverged Nutanix	drive	layered	Compute Hyperconverged with Nutanix	(shared across the line)	Compute Hyperconverged with Nutanix shared parts	sku ^HC[IO]						
HCI-SD19TBM1XEVM6=	1.9TB 2.5 inch Enterprise Value 6G SATA SSD	Compute Hyperconverged Nutanix	drive	layered	Compute Hyperconverged with Nutanix	(shared across the line)	Compute Hyperconverged with Nutanix shared parts	sku ^HC[IO]						
HCI-SD19TKA1X-EV	Cisco HCI-SD19TKA1X-EV	Compute Hyperconverged Nutanix	drive	layered	Compute Hyperconverged with Nutanix	(shared across the line)	Compute Hyperconverged with Nutanix shared parts	sku ^HC[IO]						
HCI-SD19TKA1XEVM6	1.9TB 2.5 inch Enterprise Value 12G SAS SSD	Compute Hyperconverged Nutanix	drive	layered	Compute Hyperconverged with Nutanix	(shared across the line)	Compute Hyperconverged with Nutanix shared parts	sku ^HC[IO]						
HCI-SD19TKA1XEVM6=	1.9TB 2.5 inch Enterprise Value 12G SAS SSD	Compute Hyperconverged Nutanix	drive	layered	Compute Hyperconverged with Nutanix	(shared across the line)	Compute Hyperconverged with Nutanix shared parts	sku ^HC[IO]						
HCI-SD38T6I1X-EV	3.8TB 2.5in Enter Value 6G SATA Intel SSD	Compute Hyperconverged Nutanix	drive	layered	Compute Hyperconverged with Nutanix	(shared across the line)	Compute Hyperconverged with Nutanix shared parts	sku ^HC[IO]						
HCI-SD38T6I1X-EV=	3.8TB 2.5in Enter Value 6G SATA Intel SSD	Compute Hyperconverged Nutanix	drive	layered	Compute Hyperconverged with Nutanix	(shared across the line)	Compute Hyperconverged with Nutanix shared parts	sku ^HC[IO]						
HCI-SD38T6I1XEVM6	3.8TB 2.5in Enter Value 6G SATA Intel SSD	Compute Hyperconverged Nutanix	drive	layered	Compute Hyperconverged with Nutanix	(shared across the line)	Compute Hyperconverged with Nutanix shared parts	sku ^HC[IO]						
HCI-SD38T6I1XEVM6=	3.8TB 2.5in Enter Value 6G SATA Intel SSD	Compute Hyperconverged Nutanix	drive	layered	Compute Hyperconverged with Nutanix	(shared across the line)	Compute Hyperconverged with Nutanix shared parts	sku ^HC[IO]						
HCI-SD38TBKANK9	Cisco HCI-SD38TBKANK9	Compute Hyperconverged Nutanix	drive	layered	Compute Hyperconverged with Nutanix	(shared across the line)	Compute Hyperconverged with Nutanix shared parts	sku ^HC[IO]						
HCI-SD38TBKANK9M6	3.8TB 2.5in Enterprise value 12G SAS SSD (1DWPD, SED-FIPS)	Compute Hyperconverged Nutanix	drive	layered	Compute Hyperconverged with Nutanix	(shared across the line)	Compute Hyperconverged with Nutanix shared parts	sku ^HC[IO]						
HCI-SD38TBKANK9M6=	3.8TB 2.5in Enterprise value 12G SAS SSD (1DWPD, SED-FIPS)	Compute Hyperconverged Nutanix	drive	layered	Compute Hyperconverged with Nutanix	(shared across the line)	Compute Hyperconverged with Nutanix shared parts	sku ^HC[IO]						
HCI-SD38TBKNK9-M6	3.8TB 2.5in Enter Value 12G SAS Kioxia G1 SSD (SED-FIPS)	Compute Hyperconverged Nutanix	drive	layered	Compute Hyperconverged with Nutanix	(shared across the line)	Compute Hyperconverged with Nutanix shared parts	sku ^HC[IO]						
HCI-SD38TBKNK9-M6=	3.8TB 2.5in Enter Value 12G SAS Kioxia G1 SSD (SED-FIPS)	Compute Hyperconverged Nutanix	drive	layered	Compute Hyperconverged with Nutanix	(shared across the line)	Compute Hyperconverged with Nutanix shared parts	sku ^HC[IO]						
HCI-SD38TBM1X-EV	Cisco HCI-SD38TBM1X-EV	Compute Hyperconverged Nutanix	drive	layered	Compute Hyperconverged with Nutanix	(shared across the line)	Compute Hyperconverged with Nutanix shared parts	sku ^HC[IO]						
HCI-SD38TBM1XEVM6	3.8TB 2.5 inch Enterprise Value 6G SATA SSD	Compute Hyperconverged Nutanix	drive	layered	Compute Hyperconverged with Nutanix	(shared across the line)	Compute Hyperconverged with Nutanix shared parts	sku ^HC[IO]						
HCI-SD38TBM1XEVM6=	3.8TB 2.5 inch Enterprise Value 6G SATA SSD	Compute Hyperconverged Nutanix	drive	layered	Compute Hyperconverged with Nutanix	(shared across the line)	Compute Hyperconverged with Nutanix shared parts	sku ^HC[IO]						
HCI-SD38TK1X-EVM6	3.8TB 2.5 inch Enterprise Value 12G SAS SSD	Compute Hyperconverged Nutanix	drive	layered	Compute Hyperconverged with Nutanix	(shared across the line)	Compute Hyperconverged with Nutanix shared parts	sku ^HC[IO]						
HCI-SD38TK1X-EVM6=	3.8TB 2.5 inch Enterprise Value 12G SAS SSD	Compute Hyperconverged Nutanix	drive	layered	Compute Hyperconverged with Nutanix	(shared across the line)	Compute Hyperconverged with Nutanix shared parts	sku ^HC[IO]						
HCI-SD38TKA1X-EV	Cisco HCI-SD38TKA1X-EV	Compute Hyperconverged Nutanix	drive	layered	Compute Hyperconverged with Nutanix	(shared across the line)	Compute Hyperconverged with Nutanix shared parts	sku ^HC[IO]						
HCI-SD38TKA1XEVM6	3.8TB 2.5 inch Enterprise Value 12G SAS SSD	Compute Hyperconverged Nutanix	drive	layered	Compute Hyperconverged with Nutanix	(shared across the line)	Compute Hyperconverged with Nutanix shared parts	sku ^HC[IO]						
HCI-SD38TKA1XEVM6=	3.8TB 2.5 inch Enterprise Value 12G SAS SSD	Compute Hyperconverged Nutanix	drive	layered	Compute Hyperconverged with Nutanix	(shared across the line)	Compute Hyperconverged with Nutanix shared parts	sku ^HC[IO]						
HCI-SD76TBKANK9	Cisco HCI-SD76TBKANK9	Compute Hyperconverged Nutanix	drive	layered	Compute Hyperconverged with Nutanix	(shared across the line)	Compute Hyperconverged with Nutanix shared parts	sku ^HC[IO]						
HCI-SD76TBKANK9M6	7.6TB Enterprise value SAS SSD (1 DWPD, SED-FIPS)	Compute Hyperconverged Nutanix	drive	layered	Compute Hyperconverged with Nutanix	(shared across the line)	Compute Hyperconverged with Nutanix shared parts	sku ^HC[IO]						
HCI-SD76TBKANK9M6=	7.6TB Enterprise value SAS SSD (1 DWPD, SED-FIPS)	Compute Hyperconverged Nutanix	drive	layered	Compute Hyperconverged with Nutanix	(shared across the line)	Compute Hyperconverged with Nutanix shared parts	sku ^HC[IO]						
HCI-SD76TBKNK9-M6	7.6TB 2.5in Enter Value 12G SAS Kioxia G1 SSD (SED-FIPS)	Compute Hyperconverged Nutanix	drive	layered	Compute Hyperconverged with Nutanix	(shared across the line)	Compute Hyperconverged with Nutanix shared parts	sku ^HC[IO]						
HCI-SD76TBKNK9-M6=	7.6TB 2.5in Enter Value 12G SAS Kioxia G1 SSD (SED-FIPS)	Compute Hyperconverged Nutanix	drive	layered	Compute Hyperconverged with Nutanix	(shared across the line)	Compute Hyperconverged with Nutanix shared parts	sku ^HC[IO]						
HCI-SD76TBM1X-EV	Cisco HCI-SD76TBM1X-EV	Compute Hyperconverged Nutanix	drive	layered	Compute Hyperconverged with Nutanix	(shared across the line)	Compute Hyperconverged with Nutanix shared parts	sku ^HC[IO]						
HCI-SD76TBM1XEVM6	7.6TB 2.5 inch Enterprise Value 6G SATA SSD	Compute Hyperconverged Nutanix	drive	layered	Compute Hyperconverged with Nutanix	(shared across the line)	Compute Hyperconverged with Nutanix shared parts	sku ^HC[IO]						
HCI-SD76TBM1XEVM6=	7.6TB 2.5 inch Enterprise Value 6G SATA SSD	Compute Hyperconverged Nutanix	drive	layered	Compute Hyperconverged with Nutanix	(shared across the line)	Compute Hyperconverged with Nutanix shared parts	sku ^HC[IO]						
HCI-SD76TK1X-EVM6	7.6TB 2.5 inch Enterprise Value 12G SAS SSD	Compute Hyperconverged Nutanix	drive	layered	Compute Hyperconverged with Nutanix	(shared across the line)	Compute Hyperconverged with Nutanix shared parts	sku ^HC[IO]						
HCI-SD76TK1X-EVM6=	7.6TB 2.5 inch Enterprise Value 12G SAS SSD	Compute Hyperconverged Nutanix	drive	layered	Compute Hyperconverged with Nutanix	(shared across the line)	Compute Hyperconverged with Nutanix shared parts	sku ^HC[IO]						
HCI-SD76TKA1X-EV	Cisco HCI-SD76TKA1X-EV	Compute Hyperconverged Nutanix	drive	layered	Compute Hyperconverged with Nutanix	(shared across the line)	Compute Hyperconverged with Nutanix shared parts	sku ^HC[IO]						
HCI-SD76TKA1XEVM6	7.6TB 2.5 inch Enterprise Value 12G SAS SSD	Compute Hyperconverged Nutanix	drive	layered	Compute Hyperconverged with Nutanix	(shared across the line)	Compute Hyperconverged with Nutanix shared parts	sku ^HC[IO]						
HCI-SD76TKA1XEVM6=	7.6TB 2.5 inch Enterprise Value 12G SAS SSD	Compute Hyperconverged Nutanix	drive	layered	Compute Hyperconverged with Nutanix	(shared across the line)	Compute Hyperconverged with Nutanix shared parts	sku ^HC[IO]						
HCI-SDB1T9OA1PM6	1.9TB 2.5in 15mm Solidigm S4620 Enter Perf 6G SATA 3X SSD	Compute Hyperconverged Nutanix	drive	layered	Compute Hyperconverged with Nutanix	(shared across the line)	Compute Hyperconverged with Nutanix shared parts	sku ^HC[IO]						
HCI-SDB1T9OA1PM6=	1.9TB 2.5in 15mm Solidigm S4620 Enter Perf 6G SATA 3X SSD	Compute Hyperconverged Nutanix	drive	layered	Compute Hyperconverged with Nutanix	(shared across the line)	Compute Hyperconverged with Nutanix shared parts	sku ^HC[IO]						
HCI-SDB1T9SA1V	Cisco HCI-SDB1T9SA1V	Compute Hyperconverged Nutanix	drive	layered	Compute Hyperconverged with Nutanix	(shared across the line)	Compute Hyperconverged with Nutanix shared parts	sku ^HC[IO]						
HCI-SDB1T9SA1V-M6	1.9TB 2.5in 6G SATA Enter Value 1X Samsung G1PM893A SSD	Compute Hyperconverged Nutanix	drive	layered	Compute Hyperconverged with Nutanix	(shared across the line)	Compute Hyperconverged with Nutanix shared parts	sku ^HC[IO]						
HCI-SDB1T9SA1V-M6=	1.9TB 2.5in 6G SATA Enter Value 1X Samsung G1PM893A SSD	Compute Hyperconverged Nutanix	drive	layered	Compute Hyperconverged with Nutanix	(shared across the line)	Compute Hyperconverged with Nutanix shared parts	sku ^HC[IO]						
HCI-SDB3T8OA1PM6	3.8TB 2.5in 15mm Solidigm S4620 Enter Perf 6G SATA 3X SSD	Compute Hyperconverged Nutanix	drive	layered	Compute Hyperconverged with Nutanix	(shared across the line)	Compute Hyperconverged with Nutanix shared parts	sku ^HC[IO]						
HCI-SDB3T8OA1PM6=	3.8TB 2.5in 15mm Solidigm S4620 Enter Perf 6G SATA 3X SSD	Compute Hyperconverged Nutanix	drive	layered	Compute Hyperconverged with Nutanix	(shared across the line)	Compute Hyperconverged with Nutanix shared parts	sku ^HC[IO]						
HCI-SDB3T8OA1V	Cisco HCI-SDB3T8OA1V	Compute Hyperconverged Nutanix	drive	layered	Compute Hyperconverged with Nutanix	(shared across the line)	Compute Hyperconverged with Nutanix shared parts	sku ^HC[IO]						
HCI-SDB3T8OA1V-M6	Cisco HCI-SDB3T8OA1V-M6	Compute Hyperconverged Nutanix	drive	layered	Compute Hyperconverged with Nutanix	(shared across the line)	Compute Hyperconverged with Nutanix shared parts	sku ^HC[IO]						
HCI-SDB3T8OA1V-M6=	Cisco HCI-SDB3T8OA1V-M6=	Compute Hyperconverged Nutanix	drive	layered	Compute Hyperconverged with Nutanix	(shared across the line)	Compute Hyperconverged with Nutanix shared parts	sku ^HC[IO]						
HCI-SDB3T8OA1V=	Cisco HCI-SDB3T8OA1V=	Compute Hyperconverged Nutanix	drive	layered	Compute Hyperconverged with Nutanix	(shared across the line)	Compute Hyperconverged with Nutanix shared parts	sku ^HC[IO]						
HCI-SDB3T8OA1VM6	3.8TB 2.5in 15mm Solidigm S4520 Enter Perf 6G SATA 1X SSD	Compute Hyperconverged Nutanix	drive	layered	Compute Hyperconverged with Nutanix	(shared across the line)	Compute Hyperconverged with Nutanix shared parts	sku ^HC[IO]						
HCI-SDB3T8OA1VM6=	3.8TB 2.5in 15mm Solidigm S4520 Enter Perf 6G SATA 1X SSD	Compute Hyperconverged Nutanix	drive	layered	Compute Hyperconverged with Nutanix	(shared across the line)	Compute Hyperconverged with Nutanix shared parts	sku ^HC[IO]						
HCI-SDB3T8SA1V	Cisco HCI-SDB3T8SA1V	Compute Hyperconverged Nutanix	drive	layered	Compute Hyperconverged with Nutanix	(shared across the line)	Compute Hyperconverged with Nutanix shared parts	sku ^HC[IO]						
HCI-SDB3T8SA1V-M6	3.8TB 2.5in 6G SATA Enter Value 1X Samsung G1PM893A SSD	Compute Hyperconverged Nutanix	drive	layered	Compute Hyperconverged with Nutanix	(shared across the line)	Compute Hyperconverged with Nutanix shared parts	sku ^HC[IO]						
HCI-SDB3T8SA1V-M6=	3.8TB 2.5in 6G SATA Enter Value 1X Samsung G1PM893A SSD	Compute Hyperconverged Nutanix	drive	layered	Compute Hyperconverged with Nutanix	(shared across the line)	Compute Hyperconverged with Nutanix shared parts	sku ^HC[IO]						
HCI-SDB480OA1PM6	480GB 2.5in 15mm Solidigm S4620 Enter Perf 6G SATA 3X SSD	Compute Hyperconverged Nutanix	drive	layered	Compute Hyperconverged with Nutanix	(shared across the line)	Compute Hyperconverged with Nutanix shared parts	sku ^HC[IO]						
HCI-SDB480OA1PM6=	480GB 2.5in 15mm Solidigm S4620 Enter Perf 6G SATA 3X SSD	Compute Hyperconverged Nutanix	drive	layered	Compute Hyperconverged with Nutanix	(shared across the line)	Compute Hyperconverged with Nutanix shared parts	sku ^HC[IO]						
HCI-SDB480OA1VM6	480GB 2.5in 15mm Solidigm S4520 Enter Perf 6G SATA 1X SSD	Compute Hyperconverged Nutanix	drive	layered	Compute Hyperconverged with Nutanix	(shared across the line)	Compute Hyperconverged with Nutanix shared parts	sku ^HC[IO]						
HCI-SDB480OA1VM6=	480GB 2.5in 15mm Solidigm S4520 Enter Perf 6G SATA 1X SSD	Compute Hyperconverged Nutanix	drive	layered	Compute Hyperconverged with Nutanix	(shared across the line)	Compute Hyperconverged with Nutanix shared parts	sku ^HC[IO]						
HCI-SDB7T6SA1V	Cisco HCI-SDB7T6SA1V	Compute Hyperconverged Nutanix	drive	layered	Compute Hyperconverged with Nutanix	(shared across the line)	Compute Hyperconverged with Nutanix shared parts	sku ^HC[IO]						
HCI-SDB7T6SA1V-M6	7.6TB 2.5in 6G SATA Enter Value 1X Samsung G1PM893A SSD	Compute Hyperconverged Nutanix	drive	layered	Compute Hyperconverged with Nutanix	(shared across the line)	Compute Hyperconverged with Nutanix shared parts	sku ^HC[IO]						
HCI-SDB7T6SA1V-M6=	7.6TB 2.5in 6G SATA Enter Value 1X Samsung G1PM893A SSD	Compute Hyperconverged Nutanix	drive	layered	Compute Hyperconverged with Nutanix	(shared across the line)	Compute Hyperconverged with Nutanix shared parts	sku ^HC[IO]						
HCI-SDB960OA1PM6	960GB 2.5in 15mm Solidigm S4620 Enter Perf 6G SATA 3X SSD	Compute Hyperconverged Nutanix	drive	layered	Compute Hyperconverged with Nutanix	(shared across the line)	Compute Hyperconverged with Nutanix shared parts	sku ^HC[IO]						
HCI-SDB960OA1PM6=	960GB 2.5in 15mm Solidigm S4620 Enter Perf 6G SATA 3X SSD	Compute Hyperconverged Nutanix	drive	layered	Compute Hyperconverged with Nutanix	(shared across the line)	Compute Hyperconverged with Nutanix shared parts	sku ^HC[IO]						
HCI-SDB960OA1VM6	960GB 2.5in 15mm Solidigm S4520 Enter Perf 6G SATA 1X SSD	Compute Hyperconverged Nutanix	drive	layered	Compute Hyperconverged with Nutanix	(shared across the line)	Compute Hyperconverged with Nutanix shared parts	sku ^HC[IO]						
HCI-SDB960OA1VM6=	960GB 2.5in 15mm Solidigm S4520 Enter Perf 6G SATA 1X SSD	Compute Hyperconverged Nutanix	drive	layered	Compute Hyperconverged with Nutanix	(shared across the line)	Compute Hyperconverged with Nutanix shared parts	sku ^HC[IO]						
HCI-SDB960SA1V-M6	960GB 2.5in 6G SATA Enter Value 1X Samsung G1PM893A SSD	Compute Hyperconverged Nutanix	drive	layered	Compute Hyperconverged with Nutanix	(shared across the line)	Compute Hyperconverged with Nutanix shared parts	sku ^HC[IO]						
HCI-SDB960SA1V-M6=	960GB 2.5in 6G SATA Enter Value 1X Samsung G1PM893A SSD	Compute Hyperconverged Nutanix	drive	layered	Compute Hyperconverged with Nutanix	(shared across the line)	Compute Hyperconverged with Nutanix shared parts	sku ^HC[IO]						
HCI-TPM-002C	Cisco HCI-TPM-002C	Compute Hyperconverged Nutanix	tpm	layered	Compute Hyperconverged with Nutanix	(shared across the line)	Compute Hyperconverged with Nutanix shared parts	sku ^HC[IO]						
HCI-TPM-002C-M6	TPM 2.0, TCG, FIPS140-2, CC EAL4+ Certified, for M6 servers	Compute Hyperconverged Nutanix	tpm	layered	Compute Hyperconverged with Nutanix	(shared across the line)	Compute Hyperconverged with Nutanix shared parts	sku ^HC[IO]						
HCI-TPM-002C-M6=	TPM 2.0, TCG, FIPS140-2, CC EAL4+ Certified, for M6 servers	Compute Hyperconverged Nutanix	tpm	layered	Compute Hyperconverged with Nutanix	(shared across the line)	Compute Hyperconverged with Nutanix shared parts	sku ^HC[IO]						
HCI-TPM-002D	Cisco HCI-TPM-002D	Compute Hyperconverged Nutanix	tpm	layered	Compute Hyperconverged with Nutanix	(shared across the line)	Compute Hyperconverged with Nutanix shared parts	sku ^HC[IO]						
HCI-TPM-002D-M6	TPM 2.0 TCG FIPS140-2 CC+ Cert M6 Intel MSW2022 Compliant	Compute Hyperconverged Nutanix	tpm	layered	Compute Hyperconverged with Nutanix	(shared across the line)	Compute Hyperconverged with Nutanix shared parts	sku ^HC[IO]						
HCI-TPM-002D-M6=	TPM 2.0 TCG FIPS140-2 CC+ Cert M6 Intel MSW2022 Compliant	Compute Hyperconverged Nutanix	tpm	layered	Compute Hyperconverged with Nutanix	(shared across the line)	Compute Hyperconverged with Nutanix shared parts	sku ^HC[IO]						
HCI-TPM-OPT-OUT	Cisco HCI-TPM-OPT-OUT	Compute Hyperconverged Nutanix	tpm	pending_plan								class non_product		
HCI-TPM-OPT-OUT-M6	OPT OUT, TPM 2.0, TCG, FIPS140-2, CC EAL4+ Certified	Compute Hyperconverged Nutanix	tpm	pending_plan								class non_product		
HCI-TPM-OPT-OUT1	Cisco HCI-TPM-OPT-OUT1	Compute Hyperconverged Nutanix	tpm	pending_plan								class non_product		
HCI-UCSM-MODE-M6	UCSM Deployment mode for FI	Compute Hyperconverged Nutanix	unknown	pending_plan								class non_product		
HCI-VIC-MODE-M6	HCI VIC Connectivity Mode	Compute Hyperconverged Nutanix	nic	layered	Compute Hyperconverged with Nutanix	(shared across the line)	Compute Hyperconverged with Nutanix shared parts	sku ^HC[IO]						
HCIAF220C-M6S	Cisco Compute Hyperconverged HCIAF220cM6 All Flash Node	Compute Hyperconverged Nutanix	server	layered	Compute Hyperconverged with Nutanix		HCI C220 nodes	sku ^HC[IO](AF|NX|F|HY)?220C						
HCIAF220C-M6SN	Cisco Compute Hyperconverged HCIAF220cM6 All Flash NVMe Node	Compute Hyperconverged Nutanix	server	layered	Compute Hyperconverged with Nutanix		HCI C220 nodes	sku ^HC[IO](AF|NX|F|HY)?220C						
HCIAF220C-M7S	Cisco Compute Hyperconverged 220cM7 All Flash Nutanix Nod	Compute Hyperconverged with Nutanix	server	layered	Compute Hyperconverged with Nutanix		HCI C220 nodes	sku ^HC[IO](AF|NX|F|HY)?220C						
HCIAF220C-M7SN	Cisco Compute Hyperconverged 220cM7 All NVMe Nutanix Node	Compute Hyperconverged with Nutanix	server	layered	Compute Hyperconverged with Nutanix		HCI C220 nodes	sku ^HC[IO](AF|NX|F|HY)?220C						
HCIAF220C-M7SN1	Cisco HCIAF220C-M7SN1	Compute Hyperconverged Nutanix	server	layered	Compute Hyperconverged with Nutanix		HCI C220 nodes	sku ^HC[IO](AF|NX|F|HY)?220C						
HCIAF240C-M6SX	Cisco Compute Hyperconverged HCIAF240cM6 All Flash Node	Compute Hyperconverged Nutanix	server	layered	Compute Hyperconverged with Nutanix		HCI C240 nodes	sku ^HC[IO](AF|NX|F|HY)?240C						
HCIAF240C-M7SN	Cisco Compute Hyperconverged 240cM7 All NVMe Nutanix Node	Compute Hyperconverged with Nutanix	server	layered	Compute Hyperconverged with Nutanix		HCI C240 nodes	sku ^HC[IO](AF|NX|F|HY)?240C						
HCIAF240C-M7SX	Cisco Compute Hyperconverged 240cM7 All Flash Nutanix Node	Compute Hyperconverged with Nutanix	server	layered	Compute Hyperconverged with Nutanix		HCI C240 nodes	sku ^HC[IO](AF|NX|F|HY)?240C						
HCINX220C-M8E3S	Cisco Compute Hyperconverged C220 M8 1RU NVMe-optimized server with up to 16x E3.S NVMe drive bays	Compute Hyperconverged with Nutanix	server	layered	Compute Hyperconverged with Nutanix		HCI C220 nodes	sku ^HC[IO](AF|NX|F|HY)?220C						
HCINX220C-M8S	Cisco Compute Hyperconverged C220 M8 1RU All-Flash server with up to 10x SAS/SATA SSD drive bays	Compute Hyperconverged with Nutanix	server	layered	Compute Hyperconverged with Nutanix		HCI C220 nodes	sku ^HC[IO](AF|NX|F|HY)?220C						
HCINX225C-M8SN	C225 M8 1RU NVMe optimized server with up to 10x NVMe drive capability	Compute Hyperconverged with Nutanix	server	layered	Compute Hyperconverged with Nutanix		HCI C225 nodes	sku ^HC[IO]X?(AF|NX|F|HY)?225C						
HCINX240C-M8E3S	Cisco Compute Hyperconverged C240 M8 2RU standard rack server with up to 24x E3.S NVMe drive bays	Compute Hyperconverged with Nutanix	server	layered	Compute Hyperconverged with Nutanix		HCI C240 nodes	sku ^HC[IO](AF|NX|F|HY)?240C						
HCINX240C-M8L	Cisco Compute Hyperconverged C240 M8 2RU standard rack server with up to 16x LFF drive bays	Compute Hyperconverged with Nutanix	server	layered	Compute Hyperconverged with Nutanix		HCI C240 nodes	sku ^HC[IO](AF|NX|F|HY)?240C						
HCINX240C-M8SX	Cisco Compute Hyperconverged C240 M8 2RU standard rack server with up to 24x SFF drive bays	Compute Hyperconverged with Nutanix	server	layered	Compute Hyperconverged with Nutanix		HCI C240 nodes	sku ^HC[IO](AF|NX|F|HY)?240C						
HCIVS220C-M8E3S	Cisco Compute Hyperconverged C220 M8 1RU standard rack server with up to 16x E3.S drive bays	Compute Hyperconverged with VMware vSAN	server	layered	Compute Hyperconverged with VMware vSAN		vSAN nodes (C220 / C225 / C240 / C245 / X210c / X215c)	sku ^HC[IO]X?VS						
HCIVS220C-M8SN	Cisco Compute Hyperconverged C220 M8 1RU standard rack server with up to 10x U.2/U.3 drive bays	Compute Hyperconverged with VMware vSAN	server	layered	Compute Hyperconverged with VMware vSAN		vSAN nodes (C220 / C225 / C240 / C245 / X210c / X215c)	sku ^HC[IO]X?VS						
HCIVS225C-M8SN	Cisco Compute Hyperconverged C225 M8 1RU standard rack server with up to 10x U.2/U.3 drives	Compute Hyperconverged with VMware vSAN	server	layered	Compute Hyperconverged with VMware vSAN		vSAN nodes (C220 / C225 / C240 / C245 / X210c / X215c)	sku ^HC[IO]X?VS						
HCIVS240C-M8E3S	Cisco Compute Hyperconverged C240 M8 2RU standard rack server with up to 24x E3.S drive bays	Compute Hyperconverged with VMware vSAN	server	layered	Compute Hyperconverged with VMware vSAN		vSAN nodes (C220 / C225 / C240 / C245 / X210c / X215c)	sku ^HC[IO]X?VS						
HCIVS240C-M8SN	Cisco Compute Hyperconverged C240 M8 2RU standard rack server with up to 24x U.2/U.3 drive bays	Compute Hyperconverged with VMware vSAN	server	layered	Compute Hyperconverged with VMware vSAN		vSAN nodes (C220 / C225 / C240 / C245 / X210c / X215c)	sku ^HC[IO]X?VS						
HCIVS245C-M8SN	Cisco Compute Hyperconverged with VMware vSAN C245 M8 2RU standard rack server with up to 8x U.2/U.3 drives	Compute Hyperconverged with VMware vSAN	server	layered	Compute Hyperconverged with VMware vSAN		vSAN nodes (C220 / C225 / C240 / C245 / X210c / X215c)	sku ^HC[IO]X?VS						
HCIX-210C-M7	Cisco Compute Hyperconverged X210c M7 Node w/o CPU, memory, storage, mezzanine	Compute Hyperconverged with Nutanix	server	layered	Compute Hyperconverged with Nutanix		HCIX X-Series (X210c / X215c / X440p / X9508)	sku ^HC[IO]X(NX|AF|F)?-?21[05]C						
HCIX-210C-M7-U	Cisco Compute Hyperconverged X210c M7 Node UPG w/o CPU, memory, storage, mezzanine	Compute Hyperconverged with Nutanix	server	layered	Compute Hyperconverged with Nutanix		HCIX X-Series (X210c / X215c / X440p / X9508)	sku ^HC[IO]X(NX|AF|F)?-?21[05]C						
HCIX-440P	Cisco HCIX-440P	Compute Hyperconverged with Nutanix	server	layered	Compute Hyperconverged with Nutanix		HCIX X-Series (X210c / X215c / X440p / X9508)	sku ^HC[IO]X-440P						
HCIX-440P-U	Cisco HCIX-440P-U	Compute Hyperconverged with Nutanix	server	layered	Compute Hyperconverged with Nutanix		HCIX X-Series (X210c / X215c / X440p / X9508)	sku ^HC[IO]X-440P						
HCIX-9508-CH	DISTI: Cisco UCS X9508 Chassis	Compute Hyperconverged with Nutanix	chassis	layered	Compute Hyperconverged with Nutanix		HCIX X-Series (X210c / X215c / X440p / X9508)	sku ^HC[IO]X-?9508						
HCIX-9508-U	Cisco Compute Hyperconverged X9508 Server Chassis configured	Compute Hyperconverged with Nutanix	chassis	layered	Compute Hyperconverged with Nutanix		HCIX X-Series (X210c / X215c / X440p / X9508)	sku ^HC[IO]X-?9508						
HCIX-9508=	Cisco HCIX-9508=	Compute Hyperconverged with Nutanix	chassis	layered	Compute Hyperconverged with Nutanix		HCIX X-Series (X210c / X215c / X440p / X9508)	sku ^HC[IO]X-?9508						
HCIX-AOSAHV-73SWK9	Cisco HCIX-AOSAHV-73SWK9	Compute Hyperconverged Nutanix	unknown	pending_plan								class software		
HCIX-C-DEBUGCBL=	Cisco HCIX-C-DEBUGCBL=	Compute Hyperconverged with Nutanix	cable	layered	Compute Hyperconverged with Nutanix	(shared across the line)	Compute Hyperconverged with Nutanix shared parts	sku ^HC[IO]						
HCIX-CPU-I4514Y	Cisco HCIX-CPU-I4514Y	Compute Hyperconverged Nutanix	cpu	layered	Compute Hyperconverged with Nutanix	(shared across the line)	Compute Hyperconverged with Nutanix shared parts	sku ^HC[IO]						
HCIX-CPU-I5411N1	Cisco HCIX-CPU-I5411N1	Compute Hyperconverged Nutanix	cpu	layered	Compute Hyperconverged with Nutanix	(shared across the line)	Compute Hyperconverged with Nutanix shared parts	sku ^HC[IO]						
HCIX-CPU-I5412U1	Cisco HCIX-CPU-I5412U1	Compute Hyperconverged Nutanix	cpu	layered	Compute Hyperconverged with Nutanix	(shared across the line)	Compute Hyperconverged with Nutanix shared parts	sku ^HC[IO]						
HCIX-CPU-I5512U	Cisco HCIX-CPU-I5512U	Compute Hyperconverged Nutanix	cpu	layered	Compute Hyperconverged with Nutanix	(shared across the line)	Compute Hyperconverged with Nutanix shared parts	sku ^HC[IO]						
HCIX-CPU-I6414U1	Cisco HCIX-CPU-I6414U1	Compute Hyperconverged Nutanix	cpu	layered	Compute Hyperconverged with Nutanix	(shared across the line)	Compute Hyperconverged with Nutanix shared parts	sku ^HC[IO]						
HCIX-CPU-I6421N1	Cisco HCIX-CPU-I6421N1	Compute Hyperconverged Nutanix	cpu	layered	Compute Hyperconverged with Nutanix	(shared across the line)	Compute Hyperconverged with Nutanix shared parts	sku ^HC[IO]						
HCIX-CPU-I6434	Cisco HCIX-CPU-I6434	Compute Hyperconverged Nutanix	cpu	layered	Compute Hyperconverged with Nutanix	(shared across the line)	Compute Hyperconverged with Nutanix shared parts	sku ^HC[IO]						
HCIX-CPU-I6438M	Cisco HCIX-CPU-I6438M	Compute Hyperconverged Nutanix	cpu	layered	Compute Hyperconverged with Nutanix	(shared across the line)	Compute Hyperconverged with Nutanix shared parts	sku ^HC[IO]						
HCIX-CPU-I6438Y+	Cisco HCIX-CPU-I6438Y+	Compute Hyperconverged Nutanix	cpu	layered	Compute Hyperconverged with Nutanix	(shared across the line)	Compute Hyperconverged with Nutanix shared parts	sku ^HC[IO]						
HCIX-CPU-I6454S	Cisco HCIX-CPU-I6454S	Compute Hyperconverged Nutanix	cpu	layered	Compute Hyperconverged with Nutanix	(shared across the line)	Compute Hyperconverged with Nutanix shared parts	sku ^HC[IO]						
HCIX-CPU-I6538Y+	Cisco HCIX-CPU-I6538Y+	Compute Hyperconverged Nutanix	cpu	layered	Compute Hyperconverged with Nutanix	(shared across the line)	Compute Hyperconverged with Nutanix shared parts	sku ^HC[IO]						
HCIX-CPU-I6548N	Cisco HCIX-CPU-I6548N	Compute Hyperconverged Nutanix	cpu	layered	Compute Hyperconverged with Nutanix	(shared across the line)	Compute Hyperconverged with Nutanix shared parts	sku ^HC[IO]						
HCIX-CPU-I6554S	Cisco HCIX-CPU-I6554S	Compute Hyperconverged Nutanix	cpu	layered	Compute Hyperconverged with Nutanix	(shared across the line)	Compute Hyperconverged with Nutanix shared parts	sku ^HC[IO]						
HCIX-CPU-I8460Y+	Cisco HCIX-CPU-I8460Y+	Compute Hyperconverged Nutanix	cpu	layered	Compute Hyperconverged with Nutanix	(shared across the line)	Compute Hyperconverged with Nutanix shared parts	sku ^HC[IO]						
HCIX-CPU-I8461V1	Cisco HCIX-CPU-I8461V1	Compute Hyperconverged Nutanix	cpu	layered	Compute Hyperconverged with Nutanix	(shared across the line)	Compute Hyperconverged with Nutanix shared parts	sku ^HC[IO]						
HCIX-CPU-I8468	Cisco HCIX-CPU-I8468	Compute Hyperconverged Nutanix	cpu	layered	Compute Hyperconverged with Nutanix	(shared across the line)	Compute Hyperconverged with Nutanix shared parts	sku ^HC[IO]						
HCIX-CPU-I8471N1	Cisco HCIX-CPU-I8471N1	Compute Hyperconverged Nutanix	cpu	layered	Compute Hyperconverged with Nutanix	(shared across the line)	Compute Hyperconverged with Nutanix shared parts	sku ^HC[IO]						
HCIX-CPU-I8571N1	Cisco HCIX-CPU-I8571N1	Compute Hyperconverged Nutanix	cpu	layered	Compute Hyperconverged with Nutanix	(shared across the line)	Compute Hyperconverged with Nutanix shared parts	sku ^HC[IO]						
HCIX-CPU-I8581V1	Cisco HCIX-CPU-I8581V1	Compute Hyperconverged Nutanix	cpu	layered	Compute Hyperconverged with Nutanix	(shared across the line)	Compute Hyperconverged with Nutanix shared parts	sku ^HC[IO]						
HCIX-F-9416	Cisco HCIX-F-9416	Compute Hyperconverged with Nutanix	drive	layered	Compute Hyperconverged with Nutanix	(shared across the line)	Compute Hyperconverged with Nutanix shared parts	sku ^HC[IO]						
HCIX-F-9416-D	Cisco HCIX-F-9416-D	Compute Hyperconverged with Nutanix	drive	layered	Compute Hyperconverged with Nutanix	(shared across the line)	Compute Hyperconverged with Nutanix shared parts	sku ^HC[IO]						
HCIX-FS-9516-U	Cisco HCIX-FS-9516-U	Compute Hyperconverged Nutanix	io-module	layered	Compute Hyperconverged with Nutanix		HCI fabric interconnects and X-Fabric	sku ^HC[IO]X?-F[IS]						
HCIX-FS-9516=	Cisco HCIX-FS-9516=	Compute Hyperconverged Nutanix	io-module	layered	Compute Hyperconverged with Nutanix		HCI fabric interconnects and X-Fabric	sku ^HC[IO]X?-F[IS]						
HCIX-FS-X9516	Cisco HCIX-FS-X9516	Compute Hyperconverged Nutanix	io-module	layered	Compute Hyperconverged with Nutanix		HCI fabric interconnects and X-Fabric	sku ^HC[IO]X?-F[IS]						
HCIX-GPU-A16	NVIDIA A16 PCIE 250W 4X16GB	Compute Hyperconverged with Nutanix	gpu	layered	Compute Hyperconverged with Nutanix	(shared across the line)	Compute Hyperconverged with Nutanix shared parts	sku ^HC[IO]						
HCIX-GPU-H100-80	NVIDIA H100: 350W, 80GB, 2-slot FHFL GPU	Compute Hyperconverged with Nutanix	gpu	layered	Compute Hyperconverged with Nutanix	(shared across the line)	Compute Hyperconverged with Nutanix shared parts	sku ^HC[IO]						
HCIX-GPU-H200-NVL	Cisco HCIX-GPU-H200-NVL	Compute Hyperconverged Nutanix	gpu	layered	Compute Hyperconverged with Nutanix	(shared across the line)	Compute Hyperconverged with Nutanix shared parts	sku ^HC[IO]						
HCIX-GPU-H200-NVL1	Cisco HCIX-GPU-H200-NVL1	Compute Hyperconverged Nutanix	gpu	layered	Compute Hyperconverged with Nutanix	(shared across the line)	Compute Hyperconverged with Nutanix shared parts	sku ^HC[IO]						
HCIX-GPU-H200-NVL=	Cisco HCIX-GPU-H200-NVL=	Compute Hyperconverged Nutanix	gpu	layered	Compute Hyperconverged with Nutanix	(shared across the line)	Compute Hyperconverged with Nutanix shared parts	sku ^HC[IO]						
HCIX-GPU-L4	Cisco HCIX-GPU-L4	Compute Hyperconverged with Nutanix	gpu	layered	Compute Hyperconverged with Nutanix	(shared across the line)	Compute Hyperconverged with Nutanix shared parts	sku ^HC[IO]						
HCIX-GPU-L40S	Cisco HCIX-GPU-L40S	Compute Hyperconverged with Nutanix	gpu	layered	Compute Hyperconverged with Nutanix	(shared across the line)	Compute Hyperconverged with Nutanix shared parts	sku ^HC[IO]						
HCIX-GPU-L40S=	Cisco HCIX-GPU-L40S=	Compute Hyperconverged Nutanix	gpu	layered	Compute Hyperconverged with Nutanix	(shared across the line)	Compute Hyperconverged with Nutanix shared parts	sku ^HC[IO]						
HCIX-GPU-RKIT-NV	Cisco HCIX-GPU-RKIT-NV	Compute Hyperconverged Nutanix	gpu	layered	Compute Hyperconverged with Nutanix	(shared across the line)	Compute Hyperconverged with Nutanix shared parts	sku ^HC[IO]						
HCIX-GPU-RKIT-NV=	Cisco HCIX-GPU-RKIT-NV=	Compute Hyperconverged Nutanix	gpu	layered	Compute Hyperconverged with Nutanix	(shared across the line)	Compute Hyperconverged with Nutanix shared parts	sku ^HC[IO]						
HCIX-I9108-100G	Cisco HCIX-I9108-100G	Compute Hyperconverged with Nutanix	io-module	layered	Compute Hyperconverged with Nutanix	(shared across the line)	Compute Hyperconverged with Nutanix shared parts	sku ^HC[IO]						
HCIX-I9108-25G	Cisco HCIX-I9108-25G	Compute Hyperconverged with Nutanix	io-module	layered	Compute Hyperconverged with Nutanix	(shared across the line)	Compute Hyperconverged with Nutanix shared parts	sku ^HC[IO]						
HCIX-M2-240G	Cisco HCIX-M2-240G	Compute Hyperconverged Nutanix	drive	layered	Compute Hyperconverged with Nutanix	(shared across the line)	Compute Hyperconverged with Nutanix shared parts	sku ^HC[IO]						
HCIX-M2-480G	Cisco HCIX-M2-480G	Compute Hyperconverged Nutanix	drive	layered	Compute Hyperconverged with Nutanix	(shared across the line)	Compute Hyperconverged with Nutanix shared parts	sku ^HC[IO]						
HCIX-M2-960G	Cisco HCIX-M2-960G	Compute Hyperconverged Nutanix	drive	layered	Compute Hyperconverged with Nutanix	(shared across the line)	Compute Hyperconverged with Nutanix shared parts	sku ^HC[IO]						
HCIX-M2-I240GB	240GB M.2 Boot SATA Intel SSD	Compute Hyperconverged Nutanix	drive	layered	Compute Hyperconverged with Nutanix	(shared across the line)	Compute Hyperconverged with Nutanix shared parts	sku ^HC[IO]						
HCIX-M2-I240GB=	240GB M.2 Boot SATA Intel SSD	Compute Hyperconverged Nutanix	drive	layered	Compute Hyperconverged with Nutanix	(shared across the line)	Compute Hyperconverged with Nutanix shared parts	sku ^HC[IO]						
HCIX-M2-I480GB	480GB M.2 Boot SATA Intel SSD	Compute Hyperconverged Nutanix	drive	layered	Compute Hyperconverged with Nutanix	(shared across the line)	Compute Hyperconverged with Nutanix shared parts	sku ^HC[IO]						
HCIX-M2-I480GB=	480GB M.2 Boot SATA Intel SSD	Compute Hyperconverged Nutanix	drive	layered	Compute Hyperconverged with Nutanix	(shared across the line)	Compute Hyperconverged with Nutanix shared parts	sku ^HC[IO]						
HCIX-M2240OA1V	Cisco HCIX-M2240OA1V	Compute Hyperconverged Nutanix	drive	layered	Compute Hyperconverged with Nutanix	(shared across the line)	Compute Hyperconverged with Nutanix shared parts	sku ^HC[IO]						
HCIX-M2240OA1V=	Cisco HCIX-M2240OA1V=	Compute Hyperconverged Nutanix	drive	layered	Compute Hyperconverged with Nutanix	(shared across the line)	Compute Hyperconverged with Nutanix shared parts	sku ^HC[IO]						
HCIX-M2480OA1V	Cisco HCIX-M2480OA1V	Compute Hyperconverged Nutanix	drive	layered	Compute Hyperconverged with Nutanix	(shared across the line)	Compute Hyperconverged with Nutanix shared parts	sku ^HC[IO]						
HCIX-M2480OA1V=	Cisco HCIX-M2480OA1V=	Compute Hyperconverged Nutanix	drive	layered	Compute Hyperconverged with Nutanix	(shared across the line)	Compute Hyperconverged with Nutanix shared parts	sku ^HC[IO]						
HCIX-M7-MLB	Cisco Compute Hyperconverged and Compute-Only Node X-Series M7 with Nutanix MLB	Compute Hyperconverged with Nutanix	bundle	layered	Compute Hyperconverged with Nutanix	(shared across the line)	Compute Hyperconverged with Nutanix shared parts	sku ^HC[IO]						
HCIX-M8-NTNX-MLB	Cisco Compute Hyperconverged and Compute-Only Node X-Series M8 with Nutanix MLB	Compute Hyperconverged with Nutanix	bundle	layered	Compute Hyperconverged with Nutanix	(shared across the line)	Compute Hyperconverged with Nutanix shared parts	sku ^HC[IO]						
HCIX-M8-VSAN-MLB	Cisco Compute Hyperconverged X-Series M8 with vSAN MLB	Compute Hyperconverged with VMware vSAN	bundle	layered	Compute Hyperconverged with VMware vSAN		vSAN nodes (C220 / C225 / C240 / C245 / X210c / X215c)	sku ^HC[IO].*VSAN						
HCIX-ME-V5Q50G	Cisco HCIX-ME-V5Q50G	Compute Hyperconverged with Nutanix	nic	layered	Compute Hyperconverged with Nutanix	(shared across the line)	Compute Hyperconverged with Nutanix shared parts	sku ^HC[IO]						
HCIX-ML-V5Q50G	Cisco HCIX-ML-V5Q50G	Compute Hyperconverged Nutanix	memory	layered	Compute Hyperconverged with Nutanix	(shared across the line)	Compute Hyperconverged with Nutanix shared parts	sku ^HC[IO]						
HCIX-MLV5D200GV2	Cisco HCIX-MLV5D200GV2	Compute Hyperconverged Nutanix	memory	layered	Compute Hyperconverged with Nutanix	(shared across the line)	Compute Hyperconverged with Nutanix shared parts	sku ^HC[IO]						
HCIX-MR128G4RE1	Cisco HCIX-MR128G4RE1	Compute Hyperconverged Nutanix	memory	layered	Compute Hyperconverged with Nutanix	(shared across the line)	Compute Hyperconverged with Nutanix shared parts	sku ^HC[IO]						
HCIX-MR128G4RE3	Cisco HCIX-MR128G4RE3	Compute Hyperconverged Nutanix	memory	layered	Compute Hyperconverged with Nutanix	(shared across the line)	Compute Hyperconverged with Nutanix shared parts	sku ^HC[IO]						
HCIX-MR128G4RE33	Cisco HCIX-MR128G4RE33	Compute Hyperconverged Nutanix	memory	layered	Compute Hyperconverged with Nutanix	(shared across the line)	Compute Hyperconverged with Nutanix shared parts	sku ^HC[IO]						
HCIX-MRX16G1RE1	Cisco HCIX-MRX16G1RE1	Compute Hyperconverged Nutanix	memory	layered	Compute Hyperconverged with Nutanix	(shared across the line)	Compute Hyperconverged with Nutanix shared parts	sku ^HC[IO]						
HCIX-MRX32G1RE1	Cisco HCIX-MRX32G1RE1	Compute Hyperconverged Nutanix	memory	layered	Compute Hyperconverged with Nutanix	(shared across the line)	Compute Hyperconverged with Nutanix shared parts	sku ^HC[IO]						
HCIX-MRX48G1RF32	Cisco HCIX-MRX48G1RF32	Compute Hyperconverged Nutanix	memory	layered	Compute Hyperconverged with Nutanix	(shared across the line)	Compute Hyperconverged with Nutanix shared parts	sku ^HC[IO]						
HCIX-MRX64G2RE1	Cisco HCIX-MRX64G2RE1	Compute Hyperconverged Nutanix	memory	layered	Compute Hyperconverged with Nutanix	(shared across the line)	Compute Hyperconverged with Nutanix shared parts	sku ^HC[IO]						
HCIX-MRX64G2RE3	Cisco HCIX-MRX64G2RE3	Compute Hyperconverged Nutanix	memory	layered	Compute Hyperconverged with Nutanix	(shared across the line)	Compute Hyperconverged with Nutanix shared parts	sku ^HC[IO]						
HCIX-MRX96G2RF32	Cisco HCIX-MRX96G2RF32	Compute Hyperconverged Nutanix	memory	layered	Compute Hyperconverged with Nutanix	(shared across the line)	Compute Hyperconverged with Nutanix shared parts	sku ^HC[IO]						
HCIX-NVB12T8M2P	Cisco HCIX-NVB12T8M2P	Compute Hyperconverged Nutanix	drive	layered	Compute Hyperconverged with Nutanix	(shared across the line)	Compute Hyperconverged with Nutanix shared parts	sku ^HC[IO]						
HCIX-NVB15T3M2V9	Cisco HCIX-NVB15T3M2V9	Compute Hyperconverged Nutanix	drive	layered	Compute Hyperconverged with Nutanix	(shared across the line)	Compute Hyperconverged with Nutanix shared parts	sku ^HC[IO]						
HCIX-NVB15TO1V	Cisco HCIX-NVB15TO1V	Compute Hyperconverged Nutanix	drive	layered	Compute Hyperconverged with Nutanix	(shared across the line)	Compute Hyperconverged with Nutanix shared parts	sku ^HC[IO]						
HCIX-NVB15TO1V=	Cisco HCIX-NVB15TO1V=	Compute Hyperconverged Nutanix	drive	layered	Compute Hyperconverged with Nutanix	(shared across the line)	Compute Hyperconverged with Nutanix shared parts	sku ^HC[IO]						
HCIX-NVB1T9M2V	Cisco HCIX-NVB1T9M2V	Compute Hyperconverged Nutanix	drive	layered	Compute Hyperconverged with Nutanix	(shared across the line)	Compute Hyperconverged with Nutanix shared parts	sku ^HC[IO]						
HCIX-NVB1T9O1V	Cisco HCIX-NVB1T9O1V	Compute Hyperconverged Nutanix	drive	layered	Compute Hyperconverged with Nutanix	(shared across the line)	Compute Hyperconverged with Nutanix shared parts	sku ^HC[IO]						
HCIX-NVB1T9O1V=	Cisco HCIX-NVB1T9O1V=	Compute Hyperconverged Nutanix	drive	layered	Compute Hyperconverged with Nutanix	(shared across the line)	Compute Hyperconverged with Nutanix shared parts	sku ^HC[IO]						
HCIX-NVB3T2O1P	Cisco HCIX-NVB3T2O1P	Compute Hyperconverged Nutanix	drive	layered	Compute Hyperconverged with Nutanix	(shared across the line)	Compute Hyperconverged with Nutanix shared parts	sku ^HC[IO]						
HCIX-NVB3T2O1P=	Cisco HCIX-NVB3T2O1P=	Compute Hyperconverged Nutanix	drive	layered	Compute Hyperconverged with Nutanix	(shared across the line)	Compute Hyperconverged with Nutanix shared parts	sku ^HC[IO]						
HCIX-NVB3T8M2V	Cisco HCIX-NVB3T8M2V	Compute Hyperconverged Nutanix	drive	layered	Compute Hyperconverged with Nutanix	(shared across the line)	Compute Hyperconverged with Nutanix shared parts	sku ^HC[IO]						
HCIX-NVB3T8M2V9	Cisco HCIX-NVB3T8M2V9	Compute Hyperconverged Nutanix	drive	layered	Compute Hyperconverged with Nutanix	(shared across the line)	Compute Hyperconverged with Nutanix shared parts	sku ^HC[IO]						
HCIX-NVB3T8O1V	Cisco HCIX-NVB3T8O1V	Compute Hyperconverged Nutanix	drive	layered	Compute Hyperconverged with Nutanix	(shared across the line)	Compute Hyperconverged with Nutanix shared parts	sku ^HC[IO]						
HCIX-NVB3T8O1V=	Cisco HCIX-NVB3T8O1V=	Compute Hyperconverged Nutanix	drive	layered	Compute Hyperconverged with Nutanix	(shared across the line)	Compute Hyperconverged with Nutanix shared parts	sku ^HC[IO]						
HCIX-NVB6T4O1P	Cisco HCIX-NVB6T4O1P	Compute Hyperconverged Nutanix	drive	layered	Compute Hyperconverged with Nutanix	(shared across the line)	Compute Hyperconverged with Nutanix shared parts	sku ^HC[IO]						
HCIX-NVB6T4O1P=	Cisco HCIX-NVB6T4O1P=	Compute Hyperconverged Nutanix	drive	layered	Compute Hyperconverged with Nutanix	(shared across the line)	Compute Hyperconverged with Nutanix shared parts	sku ^HC[IO]						
HCIX-NVB7T6M2V	Cisco HCIX-NVB7T6M2V	Compute Hyperconverged Nutanix	drive	layered	Compute Hyperconverged with Nutanix	(shared across the line)	Compute Hyperconverged with Nutanix shared parts	sku ^HC[IO]						
HCIX-NVB7T6M2V9	Cisco HCIX-NVB7T6M2V9	Compute Hyperconverged Nutanix	drive	layered	Compute Hyperconverged with Nutanix	(shared across the line)	Compute Hyperconverged with Nutanix shared parts	sku ^HC[IO]						
HCIX-NVB7T6O1V	Cisco HCIX-NVB7T6O1V	Compute Hyperconverged Nutanix	drive	layered	Compute Hyperconverged with Nutanix	(shared across the line)	Compute Hyperconverged with Nutanix shared parts	sku ^HC[IO]						
HCIX-NVB7T6O1V=	Cisco HCIX-NVB7T6O1V=	Compute Hyperconverged Nutanix	drive	layered	Compute Hyperconverged with Nutanix	(shared across the line)	Compute Hyperconverged with Nutanix shared parts	sku ^HC[IO]						
HCIX-NVL2-H200	Cisco HCIX-NVL2-H200	Compute Hyperconverged Nutanix	unknown	layered	Compute Hyperconverged with Nutanix	(shared across the line)	Compute Hyperconverged with Nutanix shared parts	sku ^HC[IO]						
HCIX-NVL2-H200=	Cisco HCIX-NVL2-H200=	Compute Hyperconverged Nutanix	unknown	layered	Compute Hyperconverged with Nutanix	(shared across the line)	Compute Hyperconverged with Nutanix shared parts	sku ^HC[IO]						
HCIX-NVME4-15360	15.3TB 2.5in U.2 15mm P5520 Hg Perf Med End NVMe	Compute Hyperconverged Nutanix	drive	layered	Compute Hyperconverged with Nutanix	(shared across the line)	Compute Hyperconverged with Nutanix shared parts	sku ^HC[IO]						
HCIX-NVME4-15360=	15.3TB 2.5in U.2 15mm P5520 Hg Perf Med End NVMe	Compute Hyperconverged Nutanix	drive	layered	Compute Hyperconverged with Nutanix	(shared across the line)	Compute Hyperconverged with Nutanix shared parts	sku ^HC[IO]						
HCIX-NVME4-1920	1.9TB 2.5in U.2 15mm P5520 Hg Perf Med End NVMe	Compute Hyperconverged Nutanix	drive	layered	Compute Hyperconverged with Nutanix	(shared across the line)	Compute Hyperconverged with Nutanix shared parts	sku ^HC[IO]						
HCIX-NVME4-1920=	1.9TB 2.5in U.2 15mm P5520 Hg Perf Med End NVMe	Compute Hyperconverged Nutanix	drive	layered	Compute Hyperconverged with Nutanix	(shared across the line)	Compute Hyperconverged with Nutanix shared parts	sku ^HC[IO]						
HCIX-NVME4-3200	3.2TB 2.5in U.2 15mm Solidigm P5620 Hg Perf Hg End NVMe (3X)	Compute Hyperconverged Nutanix	drive	layered	Compute Hyperconverged with Nutanix	(shared across the line)	Compute Hyperconverged with Nutanix shared parts	sku ^HC[IO]						
HCIX-NVME4-3200=	3.2TB 2.5in U.2 15mm Solidigm P5620 Hg Perf Hg End NVMe (3X)	Compute Hyperconverged Nutanix	drive	layered	Compute Hyperconverged with Nutanix	(shared across the line)	Compute Hyperconverged with Nutanix shared parts	sku ^HC[IO]						
HCIX-NVME4-3840	3.8TB 2.5in U.2 15mm P5520 Hg Perf Med End NVMe	Compute Hyperconverged Nutanix	drive	layered	Compute Hyperconverged with Nutanix	(shared across the line)	Compute Hyperconverged with Nutanix shared parts	sku ^HC[IO]						
HCIX-NVME4-3840=	3.8TB 2.5in U.2 15mm P5520 Hg Perf Med End NVMe	Compute Hyperconverged Nutanix	drive	layered	Compute Hyperconverged with Nutanix	(shared across the line)	Compute Hyperconverged with Nutanix shared parts	sku ^HC[IO]						
HCIX-NVME4-6400	6.4TB 2.5in U.2 15mm Solidigm P5620 Hg Perf Hg End NVMe (3X)	Compute Hyperconverged Nutanix	drive	layered	Compute Hyperconverged with Nutanix	(shared across the line)	Compute Hyperconverged with Nutanix shared parts	sku ^HC[IO]						
HCIX-NVME4-6400=	6.4TB 2.5in U.2 15mm Solidigm P5620 Hg Perf Hg End NVMe (3X)	Compute Hyperconverged Nutanix	drive	layered	Compute Hyperconverged with Nutanix	(shared across the line)	Compute Hyperconverged with Nutanix shared parts	sku ^HC[IO]						
HCIX-NVME4-7680	7.6TB 2.5in U.2 15mm P5520 Hg Perf Med End NVMe	Compute Hyperconverged Nutanix	drive	layered	Compute Hyperconverged with Nutanix	(shared across the line)	Compute Hyperconverged with Nutanix shared parts	sku ^HC[IO]						
HCIX-NVME4-7680=	7.6TB 2.5in U.2 15mm P5520 Hg Perf Med End NVMe	Compute Hyperconverged Nutanix	drive	layered	Compute Hyperconverged with Nutanix	(shared across the line)	Compute Hyperconverged with Nutanix shared parts	sku ^HC[IO]						
HCIX-NVMEG4-M1536	Cisco HCIX-NVMEG4-M1536	Compute Hyperconverged Nutanix	drive	layered	Compute Hyperconverged with Nutanix	(shared across the line)	Compute Hyperconverged with Nutanix shared parts	sku ^HC[IO]						
HCIX-NVMEG4-M1920	Cisco HCIX-NVMEG4-M1920	Compute Hyperconverged Nutanix	drive	layered	Compute Hyperconverged with Nutanix	(shared across the line)	Compute Hyperconverged with Nutanix shared parts	sku ^HC[IO]						
HCIX-NVMEG4-M3840	Cisco HCIX-NVMEG4-M3840	Compute Hyperconverged Nutanix	drive	layered	Compute Hyperconverged with Nutanix	(shared across the line)	Compute Hyperconverged with Nutanix shared parts	sku ^HC[IO]						
HCIX-PSU-2800AC	Cisco HCIX-PSU-2800AC	Compute Hyperconverged with Nutanix	power	layered	Compute Hyperconverged with Nutanix	(shared across the line)	Compute Hyperconverged with Nutanix shared parts	sku ^HC[IO]						
HCIX-RIS-A-440P	Cisco HCIX-RIS-A-440P	Compute Hyperconverged with Nutanix	accessory	layered	Compute Hyperconverged with Nutanix	(shared across the line)	Compute Hyperconverged with Nutanix shared parts	sku ^HC[IO]						
HCIX-RIS-B-440P	Cisco HCIX-RIS-B-440P	Compute Hyperconverged with Nutanix	accessory	layered	Compute Hyperconverged with Nutanix	(shared across the line)	Compute Hyperconverged with Nutanix shared parts	sku ^HC[IO]						
HCIX-S9108-100G	Cisco UCS Fabric Interconnect 9108 100G	Compute Hyperconverged with Nutanix	fabric-interconnect	layered	Compute Hyperconverged with Nutanix		HCI fabric interconnects and X-Fabric	sku ^HC[IO]X-S9108						
HCIX-S9108-SW	Cisco HCIX-S9108-SW	Compute Hyperconverged with Nutanix	fabric-interconnect	layered	Compute Hyperconverged with Nutanix		HCI fabric interconnects and X-Fabric	sku ^HC[IO]X-S9108						
HCIX-TPM-002C	Cisco HCIX-TPM-002C	Compute Hyperconverged Nutanix	tpm	layered	Compute Hyperconverged with Nutanix	(shared across the line)	Compute Hyperconverged with Nutanix shared parts	sku ^HC[IO]						
HCIX-V4-PCIME1	Cisco HCIX-V4-PCIME1	Compute Hyperconverged with Nutanix	nic	layered	Compute Hyperconverged with Nutanix	(shared across the line)	Compute Hyperconverged with Nutanix shared parts	sku ^HC[IO]						
HCIX-V5-BRIDGE	Cisco HCIX-V5-BRIDGE	Compute Hyperconverged with Nutanix	accessory	layered	Compute Hyperconverged with Nutanix	(shared across the line)	Compute Hyperconverged with Nutanix shared parts	sku ^HC[IO]						
HCIX-V5-PCIME1	Cisco HCIX-V5-PCIME1	Compute Hyperconverged Nutanix	nic	layered	Compute Hyperconverged with Nutanix	(shared across the line)	Compute Hyperconverged with Nutanix shared parts	sku ^HC[IO]						
HCIX-X10C-PT4F	Cisco HCIX-X10C-PT4F	Compute Hyperconverged Nutanix	storage-controller	layered	Compute Hyperconverged with Nutanix	(shared across the line)	Compute Hyperconverged with Nutanix shared parts	sku ^HC[IO]						
HCIX-X580P	Cisco HCIX-X580P	Compute Hyperconverged Nutanix	accessory	layered	Compute Hyperconverged with Nutanix	(shared across the line)	Compute Hyperconverged with Nutanix shared parts	sku ^HC[IO]						
HCIX-X580P-U	Cisco HCIX-X580P-U	Compute Hyperconverged Nutanix	accessory	layered	Compute Hyperconverged with Nutanix	(shared across the line)	Compute Hyperconverged with Nutanix shared parts	sku ^HC[IO]						
HCIX210C-M7SN	Cisco HCIX210C-M7SN	Compute Hyperconverged with Nutanix	server	layered	Compute Hyperconverged with Nutanix		HCIX X-Series (X210c / X215c / X440p / X9508)	sku ^HC[IO]X(NX|AF|F)?-?21[05]C						
HCIX210C-M7SN-U	Cisco HCIX210C-M7SN-U	Compute Hyperconverged with Nutanix	server	layered	Compute Hyperconverged with Nutanix		HCIX X-Series (X210c / X215c / X440p / X9508)	sku ^HC[IO]X(NX|AF|F)?-?21[05]C						
HCIXE-M8-NTNX-MLB	Cisco Compute Hyperconverged XE-Series M8 with Nutanix MLB	Compute Hyperconverged with Nutanix	server	layered	Compute Hyperconverged with Nutanix		HCI XE-Series (XE130c / XE9305)	sku ^HC[IO]XE						
HCIXENX-9305-U	Cisco HCI XE9305 3RU Nutanix Chassis (includes fans)	Compute Hyperconverged with Nutanix	chassis	layered	Compute Hyperconverged with Nutanix		HCI XE-Series (XE130c / XE9305)	sku ^HC[IO]XE						
HCIXENX130C-M8-20	Cisco HCI XE130c M8 20-ore 1U Nutanix Compute Node	Compute Hyperconverged with Nutanix	server	layered	Compute Hyperconverged with Nutanix		HCI XE-Series (XE130c / XE9305)	sku ^HC[IO]XE						
HCIXENX130C-M8-20U	Cisco HCI XE130c M8 20-Core 1U Nutanix Compute Node (ordered as standalone)	Compute Hyperconverged with Nutanix	server	layered	Compute Hyperconverged with Nutanix		HCI XE-Series (XE130c / XE9305)	sku ^HC[IO]XE						
HCIXENX130C-M8-32	Cisco HCI XE130c M8 32-Core 1U Nutanix Compute Node	Compute Hyperconverged with Nutanix	server	layered	Compute Hyperconverged with Nutanix		HCI XE-Series (XE130c / XE9305)	sku ^HC[IO]XE						
HCIXENX130C-M8-32U	Cisco HCI XE130c M8 32-Core 1U Nutanix Compute Node (ordered as standalone)	Compute Hyperconverged with Nutanix	server	layered	Compute Hyperconverged with Nutanix		HCI XE-Series (XE130c / XE9305)	sku ^HC[IO]XE						
HCIXNX210C-M8SN	Cisco Compute Hyperconverged 210c M8 All-NVMe Compute Node	Compute Hyperconverged with Nutanix	server	layered	Compute Hyperconverged with Nutanix		HCIX X-Series (X210c / X215c / X440p / X9508)	sku ^HC[IO]X(NX|AF|F)?-?21[05]C						
HCIXNX210C-M8SN-U	Cisco Compute Hyperconverged 210c M8 All-NVMe Compute Node UPG	Compute Hyperconverged with Nutanix	server	layered	Compute Hyperconverged with Nutanix		HCIX X-Series (X210c / X215c / X440p / X9508)	sku ^HC[IO]X(NX|AF|F)?-?21[05]C						
HCIXNX215C-M8SN	Cisco Compute Hyperconverged 215c M8 All NVME Node	Compute Hyperconverged with Nutanix	server	layered	Compute Hyperconverged with Nutanix		HCIX X-Series (X210c / X215c / X440p / X9508)	sku ^HC[IO]X(NX|AF|F)?-?21[05]C						
HCIXNX215C-M8SN-U	Cisco Compute Hyperconverged 215c M8 All NVMe Node UPG	Compute Hyperconverged with Nutanix	server	layered	Compute Hyperconverged with Nutanix		HCIX X-Series (X210c / X215c / X440p / X9508)	sku ^HC[IO]X(NX|AF|F)?-?21[05]C						
HCIXVS210C-M8SN	Cisco Compute Hyperconverged X210c M8 Compute Node	Compute Hyperconverged with VMware vSAN	server	layered	Compute Hyperconverged with VMware vSAN		vSAN nodes (C220 / C225 / C240 / C245 / X210c / X215c)	sku ^HC[IO]X?VS						
HCIXVS210C-M8SN-U	Cisco Compute Hyperconverged X210c M8 Compute Node UPG	Compute Hyperconverged with VMware vSAN	server	layered	Compute Hyperconverged with VMware vSAN		vSAN nodes (C220 / C225 / C240 / C245 / X210c / X215c)	sku ^HC[IO]X?VS						
HCIXVS215C	Cisco HCIXVS215C	Compute Hyperconverged Nutanix	server	pending_plan								class non_product		
HCIXVS215C-M8SN	Cisco Compute Hyperconverged with VMware vSAN X215c M8 Compute Node with up to 6x NVMe drives capability	Compute Hyperconverged with VMware vSAN	server	layered	Compute Hyperconverged with VMware vSAN		vSAN nodes (C220 / C225 / C240 / C245 / X210c / X215c)	sku ^HC[IO]X?VS						
HCIXVS215C-M8SN-U	Cisco Compute Hyperconverged with VMware vSAN X215c M8 Compute Node UPG with up to 6x NVMe drives capability	Compute Hyperconverged with VMware vSAN	server	layered	Compute Hyperconverged with VMware vSAN		vSAN nodes (C220 / C225 / C240 / C245 / X210c / X215c)	sku ^HC[IO]X?VS						
HCO-EXTSTG-IMM	Cisco HCO-EXTSTG-IMM	Compute Hyperconverged Nutanix	unknown	pending_plan								class non_product		
HCO-HCI-IMM	Cisco HCO-HCI-IMM	Compute Hyperconverged Nutanix	unknown	pending_plan								class non_product		
HCOAF220C-M7S	Cisco Compute-Only 220cM7 All Flash Nutanix Node	Compute Hyperconverged with Nutanix	server	layered	Compute Hyperconverged with Nutanix		HCI C220 nodes	sku ^HC[IO](AF|NX|F|HY)?220C						
HCOAF220C-M7SN	Cisco Compute-Only 220cM7 All NVMe Nutanix Node	Compute Hyperconverged with Nutanix	server	layered	Compute Hyperconverged with Nutanix		HCI C220 nodes	sku ^HC[IO](AF|NX|F|HY)?220C						
HCOAF220C-M7SN1	Cisco HCOAF220C-M7SN1	Compute Hyperconverged Nutanix	server	layered	Compute Hyperconverged with Nutanix		HCI C220 nodes	sku ^HC[IO](AF|NX|F|HY)?220C						
HCOF240C-M7SN	Cisco Compute-Only 240cM7 All NVMe Nutanix Node	Compute Hyperconverged with Nutanix	server	layered	Compute Hyperconverged with Nutanix		HCI C240 nodes	sku ^HC[IO](AF|NX|F|HY)?240C						
HCOF240C-M7SX	Cisco Compute-Only 240cM7 All Flash Nutanix Node	Compute Hyperconverged with Nutanix	server	layered	Compute Hyperconverged with Nutanix		HCI C240 nodes	sku ^HC[IO](AF|NX|F|HY)?240C						
HCONX220C-M8E3S	Cisco Compute-Only C220 M8 1RU NVMe-optimized server with up to 16x E3.S NVMe drive bays (Drives are optional.)	Compute Hyperconverged with Nutanix	server	layered	Compute Hyperconverged with Nutanix		HCI C220 nodes	sku ^HC[IO](AF|NX|F|HY)?220C						
HCONX220C-M8S	Cisco Compute-Only C220 M8 1RU All-Flash server with up to 10x SAS/SATA SSD drive bays (Drives are optional.)	Compute Hyperconverged with Nutanix	server	layered	Compute Hyperconverged with Nutanix		HCI C220 nodes	sku ^HC[IO](AF|NX|F|HY)?220C						
HCONX225C-M8SN	Cisco HCONX225C-M8SN	Compute Hyperconverged Nutanix	server	layered	Compute Hyperconverged with Nutanix		HCI C225 nodes	sku ^HC[IO]X?(AF|NX|F|HY)?225C						
HCONX240C-M8E3S	Cisco Compute-Only C240 M8 2RU NVMe-optimized server with up to 24x E3.S NVMe drive bays (Drives are optional.)	Compute Hyperconverged with Nutanix	server	layered	Compute Hyperconverged with Nutanix		HCI C240 nodes	sku ^HC[IO](AF|NX|F|HY)?240C						
HCONX240C-M8L	Cisco HCONX240C-M8L	Compute Hyperconverged Nutanix	server	layered	Compute Hyperconverged with Nutanix		HCI C240 nodes	sku ^HC[IO](AF|NX|F|HY)?240C						
HCONX240C-M8S	Cisco Compute-Only C240 M8 2RU All-Flash server with up to 24x SAS/SATA SSD drive bays (Drives are optional.)	Compute Hyperconverged with Nutanix	server	layered	Compute Hyperconverged with Nutanix		HCI C240 nodes	sku ^HC[IO](AF|NX|F|HY)?240C						
HCOX210C-M7SN	Cisco Compute-Only X210c M7 Node w/o CPU, memory, storage, mezzanine	Compute Hyperconverged with Nutanix	server	layered	Compute Hyperconverged with Nutanix		HCIX X-Series (X210c / X215c / X440p / X9508)	sku ^HC[IO]X(NX|AF|F)?-?21[05]C						
HCOX210C-M7SN-U	Cisco Compute-Only X210c M7 Node UPG w/o CPU, memory, storage, mezzanine	Compute Hyperconverged with Nutanix	server	layered	Compute Hyperconverged with Nutanix		HCIX X-Series (X210c / X215c / X440p / X9508)	sku ^HC[IO]X(NX|AF|F)?-?21[05]C						
HCOXNX210C-M8SN	Cisco Compute-Only X210c M8 Node w/o CPU, memory, storage, mezzanine	Compute Hyperconverged with Nutanix	server	layered	Compute Hyperconverged with Nutanix		HCIX X-Series (X210c / X215c / X440p / X9508)	sku ^HC[IO]X(NX|AF|F)?-?21[05]C						
HCOXNX210C-M8SN-U	Cisco Compute-Only X210c M8 Node UPG w/o CPU, memory, storage, mezzanine	Compute Hyperconverged with Nutanix	server	layered	Compute Hyperconverged with Nutanix		HCIX X-Series (X210c / X215c / X440p / X9508)	sku ^HC[IO]X(NX|AF|F)?-?21[05]C						
HCOXNX215C-M8SN	Cisco Compute-Only X215c M8 All NVMe Node w/o CPU, memory, storage, mezzanine	Compute Hyperconverged with Nutanix	server	layered	Compute Hyperconverged with Nutanix		HCIX X-Series (X210c / X215c / X440p / X9508)	sku ^HC[IO]X(NX|AF|F)?-?21[05]C						
HCOXNX225C-M8SN	Cisco Compute-Only C225 M8 Node w/o CPU, memory, storage, mezzanine	Compute Hyperconverged with Nutanix	server	layered	Compute Hyperconverged with Nutanix		HCI C225 nodes	sku ^HC[IO]X?(AF|NX|F|HY)?225C						
HCOXNX225C-M8SN-U	Cisco Compute-Only C225 M8 Node UPG w/o CPU, memory, storage, mezzanine	Compute Hyperconverged with Nutanix	server	layered	Compute Hyperconverged with Nutanix		HCI C225 nodes	sku ^HC[IO]X?(AF|NX|F|HY)?225C						
HCi-GPU-H200-NVL1	Cisco HCi-GPU-H200-NVL1	Compute Hyperconverged Nutanix	gpu	layered	Compute Hyperconverged with Nutanix	(shared across the line)	Compute Hyperconverged with Nutanix shared parts	sku ^HC[IO]						
HX-NVMEM6-W7680	Cisco HX-NVMEM6-W7680	Compute Hyperconverged Nutanix	drive	layered	Compute Hyperconverged with Nutanix	(shared across the line)	Compute Hyperconverged with Nutanix shared parts	label Compute Hyperconverged Nutanix						
NCP-C	Cisco NCP-C	Compute Hyperconverged Nutanix	unknown	pending_plan								class non_product		
NTNX-HCI	Cisco NTNX-HCI	Compute Hyperconverged Nutanix	unknown	pending_plan								class non_product		
NTNX-NUS	Cisco NTNX-NUS	Compute Hyperconverged Nutanix	unknown	pending_plan								class non_product		
NTX-NCI-USE-CASE1	Cisco NTX-NCI-USE-CASE1	Compute Hyperconverged Nutanix	unknown	pending_plan								class software		
NTX-SW	Cisco NTX-SW	Compute Hyperconverged Nutanix	unknown	pending_plan								class software		
NTX-SW-1Y	Cisco NTX-SW-1Y	Compute Hyperconverged Nutanix	unknown	pending_plan								class software		
NTX-SW-LO	Cisco NTX-SW-LO	Compute Hyperconverged Nutanix	unknown	pending_plan								class software		
NTX-SW-PS	Cisco NTX-SW-PS	Compute Hyperconverged Nutanix	unknown	pending_plan								class software		
P5620	Cisco P5620	Compute Hyperconverged Nutanix	unknown	pending_plan								class non_product		
PRO-	Cisco PRO-	Compute Hyperconverged Nutanix	unknown	pending_plan								class non_product		
R2XX-DMYMPWRCORD	Cisco R2XX-DMYMPWRCORD	Compute Hyperconverged with Nutanix	non-product	layered	Compute Hyperconverged with Nutanix	(shared across the line)	Compute Hyperconverged with Nutanix shared parts	label Compute Hyperconverged with Nutanix						
RJ45	Cisco RJ45	Compute Hyperconverged Nutanix	unknown	pending_plan								class non_product		
S132	Cisco S132	Compute Hyperconverged with Nutanix	unknown	pending_plan								class non_product		
TOOL-LESS	Cisco TOOL-LESS	Compute Hyperconverged Nutanix	unknown	pending_plan								class non_product		
UCS-CPU-I4314	Cisco UCS-CPU-I4314	Compute Hyperconverged Nutanix	cpu	layered	Compute Hyperconverged with Nutanix	(shared across the line)	Compute Hyperconverged with Nutanix shared parts	label Compute Hyperconverged Nutanix						
UCS-CPU-I4316	Cisco UCS-CPU-I4316	Compute Hyperconverged Nutanix	cpu	layered	Compute Hyperconverged with Nutanix	(shared across the line)	Compute Hyperconverged with Nutanix shared parts	label Compute Hyperconverged Nutanix						
UCS-CPU-I5218N	Cisco UCS-CPU-I5218N	Compute Hyperconverged Nutanix	cpu	layered	Compute Hyperconverged with Nutanix	(shared across the line)	Compute Hyperconverged with Nutanix shared parts	label Compute Hyperconverged Nutanix						
UCS-CPU-I5318N	Cisco UCS-CPU-I5318N	Compute Hyperconverged Nutanix	cpu	layered	Compute Hyperconverged with Nutanix	(shared across the line)	Compute Hyperconverged with Nutanix shared parts	label Compute Hyperconverged Nutanix						
UCS-CPU-I5318Y	Cisco UCS-CPU-I5318Y	Compute Hyperconverged Nutanix	cpu	layered	Compute Hyperconverged with Nutanix	(shared across the line)	Compute Hyperconverged with Nutanix shared parts	label Compute Hyperconverged Nutanix						
UCS-CPU-I5320	Cisco UCS-CPU-I5320	Compute Hyperconverged Nutanix	cpu	layered	Compute Hyperconverged with Nutanix	(shared across the line)	Compute Hyperconverged with Nutanix shared parts	label Compute Hyperconverged Nutanix						
UCS-CPU-I5320T	Cisco UCS-CPU-I5320T	Compute Hyperconverged Nutanix	cpu	layered	Compute Hyperconverged with Nutanix	(shared across the line)	Compute Hyperconverged with Nutanix shared parts	label Compute Hyperconverged Nutanix						
UCS-CPU-I6222V	Cisco UCS-CPU-I6222V	Compute Hyperconverged Nutanix	cpu	layered	Compute Hyperconverged with Nutanix	(shared across the line)	Compute Hyperconverged with Nutanix shared parts	label Compute Hyperconverged Nutanix						
UCS-CPU-I6238R	Cisco UCS-CPU-I6238R	Compute Hyperconverged Nutanix	cpu	layered	Compute Hyperconverged with Nutanix	(shared across the line)	Compute Hyperconverged with Nutanix shared parts	label Compute Hyperconverged Nutanix						
UCS-CPU-I6240R	Cisco UCS-CPU-I6240R	Compute Hyperconverged Nutanix	cpu	layered	Compute Hyperconverged with Nutanix	(shared across the line)	Compute Hyperconverged with Nutanix shared parts	label Compute Hyperconverged Nutanix						
UCS-CPU-I6242R	Cisco UCS-CPU-I6242R	Compute Hyperconverged Nutanix	cpu	layered	Compute Hyperconverged with Nutanix	(shared across the line)	Compute Hyperconverged with Nutanix shared parts	label Compute Hyperconverged Nutanix						
UCS-CPU-I6246R	Cisco UCS-CPU-I6246R	Compute Hyperconverged Nutanix	cpu	layered	Compute Hyperconverged with Nutanix	(shared across the line)	Compute Hyperconverged with Nutanix shared parts	label Compute Hyperconverged Nutanix						
UCS-CPU-I6248R	Cisco UCS-CPU-I6248R	Compute Hyperconverged Nutanix	cpu	layered	Compute Hyperconverged with Nutanix	(shared across the line)	Compute Hyperconverged with Nutanix shared parts	label Compute Hyperconverged Nutanix						
UCS-CPU-I6252	Cisco UCS-CPU-I6252	Compute Hyperconverged Nutanix	cpu	layered	Compute Hyperconverged with Nutanix	(shared across the line)	Compute Hyperconverged with Nutanix shared parts	label Compute Hyperconverged Nutanix						
UCS-CPU-I6258R	Cisco UCS-CPU-I6258R	Compute Hyperconverged Nutanix	cpu	layered	Compute Hyperconverged with Nutanix	(shared across the line)	Compute Hyperconverged with Nutanix shared parts	label Compute Hyperconverged Nutanix						
UCS-CPU-I6262V	Cisco UCS-CPU-I6262V	Compute Hyperconverged Nutanix	cpu	layered	Compute Hyperconverged with Nutanix	(shared across the line)	Compute Hyperconverged with Nutanix shared parts	label Compute Hyperconverged Nutanix						
UCS-CPU-I6312U5	Cisco UCS-CPU-I6312U5	Compute Hyperconverged Nutanix	cpu	layered	Compute Hyperconverged with Nutanix	(shared across the line)	Compute Hyperconverged with Nutanix shared parts	label Compute Hyperconverged Nutanix						
UCS-CPU-I6314U4	Cisco UCS-CPU-I6314U4	Compute Hyperconverged Nutanix	cpu	layered	Compute Hyperconverged with Nutanix	(shared across the line)	Compute Hyperconverged with Nutanix shared parts	label Compute Hyperconverged Nutanix						
UCS-CPU-I6326	Cisco UCS-CPU-I6326	Compute Hyperconverged Nutanix	cpu	layered	Compute Hyperconverged with Nutanix	(shared across the line)	Compute Hyperconverged with Nutanix shared parts	label Compute Hyperconverged Nutanix						
UCS-CPU-I6330	Cisco UCS-CPU-I6330	Compute Hyperconverged Nutanix	cpu	layered	Compute Hyperconverged with Nutanix	(shared across the line)	Compute Hyperconverged with Nutanix shared parts	label Compute Hyperconverged Nutanix						
UCS-CPU-I6330N	Cisco UCS-CPU-I6330N	Compute Hyperconverged Nutanix	cpu	layered	Compute Hyperconverged with Nutanix	(shared across the line)	Compute Hyperconverged with Nutanix shared parts	label Compute Hyperconverged Nutanix						
UCS-CPU-I6336Y	Cisco UCS-CPU-I6336Y	Compute Hyperconverged Nutanix	cpu	layered	Compute Hyperconverged with Nutanix	(shared across the line)	Compute Hyperconverged with Nutanix shared parts	label Compute Hyperconverged Nutanix						
UCS-CPU-I6338	Cisco UCS-CPU-I6338	Compute Hyperconverged Nutanix	cpu	layered	Compute Hyperconverged with Nutanix	(shared across the line)	Compute Hyperconverged with Nutanix shared parts	label Compute Hyperconverged Nutanix						
UCS-CPU-I6338N	Cisco UCS-CPU-I6338N	Compute Hyperconverged Nutanix	cpu	layered	Compute Hyperconverged with Nutanix	(shared across the line)	Compute Hyperconverged with Nutanix shared parts	label Compute Hyperconverged Nutanix						
UCS-CPU-I6338T	Cisco UCS-CPU-I6338T	Compute Hyperconverged Nutanix	cpu	layered	Compute Hyperconverged with Nutanix	(shared across the line)	Compute Hyperconverged with Nutanix shared parts	label Compute Hyperconverged Nutanix						
UCS-CPU-I6342	Cisco UCS-CPU-I6342	Compute Hyperconverged Nutanix	cpu	layered	Compute Hyperconverged with Nutanix	(shared across the line)	Compute Hyperconverged with Nutanix shared parts	label Compute Hyperconverged Nutanix						
UCS-CPU-I6346	Cisco UCS-CPU-I6346	Compute Hyperconverged Nutanix	cpu	layered	Compute Hyperconverged with Nutanix	(shared across the line)	Compute Hyperconverged with Nutanix shared parts	label Compute Hyperconverged Nutanix						
UCS-CPU-I6348	Cisco UCS-CPU-I6348	Compute Hyperconverged Nutanix	cpu	layered	Compute Hyperconverged with Nutanix	(shared across the line)	Compute Hyperconverged with Nutanix shared parts	label Compute Hyperconverged Nutanix						
UCS-CPU-I8351N	Cisco UCS-CPU-I8351N	Compute Hyperconverged Nutanix	cpu	layered	Compute Hyperconverged with Nutanix	(shared across the line)	Compute Hyperconverged with Nutanix shared parts	label Compute Hyperconverged Nutanix						
UCS-CPU-I8351N3	Cisco UCS-CPU-I8351N3	Compute Hyperconverged Nutanix	cpu	layered	Compute Hyperconverged with Nutanix	(shared across the line)	Compute Hyperconverged with Nutanix shared parts	label Compute Hyperconverged Nutanix						
UCS-CPU-I8358	Cisco UCS-CPU-I8358	Compute Hyperconverged Nutanix	cpu	layered	Compute Hyperconverged with Nutanix	(shared across the line)	Compute Hyperconverged with Nutanix shared parts	label Compute Hyperconverged Nutanix						
UCS-CPU-I8360Y	Cisco UCS-CPU-I8360Y	Compute Hyperconverged Nutanix	cpu	layered	Compute Hyperconverged with Nutanix	(shared across the line)	Compute Hyperconverged with Nutanix shared parts	label Compute Hyperconverged Nutanix						
UCS-CPU-I8362	Cisco UCS-CPU-I8362	Compute Hyperconverged Nutanix	cpu	layered	Compute Hyperconverged with Nutanix	(shared across the line)	Compute Hyperconverged with Nutanix shared parts	label Compute Hyperconverged Nutanix						
UCS-M2-240G	Cisco UCS-M2-240G	Compute Hyperconverged Nutanix	drive	layered	Compute Hyperconverged with Nutanix	(shared across the line)	Compute Hyperconverged with Nutanix shared parts	label Compute Hyperconverged Nutanix						
UCS-M2-240G=	Cisco UCS-M2-240G=	Compute Hyperconverged Nutanix	drive	layered	Compute Hyperconverged with Nutanix	(shared across the line)	Compute Hyperconverged with Nutanix shared parts	label Compute Hyperconverged Nutanix						
UCS-M2-480G	Cisco UCS-M2-480G	Compute Hyperconverged Nutanix	drive	layered	Compute Hyperconverged with Nutanix	(shared across the line)	Compute Hyperconverged with Nutanix shared parts	label Compute Hyperconverged Nutanix						
UCS-M2-480G=	Cisco UCS-M2-480G=	Compute Hyperconverged Nutanix	drive	layered	Compute Hyperconverged with Nutanix	(shared across the line)	Compute Hyperconverged with Nutanix shared parts	label Compute Hyperconverged Nutanix						
UCS-M2-HWRAID	Cisco UCS-M2-HWRAID	Compute Hyperconverged Nutanix	storage-controller	layered	Compute Hyperconverged with Nutanix	(shared across the line)	Compute Hyperconverged with Nutanix shared parts	label Compute Hyperconverged Nutanix						
UCS-M2-HWRAID=	Cisco UCS-M2-HWRAID=	Compute Hyperconverged Nutanix	storage-controller	layered	Compute Hyperconverged with Nutanix	(shared across the line)	Compute Hyperconverged with Nutanix shared parts	label Compute Hyperconverged Nutanix						
UCS-ML-128G4RW	Cisco UCS-ML-128G4RW	Compute Hyperconverged Nutanix	memory	layered	Compute Hyperconverged with Nutanix	(shared across the line)	Compute Hyperconverged with Nutanix shared parts	label Compute Hyperconverged Nutanix						
UCS-ML-128G4RW1	Cisco UCS-ML-128G4RW1	Compute Hyperconverged Nutanix	memory	layered	Compute Hyperconverged with Nutanix	(shared across the line)	Compute Hyperconverged with Nutanix shared parts	label Compute Hyperconverged Nutanix						
UCS-ML-128G4RW=1	Cisco UCS-ML-128G4RW=1	Compute Hyperconverged Nutanix	memory	layered	Compute Hyperconverged with Nutanix	(shared across the line)	Compute Hyperconverged with Nutanix shared parts	label Compute Hyperconverged Nutanix						
UCS-ML-256G8RW1	Cisco UCS-ML-256G8RW1	Compute Hyperconverged Nutanix	memory	layered	Compute Hyperconverged with Nutanix	(shared across the line)	Compute Hyperconverged with Nutanix shared parts	label Compute Hyperconverged Nutanix						
UCS-MR-X16G1RW	Cisco UCS-MR-X16G1RW	Compute Hyperconverged Nutanix	memory	layered	Compute Hyperconverged with Nutanix	(shared across the line)	Compute Hyperconverged with Nutanix shared parts	label Compute Hyperconverged Nutanix						
UCS-MR-X16G1RW1	Cisco UCS-MR-X16G1RW1	Compute Hyperconverged Nutanix	memory	layered	Compute Hyperconverged with Nutanix	(shared across the line)	Compute Hyperconverged with Nutanix shared parts	label Compute Hyperconverged Nutanix						
UCS-MR-X32G1RW	Cisco UCS-MR-X32G1RW	Compute Hyperconverged Nutanix	memory	layered	Compute Hyperconverged with Nutanix	(shared across the line)	Compute Hyperconverged with Nutanix shared parts	label Compute Hyperconverged Nutanix						
UCS-MR-X32G2RW	Cisco UCS-MR-X32G2RW	Compute Hyperconverged Nutanix	memory	layered	Compute Hyperconverged with Nutanix	(shared across the line)	Compute Hyperconverged with Nutanix shared parts	label Compute Hyperconverged Nutanix						
UCS-MR-X32G2RW1	Cisco UCS-MR-X32G2RW1	Compute Hyperconverged Nutanix	memory	layered	Compute Hyperconverged with Nutanix	(shared across the line)	Compute Hyperconverged with Nutanix shared parts	label Compute Hyperconverged Nutanix						
UCS-MR-X64G2RW	Cisco UCS-MR-X64G2RW	Compute Hyperconverged Nutanix	memory	layered	Compute Hyperconverged with Nutanix	(shared across the line)	Compute Hyperconverged with Nutanix shared parts	label Compute Hyperconverged Nutanix						
UCS-MR-X64G2RW1	Cisco UCS-MR-X64G2RW1	Compute Hyperconverged Nutanix	memory	layered	Compute Hyperconverged with Nutanix	(shared across the line)	Compute Hyperconverged with Nutanix shared parts	label Compute Hyperconverged Nutanix						
UCS-MR-X64G2RW=1	Cisco UCS-MR-X64G2RW=1	Compute Hyperconverged Nutanix	memory	layered	Compute Hyperconverged with Nutanix	(shared across the line)	Compute Hyperconverged with Nutanix shared parts	label Compute Hyperconverged Nutanix						
UCS-MSTOR-M2	Cisco UCS-MSTOR-M2	Compute Hyperconverged Nutanix	accessory	layered	Compute Hyperconverged with Nutanix	(shared across the line)	Compute Hyperconverged with Nutanix shared parts	label Compute Hyperconverged Nutanix						
UCS-NVMEI4-I3840	Cisco UCS-NVMEI4-I3840	Compute Hyperconverged Nutanix	drive	layered	Compute Hyperconverged with Nutanix	(shared across the line)	Compute Hyperconverged with Nutanix shared parts	label Compute Hyperconverged Nutanix						
UCS-NVMEI4-I7680	Cisco UCS-NVMEI4-I7680	Compute Hyperconverged Nutanix	drive	layered	Compute Hyperconverged with Nutanix	(shared across the line)	Compute Hyperconverged with Nutanix shared parts	label Compute Hyperconverged Nutanix						
UCS-NVMEM6-W15300	Cisco UCS-NVMEM6-W15300	Compute Hyperconverged Nutanix	drive	layered	Compute Hyperconverged with Nutanix	(shared across the line)	Compute Hyperconverged with Nutanix shared parts	label Compute Hyperconverged Nutanix						
UCS-NVMEM6-W7680	Cisco UCS-NVMEM6-W7680	Compute Hyperconverged Nutanix	drive	layered	Compute Hyperconverged with Nutanix	(shared across the line)	Compute Hyperconverged with Nutanix shared parts	label Compute Hyperconverged Nutanix						
UCS-TPM-002D	Cisco UCS-TPM-002D	Compute Hyperconverged Nutanix	tpm	layered	Compute Hyperconverged with Nutanix	(shared across the line)	Compute Hyperconverged with Nutanix shared parts	label Compute Hyperconverged Nutanix						
UCSB-CABL-C19-BRZ	NBR 14136 to C19 AC 14ft Power Cord, Brazil	Compute Hyperconverged with Nutanix	cable	layered	Compute Hyperconverged with Nutanix	(shared across the line)	Compute Hyperconverged with Nutanix shared parts	label Compute Hyperconverged with Nutanix						
UCSB-MLOM-40G-03	Cisco UCSB-MLOM-40G-03	Compute Hyperconverged Nutanix	memory	layered	Compute Hyperconverged with Nutanix	(shared across the line)	Compute Hyperconverged with Nutanix shared parts	label Compute Hyperconverged Nutanix						
UCSB-PSU-2500HVDC	Cisco UCSB-PSU-2500HVDC	Compute Hyperconverged Nutanix	power	layered	Compute Hyperconverged with Nutanix	(shared across the line)	Compute Hyperconverged with Nutanix shared parts	label Compute Hyperconverged Nutanix						
UCSB-VIC-M83-8P	Cisco UCSB-VIC-M83-8P	Compute Hyperconverged Nutanix	nic	layered	Compute Hyperconverged with Nutanix	(shared across the line)	Compute Hyperconverged with Nutanix shared parts	label Compute Hyperconverged Nutanix						
UCSC-P-ID10GC	Cisco UCSC-P-ID10GC	Compute Hyperconverged Nutanix	nic	layered	Compute Hyperconverged with Nutanix	(shared across the line)	Compute Hyperconverged with Nutanix shared parts	label Compute Hyperconverged Nutanix						
UCSC-P-IQ10GC	Cisco UCSC-P-IQ10GC	Compute Hyperconverged Nutanix	nic	layered	Compute Hyperconverged with Nutanix	(shared across the line)	Compute Hyperconverged with Nutanix shared parts	label Compute Hyperconverged Nutanix						
UCSC-R2R3-C220M6	Cisco UCSC-R2R3-C220M6	Compute Hyperconverged Nutanix	accessory	layered	Compute Hyperconverged with Nutanix		HCI C220 nodes	sku ^(?=HC[IO]|UCSC-).*(?<![0-9])220-?M[6-8]						
UCSC-RIS2A-240M6	Cisco UCSC-RIS2A-240M6	Compute Hyperconverged Nutanix	accessory	layered	Compute Hyperconverged with Nutanix		HCI C240 nodes	sku ^(?=HC[IO]|UCSC-).*(?<![0-9])240-?M[6-8]						
UCSX-CPU-A90153	Cisco UCSX-CPU-A90153	Compute Hyperconverged Nutanix	cpu	layered	Compute Hyperconverged with Nutanix	(shared across the line)	Compute Hyperconverged with Nutanix shared parts	label Compute Hyperconverged Nutanix						
UCSX-CPU-A91153	Cisco UCSX-CPU-A91153	Compute Hyperconverged Nutanix	cpu	layered	Compute Hyperconverged with Nutanix	(shared across the line)	Compute Hyperconverged with Nutanix shared parts	label Compute Hyperconverged Nutanix						
UCSX-CPU-A9175F3	Cisco UCSX-CPU-A9175F3	Compute Hyperconverged Nutanix	cpu	layered	Compute Hyperconverged with Nutanix	(shared across the line)	Compute Hyperconverged with Nutanix shared parts	label Compute Hyperconverged Nutanix						
UCSX-CPU-A92553	Cisco UCSX-CPU-A92553	Compute Hyperconverged Nutanix	cpu	layered	Compute Hyperconverged with Nutanix	(shared across the line)	Compute Hyperconverged with Nutanix shared parts	label Compute Hyperconverged Nutanix						
UCSX-CPU-A9275F3	Cisco UCSX-CPU-A9275F3	Compute Hyperconverged Nutanix	cpu	layered	Compute Hyperconverged with Nutanix	(shared across the line)	Compute Hyperconverged with Nutanix shared parts	label Compute Hyperconverged Nutanix						
UCSX-CPU-A93353	Cisco UCSX-CPU-A93353	Compute Hyperconverged Nutanix	cpu	layered	Compute Hyperconverged with Nutanix	(shared across the line)	Compute Hyperconverged with Nutanix shared parts	label Compute Hyperconverged Nutanix						
UCSX-CPU-A9355P3	Cisco UCSX-CPU-A9355P3	Compute Hyperconverged Nutanix	cpu	layered	Compute Hyperconverged with Nutanix	(shared across the line)	Compute Hyperconverged with Nutanix shared parts	label Compute Hyperconverged Nutanix						
UCSX-CPU-A93653	Cisco UCSX-CPU-A93653	Compute Hyperconverged Nutanix	cpu	layered	Compute Hyperconverged with Nutanix	(shared across the line)	Compute Hyperconverged with Nutanix shared parts	label Compute Hyperconverged Nutanix						
UCSX-CPU-A9375F3	Cisco UCSX-CPU-A9375F3	Compute Hyperconverged Nutanix	cpu	layered	Compute Hyperconverged with Nutanix	(shared across the line)	Compute Hyperconverged with Nutanix shared parts	label Compute Hyperconverged Nutanix						
UCSX-CPU-A94553	Cisco UCSX-CPU-A94553	Compute Hyperconverged Nutanix	cpu	layered	Compute Hyperconverged with Nutanix	(shared across the line)	Compute Hyperconverged with Nutanix shared parts	label Compute Hyperconverged Nutanix						
UCSX-CPU-A9455P3	Cisco UCSX-CPU-A9455P3	Compute Hyperconverged Nutanix	cpu	layered	Compute Hyperconverged with Nutanix	(shared across the line)	Compute Hyperconverged with Nutanix shared parts	label Compute Hyperconverged Nutanix						
UCSX-CPU-A9475F3	Cisco UCSX-CPU-A9475F3	Compute Hyperconverged Nutanix	cpu	layered	Compute Hyperconverged with Nutanix	(shared across the line)	Compute Hyperconverged with Nutanix shared parts	label Compute Hyperconverged Nutanix						
UCSX-CPU-A95353	Cisco UCSX-CPU-A95353	Compute Hyperconverged Nutanix	cpu	layered	Compute Hyperconverged with Nutanix	(shared across the line)	Compute Hyperconverged with Nutanix shared parts	label Compute Hyperconverged Nutanix						
UCSX-CPU-A9555P3	Cisco UCSX-CPU-A9555P3	Compute Hyperconverged Nutanix	cpu	layered	Compute Hyperconverged with Nutanix	(shared across the line)	Compute Hyperconverged with Nutanix shared parts	label Compute Hyperconverged Nutanix						
UCSX-CPU-A95653	Cisco UCSX-CPU-A95653	Compute Hyperconverged Nutanix	cpu	layered	Compute Hyperconverged with Nutanix	(shared across the line)	Compute Hyperconverged with Nutanix shared parts	label Compute Hyperconverged Nutanix						
UCSX-CPU-A96453	Cisco UCSX-CPU-A96453	Compute Hyperconverged Nutanix	cpu	layered	Compute Hyperconverged with Nutanix	(shared across the line)	Compute Hyperconverged with Nutanix shared parts	label Compute Hyperconverged Nutanix						
UCSX-CPU-A9655P3	Cisco UCSX-CPU-A9655P3	Compute Hyperconverged Nutanix	cpu	layered	Compute Hyperconverged with Nutanix	(shared across the line)	Compute Hyperconverged with Nutanix shared parts	label Compute Hyperconverged Nutanix						
UCSX-CPU-I6312U4	Cisco UCSX-CPU-I6312U4	Compute Hyperconverged Nutanix	cpu	layered	Compute Hyperconverged with Nutanix	(shared across the line)	Compute Hyperconverged with Nutanix shared parts	label Compute Hyperconverged Nutanix						
UCSX-CPU-I6314U5	Cisco UCSX-CPU-I6314U5	Compute Hyperconverged Nutanix	cpu	layered	Compute Hyperconverged with Nutanix	(shared across the line)	Compute Hyperconverged with Nutanix shared parts	label Compute Hyperconverged Nutanix						
UCSX-CPU-I8351N3	Cisco UCSX-CPU-I8351N3	Compute Hyperconverged Nutanix	cpu	layered	Compute Hyperconverged with Nutanix	(shared across the line)	Compute Hyperconverged with Nutanix shared parts	label Compute Hyperconverged Nutanix						
UCSX-I9108-100G	Cisco UCSX-I9108-100G	Compute Hyperconverged Nutanix	io-module	layered	Compute Hyperconverged with Nutanix	(shared across the line)	Compute Hyperconverged with Nutanix shared parts	label Compute Hyperconverged Nutanix						
UCSX-I9108-25G	Cisco UCSX-I9108-25G	Compute Hyperconverged Nutanix	io-module	layered	Compute Hyperconverged with Nutanix	(shared across the line)	Compute Hyperconverged with Nutanix shared parts	label Compute Hyperconverged Nutanix						
UCSX-M2-I240GB	Cisco UCSX-M2-I240GB	Compute Hyperconverged Nutanix	drive	layered	Compute Hyperconverged with Nutanix	(shared across the line)	Compute Hyperconverged with Nutanix shared parts	label Compute Hyperconverged Nutanix						
UCSX-M2240OA1VM6	Cisco UCSX-M2240OA1VM6	Compute Hyperconverged Nutanix	drive	layered	Compute Hyperconverged with Nutanix	(shared across the line)	Compute Hyperconverged with Nutanix shared parts	label Compute Hyperconverged Nutanix						
UCSX-M2480OA1VM6	Cisco UCSX-M2480OA1VM6	Compute Hyperconverged Nutanix	drive	layered	Compute Hyperconverged with Nutanix	(shared across the line)	Compute Hyperconverged with Nutanix shared parts	label Compute Hyperconverged Nutanix						
UCSX-MLV5D200GV2	Cisco UCSX-MLV5D200GV2	Compute Hyperconverged Nutanix	memory	layered	Compute Hyperconverged with Nutanix	(shared across the line)	Compute Hyperconverged with Nutanix shared parts	label Compute Hyperconverged Nutanix						
UCSX-MR256G4RG54	Cisco UCSX-MR256G4RG54	Compute Hyperconverged Nutanix	memory	layered	Compute Hyperconverged with Nutanix	(shared across the line)	Compute Hyperconverged with Nutanix shared parts	label Compute Hyperconverged Nutanix						
UCSX-TPM-002C	Cisco UCSX-TPM-002C	Compute Hyperconverged Nutanix	tpm	layered	Compute Hyperconverged with Nutanix	(shared across the line)	Compute Hyperconverged with Nutanix shared parts	label Compute Hyperconverged Nutanix						
UCSX-TPM2-002B	Cisco UCSX-TPM2-002B	Compute Hyperconverged Nutanix	tpm	layered	Compute Hyperconverged with Nutanix	(shared across the line)	Compute Hyperconverged with Nutanix shared parts	label Compute Hyperconverged Nutanix						
UCSX-TPM2-002D	Cisco UCSX-TPM2-002D	Compute Hyperconverged Nutanix	tpm	layered	Compute Hyperconverged with Nutanix	(shared across the line)	Compute Hyperconverged with Nutanix shared parts	label Compute Hyperconverged Nutanix						
UCSX-V4-BRIDGE3	Cisco UCSX-V4-BRIDGE3	Compute Hyperconverged Nutanix	accessory	layered	Compute Hyperconverged with Nutanix	(shared across the line)	Compute Hyperconverged with Nutanix shared parts	label Compute Hyperconverged Nutanix						
UCSX-V5-BRIDGE4	Cisco UCSX-V5-BRIDGE4	Compute Hyperconverged Nutanix	accessory	layered	Compute Hyperconverged with Nutanix	(shared across the line)	Compute Hyperconverged with Nutanix shared parts	label Compute Hyperconverged Nutanix						
UPI1	Cisco UPI1	Compute Hyperconverged Nutanix	unknown	pending_plan								class non_product		
X-FABRIC	Cisco X-FABRIC	Compute Hyperconverged Nutanix	unknown	pending_plan								class non_product		
