sku	name	series_label	kind	bucket	product_line	product_family	series	placed_by	deploy_role	role_rule	role_issue	plan	belongs	label_evidence	family_carrier
15216-GBIC-1510	1000 BASE-T GBIC, one port modules, for Catalyst 2950 Switch	ONS 15200 Series DWDM Systems	pluggable	layered	Ethernet transceivers	(none)	GBIC (legacy)	sku ^(DWDM|CWDM|15216)-GBIC-							
15216-GBIC-1510=	1000 BASE-T GBIC, one port modules, for Catalyst 2950 Switch	ONS 15200 Series DWDM Systems	pluggable	layered	Ethernet transceivers	(none)	GBIC (legacy)	sku ^(DWDM|CWDM|15216)-GBIC-							
15327-SFP-LC-LX=	Cisco 15327-SFP-LC-LX=	Network Convergence System 2000 Series	pluggable	layered	Optical networking pluggables (ONS / NCS 2000)	(none)	ONS 15454 / NCS 2000 pluggables	sku ^15327-SFP							
15327-SFP-LC-LX=EOS	1000BASE-LX LC, SFP	Network Convergence System 2000 Series	pluggable	layered	Optical networking pluggables (ONS / NCS 2000)	(none)	ONS 15454 / NCS 2000 pluggables	sku ^15327-SFP							
15327-SFP-LC-SX=	Cisco 15327-SFP-LC-SX=	Network Convergence System 2000 Series	pluggable	layered	Optical networking pluggables (ONS / NCS 2000)	(none)	ONS 15454 / NCS 2000 pluggables	sku ^15327-SFP							
15327-SFP-LC-SX=EOS	1000BASE-SX LC, SFP	Network Convergence System 2000 Series	pluggable	layered	Optical networking pluggables (ONS / NCS 2000)	(none)	ONS 15454 / NCS 2000 pluggables	sku ^15327-SFP							
C3-XENPAK-10GB-LR=	10GBASE-LR, up to 10 km single mode fiber	3750	pluggable	layered	Ethernet transceivers	(none)	10G X2 / XENPAK / XFP (legacy)	sku ^C3-XENPAK							
CE-10GSFP-SR	10 Gigabit Ethernet SFP Module 10GBASE-SR SFP+ SR Optics	TelePresence Video Communication Server (VCS)	pluggable	layered	Ethernet transceivers	(none)	10G SFP+	sku ^CE-10GSFP							
CE-10GSFP-SR=	10 Gigabit Ethernet SFP Module 10GBASE-SR SFP+ SR Optics	TelePresence Video Communication Server (VCS)	pluggable	layered	Ethernet transceivers	(none)	10G SFP+	sku ^CE-10GSFP							
CE-1GSFP-T	1 Gigabit Ethernet SFP Module 1000BASE-T	TelePresence Video Communication Server (VCS)	pluggable	layered	Ethernet transceivers	(none)	1G and 100M SFP	sku ^CE-1GSFP							
CE-1GSFP-T=	1 Gigabit Ethernet SFP Module 1000BASE-T	TelePresence Video Communication Server (VCS)	pluggable	layered	Ethernet transceivers	(none)	1G and 100M SFP	sku ^CE-1GSFP							
CFP-100G-ER4	100GBASE-ER4 CFP Module	Cisco	pluggable	layered	Ethernet transceivers	(none)	40G / 100G CFP, CFP2, CPAK and CXP	sku ^CFP							
CFP-100G-ER4=	100GBASE-ER4 CFP Module	Transceiver Modules	pluggable	layered	Ethernet transceivers	(none)	40G / 100G CFP, CFP2, CPAK and CXP	sku ^CFP							
CFP-100G-LR4	100GBASE-LR4 CFP Module	Cisco	pluggable	layered	Ethernet transceivers	(none)	40G / 100G CFP, CFP2, CPAK and CXP	sku ^CFP							
CFP-100G-LR4=	100GBASE-LR4 CFP Module	Transceiver Modules	pluggable	layered	Ethernet transceivers	(none)	40G / 100G CFP, CFP2, CPAK and CXP	sku ^CFP							
CFP-100G-SR10	100GBASE-SR10 CFP transceiver, 100m OM3 MMF	Cisco	pluggable	layered	Ethernet transceivers	(none)	40G / 100G CFP, CFP2, CPAK and CXP	sku ^CFP							
CFP-100G-SR10=	100GBASE-SR10 CFP transceiver, 100m OM3 MMF	Transceiver Modules	pluggable	layered	Ethernet transceivers	(none)	40G / 100G CFP, CFP2, CPAK and CXP	sku ^CFP							
CFP-40G-FR	CFP 40GBASE-FR optical transceiver module	Cisco	pluggable	layered	Ethernet transceivers	(none)	40G / 100G CFP, CFP2, CPAK and CXP	sku ^CFP							
CFP-40G-FR=	CFP 40GBASE-FR optical transceiver module	Transceiver Modules	pluggable	layered	Ethernet transceivers	(none)	40G / 100G CFP, CFP2, CPAK and CXP	sku ^CFP							
CFP-40G-LR4	40GBASE-LR4 CFP Module	Cisco	pluggable	layered	Ethernet transceivers	(none)	40G / 100G CFP, CFP2, CPAK and CXP	sku ^CFP							
CFP-40G-LR4=	40GBASE-LR4 CFP Module	Transceiver Modules	pluggable	layered	Ethernet transceivers	(none)	40G / 100G CFP, CFP2, CPAK and CXP	sku ^CFP							
CFP-40G-SR4	40-Gbps Multirate CFP – SR – Commercial temp	Cisco	pluggable	layered	Ethernet transceivers	(none)	40G / 100G CFP, CFP2, CPAK and CXP	sku ^CFP							
CFP-40G-SR4=	40-Gbps Multirate CFP – SR – Commercial temp	ONS 15454 Series Multiservice Transport Platforms	pluggable	layered	Ethernet transceivers	(none)	40G / 100G CFP, CFP2, CPAK and CXP	sku ^CFP							
CFP2-100G-ER4	Cisco CFP2-100G-ER4 100GBASE-ER4 CFP2 — LAN-WDM Singlemode, Duplex LC, bis 40 km, DOM	Cisco	pluggable	layered	Ethernet transceivers	(none)	40G / 100G CFP, CFP2, CPAK and CXP	sku ^CFP							
CFP2-WDM-BDL-1HL=	200G, 100G, WDM Digital CFP2 pluggable - Licensed 100G only	Network Convergence System 5500 Series	tunable	layered	Coherent and digital-coherent pluggables	(none)	400G / 800G ZR, ZR+ and CFP2 DCO	sku ^CFP2-WDM							
CFP2-WDM-D-1HL	200G,100G,WDM Digital CFP2 pluggable Licensed 100only-nonTOF	Cisco	tunable	layered	Coherent and digital-coherent pluggables	(none)	400G / 800G ZR, ZR+ and CFP2 DCO	sku ^CFP2-WDM							
CFP2-WDM-D-1HL=	200G,100G,WDM Digital CFP2 pluggable Licensed 100only-nonTOF	Network Convergence System 5500 Series	tunable	layered	Coherent and digital-coherent pluggables	(none)	400G / 800G ZR, ZR+ and CFP2 DCO	sku ^CFP2-WDM							
CFP2-WDM-D-SK	Cisco CFP2-WDM-D-SK 200G/100G Digital-Coherent CFP2 DWDM-Modul — volle Rate, Non-TOF, Ersatzeinheit	Cisco	tunable	layered	Coherent and digital-coherent pluggables	(none)	400G / 800G ZR, ZR+ and CFP2 DCO	sku ^CFP2-WDM							
CFP2-WDM-DE-1HL=	200G, 100G, WDM Digital CFP2 pluggable Licensed 100G only	Network Convergence System 5500 Series	tunable	layered	Coherent and digital-coherent pluggables	(none)	400G / 800G ZR, ZR+ and CFP2 DCO	sku ^CFP2-WDM							
CFP2-WDM-DET-1HL	200G, 100G, WDM Digital CFP2 pluggable Licensed 100G only	Cisco	tunable	layered	Coherent and digital-coherent pluggables	(none)	400G / 800G ZR, ZR+ and CFP2 DCO	sku ^CFP2-WDM							
CFP2-WDM-DET-1HL=	200G, 100G, WDM Digital CFP2 pluggable Licensed 100G only	Network Convergence System 5500 Series	tunable	layered	Coherent and digital-coherent pluggables	(none)	400G / 800G ZR, ZR+ and CFP2 DCO	sku ^CFP2-WDM							
CFP2-WDM-DET-SK	Cisco CFP2-WDM-DET-SK Digital-Coherent CFP2 mit abstimmbarem Filter (TOF) — volle Rate, Ersatzeinheit	Cisco	tunable	layered	Coherent and digital-coherent pluggables	(none)	400G / 800G ZR, ZR+ and CFP2 DCO	sku ^CFP2-WDM							
CFP2-WDM-DETS-1HL	200G, 100G, WDM Digital CFP2 pluggable Licensed for 100G only – TOF	Cisco	tunable	layered	Coherent and digital-coherent pluggables	(none)	400G / 800G ZR, ZR+ and CFP2 DCO	sku ^CFP2-WDM							
CFP2-WDM-DETS-1HL=	200G, 100G, WDM Digital CFP2 pluggable Licensed for 100G only – TOF	Transceiver Modules	tunable	layered	Coherent and digital-coherent pluggables	(none)	400G / 800G ZR, ZR+ and CFP2 DCO	sku ^CFP2-WDM							
CFP2-WDM-DETS-SK	Cisco CFP2-WDM-DETS-SK	Network Convergence System 5500 Series	tunable	layered	Coherent and digital-coherent pluggables	(none)	400G / 800G ZR, ZR+ and CFP2 DCO	sku ^CFP2-WDM							
CFP2-WDM-DS-1HL	200G, 100G, WDM Digital CFP2 pluggable Licensed 100G only - NON TOF version	Cisco	tunable	layered	Coherent and digital-coherent pluggables	(none)	400G / 800G ZR, ZR+ and CFP2 DCO	sku ^CFP2-WDM							
CFP2-WDM-DS-1HL=	200G, 100G, WDM Digital CFP2 pluggable Licensed 100G only - NON TOF version	Transceiver Modules	tunable	layered	Coherent and digital-coherent pluggables	(none)	400G / 800G ZR, ZR+ and CFP2 DCO	sku ^CFP2-WDM							
CFP2-WDM-DS-SK	Cisco CFP2-WDM-DS-SK	Network Convergence System 5500 Series	tunable	layered	Coherent and digital-coherent pluggables	(none)	400G / 800G ZR, ZR+ and CFP2 DCO	sku ^CFP2-WDM							
CFP2-WDM-DS100-HL	100G, WDM CFP2 pluggable, w/ SC-FEC, Non-TOF	Cisco	tunable	layered	Coherent and digital-coherent pluggables	(none)	400G / 800G ZR, ZR+ and CFP2 DCO	sku ^CFP2-WDM							
CFP2-WDM-DS100-HL=	100G, WDM CFP2 pluggable, w/ SC-FEC, Non-TOF	Network Convergence System 5500 Series	tunable	layered	Coherent and digital-coherent pluggables	(none)	400G / 800G ZR, ZR+ and CFP2 DCO	sku ^CFP2-WDM							
CGP-SFP-OC	Cisco GPON OLT Transceiver C+	PON Series	bidi	layered	Cable access and PON optics	(none)	GPON / XGS-PON OLT and RF Gateway SFPs	sku ^CGP-SFP							
CGP-SFP-OC=	GPON SFP type C, Sensitivity -30dBm, average output power 3~7dBm	PON Series	bidi	layered	Cable access and PON optics	(none)	GPON / XGS-PON OLT and RF Gateway SFPs	sku ^CGP-SFP							
CPAK-100G-CWDM4	Cisco CPAK-100G-CWDM4 CPAK Modul — 100G CWDM4, 2 km SMF, LC	Cisco	pluggable	layered	Ethernet transceivers	(none)	40G / 100G CFP, CFP2, CPAK and CXP	sku ^CPAK							
CPAK-100G-ER4F	CPAK module, 100G for applications 40km	Cisco	pluggable	layered	Ethernet transceivers	(none)	40G / 100G CFP, CFP2, CPAK and CXP	sku ^CPAK							
CPAK-100G-ER4F=	CPAK module, 100G for applications 40km	Transceiver Modules	pluggable	layered	Ethernet transceivers	(none)	40G / 100G CFP, CFP2, CPAK and CXP	sku ^CPAK							
CPAK-100G-ER4L	Cisco CPAK-100G-ER4L 100GBASE-ER4 Lite CPAK Modul — 25 km SMF, SC	Cisco	pluggable	layered	Ethernet transceivers	(none)	40G / 100G CFP, CFP2, CPAK and CXP	sku ^CPAK							
CPAK-100G-FR	Cisco CPAK-100G-FR CPAK Modul — 100G FR PAM4, 2 km SMF, LC	Cisco	pluggable	layered	Ethernet transceivers	(none)	40G / 100G CFP, CFP2, CPAK and CXP	sku ^CPAK							
CPAK-100G-LR4	CPAK-100G-LR4 Transceiver module, 10km SMF	Cisco	pluggable	layered	Ethernet transceivers	(none)	40G / 100G CFP, CFP2, CPAK and CXP	sku ^CPAK							
CPAK-100G-LR4-	Cisco CPAK-100G-LR4-	Network Convergence System 2000 Series	pluggable	layered	Ethernet transceivers	(none)	40G / 100G CFP, CFP2, CPAK and CXP	sku ^CPAK							
CPAK-100G-LR4-2K	Cisco CPAK-100G-LR4-2K 100GBASE-LR4 CPAK Modul — SMF, 1310 nm, SC	Cisco	pluggable	layered	Ethernet transceivers	(none)	40G / 100G CFP, CFP2, CPAK and CXP	sku ^CPAK							
CPAK-100G-LR4=	CPAK-100G-LR4 Transceiver module, 10km SMF	Network Convergence System 4000 Series	pluggable	layered	Ethernet transceivers	(none)	40G / 100G CFP, CFP2, CPAK and CXP	sku ^CPAK							
CPAK-100G-LR=	Cisco CPAK-100G-LR=	Network Convergence System 4000 Series	pluggable	layered	Ethernet transceivers	(none)	40G / 100G CFP, CFP2, CPAK and CXP	sku ^CPAK							
CPAK-100G-PSM4	Cisco CPAK-100G-PSM4 CPAK Modul — 100G PSM4, 500 m SMF, MPO-12	Cisco	pluggable	layered	Ethernet transceivers	(none)	40G / 100G CFP, CFP2, CPAK and CXP	sku ^CPAK							
CPAK-100G-SR10	CPAK-100G-SR10 Transceiver module, 100m OM3 MMF	Cisco	pluggable	layered	Ethernet transceivers	(none)	40G / 100G CFP, CFP2, CPAK and CXP	sku ^CPAK							
CPAK-100G-SR10=	CPAK-100G-SR10 Transceiver module, 100m OM3 MMF	Network Convergence System 4000 Series	pluggable	layered	Ethernet transceivers	(none)	40G / 100G CFP, CFP2, CPAK and CXP	sku ^CPAK							
CPAK-100G-SR4	100GBASE-SR4 Cisco CPAK Module for MMF	Cisco	pluggable	layered	Ethernet transceivers	(none)	40G / 100G CFP, CFP2, CPAK and CXP	sku ^CPAK							
CPAK-100G-SR4=	100GBASE-SR4 Cisco CPAK Module for MMF	Network Convergence System 2000 Series	pluggable	layered	Ethernet transceivers	(none)	40G / 100G CFP, CFP2, CPAK and CXP	sku ^CPAK							
CPAK-100GE-LR4	Cisco CPAK-100GE-LR4 100GBASE-LR4 CPAK Modul — 10 km SMF, LC	Cisco	pluggable	layered	Ethernet transceivers	(none)	40G / 100G CFP, CFP2, CPAK and CXP	sku ^CPAK							
CPAK-10X10G-ERL	Cisco CPAK-10X10G-ERL CPAK Modul — 10×10GBASE-ER, 25 km SMF, MPO-24	Cisco	pluggable	layered	Ethernet transceivers	(none)	40G / 100G CFP, CFP2, CPAK and CXP	sku ^CPAK							
CPAK-10X10G-LR	CPAK-10X10GLR, Transceiver module, 10 x 10Gb/s 10km SMF	Cisco	pluggable	layered	Ethernet transceivers	(none)	40G / 100G CFP, CFP2, CPAK and CXP	sku ^CPAK							
CPAK-10X10G-LR=	CPAK-10X10GLR, Transceiver module, 10 x 10Gb/s 10km SMF	Network Convergence System 4000 Series	pluggable	layered	Ethernet transceivers	(none)	40G / 100G CFP, CFP2, CPAK and CXP	sku ^CPAK							
CSP-SFP-1WLR	SFP+ for Intel X520, 10GE, LR Optical	Cloud Services Platform 5000	pluggable	layered	Ethernet transceivers	(none)	10G SFP+	sku ^CSP-SFP							
CSP-SFP-1WSR	SFP+ for Intel X520 & XL710, 10GE, SR Optical	Cloud Services Platform 5000	pluggable	layered	Ethernet transceivers	(none)	10G SFP+	sku ^CSP-SFP							
CSP-SFP-1WSR=	SFP+ for Intel X520 & XL710, 10GE, SR Optical	Cloud Services Platform 5000	pluggable	layered	Ethernet transceivers	(none)	10G SFP+	sku ^CSP-SFP							
CVR-2QSFP28-8SFP	100G/40G 2xQSFP to 8xSFP Converter	Nexus 9000	adapter	layered	Converters and adapters	(none)	CVR converter modules, trays and brackets	sku ^CVR-							
CVR-2QSFP28-8SFP=	100G/40G 2xQSFP to 8xSFP Converter	Nexus 9000	adapter	layered	Converters and adapters	(none)	CVR converter modules, trays and brackets	sku ^CVR-							
CVR-4SFP10G-QSFP	4 x SFP10G to QSFP reverse adapter	Transceiver Modules	adapter	layered	Converters and adapters	(none)	CVR converter modules, trays and brackets	sku ^CVR-							
CVR-4SFP10G-QSFP=	4 x SFP10G to QSFP reverse adapter	Transceiver Modules	adapter	layered	Converters and adapters	(none)	CVR converter modules, trays and brackets	sku ^CVR-							
CVR-BRKT-1	Mounting bracket for one CVR-4SFP10G-QSFP	Transceiver Modules	mechanical	layered	Converters and adapters	(none)	CVR converter modules, trays and brackets	sku ^CVR-							
CVR-BRKT-1=	Mounting bracket for one CVR-4SFP10G-QSFP	Transceiver Modules	mechanical	layered	Converters and adapters	(none)	CVR converter modules, trays and brackets	sku ^CVR-							
CVR-CFP-4SFP10G	Cisco FourX CFP to Four SFP+ Converter Module	Transceiver Modules	adapter	layered	Converters and adapters	(none)	CVR converter modules, trays and brackets	sku ^CVR-							
CVR-CFP-4SFP10G=	CFP to SFP10G Adapter module	Transceiver Modules	adapter	layered	Converters and adapters	(none)	CVR converter modules, trays and brackets	sku ^CVR-							
CVR-CFP2-CPAK10=	Cisco CVR-CFP2-CPAK10=	Transceiver Modules	adapter	layered	Converters and adapters	(none)	CVR converter modules, trays and brackets	sku ^CVR-							
CVR-CFP2-CPAK4=	Cisco CVR-CFP2-CPAK4=	Transceiver Modules	adapter	layered	Converters and adapters	(none)	CVR converter modules, trays and brackets	sku ^CVR-							
CVR-CPAK-QSFP40	CPAK to QSFP-40G-LR4 adapter	Transceiver Modules	adapter	layered	Converters and adapters	(none)	CVR converter modules, trays and brackets	sku ^CVR-							
CVR-CPAK-QSFP40=	CPAK to QSFP-40G-LR4 adapter	Transceiver Modules	adapter	layered	Converters and adapters	(none)	CVR converter modules, trays and brackets	sku ^CVR-							
CVR-QSFP-SFP10G	Cisco 40GBASE QSFP to SFP+ and SFP adapter (QSA)	Transceiver Modules	adapter	layered	Converters and adapters	(none)	CVR converter modules, trays and brackets	sku ^CVR-							
CVR-QSFP-SFP10G2	Cisco CVR-QSFP-SFP10G2	UCS B-Series	adapter	layered	Converters and adapters	(none)	CVR converter modules, trays and brackets	sku ^CVR-							
CVR-QSFP-SFP10G=	Cisco 40GBASE QSFP to SFP+ and SFP adapter (QSA) for 1G (GLC-T, SX/LH), 10G-LR/10G-ZR, 10G- ER/10G-SR and 10G DWDM connectivity	Nexus 5000	adapter	layered	Converters and adapters	(none)	CVR converter modules, trays and brackets	sku ^CVR-							
CVR-QSFP28-SFP25G	Cisco 100G QSFP to SFP25G Adapter	Transceiver Modules	adapter	layered	Converters and adapters	(none)	CVR converter modules, trays and brackets	sku ^CVR-							
CVR-TRAY-8	Tray for CVR-4SFP10G-QSFP	Transceiver Modules	mechanical	layered	Converters and adapters	(none)	CVR converter modules, trays and brackets	sku ^CVR-							
CVR-TRAY-8=	Tray for CVR-4SFP10G-QSFP	Transceiver Modules	mechanical	layered	Converters and adapters	(none)	CVR converter modules, trays and brackets	sku ^CVR-							
CVR-X2-SFP	Cisco TwinGig Converter Module	Catalyst 4500	adapter	layered	Converters and adapters	(none)	CVR converter modules, trays and brackets	sku ^CVR-							
CVR-X2-SFP10G	SFP+ converter for X2 ports	Catalyst 6500	adapter	layered	Converters and adapters	(none)	CVR converter modules, trays and brackets	sku ^CVR-							
CVR-X2-SFP10G=	Cisco OneX Converter Module	4900	adapter	layered	Converters and adapters	(none)	CVR converter modules, trays and brackets	sku ^CVR-							
CVR-X2-SFP=	Cisco TwinGig Converter Module	4900	adapter	layered	Converters and adapters	(none)	CVR converter modules, trays and brackets	sku ^CVR-							
CWDM-GBIC-1470	1000BASE-CWDM GBIC 1470 nm (gray)	Network Modules	pluggable	layered	Ethernet transceivers	(none)	GBIC (legacy)	sku ^(DWDM|CWDM|15216)-GBIC-							
CWDM-GBIC-1490	1000BASE-CWDM GBIC 1490 nm (violet)	Network Modules	pluggable	layered	Ethernet transceivers	(none)	GBIC (legacy)	sku ^(DWDM|CWDM|15216)-GBIC-							
CWDM-GBIC-1510	1000BASE-CWDM GBIC 1510 nm (blue)	Network Modules	pluggable	layered	Ethernet transceivers	(none)	GBIC (legacy)	sku ^(DWDM|CWDM|15216)-GBIC-							
CWDM-GBIC-1530	1000BASE-CWDM GBIC 1530 nm (green)	Network Modules	pluggable	layered	Ethernet transceivers	(none)	GBIC (legacy)	sku ^(DWDM|CWDM|15216)-GBIC-							
CWDM-GBIC-1550	1000BASE-CWDM GBIC 1550 nm (yellow)	Network Modules	pluggable	layered	Ethernet transceivers	(none)	GBIC (legacy)	sku ^(DWDM|CWDM|15216)-GBIC-							
CWDM-GBIC-1570	1000BASE-CWDM GBIC 1570 nm (orange)	Network Modules	pluggable	layered	Ethernet transceivers	(none)	GBIC (legacy)	sku ^(DWDM|CWDM|15216)-GBIC-							
CWDM-GBIC-1590	1000BASE-CWDM GBIC 1590 nm (red)	Network Modules	pluggable	layered	Ethernet transceivers	(none)	GBIC (legacy)	sku ^(DWDM|CWDM|15216)-GBIC-							
CWDM-GBIC-1610	1000BASE-CWDM GBIC 1610 nm (brown)	Network Modules	pluggable	layered	Ethernet transceivers	(none)	GBIC (legacy)	sku ^(DWDM|CWDM|15216)-GBIC-							
CWDM-SFP-1470	Cisco CWDM-SFP-1470 1000BASE-CWDM SFP — 1470 nm, Singlemode, Gigabit Ethernet & 1/2G FC	Cisco	pluggable	layered	WDM transceivers	(none)	CWDM SFP / SFP+	sku ^CWDM-(?!GBIC)							
CWDM-SFP-1470=	Cisco Coarse-Wavelength Division Multiplexing (CWDM) 1470-nm SFP Gigabit Ethernet and 1G/2G fibre Channel	Catalyst IE3400 Rugged Series	pluggable	layered	WDM transceivers	(none)	CWDM SFP / SFP+	sku ^CWDM-(?!GBIC)							
CWDM-SFP-1490	Cisco CWDM-SFP-1490 1000BASE-CWDM SFP — 1490 nm, Singlemode, Gigabit Ethernet & 1/2G FC	Cisco	pluggable	layered	WDM transceivers	(none)	CWDM SFP / SFP+	sku ^CWDM-(?!GBIC)							
CWDM-SFP-1490=	Cisco CWDM SFP, 1490 nm; Gigabit Ethernet and 1-/2-GB Fibre Channel (violet)	Catalyst IE3400 Rugged Series	pluggable	layered	WDM transceivers	(none)	CWDM SFP / SFP+	sku ^CWDM-(?!GBIC)							
CWDM-SFP-1510	Cisco CWDM-SFP-1510 1000BASE-CWDM SFP — 1510 nm, Singlemode, Gigabit Ethernet & 1/2G FC	Cisco	pluggable	layered	WDM transceivers	(none)	CWDM SFP / SFP+	sku ^CWDM-(?!GBIC)							
CWDM-SFP-1510=	Cisco CWDM SFP, 1510 nm; Gigabit Ethernet and 1-/2-GB Fibre Channel (blue)	Transceiver Modules	pluggable	layered	WDM transceivers	(none)	CWDM SFP / SFP+	sku ^CWDM-(?!GBIC)							
CWDM-SFP-1530	Cisco CWDM-SFP-1530 1000BASE-CWDM SFP — 1530 nm, Singlemode, Gigabit Ethernet & 1/2G FC	Cisco	pluggable	layered	WDM transceivers	(none)	CWDM SFP / SFP+	sku ^CWDM-(?!GBIC)							
CWDM-SFP-1530=	Cisco CWDM SFP, 1530 nm; Gigabit Ethernet and 1-/2-GB Fibre Channel (green)	Catalyst IE3400 Rugged Series	pluggable	layered	WDM transceivers	(none)	CWDM SFP / SFP+	sku ^CWDM-(?!GBIC)							
CWDM-SFP-1550	Cisco CWDM-SFP-1550	1000	pluggable	layered	WDM transceivers	(none)	CWDM SFP / SFP+	sku ^CWDM-(?!GBIC)							
CWDM-SFP-1550=	Cisco CWDM SFP, 1550 nm; Gigabit Ethernet and 1-/2-GB Fibre Channel (yellow)	Transceiver Modules	pluggable	layered	WDM transceivers	(none)	CWDM SFP / SFP+	sku ^CWDM-(?!GBIC)							
CWDM-SFP-1570	Cisco CWDM-SFP-1570	1000	pluggable	layered	WDM transceivers	(none)	CWDM SFP / SFP+	sku ^CWDM-(?!GBIC)							
CWDM-SFP-1570=	Cisco CWDM SFP, 1570 nm; Gigabit Ethernet and 1-/2-GB Fibre Channel (orange)	Transceiver Modules	pluggable	layered	WDM transceivers	(none)	CWDM SFP / SFP+	sku ^CWDM-(?!GBIC)							
CWDM-SFP-1590	Cisco CWDM-SFP-1590	1000	pluggable	layered	WDM transceivers	(none)	CWDM SFP / SFP+	sku ^CWDM-(?!GBIC)							
CWDM-SFP-1590=	Cisco CWDM SFP, 1590 nm; Gigabit Ethernet and 1-/2-GB Fibre Channel (red)	Transceiver Modules	pluggable	layered	WDM transceivers	(none)	CWDM SFP / SFP+	sku ^CWDM-(?!GBIC)							
CWDM-SFP-1610	Cisco CWDM-SFP-1610 1000BASE-CWDM SFP — 1610 nm, Singlemode, Gigabit Ethernet & 1/2G FC	Cisco	pluggable	layered	WDM transceivers	(none)	CWDM SFP / SFP+	sku ^CWDM-(?!GBIC)							
CWDM-SFP-1610=	Cisco CWDM SFP, 1610 nm; Gigabit Ethernet and 1-/2-GB Fibre Channel (brown)	Catalyst IE3400 Rugged Series	pluggable	layered	WDM transceivers	(none)	CWDM SFP / SFP+	sku ^CWDM-(?!GBIC)							
CWDM-SFP-1xxx=	Cisco CWDM-SFP-1xxx=	Nexus 7000	pluggable	pending_plan								class non_product			
CWDM-SFP10G-1470	CWDM 1470 nm SFP+ 10 Gigabit Ethernet Transceiver Module	Cisco	pluggable	layered	WDM transceivers	(none)	CWDM SFP / SFP+	sku ^CWDM-(?!GBIC)							
CWDM-SFP10G-1470=	CWDM 1470 nm SFP+ 10 Gigabit Ethernet Transceiver Module	Transceiver Modules	pluggable	layered	WDM transceivers	(none)	CWDM SFP / SFP+	sku ^CWDM-(?!GBIC)							
CWDM-SFP10G-1490	CWDM 1490 nm SFP+ 10 Gigabit Ethernet Transceiver Module	Cisco	pluggable	layered	WDM transceivers	(none)	CWDM SFP / SFP+	sku ^CWDM-(?!GBIC)							
CWDM-SFP10G-1490=	CWDM 1490 nm SFP+ 10 Gigabit Ethernet Transceiver Module	Transceiver Modules	pluggable	layered	WDM transceivers	(none)	CWDM SFP / SFP+	sku ^CWDM-(?!GBIC)							
CWDM-SFP10G-1510	CWDM 1510 nm SFP+ 10 Gigabit Ethernet Transceiver Module	Cisco	pluggable	layered	WDM transceivers	(none)	CWDM SFP / SFP+	sku ^CWDM-(?!GBIC)							
CWDM-SFP10G-1510=	CWDM 1510 nm SFP+ 10 Gigabit Ethernet Transceiver Module	Transceiver Modules	pluggable	layered	WDM transceivers	(none)	CWDM SFP / SFP+	sku ^CWDM-(?!GBIC)							
CWDM-SFP10G-1530	CWDM 1530 nm SFP+ 10 Gigabit Ethernet Transceiver Module	Cisco	pluggable	layered	WDM transceivers	(none)	CWDM SFP / SFP+	sku ^CWDM-(?!GBIC)							
CWDM-SFP10G-1530=	CWDM 1530 nm SFP+ 10 Gigabit Ethernet Transceiver Module	Transceiver Modules	pluggable	layered	WDM transceivers	(none)	CWDM SFP / SFP+	sku ^CWDM-(?!GBIC)							
CWDM-SFP10G-1550	CWDM 1550 nm SFP+ 10 Gigabit Ethernet Transceiver Module	Cisco	pluggable	layered	WDM transceivers	(none)	CWDM SFP / SFP+	sku ^CWDM-(?!GBIC)							
CWDM-SFP10G-1550=	CWDM 1550 nm SFP+ 10 Gigabit Ethernet Transceiver Module	Transceiver Modules	pluggable	layered	WDM transceivers	(none)	CWDM SFP / SFP+	sku ^CWDM-(?!GBIC)							
CWDM-SFP10G-1570	CWDM 1570 nm SFP+ 10 Gigabit Ethernet Transceiver Module	Cisco	pluggable	layered	WDM transceivers	(none)	CWDM SFP / SFP+	sku ^CWDM-(?!GBIC)							
CWDM-SFP10G-1570=	CWDM 1570 nm SFP+ 10 Gigabit Ethernet Transceiver Module	Transceiver Modules	pluggable	layered	WDM transceivers	(none)	CWDM SFP / SFP+	sku ^CWDM-(?!GBIC)							
CWDM-SFP10G-1590	CWDM 1590 nm SFP+ 10 Gigabit Ethernet Transceiver Module	Cisco	pluggable	layered	WDM transceivers	(none)	CWDM SFP / SFP+	sku ^CWDM-(?!GBIC)							
CWDM-SFP10G-1590=	CWDM 1590 nm SFP+ 10 Gigabit Ethernet Transceiver Module	Transceiver Modules	pluggable	layered	WDM transceivers	(none)	CWDM SFP / SFP+	sku ^CWDM-(?!GBIC)							
CWDM-SFP10G-1610	CWDM 1610 nm SFP+ 10 Gigabit Ethernet Transceiver Module	Cisco	pluggable	layered	WDM transceivers	(none)	CWDM SFP / SFP+	sku ^CWDM-(?!GBIC)							
CWDM-SFP10G-1610=	CWDM 1610 nm SFP+ 10 Gigabit Ethernet Transceiver Module	Transceiver Modules	pluggable	layered	WDM transceivers	(none)	CWDM SFP / SFP+	sku ^CWDM-(?!GBIC)							
CXP-100G-SR10	CXP-100G-SR10 Transceiver module	Cisco	pluggable	layered	Ethernet transceivers	(none)	40G / 100G CFP, CFP2, CPAK and CXP	sku ^CXP							
CXP-100G-SR10=	CXP-100G-SR10 Transceiver module Spare	Transceiver Modules	pluggable	layered	Ethernet transceivers	(none)	40G / 100G CFP, CFP2, CPAK and CXP	sku ^CXP							
CXP-100G-SR12	CXP form factor, 100GBASE-SR10 compliant, no breakout	Cisco	pluggable	layered	Ethernet transceivers	(none)	40G / 100G CFP, CFP2, CPAK and CXP	sku ^CXP							
CXP-100G-SR12=	CXP form factor, 100GBASE-SR10 compliant, no breakout	Transceiver Modules	pluggable	layered	Ethernet transceivers	(none)	40G / 100G CFP, CFP2, CPAK and CXP	sku ^CXP							
DP01QS28-E20	Cisco DP01QS28-E20 100G QSFP28 Digital-Coherent (DCO) DWDM — C-Band, E20	Cisco	tunable	layered	Coherent and digital-coherent pluggables	(none)	400G / 800G ZR, ZR+ and CFP2 DCO	sku ^DP0[148]							
DP01QS28-E25	Cisco DP01QS28-E25 100G QSFP28 Digital-Coherent (DCO) DWDM — C-Band, E25	Cisco	tunable	layered	Coherent and digital-coherent pluggables	(none)	400G / 800G ZR, ZR+ and CFP2 DCO	sku ^DP0[148]							
DP01QS28-MX1-A1	QSFP28 100G DCO -5 dBm o/p power C-Band Flex Grid Extended Temperature	Transceiver Modules	tunable	layered	Coherent and digital-coherent pluggables	(none)	400G / 800G ZR, ZR+ and CFP2 DCO	sku ^DP0[148]							
DP01QS28-MX1-A1=	QSFP28 100G DCO -5 dBm o/p power C-Band Flex Grid Extended Temperature	Transceiver Modules	tunable	layered	Coherent and digital-coherent pluggables	(none)	400G / 800G ZR, ZR+ and CFP2 DCO	sku ^DP0[148]							
DP01QS28-MX2-A1	QSFP28 100G DCO 0dBm o/p power C-Band Flex Grid Extended Temperature	Transceiver Modules	tunable	layered	Coherent and digital-coherent pluggables	(none)	400G / 800G ZR, ZR+ and CFP2 DCO	sku ^DP0[148]							
DP01QS28-MX2-A1=	QSFP28 100G DCO 0dBm o/p power C-Band Flex Grid Extended Temperature	Transceiver Modules	tunable	layered	Coherent and digital-coherent pluggables	(none)	400G / 800G ZR, ZR+ and CFP2 DCO	sku ^DP0[148]							
DP01QSDD-LK9	Cisco DP01QSDD-LK9 400G Coherent QSFP-DD — Coherent ZR+ (OTN, High Tx Power), Singlemode	Cisco	tunable	layered	Coherent and digital-coherent pluggables	(none)	400G / 800G ZR, ZR+ and CFP2 DCO	sku ^DP0[148]							
DP01QSDD-LK9=	QSFP-DD 400G ZR+ - High Tx Power - OTN - 100G BW	Transceiver Modules	tunable	layered	Coherent and digital-coherent pluggables	(none)	400G / 800G ZR, ZR+ and CFP2 DCO	sku ^DP0[148]							
DP01QSDD-ZF1	Cisco DP01QSDD-ZF1 100G ZR QSFP-DD — kohärentes DWDM (DCO), C-Band, bis 80 km	Cisco	tunable	layered	Coherent and digital-coherent pluggables	(none)	400G / 800G ZR, ZR+ and CFP2 DCO	sku ^DP0[148]							
DP01QSDD-ZT5-A1=	100 GBPS COHERENT QSFP-DD, OpenZR+, C-band Tunable	Network Convergence System 1000 Series	tunable	layered	Coherent and digital-coherent pluggables	(none)	400G / 800G ZR, ZR+ and CFP2 DCO	sku ^DP0[148]							
DP04CFP2-D15	Cisco DP04CFP2-D15 400G BiDi CFP2 — kohärentes DWDM (DCO), Einzelfaser-bidirektional, C-Band	Cisco	tunable	layered	Coherent and digital-coherent pluggables	(none)	400G / 800G ZR, ZR+ and CFP2 DCO	sku ^DP0[148]							
DP04CFP2-M25-K9	400G CFP2 DCO Multi-rate WDM C Band Tuneable with Encryption	Cisco	tunable	layered	Coherent and digital-coherent pluggables	(none)	400G / 800G ZR, ZR+ and CFP2 DCO	sku ^DP0[148]							
DP04CFP2-M25-K9=	400G CFP2 DCO Multi-rate WDM C Band Tuneable with Encryption	Network Convergence System 2000 Series	tunable	layered	Coherent and digital-coherent pluggables	(none)	400G / 800G ZR, ZR+ and CFP2 DCO	sku ^DP0[148]							
DP04QSDD-E26-A1	400GBPS COHERENT QSFP-DD, 400ZR OIF, Low Power	Transceiver Modules	tunable	layered	Coherent and digital-coherent pluggables	(none)	400G / 800G ZR, ZR+ and CFP2 DCO	sku ^DP0[148]							
DP04QSDD-E36-A1	400GBPS COHERENT QSFP-DD, 400ZR+, OpenZR+, Low Power	Transceiver Modules	tunable	layered	Coherent and digital-coherent pluggables	(none)	400G / 800G ZR, ZR+ and CFP2 DCO	sku ^DP0[148]							
DP04QSDD-ER1	Cisco DP04QSDD-ER1 400G Coherent QSFP-DD — Coherent ER1 (400G ZR), Singlemode	Cisco	tunable	layered	Coherent and digital-coherent pluggables	(none)	400G / 800G ZR, ZR+ and CFP2 DCO	sku ^DP0[148]							
DP04QSDD-HE0	QSFP-DD 400G ZR+ - High Tx Power	Cisco	tunable	layered	Coherent and digital-coherent pluggables	(none)	400G / 800G ZR, ZR+ and CFP2 DCO	sku ^DP0[148]							
DP04QSDD-HE0-A1	Cisco DP04QSDD-HE0-A1 400G Coherent QSFP-DD — Coherent ZR+ (High Tx Power), Singlemode	Cisco	tunable	layered	Coherent and digital-coherent pluggables	(none)	400G / 800G ZR, ZR+ and CFP2 DCO	sku ^DP0[148]							
DP04QSDD-HE0=	QSFP-DD 400G ZR+ - High Tx Power	Transceiver Modules	tunable	layered	Coherent and digital-coherent pluggables	(none)	400G / 800G ZR, ZR+ and CFP2 DCO	sku ^DP0[148]							
DP04QSDD-HK9	Cisco DP04QSDD-HK9 400G Coherent QSFP-DD — Coherent ZR+ (OTN, High Tx Power), Singlemode	Cisco	tunable	layered	Coherent and digital-coherent pluggables	(none)	400G / 800G ZR, ZR+ and CFP2 DCO	sku ^DP0[148]							
DP04QSDD-HK9=	QSFP-DD 400G ZR+ - High Tx Power - OTN	Transceiver Modules	tunable	layered	Coherent and digital-coherent pluggables	(none)	400G / 800G ZR, ZR+ and CFP2 DCO	sku ^DP0[148]							
DP04QSDD-LLH-A1	400G Coherent QSFP-DD Ultra Long Haul reach L-band	Transceiver Modules	tunable	layered	Coherent and digital-coherent pluggables	(none)	400G / 800G ZR, ZR+ and CFP2 DCO	sku ^DP0[148]							
DP04QSDD-ULH-A1	Cisco DP04QSDD-ULH-A1 400G Coherent QSFP-DD — Coherent Ultra Long Haul (C+L-Band durchstimmbar), Singlemode	Cisco	tunable	layered	Coherent and digital-coherent pluggables	(none)	400G / 800G ZR, ZR+ and CFP2 DCO	sku ^DP0[148]							
DP04SFP8-E20	Cisco DP04SFP8-E20 400ZR Digital-Coherent OSFP — DWDM C-Band tunable, 400G	Cisco	tunable	layered	Coherent and digital-coherent pluggables	(none)	400G / 800G ZR, ZR+ and CFP2 DCO	sku ^DP0[148]							
DP04SFP8-E20=	400GBPS COHERENT OSFP, DWDM C-BAND TUNABLE 400ZR MODULE	Transceiver Modules	tunable	layered	Coherent and digital-coherent pluggables	(none)	400G / 800G ZR, ZR+ and CFP2 DCO	sku ^DP0[148]							
DP08QSDD-LRB-A2	800G ZR+ OpenROADM QSFP-DD DCO - L-Band	Transceiver Modules	tunable	layered	Coherent and digital-coherent pluggables	(none)	400G / 800G ZR, ZR+ and CFP2 DCO	sku ^DP0[148]							
DP08QSDD-ZRA-A2	800G ZR OIF QSFP-DD DCO - C-Band	Transceiver Modules	tunable	layered	Coherent and digital-coherent pluggables	(none)	400G / 800G ZR, ZR+ and CFP2 DCO	sku ^DP0[148]							
DP08QSDD-ZRB-A2	800G ZR+ OpenROADM QSFP-DD DCO - C-Band	Transceiver Modules	tunable	layered	Coherent and digital-coherent pluggables	(none)	400G / 800G ZR, ZR+ and CFP2 DCO	sku ^DP0[148]							
DP08SFP8-LRB-A2	800G ZR+ OpenROADM OSFP DCO - L-Band	Transceiver Modules	tunable	layered	Coherent and digital-coherent pluggables	(none)	400G / 800G ZR, ZR+ and CFP2 DCO	sku ^DP0[148]							
DP08SFP8-ZRA-A2	800G ZR OIF OSFP DCO - C-Band	Transceiver Modules	tunable	layered	Coherent and digital-coherent pluggables	(none)	400G / 800G ZR, ZR+ and CFP2 DCO	sku ^DP0[148]							
DP08SFP8-ZRB-A2	800G ZR+ OpenROADM OSFP DCO - C-Band	Transceiver Modules	tunable	layered	Coherent and digital-coherent pluggables	(none)	400G / 800G ZR, ZR+ and CFP2 DCO	sku ^DP0[148]							
DS-CWDM-1470=	Cisco CWDM 1470 NM Gigabit Ethernet and 1/2 Gbps Fibre Channel SFP optics, Spare	MDS 9000 Series Multilayer	pluggable	layered	Fibre Channel transceivers (MDS)	(none)	MDS Fibre Channel SFP / X2 / CWDM	sku ^DS-CWDM(?!-?MUX|OADM|CHASSIS)							
DS-CWDM-1490=	Cisco CWDM 1490 NM Gigabit Ethernet and 1/2 Gbps Fibre Channel SFP optics, Spare	MDS 9000 Series Multilayer	pluggable	layered	Fibre Channel transceivers (MDS)	(none)	MDS Fibre Channel SFP / X2 / CWDM	sku ^DS-CWDM(?!-?MUX|OADM|CHASSIS)							
DS-CWDM-1510=	Cisco CWDM 1510 NM Gigabit Ethernet and 1/2 Gbps Fibre Channel SFP optics, Spare	MDS 9000 Series Multilayer	pluggable	layered	Fibre Channel transceivers (MDS)	(none)	MDS Fibre Channel SFP / X2 / CWDM	sku ^DS-CWDM(?!-?MUX|OADM|CHASSIS)							
DS-CWDM-1530=	Cisco CWDM 1530 NM Gigabit Ethernet and 1/2 Gbps Fibre Channel SFP optics, Spare	MDS 9000 Series Multilayer	pluggable	layered	Fibre Channel transceivers (MDS)	(none)	MDS Fibre Channel SFP / X2 / CWDM	sku ^DS-CWDM(?!-?MUX|OADM|CHASSIS)							
DS-CWDM-1550=	Cisco CWDM 1550 NM Gigabit Ethernet and 1/2 Gbps Fibre Channel SFP optics, Spare	MDS 9000 Series Multilayer	pluggable	layered	Fibre Channel transceivers (MDS)	(none)	MDS Fibre Channel SFP / X2 / CWDM	sku ^DS-CWDM(?!-?MUX|OADM|CHASSIS)							
DS-CWDM-1570=	Cisco CWDM 1570 NM Gigabit Ethernet and 1/2 Gbps Fibre Channel SFP optics, Spare	MDS 9000 Series Multilayer	pluggable	layered	Fibre Channel transceivers (MDS)	(none)	MDS Fibre Channel SFP / X2 / CWDM	sku ^DS-CWDM(?!-?MUX|OADM|CHASSIS)							
DS-CWDM-1590=	Cisco CWDM 1590 NM Gigabit Ethernet and 1/2 Gbps Fibre Channel SFP optics, Spare	MDS 9000 Series Multilayer	pluggable	layered	Fibre Channel transceivers (MDS)	(none)	MDS Fibre Channel SFP / X2 / CWDM	sku ^DS-CWDM(?!-?MUX|OADM|CHASSIS)							
DS-CWDM-1610=	Cisco CWDM 1610 NM Gigabit Ethernet and 1/2 Gbps Fibre Channel SFP optics, Spare	MDS 9000 Series Multilayer	pluggable	layered	Fibre Channel transceivers (MDS)	(none)	MDS Fibre Channel SFP / X2 / CWDM	sku ^DS-CWDM(?!-?MUX|OADM|CHASSIS)							
DS-CWDM4G1470=	1470 nm CWDM 1/2/4-Gbps Fibre Channel SFP	MDS 9500 Series Multilayer Directors	pluggable	layered	Fibre Channel transceivers (MDS)	(none)	MDS Fibre Channel SFP / X2 / CWDM	sku ^DS-CWDM(?!-?MUX|OADM|CHASSIS)							
DS-CWDM4G1490=	1490 nm CWDM 1/2/4-Gbps Fibre Channel SFP	MDS 9500 Series Multilayer Directors	pluggable	layered	Fibre Channel transceivers (MDS)	(none)	MDS Fibre Channel SFP / X2 / CWDM	sku ^DS-CWDM(?!-?MUX|OADM|CHASSIS)							
DS-CWDM4G1510=	1510 nm CWDM 1/2/4-Gbps Fibre Channel SFP	MDS 9500 Series Multilayer Directors	pluggable	layered	Fibre Channel transceivers (MDS)	(none)	MDS Fibre Channel SFP / X2 / CWDM	sku ^DS-CWDM(?!-?MUX|OADM|CHASSIS)							
DS-CWDM4G1530=	1530 nm CWDM 1/2/4-Gbps Fibre Channel SFP	MDS 9500 Series Multilayer Directors	pluggable	layered	Fibre Channel transceivers (MDS)	(none)	MDS Fibre Channel SFP / X2 / CWDM	sku ^DS-CWDM(?!-?MUX|OADM|CHASSIS)							
DS-CWDM4G1550=	1550 nm CWDM 1/2/4-Gbps Fibre Channel SFP	MDS 9500 Series Multilayer Directors	pluggable	layered	Fibre Channel transceivers (MDS)	(none)	MDS Fibre Channel SFP / X2 / CWDM	sku ^DS-CWDM(?!-?MUX|OADM|CHASSIS)							
DS-CWDM4G1570=	1570 nm CWDM 1/2/4-Gbps Fibre Channel SFP	MDS 9500 Series Multilayer Directors	pluggable	layered	Fibre Channel transceivers (MDS)	(none)	MDS Fibre Channel SFP / X2 / CWDM	sku ^DS-CWDM(?!-?MUX|OADM|CHASSIS)							
DS-CWDM4G1590=	1590 nm CWDM 1/2/4-Gbps Fibre Channel SFP	MDS 9500 Series Multilayer Directors	pluggable	layered	Fibre Channel transceivers (MDS)	(none)	MDS Fibre Channel SFP / X2 / CWDM	sku ^DS-CWDM(?!-?MUX|OADM|CHASSIS)							
DS-CWDM4G1610=	1610 nm CWDM 1/2/4-Gbps Fibre Channel SFP	MDS 9500 Series Multilayer Directors	pluggable	layered	Fibre Channel transceivers (MDS)	(none)	MDS Fibre Channel SFP / X2 / CWDM	sku ^DS-CWDM(?!-?MUX|OADM|CHASSIS)							
DS-CWDM4GXXXX=	Cisco XXXX NM CWDM 4-Gbps Fibre Channel SFP, spare (where XXXX=1470, 1490, 1510, 1530, 1550, 1570, 1590, 1610)	MDS 9000 Series Multilayer	pluggable	pending_plan								class non_product			
DS-CWDM8G1470=	1470 nm CWDM 2/4/8-Gbps Fibre Channel SFP+ , Spare	MDS 9700 Series Multilayer Directors	pluggable	layered	Fibre Channel transceivers (MDS)	(none)	MDS Fibre Channel SFP / X2 / CWDM	sku ^DS-CWDM(?!-?MUX|OADM|CHASSIS)							
DS-CWDM8G1490=	1490 nm CWDM 2/4/8-Gbps Fibre Channel SFP+ , Spare	Storage Networking Modules	pluggable	layered	Fibre Channel transceivers (MDS)	(none)	MDS Fibre Channel SFP / X2 / CWDM	sku ^DS-CWDM(?!-?MUX|OADM|CHASSIS)							
DS-CWDM8G1510=	1510 nm CWDM 2/4/8-Gbps Fibre Channel SFP+ , Spare	Storage Networking Modules	pluggable	layered	Fibre Channel transceivers (MDS)	(none)	MDS Fibre Channel SFP / X2 / CWDM	sku ^DS-CWDM(?!-?MUX|OADM|CHASSIS)							
DS-CWDM8G1530=	1530 nm CWDM 2/4/8-Gbps Fibre Channel SFP+ , Spare	Storage Networking Modules	pluggable	layered	Fibre Channel transceivers (MDS)	(none)	MDS Fibre Channel SFP / X2 / CWDM	sku ^DS-CWDM(?!-?MUX|OADM|CHASSIS)							
DS-CWDM8G1550=	1550 nm CWDM 2/4/8-Gbps Fibre Channel SFP+ , Spare	Storage Networking Modules	pluggable	layered	Fibre Channel transceivers (MDS)	(none)	MDS Fibre Channel SFP / X2 / CWDM	sku ^DS-CWDM(?!-?MUX|OADM|CHASSIS)							
DS-CWDM8G1570=	1570 nm CWDM 2/4/8-Gbps Fibre Channel SFP+ , Spare	Storage Networking Modules	pluggable	layered	Fibre Channel transceivers (MDS)	(none)	MDS Fibre Channel SFP / X2 / CWDM	sku ^DS-CWDM(?!-?MUX|OADM|CHASSIS)							
DS-CWDM8G1590=	1590 nm CWDM 2/4/8-Gbps Fibre Channel SFP+ , Spare	Storage Networking Modules	pluggable	layered	Fibre Channel transceivers (MDS)	(none)	MDS Fibre Channel SFP / X2 / CWDM	sku ^DS-CWDM(?!-?MUX|OADM|CHASSIS)							
DS-CWDM8G1610=	1610 nm CWDM 2/4/8-Gbps Fibre Channel SFP+ , Spare	Storage Networking Modules	pluggable	layered	Fibre Channel transceivers (MDS)	(none)	MDS Fibre Channel SFP / X2 / CWDM	sku ^DS-CWDM(?!-?MUX|OADM|CHASSIS)							
DS-CWDM8Gxxxx=	Cisco MDS 2/4/8-Gbps CWDM Long Distance SFP, LC, spare	MDS 9300 Series Multilayer Fabric	pluggable	pending_plan								class non_product			
DS-FC-SW-4PK=	1/2-Gbps Fibre Channel-Shortwave, SFP, LC, 4 pack, Spare	MDS 9500 Series Multilayer Directors	pluggable	layered	Fibre Channel transceivers (MDS)	(none)	MDS Fibre Channel SFP / X2 / CWDM	sku ^DS-FC-SW							
DS-SFP-10GE-LR	Cisco DS-SFP-10GE-LR	MDS 9700 Series Multilayer Directors	pluggable	layered	Fibre Channel transceivers (MDS)	(none)	MDS Fibre Channel SFP / X2 / CWDM	sku ^DS-(SFP|X2)							
DS-SFP-10GE-LR=	Cisco DS-SFP-10GE-LR=	MDS 9700 Series Multilayer Directors	pluggable	layered	Fibre Channel transceivers (MDS)	(none)	MDS Fibre Channel SFP / X2 / CWDM	sku ^DS-(SFP|X2)							
DS-SFP-10GE-LR=SFP-10G-LR=	10GBASE-LR SFP Module , Spare	Storage Networking Modules	pluggable	pending_plan								class non_product			
DS-SFP-10GE-SR	Cisco DS-SFP-10GE-SR	MDS 9700 Series Multilayer Directors	pluggable	layered	Fibre Channel transceivers (MDS)	(none)	MDS Fibre Channel SFP / X2 / CWDM	sku ^DS-(SFP|X2)							
DS-SFP-10GE-SR=	Cisco DS-SFP-10GE-SR=	MDS 9700 Series Multilayer Directors	pluggable	layered	Fibre Channel transceivers (MDS)	(none)	MDS Fibre Channel SFP / X2 / CWDM	sku ^DS-(SFP|X2)							
DS-SFP-10GE-SR=SFP-10G-SR=	10GBASE-SR SFP Module , Spare	Storage Networking Modules	pluggable	pending_plan								class non_product			
DS-SFP-4G-SW-4=	1/2/4-Gbps Fibre Channel: Shortwave, SFP, LC, Four Pack, Spare (Supported only with 1/2/4-Gbps and 1/2/4/8-Gbps FC ports)	MDS 9000 Series Multilayer	pluggable	layered	Fibre Channel transceivers (MDS)	(none)	MDS Fibre Channel SFP / X2 / CWDM	sku ^DS-(SFP|X2)							
DS-SFP-4G-SW=	1/2/4-Gbps Fibre Channel: Shortwave, SFP, LC, Spare (Supported only with 1/2/4-Gbps and 1/2/4/8-Gbps FC ports)	MDS 9000 Series Multilayer	pluggable	layered	Fibre Channel transceivers (MDS)	(none)	MDS Fibre Channel SFP / X2 / CWDM	sku ^DS-(SFP|X2)							
DS-SFP-4X32G-SW	128 Gbps Fibre Channel QSFP28 Optical Transceiver	MDS 9500 Series Multilayer Directors	pluggable	layered	Fibre Channel transceivers (MDS)	(none)	MDS Fibre Channel SFP / X2 / CWDM	sku ^DS-(SFP|X2)							
DS-SFP-4X32G-SW3	Cisco DS-SFP-4X32G-SW3	UCS X-Series	pluggable	pending_plan								class non_product			
DS-SFP-8G-SW-4=	Cisco MDS 9000 Family 2/4/8-Gbps Fibre Channel-Shortwave, SFP+, LC, Four Pack, Spare (Supported only with 1/2/4/8-Gbps FC ports)	MDS 9500 Series Multilayer Directors	pluggable	layered	Fibre Channel transceivers (MDS)	(none)	MDS Fibre Channel SFP / X2 / CWDM	sku ^DS-(SFP|X2)							
DS-SFP-FC-2G-LW	Cisco MDS 9000 Family 1/2 Gbps Fibre Channel-Longwave, SFP optics, LC	MDS 9000 Series Multilayer	pluggable	layered	Fibre Channel transceivers (MDS)	(none)	MDS Fibre Channel SFP / X2 / CWDM	sku ^DS-(SFP|X2)							
DS-SFP-FC-2G-LW=	Cisco MDS 9000 Family 1/2 Gbps Fibre Channel-Longwave, SFP optics, LC, Spare	MDS 9000 Series Multilayer	pluggable	layered	Fibre Channel transceivers (MDS)	(none)	MDS Fibre Channel SFP / X2 / CWDM	sku ^DS-(SFP|X2)							
DS-SFP-FC-2G-SW	Cisco MDS 9000 Family 1/2 Gbps Fibre Channel-Shortwave, SFP optics, LC	MDS 9000 Series Multilayer	pluggable	layered	Fibre Channel transceivers (MDS)	(none)	MDS Fibre Channel SFP / X2 / CWDM	sku ^DS-(SFP|X2)							
DS-SFP-FC-2G-SW=	Cisco MDS 9000 Family 1/2 Gbps Fibre Channel-Shortwave, SFP optics, LC, Spare	MDS 9000 Series Multilayer	pluggable	layered	Fibre Channel transceivers (MDS)	(none)	MDS Fibre Channel SFP / X2 / CWDM	sku ^DS-(SFP|X2)							
DS-SFP-FC10G-LW	Cisco MDS 9000 Family 10-Gbps Fibre Channel-Longwave, SFP+, LC (Supported only with DS-X9232-256K9 and DS-X9248-256K9)	Storage Networking Modules	pluggable	layered	Fibre Channel transceivers (MDS)	(none)	MDS Fibre Channel SFP / X2 / CWDM	sku ^DS-(SFP|X2)							
DS-SFP-FC10G-LW=	Cisco MDS 9000 Family 10-Gbps Fibre Channel-Longwave, SFP+, LC, Spare (Supported only with DS-X9232-256K9 and DS-X9248-256K9)	Storage Networking Modules	pluggable	layered	Fibre Channel transceivers (MDS)	(none)	MDS Fibre Channel SFP / X2 / CWDM	sku ^DS-(SFP|X2)							
DS-SFP-FC10G-SW	Cisco MDS 9000 Family 10-Gbps Fibre Channel-Shortwave, SFP+, LC (Supported only with DS-X9232-256K9 and DS-X9248-256K9)	Storage Networking Modules	pluggable	layered	Fibre Channel transceivers (MDS)	(none)	MDS Fibre Channel SFP / X2 / CWDM	sku ^DS-(SFP|X2)							
DS-SFP-FC10G-SW=	Cisco MDS 9000 Family 10-Gbps Fibre Channel-Shortwave, SFP+, LC, Spare (Supported only with DS-X9232-256K9 and DS-X9248-256K9)	Storage Networking Modules	pluggable	layered	Fibre Channel transceivers (MDS)	(none)	MDS Fibre Channel SFP / X2 / CWDM	sku ^DS-(SFP|X2)							
DS-SFP-FC16G-ELW	16 Gbps Fibre Channel ELW SFP+, LC	Storage Networking Modules	pluggable	layered	Fibre Channel transceivers (MDS)	(none)	MDS Fibre Channel SFP / X2 / CWDM	sku ^DS-(SFP|X2)							
DS-SFP-FC16G-ELW=	16 Gbps Fibre Channel ELW SFP+, LC	Storage Networking Modules	pluggable	layered	Fibre Channel transceivers (MDS)	(none)	MDS Fibre Channel SFP / X2 / CWDM	sku ^DS-(SFP|X2)							
DS-SFP-FC16G-LW	16-Gbps Fibre Channel longwave SFP+, LC connector (16G Fibre Channel support only on last 24 ports (highlighted in Orange on the chassis for easy identification ) of the Cisco Nexus 5672UP-16G)	Storage Networking Modules	pluggable	layered	Fibre Channel transceivers (MDS)	(none)	MDS Fibre Channel SFP / X2 / CWDM	sku ^DS-(SFP|X2)							
DS-SFP-FC16G-LW=	Cisco MDS 9000 Family 4/8/16-Gbps Fibre Channel-Longwave, SFP+, LC (10-km reach), Spare (Supported only on FC ports)	MDS 9300 Series Multilayer Fabric	pluggable	layered	Fibre Channel transceivers (MDS)	(none)	MDS Fibre Channel SFP / X2 / CWDM	sku ^DS-(SFP|X2)							
DS-SFP-FC16G-SW	16-Gbps Fibre Channel shortwave SFP+, LC connector (16G Fibre Channel support only on last 24 ports (highlighted in Orange on the chassis for easy identification ) of the Cisco Nexus 5672UP-16G	Storage Networking Modules	pluggable	layered	Fibre Channel transceivers (MDS)	(none)	MDS Fibre Channel SFP / X2 / CWDM	sku ^DS-(SFP|X2)							
DS-SFP-FC16G-SW=	Cisco MDS 9000 Family 4/8/16-Gbps Fibre Channel-Shortwave, SFP+, LC, Spare (Supported only on FC ports)	MDS 9300 Series Multilayer Fabric	pluggable	layered	Fibre Channel transceivers (MDS)	(none)	MDS Fibre Channel SFP / X2 / CWDM	sku ^DS-(SFP|X2)							
DS-SFP-FC16GELW	Cisco MDS 9000 Family 4/8/16-Gbps Fibre Channel-Longwave, SFP+, LC (25km) (Supported only on FC ports)	Storage Networking Modules	pluggable	layered	Fibre Channel transceivers (MDS)	(none)	MDS Fibre Channel SFP / X2 / CWDM	sku ^DS-(SFP|X2)							
DS-SFP-FC16GELW=	Cisco MDS 9000 Family 4/8/16-Gbps Fibre Channel-Longwave, SFP+, LC (25km) (Supported only on FC ports)	MDS 9300 Series Multilayer Fabric	pluggable	layered	Fibre Channel transceivers (MDS)	(none)	MDS Fibre Channel SFP / X2 / CWDM	sku ^DS-(SFP|X2)							
DS-SFP-FC32G-ELW	32 Gbps Fibre Channel ELW SFP+, LC	Storage Networking Modules	pluggable	layered	Fibre Channel transceivers (MDS)	(none)	MDS Fibre Channel SFP / X2 / CWDM	sku ^DS-(SFP|X2)							
DS-SFP-FC32G-ELW=	32 Gbps Fibre Channel Extended Longwave Optic	MDS 9300 Series Multilayer Fabric	pluggable	layered	Fibre Channel transceivers (MDS)	(none)	MDS Fibre Channel SFP / X2 / CWDM	sku ^DS-(SFP|X2)							
DS-SFP-FC32G-LW	32 Gbps Fibre Channel LW SFP+, LC	Storage Networking Modules	pluggable	layered	Fibre Channel transceivers (MDS)	(none)	MDS Fibre Channel SFP / X2 / CWDM	sku ^DS-(SFP|X2)							
DS-SFP-FC32G-LW=	32 Gbps Fibre Channel LW SFP+, LC, Spare	MDS 9300 Series Multilayer Fabric	pluggable	layered	Fibre Channel transceivers (MDS)	(none)	MDS Fibre Channel SFP / X2 / CWDM	sku ^DS-(SFP|X2)							
DS-SFP-FC32G-SW	32 Gbps Fibre Channel SW SFP+, LC	Storage Networking Modules	pluggable	layered	Fibre Channel transceivers (MDS)	(none)	MDS Fibre Channel SFP / X2 / CWDM	sku ^DS-(SFP|X2)							
DS-SFP-FC32G-SW=	32 Gbps Fibre Channel SW SFP+, LC, Spare	MDS 9300 Series Multilayer Fabric	pluggable	layered	Fibre Channel transceivers (MDS)	(none)	MDS Fibre Channel SFP / X2 / CWDM	sku ^DS-(SFP|X2)							
DS-SFP-FC4G-LW	4 Gbps Fibre Channel-LW (up to 10 km) SFP, LC connector, (Fibre Channel support only on last 16 ports (highlighted ) of Cisco Nexus 5672UP and UP GEM module on 56128P)	MDS 9000 Series Multilayer	pluggable	layered	Fibre Channel transceivers (MDS)	(none)	MDS Fibre Channel SFP / X2 / CWDM	sku ^DS-(SFP|X2)							
DS-SFP-FC4G-LW=	Cisco MDS 9000 Family 1/2/4-Gbps Fibre Channel-Longwave, SFP, LC (10-km reach), spare (Supported only with 1/2-Gbps FC ports)	MDS 9000 Series Multilayer	pluggable	layered	Fibre Channel transceivers (MDS)	(none)	MDS Fibre Channel SFP / X2 / CWDM	sku ^DS-(SFP|X2)							
DS-SFP-FC4G-MR	Cisco MDS 9000 Family 1/2/4-Gbps Fibre Channel-Longwave, SFP, LC (4-km reach)	MDS 9000 Series Multilayer	pluggable	layered	Fibre Channel transceivers (MDS)	(none)	MDS Fibre Channel SFP / X2 / CWDM	sku ^DS-(SFP|X2)							
DS-SFP-FC4G-MR=	Cisco MDS 9000 Family 1/2/4-Gbps Fibre Channel-Longwave, SFP, LC (4-km reach), spare (Supported only with 1/2/4-Gbps FC ports)	MDS 9000 Series Multilayer	pluggable	layered	Fibre Channel transceivers (MDS)	(none)	MDS Fibre Channel SFP / X2 / CWDM	sku ^DS-(SFP|X2)							
DS-SFP-FC4G-SW	4 Gbps Fibre Channel-SW SFP, LC connector, (Fibre Channel support only on last 16 ports (highlighted ) of Cisco Nexus 5672UP and UP GEM module on 56128P)	5100 Blade Series	pluggable	layered	Fibre Channel transceivers (MDS)	(none)	MDS Fibre Channel SFP / X2 / CWDM	sku ^DS-(SFP|X2)							
DS-SFP-FC4G-SW-4=	Cisco MDS 9000 Family 1/2/4-Gbps Fibre Channel-Shortwave, SFP+, LC, 4 pack, Spare	MDS 9500 Series Multilayer Directors	pluggable	layered	Fibre Channel transceivers (MDS)	(none)	MDS Fibre Channel SFP / X2 / CWDM	sku ^DS-(SFP|X2)							
DS-SFP-FC4G-SW=	Cisco MDS 9000 Family 1/2/4-Gbps Fibre Channel-Shortwave, SFP, LC, spare (Supported only with 1/2/4-Gbps FC ports)	MDS 9000 Series Multilayer	pluggable	layered	Fibre Channel transceivers (MDS)	(none)	MDS Fibre Channel SFP / X2 / CWDM	sku ^DS-(SFP|X2)							
DS-SFP-FC64G-LW	Cisco DS-SFP-FC64G-LW	MDS 9500 Series Multilayer Directors	pluggable	layered	Fibre Channel transceivers (MDS)	(none)	MDS Fibre Channel SFP / X2 / CWDM	sku ^DS-(SFP|X2)							
DS-SFP-FC64G-LW=	64 Gbps Fibre Channel LW SFP+, LC, spare	MDS 9500 Series Multilayer Directors	pluggable	layered	Fibre Channel transceivers (MDS)	(none)	MDS Fibre Channel SFP / X2 / CWDM	sku ^DS-(SFP|X2)							
DS-SFP-FC64G-SW	64 Gbps Fibre Channel SW SFP+, LC	Storage Networking Modules	pluggable	layered	Fibre Channel transceivers (MDS)	(none)	MDS Fibre Channel SFP / X2 / CWDM	sku ^DS-(SFP|X2)							
DS-SFP-FC64G-SW=	64 Gbps Fibre Channel SW SFP+, LC, Spare	MDS 9300 Series Multilayer Fabric	pluggable	layered	Fibre Channel transceivers (MDS)	(none)	MDS Fibre Channel SFP / X2 / CWDM	sku ^DS-(SFP|X2)							
DS-SFP-FC8G-ER	Cisco MDS 9000 Family 2/4/8-Gbps Fibre Channel ER SFP, LC (10-km reach), spare (Supported only on FC ports)	Storage Networking Modules	pluggable	layered	Fibre Channel transceivers (MDS)	(none)	MDS Fibre Channel SFP / X2 / CWDM	sku ^DS-(SFP|X2)							
DS-SFP-FC8G-ER=	Cisco MDS 9000 Family 2/4/8-Gbps Fibre Channel ER SFP, LC (10-km reach), spare (Supported only on FC ports)	Storage Networking Modules	pluggable	layered	Fibre Channel transceivers (MDS)	(none)	MDS Fibre Channel SFP / X2 / CWDM	sku ^DS-(SFP|X2)							
DS-SFP-FC8G-LW	8 Gbps Fibre Channel LW SFP+, LC connector, (Fibre Channel support only on last 24 ports (highlighted in Orange on the chassis for easy identification ) of the Cisco Nexus 5672UP-16G, on last 16 ports (highlighted ) of Cisco Nexus 5672UP and UP GEM module on 56128P)	Storage Networking Modules	pluggable	layered	Fibre Channel transceivers (MDS)	(none)	MDS Fibre Channel SFP / X2 / CWDM	sku ^DS-(SFP|X2)							
DS-SFP-FC8G-LW=	Cisco MDS 9000 Family 2/4/8-Gbps Fibre Channel-Longwave, SFP+, LC (10-km reach), Spare (Supported only with 1/2/4/8-Gbps FC ports)	Storage Networking Modules	pluggable	layered	Fibre Channel transceivers (MDS)	(none)	MDS Fibre Channel SFP / X2 / CWDM	sku ^DS-(SFP|X2)							
DS-SFP-FC8G-SW	8 Gbps Fibre Channel SW SFP+, LC connector (Fibre Channel support only on last 24 ports (highlighted ) of the Cisco Nexus 5672UP-16G, on last 16 ports (highlighted ) of Cisco Nexus 5672UP and UP GEM module on 56128P)	Storage Networking Modules	pluggable	layered	Fibre Channel transceivers (MDS)	(none)	MDS Fibre Channel SFP / X2 / CWDM	sku ^DS-(SFP|X2)							
DS-SFP-FC8G-SW-4=	Cisco MDS 9000 Family 2/4/8-Gbps Fibre Channel-Shortwave, SFP+, LC, 4 pack, Spare	MDS 9500 Series Multilayer Directors	pluggable	layered	Fibre Channel transceivers (MDS)	(none)	MDS Fibre Channel SFP / X2 / CWDM	sku ^DS-(SFP|X2)							
DS-SFP-FC8G-SW=	Cisco MDS 9000 Family 2/4/8-Gbps Fibre Channel-Shortwave, SFP+, LC, Spare (Supported only with 1/2/4/8-Gbps FC ports)	Storage Networking Modules	pluggable	layered	Fibre Channel transceivers (MDS)	(none)	MDS Fibre Channel SFP / X2 / CWDM	sku ^DS-(SFP|X2)							
DS-SFP-FCGE-LW	Cisco MDS 9000 Family 1-Gbps Ethernet, 1/2-Gbps Fibre Channel-Longwave, SFP, LC (Supported only with 1/2-Gbps FC ports and IP Services ports)	Cisco	pluggable	layered	Fibre Channel transceivers (MDS)	(none)	MDS Fibre Channel SFP / X2 / CWDM	sku ^DS-(SFP|X2)							
DS-SFP-FCGE-LW=	Cisco MDS 9000 Family 1-Gbps Ethernet, 1/2-Gbps Fibre Channel-Longwave, SFP, LC, spare (Supported only with 1/2-Gbps FC ports and IP Services ports)	MDS 9000 Series Multilayer	pluggable	layered	Fibre Channel transceivers (MDS)	(none)	MDS Fibre Channel SFP / X2 / CWDM	sku ^DS-(SFP|X2)							
DS-SFP-FCGE-SW	Cisco MDS 9000 Family 1-Gbps Ethernet, 1/2-Gbps Fibre Channel-Shortwave, SFP, LC (Supported only with 1/2-Gbps FC ports and IP Services ports)	Cisco	pluggable	layered	Fibre Channel transceivers (MDS)	(none)	MDS Fibre Channel SFP / X2 / CWDM	sku ^DS-(SFP|X2)							
DS-SFP-FCGE-SW=	Cisco MDS 9000 Family 1-Gbps Ethernet, 1/2-Gbps Fibre Channel-Shortwave, SFP, LC, spare (Supported only with 1/2-Gbps FC ports and IP Services ports)	MDS 9000 Series Multilayer	pluggable	layered	Fibre Channel transceivers (MDS)	(none)	MDS Fibre Channel SFP / X2 / CWDM	sku ^DS-(SFP|X2)							
DS-SFP-GE-T	Gigabit Ethernet Copper SFP, RJ-45 (Supported only with Gigabit Ethernet ports)	Cisco	pluggable	layered	Fibre Channel transceivers (MDS)	(none)	MDS Fibre Channel SFP / X2 / CWDM	sku ^DS-(SFP|X2)							
DS-SFP-GE-T=	Gigabit Ethernet Copper SFP, RJ-45, spare (Supported only with Gigabit Ethernet ports)	Storage Networking Modules	pluggable	layered	Fibre Channel transceivers (MDS)	(none)	MDS Fibre Channel SFP / X2 / CWDM	sku ^DS-(SFP|X2)							
DS-SFP-GET	Gigabit Ethernet Copper SFP, RJ45 (Supported only with IP Services ports)	MDS 9200 Series Multiservice	pluggable	layered	Fibre Channel transceivers (MDS)	(none)	MDS Fibre Channel SFP / X2 / CWDM	sku ^DS-(SFP|X2)							
DS-X2-E10G-ER	10 Gbps Ethernet-ER X2 (For DS-X9704)	Storage Networking Modules	pluggable	layered	Fibre Channel transceivers (MDS)	(none)	MDS Fibre Channel SFP / X2 / CWDM	sku ^DS-(SFP|X2)							
DS-X2-E10G-ER=	10 Gbps Ethernet-ER X2 (For DS-X9704)	Storage Networking Modules	pluggable	layered	Fibre Channel transceivers (MDS)	(none)	MDS Fibre Channel SFP / X2 / CWDM	sku ^DS-(SFP|X2)							
DS-X2-E10G-LR	10 Gbps Ethernet-LR X2 (For DS-X9704)	Storage Networking Modules	pluggable	layered	Fibre Channel transceivers (MDS)	(none)	MDS Fibre Channel SFP / X2 / CWDM	sku ^DS-(SFP|X2)							
DS-X2-E10G-LR=	10 Gbps Ethernet-LR X2 (For DS-X9704)	Storage Networking Modules	pluggable	layered	Fibre Channel transceivers (MDS)	(none)	MDS Fibre Channel SFP / X2 / CWDM	sku ^DS-(SFP|X2)							
DS-X2-E10G-SR	10 Gbps Ethernet-SR X2 (For DS-X9704)	Storage Networking Modules	pluggable	layered	Fibre Channel transceivers (MDS)	(none)	MDS Fibre Channel SFP / X2 / CWDM	sku ^DS-(SFP|X2)							
DS-X2-E10G-SR=	10-Gbps Ethernet-SR X2, spare (Supported only with 10-Gbps FC ports)	MDS 9500 Series Multilayer Directors	pluggable	layered	Fibre Channel transceivers (MDS)	(none)	MDS Fibre Channel SFP / X2 / CWDM	sku ^DS-(SFP|X2)							
DS-X2-E10G-ZR	10 Gbps Ethernet-ZR X2 (For DS-X9704)	Storage Networking Modules	pluggable	layered	Fibre Channel transceivers (MDS)	(none)	MDS Fibre Channel SFP / X2 / CWDM	sku ^DS-(SFP|X2)							
DS-X2-E10G-ZR=	10 Gbps Ethernet-ZR X2 (For DS-X9704)	Storage Networking Modules	pluggable	layered	Fibre Channel transceivers (MDS)	(none)	MDS Fibre Channel SFP / X2 / CWDM	sku ^DS-(SFP|X2)							
DS-X2-FC10G-CX4	Cisco MDS 9000 Family 10-Gbps Fibre Channel-Copper CX4 X2 transceiver	MDS 9000 Series Multilayer	pluggable	layered	Fibre Channel transceivers (MDS)	(none)	MDS Fibre Channel SFP / X2 / CWDM	sku ^DS-(SFP|X2)							
DS-X2-FC10G-CX4=	Cisco MDS 9000 Family 10-Gbps Fibre Channel - Copper CX4 X2 transceiver, spare	MDS 9000 Series Multilayer	pluggable	layered	Fibre Channel transceivers (MDS)	(none)	MDS Fibre Channel SFP / X2 / CWDM	sku ^DS-(SFP|X2)							
DS-X2-FC10G-ER	10-Gbps Fibre Channel-ER X2, SC (Supported only with 10-Gbps FC ports)	MDS 9500 Series Multilayer Directors	pluggable	layered	Fibre Channel transceivers (MDS)	(none)	MDS Fibre Channel SFP / X2 / CWDM	sku ^DS-(SFP|X2)							
DS-X2-FC10G-ER=	10-Gbps Fibre Channel-ER X2, spare (Supported only with 10-Gbps FC ports)	MDS 9500 Series Multilayer Directors	pluggable	layered	Fibre Channel transceivers (MDS)	(none)	MDS Fibre Channel SFP / X2 / CWDM	sku ^DS-(SFP|X2)							
DS-X2-FC10G-LR	10-Gbps Fibre Channel: Longreach X2, SC (Supported only with 10-Gbps FC ports)	MDS 9000 Series Multilayer	pluggable	layered	Fibre Channel transceivers (MDS)	(none)	MDS Fibre Channel SFP / X2 / CWDM	sku ^DS-(SFP|X2)							
DS-X2-FC10G-LR=	10-Gbps Fibre Channel: Longreach X2, SC, Spare (Supported only with 10-Gbps FC ports)	MDS 9000 Series Multilayer	pluggable	layered	Fibre Channel transceivers (MDS)	(none)	MDS Fibre Channel SFP / X2 / CWDM	sku ^DS-(SFP|X2)							
DS-X2-FC10G-SR	10-Gbps Fibre Channel: Shortreach X2, SC (Supported only with 10-Gbps FC ports)	MDS 9000 Series Multilayer	pluggable	layered	Fibre Channel transceivers (MDS)	(none)	MDS Fibre Channel SFP / X2 / CWDM	sku ^DS-(SFP|X2)							
DS-X2-FC10G-SR=	10-Gbps Fibre Channel: Shortreach X2, SC, Spare (Supported only with 10-Gbps FC ports)	MDS 9000 Series Multilayer	pluggable	layered	Fibre Channel transceivers (MDS)	(none)	MDS Fibre Channel SFP / X2 / CWDM	sku ^DS-(SFP|X2)							
DS-X2-FC10G-SW	10 Gbps Fibre Channel-SW X2	Storage Networking Modules	pluggable	layered	Fibre Channel transceivers (MDS)	(none)	MDS Fibre Channel SFP / X2 / CWDM	sku ^DS-(SFP|X2)							
DS-X2-FC10G-SW=	10 Gbps Fibre Channel-SW X2, Spare	Storage Networking Modules	pluggable	layered	Fibre Channel transceivers (MDS)	(none)	MDS Fibre Channel SFP / X2 / CWDM	sku ^DS-(SFP|X2)							
DS-X2-FC10G-ZR	10 Gbps Fibre Channel-ZR X2	Storage Networking Modules	pluggable	layered	Fibre Channel transceivers (MDS)	(none)	MDS Fibre Channel SFP / X2 / CWDM	sku ^DS-(SFP|X2)							
DS-X2-FC10G-ZR=	10 Gbps Fibre Channel-ZR X2	Storage Networking Modules	pluggable	layered	Fibre Channel transceivers (MDS)	(none)	MDS Fibre Channel SFP / X2 / CWDM	sku ^DS-(SFP|X2)							
DWDM-GBIC-30.33	Cisco DWDM-GBIC-30.33 1000BASE-DWDM GBIC — ITU-Kanal 1530,33 nm, Singlemode, 80 km	Cisco	pluggable	layered	Ethernet transceivers	(none)	GBIC (legacy)	sku ^(DWDM|CWDM|15216)-GBIC-							
DWDM-GBIC-31.12	Cisco DWDM-GBIC-31.12 1000BASE-DWDM GBIC — ITU-Kanal 1531,12 nm, Singlemode, 80 km	Cisco	pluggable	layered	Ethernet transceivers	(none)	GBIC (legacy)	sku ^(DWDM|CWDM|15216)-GBIC-							
DWDM-GBIC-31.90	Cisco DWDM-GBIC-31.90 1000BASE-DWDM GBIC — ITU-Kanal 1531,90 nm, Singlemode, 80 km	Cisco	pluggable	layered	Ethernet transceivers	(none)	GBIC (legacy)	sku ^(DWDM|CWDM|15216)-GBIC-							
DWDM-GBIC-32.68	Cisco DWDM-GBIC-32.68 1000BASE-DWDM GBIC — ITU-Kanal 1532,68 nm, Singlemode, 80 km	Cisco	pluggable	layered	Ethernet transceivers	(none)	GBIC (legacy)	sku ^(DWDM|CWDM|15216)-GBIC-							
DWDM-GBIC-34.25	Cisco DWDM-GBIC-34.25 1000BASE-DWDM GBIC — ITU-Kanal 1534,25 nm, Singlemode, 80 km	Cisco	pluggable	layered	Ethernet transceivers	(none)	GBIC (legacy)	sku ^(DWDM|CWDM|15216)-GBIC-							
DWDM-GBIC-35.04	Cisco DWDM-GBIC-35.04 1000BASE-DWDM GBIC — ITU-Kanal 1535,04 nm, Singlemode, 80 km	Cisco	pluggable	layered	Ethernet transceivers	(none)	GBIC (legacy)	sku ^(DWDM|CWDM|15216)-GBIC-							
DWDM-GBIC-35.82	Cisco DWDM-GBIC-35.82 1000BASE-DWDM GBIC — ITU-Kanal 1535,82 nm, Singlemode, 80 km	Cisco	pluggable	layered	Ethernet transceivers	(none)	GBIC (legacy)	sku ^(DWDM|CWDM|15216)-GBIC-							
DWDM-GBIC-36.61	Cisco DWDM-GBIC-36.61 1000BASE-DWDM GBIC — ITU-Kanal 1536,61 nm, Singlemode, 80 km	Cisco	pluggable	layered	Ethernet transceivers	(none)	GBIC (legacy)	sku ^(DWDM|CWDM|15216)-GBIC-							
DWDM-GBIC-38.19	Cisco DWDM-GBIC-38.19 1000BASE-DWDM GBIC — ITU-Kanal 1538,19 nm, Singlemode, 80 km	Cisco	pluggable	layered	Ethernet transceivers	(none)	GBIC (legacy)	sku ^(DWDM|CWDM|15216)-GBIC-							
DWDM-GBIC-38.98	Cisco DWDM-GBIC-38.98 1000BASE-DWDM GBIC — ITU-Kanal 1538,98 nm, Singlemode, 80 km	Cisco	pluggable	layered	Ethernet transceivers	(none)	GBIC (legacy)	sku ^(DWDM|CWDM|15216)-GBIC-							
DWDM-GBIC-39.77	Cisco DWDM-GBIC-39.77 1000BASE-DWDM GBIC — ITU-Kanal 1539,77 nm, Singlemode, 80 km	Cisco	pluggable	layered	Ethernet transceivers	(none)	GBIC (legacy)	sku ^(DWDM|CWDM|15216)-GBIC-							
DWDM-GBIC-40.56	Cisco DWDM-GBIC-40.56 1000BASE-DWDM GBIC — ITU-Kanal 1540,56 nm, Singlemode, 80 km	Cisco	pluggable	layered	Ethernet transceivers	(none)	GBIC (legacy)	sku ^(DWDM|CWDM|15216)-GBIC-							
DWDM-GBIC-42.14	Cisco DWDM-GBIC-42.14 1000BASE-DWDM GBIC — ITU-Kanal 1542,14 nm, Singlemode, 80 km	Cisco	pluggable	layered	Ethernet transceivers	(none)	GBIC (legacy)	sku ^(DWDM|CWDM|15216)-GBIC-							
DWDM-GBIC-42.94	Cisco DWDM-GBIC-42.94 1000BASE-DWDM GBIC — ITU-Kanal 1542,94 nm, Singlemode, 80 km	Cisco	pluggable	layered	Ethernet transceivers	(none)	GBIC (legacy)	sku ^(DWDM|CWDM|15216)-GBIC-							
DWDM-GBIC-43.73	Cisco DWDM-GBIC-43.73 1000BASE-DWDM GBIC — ITU-Kanal 1543,73 nm, Singlemode, 80 km	Cisco	pluggable	layered	Ethernet transceivers	(none)	GBIC (legacy)	sku ^(DWDM|CWDM|15216)-GBIC-							
DWDM-GBIC-44.53	Cisco DWDM-GBIC-44.53 1000BASE-DWDM GBIC — ITU-Kanal 1544,53 nm, Singlemode, 80 km	Cisco	pluggable	layered	Ethernet transceivers	(none)	GBIC (legacy)	sku ^(DWDM|CWDM|15216)-GBIC-							
DWDM-GBIC-46.12	Cisco DWDM-GBIC-46.12 1000BASE-DWDM GBIC — ITU-Kanal 1546,12 nm, Singlemode, 80 km	Cisco	pluggable	layered	Ethernet transceivers	(none)	GBIC (legacy)	sku ^(DWDM|CWDM|15216)-GBIC-							
DWDM-GBIC-46.92	Cisco DWDM-GBIC-46.92 1000BASE-DWDM GBIC — ITU-Kanal 1546,92 nm, Singlemode, 80 km	Cisco	pluggable	layered	Ethernet transceivers	(none)	GBIC (legacy)	sku ^(DWDM|CWDM|15216)-GBIC-							
DWDM-GBIC-47.72	Cisco DWDM-GBIC-47.72 1000BASE-DWDM GBIC — ITU-Kanal 1547,72 nm, Singlemode, 80 km	Cisco	pluggable	layered	Ethernet transceivers	(none)	GBIC (legacy)	sku ^(DWDM|CWDM|15216)-GBIC-							
DWDM-GBIC-48.51	Cisco DWDM-GBIC-48.51 1000BASE-DWDM GBIC — ITU-Kanal 1548,51 nm, Singlemode, 80 km	Cisco	pluggable	layered	Ethernet transceivers	(none)	GBIC (legacy)	sku ^(DWDM|CWDM|15216)-GBIC-							
DWDM-GBIC-50.12	Cisco DWDM-GBIC-50.12 1000BASE-DWDM GBIC — ITU-Kanal 1550,12 nm, Singlemode, 80 km	Cisco	pluggable	layered	Ethernet transceivers	(none)	GBIC (legacy)	sku ^(DWDM|CWDM|15216)-GBIC-							
DWDM-GBIC-50.92	Cisco DWDM-GBIC-50.92 1000BASE-DWDM GBIC — ITU-Kanal 1550,92 nm, Singlemode, 80 km	Cisco	pluggable	layered	Ethernet transceivers	(none)	GBIC (legacy)	sku ^(DWDM|CWDM|15216)-GBIC-							
DWDM-GBIC-51.72	Cisco DWDM-GBIC-51.72 1000BASE-DWDM GBIC — ITU-Kanal 1551,72 nm, Singlemode, 80 km	Cisco	pluggable	layered	Ethernet transceivers	(none)	GBIC (legacy)	sku ^(DWDM|CWDM|15216)-GBIC-							
DWDM-GBIC-52.52	Cisco DWDM-GBIC-52.52 1000BASE-DWDM GBIC — ITU-Kanal 1552,52 nm, Singlemode, 80 km	Cisco	pluggable	layered	Ethernet transceivers	(none)	GBIC (legacy)	sku ^(DWDM|CWDM|15216)-GBIC-							
DWDM-GBIC-54.13	Cisco DWDM-GBIC-54.13 1000BASE-DWDM GBIC — ITU-Kanal 1554,13 nm, Singlemode, 80 km	Cisco	pluggable	layered	Ethernet transceivers	(none)	GBIC (legacy)	sku ^(DWDM|CWDM|15216)-GBIC-							
DWDM-GBIC-54.94	Cisco DWDM-GBIC-54.94 1000BASE-DWDM GBIC — ITU-Kanal 1554,94 nm, Singlemode, 80 km	Cisco	pluggable	layered	Ethernet transceivers	(none)	GBIC (legacy)	sku ^(DWDM|CWDM|15216)-GBIC-							
DWDM-GBIC-55.75	Cisco DWDM-GBIC-55.75 1000BASE-DWDM GBIC — ITU-Kanal 1555,75 nm, Singlemode, 80 km	Cisco	pluggable	layered	Ethernet transceivers	(none)	GBIC (legacy)	sku ^(DWDM|CWDM|15216)-GBIC-							
DWDM-GBIC-56.55	Cisco DWDM-GBIC-56.55 1000BASE-DWDM GBIC — ITU-Kanal 1556,55 nm, Singlemode, 80 km	Cisco	pluggable	layered	Ethernet transceivers	(none)	GBIC (legacy)	sku ^(DWDM|CWDM|15216)-GBIC-							
DWDM-GBIC-58.17	Cisco DWDM-GBIC-58.17 1000BASE-DWDM GBIC — ITU-Kanal 1558,17 nm, Singlemode, 80 km	Cisco	pluggable	layered	Ethernet transceivers	(none)	GBIC (legacy)	sku ^(DWDM|CWDM|15216)-GBIC-							
DWDM-GBIC-58.98	Cisco DWDM-GBIC-58.98 1000BASE-DWDM GBIC — ITU-Kanal 1558,98 nm, Singlemode, 80 km	Cisco	pluggable	layered	Ethernet transceivers	(none)	GBIC (legacy)	sku ^(DWDM|CWDM|15216)-GBIC-							
DWDM-GBIC-59.79	Cisco DWDM-GBIC-59.79 1000BASE-DWDM GBIC — ITU-Kanal 1559,79 nm, Singlemode, 80 km	Cisco	pluggable	layered	Ethernet transceivers	(none)	GBIC (legacy)	sku ^(DWDM|CWDM|15216)-GBIC-							
DWDM-GBIC-60.61	Cisco DWDM-GBIC-60.61 1000BASE-DWDM GBIC — ITU-Kanal 1560,61 nm, Singlemode, 80 km	Cisco	pluggable	layered	Ethernet transceivers	(none)	GBIC (legacy)	sku ^(DWDM|CWDM|15216)-GBIC-							
DWDM-SFP	Cisco DWDM-SFP	Catalyst 8200	pluggable	pending_plan								class non_product			
DWDM-SFP+	Cisco DWDM-SFP+	ASR 901	pluggable	pending_plan								class non_product			
DWDM-SFP-1xxx=	Cisco DWDM-SFP-1xxx=	Nexus 7000	pluggable	pending_plan								class non_product			
DWDM-SFP-3033	Cisco 1530.33 NM DWDM Gigabit Ethernet and 1/2-Gbps Fibre Channel SFP	Cisco	pluggable	layered	WDM transceivers	(none)	DWDM SFP / SFP+ / XFP / X2 / XENPAK	sku ^DWDM-(?!GBIC)							
DWDM-SFP-3033=	Cisco 1530.33 NM DWDM Gigabit Ethernet and 1/2-Gbps Fibre Channel SFP, Spare	Catalyst IE3400 Rugged Series	pluggable	layered	WDM transceivers	(none)	DWDM SFP / SFP+ / XFP / X2 / XENPAK	sku ^DWDM-(?!GBIC)							
DWDM-SFP-3112	Cisco 1531.12 NM DWDM Gigabit Ethernet and 1/2-Gbps Fibre Channel SFP	Cisco	pluggable	layered	WDM transceivers	(none)	DWDM SFP / SFP+ / XFP / X2 / XENPAK	sku ^DWDM-(?!GBIC)							
DWDM-SFP-3112=	Cisco 1531.12 NM DWDM Gigabit Ethernet and 1/2-Gbps Fibre Channel SFP, Spare	Catalyst IE3400 Rugged Series	pluggable	layered	WDM transceivers	(none)	DWDM SFP / SFP+ / XFP / X2 / XENPAK	sku ^DWDM-(?!GBIC)							
DWDM-SFP-3190	Cisco 1531.90 NM DWDM Gigabit Ethernet and 1/2-Gbps Fibre Channel SFP	Cisco	pluggable	layered	WDM transceivers	(none)	DWDM SFP / SFP+ / XFP / X2 / XENPAK	sku ^DWDM-(?!GBIC)							
DWDM-SFP-3190=	Cisco 1531.90 NM DWDM Gigabit Ethernet and 1/2-Gbps Fibre Channel SFP, Spare	MDS 9500 Series Multilayer Directors	pluggable	layered	WDM transceivers	(none)	DWDM SFP / SFP+ / XFP / X2 / XENPAK	sku ^DWDM-(?!GBIC)							
DWDM-SFP-3268	Cisco 1532.68 NM DWDM Gigabit Ethernet and 1/2-Gbps Fibre Channel SFP	Cisco	pluggable	layered	WDM transceivers	(none)	DWDM SFP / SFP+ / XFP / X2 / XENPAK	sku ^DWDM-(?!GBIC)							
DWDM-SFP-3268=	Cisco 1532.68 NM DWDM Gigabit Ethernet and 1/2-Gbps Fibre Channel SFP, Spare	MDS 9500 Series Multilayer Directors	pluggable	layered	WDM transceivers	(none)	DWDM SFP / SFP+ / XFP / X2 / XENPAK	sku ^DWDM-(?!GBIC)							
DWDM-SFP-3346=	1000BASE-DWDM 1533.47 nm SFP (100-GHz ITU grid)	Transceiver Modules	pluggable	layered	WDM transceivers	(none)	DWDM SFP / SFP+ / XFP / X2 / XENPAK	sku ^DWDM-(?!GBIC)							
DWDM-SFP-3425	Cisco DWDM-SFP-3425	1000	pluggable	layered	WDM transceivers	(none)	DWDM SFP / SFP+ / XFP / X2 / XENPAK	sku ^DWDM-(?!GBIC)							
DWDM-SFP-3425=	Cisco 1534.25 NM DWDM Gigabit Ethernet and 1/2-Gbps Fibre Channel SFP, Spare	MDS 9500 Series Multilayer Directors	pluggable	layered	WDM transceivers	(none)	DWDM SFP / SFP+ / XFP / X2 / XENPAK	sku ^DWDM-(?!GBIC)							
DWDM-SFP-3504	Cisco DWDM-SFP-3504	1000	pluggable	layered	WDM transceivers	(none)	DWDM SFP / SFP+ / XFP / X2 / XENPAK	sku ^DWDM-(?!GBIC)							
DWDM-SFP-3504=	Cisco 1535.04 NM DWDM Gigabit Ethernet and 1/2-Gbps Fibre Channel SFP, Spare	MDS 9500 Series Multilayer Directors	pluggable	layered	WDM transceivers	(none)	DWDM SFP / SFP+ / XFP / X2 / XENPAK	sku ^DWDM-(?!GBIC)							
DWDM-SFP-3582	Cisco DWDM-SFP-3582	1000	pluggable	layered	WDM transceivers	(none)	DWDM SFP / SFP+ / XFP / X2 / XENPAK	sku ^DWDM-(?!GBIC)							
DWDM-SFP-3582=	Cisco 1535.82 NM DWDM Gigabit Ethernet and 1/2-Gbps Fibre Channel SFP, Spare	MDS 9500 Series Multilayer Directors	pluggable	layered	WDM transceivers	(none)	DWDM SFP / SFP+ / XFP / X2 / XENPAK	sku ^DWDM-(?!GBIC)							
DWDM-SFP-3661	Cisco DWDM-SFP-3661	1000	pluggable	layered	WDM transceivers	(none)	DWDM SFP / SFP+ / XFP / X2 / XENPAK	sku ^DWDM-(?!GBIC)							
DWDM-SFP-3661=	Cisco 1536.61 NM DWDM Gigabit Ethernet and 1/2-Gbps Fibre Channel SFP, Spare	MDS 9500 Series Multilayer Directors	pluggable	layered	WDM transceivers	(none)	DWDM SFP / SFP+ / XFP / X2 / XENPAK	sku ^DWDM-(?!GBIC)							
DWDM-SFP-3739=	1000BASE-DWDM 1537.40 nm SFP (100-GHz ITU grid)	Transceiver Modules	pluggable	layered	WDM transceivers	(none)	DWDM SFP / SFP+ / XFP / X2 / XENPAK	sku ^DWDM-(?!GBIC)							
DWDM-SFP-3819	Cisco DWDM-SFP-3819	1000	pluggable	layered	WDM transceivers	(none)	DWDM SFP / SFP+ / XFP / X2 / XENPAK	sku ^DWDM-(?!GBIC)							
DWDM-SFP-3819=	Cisco 1538.19 NM DWDM Gigabit Ethernet and 1/2-Gbps Fibre Channel SFP, Spare	MDS 9500 Series Multilayer Directors	pluggable	layered	WDM transceivers	(none)	DWDM SFP / SFP+ / XFP / X2 / XENPAK	sku ^DWDM-(?!GBIC)							
DWDM-SFP-3898	Cisco DWDM-SFP-3898	1000	pluggable	layered	WDM transceivers	(none)	DWDM SFP / SFP+ / XFP / X2 / XENPAK	sku ^DWDM-(?!GBIC)							
DWDM-SFP-3898=	Cisco 1538.98 NM DWDM Gigabit Ethernet and 1/2-Gbps Fibre Channel SFP, Spare	MDS 9500 Series Multilayer Directors	pluggable	layered	WDM transceivers	(none)	DWDM SFP / SFP+ / XFP / X2 / XENPAK	sku ^DWDM-(?!GBIC)							
DWDM-SFP-3977	Cisco DWDM-SFP-3977	1000	pluggable	layered	WDM transceivers	(none)	DWDM SFP / SFP+ / XFP / X2 / XENPAK	sku ^DWDM-(?!GBIC)							
DWDM-SFP-3977=	Cisco 1539.77 NM DWDM Gigabit Ethernet and 1/2-Gbps Fibre Channel SFP, Spare	MDS 9500 Series Multilayer Directors	pluggable	layered	WDM transceivers	(none)	DWDM SFP / SFP+ / XFP / X2 / XENPAK	sku ^DWDM-(?!GBIC)							
DWDM-SFP-4056	Cisco DWDM-SFP-4056	1000	pluggable	layered	WDM transceivers	(none)	DWDM SFP / SFP+ / XFP / X2 / XENPAK	sku ^DWDM-(?!GBIC)							
DWDM-SFP-4056=	Cisco 1540.56 NM DWDM Gigabit Ethernet and 1/2-Gbps Fibre Channel SFP, Spare	MDS 9500 Series Multilayer Directors	pluggable	layered	WDM transceivers	(none)	DWDM SFP / SFP+ / XFP / X2 / XENPAK	sku ^DWDM-(?!GBIC)							
DWDM-SFP-4134=	1000BASE-DWDM 1541.35 nm SFP (100-GHz ITU grid)	Transceiver Modules	pluggable	layered	WDM transceivers	(none)	DWDM SFP / SFP+ / XFP / X2 / XENPAK	sku ^DWDM-(?!GBIC)							
DWDM-SFP-4214	Cisco DWDM-SFP-4214	1000	pluggable	layered	WDM transceivers	(none)	DWDM SFP / SFP+ / XFP / X2 / XENPAK	sku ^DWDM-(?!GBIC)							
DWDM-SFP-4214=	Cisco 1542.14 NM DWDM Gigabit Ethernet and 1/2-Gbps Fibre Channel SFP, Spare	MDS 9500 Series Multilayer Directors	pluggable	layered	WDM transceivers	(none)	DWDM SFP / SFP+ / XFP / X2 / XENPAK	sku ^DWDM-(?!GBIC)							
DWDM-SFP-4294	Cisco DWDM-SFP-4294	1000	pluggable	layered	WDM transceivers	(none)	DWDM SFP / SFP+ / XFP / X2 / XENPAK	sku ^DWDM-(?!GBIC)							
DWDM-SFP-4294=	Cisco 1542.94 NM DWDM Gigabit Ethernet and 1/2-Gbps Fibre Channel SFP, Spare	MDS 9500 Series Multilayer Directors	pluggable	layered	WDM transceivers	(none)	DWDM SFP / SFP+ / XFP / X2 / XENPAK	sku ^DWDM-(?!GBIC)							
DWDM-SFP-4373	Cisco DWDM-SFP-4373	1000	pluggable	layered	WDM transceivers	(none)	DWDM SFP / SFP+ / XFP / X2 / XENPAK	sku ^DWDM-(?!GBIC)							
DWDM-SFP-4373=	Cisco 1543.73 NM DWDM Gigabit Ethernet and 1/2-Gbps Fibre Channel SFP, Spare	MDS 9500 Series Multilayer Directors	pluggable	layered	WDM transceivers	(none)	DWDM SFP / SFP+ / XFP / X2 / XENPAK	sku ^DWDM-(?!GBIC)							
DWDM-SFP-4453	Cisco DWDM-SFP-4453	1000	pluggable	layered	WDM transceivers	(none)	DWDM SFP / SFP+ / XFP / X2 / XENPAK	sku ^DWDM-(?!GBIC)							
DWDM-SFP-4453=	Cisco 1544.53 NM DWDM Gigabit Ethernet and 1/2-Gbps Fibre Channel SFP, Spare	MDS 9500 Series Multilayer Directors	pluggable	layered	WDM transceivers	(none)	DWDM SFP / SFP+ / XFP / X2 / XENPAK	sku ^DWDM-(?!GBIC)							
DWDM-SFP-4532=	1000BASE-DWDM 1545.32 nm SFP (100-GHz ITU grid)	Transceiver Modules	pluggable	layered	WDM transceivers	(none)	DWDM SFP / SFP+ / XFP / X2 / XENPAK	sku ^DWDM-(?!GBIC)							
DWDM-SFP-4612	Cisco DWDM-SFP-4612	1000	pluggable	layered	WDM transceivers	(none)	DWDM SFP / SFP+ / XFP / X2 / XENPAK	sku ^DWDM-(?!GBIC)							
DWDM-SFP-4612=	Cisco 1546.12 NM DWDM Gigabit Ethernet and 1/2-Gbps Fibre Channel SFP, Spare	MDS 9500 Series Multilayer Directors	pluggable	layered	WDM transceivers	(none)	DWDM SFP / SFP+ / XFP / X2 / XENPAK	sku ^DWDM-(?!GBIC)							
DWDM-SFP-4692	Cisco DWDM-SFP-4692	1000	pluggable	layered	WDM transceivers	(none)	DWDM SFP / SFP+ / XFP / X2 / XENPAK	sku ^DWDM-(?!GBIC)							
DWDM-SFP-4692=	Cisco 1546.92 NM DWDM Gigabit Ethernet and 1/2-Gbps Fibre Channel SFP, Spare	MDS 9500 Series Multilayer Directors	pluggable	layered	WDM transceivers	(none)	DWDM SFP / SFP+ / XFP / X2 / XENPAK	sku ^DWDM-(?!GBIC)							
DWDM-SFP-4772	Cisco DWDM-SFP-4772	1000	pluggable	layered	WDM transceivers	(none)	DWDM SFP / SFP+ / XFP / X2 / XENPAK	sku ^DWDM-(?!GBIC)							
DWDM-SFP-4772=	Cisco 1547.72 NM DWDM Gigabit Ethernet and 1/2-Gbps Fibre Channel SFP, Spare	MDS 9500 Series Multilayer Directors	pluggable	layered	WDM transceivers	(none)	DWDM SFP / SFP+ / XFP / X2 / XENPAK	sku ^DWDM-(?!GBIC)							
DWDM-SFP-4851	Cisco DWDM-SFP-4851	1000	pluggable	layered	WDM transceivers	(none)	DWDM SFP / SFP+ / XFP / X2 / XENPAK	sku ^DWDM-(?!GBIC)							
DWDM-SFP-4851=	Cisco 1548.51 NM DWDM Gigabit Ethernet and 1/2-Gbps Fibre Channel SFP, Spare	MDS 9500 Series Multilayer Directors	pluggable	layered	WDM transceivers	(none)	DWDM SFP / SFP+ / XFP / X2 / XENPAK	sku ^DWDM-(?!GBIC)							
DWDM-SFP-4931=	1000BASE-DWDM 1549.32 nm SFP (100-GHz ITU grid)	Transceiver Modules	pluggable	layered	WDM transceivers	(none)	DWDM SFP / SFP+ / XFP / X2 / XENPAK	sku ^DWDM-(?!GBIC)							
DWDM-SFP-5012	Cisco DWDM-SFP-5012	1000	pluggable	layered	WDM transceivers	(none)	DWDM SFP / SFP+ / XFP / X2 / XENPAK	sku ^DWDM-(?!GBIC)							
DWDM-SFP-5012=	Cisco 1550.12 NM DWDM Gigabit Ethernet and 1/2-Gbps Fibre Channel SFP, Spare	MDS 9500 Series Multilayer Directors	pluggable	layered	WDM transceivers	(none)	DWDM SFP / SFP+ / XFP / X2 / XENPAK	sku ^DWDM-(?!GBIC)							
DWDM-SFP-5092	Cisco DWDM-SFP-5092	1000	pluggable	layered	WDM transceivers	(none)	DWDM SFP / SFP+ / XFP / X2 / XENPAK	sku ^DWDM-(?!GBIC)							
DWDM-SFP-5092=	Cisco 1550.92 NM DWDM Gigabit Ethernet and 1/2-Gbps Fibre Channel SFP, Spare	MDS 9500 Series Multilayer Directors	pluggable	layered	WDM transceivers	(none)	DWDM SFP / SFP+ / XFP / X2 / XENPAK	sku ^DWDM-(?!GBIC)							
DWDM-SFP-5172	Cisco DWDM-SFP-5172	1000	pluggable	layered	WDM transceivers	(none)	DWDM SFP / SFP+ / XFP / X2 / XENPAK	sku ^DWDM-(?!GBIC)							
DWDM-SFP-5172=	Cisco 1551.72 NM DWDM Gigabit Ethernet and 1/2-Gbps Fibre Channel SFP, Spare	MDS 9500 Series Multilayer Directors	pluggable	layered	WDM transceivers	(none)	DWDM SFP / SFP+ / XFP / X2 / XENPAK	sku ^DWDM-(?!GBIC)							
DWDM-SFP-5252	Cisco DWDM-SFP-5252	1000	pluggable	layered	WDM transceivers	(none)	DWDM SFP / SFP+ / XFP / X2 / XENPAK	sku ^DWDM-(?!GBIC)							
DWDM-SFP-5252=	Cisco 1552.52 NM DWDM Gigabit Ethernet and 1/2-Gbps Fibre Channel SFP, Spare	MDS 9500 Series Multilayer Directors	pluggable	layered	WDM transceivers	(none)	DWDM SFP / SFP+ / XFP / X2 / XENPAK	sku ^DWDM-(?!GBIC)							
DWDM-SFP-5332=	1000BASE-DWDM 1553.33 nm SFP (100-GHz ITU grid)	Transceiver Modules	pluggable	layered	WDM transceivers	(none)	DWDM SFP / SFP+ / XFP / X2 / XENPAK	sku ^DWDM-(?!GBIC)							
DWDM-SFP-5413	Cisco DWDM-SFP-5413	1000	pluggable	layered	WDM transceivers	(none)	DWDM SFP / SFP+ / XFP / X2 / XENPAK	sku ^DWDM-(?!GBIC)							
DWDM-SFP-5413=	Cisco 1554.13 NM DWDM Gigabit Ethernet and 1/2-Gbps Fibre Channel SFP, Spare	MDS 9500 Series Multilayer Directors	pluggable	layered	WDM transceivers	(none)	DWDM SFP / SFP+ / XFP / X2 / XENPAK	sku ^DWDM-(?!GBIC)							
DWDM-SFP-5494	Cisco DWDM-SFP-5494	1000	pluggable	layered	WDM transceivers	(none)	DWDM SFP / SFP+ / XFP / X2 / XENPAK	sku ^DWDM-(?!GBIC)							
DWDM-SFP-5494=	Cisco 1554.94 NM DWDM Gigabit Ethernet and 1/2-Gbps Fibre Channel SFP, Spare	MDS 9500 Series Multilayer Directors	pluggable	layered	WDM transceivers	(none)	DWDM SFP / SFP+ / XFP / X2 / XENPAK	sku ^DWDM-(?!GBIC)							
DWDM-SFP-5575	Cisco DWDM-SFP-5575	1000	pluggable	layered	WDM transceivers	(none)	DWDM SFP / SFP+ / XFP / X2 / XENPAK	sku ^DWDM-(?!GBIC)							
DWDM-SFP-5575=	Cisco 1555.75 NM DWDM Gigabit Ethernet and 1/2-Gbps Fibre Channel SFP, Spare	MDS 9500 Series Multilayer Directors	pluggable	layered	WDM transceivers	(none)	DWDM SFP / SFP+ / XFP / X2 / XENPAK	sku ^DWDM-(?!GBIC)							
DWDM-SFP-5655	Cisco DWDM-SFP-5655	1000	pluggable	layered	WDM transceivers	(none)	DWDM SFP / SFP+ / XFP / X2 / XENPAK	sku ^DWDM-(?!GBIC)							
DWDM-SFP-5655=	Cisco 1556.55 NM DWDM Gigabit Ethernet and 1/2-Gbps Fibre Channel SFP, Spare	MDS 9500 Series Multilayer Directors	pluggable	layered	WDM transceivers	(none)	DWDM SFP / SFP+ / XFP / X2 / XENPAK	sku ^DWDM-(?!GBIC)							
DWDM-SFP-5736=	1000BASE-DWDM 1557.36 nm SFP (100-GHz ITU grid)	Transceiver Modules	pluggable	layered	WDM transceivers	(none)	DWDM SFP / SFP+ / XFP / X2 / XENPAK	sku ^DWDM-(?!GBIC)							
DWDM-SFP-5817	Cisco DWDM-SFP-5817	1000	pluggable	layered	WDM transceivers	(none)	DWDM SFP / SFP+ / XFP / X2 / XENPAK	sku ^DWDM-(?!GBIC)							
DWDM-SFP-5817=	Cisco 1558.17 NM DWDM Gigabit Ethernet and 1/2-Gbps Fibre Channel SFP, Spare	MDS 9500 Series Multilayer Directors	pluggable	layered	WDM transceivers	(none)	DWDM SFP / SFP+ / XFP / X2 / XENPAK	sku ^DWDM-(?!GBIC)							
DWDM-SFP-5898	Cisco DWDM-SFP-5898	1000	pluggable	layered	WDM transceivers	(none)	DWDM SFP / SFP+ / XFP / X2 / XENPAK	sku ^DWDM-(?!GBIC)							
DWDM-SFP-5898=	Cisco 1558.98 NM DWDM Gigabit Ethernet and 1/2-Gbps Fibre Channel SFP, Spare	MDS 9500 Series Multilayer Directors	pluggable	layered	WDM transceivers	(none)	DWDM SFP / SFP+ / XFP / X2 / XENPAK	sku ^DWDM-(?!GBIC)							
DWDM-SFP-5979	Cisco DWDM-SFP-5979	1000	pluggable	layered	WDM transceivers	(none)	DWDM SFP / SFP+ / XFP / X2 / XENPAK	sku ^DWDM-(?!GBIC)							
DWDM-SFP-5979=	Cisco 1559.79 NM DWDM Gigabit Ethernet and 1/2-Gbps Fibre Channel SFP, Spare	MDS 9500 Series Multilayer Directors	pluggable	layered	WDM transceivers	(none)	DWDM SFP / SFP+ / XFP / X2 / XENPAK	sku ^DWDM-(?!GBIC)							
DWDM-SFP-6061	Cisco DWDM-SFP-6061	1000	pluggable	layered	WDM transceivers	(none)	DWDM SFP / SFP+ / XFP / X2 / XENPAK	sku ^DWDM-(?!GBIC)							
DWDM-SFP-6061=	Cisco 1560.61 NM DWDM Gigabit Ethernet and 1/2-Gbps Fibre Channel SFP, Spare	MDS 9500 Series Multilayer Directors	pluggable	layered	WDM transceivers	(none)	DWDM SFP / SFP+ / XFP / X2 / XENPAK	sku ^DWDM-(?!GBIC)							
DWDM-SFP-6141	DWDM SFP 1561.42 nm SFP (100 GHz ITU grid)	Cisco	pluggable	layered	WDM transceivers	(none)	DWDM SFP / SFP+ / XFP / X2 / XENPAK	sku ^DWDM-(?!GBIC)							
DWDM-SFP-6141=	DWDM SFP 1561.42 nm SFP (100 GHz ITU grid)	Transceiver Modules	pluggable	layered	WDM transceivers	(none)	DWDM SFP / SFP+ / XFP / X2 / XENPAK	sku ^DWDM-(?!GBIC)							
DWDM-SFP10G	Cisco DWDM-SFP10G	Catalyst 8200	pluggable	layered	WDM transceivers	(none)	DWDM SFP / SFP+ / XFP / X2 / XENPAK	sku ^DWDM-(?!GBIC)							true
DWDM-SFP10G-30.33	10GBASE-DWDM 1530.33 nm SFP10G (100-GHz ITU grid)	Cisco	pluggable	layered	WDM transceivers	(none)	DWDM SFP / SFP+ / XFP / X2 / XENPAK	sku ^DWDM-(?!GBIC)							
DWDM-SFP10G-30.33=	10GBASE-DWDM 1530.33 nm SFP10G (100-GHz ITU grid)	Transceiver Modules	pluggable	layered	WDM transceivers	(none)	DWDM SFP / SFP+ / XFP / X2 / XENPAK	sku ^DWDM-(?!GBIC)							
DWDM-SFP10G-3033	Cisco DWDM-SFP10G-3033	Catalyst IE3300 Rugged Series	pluggable	layered	WDM transceivers	(none)	DWDM SFP / SFP+ / XFP / X2 / XENPAK	sku ^DWDM-(?!GBIC)							
DWDM-SFP10G-31.12	10GBASE-DWDM 1531.12 nm SFP+ (100-GHz ITU grid)	Cisco	pluggable	layered	WDM transceivers	(none)	DWDM SFP / SFP+ / XFP / X2 / XENPAK	sku ^DWDM-(?!GBIC)							
DWDM-SFP10G-31.12=	10GBASE-DWDM 1531.12 nm SFP+ (100-GHz ITU grid)	Transceiver Modules	pluggable	layered	WDM transceivers	(none)	DWDM SFP / SFP+ / XFP / X2 / XENPAK	sku ^DWDM-(?!GBIC)							
DWDM-SFP10G-31.90=	10GBASE-DWDM 1531.90 nm SFP+ (100-GHz ITU grid)	Transceiver Modules	pluggable	layered	WDM transceivers	(none)	DWDM SFP / SFP+ / XFP / X2 / XENPAK	sku ^DWDM-(?!GBIC)							
DWDM-SFP10G-32.68=	10GBASE-DWDM 1532.68 nm SFP+ (100-GHz ITU grid)	Transceiver Modules	pluggable	layered	WDM transceivers	(none)	DWDM SFP / SFP+ / XFP / X2 / XENPAK	sku ^DWDM-(?!GBIC)							
DWDM-SFP10G-33.47=	10GBASE-DWDM 1533.47 nm SFP+ (100-GHz ITU grid)	Transceiver Modules	pluggable	layered	WDM transceivers	(none)	DWDM SFP / SFP+ / XFP / X2 / XENPAK	sku ^DWDM-(?!GBIC)							
DWDM-SFP10G-34.25=	10GBASE-DWDM 1534.25 nm SFP10G (100-GHz ITU grid)	Transceiver Modules	pluggable	layered	WDM transceivers	(none)	DWDM SFP / SFP+ / XFP / X2 / XENPAK	sku ^DWDM-(?!GBIC)							
DWDM-SFP10G-35.04=	10GBASE-DWDM 1535.04 nm SFP+ (100-GHz ITU grid)	Transceiver Modules	pluggable	layered	WDM transceivers	(none)	DWDM SFP / SFP+ / XFP / X2 / XENPAK	sku ^DWDM-(?!GBIC)							
DWDM-SFP10G-35.82=	10GBASE-DWDM 1535.82 nm SFP+ (100-GHz ITU grid)	Transceiver Modules	pluggable	layered	WDM transceivers	(none)	DWDM SFP / SFP+ / XFP / X2 / XENPAK	sku ^DWDM-(?!GBIC)							
DWDM-SFP10G-36.61=	10GBASE-DWDM 1536.61 nm SFP+ (100-GHz ITU grid)	Transceiver Modules	pluggable	layered	WDM transceivers	(none)	DWDM SFP / SFP+ / XFP / X2 / XENPAK	sku ^DWDM-(?!GBIC)							
DWDM-SFP10G-37.40=	10GBASE-DWDM 1537.40 nm SFP+ (100-GHz ITU grid)	Transceiver Modules	pluggable	layered	WDM transceivers	(none)	DWDM SFP / SFP+ / XFP / X2 / XENPAK	sku ^DWDM-(?!GBIC)							
DWDM-SFP10G-38.19=	10GBASE-DWDM 1538.19 nm SFP10G (100-GHz ITU grid)	Network Convergence System 500	pluggable	layered	WDM transceivers	(none)	DWDM SFP / SFP+ / XFP / X2 / XENPAK	sku ^DWDM-(?!GBIC)							
DWDM-SFP10G-38.98=	10GBASE-DWDM 1538.98 nm SFP+ (100-GHz ITU grid)	Transceiver Modules	pluggable	layered	WDM transceivers	(none)	DWDM SFP / SFP+ / XFP / X2 / XENPAK	sku ^DWDM-(?!GBIC)							
DWDM-SFP10G-39.77=	10GBASE-DWDM 1539.77 nm SFP+ (100-GHz ITU grid)	Transceiver Modules	pluggable	layered	WDM transceivers	(none)	DWDM SFP / SFP+ / XFP / X2 / XENPAK	sku ^DWDM-(?!GBIC)							
DWDM-SFP10G-40.56=	10GBASE-DWDM 1540.56 nm SFP+ (100-GHz ITU grid)	Transceiver Modules	pluggable	layered	WDM transceivers	(none)	DWDM SFP / SFP+ / XFP / X2 / XENPAK	sku ^DWDM-(?!GBIC)							
DWDM-SFP10G-41.35=	10GBASE-DWDM 1541.35 nm SFP+ (100-GHz ITU grid)	Transceiver Modules	pluggable	layered	WDM transceivers	(none)	DWDM SFP / SFP+ / XFP / X2 / XENPAK	sku ^DWDM-(?!GBIC)							
DWDM-SFP10G-42.14=	10GBASE-DWDM 1542.14 nm SFP10G (100-GHz ITU grid)	Transceiver Modules	pluggable	layered	WDM transceivers	(none)	DWDM SFP / SFP+ / XFP / X2 / XENPAK	sku ^DWDM-(?!GBIC)							
DWDM-SFP10G-42.94=	10GBASE-DWDM 1542.94 nm SFP+ (100-GHz ITU grid)	Transceiver Modules	pluggable	layered	WDM transceivers	(none)	DWDM SFP / SFP+ / XFP / X2 / XENPAK	sku ^DWDM-(?!GBIC)							
DWDM-SFP10G-43.73=	10GBASE-DWDM 1543.73 nm SFP+ (100-GHz ITU grid)	Transceiver Modules	pluggable	layered	WDM transceivers	(none)	DWDM SFP / SFP+ / XFP / X2 / XENPAK	sku ^DWDM-(?!GBIC)							
DWDM-SFP10G-44.53=	10GBASE-DWDM 1544.53 nm SFP+ (100-GHz ITU grid)	Transceiver Modules	pluggable	layered	WDM transceivers	(none)	DWDM SFP / SFP+ / XFP / X2 / XENPAK	sku ^DWDM-(?!GBIC)							
DWDM-SFP10G-45.32=	10GBASE-DWDM 1545.32 nm SFP+ (100-GHz ITU grid)	Transceiver Modules	pluggable	layered	WDM transceivers	(none)	DWDM SFP / SFP+ / XFP / X2 / XENPAK	sku ^DWDM-(?!GBIC)							
DWDM-SFP10G-46.12=	10GBASE-DWDM 1546.12 nm SFP10G (100-GHz ITU grid)	Transceiver Modules	pluggable	layered	WDM transceivers	(none)	DWDM SFP / SFP+ / XFP / X2 / XENPAK	sku ^DWDM-(?!GBIC)							
DWDM-SFP10G-46.92=	10GBASE-DWDM 1546.92 nm SFP+ (100-GHz ITU grid)	Transceiver Modules	pluggable	layered	WDM transceivers	(none)	DWDM SFP / SFP+ / XFP / X2 / XENPAK	sku ^DWDM-(?!GBIC)							
DWDM-SFP10G-47.72=	10GBASE-DWDM 1547.72 nm SFP+ (100-GHz ITU grid)	Transceiver Modules	pluggable	layered	WDM transceivers	(none)	DWDM SFP / SFP+ / XFP / X2 / XENPAK	sku ^DWDM-(?!GBIC)							
DWDM-SFP10G-48.51=	10GBASE-DWDM 1548.51 nm SFP+ (100-GHz ITU grid)	Transceiver Modules	pluggable	layered	WDM transceivers	(none)	DWDM SFP / SFP+ / XFP / X2 / XENPAK	sku ^DWDM-(?!GBIC)							
DWDM-SFP10G-49.32=	10GBASE-DWDM 1549.32 nm SFP+ (100-GHz ITU grid)	Transceiver Modules	pluggable	layered	WDM transceivers	(none)	DWDM SFP / SFP+ / XFP / X2 / XENPAK	sku ^DWDM-(?!GBIC)							
DWDM-SFP10G-50.12=	10GBASE-DWDM 1550.12 nm SFP10G (100-GHz ITU grid)	Transceiver Modules	pluggable	layered	WDM transceivers	(none)	DWDM SFP / SFP+ / XFP / X2 / XENPAK	sku ^DWDM-(?!GBIC)							
DWDM-SFP10G-50.92=	10GBASE-DWDM 1550.92 nm SFP+ (100-GHz ITU grid)	Transceiver Modules	pluggable	layered	WDM transceivers	(none)	DWDM SFP / SFP+ / XFP / X2 / XENPAK	sku ^DWDM-(?!GBIC)							
DWDM-SFP10G-51.72=	10GBASE-DWDM 1551.72 nm SFP+ (100-GHz ITU grid)	Transceiver Modules	pluggable	layered	WDM transceivers	(none)	DWDM SFP / SFP+ / XFP / X2 / XENPAK	sku ^DWDM-(?!GBIC)							
DWDM-SFP10G-52.52=	10GBASE-DWDM 1552.52 nm SFP+ (100-GHz ITU grid)	Transceiver Modules	pluggable	layered	WDM transceivers	(none)	DWDM SFP / SFP+ / XFP / X2 / XENPAK	sku ^DWDM-(?!GBIC)							
DWDM-SFP10G-53.33=	10GBASE-DWDM 1553.33 nm SFP+ (100-GHz ITU grid)	Transceiver Modules	pluggable	layered	WDM transceivers	(none)	DWDM SFP / SFP+ / XFP / X2 / XENPAK	sku ^DWDM-(?!GBIC)							
DWDM-SFP10G-54.13=	10GBASE-DWDM 1554.13 nm SFP10G (100-GHz ITU grid)	Transceiver Modules	pluggable	layered	WDM transceivers	(none)	DWDM SFP / SFP+ / XFP / X2 / XENPAK	sku ^DWDM-(?!GBIC)							
DWDM-SFP10G-54.94=	10GBASE-DWDM 1554.94 nm SFP+ (100-GHz ITU grid)	Transceiver Modules	pluggable	layered	WDM transceivers	(none)	DWDM SFP / SFP+ / XFP / X2 / XENPAK	sku ^DWDM-(?!GBIC)							
DWDM-SFP10G-55.75=	10GBASE-DWDM 1555.75 nm SFP+ (100-GHz ITU grid)	Transceiver Modules	pluggable	layered	WDM transceivers	(none)	DWDM SFP / SFP+ / XFP / X2 / XENPAK	sku ^DWDM-(?!GBIC)							
DWDM-SFP10G-56.55=	10GBASE-DWDM 1556.55 nm SFP+ (100-GHz ITU grid)	Transceiver Modules	pluggable	layered	WDM transceivers	(none)	DWDM SFP / SFP+ / XFP / X2 / XENPAK	sku ^DWDM-(?!GBIC)							
DWDM-SFP10G-57.36=	10GBASE-DWDM 1557.36 nm SFP+ (100-GHz ITU grid)	Transceiver Modules	pluggable	layered	WDM transceivers	(none)	DWDM SFP / SFP+ / XFP / X2 / XENPAK	sku ^DWDM-(?!GBIC)							
DWDM-SFP10G-58.17=	10GBASE-DWDM 1558.17 nm SFP10G (100-GHz ITU grid)	Transceiver Modules	pluggable	layered	WDM transceivers	(none)	DWDM SFP / SFP+ / XFP / X2 / XENPAK	sku ^DWDM-(?!GBIC)							
DWDM-SFP10G-58.98=	10GBASE-DWDM 1558.98 nm SFP+ (100-GHz ITU grid)	Transceiver Modules	pluggable	layered	WDM transceivers	(none)	DWDM SFP / SFP+ / XFP / X2 / XENPAK	sku ^DWDM-(?!GBIC)							
DWDM-SFP10G-59.79=	10GBASE-DWDM 1559.79 nm SFP+ (100-GHz ITU grid)	Transceiver Modules	pluggable	layered	WDM transceivers	(none)	DWDM SFP / SFP+ / XFP / X2 / XENPAK	sku ^DWDM-(?!GBIC)							
DWDM-SFP10G-60.61=	10GBASE-DWDM 1560.61 nm SFP10G (100-GHz ITU grid)	Transceiver Modules	pluggable	layered	WDM transceivers	(none)	DWDM SFP / SFP+ / XFP / X2 / XENPAK	sku ^DWDM-(?!GBIC)							
DWDM-SFP10G-61.41	10GBASE-DWDM 1561.41 nm SFP10G (100-GHz ITU grid)	Cisco	pluggable	layered	WDM transceivers	(none)	DWDM SFP / SFP+ / XFP / X2 / XENPAK	sku ^DWDM-(?!GBIC)							
DWDM-SFP10G-61.41=	10GBASE-DWDM 1561.41 nm SFP10G (100-GHz ITU grid)	Transceiver Modules	pluggable	layered	WDM transceivers	(none)	DWDM SFP / SFP+ / XFP / X2 / XENPAK	sku ^DWDM-(?!GBIC)							
DWDM-SFP10G-C	10GBASE-DWDM tunable SFP+, Linear Interface (50-GHz ITU grid)	Cisco	tunable	layered	WDM transceivers	(none)	DWDM SFP / SFP+ / XFP / X2 / XENPAK	sku ^DWDM-(?!GBIC)							
DWDM-SFP10G-C-I	Cisco DWDM-SFP10G-C-I 10GBASE-DWDM SFP+ — C-Band durchstimmbar, Singlemode	Cisco	tunable	layered	WDM transceivers	(none)	DWDM SFP / SFP+ / XFP / X2 / XENPAK	sku ^DWDM-(?!GBIC)							
DWDM-SFP10G-C-S	10GBASE-DWDM tunable SFP+, Limiting Interface (50-GHz ITU grid)	Cisco	tunable	layered	WDM transceivers	(none)	DWDM SFP / SFP+ / XFP / X2 / XENPAK	sku ^DWDM-(?!GBIC)							
DWDM-SFP10G-C-S=	10GBASE-DWDM tunable SFP+, Limiting Interface (50-GHz ITU grid)	Transceiver Modules	tunable	layered	WDM transceivers	(none)	DWDM SFP / SFP+ / XFP / X2 / XENPAK	sku ^DWDM-(?!GBIC)							
DWDM-SFP10G-C=	10GBASE-DWDM tunable SFP+, Linear Interface (50-GHz ITU grid)	Transceiver Modules	tunable	layered	WDM transceivers	(none)	DWDM SFP / SFP+ / XFP / X2 / XENPAK	sku ^DWDM-(?!GBIC)							
DWDM-SFP10G-E-I	10GBASE-DWDM tunable SFP+, Limiting Interface 50Ghz ITU grid)	Cisco	tunable	layered	WDM transceivers	(none)	DWDM SFP / SFP+ / XFP / X2 / XENPAK	sku ^DWDM-(?!GBIC)							
DWDM-SFP10G-E-I=	10GBASE-DWDM tunable SFP+, Limiting Interface 50Ghz ITU grid)	Transceiver Modules	tunable	layered	WDM transceivers	(none)	DWDM SFP / SFP+ / XFP / X2 / XENPAK	sku ^DWDM-(?!GBIC)							
DWDM-SFP10G-xx.xx	Cisco multirate (LAN/WAN/OTU2/OTU2E) 10GBASE-DWDM single wavelength SFP+ module (100-GHz ITU grid) – 40 individual wavelength pluggable modules	ASR 920 Series Aggregation Services Router	pluggable	pending_plan								class non_product			
DWDM-SFP10G-xx.xx=	Cisco multi-rate (LAN/WAN/OTU2/OTU2E) 10GBASE-DWDM single wavelength SFP+ module (100-GHz ITU grid) – 40 individual wavelength pluggable modules	ASR 900	pluggable	pending_plan								class non_product			
DWDM-X2	10GB DWDM X2 module with DOM support	4900	pluggable	layered	WDM transceivers	(none)	DWDM SFP / SFP+ / XFP / X2 / XENPAK	sku ^DWDM-(?!GBIC)							true
DWDM-X2-30.33	10GBASE-DWDM 1530.33 nm X2 (100-GHz ITU grid)	Cisco	pluggable	layered	WDM transceivers	(none)	DWDM SFP / SFP+ / XFP / X2 / XENPAK	sku ^DWDM-(?!GBIC)							
DWDM-X2-30.33=	10GBASE-DWDM 1530.33 nm X2 (100-GHz ITU grid)	Transceiver Modules	pluggable	layered	WDM transceivers	(none)	DWDM SFP / SFP+ / XFP / X2 / XENPAK	sku ^DWDM-(?!GBIC)							
DWDM-X2-31.12	10GBASE-DWDM 1531.12 nm X2 (100-GHz ITU grid)	Cisco	pluggable	layered	WDM transceivers	(none)	DWDM SFP / SFP+ / XFP / X2 / XENPAK	sku ^DWDM-(?!GBIC)							
DWDM-X2-31.12=	10GBASE-DWDM 1531.12 nm X2 (100-GHz ITU grid)	Transceiver Modules	pluggable	layered	WDM transceivers	(none)	DWDM SFP / SFP+ / XFP / X2 / XENPAK	sku ^DWDM-(?!GBIC)							
DWDM-X2-31.90	10GBASE-DWDM 1531.90 nm X2 (100-GHz ITU grid)	Cisco	pluggable	layered	WDM transceivers	(none)	DWDM SFP / SFP+ / XFP / X2 / XENPAK	sku ^DWDM-(?!GBIC)							
DWDM-X2-31.90=	10GBASE-DWDM 1531.90 nm X2 (100-GHz ITU grid)	Transceiver Modules	pluggable	layered	WDM transceivers	(none)	DWDM SFP / SFP+ / XFP / X2 / XENPAK	sku ^DWDM-(?!GBIC)							
DWDM-X2-32.68	10GBASE-DWDM 1532.68 nm X2 (100-GHz ITU grid)	Cisco	pluggable	layered	WDM transceivers	(none)	DWDM SFP / SFP+ / XFP / X2 / XENPAK	sku ^DWDM-(?!GBIC)							
DWDM-X2-32.68=	10GBASE-DWDM 1532.68 nm X2 (100-GHz ITU grid)	Transceiver Modules	pluggable	layered	WDM transceivers	(none)	DWDM SFP / SFP+ / XFP / X2 / XENPAK	sku ^DWDM-(?!GBIC)							
DWDM-X2-34.25	10GBASE-DWDM 1534.25 nm X2 (100-GHz ITU grid)	Cisco	pluggable	layered	WDM transceivers	(none)	DWDM SFP / SFP+ / XFP / X2 / XENPAK	sku ^DWDM-(?!GBIC)							
DWDM-X2-34.25=	10GBASE-DWDM 1534.25 nm X2 (100-GHz ITU grid)	Transceiver Modules	pluggable	layered	WDM transceivers	(none)	DWDM SFP / SFP+ / XFP / X2 / XENPAK	sku ^DWDM-(?!GBIC)							
DWDM-X2-35.04	10GBASE-DWDM 1535.04 nm X2 (100-GHz ITU grid)	Cisco	pluggable	layered	WDM transceivers	(none)	DWDM SFP / SFP+ / XFP / X2 / XENPAK	sku ^DWDM-(?!GBIC)							
DWDM-X2-35.04=	10GBASE-DWDM 1535.04 nm X2 (100-GHz ITU grid)	Transceiver Modules	pluggable	layered	WDM transceivers	(none)	DWDM SFP / SFP+ / XFP / X2 / XENPAK	sku ^DWDM-(?!GBIC)							
DWDM-X2-35.82	10GBASE-DWDM 1535.82 nm X2 (100-GHz ITU grid)	Cisco	pluggable	layered	WDM transceivers	(none)	DWDM SFP / SFP+ / XFP / X2 / XENPAK	sku ^DWDM-(?!GBIC)							
DWDM-X2-35.82=	10GBASE-DWDM 1535.82 nm X2 (100-GHz ITU grid)	Transceiver Modules	pluggable	layered	WDM transceivers	(none)	DWDM SFP / SFP+ / XFP / X2 / XENPAK	sku ^DWDM-(?!GBIC)							
DWDM-X2-36.61	10GBASE-DWDM 1536.61 nm X2 (100-GHz ITU grid)	Cisco	pluggable	layered	WDM transceivers	(none)	DWDM SFP / SFP+ / XFP / X2 / XENPAK	sku ^DWDM-(?!GBIC)							
DWDM-X2-36.61=	10GBASE-DWDM 1536.61 nm X2 (100-GHz ITU grid)	Transceiver Modules	pluggable	layered	WDM transceivers	(none)	DWDM SFP / SFP+ / XFP / X2 / XENPAK	sku ^DWDM-(?!GBIC)							
DWDM-X2-38.19	10GBASE-DWDM 1538.19 nm X2 (100-GHz ITU grid)	Cisco	pluggable	layered	WDM transceivers	(none)	DWDM SFP / SFP+ / XFP / X2 / XENPAK	sku ^DWDM-(?!GBIC)							
DWDM-X2-38.19=	10GBASE-DWDM 1538.19 nm X2 (100-GHz ITU grid)	Transceiver Modules	pluggable	layered	WDM transceivers	(none)	DWDM SFP / SFP+ / XFP / X2 / XENPAK	sku ^DWDM-(?!GBIC)							
DWDM-X2-38.98	10GBASE-DWDM 1538.98 nm X2 (100-GHz ITU grid)	Cisco	pluggable	layered	WDM transceivers	(none)	DWDM SFP / SFP+ / XFP / X2 / XENPAK	sku ^DWDM-(?!GBIC)							
DWDM-X2-38.98=	10GBASE-DWDM 1538.98 nm X2 (100-GHz ITU grid)	Transceiver Modules	pluggable	layered	WDM transceivers	(none)	DWDM SFP / SFP+ / XFP / X2 / XENPAK	sku ^DWDM-(?!GBIC)							
DWDM-X2-39.77	10GBASE-DWDM 1539.77 nm X2 (100-GHz ITU grid)	Cisco	pluggable	layered	WDM transceivers	(none)	DWDM SFP / SFP+ / XFP / X2 / XENPAK	sku ^DWDM-(?!GBIC)							
DWDM-X2-39.77=	10GBASE-DWDM 1539.77 nm X2 (100-GHz ITU grid)	Transceiver Modules	pluggable	layered	WDM transceivers	(none)	DWDM SFP / SFP+ / XFP / X2 / XENPAK	sku ^DWDM-(?!GBIC)							
DWDM-X2-40.56	10GBASE-DWDM 1540.56 nm X2 (100-GHz ITU grid)	Cisco	pluggable	layered	WDM transceivers	(none)	DWDM SFP / SFP+ / XFP / X2 / XENPAK	sku ^DWDM-(?!GBIC)							
DWDM-X2-40.56=	10GBASE-DWDM 1540.56 nm X2 (100-GHz ITU grid)	Transceiver Modules	pluggable	layered	WDM transceivers	(none)	DWDM SFP / SFP+ / XFP / X2 / XENPAK	sku ^DWDM-(?!GBIC)							
DWDM-X2-42.14	10GBASE-DWDM 1542.14 nm X2 (100-GHz ITU grid)	Cisco	pluggable	layered	WDM transceivers	(none)	DWDM SFP / SFP+ / XFP / X2 / XENPAK	sku ^DWDM-(?!GBIC)							
DWDM-X2-42.14=	10GBASE-DWDM 1542.14 nm X2 (100-GHz ITU grid)	Transceiver Modules	pluggable	layered	WDM transceivers	(none)	DWDM SFP / SFP+ / XFP / X2 / XENPAK	sku ^DWDM-(?!GBIC)							
DWDM-X2-42.94	10GBASE-DWDM 1542.94 nm X2 (100-GHz ITU grid)	Cisco	pluggable	layered	WDM transceivers	(none)	DWDM SFP / SFP+ / XFP / X2 / XENPAK	sku ^DWDM-(?!GBIC)							
DWDM-X2-42.94=	10GBASE-DWDM 1542.94 nm X2 (100-GHz ITU grid)	Transceiver Modules	pluggable	layered	WDM transceivers	(none)	DWDM SFP / SFP+ / XFP / X2 / XENPAK	sku ^DWDM-(?!GBIC)							
DWDM-X2-43.73	10GBASE-DWDM 1543.73 nm X2 (100-GHz ITU grid)	Cisco	pluggable	layered	WDM transceivers	(none)	DWDM SFP / SFP+ / XFP / X2 / XENPAK	sku ^DWDM-(?!GBIC)							
DWDM-X2-43.73=	10GBASE-DWDM 1543.73 nm X2 (100-GHz ITU grid)	Transceiver Modules	pluggable	layered	WDM transceivers	(none)	DWDM SFP / SFP+ / XFP / X2 / XENPAK	sku ^DWDM-(?!GBIC)							
DWDM-X2-44.53	10GBASE-DWDM 1544.53 nm X2 (100-GHz ITU grid)	Cisco	pluggable	layered	WDM transceivers	(none)	DWDM SFP / SFP+ / XFP / X2 / XENPAK	sku ^DWDM-(?!GBIC)							
DWDM-X2-44.53=	10GBASE-DWDM 1544.53 nm X2 (100-GHz ITU grid)	Transceiver Modules	pluggable	layered	WDM transceivers	(none)	DWDM SFP / SFP+ / XFP / X2 / XENPAK	sku ^DWDM-(?!GBIC)							
DWDM-X2-46.12	10GBASE-DWDM 1546.12 nm X2 (100-GHz ITU grid)	Cisco	pluggable	layered	WDM transceivers	(none)	DWDM SFP / SFP+ / XFP / X2 / XENPAK	sku ^DWDM-(?!GBIC)							
DWDM-X2-46.12=	10GBASE-DWDM 1546.12 nm X2 (100-GHz ITU grid)	Transceiver Modules	pluggable	layered	WDM transceivers	(none)	DWDM SFP / SFP+ / XFP / X2 / XENPAK	sku ^DWDM-(?!GBIC)							
DWDM-X2-46.92	10GBASE-DWDM 1546.92 nm X2 (100-GHz ITU grid)	Cisco	pluggable	layered	WDM transceivers	(none)	DWDM SFP / SFP+ / XFP / X2 / XENPAK	sku ^DWDM-(?!GBIC)							
DWDM-X2-46.92=	10GBASE-DWDM 1546.92 nm X2 (100-GHz ITU grid)	Transceiver Modules	pluggable	layered	WDM transceivers	(none)	DWDM SFP / SFP+ / XFP / X2 / XENPAK	sku ^DWDM-(?!GBIC)							
DWDM-X2-47.72	10GBASE-DWDM 1547.72 nm X2 (100-GHz ITU grid)	Cisco	pluggable	layered	WDM transceivers	(none)	DWDM SFP / SFP+ / XFP / X2 / XENPAK	sku ^DWDM-(?!GBIC)							
DWDM-X2-47.72=	10GBASE-DWDM 1547.72 nm X2 (100-GHz ITU grid)	Transceiver Modules	pluggable	layered	WDM transceivers	(none)	DWDM SFP / SFP+ / XFP / X2 / XENPAK	sku ^DWDM-(?!GBIC)							
DWDM-X2-48.51	10GBASE-DWDM 1548.51 nm X2 (100-GHz ITU grid)	Cisco	pluggable	layered	WDM transceivers	(none)	DWDM SFP / SFP+ / XFP / X2 / XENPAK	sku ^DWDM-(?!GBIC)							
DWDM-X2-48.51=	10GBASE-DWDM 1548.51 nm X2 (100-GHz ITU grid)	Transceiver Modules	pluggable	layered	WDM transceivers	(none)	DWDM SFP / SFP+ / XFP / X2 / XENPAK	sku ^DWDM-(?!GBIC)							
DWDM-X2-50.12	10GBASE-DWDM 1550.12 nm X2 (100-GHz ITU grid)	Cisco	pluggable	layered	WDM transceivers	(none)	DWDM SFP / SFP+ / XFP / X2 / XENPAK	sku ^DWDM-(?!GBIC)							
DWDM-X2-50.12=	10GBASE-DWDM 1550.12 nm X2 (100-GHz ITU grid)	Transceiver Modules	pluggable	layered	WDM transceivers	(none)	DWDM SFP / SFP+ / XFP / X2 / XENPAK	sku ^DWDM-(?!GBIC)							
DWDM-X2-50.92	10GBASE-DWDM 1550.92 nm X2 (100-GHz ITU grid)	Cisco	pluggable	layered	WDM transceivers	(none)	DWDM SFP / SFP+ / XFP / X2 / XENPAK	sku ^DWDM-(?!GBIC)							
DWDM-X2-50.92=	10GBASE-DWDM 1550.92 nm X2 (100-GHz ITU grid)	Transceiver Modules	pluggable	layered	WDM transceivers	(none)	DWDM SFP / SFP+ / XFP / X2 / XENPAK	sku ^DWDM-(?!GBIC)							
DWDM-X2-51.72	10GBASE-DWDM 1551.72 nm X2 (100-GHz ITU grid)	Cisco	pluggable	layered	WDM transceivers	(none)	DWDM SFP / SFP+ / XFP / X2 / XENPAK	sku ^DWDM-(?!GBIC)							
DWDM-X2-51.72=	10GBASE-DWDM 1551.72 nm X2 (100-GHz ITU grid)	Transceiver Modules	pluggable	layered	WDM transceivers	(none)	DWDM SFP / SFP+ / XFP / X2 / XENPAK	sku ^DWDM-(?!GBIC)							
DWDM-X2-52.52	10GBASE-DWDM 1552.52 nm X2 (100-GHz ITU grid)	Cisco	pluggable	layered	WDM transceivers	(none)	DWDM SFP / SFP+ / XFP / X2 / XENPAK	sku ^DWDM-(?!GBIC)							
DWDM-X2-52.52=	10GBASE-DWDM 1552.52 nm X2 (100-GHz ITU grid)	Transceiver Modules	pluggable	layered	WDM transceivers	(none)	DWDM SFP / SFP+ / XFP / X2 / XENPAK	sku ^DWDM-(?!GBIC)							
DWDM-X2-54.13	10GBASE-DWDM 1554.13 nm X2 (100-GHz ITU grid)	Cisco	pluggable	layered	WDM transceivers	(none)	DWDM SFP / SFP+ / XFP / X2 / XENPAK	sku ^DWDM-(?!GBIC)							
DWDM-X2-54.13=	10GBASE-DWDM 1554.13 nm X2 (100-GHz ITU grid)	Transceiver Modules	pluggable	layered	WDM transceivers	(none)	DWDM SFP / SFP+ / XFP / X2 / XENPAK	sku ^DWDM-(?!GBIC)							
DWDM-X2-54.94	10GBASE-DWDM 1554.94 nm X2 (100-GHz ITU grid)	Cisco	pluggable	layered	WDM transceivers	(none)	DWDM SFP / SFP+ / XFP / X2 / XENPAK	sku ^DWDM-(?!GBIC)							
DWDM-X2-54.94=	10GBASE-DWDM 1554.94 nm X2 (100-GHz ITU grid)	Transceiver Modules	pluggable	layered	WDM transceivers	(none)	DWDM SFP / SFP+ / XFP / X2 / XENPAK	sku ^DWDM-(?!GBIC)							
DWDM-X2-55.75	10GBASE-DWDM 1555.75 nm X2 (100-GHz ITU grid)	Cisco	pluggable	layered	WDM transceivers	(none)	DWDM SFP / SFP+ / XFP / X2 / XENPAK	sku ^DWDM-(?!GBIC)							
DWDM-X2-55.75=	10GBASE-DWDM 1555.75 nm X2 (100-GHz ITU grid)	Transceiver Modules	pluggable	layered	WDM transceivers	(none)	DWDM SFP / SFP+ / XFP / X2 / XENPAK	sku ^DWDM-(?!GBIC)							
DWDM-X2-56.55	10GBASE-DWDM 1556.55 nm X2 (100-GHz ITU grid)	Cisco	pluggable	layered	WDM transceivers	(none)	DWDM SFP / SFP+ / XFP / X2 / XENPAK	sku ^DWDM-(?!GBIC)							
DWDM-X2-56.55=	10GBASE-DWDM 1556.55 nm X2 (100-GHz ITU grid)	Transceiver Modules	pluggable	layered	WDM transceivers	(none)	DWDM SFP / SFP+ / XFP / X2 / XENPAK	sku ^DWDM-(?!GBIC)							
DWDM-X2-58.17	10GBASE-DWDM 1558.17 nm X2 (100-GHz ITU grid)	Cisco	pluggable	layered	WDM transceivers	(none)	DWDM SFP / SFP+ / XFP / X2 / XENPAK	sku ^DWDM-(?!GBIC)							
DWDM-X2-58.17=	10GBASE-DWDM 1558.17 nm X2 (100-GHz ITU grid)	Transceiver Modules	pluggable	layered	WDM transceivers	(none)	DWDM SFP / SFP+ / XFP / X2 / XENPAK	sku ^DWDM-(?!GBIC)							
DWDM-X2-58.98	10GBASE-DWDM 1558.98 nm X2 (100-GHz ITU grid)	Cisco	pluggable	layered	WDM transceivers	(none)	DWDM SFP / SFP+ / XFP / X2 / XENPAK	sku ^DWDM-(?!GBIC)							
DWDM-X2-58.98=	10GBASE-DWDM 1558.98 nm X2 (100-GHz ITU grid)	Transceiver Modules	pluggable	layered	WDM transceivers	(none)	DWDM SFP / SFP+ / XFP / X2 / XENPAK	sku ^DWDM-(?!GBIC)							
DWDM-X2-59.79	10GBASE-DWDM 1559.79 nm X2 (100-GHz ITU grid)	Cisco	pluggable	layered	WDM transceivers	(none)	DWDM SFP / SFP+ / XFP / X2 / XENPAK	sku ^DWDM-(?!GBIC)							
DWDM-X2-59.79=	10GBASE-DWDM 1559.79 nm X2 (100-GHz ITU grid)	Transceiver Modules	pluggable	layered	WDM transceivers	(none)	DWDM SFP / SFP+ / XFP / X2 / XENPAK	sku ^DWDM-(?!GBIC)							
DWDM-X2-60.61	10GBASE-DWDM 1560.61 nm X2 (100-GHz ITU grid)	Cisco	pluggable	layered	WDM transceivers	(none)	DWDM SFP / SFP+ / XFP / X2 / XENPAK	sku ^DWDM-(?!GBIC)							
DWDM-X2-60.61=	10GBASE-DWDM 1560.61 nm X2 (100-GHz ITU grid)	Transceiver Modules	pluggable	layered	WDM transceivers	(none)	DWDM SFP / SFP+ / XFP / X2 / XENPAK	sku ^DWDM-(?!GBIC)							
DWDM-X2-YY.YY=	10GBASE-DWDM 15YY.YY nm X2, spare (100-GHz ITU grid) (where YYYY=6061, 5979, 5898, 5817, 5655, 5575, 5494, 5413, 5252, 5172, 5092, 5012, 4851, 4772, 4692, 4612, 4453, 4373, 4294, 4214, 4056, 3977, 3898, 3819, 3661, 3582, 3504, 3425, 3268, 3190, 3112, 3033)	MDS 9000 Series Multilayer	pluggable	pending_plan								class non_product			
DWDM-XENPAK-30.33	10GBASE-DWDM 1530.33nm XENPAK (100GHz ITU grid)	Cisco	pluggable	layered	WDM transceivers	(none)	DWDM SFP / SFP+ / XFP / X2 / XENPAK	sku ^DWDM-(?!GBIC)							
DWDM-XENPAK-30.33=	10GBASE-DWDM 1530.33nm XENPAK (100GHz ITU grid)	Transceiver Modules	pluggable	layered	WDM transceivers	(none)	DWDM SFP / SFP+ / XFP / X2 / XENPAK	sku ^DWDM-(?!GBIC)							
DWDM-XENPAK-31.12	10GBASE-DWDM 1531.12nm XENPAK (100GHz ITU grid)	Cisco	pluggable	layered	WDM transceivers	(none)	DWDM SFP / SFP+ / XFP / X2 / XENPAK	sku ^DWDM-(?!GBIC)							
DWDM-XENPAK-31.12=	10GBASE-DWDM 1531.12nm XENPAK (100GHz ITU grid)	Transceiver Modules	pluggable	layered	WDM transceivers	(none)	DWDM SFP / SFP+ / XFP / X2 / XENPAK	sku ^DWDM-(?!GBIC)							
DWDM-XENPAK-31.90	10GBASE-DWDM 1531.90nm XENPAK (100GHz ITU grid)	Cisco	pluggable	layered	WDM transceivers	(none)	DWDM SFP / SFP+ / XFP / X2 / XENPAK	sku ^DWDM-(?!GBIC)							
DWDM-XENPAK-31.90=	10GBASE-DWDM 1531.90nm XENPAK (100GHz ITU grid)	Transceiver Modules	pluggable	layered	WDM transceivers	(none)	DWDM SFP / SFP+ / XFP / X2 / XENPAK	sku ^DWDM-(?!GBIC)							
DWDM-XENPAK-32.68	10GBASE-DWDM 1532.68nm XENPAK (100GHz ITU grid)	Cisco	pluggable	layered	WDM transceivers	(none)	DWDM SFP / SFP+ / XFP / X2 / XENPAK	sku ^DWDM-(?!GBIC)							
DWDM-XENPAK-32.68=	10GBASE-DWDM 1532.68nm XENPAK (100GHz ITU grid)	Transceiver Modules	pluggable	layered	WDM transceivers	(none)	DWDM SFP / SFP+ / XFP / X2 / XENPAK	sku ^DWDM-(?!GBIC)							
DWDM-XENPAK-34.25	10GBASE-DWDM 1534.25nm XENPAK (100GHz ITU grid)	Cisco	pluggable	layered	WDM transceivers	(none)	DWDM SFP / SFP+ / XFP / X2 / XENPAK	sku ^DWDM-(?!GBIC)							
DWDM-XENPAK-34.25=	10GBASE-DWDM 1534.25nm XENPAK (100GHz ITU grid)	Transceiver Modules	pluggable	layered	WDM transceivers	(none)	DWDM SFP / SFP+ / XFP / X2 / XENPAK	sku ^DWDM-(?!GBIC)							
DWDM-XENPAK-35.04	10GBASE-DWDM 1535.04nm XENPAK (100GHz ITU grid)	Cisco	pluggable	layered	WDM transceivers	(none)	DWDM SFP / SFP+ / XFP / X2 / XENPAK	sku ^DWDM-(?!GBIC)							
DWDM-XENPAK-35.04=	10GBASE-DWDM 1535.04nm XENPAK (100GHz ITU grid)	Transceiver Modules	pluggable	layered	WDM transceivers	(none)	DWDM SFP / SFP+ / XFP / X2 / XENPAK	sku ^DWDM-(?!GBIC)							
DWDM-XENPAK-35.82	10GBASE-DWDM 1535.82nm XENPAK (100GHz ITU grid)	Cisco	pluggable	layered	WDM transceivers	(none)	DWDM SFP / SFP+ / XFP / X2 / XENPAK	sku ^DWDM-(?!GBIC)							
DWDM-XENPAK-35.82=	10GBASE-DWDM 1535.82nm XENPAK (100GHz ITU grid)	Transceiver Modules	pluggable	layered	WDM transceivers	(none)	DWDM SFP / SFP+ / XFP / X2 / XENPAK	sku ^DWDM-(?!GBIC)							
DWDM-XENPAK-36.61	10GBASE-DWDM 1536.61nm XENPAK (100GHz ITU grid)	Cisco	pluggable	layered	WDM transceivers	(none)	DWDM SFP / SFP+ / XFP / X2 / XENPAK	sku ^DWDM-(?!GBIC)							
DWDM-XENPAK-36.61=	10GBASE-DWDM 1536.61nm XENPAK (100GHz ITU grid)	Transceiver Modules	pluggable	layered	WDM transceivers	(none)	DWDM SFP / SFP+ / XFP / X2 / XENPAK	sku ^DWDM-(?!GBIC)							
DWDM-XENPAK-38.19	10GBASE-DWDM 1538.19nm XENPAK (100GHz ITU grid)	Cisco	pluggable	layered	WDM transceivers	(none)	DWDM SFP / SFP+ / XFP / X2 / XENPAK	sku ^DWDM-(?!GBIC)							
DWDM-XENPAK-38.19=	10GBASE-DWDM 1538.19nm XENPAK (100GHz ITU grid)	Transceiver Modules	pluggable	layered	WDM transceivers	(none)	DWDM SFP / SFP+ / XFP / X2 / XENPAK	sku ^DWDM-(?!GBIC)							
DWDM-XENPAK-38.98	10GBASE-DWDM 1538.98nm XENPAK (100GHz ITU grid)	Cisco	pluggable	layered	WDM transceivers	(none)	DWDM SFP / SFP+ / XFP / X2 / XENPAK	sku ^DWDM-(?!GBIC)							
DWDM-XENPAK-38.98=	10GBASE-DWDM 1538.98nm XENPAK (100GHz ITU grid)	Transceiver Modules	pluggable	layered	WDM transceivers	(none)	DWDM SFP / SFP+ / XFP / X2 / XENPAK	sku ^DWDM-(?!GBIC)							
DWDM-XENPAK-39.77	10GBASE-DWDM 1539.77nm XENPAK (100GHz ITU grid)	Cisco	pluggable	layered	WDM transceivers	(none)	DWDM SFP / SFP+ / XFP / X2 / XENPAK	sku ^DWDM-(?!GBIC)							
DWDM-XENPAK-39.77=	10GBASE-DWDM 1539.77nm XENPAK (100GHz ITU grid)	Transceiver Modules	pluggable	layered	WDM transceivers	(none)	DWDM SFP / SFP+ / XFP / X2 / XENPAK	sku ^DWDM-(?!GBIC)							
DWDM-XENPAK-40.56	10GBASE-DWDM 1540.56nm XENPAK (100GHz ITU grid)	Cisco	pluggable	layered	WDM transceivers	(none)	DWDM SFP / SFP+ / XFP / X2 / XENPAK	sku ^DWDM-(?!GBIC)							
DWDM-XENPAK-40.56=	10GBASE-DWDM 1540.56nm XENPAK (100GHz ITU grid)	Transceiver Modules	pluggable	layered	WDM transceivers	(none)	DWDM SFP / SFP+ / XFP / X2 / XENPAK	sku ^DWDM-(?!GBIC)							
DWDM-XENPAK-42.14	10GBASE-DWDM 1542.14nm XENPAK (100GHz ITU grid)	Cisco	pluggable	layered	WDM transceivers	(none)	DWDM SFP / SFP+ / XFP / X2 / XENPAK	sku ^DWDM-(?!GBIC)							
DWDM-XENPAK-42.14=	10GBASE-DWDM 1542.14nm XENPAK (100GHz ITU grid)	Transceiver Modules	pluggable	layered	WDM transceivers	(none)	DWDM SFP / SFP+ / XFP / X2 / XENPAK	sku ^DWDM-(?!GBIC)							
DWDM-XENPAK-42.94	10GBASE-DWDM 1542.94nm XENPAK (100GHz ITU grid)	Cisco	pluggable	layered	WDM transceivers	(none)	DWDM SFP / SFP+ / XFP / X2 / XENPAK	sku ^DWDM-(?!GBIC)							
DWDM-XENPAK-42.94=	10GBASE-DWDM 1542.94nm XENPAK (100GHz ITU grid)	Transceiver Modules	pluggable	layered	WDM transceivers	(none)	DWDM SFP / SFP+ / XFP / X2 / XENPAK	sku ^DWDM-(?!GBIC)							
DWDM-XENPAK-43.73	10GBASE-DWDM 1543.73nm XENPAK (100GHz ITU grid)	Cisco	pluggable	layered	WDM transceivers	(none)	DWDM SFP / SFP+ / XFP / X2 / XENPAK	sku ^DWDM-(?!GBIC)							
DWDM-XENPAK-43.73=	10GBASE-DWDM 1543.73nm XENPAK (100GHz ITU grid)	Transceiver Modules	pluggable	layered	WDM transceivers	(none)	DWDM SFP / SFP+ / XFP / X2 / XENPAK	sku ^DWDM-(?!GBIC)							
DWDM-XENPAK-44.53	10GBASE-DWDM 1544.53nm XENPAK (100GHz ITU grid)	Cisco	pluggable	layered	WDM transceivers	(none)	DWDM SFP / SFP+ / XFP / X2 / XENPAK	sku ^DWDM-(?!GBIC)							
DWDM-XENPAK-44.53=	10GBASE-DWDM 1544.53nm XENPAK (100GHz ITU grid)	Transceiver Modules	pluggable	layered	WDM transceivers	(none)	DWDM SFP / SFP+ / XFP / X2 / XENPAK	sku ^DWDM-(?!GBIC)							
DWDM-XENPAK-46.12	10GBASE-DWDM 1546.12nm XENPAK (100GHz ITU grid)	Cisco	pluggable	layered	WDM transceivers	(none)	DWDM SFP / SFP+ / XFP / X2 / XENPAK	sku ^DWDM-(?!GBIC)							
DWDM-XENPAK-46.12=	10GBASE-DWDM 1546.12nm XENPAK (100GHz ITU grid)	Transceiver Modules	pluggable	layered	WDM transceivers	(none)	DWDM SFP / SFP+ / XFP / X2 / XENPAK	sku ^DWDM-(?!GBIC)							
DWDM-XENPAK-46.92	10GBASE-DWDM 1546.92nm XENPAK (100GHz ITU grid)	Cisco	pluggable	layered	WDM transceivers	(none)	DWDM SFP / SFP+ / XFP / X2 / XENPAK	sku ^DWDM-(?!GBIC)							
DWDM-XENPAK-46.92=	10GBASE-DWDM 1546.92nm XENPAK (100GHz ITU grid)	Transceiver Modules	pluggable	layered	WDM transceivers	(none)	DWDM SFP / SFP+ / XFP / X2 / XENPAK	sku ^DWDM-(?!GBIC)							
DWDM-XENPAK-47.72	10GBASE-DWDM 1547.72nm XENPAK (100GHz ITU grid)	Cisco	pluggable	layered	WDM transceivers	(none)	DWDM SFP / SFP+ / XFP / X2 / XENPAK	sku ^DWDM-(?!GBIC)							
DWDM-XENPAK-47.72=	10GBASE-DWDM 1547.72nm XENPAK (100GHz ITU grid)	Transceiver Modules	pluggable	layered	WDM transceivers	(none)	DWDM SFP / SFP+ / XFP / X2 / XENPAK	sku ^DWDM-(?!GBIC)							
DWDM-XENPAK-48.51	10GBASE-DWDM 1548.51nm XENPAK (100GHz ITU grid)	Cisco	pluggable	layered	WDM transceivers	(none)	DWDM SFP / SFP+ / XFP / X2 / XENPAK	sku ^DWDM-(?!GBIC)							
DWDM-XENPAK-48.51=	10GBASE-DWDM 1548.51nm XENPAK (100GHz ITU grid)	Transceiver Modules	pluggable	layered	WDM transceivers	(none)	DWDM SFP / SFP+ / XFP / X2 / XENPAK	sku ^DWDM-(?!GBIC)							
DWDM-XENPAK-50.12	10GBASE-DWDM 1550.12nm XENPAK (100GHz ITU grid)	Cisco	pluggable	layered	WDM transceivers	(none)	DWDM SFP / SFP+ / XFP / X2 / XENPAK	sku ^DWDM-(?!GBIC)							
DWDM-XENPAK-50.12=	10GBASE-DWDM 1550.12nm XENPAK (100GHz ITU grid)	Transceiver Modules	pluggable	layered	WDM transceivers	(none)	DWDM SFP / SFP+ / XFP / X2 / XENPAK	sku ^DWDM-(?!GBIC)							
DWDM-XENPAK-50.92	10GBASE-DWDM 1550.92nm XENPAK (100GHz ITU grid)	Cisco	pluggable	layered	WDM transceivers	(none)	DWDM SFP / SFP+ / XFP / X2 / XENPAK	sku ^DWDM-(?!GBIC)							
DWDM-XENPAK-50.92=	10GBASE-DWDM 1550.92nm XENPAK (100GHz ITU grid)	Transceiver Modules	pluggable	layered	WDM transceivers	(none)	DWDM SFP / SFP+ / XFP / X2 / XENPAK	sku ^DWDM-(?!GBIC)							
DWDM-XENPAK-51.72	10GBASE-DWDM 1551.72nm XENPAK (100GHz ITU grid)	Cisco	pluggable	layered	WDM transceivers	(none)	DWDM SFP / SFP+ / XFP / X2 / XENPAK	sku ^DWDM-(?!GBIC)							
DWDM-XENPAK-51.72=	10GBASE-DWDM 1551.72nm XENPAK (100GHz ITU grid)	Transceiver Modules	pluggable	layered	WDM transceivers	(none)	DWDM SFP / SFP+ / XFP / X2 / XENPAK	sku ^DWDM-(?!GBIC)							
DWDM-XENPAK-52.52	10GBASE-DWDM 1552.52nm XENPAK (100GHz ITU grid)	Cisco	pluggable	layered	WDM transceivers	(none)	DWDM SFP / SFP+ / XFP / X2 / XENPAK	sku ^DWDM-(?!GBIC)							
DWDM-XENPAK-52.52=	10GBASE-DWDM 1552.52nm XENPAK (100GHz ITU grid)	Transceiver Modules	pluggable	layered	WDM transceivers	(none)	DWDM SFP / SFP+ / XFP / X2 / XENPAK	sku ^DWDM-(?!GBIC)							
DWDM-XENPAK-54.13	10GBASE-DWDM 1554.13nm XENPAK (100GHz ITU grid)	Cisco	pluggable	layered	WDM transceivers	(none)	DWDM SFP / SFP+ / XFP / X2 / XENPAK	sku ^DWDM-(?!GBIC)							
DWDM-XENPAK-54.13=	10GBASE-DWDM 1554.13nm XENPAK (100GHz ITU grid)	Transceiver Modules	pluggable	layered	WDM transceivers	(none)	DWDM SFP / SFP+ / XFP / X2 / XENPAK	sku ^DWDM-(?!GBIC)							
DWDM-XENPAK-54.94	10GBASE-DWDM 1554.94nm XENPAK (100GHz ITU grid)	Cisco	pluggable	layered	WDM transceivers	(none)	DWDM SFP / SFP+ / XFP / X2 / XENPAK	sku ^DWDM-(?!GBIC)							
DWDM-XENPAK-54.94=	10GBASE-DWDM 1554.94nm XENPAK (100GHz ITU grid)	Transceiver Modules	pluggable	layered	WDM transceivers	(none)	DWDM SFP / SFP+ / XFP / X2 / XENPAK	sku ^DWDM-(?!GBIC)							
DWDM-XENPAK-55.75	10GBASE-DWDM 1555.75nm XENPAK (100GHz ITU grid)	Cisco	pluggable	layered	WDM transceivers	(none)	DWDM SFP / SFP+ / XFP / X2 / XENPAK	sku ^DWDM-(?!GBIC)							
DWDM-XENPAK-55.75=	10GBASE-DWDM 1555.75nm XENPAK (100GHz ITU grid)	Transceiver Modules	pluggable	layered	WDM transceivers	(none)	DWDM SFP / SFP+ / XFP / X2 / XENPAK	sku ^DWDM-(?!GBIC)							
DWDM-XENPAK-56.55	10GBASE-DWDM 1556.55nm XENPAK (100GHz ITU grid)	Cisco	pluggable	layered	WDM transceivers	(none)	DWDM SFP / SFP+ / XFP / X2 / XENPAK	sku ^DWDM-(?!GBIC)							
DWDM-XENPAK-56.55=	10GBASE-DWDM 1556.55nm XENPAK (100GHz ITU grid)	Transceiver Modules	pluggable	layered	WDM transceivers	(none)	DWDM SFP / SFP+ / XFP / X2 / XENPAK	sku ^DWDM-(?!GBIC)							
DWDM-XENPAK-58.17	10GBASE-DWDM 1558.17nm XENPAK (100GHz ITU grid)	Cisco	pluggable	layered	WDM transceivers	(none)	DWDM SFP / SFP+ / XFP / X2 / XENPAK	sku ^DWDM-(?!GBIC)							
DWDM-XENPAK-58.17=	10GBASE-DWDM 1558.17nm XENPAK (100GHz ITU grid)	Transceiver Modules	pluggable	layered	WDM transceivers	(none)	DWDM SFP / SFP+ / XFP / X2 / XENPAK	sku ^DWDM-(?!GBIC)							
DWDM-XENPAK-58.98	10GBASE-DWDM 1558.98nm XENPAK (100GHz ITU grid)	Cisco	pluggable	layered	WDM transceivers	(none)	DWDM SFP / SFP+ / XFP / X2 / XENPAK	sku ^DWDM-(?!GBIC)							
DWDM-XENPAK-58.98=	10GBASE-DWDM 1558.98nm XENPAK (100GHz ITU grid)	Transceiver Modules	pluggable	layered	WDM transceivers	(none)	DWDM SFP / SFP+ / XFP / X2 / XENPAK	sku ^DWDM-(?!GBIC)							
DWDM-XENPAK-59.79	10GBASE-DWDM 1559.79nm XENPAK (100GHz ITU grid)	Cisco	pluggable	layered	WDM transceivers	(none)	DWDM SFP / SFP+ / XFP / X2 / XENPAK	sku ^DWDM-(?!GBIC)							
DWDM-XENPAK-59.79=	10GBASE-DWDM 1559.79nm XENPAK (100GHz ITU grid)	Transceiver Modules	pluggable	layered	WDM transceivers	(none)	DWDM SFP / SFP+ / XFP / X2 / XENPAK	sku ^DWDM-(?!GBIC)							
DWDM-XENPAK-60.61	10GBASE-DWDM 1560.61nm XENPAK (100GHz ITU grid)	Cisco	pluggable	layered	WDM transceivers	(none)	DWDM SFP / SFP+ / XFP / X2 / XENPAK	sku ^DWDM-(?!GBIC)							
DWDM-XENPAK-60.61=	10GBASE-DWDM 1560.61nm XENPAK (100GHz ITU grid)	Transceiver Modules	pluggable	layered	WDM transceivers	(none)	DWDM SFP / SFP+ / XFP / X2 / XENPAK	sku ^DWDM-(?!GBIC)							
DWDM-XFP-30.33	10GBASE-DWDM 1530.33 nm XFP (100-GHz ITU grid)	Cisco	pluggable	layered	WDM transceivers	(none)	DWDM SFP / SFP+ / XFP / X2 / XENPAK	sku ^DWDM-(?!GBIC)							
DWDM-XFP-30.33=	10GBASE-DWDM 1530.33 nm XFP (100-GHz ITU grid)	Catalyst 6500	pluggable	layered	WDM transceivers	(none)	DWDM SFP / SFP+ / XFP / X2 / XENPAK	sku ^DWDM-(?!GBIC)							
DWDM-XFP-31.12	10GBASE-DWDM 1531.12 nm XFP (100-GHz ITU grid)	Cisco	pluggable	layered	WDM transceivers	(none)	DWDM SFP / SFP+ / XFP / X2 / XENPAK	sku ^DWDM-(?!GBIC)							
DWDM-XFP-31.12=	10GBASE-DWDM 1531.12 nm XFP (100-GHz ITU grid)	Catalyst 6500	pluggable	layered	WDM transceivers	(none)	DWDM SFP / SFP+ / XFP / X2 / XENPAK	sku ^DWDM-(?!GBIC)							
DWDM-XFP-31.90	10GBASE-DWDM 1531.90 nm XFP (100-GHz ITU grid)	Cisco	pluggable	layered	WDM transceivers	(none)	DWDM SFP / SFP+ / XFP / X2 / XENPAK	sku ^DWDM-(?!GBIC)							
DWDM-XFP-31.90=	10GBASE-DWDM 1531.90 nm XFP (100-GHz ITU grid)	Catalyst 6500	pluggable	layered	WDM transceivers	(none)	DWDM SFP / SFP+ / XFP / X2 / XENPAK	sku ^DWDM-(?!GBIC)							
DWDM-XFP-32.68	10GBASE-DWDM 1532.68 nm XFP (100-GHz ITU grid)	Cisco	pluggable	layered	WDM transceivers	(none)	DWDM SFP / SFP+ / XFP / X2 / XENPAK	sku ^DWDM-(?!GBIC)							
DWDM-XFP-32.68=	10GBASE-DWDM 1532.68 nm XFP (100-GHz ITU grid)	Catalyst 6500	pluggable	layered	WDM transceivers	(none)	DWDM SFP / SFP+ / XFP / X2 / XENPAK	sku ^DWDM-(?!GBIC)							
DWDM-XFP-34.25	10GBASE-DWDM 1534.25 nm XFP (100-GHz ITU grid)	Cisco	pluggable	layered	WDM transceivers	(none)	DWDM SFP / SFP+ / XFP / X2 / XENPAK	sku ^DWDM-(?!GBIC)							
DWDM-XFP-34.25=	10GBASE-DWDM 1534.25 nm XFP (100-GHz ITU grid)	Catalyst 6500	pluggable	layered	WDM transceivers	(none)	DWDM SFP / SFP+ / XFP / X2 / XENPAK	sku ^DWDM-(?!GBIC)							
DWDM-XFP-35.04	10GBASE-DWDM 1535.04 nm XFP (100-GHz ITU grid)	Cisco	pluggable	layered	WDM transceivers	(none)	DWDM SFP / SFP+ / XFP / X2 / XENPAK	sku ^DWDM-(?!GBIC)							
DWDM-XFP-35.04=	10GBASE-DWDM 1535.04 nm XFP (100-GHz ITU grid)	Catalyst 6500	pluggable	layered	WDM transceivers	(none)	DWDM SFP / SFP+ / XFP / X2 / XENPAK	sku ^DWDM-(?!GBIC)							
DWDM-XFP-35.82	10GBASE-DWDM 1535.82 nm XFP (100-GHz ITU grid)	Cisco	pluggable	layered	WDM transceivers	(none)	DWDM SFP / SFP+ / XFP / X2 / XENPAK	sku ^DWDM-(?!GBIC)							
DWDM-XFP-35.82=	10GBASE-DWDM 1535.82 nm XFP (100-GHz ITU grid)	Catalyst 6500	pluggable	layered	WDM transceivers	(none)	DWDM SFP / SFP+ / XFP / X2 / XENPAK	sku ^DWDM-(?!GBIC)							
DWDM-XFP-36.61	10GBASE-DWDM 1536.61 nm XFP (100-GHz ITU grid)	Cisco	pluggable	layered	WDM transceivers	(none)	DWDM SFP / SFP+ / XFP / X2 / XENPAK	sku ^DWDM-(?!GBIC)							
DWDM-XFP-36.61=	10GBASE-DWDM 1536.61 nm XFP (100-GHz ITU grid)	Catalyst 6500	pluggable	layered	WDM transceivers	(none)	DWDM SFP / SFP+ / XFP / X2 / XENPAK	sku ^DWDM-(?!GBIC)							
DWDM-XFP-38.19	10GBASE-DWDM 1538.19 nm XFP (100-GHz ITU grid)	Cisco	pluggable	layered	WDM transceivers	(none)	DWDM SFP / SFP+ / XFP / X2 / XENPAK	sku ^DWDM-(?!GBIC)							
DWDM-XFP-38.19=	10GBASE-DWDM 1538.19 nm XFP (100-GHz ITU grid)	Catalyst 6500	pluggable	layered	WDM transceivers	(none)	DWDM SFP / SFP+ / XFP / X2 / XENPAK	sku ^DWDM-(?!GBIC)							
DWDM-XFP-38.98	10GBASE-DWDM 1538.98 nm XFP (100-GHz ITU grid)	Cisco	pluggable	layered	WDM transceivers	(none)	DWDM SFP / SFP+ / XFP / X2 / XENPAK	sku ^DWDM-(?!GBIC)							
DWDM-XFP-38.98=	10GBASE-DWDM 1538.98 nm XFP (100-GHz ITU grid)	Catalyst 6500	pluggable	layered	WDM transceivers	(none)	DWDM SFP / SFP+ / XFP / X2 / XENPAK	sku ^DWDM-(?!GBIC)							
DWDM-XFP-39.77	10GBASE-DWDM 1539.77 nm XFP (100-GHz ITU grid)	Cisco	pluggable	layered	WDM transceivers	(none)	DWDM SFP / SFP+ / XFP / X2 / XENPAK	sku ^DWDM-(?!GBIC)							
DWDM-XFP-39.77=	10GBASE-DWDM 1539.77 nm XFP (100-GHz ITU grid)	Catalyst 6500	pluggable	layered	WDM transceivers	(none)	DWDM SFP / SFP+ / XFP / X2 / XENPAK	sku ^DWDM-(?!GBIC)							
DWDM-XFP-40.56	10GBASE-DWDM 1540.56 nm XFP (100-GHz ITU grid)	Cisco	pluggable	layered	WDM transceivers	(none)	DWDM SFP / SFP+ / XFP / X2 / XENPAK	sku ^DWDM-(?!GBIC)							
DWDM-XFP-40.56=	10GBASE-DWDM 1540.56 nm XFP (100-GHz ITU grid)	Catalyst 6500	pluggable	layered	WDM transceivers	(none)	DWDM SFP / SFP+ / XFP / X2 / XENPAK	sku ^DWDM-(?!GBIC)							
DWDM-XFP-42.14	10GBASE-DWDM 1542.14 nm XFP (100-GHz ITU grid)	Cisco	pluggable	layered	WDM transceivers	(none)	DWDM SFP / SFP+ / XFP / X2 / XENPAK	sku ^DWDM-(?!GBIC)							
DWDM-XFP-42.14=	10GBASE-DWDM 1542.14 nm XFP (100-GHz ITU grid)	Catalyst 6500	pluggable	layered	WDM transceivers	(none)	DWDM SFP / SFP+ / XFP / X2 / XENPAK	sku ^DWDM-(?!GBIC)							
DWDM-XFP-42.94	10GBASE-DWDM 1542.94 nm XFP (100-GHz ITU grid)	Cisco	pluggable	layered	WDM transceivers	(none)	DWDM SFP / SFP+ / XFP / X2 / XENPAK	sku ^DWDM-(?!GBIC)							
DWDM-XFP-42.94=	10GBASE-DWDM 1542.94 nm XFP (100-GHz ITU grid)	Catalyst 6500	pluggable	layered	WDM transceivers	(none)	DWDM SFP / SFP+ / XFP / X2 / XENPAK	sku ^DWDM-(?!GBIC)							
DWDM-XFP-43.73	10GBASE-DWDM 1543.73 nm XFP (100-GHz ITU grid)	Cisco	pluggable	layered	WDM transceivers	(none)	DWDM SFP / SFP+ / XFP / X2 / XENPAK	sku ^DWDM-(?!GBIC)							
DWDM-XFP-43.73=	10GBASE-DWDM 1543.73 nm XFP (100-GHz ITU grid)	Catalyst 6500	pluggable	layered	WDM transceivers	(none)	DWDM SFP / SFP+ / XFP / X2 / XENPAK	sku ^DWDM-(?!GBIC)							
DWDM-XFP-44.53	10GBASE-DWDM 1544.53 nm XFP (100-GHz ITU grid)	Cisco	pluggable	layered	WDM transceivers	(none)	DWDM SFP / SFP+ / XFP / X2 / XENPAK	sku ^DWDM-(?!GBIC)							
DWDM-XFP-44.53=	10GBASE-DWDM 1544.53 nm XFP (100-GHz ITU grid)	Catalyst 6500	pluggable	layered	WDM transceivers	(none)	DWDM SFP / SFP+ / XFP / X2 / XENPAK	sku ^DWDM-(?!GBIC)							
DWDM-XFP-46.12	10GBASE-DWDM 1546.12 nm XFP (100-GHz ITU grid)	Cisco	pluggable	layered	WDM transceivers	(none)	DWDM SFP / SFP+ / XFP / X2 / XENPAK	sku ^DWDM-(?!GBIC)							
DWDM-XFP-46.12=	10GBASE-DWDM 1546.12 nm XFP (100-GHz ITU grid)	Catalyst 6500	pluggable	layered	WDM transceivers	(none)	DWDM SFP / SFP+ / XFP / X2 / XENPAK	sku ^DWDM-(?!GBIC)							
DWDM-XFP-46.92	10GBASE-DWDM 1546.92 nm XFP (100-GHz ITU grid)	Cisco	pluggable	layered	WDM transceivers	(none)	DWDM SFP / SFP+ / XFP / X2 / XENPAK	sku ^DWDM-(?!GBIC)							
DWDM-XFP-46.92=	10GBASE-DWDM 1546.92 nm XFP (100-GHz ITU grid)	Catalyst 6500	pluggable	layered	WDM transceivers	(none)	DWDM SFP / SFP+ / XFP / X2 / XENPAK	sku ^DWDM-(?!GBIC)							
DWDM-XFP-47.72	10GBASE-DWDM 1547.72 nm XFP (100-GHz ITU grid)	Cisco	pluggable	layered	WDM transceivers	(none)	DWDM SFP / SFP+ / XFP / X2 / XENPAK	sku ^DWDM-(?!GBIC)							
DWDM-XFP-47.72=	10GBASE-DWDM 1547.72 nm XFP (100-GHz ITU grid)	Catalyst 6500	pluggable	layered	WDM transceivers	(none)	DWDM SFP / SFP+ / XFP / X2 / XENPAK	sku ^DWDM-(?!GBIC)							
DWDM-XFP-48.51	10GBASE-DWDM 1548.51 nm XFP (100-GHz ITU grid)	Cisco	pluggable	layered	WDM transceivers	(none)	DWDM SFP / SFP+ / XFP / X2 / XENPAK	sku ^DWDM-(?!GBIC)							
DWDM-XFP-48.51=	10GBASE-DWDM 1548.51 nm XFP (100-GHz ITU grid)	Catalyst 6500	pluggable	layered	WDM transceivers	(none)	DWDM SFP / SFP+ / XFP / X2 / XENPAK	sku ^DWDM-(?!GBIC)							
DWDM-XFP-50.12	10GBASE-DWDM 1550.12 nm XFP (100-GHz ITU grid)	Cisco	pluggable	layered	WDM transceivers	(none)	DWDM SFP / SFP+ / XFP / X2 / XENPAK	sku ^DWDM-(?!GBIC)							
DWDM-XFP-50.12=	10GBASE-DWDM 1550.12 nm XFP (100-GHz ITU grid)	Catalyst 6500	pluggable	layered	WDM transceivers	(none)	DWDM SFP / SFP+ / XFP / X2 / XENPAK	sku ^DWDM-(?!GBIC)							
DWDM-XFP-50.92	10GBASE-DWDM 1550.92 nm XFP (100-GHz ITU grid)	Cisco	pluggable	layered	WDM transceivers	(none)	DWDM SFP / SFP+ / XFP / X2 / XENPAK	sku ^DWDM-(?!GBIC)							
DWDM-XFP-50.92=	10GBASE-DWDM 1550.92 nm XFP (100-GHz ITU grid)	Catalyst 6500	pluggable	layered	WDM transceivers	(none)	DWDM SFP / SFP+ / XFP / X2 / XENPAK	sku ^DWDM-(?!GBIC)							
DWDM-XFP-51.72	10GBASE-DWDM 1551.72 nm XFP (100-GHz ITU grid)	Cisco	pluggable	layered	WDM transceivers	(none)	DWDM SFP / SFP+ / XFP / X2 / XENPAK	sku ^DWDM-(?!GBIC)							
DWDM-XFP-51.72=	10GBASE-DWDM 1551.72 nm XFP (100-GHz ITU grid)	Catalyst 6500	pluggable	layered	WDM transceivers	(none)	DWDM SFP / SFP+ / XFP / X2 / XENPAK	sku ^DWDM-(?!GBIC)							
DWDM-XFP-52.52	10GBASE-DWDM 1552.52 nm XFP (100-GHz ITU grid)	Cisco	pluggable	layered	WDM transceivers	(none)	DWDM SFP / SFP+ / XFP / X2 / XENPAK	sku ^DWDM-(?!GBIC)							
DWDM-XFP-52.52=	10GBASE-DWDM 1552.52 nm XFP (100-GHz ITU grid)	Catalyst 6500	pluggable	layered	WDM transceivers	(none)	DWDM SFP / SFP+ / XFP / X2 / XENPAK	sku ^DWDM-(?!GBIC)							
DWDM-XFP-54.13	10GBASE-DWDM 1554.13 nm XFP (100-GHz ITU grid)	Cisco	pluggable	layered	WDM transceivers	(none)	DWDM SFP / SFP+ / XFP / X2 / XENPAK	sku ^DWDM-(?!GBIC)							
DWDM-XFP-54.13=	10GBASE-DWDM 1554.13 nm XFP (100-GHz ITU grid)	Catalyst 6500	pluggable	layered	WDM transceivers	(none)	DWDM SFP / SFP+ / XFP / X2 / XENPAK	sku ^DWDM-(?!GBIC)							
DWDM-XFP-54.94	10GBASE-DWDM 1554.94 nm XFP (100-GHz ITU grid)	Cisco	pluggable	layered	WDM transceivers	(none)	DWDM SFP / SFP+ / XFP / X2 / XENPAK	sku ^DWDM-(?!GBIC)							
DWDM-XFP-54.94=	10GBASE-DWDM 1554.94 nm XFP (100-GHz ITU grid)	Catalyst 6500	pluggable	layered	WDM transceivers	(none)	DWDM SFP / SFP+ / XFP / X2 / XENPAK	sku ^DWDM-(?!GBIC)							
DWDM-XFP-55.75	10GBASE-DWDM 1555.75 nm XFP (100-GHz ITU grid)	Cisco	pluggable	layered	WDM transceivers	(none)	DWDM SFP / SFP+ / XFP / X2 / XENPAK	sku ^DWDM-(?!GBIC)							
DWDM-XFP-55.75=	10GBASE-DWDM 1555.75 nm XFP (100-GHz ITU grid)	Catalyst 6500	pluggable	layered	WDM transceivers	(none)	DWDM SFP / SFP+ / XFP / X2 / XENPAK	sku ^DWDM-(?!GBIC)							
DWDM-XFP-56.55	10GBASE-DWDM 1556.55 nm XFP (100-GHz ITU grid)	Cisco	pluggable	layered	WDM transceivers	(none)	DWDM SFP / SFP+ / XFP / X2 / XENPAK	sku ^DWDM-(?!GBIC)							
DWDM-XFP-56.55=	10GBASE-DWDM 1556.55 nm XFP (100-GHz ITU grid)	Catalyst 6500	pluggable	layered	WDM transceivers	(none)	DWDM SFP / SFP+ / XFP / X2 / XENPAK	sku ^DWDM-(?!GBIC)							
DWDM-XFP-58.17	10GBASE-DWDM 1558.17 nm XFP (100-GHz ITU grid)	Cisco	pluggable	layered	WDM transceivers	(none)	DWDM SFP / SFP+ / XFP / X2 / XENPAK	sku ^DWDM-(?!GBIC)							
DWDM-XFP-58.17=	10GBASE-DWDM 1558.17 nm XFP (100-GHz ITU grid)	Catalyst 6500	pluggable	layered	WDM transceivers	(none)	DWDM SFP / SFP+ / XFP / X2 / XENPAK	sku ^DWDM-(?!GBIC)							
DWDM-XFP-58.98	10GBASE-DWDM 1558.98 nm XFP (100-GHz ITU grid)	Cisco	pluggable	layered	WDM transceivers	(none)	DWDM SFP / SFP+ / XFP / X2 / XENPAK	sku ^DWDM-(?!GBIC)							
DWDM-XFP-58.98=	10GBASE-DWDM 1558.98 nm XFP (100-GHz ITU grid)	Catalyst 6500	pluggable	layered	WDM transceivers	(none)	DWDM SFP / SFP+ / XFP / X2 / XENPAK	sku ^DWDM-(?!GBIC)							
DWDM-XFP-59.79	10GBASE-DWDM 1559.79 nm XFP (100-GHz ITU grid)	Cisco	pluggable	layered	WDM transceivers	(none)	DWDM SFP / SFP+ / XFP / X2 / XENPAK	sku ^DWDM-(?!GBIC)							
DWDM-XFP-59.79=	10GBASE-DWDM 1559.79 nm XFP (100-GHz ITU grid)	Catalyst 6500	pluggable	layered	WDM transceivers	(none)	DWDM SFP / SFP+ / XFP / X2 / XENPAK	sku ^DWDM-(?!GBIC)							
DWDM-XFP-60.61	10GBASE-DWDM 1560.61 nm XFP (100-GHz ITU grid)	Cisco	pluggable	layered	WDM transceivers	(none)	DWDM SFP / SFP+ / XFP / X2 / XENPAK	sku ^DWDM-(?!GBIC)							
DWDM-XFP-60.61=	10GBASE-DWDM 1560.61 nm XFP (100-GHz ITU grid)	Catalyst 6500	pluggable	layered	WDM transceivers	(none)	DWDM SFP / SFP+ / XFP / X2 / XENPAK	sku ^DWDM-(?!GBIC)							
DWDM-XFP-C	10G MultiRate C Band Tunable DWDM XFP	Cisco	tunable	layered	WDM transceivers	(none)	DWDM SFP / SFP+ / XFP / X2 / XENPAK	sku ^DWDM-(?!GBIC)							
DWDM-XFP-C=	10G MultiRate C Band Tunable DWDM XFP	Transceiver Modules	tunable	layered	WDM transceivers	(none)	DWDM SFP / SFP+ / XFP / X2 / XENPAK	sku ^DWDM-(?!GBIC)							
EXP-10GSFP-SR-MP	10 Gigabit Ethernet SFP Module 10GBASE-SR SFP+ SR Optics	Expressway Series	pluggable	layered	Ethernet transceivers	(none)	10G SFP+	sku ^EXP-10GSFP							
EXP-10GSFP-SR-MP=	10 Gigabit Ethernet SFP Module 10GBASE-SR SFP+ SR Optics	Expressway Series	pluggable	layered	Ethernet transceivers	(none)	10G SFP+	sku ^EXP-10GSFP							
EXP-1GSFP-T	1 Gigabit Ethernet SFP Module 10/100/1000BASE-T	Expressway Series	pluggable	layered	Ethernet transceivers	(none)	1G and 100M SFP	sku ^EXP-1GSFP							
EXP-1GSFP-T=	Spare 1 Gigabit Ethernet SFP Module 10/100/1000BASE-T	Expressway Series	pluggable	layered	Ethernet transceivers	(none)	1G and 100M SFP	sku ^EXP-1GSFP							
FET-10G	Cisco FET-10G 10GBASE-SR (FET) SFP+-Modul — FET (Fabric Extender), Multimode (OM2/OM3/OM4), 25 m (OM2) / 100 m (OM3+)	Cisco	pluggable	layered	Ethernet transceivers	(none)	10G SFP+	sku ^FET-10G							
FET-40G	Cisco FET-40G Fabric Extender QSFP+ Modul — 850 nm MMF, MPO-12, 150 m OM4, 4×10G, DOM	Cisco	pluggable	layered	Ethernet transceivers	(none)	40G QSFP+	sku ^FET-40G							
GLC-2BX-D	Cisco GLC-2BX-D 2-Kanal 1000BASE-BX10-D Compact SFP — BiDi, 10 km, DOM	Cisco	bidi	layered	Ethernet transceivers	(none)	1G and 100M SFP	sku ^GLC-							
GLC-2BX-D-I	Cisco GLC-2BX-D-I 2-Kanal 1000BASE-BX10-D Compact SFP — BiDi, 10 km, industriell	Cisco	bidi	layered	Ethernet transceivers	(none)	1G and 100M SFP	sku ^GLC-							
GLC-BX-D	1000BASE-BX10-D downstream bidirectional single fiber; with digital optical monitoring (DOM)	Cisco	bidi	layered	Ethernet transceivers	(none)	1G and 100M SFP	sku ^GLC-							
GLC-BX-D-I	Cisco GLC-BX-D-I 1000BASE-BX10-D SFP Modul — BiDi, Single LC, 10 km, industriell	Cisco	bidi	layered	Ethernet transceivers	(none)	1G and 100M SFP	sku ^GLC-							
GLC-BX-D-I=	Cisco GLC-BX-D-I=	Catalyst IE9300 Rugged Series	bidi	layered	Ethernet transceivers	(none)	1G and 100M SFP	sku ^GLC-							
GLC-BX-D=	1000BASE-BX10-D downstream bidirectional single fiber; with digital optical monitoring (DOM)	Catalyst ESS9300 Embedded	bidi	layered	Ethernet transceivers	(none)	1G and 100M SFP	sku ^GLC-							
GLC-BX-U	1000BASE-BX10 SFP module for single-strand SMF, 1310-nm TX/1490-nm RX wavelength	Cisco	bidi	layered	Ethernet transceivers	(none)	1G and 100M SFP	sku ^GLC-							
GLC-BX-U-I	Cisco GLC-BX-U-I 1000BASE-BX10-U SFP Modul — BiDi, Single LC, 10 km, industriell	Cisco	bidi	layered	Ethernet transceivers	(none)	1G and 100M SFP	sku ^GLC-							
GLC-BX-U-I=	Cisco GLC-BX-U-I=	Catalyst IE9300 Rugged Series	bidi	layered	Ethernet transceivers	(none)	1G and 100M SFP	sku ^GLC-							
GLC-BX-U=	1000BASE-BX10 SFP module for single-strand SMF, 1310-nm TX/1490-nm RX wavelength	Catalyst ESS9300 Embedded	bidi	layered	Ethernet transceivers	(none)	1G and 100M SFP	sku ^GLC-							
GLC-BX40-D-I	Cisco GLC-BX40-D-I 1000BASE-BX40-D SFP Modul — BiDi, Single LC, 40 km, industriell	Cisco	bidi	layered	Ethernet transceivers	(none)	1G and 100M SFP	sku ^GLC-							
GLC-BX40-D-I=	Cisco GLC-BX40-D-I=	Catalyst IE9300 Rugged Series	bidi	layered	Ethernet transceivers	(none)	1G and 100M SFP	sku ^GLC-							
GLC-BX40-DA-I	Cisco GLC-BX40-DA-I 1000BASE-BX40-D SFP Modul — BiDi, Single LC, 40 km, Alternative	Cisco	bidi	layered	Ethernet transceivers	(none)	1G and 100M SFP	sku ^GLC-							
GLC-BX40-DA-I=	Cisco GLC-BX40-DA-I=	Catalyst IE3400 Rugged Series	bidi	layered	Ethernet transceivers	(none)	1G and 100M SFP	sku ^GLC-							
GLC-BX40-U-I	Cisco GLC-BX40-U-I 1000BASE-BX40-U SFP Modul — BiDi, Single LC, 40 km, industriell	Cisco	bidi	layered	Ethernet transceivers	(none)	1G and 100M SFP	sku ^GLC-							
GLC-BX40-U-I=	Cisco GLC-BX40-U-I=	Catalyst IE9300 Rugged Series	bidi	layered	Ethernet transceivers	(none)	1G and 100M SFP	sku ^GLC-							
GLC-BX80-D-I	Cisco GLC-BX80-D-I 1000BASE-BX80-D SFP Modul — BiDi, Single LC, 80 km, industriell	Cisco	bidi	layered	Ethernet transceivers	(none)	1G and 100M SFP	sku ^GLC-							
GLC-BX80-D-I=	Cisco GLC-BX80-D-I=	Catalyst IE9300 Rugged Series	bidi	layered	Ethernet transceivers	(none)	1G and 100M SFP	sku ^GLC-							
GLC-BX80-U-I	Cisco GLC-BX80-U-I 1000BASE-BX80-U SFP Modul — BiDi, Single LC, 80 km, industriell	Cisco	bidi	layered	Ethernet transceivers	(none)	1G and 100M SFP	sku ^GLC-							
GLC-BX80-U-I=	Cisco GLC-BX80-U-I=	Catalyst IE9300 Rugged Series	bidi	layered	Ethernet transceivers	(none)	1G and 100M SFP	sku ^GLC-							
GLC-BXD-I	Cisco GLC-BXD-I	Transceiver Modules	bidi	layered	Ethernet transceivers	(none)	1G and 100M SFP	sku ^GLC-							
GLC-BXU-I	Cisco GLC-BXU-I	Transceiver Modules	bidi	layered	Ethernet transceivers	(none)	1G and 100M SFP	sku ^GLC-							
GLC-EX-SMD	1000BASE-EX SFP	Cisco	pluggable	layered	Ethernet transceivers	(none)	1G and 100M SFP	sku ^GLC-							
GLC-EX-SMD=	1000BASE-EX SFP	Catalyst ESS9300 Embedded	pluggable	layered	Ethernet transceivers	(none)	1G and 100M SFP	sku ^GLC-							
GLC-FE-100BX-D	Cisco GLC-FE-100BX-D 100BASE-BX10-D BiDi-SFP — Tx 1550/Rx 1310 nm, Einzelfaser, 10 km	Cisco	bidi	layered	Ethernet transceivers	(none)	1G and 100M SFP	sku ^GLC-							
GLC-FE-100BX-D48	48 units of GLC-FE-100BX-D	ME 3400E Ethernet Access	bidi	layered	Ethernet transceivers	(none)	1G and 100M SFP	sku ^GLC-							
GLC-FE-100BX-D=	100BASE-BX10-D SFP	Catalyst IE9300 Rugged Series	bidi	layered	Ethernet transceivers	(none)	1G and 100M SFP	sku ^GLC-							
GLC-FE-100BX-U	Cisco GLC-FE-100BX-U 100BASE-BX10-U BiDi-SFP — Tx 1310/Rx 1550 nm, Einzelfaser, 10 km	Cisco	bidi	layered	Ethernet transceivers	(none)	1G and 100M SFP	sku ^GLC-							
GLC-FE-100BX-U=	100BASE-BX10-U SFP	Catalyst IE9300 Rugged Series	bidi	layered	Ethernet transceivers	(none)	1G and 100M SFP	sku ^GLC-							
GLC-FE-100BX-URGD	100BASE-BX10-U Rugged SFP	Antennas/Accessories	bidi	layered	Ethernet transceivers	(none)	1G and 100M SFP	sku ^GLC-							
GLC-FE-100BX-URGD=	100BASE-BX10-U Rugged SFP and Fiber Reel	Antennas/Accessories	bidi	layered	Ethernet transceivers	(none)	1G and 100M SFP	sku ^GLC-							
GLC-FE-100EX	Cisco GLC-FE-100EX 100BASE-EX SFP — 1310 nm Singlemode, Duplex LC, 40 km	Cisco	pluggable	layered	Ethernet transceivers	(none)	1G and 100M SFP	sku ^GLC-							
GLC-FE-100EX=	100BASE-EX SFP for Fast Ethernet port	Catalyst IE9300 Rugged Series	pluggable	layered	Ethernet transceivers	(none)	1G and 100M SFP	sku ^GLC-							
GLC-FE-100FX	Cisco GLC-FE-100FX 100BASE-FX SFP — 1300 nm Multimode, Duplex LC, 2 km	Cisco	pluggable	layered	Ethernet transceivers	(none)	1G and 100M SFP	sku ^GLC-							
GLC-FE-100FX-RGD	Rugged Fast Ethernet SFP, LC connector, multimode fiber, 2 km	Cisco	pluggable	layered	Ethernet transceivers	(none)	1G and 100M SFP	sku ^GLC-							
GLC-FE-100FX-RGD=	Rugged Fast Ethernet SFP, LC connector, multimode fiber, 2 km	Catalyst IE9300 Rugged Series	pluggable	layered	Ethernet transceivers	(none)	1G and 100M SFP	sku ^GLC-							
GLC-FE-100FX24	24 units of GLC-FE-100FX	ME 3400E Ethernet Access	pluggable	layered	Ethernet transceivers	(none)	1G and 100M SFP	sku ^GLC-							
GLC-FE-100FX48	48 units of GLC-FE-100FX	ME 3400E Ethernet Access	pluggable	layered	Ethernet transceivers	(none)	1G and 100M SFP	sku ^GLC-							
GLC-FE-100FX=	100BASE-FX SFP module for 100-Mb ports, 1310-nm wavelength, 2 km over MMF	Catalyst IE9300 Rugged Series	pluggable	layered	Ethernet transceivers	(none)	1G and 100M SFP	sku ^GLC-							
GLC-FE-100LX	Cisco GLC-FE-100LX 100BASE-LX10 SFP — 1310 nm Singlemode, Duplex LC, 10 km	Cisco	pluggable	layered	Ethernet transceivers	(none)	1G and 100M SFP	sku ^GLC-							
GLC-FE-100LX-RGD	Rugged Fast Ethernet SFP, LC connector, single mode fiber, 10 km	Cisco	pluggable	layered	Ethernet transceivers	(none)	1G and 100M SFP	sku ^GLC-							
GLC-FE-100LX-RGD=	Rugged Fast Ethernet SFP, LC connector, single mode fiber, 10 km	Catalyst IE9300 Rugged Series	pluggable	layered	Ethernet transceivers	(none)	1G and 100M SFP	sku ^GLC-							
GLC-FE-100LX48	48 units of GLC-FE-100LX	ME 3400E Ethernet Access	pluggable	layered	Ethernet transceivers	(none)	1G and 100M SFP	sku ^GLC-							
GLC-FE-100LX=	100BASE-LX SFP for Fast Ethernet port	Catalyst IE9300 Rugged Series	pluggable	layered	Ethernet transceivers	(none)	1G and 100M SFP	sku ^GLC-							
GLC-FE-100ZX	Cisco GLC-FE-100ZX 100BASE-ZX SFP — 1550 nm Singlemode, Duplex LC, 80 km	Cisco	pluggable	layered	Ethernet transceivers	(none)	1G and 100M SFP	sku ^GLC-							
GLC-FE-100ZX=	100BASE-ZX SFP for Fast Ethernet port	Catalyst IE9300 Rugged Series	pluggable	layered	Ethernet transceivers	(none)	1G and 100M SFP	sku ^GLC-							
GLC-FE-T-I	Cisco GLC-FE-T-I 100BASE-T Kupfer-SFP — RJ-45, Cat-5 UTP, 100 m, Industrie	Cisco	pluggable	layered	Ethernet transceivers	(none)	1G and 100M SFP	sku ^GLC-							
GLC-FE-T-I=	Cisco GLC-FE-T-I=	CGS 2500 Connected Grid	pluggable	layered	Ethernet transceivers	(none)	1G and 100M SFP	sku ^GLC-							
GLC-GE-100FX	100BASE-FX SFP module for Gigabit Ethernet ports, 1310-nm wavelength, 2 km over MMF	Cisco	pluggable	layered	Ethernet transceivers	(none)	1G and 100M SFP	sku ^GLC-							
GLC-GE-100FX=	100BASE-FX SFP module for Gigabit Ethernet ports, 1310-nm wavelength, 2 km over MMF	High-Speed WAN Interface Cards	pluggable	layered	Ethernet transceivers	(none)	1G and 100M SFP	sku ^GLC-							
GLC-GE-DR-LX	Cisco GLC-GE-DR-LX 100/1000BASE-LX SFP Modul — Dual-Rate, 1310 nm SMF, 10 km, DOM	Cisco	pluggable	layered	Ethernet transceivers	(none)	1G and 100M SFP	sku ^GLC-							
GLC-LH-LMM-T1	1000BASE-LX/LH SFP trn mod, M/SMF, 1310nm, DOM, smrt LMM, TI	Network Convergence System 4200 Series	pluggable	pending_plan								class non_product			
GLC-LH-LMM-TI	1000BASE-LX/LH SFP trn mod, M/SMF, 1310nm, DOM, smrt LMM, TI	Cisco	pluggable	layered	Ethernet transceivers	(none)	1G and 100M SFP	sku ^GLC-							
GLC-LH-LMM-TI=	1000BASE-LX/LH SFP trn mod, M/SMF, 1310nm, DOM, smrt LMM, TI	Transceiver Modules	pluggable	layered	Ethernet transceivers	(none)	1G and 100M SFP	sku ^GLC-							
GLC-LH-MM	1000BASE-LHLX, SFP single-mode	Route Processors and Route Switch Processors	pluggable	layered	Ethernet transceivers	(none)	1G and 100M SFP	sku ^GLC-							
GLC-LH-MMD	Cisco GLC-LH-MMD	Catalyst IR1800 Rugged	pluggable	layered	Ethernet transceivers	(none)	1G and 100M SFP	sku ^GLC-							
GLC-LH-SM	Cisco 1000BASE-LX/LH SFP transceiver module for SMF and MMF, 1300-nm wavelength, commercial operating temperature range, 32°F to 158°F (0°C to 70°C)	Cisco	pluggable	layered	Ethernet transceivers	(none)	1G and 100M SFP	sku ^GLC-							
GLC-LH-SM=	Cisco 1000BASE-LX/LH SFP transceiver module for SMF and MMF, 1300-nm wavelength, commercial operating temperature range, 32°F to 158°F (0°C to 70°C)	Catalyst ESS9300 Embedded	pluggable	layered	Ethernet transceivers	(none)	1G and 100M SFP	sku ^GLC-							
GLC-LH-SMD	Gigabit Ethernet optical SFP connector, 1000BASE-LX/LH long-wavelength/long-haul transceiver, DOM	1G SFP Modules	pluggable	layered	Ethernet transceivers	(none)	1G and 100M SFP	sku ^GLC-							
GLC-LH-SMD=	Gigabit Ethernet optical SFP connector, 1000BASE-LX/LH long-wavelength/long-haul transceiver, DOM	Catalyst ESS9300 Embedded	pluggable	layered	Ethernet transceivers	(none)	1G and 100M SFP	sku ^GLC-							
GLC-LX-SM-RGD	Cisco 1000BASE-LX/LH SFP transceiver module for SMF and MMF, 1300-nm wavelength, industrial operating temperature range, -40°F to 185°F (-40°C to 85°C)	Cisco	pluggable	layered	Ethernet transceivers	(none)	1G and 100M SFP	sku ^GLC-							
GLC-LX-SM-RGD=	Cisco 1000BASE-LX/LH SFP transceiver module for SMF and MMF, 1300-nm wavelength, industrial operating temperature range, -40°F to 185°F (-40°C to 85°C)	Catalyst ESS9300 Embedded	pluggable	layered	Ethernet transceivers	(none)	1G and 100M SFP	sku ^GLC-							
GLC-LX-SMD	1000BASE-LX/LH SFP transceiver module, MMF/SMF, 1310nm, DOM	Network Convergence System 500	pluggable	layered	Ethernet transceivers	(none)	1G and 100M SFP	sku ^GLC-							
GLC-SX-MM	Gigabit Ethernet optical SFP connector, 1000BASE-SX short-wavelength transceiver	Cisco	pluggable	layered	Ethernet transceivers	(none)	1G and 100M SFP	sku ^GLC-							
GLC-SX-MM-RGD	Rugged Gigabit Ethernet SFP, LC connector, multimode fiber, 220-550 m	Cisco	pluggable	layered	Ethernet transceivers	(none)	1G and 100M SFP	sku ^GLC-							
GLC-SX-MM-RGD=	Rugged Gigabit Ethernet SFP, LC connector, multimode fiber, 220-550 m	Catalyst ESS9300 Embedded	pluggable	layered	Ethernet transceivers	(none)	1G and 100M SFP	sku ^GLC-							
GLC-SX-MM=	Gigabit Ethernet optical SFP connector, 1000BASE-SX short-wavelength transceiver	Catalyst ESS9300 Embedded	pluggable	layered	Ethernet transceivers	(none)	1G and 100M SFP	sku ^GLC-							
GLC-SX-MMD	Gigabit Ethernet optical SFP connector, 1000BASE-SX short-wavelength transceiver, DOM	1G SFP Modules	pluggable	layered	Ethernet transceivers	(none)	1G and 100M SFP	sku ^GLC-							
GLC-SX-MMD=	Gigabit Ethernet optical SFP connector, 1000BASE-SX short-wavelength transceiver, DOM	Catalyst ESS9300 Embedded	pluggable	layered	Ethernet transceivers	(none)	1G and 100M SFP	sku ^GLC-							
GLC-T	Gigabit Ethernet SFP, RJ-45 connector, and 10/100/1000BASE-T transceiver	Cisco	pluggable	layered	Ethernet transceivers	(none)	1G and 100M SFP	sku ^GLC-							
GLC-T++	1000BASE-T SFP, TAA compliant	Cisco	pluggable	layered	Ethernet transceivers	(none)	1G and 100M SFP	sku ^GLC-							
GLC-T++=	1000BASE-T SFP, TAA compliant	Transceiver Modules	pluggable	layered	Ethernet transceivers	(none)	1G and 100M SFP	sku ^GLC-							
GLC-T-RGD	Cisco GLC-T-RGD 1000BASE-T SFP Modul — RJ-45, Cat 5, 100 m, industriell	Cisco	pluggable	layered	Ethernet transceivers	(none)	1G and 100M SFP	sku ^GLC-							
GLC-T-RGD=	Cisco GLC-T-RGD=	Catalyst ESS9300 Embedded	pluggable	layered	Ethernet transceivers	(none)	1G and 100M SFP	sku ^GLC-							
GLC-T=	Gigabit Ethernet SFP, RJ-45 connector, and 10/100/1000BASE-T transceiver	Catalyst ESS9300 Embedded	pluggable	layered	Ethernet transceivers	(none)	1G and 100M SFP	sku ^GLC-							
GLC-TE	Cisco GLC-TE 1000BASE-T SFP Modul — RJ-45, Cat 5, 100 m, EXT	1G SFP Modules	pluggable	layered	Ethernet transceivers	(none)	1G and 100M SFP	sku ^GLC-							
GLC-TE++	Cisco GLC-TE++ 1000BASE-T SFP-Modul — T (Kupfer, erweitert), Kupfer (Cat-5), 100 m	Cisco	pluggable	layered	Ethernet transceivers	(none)	1G and 100M SFP	sku ^GLC-							
GLC-TE++=	Cisco GLC-TE++=	Transceiver Modules	pluggable	layered	Ethernet transceivers	(none)	1G and 100M SFP	sku ^GLC-							
GLC-TE=	Cisco GLC-TE=	Catalyst ESS9300 Embedded	pluggable	layered	Ethernet transceivers	(none)	1G and 100M SFP	sku ^GLC-							
GLC-ZX-LMM-TI	1000BASE-ZX SFP trn mod, SMF, 1550nm, DOM, smrt LMM TI	Cisco	pluggable	layered	Ethernet transceivers	(none)	1G and 100M SFP	sku ^GLC-							
GLC-ZX-LMM-TI=	1000BASE-ZX SFP trn mod, SMF, 1550nm, DOM, smrt LMM TI	Transceiver Modules	pluggable	layered	Ethernet transceivers	(none)	1G and 100M SFP	sku ^GLC-							
GLC-ZX-SM	Gigabit Ethernet SFP, LC connector, and ZX transceiver	Cisco	pluggable	layered	Ethernet transceivers	(none)	1G and 100M SFP	sku ^GLC-							
GLC-ZX-SM-RGD	Rugged Gigabit Ethernet SFP, LC connector, single mode fiber, 70 km	Cisco	pluggable	layered	Ethernet transceivers	(none)	1G and 100M SFP	sku ^GLC-							
GLC-ZX-SM-RGD=	Rugged Gigabit Ethernet SFP, LC connector, single mode fiber, 70 km	Catalyst ESS9300 Embedded	pluggable	layered	Ethernet transceivers	(none)	1G and 100M SFP	sku ^GLC-							
GLC-ZX-SM=	Gigabit Ethernet SFP, LC connector, and ZX transceiver	Catalyst IE9300 Rugged Series	pluggable	layered	Ethernet transceivers	(none)	1G and 100M SFP	sku ^GLC-							
GLC-ZX-SMD	Cisco GLC-ZX-SMD 1000BASE-ZX SFP Modul — 1550 nm SMF, ~70 km, Dual LC, DOM	Cisco	pluggable	layered	Ethernet transceivers	(none)	1G and 100M SFP	sku ^GLC-							
GLC-ZX-SMD=	Cisco GLC-ZX-SMD=	Catalyst IE9300 Rugged Series	pluggable	layered	Ethernet transceivers	(none)	1G and 100M SFP	sku ^GLC-							
MA-CBL-100G-1M	Cisco Meraki MA-CBL-100G-1M 100 Gbit/s Direktanschlusskabel 1 m	Meraki	cable	layered	Meraki transceivers and cables	(none)	Meraki MA-SFP / MA-QSFP / MA-CBL	sku ^MA-(SFP|QSFP|CBL)-							
MA-CBL-100G-3M	Cisco Meraki MA-CBL-100G-3M 100 Gbit/s Direktanschlusskabel 3 m	Meraki	cable	layered	Meraki transceivers and cables	(none)	Meraki MA-SFP / MA-QSFP / MA-CBL	sku ^MA-(SFP|QSFP|CBL)-							
MA-CBL-100G-50CM	Cisco Meraki MA-CBL-100G-50CM 100 Gbit/s Direktanschlusskabel 0,5 m	Meraki	cable	layered	Meraki transceivers and cables	(none)	Meraki MA-SFP / MA-QSFP / MA-CBL	sku ^MA-(SFP|QSFP|CBL)-							
MA-CBL-120G-1M	Cisco Meraki MA-CBL-120G-1M 120 Gbit/s (3×40G Stacking) Direktanschlusskabel 1 m	Meraki	cable	layered	Meraki transceivers and cables	(none)	Meraki MA-SFP / MA-QSFP / MA-CBL	sku ^MA-(SFP|QSFP|CBL)-							
MA-CBL-120G-3M	Cisco Meraki MA-CBL-120G-3M 120 Gbit/s (3×40G Stacking) Direktanschlusskabel 3 m	Meraki	cable	layered	Meraki transceivers and cables	(none)	Meraki MA-SFP / MA-QSFP / MA-CBL	sku ^MA-(SFP|QSFP|CBL)-							
MA-CBL-120G-50CM	Cisco Meraki MA-CBL-120G-50CM 120 Gbit/s (3×40G Stacking) Direktanschlusskabel 0,5 m	Meraki	cable	layered	Meraki transceivers and cables	(none)	Meraki MA-SFP / MA-QSFP / MA-CBL	sku ^MA-(SFP|QSFP|CBL)-							
MA-CBL-40G-1M	Cisco Meraki MA-CBL-40G-1M 40 Gbit/s Direktanschlusskabel 1 m	Meraki	cable	layered	Meraki transceivers and cables	(none)	Meraki MA-SFP / MA-QSFP / MA-CBL	sku ^MA-(SFP|QSFP|CBL)-							
MA-CBL-40G-3M	Cisco Meraki MA-CBL-40G-3M 40 Gbit/s Direktanschlusskabel 3 m	Meraki	cable	layered	Meraki transceivers and cables	(none)	Meraki MA-SFP / MA-QSFP / MA-CBL	sku ^MA-(SFP|QSFP|CBL)-							
MA-CBL-40G-50CM	Cisco Meraki MA-CBL-40G-50CM 40 Gbit/s Direktanschlusskabel 0,5 m	Meraki	cable	layered	Meraki transceivers and cables	(none)	Meraki MA-SFP / MA-QSFP / MA-CBL	sku ^MA-(SFP|QSFP|CBL)-							
MA-CBL-TA-1M	Cisco Meraki MA-CBL-TA-1M 10 Gbit/s Direktanschlusskabel 1 m	Meraki	cable	layered	Meraki transceivers and cables	(none)	Meraki MA-SFP / MA-QSFP / MA-CBL	sku ^MA-(SFP|QSFP|CBL)-							
MA-CBL-TA-3M	Cisco Meraki MA-CBL-TA-3M 10 Gbit/s Direktanschlusskabel 3 m	Meraki	cable	layered	Meraki transceivers and cables	(none)	Meraki MA-SFP / MA-QSFP / MA-CBL	sku ^MA-(SFP|QSFP|CBL)-							
MA-QSFP-100G-LR4	Cisco Meraki MA-QSFP-100G-LR4 100GBASE-LR4 QSFP28 — LR4 (4× LAN-WDM), Singlemode, 10 km	Meraki	pluggable	layered	Meraki transceivers and cables	(none)	Meraki MA-SFP / MA-QSFP / MA-CBL	sku ^MA-(SFP|QSFP|CBL)-							
MA-QSFP-100G-SR4	Cisco Meraki MA-QSFP-100G-SR4 100GBASE-SR4 QSFP28 — SR4 (4×25G parallel), Multimode, bis 100 m (OM4)	Meraki	pluggable	layered	Meraki transceivers and cables	(none)	Meraki MA-SFP / MA-QSFP / MA-CBL	sku ^MA-(SFP|QSFP|CBL)-							
MA-QSFP-40G-CSR4	Cisco Meraki MA-QSFP-40G-CSR4 40GBASE-CSR4 (Extended SR) QSFP+ — CSR4 (4×10G, erweiterte Reichweite), Multimode, bis 400 m (OM4)	Meraki	pluggable	layered	Meraki transceivers and cables	(none)	Meraki MA-SFP / MA-QSFP / MA-CBL	sku ^MA-(SFP|QSFP|CBL)-							
MA-QSFP-40G-LR4	Cisco Meraki MA-QSFP-40G-LR4 40GBASE-LR4 QSFP+ — LR4 (4× LAN-WDM), Singlemode, 10 km	Meraki	pluggable	layered	Meraki transceivers and cables	(none)	Meraki MA-SFP / MA-QSFP / MA-CBL	sku ^MA-(SFP|QSFP|CBL)-							
MA-QSFP-40G-SR-BD	Cisco Meraki MA-QSFP-40G-SR-BD 40GBASE-SR-BiDi QSFP+ — SR-BD (BiDi, 2-Faser), Multimode, bis 150 m (OM4)	Meraki	pluggable	layered	Meraki transceivers and cables	(none)	Meraki MA-SFP / MA-QSFP / MA-CBL	sku ^MA-(SFP|QSFP|CBL)-							
MA-QSFP-40G-SR4	Cisco Meraki MA-QSFP-40G-SR4 40GBASE-SR4 QSFP+ — SR4 (4×10G parallel), Multimode, bis 150 m (OM4)	Meraki	pluggable	layered	Meraki transceivers and cables	(none)	Meraki MA-SFP / MA-QSFP / MA-CBL	sku ^MA-(SFP|QSFP|CBL)-							
MA-SFP-10GB-ER	Cisco Meraki MA-SFP-10GB-ER 10GBASE-ER SFP+ — ER (Weitverkehr), Singlemode, 40 km	Meraki	pluggable	layered	Meraki transceivers and cables	(none)	Meraki MA-SFP / MA-QSFP / MA-CBL	sku ^MA-(SFP|QSFP|CBL)-							
MA-SFP-10GB-LR	Cisco Meraki MA-SFP-10GB-LR 10GBASE-LR SFP+ — LR (Langstrecke), Singlemode, 10 km	Meraki	pluggable	layered	Meraki transceivers and cables	(none)	Meraki MA-SFP / MA-QSFP / MA-CBL	sku ^MA-(SFP|QSFP|CBL)-							
MA-SFP-10GB-LRM	Cisco Meraki MA-SFP-10GB-LRM 10GBASE-LRM SFP+ — LRM (Multimode lang), Multimode, 220 m	Meraki	pluggable	layered	Meraki transceivers and cables	(none)	Meraki MA-SFP / MA-QSFP / MA-CBL	sku ^MA-(SFP|QSFP|CBL)-							
MA-SFP-10GB-SR	Cisco Meraki MA-SFP-10GB-SR 10GBASE-SR SFP+ — SR (Kurzstrecke), Multimode, bis 300 m (OM3)	Meraki	pluggable	layered	Meraki transceivers and cables	(none)	Meraki MA-SFP / MA-QSFP / MA-CBL	sku ^MA-(SFP|QSFP|CBL)-							
MA-SFP-10GB-ZR	Cisco Meraki MA-SFP-10GB-ZR 10GBASE-ZR SFP+ — ZR (Weitverkehr), Singlemode, 80 km	Meraki	pluggable	layered	Meraki transceivers and cables	(none)	Meraki MA-SFP / MA-QSFP / MA-CBL	sku ^MA-(SFP|QSFP|CBL)-							
MA-SFP-1GB-LX10	Cisco Meraki MA-SFP-1GB-LX10 1000BASE-LX10 SFP — LX10 (Langstrecke), Singlemode, 10 km	Meraki	pluggable	layered	Meraki transceivers and cables	(none)	Meraki MA-SFP / MA-QSFP / MA-CBL	sku ^MA-(SFP|QSFP|CBL)-							
MA-SFP-1GB-SX	Cisco Meraki MA-SFP-1GB-SX 1000BASE-SX SFP — SX (Kurzstrecke), Multimode, bis 550 m (OM2)	Meraki	pluggable	layered	Meraki transceivers and cables	(none)	Meraki MA-SFP / MA-QSFP / MA-CBL	sku ^MA-(SFP|QSFP|CBL)-							
MA-SFP-1GB-TX	Cisco Meraki MA-SFP-1GB-TX 1000BASE-T SFP — T (Kupfer), Kupfer (Cat-5e), 100 m	Meraki	pluggable	layered	Meraki transceivers and cables	(none)	Meraki MA-SFP / MA-QSFP / MA-CBL	sku ^MA-(SFP|QSFP|CBL)-							
MGBBX1	Cisco MGBBX1	220 Smart	pluggable	layered	Ethernet transceivers	(none)	1G and 100M SFP	sku ^MGB							
MGBLH1	Cisco MGBLH1 1000BASE-LH SFP (mini-GBIC) — Singlemode, 40 km	Cisco	pluggable	layered	Ethernet transceivers	(none)	1G and 100M SFP	sku ^MGB							
MGBLX1	Cisco MGBLX1 1000BASE-LX SFP (mini-GBIC) — Singlemode, 10 km	Cisco	pluggable	layered	Ethernet transceivers	(none)	1G and 100M SFP	sku ^MGB							
MGBSX1	Cisco MGBSX1 1000BASE-SX SFP (mini-GBIC) — Multimode, bis 550 m	Cisco	pluggable	layered	Ethernet transceivers	(none)	1G and 100M SFP	sku ^MGB							
MGBT1	Cisco MGBT1 1000BASE-T SFP (mini-GBIC) — Kupfer (Cat-5e), 100 m	Cisco	pluggable	layered	Ethernet transceivers	(none)	1G and 100M SFP	sku ^MGB							
NCS-FAB-OPT	Bundle of 96 CXP-100G-SR12	Transceiver Modules	pluggable	layered	Ethernet transceivers	(none)	40G / 100G CFP, CFP2, CPAK and CXP	sku ^NCS-FAB-OPT							
NCS-FAB-OPT=	Bundle of 96 CXP-100G-SR12	Transceiver Modules	pluggable	layered	Ethernet transceivers	(none)	40G / 100G CFP, CFP2, CPAK and CXP	sku ^NCS-FAB-OPT							
ONS-C2-WDM-DE-1HL	200G, 100G, WDM Digital CFP2 pluggable Licensed 100G only	Network Convergence System 5500 Series	tunable	layered	Optical networking pluggables (ONS / NCS 2000)	(none)	ONS 15454 / NCS 2000 pluggables	sku ^ONS-(S[CEI]\+?-|XC-|XE-|GC-|GX-|QC-|CC-|CCC-|CPAK-|CXP2?-(?!MPO)|QSFP|QSP28|CFP2|C2-WDM-)							
ONS-C2-WDM-DE-1HL=	200G, 100G, WDM Digital CFP2 pluggable Licensed 100G only	Network Convergence System 5500 Series	tunable	layered	Optical networking pluggables (ONS / NCS 2000)	(none)	ONS 15454 / NCS 2000 pluggables	sku ^ONS-(S[CEI]\+?-|XC-|XE-|GC-|GX-|QC-|CC-|CCC-|CPAK-|CXP2?-(?!MPO)|QSFP|QSP28|CFP2|C2-WDM-)							
ONS-CC-100G-LR4	Multi Rate CFP - LR4 - Commercial temp	ONS 15454 Series Multiservice Transport Platforms	pluggable	layered	Optical networking pluggables (ONS / NCS 2000)	(none)	ONS 15454 / NCS 2000 pluggables	sku ^ONS-(S[CEI]\+?-|XC-|XE-|GC-|GX-|QC-|CC-|CCC-|CPAK-|CXP2?-(?!MPO)|QSFP|QSP28|CFP2|C2-WDM-)							
ONS-CC-100G-LR4=	100GE Multi-Rate CFP – LR4 – Commercial temp	Network Convergence System 2000 Series	pluggable	layered	Optical networking pluggables (ONS / NCS 2000)	(none)	ONS 15454 / NCS 2000 pluggables	sku ^ONS-(S[CEI]\+?-|XC-|XE-|GC-|GX-|QC-|CC-|CCC-|CPAK-|CXP2?-(?!MPO)|QSFP|QSP28|CFP2|C2-WDM-)							
ONS-CC-100GE-LR4=	100GE Single rate CFP - LR4 - Commercial temp	Network Convergence System 2000 Series	pluggable	layered	Optical networking pluggables (ONS / NCS 2000)	(none)	ONS 15454 / NCS 2000 pluggables	sku ^ONS-(S[CEI]\+?-|XC-|XE-|GC-|GX-|QC-|CC-|CCC-|CPAK-|CXP2?-(?!MPO)|QSFP|QSP28|CFP2|C2-WDM-)							
ONS-CC-40G-FR=	40-Gbps Multirate CFP – FR – Commercial temp	Network Convergence System 2000 Series	pluggable	layered	Optical networking pluggables (ONS / NCS 2000)	(none)	ONS 15454 / NCS 2000 pluggables	sku ^ONS-(S[CEI]\+?-|XC-|XE-|GC-|GX-|QC-|CC-|CCC-|CPAK-|CXP2?-(?!MPO)|QSFP|QSP28|CFP2|C2-WDM-)							
ONS-CC-40G-LR4=	40-Gbps Multirate CFP – LR4 – Commercial temp	Network Convergence System 2000 Series	pluggable	layered	Optical networking pluggables (ONS / NCS 2000)	(none)	ONS 15454 / NCS 2000 pluggables	sku ^ONS-(S[CEI]\+?-|XC-|XE-|GC-|GX-|QC-|CC-|CCC-|CPAK-|CXP2?-(?!MPO)|QSFP|QSP28|CFP2|C2-WDM-)							
ONS-CCC-100G-10=	CXP-CFP MPO cable, 10m long	Network Convergence System 2000 Series	cable	layered	Optical networking pluggables (ONS / NCS 2000)	(none)	ONS 15454 / NCS 2000 pluggables	sku ^ONS-(S[CEI]\+?-|XC-|XE-|GC-|GX-|QC-|CC-|CCC-|CPAK-|CXP2?-(?!MPO)|QSFP|QSP28|CFP2|C2-WDM-)							
ONS-CCC-100G-20=	CXP-CFP MPO cable, 20m long	Network Convergence System 2000 Series	cable	layered	Optical networking pluggables (ONS / NCS 2000)	(none)	ONS 15454 / NCS 2000 pluggables	sku ^ONS-(S[CEI]\+?-|XC-|XE-|GC-|GX-|QC-|CC-|CCC-|CPAK-|CXP2?-(?!MPO)|QSFP|QSP28|CFP2|C2-WDM-)							
ONS-CCC-100G-5=	CXP-CFP MPO cable, 5m long	Network Convergence System 2000 Series	cable	layered	Optical networking pluggables (ONS / NCS 2000)	(none)	ONS 15454 / NCS 2000 pluggables	sku ^ONS-(S[CEI]\+?-|XC-|XE-|GC-|GX-|QC-|CC-|CCC-|CPAK-|CXP2?-(?!MPO)|QSFP|QSP28|CFP2|C2-WDM-)							
ONS-CFP2-ACO-BDL	WDM CFP2 Pluggable Bundle - Licensed - No Feature	ONS 15454 Series Multiservice Transport Platforms	tunable	layered	Optical networking pluggables (ONS / NCS 2000)	(none)	ONS 15454 / NCS 2000 pluggables	sku ^ONS-(S[CEI]\+?-|XC-|XE-|GC-|GX-|QC-|CC-|CCC-|CPAK-|CXP2?-(?!MPO)|QSFP|QSP28|CFP2|C2-WDM-)							
ONS-CFP2-BUN-SK	1X CFP2-WDM - 1X LIC	ONS 15454 Series Multiservice Transport Platforms	tunable	layered	Optical networking pluggables (ONS / NCS 2000)	(none)	ONS 15454 / NCS 2000 pluggables	sku ^ONS-(S[CEI]\+?-|XC-|XE-|GC-|GX-|QC-|CC-|CCC-|CPAK-|CXP2?-(?!MPO)|QSFP|QSP28|CFP2|C2-WDM-)							
ONS-CFP2-BUN2-SK	Cisco ONS-CFP2-BUN2-SK	ONS 15454 Series Multiservice Transport Platforms	tunable	layered	Optical networking pluggables (ONS / NCS 2000)	(none)	ONS 15454 / NCS 2000 pluggables	sku ^ONS-(S[CEI]\+?-|XC-|XE-|GC-|GX-|QC-|CC-|CCC-|CPAK-|CXP2?-(?!MPO)|QSFP|QSP28|CFP2|C2-WDM-)							
ONS-CFP2-WDM	100G QPSK / 200G 16-QAM - WDM CFP2 Pluggable	Cisco	tunable	layered	Optical networking pluggables (ONS / NCS 2000)	(none)	ONS 15454 / NCS 2000 pluggables	sku ^ONS-(S[CEI]\+?-|XC-|XE-|GC-|GX-|QC-|CC-|CCC-|CPAK-|CXP2?-(?!MPO)|QSFP|QSP28|CFP2|C2-WDM-)							
ONS-CFP2-WDM-1KE	100G QPSK / 200G 16-QAM - WDM CFP2 Pluggable, Enhanced	ONS 15454 Series Multiservice Transport Platforms	tunable	layered	Optical networking pluggables (ONS / NCS 2000)	(none)	ONS 15454 / NCS 2000 pluggables	sku ^ONS-(S[CEI]\+?-|XC-|XE-|GC-|GX-|QC-|CC-|CCC-|CPAK-|CXP2?-(?!MPO)|QSFP|QSP28|CFP2|C2-WDM-)							
ONS-CFP2-WDM-1KE=	100G QPSK / 200G 16-QAM - WDM CFP2 Pluggable, Enhanced	Network Convergence System 2000 Series	tunable	layered	Optical networking pluggables (ONS / NCS 2000)	(none)	ONS 15454 / NCS 2000 pluggables	sku ^ONS-(S[CEI]\+?-|XC-|XE-|GC-|GX-|QC-|CC-|CCC-|CPAK-|CXP2?-(?!MPO)|QSFP|QSP28|CFP2|C2-WDM-)							
ONS-CFP2-WDM-1KL=	100G QPSK / 200G 16-QAM - WDM CFP2 Pluggable, C temp	Network Convergence System 2000 Series	tunable	layered	Optical networking pluggables (ONS / NCS 2000)	(none)	ONS 15454 / NCS 2000 pluggables	sku ^ONS-(S[CEI]\+?-|XC-|XE-|GC-|GX-|QC-|CC-|CCC-|CPAK-|CXP2?-(?!MPO)|QSFP|QSP28|CFP2|C2-WDM-)							
ONS-CFP2-WDM2	Cisco ONS-CFP2-WDM2 Analog-Coherent CFP2 der zweiten Generation — 100G/200G, NCS 2000	Cisco	tunable	layered	Optical networking pluggables (ONS / NCS 2000)	(none)	ONS 15454 / NCS 2000 pluggables	sku ^ONS-(S[CEI]\+?-|XC-|XE-|GC-|GX-|QC-|CC-|CCC-|CPAK-|CXP2?-(?!MPO)|QSFP|QSP28|CFP2|C2-WDM-)							
ONS-CFP2-WDM2=	100G QPSK/200G 16-QAM - WDM CFP2 Pluggable	Network Convergence System 2000 Series	tunable	layered	Optical networking pluggables (ONS / NCS 2000)	(none)	ONS 15454 / NCS 2000 pluggables	sku ^ONS-(S[CEI]\+?-|XC-|XE-|GC-|GX-|QC-|CC-|CCC-|CPAK-|CXP2?-(?!MPO)|QSFP|QSP28|CFP2|C2-WDM-)							
ONS-CFP2-WDM=	100G QPSK / 200G 16-QAM - WDM CFP2 Pluggable	Network Convergence System 4000 Series	tunable	layered	Optical networking pluggables (ONS / NCS 2000)	(none)	ONS 15454 / NCS 2000 pluggables	sku ^ONS-(S[CEI]\+?-|XC-|XE-|GC-|GX-|QC-|CC-|CCC-|CPAK-|CXP2?-(?!MPO)|QSFP|QSP28|CFP2|C2-WDM-)							
ONS-CFP2D-400G-C	400G CFP2 DCO Multi-rate WDM C Band Tuneable	Cisco	tunable	layered	Optical networking pluggables (ONS / NCS 2000)	(none)	ONS 15454 / NCS 2000 pluggables	sku ^ONS-(S[CEI]\+?-|XC-|XE-|GC-|GX-|QC-|CC-|CCC-|CPAK-|CXP2?-(?!MPO)|QSFP|QSP28|CFP2|C2-WDM-)							
ONS-CFP2D-400G-C=	400G CFP2 DCO Multi-rate WDM C Band Tuneable	Network Convergence System 2000 Series	tunable	layered	Optical networking pluggables (ONS / NCS 2000)	(none)	ONS 15454 / NCS 2000 pluggables	sku ^ONS-(S[CEI]\+?-|XC-|XE-|GC-|GX-|QC-|CC-|CCC-|CPAK-|CXP2?-(?!MPO)|QSFP|QSP28|CFP2|C2-WDM-)							
ONS-CFP2WDM-BUN	10 x ONS-CFP2-WDM Bundle	ONS 15454 Series Multiservice Transport Platforms	tunable	layered	Optical networking pluggables (ONS / NCS 2000)	(none)	ONS 15454 / NCS 2000 pluggables	sku ^ONS-(S[CEI]\+?-|XC-|XE-|GC-|GX-|QC-|CC-|CCC-|CPAK-|CXP2?-(?!MPO)|QSFP|QSP28|CFP2|C2-WDM-)							
ONS-CFP2WDM-BUN4	4 x ONS-CFP2-WDM Bundle	ONS 15454 Series Multiservice Transport Platforms	tunable	layered	Optical networking pluggables (ONS / NCS 2000)	(none)	ONS 15454 / NCS 2000 pluggables	sku ^ONS-(S[CEI]\+?-|XC-|XE-|GC-|GX-|QC-|CC-|CCC-|CPAK-|CXP2?-(?!MPO)|QSFP|QSP28|CFP2|C2-WDM-)							
ONS-CFP2WDM2-BUN	Cisco ONS-CFP2WDM2-BUN	ONS 15454 Series Multiservice Transport Platforms	tunable	layered	Optical networking pluggables (ONS / NCS 2000)	(none)	ONS 15454 / NCS 2000 pluggables	sku ^ONS-(S[CEI]\+?-|XC-|XE-|GC-|GX-|QC-|CC-|CCC-|CPAK-|CXP2?-(?!MPO)|QSFP|QSP28|CFP2|C2-WDM-)							
ONS-CFP2WDM2-BUN4	Cisco ONS-CFP2WDM2-BUN4	ONS 15454 Series Multiservice Transport Platforms	tunable	layered	Optical networking pluggables (ONS / NCS 2000)	(none)	ONS 15454 / NCS 2000 pluggables	sku ^ONS-(S[CEI]\+?-|XC-|XE-|GC-|GX-|QC-|CC-|CCC-|CPAK-|CXP2?-(?!MPO)|QSFP|QSP28|CFP2|C2-WDM-)							
ONS-CPAK-LR4=	100GE/OTU4 Multi-Rate CPAK Pluggable - LR4	Network Convergence System 4000 Series	pluggable	layered	Optical networking pluggables (ONS / NCS 2000)	(none)	ONS 15454 / NCS 2000 pluggables	sku ^ONS-(S[CEI]\+?-|XC-|XE-|GC-|GX-|QC-|CC-|CCC-|CPAK-|CXP2?-(?!MPO)|QSFP|QSP28|CFP2|C2-WDM-)							
ONS-CPAK-SR10=	100GE/OTU4 Multi-Rate CPAK Pluggable - SR10	Network Convergence System 4000 Series	pluggable	layered	Optical networking pluggables (ONS / NCS 2000)	(none)	ONS 15454 / NCS 2000 pluggables	sku ^ONS-(S[CEI]\+?-|XC-|XE-|GC-|GX-|QC-|CC-|CCC-|CPAK-|CXP2?-(?!MPO)|QSFP|QSP28|CFP2|C2-WDM-)							
ONS-CXP-100G-SR10=	CXP - 100GBASE-SR - Commercial Temp	ONS 15454 Series Multiservice Transport Platforms	pluggable	layered	Optical networking pluggables (ONS / NCS 2000)	(none)	ONS 15454 / NCS 2000 pluggables	sku ^ONS-(S[CEI]\+?-|XC-|XE-|GC-|GX-|QC-|CC-|CCC-|CPAK-|CXP2?-(?!MPO)|QSFP|QSP28|CFP2|C2-WDM-)							
ONS-CXP2-SR25	Cisco ONS-CXP2-SR25 CXP — 300G (12×25G) SR, Multimode, 24-Faser-MPO	Cisco	pluggable	layered	Optical networking pluggables (ONS / NCS 2000)	(none)	ONS 15454 / NCS 2000 pluggables	sku ^ONS-(S[CEI]\+?-|XC-|XE-|GC-|GX-|QC-|CC-|CCC-|CPAK-|CXP2?-(?!MPO)|QSFP|QSP28|CFP2|C2-WDM-)							
ONS-CXP2-SR25=	CXP2 Transceiver module - 12x25G - Fabric Interconnect	Network Convergence System 4000 Series	pluggable	layered	Optical networking pluggables (ONS / NCS 2000)	(none)	ONS 15454 / NCS 2000 pluggables	sku ^ONS-(S[CEI]\+?-|XC-|XE-|GC-|GX-|QC-|CC-|CCC-|CPAK-|CXP2?-(?!MPO)|QSFP|QSP28|CFP2|C2-WDM-)							
ONS-GC-GE-LX	GBIC- 1000Base-LX, SC, SM	ONS 15454 Series Multiservice Transport Platforms	pluggable	layered	Optical networking pluggables (ONS / NCS 2000)	(none)	ONS 15454 / NCS 2000 pluggables	sku ^ONS-(S[CEI]\+?-|XC-|XE-|GC-|GX-|QC-|CC-|CCC-|CPAK-|CXP2?-(?!MPO)|QSFP|QSP28|CFP2|C2-WDM-)							
ONS-GC-GE-LX=	1000BASE-LX, SC, SM, or MM	Network Convergence System 2000 Series	pluggable	layered	Optical networking pluggables (ONS / NCS 2000)	(none)	ONS 15454 / NCS 2000 pluggables	sku ^ONS-(S[CEI]\+?-|XC-|XE-|GC-|GX-|QC-|CC-|CCC-|CPAK-|CXP2?-(?!MPO)|QSFP|QSP28|CFP2|C2-WDM-)							
ONS-GC-GE-SX	GBIC- 1000Base-SX, SC, MM	ONS 15454 Series Multiservice Transport Platforms	pluggable	layered	Optical networking pluggables (ONS / NCS 2000)	(none)	ONS 15454 / NCS 2000 pluggables	sku ^ONS-(S[CEI]\+?-|XC-|XE-|GC-|GX-|QC-|CC-|CCC-|CPAK-|CXP2?-(?!MPO)|QSFP|QSP28|CFP2|C2-WDM-)							
ONS-GC-GE-SX=	GBIC- 1000Base-SX, SC, MM	Network Convergence System 2000 Series	pluggable	layered	Optical networking pluggables (ONS / NCS 2000)	(none)	ONS 15454 / NCS 2000 pluggables	sku ^ONS-(S[CEI]\+?-|XC-|XE-|GC-|GX-|QC-|CC-|CCC-|CPAK-|CXP2?-(?!MPO)|QSFP|QSP28|CFP2|C2-WDM-)							
ONS-GC-GE-ZX	GBIC- 1000Base-ZX, SM	ONS 15454 Series Multiservice Transport Platforms	pluggable	layered	Optical networking pluggables (ONS / NCS 2000)	(none)	ONS 15454 / NCS 2000 pluggables	sku ^ONS-(S[CEI]\+?-|XC-|XE-|GC-|GX-|QC-|CC-|CCC-|CPAK-|CXP2?-(?!MPO)|QSFP|QSP28|CFP2|C2-WDM-)							
ONS-GC-GE-ZX=	GBIC- 1000Base-ZX, SM	Network Convergence System 2000 Series	pluggable	layered	Optical networking pluggables (ONS / NCS 2000)	(none)	ONS 15454 / NCS 2000 pluggables	sku ^ONS-(S[CEI]\+?-|XC-|XE-|GC-|GX-|QC-|CC-|CCC-|CPAK-|CXP2?-(?!MPO)|QSFP|QSP28|CFP2|C2-WDM-)							
ONS-GX-2FC-MMI=	1 Gbps or 2 Gbps, 850 nm, SC, MM	Network Convergence System 2000 Series	pluggable	layered	Optical networking pluggables (ONS / NCS 2000)	(none)	ONS 15454 / NCS 2000 pluggables	sku ^ONS-(S[CEI]\+?-|XC-|XE-|GC-|GX-|QC-|CC-|CCC-|CPAK-|CXP2?-(?!MPO)|QSFP|QSP28|CFP2|C2-WDM-)							
ONS-GX-2FC-SML=	1 Gbps or 2 Gbps, 1310 nm, SC, SM	Network Convergence System 2000 Series	pluggable	layered	Optical networking pluggables (ONS / NCS 2000)	(none)	ONS 15454 / NCS 2000 pluggables	sku ^ONS-(S[CEI]\+?-|XC-|XE-|GC-|GX-|QC-|CC-|CCC-|CPAK-|CXP2?-(?!MPO)|QSFP|QSP28|CFP2|C2-WDM-)							
ONS-QC-16GFC-LW=	4 X 16G/8G Fiber Channel QSFP+, SM, C Temp	Network Convergence System 2000 Series	pluggable	layered	Optical networking pluggables (ONS / NCS 2000)	(none)	ONS 15454 / NCS 2000 pluggables	sku ^ONS-(S[CEI]\+?-|XC-|XE-|GC-|GX-|QC-|CC-|CCC-|CPAK-|CXP2?-(?!MPO)|QSFP|QSP28|CFP2|C2-WDM-)							
ONS-QC-16GFC-SW	Cisco ONS-QC-16GFC-SW 4×16G Fibre Channel QSFP+ — Multimode, 850 nm, NCS 2000	Cisco	pluggable	layered	Optical networking pluggables (ONS / NCS 2000)	(none)	ONS 15454 / NCS 2000 pluggables	sku ^ONS-(S[CEI]\+?-|XC-|XE-|GC-|GX-|QC-|CC-|CCC-|CPAK-|CXP2?-(?!MPO)|QSFP|QSP28|CFP2|C2-WDM-)							
ONS-QC-16GFC-SW=	4 X 16G Channel QSFP+, MM, C Temp	Network Convergence System 2000 Series	pluggable	layered	Optical networking pluggables (ONS / NCS 2000)	(none)	ONS 15454 / NCS 2000 pluggables	sku ^ONS-(S[CEI]\+?-|XC-|XE-|GC-|GX-|QC-|CC-|CCC-|CPAK-|CXP2?-(?!MPO)|QSFP|QSP28|CFP2|C2-WDM-)							
ONS-QSFP-40G-SR4=	40GBASE-SR4 QSFP Transceiver Module with MPO Connector	ONS 15454 Series Multiservice Transport Platforms	pluggable	layered	Optical networking pluggables (ONS / NCS 2000)	(none)	ONS 15454 / NCS 2000 pluggables	sku ^ONS-(S[CEI]\+?-|XC-|XE-|GC-|GX-|QC-|CC-|CCC-|CPAK-|CXP2?-(?!MPO)|QSFP|QSP28|CFP2|C2-WDM-)							
ONS-QSFP-4X10-MER=	4x10Gbps Multi-rate QSFP+, ER	Network Convergence System 4000 Series	pluggable	layered	Optical networking pluggables (ONS / NCS 2000)	(none)	ONS 15454 / NCS 2000 pluggables	sku ^ONS-(S[CEI]\+?-|XC-|XE-|GC-|GX-|QC-|CC-|CCC-|CPAK-|CXP2?-(?!MPO)|QSFP|QSP28|CFP2|C2-WDM-)							
ONS-QSFP-4X10-MLR=	100GBASE LR4 QSFP Transceiver, LC, 10km over SMF	Network Convergence System 4000 Series	pluggable	layered	Optical networking pluggables (ONS / NCS 2000)	(none)	ONS 15454 / NCS 2000 pluggables	sku ^ONS-(S[CEI]\+?-|XC-|XE-|GC-|GX-|QC-|CC-|CCC-|CPAK-|CXP2?-(?!MPO)|QSFP|QSP28|CFP2|C2-WDM-)							
ONS-QSFP-OTDR=	ONS OTDR pluggable module	Network Convergence System 1000 Series	pluggable	layered	Optical networking pluggables (ONS / NCS 2000)	(none)	ONS 15454 / NCS 2000 pluggables	sku ^ONS-(S[CEI]\+?-|XC-|XE-|GC-|GX-|QC-|CC-|CCC-|CPAK-|CXP2?-(?!MPO)|QSFP|QSP28|CFP2|C2-WDM-)							
ONS-QSFP28-LR4	Cisco ONS-QSFP28-LR4 100GBASE-LR4 QSFP28 — Singlemode, 10 km, LC, NCS 2000	Cisco	pluggable	layered	Optical networking pluggables (ONS / NCS 2000)	(none)	ONS 15454 / NCS 2000 pluggables	sku ^ONS-(S[CEI]\+?-|XC-|XE-|GC-|GX-|QC-|CC-|CCC-|CPAK-|CXP2?-(?!MPO)|QSFP|QSP28|CFP2|C2-WDM-)							
ONS-QSFP28-LR4=	100Gbps Multi-rate QSFP28, LR	Network Convergence System 4000 Series	pluggable	layered	Optical networking pluggables (ONS / NCS 2000)	(none)	ONS 15454 / NCS 2000 pluggables	sku ^ONS-(S[CEI]\+?-|XC-|XE-|GC-|GX-|QC-|CC-|CCC-|CPAK-|CXP2?-(?!MPO)|QSFP|QSP28|CFP2|C2-WDM-)							
ONS-SC+-10-CU1=	10G BASE-CU SFP+ Cable 1 Meter	ONS 15454 Series Multiservice Transport Platforms	cable	layered	Direct-attach and active optical cables	(none)	DAC and AOC cables (SFP+ / SFP28 / SFP56 / QSFP / QSFP-DD)	sku ^(?!Q(?:SFP|DD)?-?[0-9]+(?:SFP|X[0-9]|Q[0-9]|ZQ|S[0-9])).*(?<!E)CU[0-9]							
ONS-SC+-10-CU3=	10G BASE-CU SFP+ Cable 3 Meter	ONS 15454 Series Multiservice Transport Platforms	cable	layered	Direct-attach and active optical cables	(none)	DAC and AOC cables (SFP+ / SFP28 / SFP56 / QSFP / QSFP-DD)	sku ^(?!Q(?:SFP|DD)?-?[0-9]+(?:SFP|X[0-9]|Q[0-9]|ZQ|S[0-9])).*(?<!E)CU[0-9]							
ONS-SC+-10-CU5=	10G BASE-CU SFP+ Cable 5 Meter	ONS 15454 Series Multiservice Transport Platforms	cable	layered	Direct-attach and active optical cables	(none)	DAC and AOC cables (SFP+ / SFP28 / SFP56 / QSFP / QSFP-DD)	sku ^(?!Q(?:SFP|DD)?-?[0-9]+(?:SFP|X[0-9]|Q[0-9]|ZQ|S[0-9])).*(?<!E)CU[0-9]							
ONS-SC+-10-CU7=	10G BASE-CU SFP+ Cable 7 Meter	ONS 15454 Series Multiservice Transport Platforms	cable	layered	Direct-attach and active optical cables	(none)	DAC and AOC cables (SFP+ / SFP28 / SFP56 / QSFP / QSFP-DD)	sku ^(?!Q(?:SFP|DD)?-?[0-9]+(?:SFP|X[0-9]|Q[0-9]|ZQ|S[0-9])).*(?<!E)CU[0-9]							
ONS-SC+-10G-30.3=	10G MR, SFP+ 1530.33, 100 GHz, LC	ONS 15454 Series Multiservice Transport Platforms	pluggable	layered	Optical networking pluggables (ONS / NCS 2000)	(none)	ONS 15454 / NCS 2000 pluggables	sku ^ONS-(S[CEI]\+?-|XC-|XE-|GC-|GX-|QC-|CC-|CCC-|CPAK-|CXP2?-(?!MPO)|QSFP|QSP28|CFP2|C2-WDM-)							
ONS-SC+-10G-30.7=	10G MR, SFP+ 1530.72, 100 GHz, LC	ONS 15454 Series Multiservice Transport Platforms	pluggable	layered	Optical networking pluggables (ONS / NCS 2000)	(none)	ONS 15454 / NCS 2000 pluggables	sku ^ONS-(S[CEI]\+?-|XC-|XE-|GC-|GX-|QC-|CC-|CCC-|CPAK-|CXP2?-(?!MPO)|QSFP|QSP28|CFP2|C2-WDM-)							
ONS-SC+-10G-31.1=	10G MR, SFP+ 1531.12, 100 GHz, LC	ONS 15454 Series Multiservice Transport Platforms	pluggable	layered	Optical networking pluggables (ONS / NCS 2000)	(none)	ONS 15454 / NCS 2000 pluggables	sku ^ONS-(S[CEI]\+?-|XC-|XE-|GC-|GX-|QC-|CC-|CCC-|CPAK-|CXP2?-(?!MPO)|QSFP|QSP28|CFP2|C2-WDM-)							
ONS-SC+-10G-31.5=	10G MR, SFP+ 1531.51, 100 GHz, LC	ONS 15454 Series Multiservice Transport Platforms	pluggable	layered	Optical networking pluggables (ONS / NCS 2000)	(none)	ONS 15454 / NCS 2000 pluggables	sku ^ONS-(S[CEI]\+?-|XC-|XE-|GC-|GX-|QC-|CC-|CCC-|CPAK-|CXP2?-(?!MPO)|QSFP|QSP28|CFP2|C2-WDM-)							
ONS-SC+-10G-31.9=	10G MR, SFP+ 1531.90, 100 GHz, LC	ONS 15454 Series Multiservice Transport Platforms	pluggable	layered	Optical networking pluggables (ONS / NCS 2000)	(none)	ONS 15454 / NCS 2000 pluggables	sku ^ONS-(S[CEI]\+?-|XC-|XE-|GC-|GX-|QC-|CC-|CCC-|CPAK-|CXP2?-(?!MPO)|QSFP|QSP28|CFP2|C2-WDM-)							
ONS-SC+-10G-32.2=	10G MR, SFP+ 1532.29, 100 GHz, LC	ONS 15454 Series Multiservice Transport Platforms	pluggable	layered	Optical networking pluggables (ONS / NCS 2000)	(none)	ONS 15454 / NCS 2000 pluggables	sku ^ONS-(S[CEI]\+?-|XC-|XE-|GC-|GX-|QC-|CC-|CCC-|CPAK-|CXP2?-(?!MPO)|QSFP|QSP28|CFP2|C2-WDM-)							
ONS-SC+-10G-32.6=	10G MR, SFP+ 1532.68, 100 GHz, LC	ONS 15454 Series Multiservice Transport Platforms	pluggable	layered	Optical networking pluggables (ONS / NCS 2000)	(none)	ONS 15454 / NCS 2000 pluggables	sku ^ONS-(S[CEI]\+?-|XC-|XE-|GC-|GX-|QC-|CC-|CCC-|CPAK-|CXP2?-(?!MPO)|QSFP|QSP28|CFP2|C2-WDM-)							
ONS-SC+-10G-33.0=	10G MR, SFP+ 1533.07, 100 GHz, LC	ONS 15454 Series Multiservice Transport Platforms	pluggable	layered	Optical networking pluggables (ONS / NCS 2000)	(none)	ONS 15454 / NCS 2000 pluggables	sku ^ONS-(S[CEI]\+?-|XC-|XE-|GC-|GX-|QC-|CC-|CCC-|CPAK-|CXP2?-(?!MPO)|QSFP|QSP28|CFP2|C2-WDM-)							
ONS-SC+-10G-33.4=	10G MR, SFP+ 1533.47, 100 GHz, LC	ONS 15454 Series Multiservice Transport Platforms	pluggable	layered	Optical networking pluggables (ONS / NCS 2000)	(none)	ONS 15454 / NCS 2000 pluggables	sku ^ONS-(S[CEI]\+?-|XC-|XE-|GC-|GX-|QC-|CC-|CCC-|CPAK-|CXP2?-(?!MPO)|QSFP|QSP28|CFP2|C2-WDM-)							
ONS-SC+-10G-33.8=	10G MR, SFP+ 1533.86, 100 GHz, LC	ONS 15454 Series Multiservice Transport Platforms	pluggable	layered	Optical networking pluggables (ONS / NCS 2000)	(none)	ONS 15454 / NCS 2000 pluggables	sku ^ONS-(S[CEI]\+?-|XC-|XE-|GC-|GX-|QC-|CC-|CCC-|CPAK-|CXP2?-(?!MPO)|QSFP|QSP28|CFP2|C2-WDM-)							
ONS-SC+-10G-34.2=	10G MR, SFP+ 1534.25, 100 GHz, LC	ONS 15454 Series Multiservice Transport Platforms	pluggable	layered	Optical networking pluggables (ONS / NCS 2000)	(none)	ONS 15454 / NCS 2000 pluggables	sku ^ONS-(S[CEI]\+?-|XC-|XE-|GC-|GX-|QC-|CC-|CCC-|CPAK-|CXP2?-(?!MPO)|QSFP|QSP28|CFP2|C2-WDM-)							
ONS-SC+-10G-34.6=	10G MR, SFP+ 1534.64, 100 GHz, LC	ONS 15454 Series Multiservice Transport Platforms	pluggable	layered	Optical networking pluggables (ONS / NCS 2000)	(none)	ONS 15454 / NCS 2000 pluggables	sku ^ONS-(S[CEI]\+?-|XC-|XE-|GC-|GX-|QC-|CC-|CCC-|CPAK-|CXP2?-(?!MPO)|QSFP|QSP28|CFP2|C2-WDM-)							
ONS-SC+-10G-35.0=	10G MR, SFP+ 1535.04, 100 GHz, LC	ONS 15454 Series Multiservice Transport Platforms	pluggable	layered	Optical networking pluggables (ONS / NCS 2000)	(none)	ONS 15454 / NCS 2000 pluggables	sku ^ONS-(S[CEI]\+?-|XC-|XE-|GC-|GX-|QC-|CC-|CCC-|CPAK-|CXP2?-(?!MPO)|QSFP|QSP28|CFP2|C2-WDM-)							
ONS-SC+-10G-35.4=	10G MR, SFP+ 1535.43, 100 GHz, LC	ONS 15454 Series Multiservice Transport Platforms	pluggable	layered	Optical networking pluggables (ONS / NCS 2000)	(none)	ONS 15454 / NCS 2000 pluggables	sku ^ONS-(S[CEI]\+?-|XC-|XE-|GC-|GX-|QC-|CC-|CCC-|CPAK-|CXP2?-(?!MPO)|QSFP|QSP28|CFP2|C2-WDM-)							
ONS-SC+-10G-35.8=	10G MR, SFP+ 1535.82, 100 GHz, LC	ONS 15454 Series Multiservice Transport Platforms	pluggable	layered	Optical networking pluggables (ONS / NCS 2000)	(none)	ONS 15454 / NCS 2000 pluggables	sku ^ONS-(S[CEI]\+?-|XC-|XE-|GC-|GX-|QC-|CC-|CCC-|CPAK-|CXP2?-(?!MPO)|QSFP|QSP28|CFP2|C2-WDM-)							
ONS-SC+-10G-36.2=	10G MR, SFP+ 1536.22, 100 GHz, LC	ONS 15454 Series Multiservice Transport Platforms	pluggable	layered	Optical networking pluggables (ONS / NCS 2000)	(none)	ONS 15454 / NCS 2000 pluggables	sku ^ONS-(S[CEI]\+?-|XC-|XE-|GC-|GX-|QC-|CC-|CCC-|CPAK-|CXP2?-(?!MPO)|QSFP|QSP28|CFP2|C2-WDM-)							
ONS-SC+-10G-36.6=	10G MR, SFP+ 1536.61, 100 GHz, LC	ONS 15454 Series Multiservice Transport Platforms	pluggable	layered	Optical networking pluggables (ONS / NCS 2000)	(none)	ONS 15454 / NCS 2000 pluggables	sku ^ONS-(S[CEI]\+?-|XC-|XE-|GC-|GX-|QC-|CC-|CCC-|CPAK-|CXP2?-(?!MPO)|QSFP|QSP28|CFP2|C2-WDM-)							
ONS-SC+-10G-37.0=	10G MR, SFP+ 1537.00, 100 GHz, LC	ONS 15454 Series Multiservice Transport Platforms	pluggable	layered	Optical networking pluggables (ONS / NCS 2000)	(none)	ONS 15454 / NCS 2000 pluggables	sku ^ONS-(S[CEI]\+?-|XC-|XE-|GC-|GX-|QC-|CC-|CCC-|CPAK-|CXP2?-(?!MPO)|QSFP|QSP28|CFP2|C2-WDM-)							
ONS-SC+-10G-37.4=	10G MR, SFP+ 1537.40, 100 GHz, LC	ONS 15454 Series Multiservice Transport Platforms	pluggable	layered	Optical networking pluggables (ONS / NCS 2000)	(none)	ONS 15454 / NCS 2000 pluggables	sku ^ONS-(S[CEI]\+?-|XC-|XE-|GC-|GX-|QC-|CC-|CCC-|CPAK-|CXP2?-(?!MPO)|QSFP|QSP28|CFP2|C2-WDM-)							
ONS-SC+-10G-37.7=	10G MR, SFP+ 1537.79, 100 GHz, LC	ONS 15454 Series Multiservice Transport Platforms	pluggable	layered	Optical networking pluggables (ONS / NCS 2000)	(none)	ONS 15454 / NCS 2000 pluggables	sku ^ONS-(S[CEI]\+?-|XC-|XE-|GC-|GX-|QC-|CC-|CCC-|CPAK-|CXP2?-(?!MPO)|QSFP|QSP28|CFP2|C2-WDM-)							
ONS-SC+-10G-38.1=	10G MR, SFP+ 1538.19, 100 GHz, LC	ONS 15454 Series Multiservice Transport Platforms	pluggable	layered	Optical networking pluggables (ONS / NCS 2000)	(none)	ONS 15454 / NCS 2000 pluggables	sku ^ONS-(S[CEI]\+?-|XC-|XE-|GC-|GX-|QC-|CC-|CCC-|CPAK-|CXP2?-(?!MPO)|QSFP|QSP28|CFP2|C2-WDM-)							
ONS-SC+-10G-38.5=	10G MR, SFP+ 1538.58, 100 GHz, LC	ONS 15454 Series Multiservice Transport Platforms	pluggable	layered	Optical networking pluggables (ONS / NCS 2000)	(none)	ONS 15454 / NCS 2000 pluggables	sku ^ONS-(S[CEI]\+?-|XC-|XE-|GC-|GX-|QC-|CC-|CCC-|CPAK-|CXP2?-(?!MPO)|QSFP|QSP28|CFP2|C2-WDM-)							
ONS-SC+-10G-38.9=	10G MR, SFP+ 1538.98, 100 GHz, LC	ONS 15454 Series Multiservice Transport Platforms	pluggable	layered	Optical networking pluggables (ONS / NCS 2000)	(none)	ONS 15454 / NCS 2000 pluggables	sku ^ONS-(S[CEI]\+?-|XC-|XE-|GC-|GX-|QC-|CC-|CCC-|CPAK-|CXP2?-(?!MPO)|QSFP|QSP28|CFP2|C2-WDM-)							
ONS-SC+-10G-39.3=	10G MR, SFP+ 1539.37, 100 GHz, LC	ONS 15454 Series Multiservice Transport Platforms	pluggable	layered	Optical networking pluggables (ONS / NCS 2000)	(none)	ONS 15454 / NCS 2000 pluggables	sku ^ONS-(S[CEI]\+?-|XC-|XE-|GC-|GX-|QC-|CC-|CCC-|CPAK-|CXP2?-(?!MPO)|QSFP|QSP28|CFP2|C2-WDM-)							
ONS-SC+-10G-39.7=	10G MR, SFP+ 1539.77, 100 GHz, LC	ONS 15454 Series Multiservice Transport Platforms	pluggable	layered	Optical networking pluggables (ONS / NCS 2000)	(none)	ONS 15454 / NCS 2000 pluggables	sku ^ONS-(S[CEI]\+?-|XC-|XE-|GC-|GX-|QC-|CC-|CCC-|CPAK-|CXP2?-(?!MPO)|QSFP|QSP28|CFP2|C2-WDM-)							
ONS-SC+-10G-40.1=	10G MR, SFP+ 1540.16, 100 GHz, LC	ONS 15454 Series Multiservice Transport Platforms	pluggable	layered	Optical networking pluggables (ONS / NCS 2000)	(none)	ONS 15454 / NCS 2000 pluggables	sku ^ONS-(S[CEI]\+?-|XC-|XE-|GC-|GX-|QC-|CC-|CCC-|CPAK-|CXP2?-(?!MPO)|QSFP|QSP28|CFP2|C2-WDM-)							
ONS-SC+-10G-40.5=	10G MR, SFP+ 1540.56, 100 GHz, LC	ONS 15454 Series Multiservice Transport Platforms	pluggable	layered	Optical networking pluggables (ONS / NCS 2000)	(none)	ONS 15454 / NCS 2000 pluggables	sku ^ONS-(S[CEI]\+?-|XC-|XE-|GC-|GX-|QC-|CC-|CCC-|CPAK-|CXP2?-(?!MPO)|QSFP|QSP28|CFP2|C2-WDM-)							
ONS-SC+-10G-40.9=	10G MR, SFP+ 1540.95, 100 GHz, LC	ONS 15454 Series Multiservice Transport Platforms	pluggable	layered	Optical networking pluggables (ONS / NCS 2000)	(none)	ONS 15454 / NCS 2000 pluggables	sku ^ONS-(S[CEI]\+?-|XC-|XE-|GC-|GX-|QC-|CC-|CCC-|CPAK-|CXP2?-(?!MPO)|QSFP|QSP28|CFP2|C2-WDM-)							
ONS-SC+-10G-41.3=	10G MR, SFP+ 1541.35, 100 GHz, LC	ONS 15454 Series Multiservice Transport Platforms	pluggable	layered	Optical networking pluggables (ONS / NCS 2000)	(none)	ONS 15454 / NCS 2000 pluggables	sku ^ONS-(S[CEI]\+?-|XC-|XE-|GC-|GX-|QC-|CC-|CCC-|CPAK-|CXP2?-(?!MPO)|QSFP|QSP28|CFP2|C2-WDM-)							
ONS-SC+-10G-41.7=	10G MR, SFP+ 1541.75, 100 GHz, LC	ONS 15454 Series Multiservice Transport Platforms	pluggable	layered	Optical networking pluggables (ONS / NCS 2000)	(none)	ONS 15454 / NCS 2000 pluggables	sku ^ONS-(S[CEI]\+?-|XC-|XE-|GC-|GX-|QC-|CC-|CCC-|CPAK-|CXP2?-(?!MPO)|QSFP|QSP28|CFP2|C2-WDM-)							
ONS-SC+-10G-42.1=	10G MR, SFP+ 1542.14, 100 GHz, LC	ONS 15454 Series Multiservice Transport Platforms	pluggable	layered	Optical networking pluggables (ONS / NCS 2000)	(none)	ONS 15454 / NCS 2000 pluggables	sku ^ONS-(S[CEI]\+?-|XC-|XE-|GC-|GX-|QC-|CC-|CCC-|CPAK-|CXP2?-(?!MPO)|QSFP|QSP28|CFP2|C2-WDM-)							
ONS-SC+-10G-42.5=	10G MR, SFP+ 1542.54, 100 GHz, LC	ONS 15454 Series Multiservice Transport Platforms	pluggable	layered	Optical networking pluggables (ONS / NCS 2000)	(none)	ONS 15454 / NCS 2000 pluggables	sku ^ONS-(S[CEI]\+?-|XC-|XE-|GC-|GX-|QC-|CC-|CCC-|CPAK-|CXP2?-(?!MPO)|QSFP|QSP28|CFP2|C2-WDM-)							
ONS-SC+-10G-42.9=	10G MR, SFP+ 1542.94, 100 GHz, LC	ONS 15454 Series Multiservice Transport Platforms	pluggable	layered	Optical networking pluggables (ONS / NCS 2000)	(none)	ONS 15454 / NCS 2000 pluggables	sku ^ONS-(S[CEI]\+?-|XC-|XE-|GC-|GX-|QC-|CC-|CCC-|CPAK-|CXP2?-(?!MPO)|QSFP|QSP28|CFP2|C2-WDM-)							
ONS-SC+-10G-43.3=	10G MR, SFP+ 1543.33, 100 GHz, LC	ONS 15454 Series Multiservice Transport Platforms	pluggable	layered	Optical networking pluggables (ONS / NCS 2000)	(none)	ONS 15454 / NCS 2000 pluggables	sku ^ONS-(S[CEI]\+?-|XC-|XE-|GC-|GX-|QC-|CC-|CCC-|CPAK-|CXP2?-(?!MPO)|QSFP|QSP28|CFP2|C2-WDM-)							
ONS-SC+-10G-43.7=	10G MR, SFP+ 1543.73, 100 GHz, LC	ONS 15454 Series Multiservice Transport Platforms	pluggable	layered	Optical networking pluggables (ONS / NCS 2000)	(none)	ONS 15454 / NCS 2000 pluggables	sku ^ONS-(S[CEI]\+?-|XC-|XE-|GC-|GX-|QC-|CC-|CCC-|CPAK-|CXP2?-(?!MPO)|QSFP|QSP28|CFP2|C2-WDM-)							
ONS-SC+-10G-44.1=	10G MR, SFP+ 1544.13, 100 GHz, LC	ONS 15454 Series Multiservice Transport Platforms	pluggable	layered	Optical networking pluggables (ONS / NCS 2000)	(none)	ONS 15454 / NCS 2000 pluggables	sku ^ONS-(S[CEI]\+?-|XC-|XE-|GC-|GX-|QC-|CC-|CCC-|CPAK-|CXP2?-(?!MPO)|QSFP|QSP28|CFP2|C2-WDM-)							
ONS-SC+-10G-44.5=	10G MR, SFP+ 1544.53, 100 GHz, LC	ONS 15454 Series Multiservice Transport Platforms	pluggable	layered	Optical networking pluggables (ONS / NCS 2000)	(none)	ONS 15454 / NCS 2000 pluggables	sku ^ONS-(S[CEI]\+?-|XC-|XE-|GC-|GX-|QC-|CC-|CCC-|CPAK-|CXP2?-(?!MPO)|QSFP|QSP28|CFP2|C2-WDM-)							
ONS-SC+-10G-44.9=	10G MR, SFP+ 1544.92, 100 GHz, LC	ONS 15454 Series Multiservice Transport Platforms	pluggable	layered	Optical networking pluggables (ONS / NCS 2000)	(none)	ONS 15454 / NCS 2000 pluggables	sku ^ONS-(S[CEI]\+?-|XC-|XE-|GC-|GX-|QC-|CC-|CCC-|CPAK-|CXP2?-(?!MPO)|QSFP|QSP28|CFP2|C2-WDM-)							
ONS-SC+-10G-45.3=	10G MR, SFP+ 1545.32, 100 GHz, LC	ONS 15454 Series Multiservice Transport Platforms	pluggable	layered	Optical networking pluggables (ONS / NCS 2000)	(none)	ONS 15454 / NCS 2000 pluggables	sku ^ONS-(S[CEI]\+?-|XC-|XE-|GC-|GX-|QC-|CC-|CCC-|CPAK-|CXP2?-(?!MPO)|QSFP|QSP28|CFP2|C2-WDM-)							
ONS-SC+-10G-45.7=	10G MR, SFP+ 1545.72, 100 GHz, LC	ONS 15454 Series Multiservice Transport Platforms	pluggable	layered	Optical networking pluggables (ONS / NCS 2000)	(none)	ONS 15454 / NCS 2000 pluggables	sku ^ONS-(S[CEI]\+?-|XC-|XE-|GC-|GX-|QC-|CC-|CCC-|CPAK-|CXP2?-(?!MPO)|QSFP|QSP28|CFP2|C2-WDM-)							
ONS-SC+-10G-46.1=	10G MR, SFP+ 1546.12, 100 GHz, LC	ONS 15454 Series Multiservice Transport Platforms	pluggable	layered	Optical networking pluggables (ONS / NCS 2000)	(none)	ONS 15454 / NCS 2000 pluggables	sku ^ONS-(S[CEI]\+?-|XC-|XE-|GC-|GX-|QC-|CC-|CCC-|CPAK-|CXP2?-(?!MPO)|QSFP|QSP28|CFP2|C2-WDM-)							
ONS-SC+-10G-46.5=	10G MR, SFP+ 1546.52, 100 GHz, LC	ONS 15454 Series Multiservice Transport Platforms	pluggable	layered	Optical networking pluggables (ONS / NCS 2000)	(none)	ONS 15454 / NCS 2000 pluggables	sku ^ONS-(S[CEI]\+?-|XC-|XE-|GC-|GX-|QC-|CC-|CCC-|CPAK-|CXP2?-(?!MPO)|QSFP|QSP28|CFP2|C2-WDM-)							
ONS-SC+-10G-46.9=	10G MR, SFP+ 1546.92, 100 GHz, LC	ONS 15454 Series Multiservice Transport Platforms	pluggable	layered	Optical networking pluggables (ONS / NCS 2000)	(none)	ONS 15454 / NCS 2000 pluggables	sku ^ONS-(S[CEI]\+?-|XC-|XE-|GC-|GX-|QC-|CC-|CCC-|CPAK-|CXP2?-(?!MPO)|QSFP|QSP28|CFP2|C2-WDM-)							
ONS-SC+-10G-47.3=	10G MR, SFP+ 1547.32, 100 GHz, LC	ONS 15454 Series Multiservice Transport Platforms	pluggable	layered	Optical networking pluggables (ONS / NCS 2000)	(none)	ONS 15454 / NCS 2000 pluggables	sku ^ONS-(S[CEI]\+?-|XC-|XE-|GC-|GX-|QC-|CC-|CCC-|CPAK-|CXP2?-(?!MPO)|QSFP|QSP28|CFP2|C2-WDM-)							
ONS-SC+-10G-47.7=	10G MR, SFP+ 1547.72, 100 GHz, LC	ONS 15454 Series Multiservice Transport Platforms	pluggable	layered	Optical networking pluggables (ONS / NCS 2000)	(none)	ONS 15454 / NCS 2000 pluggables	sku ^ONS-(S[CEI]\+?-|XC-|XE-|GC-|GX-|QC-|CC-|CCC-|CPAK-|CXP2?-(?!MPO)|QSFP|QSP28|CFP2|C2-WDM-)							
ONS-SC+-10G-48.1=	10G MR, SFP+ 1548.11, 100 GHz, LC	ONS 15454 Series Multiservice Transport Platforms	pluggable	layered	Optical networking pluggables (ONS / NCS 2000)	(none)	ONS 15454 / NCS 2000 pluggables	sku ^ONS-(S[CEI]\+?-|XC-|XE-|GC-|GX-|QC-|CC-|CCC-|CPAK-|CXP2?-(?!MPO)|QSFP|QSP28|CFP2|C2-WDM-)							
ONS-SC+-10G-48.5=	10G MR, SFP+ 1548.51, 100 GHz, LC	ONS 15454 Series Multiservice Transport Platforms	pluggable	layered	Optical networking pluggables (ONS / NCS 2000)	(none)	ONS 15454 / NCS 2000 pluggables	sku ^ONS-(S[CEI]\+?-|XC-|XE-|GC-|GX-|QC-|CC-|CCC-|CPAK-|CXP2?-(?!MPO)|QSFP|QSP28|CFP2|C2-WDM-)							
ONS-SC+-10G-48.9=	10G MR, SFP+ 1548.91, 100 GHz, LC	ONS 15454 Series Multiservice Transport Platforms	pluggable	layered	Optical networking pluggables (ONS / NCS 2000)	(none)	ONS 15454 / NCS 2000 pluggables	sku ^ONS-(S[CEI]\+?-|XC-|XE-|GC-|GX-|QC-|CC-|CCC-|CPAK-|CXP2?-(?!MPO)|QSFP|QSP28|CFP2|C2-WDM-)							
ONS-SC+-10G-49.3=	10G MR, SFP+ 1549.32, 100 GHz, LC	ONS 15454 Series Multiservice Transport Platforms	pluggable	layered	Optical networking pluggables (ONS / NCS 2000)	(none)	ONS 15454 / NCS 2000 pluggables	sku ^ONS-(S[CEI]\+?-|XC-|XE-|GC-|GX-|QC-|CC-|CCC-|CPAK-|CXP2?-(?!MPO)|QSFP|QSP28|CFP2|C2-WDM-)							
ONS-SC+-10G-49.7=	10G MR, SFP+ 1549.71, 100 GHz, LC	ONS 15454 Series Multiservice Transport Platforms	pluggable	layered	Optical networking pluggables (ONS / NCS 2000)	(none)	ONS 15454 / NCS 2000 pluggables	sku ^ONS-(S[CEI]\+?-|XC-|XE-|GC-|GX-|QC-|CC-|CCC-|CPAK-|CXP2?-(?!MPO)|QSFP|QSP28|CFP2|C2-WDM-)							
ONS-SC+-10G-50.1=	10G MR, SFP+ 1550.12, 100 GHz, LC	ONS 15454 Series Multiservice Transport Platforms	pluggable	layered	Optical networking pluggables (ONS / NCS 2000)	(none)	ONS 15454 / NCS 2000 pluggables	sku ^ONS-(S[CEI]\+?-|XC-|XE-|GC-|GX-|QC-|CC-|CCC-|CPAK-|CXP2?-(?!MPO)|QSFP|QSP28|CFP2|C2-WDM-)							
ONS-SC+-10G-50.5=	10G MR, SFP+ 1550.52, 100 GHz, LC	ONS 15454 Series Multiservice Transport Platforms	pluggable	layered	Optical networking pluggables (ONS / NCS 2000)	(none)	ONS 15454 / NCS 2000 pluggables	sku ^ONS-(S[CEI]\+?-|XC-|XE-|GC-|GX-|QC-|CC-|CCC-|CPAK-|CXP2?-(?!MPO)|QSFP|QSP28|CFP2|C2-WDM-)							
ONS-SC+-10G-50.9=	10G MR, SFP+ 1550.92, 100 GHz, LC	ONS 15454 Series Multiservice Transport Platforms	pluggable	layered	Optical networking pluggables (ONS / NCS 2000)	(none)	ONS 15454 / NCS 2000 pluggables	sku ^ONS-(S[CEI]\+?-|XC-|XE-|GC-|GX-|QC-|CC-|CCC-|CPAK-|CXP2?-(?!MPO)|QSFP|QSP28|CFP2|C2-WDM-)							
ONS-SC+-10G-51.3=	10G MR, SFP+ 1551.32, 100 GHz, LC	ONS 15454 Series Multiservice Transport Platforms	pluggable	layered	Optical networking pluggables (ONS / NCS 2000)	(none)	ONS 15454 / NCS 2000 pluggables	sku ^ONS-(S[CEI]\+?-|XC-|XE-|GC-|GX-|QC-|CC-|CCC-|CPAK-|CXP2?-(?!MPO)|QSFP|QSP28|CFP2|C2-WDM-)							
ONS-SC+-10G-51.7=	10G MR, SFP+ 1551.72, 100 GHz, LC	ONS 15454 Series Multiservice Transport Platforms	pluggable	layered	Optical networking pluggables (ONS / NCS 2000)	(none)	ONS 15454 / NCS 2000 pluggables	sku ^ONS-(S[CEI]\+?-|XC-|XE-|GC-|GX-|QC-|CC-|CCC-|CPAK-|CXP2?-(?!MPO)|QSFP|QSP28|CFP2|C2-WDM-)							
ONS-SC+-10G-52.1=	10G MR, SFP+ 1552.12, 100 GHz, LC	ONS 15454 Series Multiservice Transport Platforms	pluggable	layered	Optical networking pluggables (ONS / NCS 2000)	(none)	ONS 15454 / NCS 2000 pluggables	sku ^ONS-(S[CEI]\+?-|XC-|XE-|GC-|GX-|QC-|CC-|CCC-|CPAK-|CXP2?-(?!MPO)|QSFP|QSP28|CFP2|C2-WDM-)							
ONS-SC+-10G-52.5=	10G MR, SFP+ 1552.52, 100 GHz, LC	ONS 15454 Series Multiservice Transport Platforms	pluggable	layered	Optical networking pluggables (ONS / NCS 2000)	(none)	ONS 15454 / NCS 2000 pluggables	sku ^ONS-(S[CEI]\+?-|XC-|XE-|GC-|GX-|QC-|CC-|CCC-|CPAK-|CXP2?-(?!MPO)|QSFP|QSP28|CFP2|C2-WDM-)							
ONS-SC+-10G-52.9=	10G MR, SFP+ 1552.93, 100 GHz, LC	ONS 15454 Series Multiservice Transport Platforms	pluggable	layered	Optical networking pluggables (ONS / NCS 2000)	(none)	ONS 15454 / NCS 2000 pluggables	sku ^ONS-(S[CEI]\+?-|XC-|XE-|GC-|GX-|QC-|CC-|CCC-|CPAK-|CXP2?-(?!MPO)|QSFP|QSP28|CFP2|C2-WDM-)							
ONS-SC+-10G-53.3=	10G MR, SFP+ 1553.33, 100 GHz, LC	ONS 15454 Series Multiservice Transport Platforms	pluggable	layered	Optical networking pluggables (ONS / NCS 2000)	(none)	ONS 15454 / NCS 2000 pluggables	sku ^ONS-(S[CEI]\+?-|XC-|XE-|GC-|GX-|QC-|CC-|CCC-|CPAK-|CXP2?-(?!MPO)|QSFP|QSP28|CFP2|C2-WDM-)							
ONS-SC+-10G-53.7=	10G MR, SFP+ 1553.73, 100 GHz, LC	ONS 15454 Series Multiservice Transport Platforms	pluggable	layered	Optical networking pluggables (ONS / NCS 2000)	(none)	ONS 15454 / NCS 2000 pluggables	sku ^ONS-(S[CEI]\+?-|XC-|XE-|GC-|GX-|QC-|CC-|CCC-|CPAK-|CXP2?-(?!MPO)|QSFP|QSP28|CFP2|C2-WDM-)							
ONS-SC+-10G-54.1=	10G MR, SFP+ 1554.13, 100 GHz, LC	ONS 15454 Series Multiservice Transport Platforms	pluggable	layered	Optical networking pluggables (ONS / NCS 2000)	(none)	ONS 15454 / NCS 2000 pluggables	sku ^ONS-(S[CEI]\+?-|XC-|XE-|GC-|GX-|QC-|CC-|CCC-|CPAK-|CXP2?-(?!MPO)|QSFP|QSP28|CFP2|C2-WDM-)							
ONS-SC+-10G-54.5=	10G MR, SFP+ 1554.54, 100 GHz, LC	ONS 15454 Series Multiservice Transport Platforms	pluggable	layered	Optical networking pluggables (ONS / NCS 2000)	(none)	ONS 15454 / NCS 2000 pluggables	sku ^ONS-(S[CEI]\+?-|XC-|XE-|GC-|GX-|QC-|CC-|CCC-|CPAK-|CXP2?-(?!MPO)|QSFP|QSP28|CFP2|C2-WDM-)							
ONS-SC+-10G-54.9=	10G MR, SFP+ 1554.94, 100 GHz, LC	ONS 15454 Series Multiservice Transport Platforms	pluggable	layered	Optical networking pluggables (ONS / NCS 2000)	(none)	ONS 15454 / NCS 2000 pluggables	sku ^ONS-(S[CEI]\+?-|XC-|XE-|GC-|GX-|QC-|CC-|CCC-|CPAK-|CXP2?-(?!MPO)|QSFP|QSP28|CFP2|C2-WDM-)							
ONS-SC+-10G-55.3=	10G MR, SFP+ 1555.34, 100 GHz, LC	ONS 15454 Series Multiservice Transport Platforms	pluggable	layered	Optical networking pluggables (ONS / NCS 2000)	(none)	ONS 15454 / NCS 2000 pluggables	sku ^ONS-(S[CEI]\+?-|XC-|XE-|GC-|GX-|QC-|CC-|CCC-|CPAK-|CXP2?-(?!MPO)|QSFP|QSP28|CFP2|C2-WDM-)							
ONS-SC+-10G-55.7=	10G MR, SFP+ 1555.75, 100 GHz, LC	ONS 15454 Series Multiservice Transport Platforms	pluggable	layered	Optical networking pluggables (ONS / NCS 2000)	(none)	ONS 15454 / NCS 2000 pluggables	sku ^ONS-(S[CEI]\+?-|XC-|XE-|GC-|GX-|QC-|CC-|CCC-|CPAK-|CXP2?-(?!MPO)|QSFP|QSP28|CFP2|C2-WDM-)							
ONS-SC+-10G-56.1=	10G MR, SFP+ 1556.15, 100 GHz, LC	ONS 15454 Series Multiservice Transport Platforms	pluggable	layered	Optical networking pluggables (ONS / NCS 2000)	(none)	ONS 15454 / NCS 2000 pluggables	sku ^ONS-(S[CEI]\+?-|XC-|XE-|GC-|GX-|QC-|CC-|CCC-|CPAK-|CXP2?-(?!MPO)|QSFP|QSP28|CFP2|C2-WDM-)							
ONS-SC+-10G-56.5=	10G MR, SFP+ 1556.55, 100 GHz, LC	ONS 15454 Series Multiservice Transport Platforms	pluggable	layered	Optical networking pluggables (ONS / NCS 2000)	(none)	ONS 15454 / NCS 2000 pluggables	sku ^ONS-(S[CEI]\+?-|XC-|XE-|GC-|GX-|QC-|CC-|CCC-|CPAK-|CXP2?-(?!MPO)|QSFP|QSP28|CFP2|C2-WDM-)							
ONS-SC+-10G-56.9=	10G MR, SFP+ 1556.96, 100 GHz, LC	ONS 15454 Series Multiservice Transport Platforms	pluggable	layered	Optical networking pluggables (ONS / NCS 2000)	(none)	ONS 15454 / NCS 2000 pluggables	sku ^ONS-(S[CEI]\+?-|XC-|XE-|GC-|GX-|QC-|CC-|CCC-|CPAK-|CXP2?-(?!MPO)|QSFP|QSP28|CFP2|C2-WDM-)							
ONS-SC+-10G-57.3=	10G MR, SFP+ 1557.36, 100 GHz, LC	ONS 15454 Series Multiservice Transport Platforms	pluggable	layered	Optical networking pluggables (ONS / NCS 2000)	(none)	ONS 15454 / NCS 2000 pluggables	sku ^ONS-(S[CEI]\+?-|XC-|XE-|GC-|GX-|QC-|CC-|CCC-|CPAK-|CXP2?-(?!MPO)|QSFP|QSP28|CFP2|C2-WDM-)							
ONS-SC+-10G-57.7=	10G MR, SFP+ 1557.77, 100 GHz, LC	ONS 15454 Series Multiservice Transport Platforms	pluggable	layered	Optical networking pluggables (ONS / NCS 2000)	(none)	ONS 15454 / NCS 2000 pluggables	sku ^ONS-(S[CEI]\+?-|XC-|XE-|GC-|GX-|QC-|CC-|CCC-|CPAK-|CXP2?-(?!MPO)|QSFP|QSP28|CFP2|C2-WDM-)							
ONS-SC+-10G-58.1=	10G MR, SFP+ 1558.17, 100 GHz, LC	ONS 15454 Series Multiservice Transport Platforms	pluggable	layered	Optical networking pluggables (ONS / NCS 2000)	(none)	ONS 15454 / NCS 2000 pluggables	sku ^ONS-(S[CEI]\+?-|XC-|XE-|GC-|GX-|QC-|CC-|CCC-|CPAK-|CXP2?-(?!MPO)|QSFP|QSP28|CFP2|C2-WDM-)							
ONS-SC+-10G-58.8=	10G MR, SFP+ 1558.58, 100 GHz, LC	ONS 15454 Series Multiservice Transport Platforms	pluggable	layered	Optical networking pluggables (ONS / NCS 2000)	(none)	ONS 15454 / NCS 2000 pluggables	sku ^ONS-(S[CEI]\+?-|XC-|XE-|GC-|GX-|QC-|CC-|CCC-|CPAK-|CXP2?-(?!MPO)|QSFP|QSP28|CFP2|C2-WDM-)							
ONS-SC+-10G-58.9=	10G MR, SFP+ 1558.98, 100 GHz, LC	ONS 15454 Series Multiservice Transport Platforms	pluggable	layered	Optical networking pluggables (ONS / NCS 2000)	(none)	ONS 15454 / NCS 2000 pluggables	sku ^ONS-(S[CEI]\+?-|XC-|XE-|GC-|GX-|QC-|CC-|CCC-|CPAK-|CXP2?-(?!MPO)|QSFP|QSP28|CFP2|C2-WDM-)							
ONS-SC+-10G-59.3=	10G MR, SFP+ 1559.39, 100 GHz, LC	ONS 15454 Series Multiservice Transport Platforms	pluggable	layered	Optical networking pluggables (ONS / NCS 2000)	(none)	ONS 15454 / NCS 2000 pluggables	sku ^ONS-(S[CEI]\+?-|XC-|XE-|GC-|GX-|QC-|CC-|CCC-|CPAK-|CXP2?-(?!MPO)|QSFP|QSP28|CFP2|C2-WDM-)							
ONS-SC+-10G-59.7=	10G MR, SFP+ 1559.79, 100 GHz, LC	ONS 15454 Series Multiservice Transport Platforms	pluggable	layered	Optical networking pluggables (ONS / NCS 2000)	(none)	ONS 15454 / NCS 2000 pluggables	sku ^ONS-(S[CEI]\+?-|XC-|XE-|GC-|GX-|QC-|CC-|CCC-|CPAK-|CXP2?-(?!MPO)|QSFP|QSP28|CFP2|C2-WDM-)							
ONS-SC+-10G-60.2=	10G MR, SFP+ 1560.20, 100 GHz, LC	ONS 15454 Series Multiservice Transport Platforms	pluggable	layered	Optical networking pluggables (ONS / NCS 2000)	(none)	ONS 15454 / NCS 2000 pluggables	sku ^ONS-(S[CEI]\+?-|XC-|XE-|GC-|GX-|QC-|CC-|CCC-|CPAK-|CXP2?-(?!MPO)|QSFP|QSP28|CFP2|C2-WDM-)							
ONS-SC+-10G-60.6=	10G MR, SFP+ 1560.61, 100 GHz, LC	ONS 15454 Series Multiservice Transport Platforms	pluggable	layered	Optical networking pluggables (ONS / NCS 2000)	(none)	ONS 15454 / NCS 2000 pluggables	sku ^ONS-(S[CEI]\+?-|XC-|XE-|GC-|GX-|QC-|CC-|CCC-|CPAK-|CXP2?-(?!MPO)|QSFP|QSP28|CFP2|C2-WDM-)							
ONS-SC+-10G-61.0=	10G MR, SFP+ 1561.01, 100 GHz, LC	ONS 15454 Series Multiservice Transport Platforms	pluggable	layered	Optical networking pluggables (ONS / NCS 2000)	(none)	ONS 15454 / NCS 2000 pluggables	sku ^ONS-(S[CEI]\+?-|XC-|XE-|GC-|GX-|QC-|CC-|CCC-|CPAK-|CXP2?-(?!MPO)|QSFP|QSP28|CFP2|C2-WDM-)							
ONS-SC+-10G-61.4=	10G MR, SFP+ 1561.43, 100 GHz, LC	ONS 15454 Series Multiservice Transport Platforms	pluggable	layered	Optical networking pluggables (ONS / NCS 2000)	(none)	ONS 15454 / NCS 2000 pluggables	sku ^ONS-(S[CEI]\+?-|XC-|XE-|GC-|GX-|QC-|CC-|CCC-|CPAK-|CXP2?-(?!MPO)|QSFP|QSP28|CFP2|C2-WDM-)							
ONS-SC+-10G-61.8=	10G MR, SFP+ 1561.82, 100 GHz, LC	ONS 15454 Series Multiservice Transport Platforms	pluggable	layered	Optical networking pluggables (ONS / NCS 2000)	(none)	ONS 15454 / NCS 2000 pluggables	sku ^ONS-(S[CEI]\+?-|XC-|XE-|GC-|GX-|QC-|CC-|CCC-|CPAK-|CXP2?-(?!MPO)|QSFP|QSP28|CFP2|C2-WDM-)							
ONS-SC+-10G-C	SFP+ -10G MR, Full C Band Tuneable DWDM SFP+, 50 Ghz, LC	Cisco	tunable	layered	Optical networking pluggables (ONS / NCS 2000)	(none)	ONS 15454 / NCS 2000 pluggables	sku ^ONS-(S[CEI]\+?-|XC-|XE-|GC-|GX-|QC-|CC-|CCC-|CPAK-|CXP2?-(?!MPO)|QSFP|QSP28|CFP2|C2-WDM-)							
ONS-SC+-10G-C=	SFP+ -10G MR, Full C Band Tuneable DWDM SFP+, 50 Ghz, LC	ASR 900	tunable	layered	Optical networking pluggables (ONS / NCS 2000)	(none)	ONS 15454 / NCS 2000 pluggables	sku ^ONS-(S[CEI]\+?-|XC-|XE-|GC-|GX-|QC-|CC-|CCC-|CPAK-|CXP2?-(?!MPO)|QSFP|QSP28|CFP2|C2-WDM-)							
ONS-SC+-10G-CU1=	10GBASE-CU SFP+ Cable 1 Meter	Network Convergence System 2000 Series	cable	layered	Direct-attach and active optical cables	(none)	DAC and AOC cables (SFP+ / SFP28 / SFP56 / QSFP / QSFP-DD)	sku ^(?!Q(?:SFP|DD)?-?[0-9]+(?:SFP|X[0-9]|Q[0-9]|ZQ|S[0-9])).*(?<!E)CU[0-9]							
ONS-SC+-10G-CU3=	10GBASE-CU SFP+ Cable 3 Meter	Network Convergence System 2000 Series	cable	layered	Direct-attach and active optical cables	(none)	DAC and AOC cables (SFP+ / SFP28 / SFP56 / QSFP / QSFP-DD)	sku ^(?!Q(?:SFP|DD)?-?[0-9]+(?:SFP|X[0-9]|Q[0-9]|ZQ|S[0-9])).*(?<!E)CU[0-9]							
ONS-SC+-10G-CU5=	10GBASE-CU SFP+ Cable 5 Meter	Network Convergence System 2000 Series	cable	layered	Direct-attach and active optical cables	(none)	DAC and AOC cables (SFP+ / SFP28 / SFP56 / QSFP / QSFP-DD)	sku ^(?!Q(?:SFP|DD)?-?[0-9]+(?:SFP|X[0-9]|Q[0-9]|ZQ|S[0-9])).*(?<!E)CU[0-9]							
ONS-SC+-10G-CU7=	10GBASE-CU SFP+ Cable 7 Meter	Network Convergence System 2000 Series	cable	layered	Direct-attach and active optical cables	(none)	DAC and AOC cables (SFP+ / SFP28 / SFP56 / QSFP / QSFP-DD)	sku ^(?!Q(?:SFP|DD)?-?[0-9]+(?:SFP|X[0-9]|Q[0-9]|ZQ|S[0-9])).*(?<!E)CU[0-9]							
ONS-SC+-10G-CUx=	Cisco ONS-SC+-10G-CUx=	Network Convergence System 2000 Series	cable	pending_plan								class non_product			
ONS-SC+-10G-EPXX.X	10G EP, SFP+ 15XX.XX, 100 GHz, LC (50 GHz, fixed frequency, 80 channels)	ONS 15454 Series Multiservice Transport Platforms	pluggable	pending_plan								class non_product			
ONS-SC+-10G-ER	Cisco ONS-SC+-10G-ER 10GBASE-ER SFP+ — ER (Extended Reach), 1550 nm, 40 km	Cisco	pluggable	layered	Optical networking pluggables (ONS / NCS 2000)	(none)	ONS 15454 / NCS 2000 pluggables	sku ^ONS-(S[CEI]\+?-|XC-|XE-|GC-|GX-|QC-|CC-|CCC-|CPAK-|CXP2?-(?!MPO)|QSFP|QSP28|CFP2|C2-WDM-)							
ONS-SC+-10G-ER=	SFP+ ER - Commercial Temp	Network Convergence System 4000 Series	pluggable	layered	Optical networking pluggables (ONS / NCS 2000)	(none)	ONS 15454 / NCS 2000 pluggables	sku ^ONS-(S[CEI]\+?-|XC-|XE-|GC-|GX-|QC-|CC-|CCC-|CPAK-|CXP2?-(?!MPO)|QSFP|QSP28|CFP2|C2-WDM-)							
ONS-SC+-10G-LR	Cisco ONS-SC+-10G-LR 10GBASE-LR SFP+ — LR (Long Reach), 1310 nm, 10 km	Cisco	pluggable	layered	Optical networking pluggables (ONS / NCS 2000)	(none)	ONS 15454 / NCS 2000 pluggables	sku ^ONS-(S[CEI]\+?-|XC-|XE-|GC-|GX-|QC-|CC-|CCC-|CPAK-|CXP2?-(?!MPO)|QSFP|QSP28|CFP2|C2-WDM-)							
ONS-SC+-10G-LR=	SFP+ LR - Commercial Temp	Network Convergence System 4000 Series	pluggable	layered	Optical networking pluggables (ONS / NCS 2000)	(none)	ONS 15454 / NCS 2000 pluggables	sku ^ONS-(S[CEI]\+?-|XC-|XE-|GC-|GX-|QC-|CC-|CCC-|CPAK-|CXP2?-(?!MPO)|QSFP|QSP28|CFP2|C2-WDM-)							
ONS-SC+-10G-LRM=	SFP+ LRM - Commercial Temp	ONS 15454 Series Multiservice Transport Platforms	pluggable	layered	Optical networking pluggables (ONS / NCS 2000)	(none)	ONS 15454 / NCS 2000 pluggables	sku ^ONS-(S[CEI]\+?-|XC-|XE-|GC-|GX-|QC-|CC-|CCC-|CPAK-|CXP2?-(?!MPO)|QSFP|QSP28|CFP2|C2-WDM-)							
ONS-SC+-10G-SR	SFP+ SR - Commercial Temp	Cisco	pluggable	layered	Optical networking pluggables (ONS / NCS 2000)	(none)	ONS 15454 / NCS 2000 pluggables	sku ^ONS-(S[CEI]\+?-|XC-|XE-|GC-|GX-|QC-|CC-|CCC-|CPAK-|CXP2?-(?!MPO)|QSFP|QSP28|CFP2|C2-WDM-)							
ONS-SC+-10G-SR=	SFP+ SR - Commercial Temp	Network Convergence System 4000 Series	pluggable	layered	Optical networking pluggables (ONS / NCS 2000)	(none)	ONS 15454 / NCS 2000 pluggables	sku ^ONS-(S[CEI]\+?-|XC-|XE-|GC-|GX-|QC-|CC-|CCC-|CPAK-|CXP2?-(?!MPO)|QSFP|QSP28|CFP2|C2-WDM-)							
ONS-SC+-10G-ZR	SFP+ ZR - Commercial Temp	Cisco	pluggable	layered	Optical networking pluggables (ONS / NCS 2000)	(none)	ONS 15454 / NCS 2000 pluggables	sku ^ONS-(S[CEI]\+?-|XC-|XE-|GC-|GX-|QC-|CC-|CCC-|CPAK-|CXP2?-(?!MPO)|QSFP|QSP28|CFP2|C2-WDM-)							
ONS-SC+-10G-ZR=	SFP+ ZR - Commercial Temp	Network Convergence System 4000 Series	pluggable	layered	Optical networking pluggables (ONS / NCS 2000)	(none)	ONS 15454 / NCS 2000 pluggables	sku ^ONS-(S[CEI]\+?-|XC-|XE-|GC-|GX-|QC-|CC-|CCC-|CPAK-|CXP2?-(?!MPO)|QSFP|QSP28|CFP2|C2-WDM-)							
ONS-SC+-10G-xx.x	Cisco multi-rate 10G BASE DWDM SFP+ with different wavelengths ranging from 1530-nm to 1561-nm, 100 GHz, LC	ASR 900	pluggable	pending_plan								class non_product			
ONS-SC+-10G-xx.x=	Cisco ONS-SC+-10G-xx.x=	Network Convergence System 2000 Series	pluggable	pending_plan								class non_product			
ONS-SC+-10GEP30.3	10G MR, Edge Performance SFP+ 1530.33, 100 GHz, LC	ONS 15454 Series Multiservice Transport Platforms	pluggable	layered	Optical networking pluggables (ONS / NCS 2000)	(none)	ONS 15454 / NCS 2000 pluggables	sku ^ONS-(S[CEI]\+?-|XC-|XE-|GC-|GX-|QC-|CC-|CCC-|CPAK-|CXP2?-(?!MPO)|QSFP|QSP28|CFP2|C2-WDM-)							
ONS-SC+-10GEP30.3=	10G MR, Edge Performance SFP+ 1530.33, 100 GHz, LC	ONS 15454 Series Multiservice Transport Platforms	pluggable	layered	Optical networking pluggables (ONS / NCS 2000)	(none)	ONS 15454 / NCS 2000 pluggables	sku ^ONS-(S[CEI]\+?-|XC-|XE-|GC-|GX-|QC-|CC-|CCC-|CPAK-|CXP2?-(?!MPO)|QSFP|QSP28|CFP2|C2-WDM-)							
ONS-SC+-10GEP30.7	10G MR, Edge Performance SFP+ 1530.72, 100 GHz, LC	ONS 15454 Series Multiservice Transport Platforms	pluggable	layered	Optical networking pluggables (ONS / NCS 2000)	(none)	ONS 15454 / NCS 2000 pluggables	sku ^ONS-(S[CEI]\+?-|XC-|XE-|GC-|GX-|QC-|CC-|CCC-|CPAK-|CXP2?-(?!MPO)|QSFP|QSP28|CFP2|C2-WDM-)							
ONS-SC+-10GEP30.7=	10G MR, Edge Performance SFP+ 1530.72, 100 GHz, LC	ONS 15454 Series Multiservice Transport Platforms	pluggable	layered	Optical networking pluggables (ONS / NCS 2000)	(none)	ONS 15454 / NCS 2000 pluggables	sku ^ONS-(S[CEI]\+?-|XC-|XE-|GC-|GX-|QC-|CC-|CCC-|CPAK-|CXP2?-(?!MPO)|QSFP|QSP28|CFP2|C2-WDM-)							
ONS-SC+-10GEP31.1	10G MR, Edge Performance SFP+ 1531.12, 100 GHz, LC	ONS 15454 Series Multiservice Transport Platforms	pluggable	layered	Optical networking pluggables (ONS / NCS 2000)	(none)	ONS 15454 / NCS 2000 pluggables	sku ^ONS-(S[CEI]\+?-|XC-|XE-|GC-|GX-|QC-|CC-|CCC-|CPAK-|CXP2?-(?!MPO)|QSFP|QSP28|CFP2|C2-WDM-)							
ONS-SC+-10GEP31.1=	10G MR, Edge Performance SFP+ 1531.12, 100 GHz, LC	ONS 15454 Series Multiservice Transport Platforms	pluggable	layered	Optical networking pluggables (ONS / NCS 2000)	(none)	ONS 15454 / NCS 2000 pluggables	sku ^ONS-(S[CEI]\+?-|XC-|XE-|GC-|GX-|QC-|CC-|CCC-|CPAK-|CXP2?-(?!MPO)|QSFP|QSP28|CFP2|C2-WDM-)							
ONS-SC+-10GEP31.5	10G MR, Edge Performance SFP+ 1531.51, 100 GHz, LC	ONS 15454 Series Multiservice Transport Platforms	pluggable	layered	Optical networking pluggables (ONS / NCS 2000)	(none)	ONS 15454 / NCS 2000 pluggables	sku ^ONS-(S[CEI]\+?-|XC-|XE-|GC-|GX-|QC-|CC-|CCC-|CPAK-|CXP2?-(?!MPO)|QSFP|QSP28|CFP2|C2-WDM-)							
ONS-SC+-10GEP31.5=	10G MR, Edge Performance SFP+ 1531.51, 100 GHz, LC	ONS 15454 Series Multiservice Transport Platforms	pluggable	layered	Optical networking pluggables (ONS / NCS 2000)	(none)	ONS 15454 / NCS 2000 pluggables	sku ^ONS-(S[CEI]\+?-|XC-|XE-|GC-|GX-|QC-|CC-|CCC-|CPAK-|CXP2?-(?!MPO)|QSFP|QSP28|CFP2|C2-WDM-)							
ONS-SC+-10GEP31.9	10G MR, Edge Performance SFP+ 1531.90, 100 GHz, LC	ONS 15454 Series Multiservice Transport Platforms	pluggable	layered	Optical networking pluggables (ONS / NCS 2000)	(none)	ONS 15454 / NCS 2000 pluggables	sku ^ONS-(S[CEI]\+?-|XC-|XE-|GC-|GX-|QC-|CC-|CCC-|CPAK-|CXP2?-(?!MPO)|QSFP|QSP28|CFP2|C2-WDM-)							
ONS-SC+-10GEP31.9=	10G MR, Edge Performance SFP+ 1531.90, 100 GHz, LC	ONS 15454 Series Multiservice Transport Platforms	pluggable	layered	Optical networking pluggables (ONS / NCS 2000)	(none)	ONS 15454 / NCS 2000 pluggables	sku ^ONS-(S[CEI]\+?-|XC-|XE-|GC-|GX-|QC-|CC-|CCC-|CPAK-|CXP2?-(?!MPO)|QSFP|QSP28|CFP2|C2-WDM-)							
ONS-SC+-10GEP32.2	10G MR, Edge Performance SFP+ 1532.29, 100 GHz, LC	ONS 15454 Series Multiservice Transport Platforms	pluggable	layered	Optical networking pluggables (ONS / NCS 2000)	(none)	ONS 15454 / NCS 2000 pluggables	sku ^ONS-(S[CEI]\+?-|XC-|XE-|GC-|GX-|QC-|CC-|CCC-|CPAK-|CXP2?-(?!MPO)|QSFP|QSP28|CFP2|C2-WDM-)							
ONS-SC+-10GEP32.2=	10G MR, Edge Performance SFP+ 1532.29, 100 GHz, LC	ONS 15454 Series Multiservice Transport Platforms	pluggable	layered	Optical networking pluggables (ONS / NCS 2000)	(none)	ONS 15454 / NCS 2000 pluggables	sku ^ONS-(S[CEI]\+?-|XC-|XE-|GC-|GX-|QC-|CC-|CCC-|CPAK-|CXP2?-(?!MPO)|QSFP|QSP28|CFP2|C2-WDM-)							
ONS-SC+-10GEP32.6	10G MR, Edge Performance SFP+ 1532.68, 100 GHz, LC	ONS 15454 Series Multiservice Transport Platforms	pluggable	layered	Optical networking pluggables (ONS / NCS 2000)	(none)	ONS 15454 / NCS 2000 pluggables	sku ^ONS-(S[CEI]\+?-|XC-|XE-|GC-|GX-|QC-|CC-|CCC-|CPAK-|CXP2?-(?!MPO)|QSFP|QSP28|CFP2|C2-WDM-)							
ONS-SC+-10GEP32.6=	10G MR, Edge Performance SFP+ 1532.68, 100 GHz, LC	ONS 15454 Series Multiservice Transport Platforms	pluggable	layered	Optical networking pluggables (ONS / NCS 2000)	(none)	ONS 15454 / NCS 2000 pluggables	sku ^ONS-(S[CEI]\+?-|XC-|XE-|GC-|GX-|QC-|CC-|CCC-|CPAK-|CXP2?-(?!MPO)|QSFP|QSP28|CFP2|C2-WDM-)							
ONS-SC+-10GEP33.0	10G MR, Edge Performance SFP+ 1533.07, 100 GHz, LC	ONS 15454 Series Multiservice Transport Platforms	pluggable	layered	Optical networking pluggables (ONS / NCS 2000)	(none)	ONS 15454 / NCS 2000 pluggables	sku ^ONS-(S[CEI]\+?-|XC-|XE-|GC-|GX-|QC-|CC-|CCC-|CPAK-|CXP2?-(?!MPO)|QSFP|QSP28|CFP2|C2-WDM-)							
ONS-SC+-10GEP33.0=	10G MR, Edge Performance SFP+ 1533.07, 100 GHz, LC	ONS 15454 Series Multiservice Transport Platforms	pluggable	layered	Optical networking pluggables (ONS / NCS 2000)	(none)	ONS 15454 / NCS 2000 pluggables	sku ^ONS-(S[CEI]\+?-|XC-|XE-|GC-|GX-|QC-|CC-|CCC-|CPAK-|CXP2?-(?!MPO)|QSFP|QSP28|CFP2|C2-WDM-)							
ONS-SC+-10GEP33.4	10G MR, Edge Performance SFP+ 1533.47, 100 GHz, LC	ONS 15454 Series Multiservice Transport Platforms	pluggable	layered	Optical networking pluggables (ONS / NCS 2000)	(none)	ONS 15454 / NCS 2000 pluggables	sku ^ONS-(S[CEI]\+?-|XC-|XE-|GC-|GX-|QC-|CC-|CCC-|CPAK-|CXP2?-(?!MPO)|QSFP|QSP28|CFP2|C2-WDM-)							
ONS-SC+-10GEP33.4=	10G MR, Edge Performance SFP+ 1533.47, 100 GHz, LC	ONS 15454 Series Multiservice Transport Platforms	pluggable	layered	Optical networking pluggables (ONS / NCS 2000)	(none)	ONS 15454 / NCS 2000 pluggables	sku ^ONS-(S[CEI]\+?-|XC-|XE-|GC-|GX-|QC-|CC-|CCC-|CPAK-|CXP2?-(?!MPO)|QSFP|QSP28|CFP2|C2-WDM-)							
ONS-SC+-10GEP33.8	10G MR, Edge Performance SFP+ 1533.86, 100 GHz, LC	ONS 15454 Series Multiservice Transport Platforms	pluggable	layered	Optical networking pluggables (ONS / NCS 2000)	(none)	ONS 15454 / NCS 2000 pluggables	sku ^ONS-(S[CEI]\+?-|XC-|XE-|GC-|GX-|QC-|CC-|CCC-|CPAK-|CXP2?-(?!MPO)|QSFP|QSP28|CFP2|C2-WDM-)							
ONS-SC+-10GEP33.8=	10G MR, Edge Performance SFP+ 1533.86, 100 GHz, LC	ONS 15454 Series Multiservice Transport Platforms	pluggable	layered	Optical networking pluggables (ONS / NCS 2000)	(none)	ONS 15454 / NCS 2000 pluggables	sku ^ONS-(S[CEI]\+?-|XC-|XE-|GC-|GX-|QC-|CC-|CCC-|CPAK-|CXP2?-(?!MPO)|QSFP|QSP28|CFP2|C2-WDM-)							
ONS-SC+-10GEP34.2	10G MR, Edge Performance SFP+ 1534.25, 100 GHz, LC	ONS 15454 Series Multiservice Transport Platforms	pluggable	layered	Optical networking pluggables (ONS / NCS 2000)	(none)	ONS 15454 / NCS 2000 pluggables	sku ^ONS-(S[CEI]\+?-|XC-|XE-|GC-|GX-|QC-|CC-|CCC-|CPAK-|CXP2?-(?!MPO)|QSFP|QSP28|CFP2|C2-WDM-)							
ONS-SC+-10GEP34.2=	10G MR, Edge Performance SFP+ 1534.25, 100 GHz, LC	ONS 15454 Series Multiservice Transport Platforms	pluggable	layered	Optical networking pluggables (ONS / NCS 2000)	(none)	ONS 15454 / NCS 2000 pluggables	sku ^ONS-(S[CEI]\+?-|XC-|XE-|GC-|GX-|QC-|CC-|CCC-|CPAK-|CXP2?-(?!MPO)|QSFP|QSP28|CFP2|C2-WDM-)							
ONS-SC+-10GEP34.6	10G MR, Edge Performance SFP+ 1534.64, 100 GHz, LC	ONS 15454 Series Multiservice Transport Platforms	pluggable	layered	Optical networking pluggables (ONS / NCS 2000)	(none)	ONS 15454 / NCS 2000 pluggables	sku ^ONS-(S[CEI]\+?-|XC-|XE-|GC-|GX-|QC-|CC-|CCC-|CPAK-|CXP2?-(?!MPO)|QSFP|QSP28|CFP2|C2-WDM-)							
ONS-SC+-10GEP34.6=	10G MR, Edge Performance SFP+ 1534.64, 100 GHz, LC	ONS 15454 Series Multiservice Transport Platforms	pluggable	layered	Optical networking pluggables (ONS / NCS 2000)	(none)	ONS 15454 / NCS 2000 pluggables	sku ^ONS-(S[CEI]\+?-|XC-|XE-|GC-|GX-|QC-|CC-|CCC-|CPAK-|CXP2?-(?!MPO)|QSFP|QSP28|CFP2|C2-WDM-)							
ONS-SC+-10GEP35.0	10G MR, Edge Performance SFP+ 1535.04, 100 GHz, LC	ONS 15454 Series Multiservice Transport Platforms	pluggable	layered	Optical networking pluggables (ONS / NCS 2000)	(none)	ONS 15454 / NCS 2000 pluggables	sku ^ONS-(S[CEI]\+?-|XC-|XE-|GC-|GX-|QC-|CC-|CCC-|CPAK-|CXP2?-(?!MPO)|QSFP|QSP28|CFP2|C2-WDM-)							
ONS-SC+-10GEP35.0=	10G MR, Edge Performance SFP+ 1535.04, 100 GHz, LC	ONS 15454 Series Multiservice Transport Platforms	pluggable	layered	Optical networking pluggables (ONS / NCS 2000)	(none)	ONS 15454 / NCS 2000 pluggables	sku ^ONS-(S[CEI]\+?-|XC-|XE-|GC-|GX-|QC-|CC-|CCC-|CPAK-|CXP2?-(?!MPO)|QSFP|QSP28|CFP2|C2-WDM-)							
ONS-SC+-10GEP35.4	10G MR, Edge Performance SFP+ 1535.43, 100 GHz, LC	ONS 15454 Series Multiservice Transport Platforms	pluggable	layered	Optical networking pluggables (ONS / NCS 2000)	(none)	ONS 15454 / NCS 2000 pluggables	sku ^ONS-(S[CEI]\+?-|XC-|XE-|GC-|GX-|QC-|CC-|CCC-|CPAK-|CXP2?-(?!MPO)|QSFP|QSP28|CFP2|C2-WDM-)							
ONS-SC+-10GEP35.4=	10G MR, Edge Performance SFP+ 1535.43, 100 GHz, LC	ONS 15454 Series Multiservice Transport Platforms	pluggable	layered	Optical networking pluggables (ONS / NCS 2000)	(none)	ONS 15454 / NCS 2000 pluggables	sku ^ONS-(S[CEI]\+?-|XC-|XE-|GC-|GX-|QC-|CC-|CCC-|CPAK-|CXP2?-(?!MPO)|QSFP|QSP28|CFP2|C2-WDM-)							
ONS-SC+-10GEP35.8	10G MR, Edge Performance SFP+ 1535.82, 100 GHz, LC	ONS 15454 Series Multiservice Transport Platforms	pluggable	layered	Optical networking pluggables (ONS / NCS 2000)	(none)	ONS 15454 / NCS 2000 pluggables	sku ^ONS-(S[CEI]\+?-|XC-|XE-|GC-|GX-|QC-|CC-|CCC-|CPAK-|CXP2?-(?!MPO)|QSFP|QSP28|CFP2|C2-WDM-)							
ONS-SC+-10GEP35.8=	10G MR, Edge Performance SFP+ 1535.82, 100 GHz, LC	ONS 15454 Series Multiservice Transport Platforms	pluggable	layered	Optical networking pluggables (ONS / NCS 2000)	(none)	ONS 15454 / NCS 2000 pluggables	sku ^ONS-(S[CEI]\+?-|XC-|XE-|GC-|GX-|QC-|CC-|CCC-|CPAK-|CXP2?-(?!MPO)|QSFP|QSP28|CFP2|C2-WDM-)							
ONS-SC+-10GEP36.2	10G MR, Edge Performance SFP+ 1536.22, 100 GHz, LC	ONS 15454 Series Multiservice Transport Platforms	pluggable	layered	Optical networking pluggables (ONS / NCS 2000)	(none)	ONS 15454 / NCS 2000 pluggables	sku ^ONS-(S[CEI]\+?-|XC-|XE-|GC-|GX-|QC-|CC-|CCC-|CPAK-|CXP2?-(?!MPO)|QSFP|QSP28|CFP2|C2-WDM-)							
ONS-SC+-10GEP36.2=	10G MR, Edge Performance SFP+ 1536.22, 100 GHz, LC	ONS 15454 Series Multiservice Transport Platforms	pluggable	layered	Optical networking pluggables (ONS / NCS 2000)	(none)	ONS 15454 / NCS 2000 pluggables	sku ^ONS-(S[CEI]\+?-|XC-|XE-|GC-|GX-|QC-|CC-|CCC-|CPAK-|CXP2?-(?!MPO)|QSFP|QSP28|CFP2|C2-WDM-)							
ONS-SC+-10GEP36.6	10G MR, Edge Performance SFP+ 1536.61, 100 GHz, LC	ONS 15454 Series Multiservice Transport Platforms	pluggable	layered	Optical networking pluggables (ONS / NCS 2000)	(none)	ONS 15454 / NCS 2000 pluggables	sku ^ONS-(S[CEI]\+?-|XC-|XE-|GC-|GX-|QC-|CC-|CCC-|CPAK-|CXP2?-(?!MPO)|QSFP|QSP28|CFP2|C2-WDM-)							
ONS-SC+-10GEP36.6=	10G MR, Edge Performance SFP+ 1536.61, 100 GHz, LC	ONS 15454 Series Multiservice Transport Platforms	pluggable	layered	Optical networking pluggables (ONS / NCS 2000)	(none)	ONS 15454 / NCS 2000 pluggables	sku ^ONS-(S[CEI]\+?-|XC-|XE-|GC-|GX-|QC-|CC-|CCC-|CPAK-|CXP2?-(?!MPO)|QSFP|QSP28|CFP2|C2-WDM-)							
ONS-SC+-10GEP37.0	10G MR, Edge Performance SFP+ 1537.00, 100 GHz, LC	ONS 15454 Series Multiservice Transport Platforms	pluggable	layered	Optical networking pluggables (ONS / NCS 2000)	(none)	ONS 15454 / NCS 2000 pluggables	sku ^ONS-(S[CEI]\+?-|XC-|XE-|GC-|GX-|QC-|CC-|CCC-|CPAK-|CXP2?-(?!MPO)|QSFP|QSP28|CFP2|C2-WDM-)							
ONS-SC+-10GEP37.0=	10G MR, Edge Performance SFP+ 1537.00, 100 GHz, LC	ONS 15454 Series Multiservice Transport Platforms	pluggable	layered	Optical networking pluggables (ONS / NCS 2000)	(none)	ONS 15454 / NCS 2000 pluggables	sku ^ONS-(S[CEI]\+?-|XC-|XE-|GC-|GX-|QC-|CC-|CCC-|CPAK-|CXP2?-(?!MPO)|QSFP|QSP28|CFP2|C2-WDM-)							
ONS-SC+-10GEP37.4	10G MR, Edge Performance SFP+ 1537.40, 100 GHz, LC	ONS 15454 Series Multiservice Transport Platforms	pluggable	layered	Optical networking pluggables (ONS / NCS 2000)	(none)	ONS 15454 / NCS 2000 pluggables	sku ^ONS-(S[CEI]\+?-|XC-|XE-|GC-|GX-|QC-|CC-|CCC-|CPAK-|CXP2?-(?!MPO)|QSFP|QSP28|CFP2|C2-WDM-)							
ONS-SC+-10GEP37.4=	10G MR, Edge Performance SFP+ 1537.40, 100 GHz, LC	ONS 15454 Series Multiservice Transport Platforms	pluggable	layered	Optical networking pluggables (ONS / NCS 2000)	(none)	ONS 15454 / NCS 2000 pluggables	sku ^ONS-(S[CEI]\+?-|XC-|XE-|GC-|GX-|QC-|CC-|CCC-|CPAK-|CXP2?-(?!MPO)|QSFP|QSP28|CFP2|C2-WDM-)							
ONS-SC+-10GEP37.7	10G MR, Edge Performance SFP+ 1537.79, 100 GHz, LC	ONS 15454 Series Multiservice Transport Platforms	pluggable	layered	Optical networking pluggables (ONS / NCS 2000)	(none)	ONS 15454 / NCS 2000 pluggables	sku ^ONS-(S[CEI]\+?-|XC-|XE-|GC-|GX-|QC-|CC-|CCC-|CPAK-|CXP2?-(?!MPO)|QSFP|QSP28|CFP2|C2-WDM-)							
ONS-SC+-10GEP37.7=	10G MR, Edge Performance SFP+ 1537.79, 100 GHz, LC	ONS 15454 Series Multiservice Transport Platforms	pluggable	layered	Optical networking pluggables (ONS / NCS 2000)	(none)	ONS 15454 / NCS 2000 pluggables	sku ^ONS-(S[CEI]\+?-|XC-|XE-|GC-|GX-|QC-|CC-|CCC-|CPAK-|CXP2?-(?!MPO)|QSFP|QSP28|CFP2|C2-WDM-)							
ONS-SC+-10GEP38.1	10G MR, Edge Performance SFP+ 1538.19, 100 GHz, LC	ONS 15454 Series Multiservice Transport Platforms	pluggable	layered	Optical networking pluggables (ONS / NCS 2000)	(none)	ONS 15454 / NCS 2000 pluggables	sku ^ONS-(S[CEI]\+?-|XC-|XE-|GC-|GX-|QC-|CC-|CCC-|CPAK-|CXP2?-(?!MPO)|QSFP|QSP28|CFP2|C2-WDM-)							
ONS-SC+-10GEP38.1=	10G MR, Edge Performance SFP+ 1538.19, 100 GHz, LC	ONS 15454 Series Multiservice Transport Platforms	pluggable	layered	Optical networking pluggables (ONS / NCS 2000)	(none)	ONS 15454 / NCS 2000 pluggables	sku ^ONS-(S[CEI]\+?-|XC-|XE-|GC-|GX-|QC-|CC-|CCC-|CPAK-|CXP2?-(?!MPO)|QSFP|QSP28|CFP2|C2-WDM-)							
ONS-SC+-10GEP38.5	10G MR, Edge Performance SFP+ 1538.58, 100 GHz, LC	ONS 15454 Series Multiservice Transport Platforms	pluggable	layered	Optical networking pluggables (ONS / NCS 2000)	(none)	ONS 15454 / NCS 2000 pluggables	sku ^ONS-(S[CEI]\+?-|XC-|XE-|GC-|GX-|QC-|CC-|CCC-|CPAK-|CXP2?-(?!MPO)|QSFP|QSP28|CFP2|C2-WDM-)							
ONS-SC+-10GEP38.5=	10G MR, Edge Performance SFP+ 1538.58, 100 GHz, LC	ONS 15454 Series Multiservice Transport Platforms	pluggable	layered	Optical networking pluggables (ONS / NCS 2000)	(none)	ONS 15454 / NCS 2000 pluggables	sku ^ONS-(S[CEI]\+?-|XC-|XE-|GC-|GX-|QC-|CC-|CCC-|CPAK-|CXP2?-(?!MPO)|QSFP|QSP28|CFP2|C2-WDM-)							
ONS-SC+-10GEP38.9	10G MR, Edge Performance SFP+ 1538.98, 100 GHz, LC	ONS 15454 Series Multiservice Transport Platforms	pluggable	layered	Optical networking pluggables (ONS / NCS 2000)	(none)	ONS 15454 / NCS 2000 pluggables	sku ^ONS-(S[CEI]\+?-|XC-|XE-|GC-|GX-|QC-|CC-|CCC-|CPAK-|CXP2?-(?!MPO)|QSFP|QSP28|CFP2|C2-WDM-)							
ONS-SC+-10GEP38.9=	10G MR, Edge Performance SFP+ 1538.98, 100 GHz, LC	ONS 15454 Series Multiservice Transport Platforms	pluggable	layered	Optical networking pluggables (ONS / NCS 2000)	(none)	ONS 15454 / NCS 2000 pluggables	sku ^ONS-(S[CEI]\+?-|XC-|XE-|GC-|GX-|QC-|CC-|CCC-|CPAK-|CXP2?-(?!MPO)|QSFP|QSP28|CFP2|C2-WDM-)							
ONS-SC+-10GEP39.3	10G MR, Edge Performance SFP+ 1539.37, 100 GHz, LC	ONS 15454 Series Multiservice Transport Platforms	pluggable	layered	Optical networking pluggables (ONS / NCS 2000)	(none)	ONS 15454 / NCS 2000 pluggables	sku ^ONS-(S[CEI]\+?-|XC-|XE-|GC-|GX-|QC-|CC-|CCC-|CPAK-|CXP2?-(?!MPO)|QSFP|QSP28|CFP2|C2-WDM-)							
ONS-SC+-10GEP39.3=	10G MR, Edge Performance SFP+ 1539.37, 100 GHz, LC	ONS 15454 Series Multiservice Transport Platforms	pluggable	layered	Optical networking pluggables (ONS / NCS 2000)	(none)	ONS 15454 / NCS 2000 pluggables	sku ^ONS-(S[CEI]\+?-|XC-|XE-|GC-|GX-|QC-|CC-|CCC-|CPAK-|CXP2?-(?!MPO)|QSFP|QSP28|CFP2|C2-WDM-)							
ONS-SC+-10GEP39.7	10G MR, Edge Performance SFP+ 1539.77, 100 GHz, LC	ONS 15454 Series Multiservice Transport Platforms	pluggable	layered	Optical networking pluggables (ONS / NCS 2000)	(none)	ONS 15454 / NCS 2000 pluggables	sku ^ONS-(S[CEI]\+?-|XC-|XE-|GC-|GX-|QC-|CC-|CCC-|CPAK-|CXP2?-(?!MPO)|QSFP|QSP28|CFP2|C2-WDM-)							
ONS-SC+-10GEP39.7=	10G MR, Edge Performance SFP+ 1539.77, 100 GHz, LC	ONS 15454 Series Multiservice Transport Platforms	pluggable	layered	Optical networking pluggables (ONS / NCS 2000)	(none)	ONS 15454 / NCS 2000 pluggables	sku ^ONS-(S[CEI]\+?-|XC-|XE-|GC-|GX-|QC-|CC-|CCC-|CPAK-|CXP2?-(?!MPO)|QSFP|QSP28|CFP2|C2-WDM-)							
ONS-SC+-10GEP40.1	10G MR, Edge Performance SFP+ 1540.16, 100 GHz, LC	ONS 15454 Series Multiservice Transport Platforms	pluggable	layered	Optical networking pluggables (ONS / NCS 2000)	(none)	ONS 15454 / NCS 2000 pluggables	sku ^ONS-(S[CEI]\+?-|XC-|XE-|GC-|GX-|QC-|CC-|CCC-|CPAK-|CXP2?-(?!MPO)|QSFP|QSP28|CFP2|C2-WDM-)							
ONS-SC+-10GEP40.1=	10G MR, Edge Performance SFP+ 1540.16, 100 GHz, LC	ONS 15454 Series Multiservice Transport Platforms	pluggable	layered	Optical networking pluggables (ONS / NCS 2000)	(none)	ONS 15454 / NCS 2000 pluggables	sku ^ONS-(S[CEI]\+?-|XC-|XE-|GC-|GX-|QC-|CC-|CCC-|CPAK-|CXP2?-(?!MPO)|QSFP|QSP28|CFP2|C2-WDM-)							
ONS-SC+-10GEP40.5	10G MR, Edge Performance SFP+ 1540.56, 100 GHz, LC	ONS 15454 Series Multiservice Transport Platforms	pluggable	layered	Optical networking pluggables (ONS / NCS 2000)	(none)	ONS 15454 / NCS 2000 pluggables	sku ^ONS-(S[CEI]\+?-|XC-|XE-|GC-|GX-|QC-|CC-|CCC-|CPAK-|CXP2?-(?!MPO)|QSFP|QSP28|CFP2|C2-WDM-)							
ONS-SC+-10GEP40.5=	10G MR, Edge Performance SFP+ 1540.56, 100 GHz, LC	ONS 15454 Series Multiservice Transport Platforms	pluggable	layered	Optical networking pluggables (ONS / NCS 2000)	(none)	ONS 15454 / NCS 2000 pluggables	sku ^ONS-(S[CEI]\+?-|XC-|XE-|GC-|GX-|QC-|CC-|CCC-|CPAK-|CXP2?-(?!MPO)|QSFP|QSP28|CFP2|C2-WDM-)							
ONS-SC+-10GEP40.9	10G MR, Edge Performance SFP+ 1540.95, 100 GHz, LC	ONS 15454 Series Multiservice Transport Platforms	pluggable	layered	Optical networking pluggables (ONS / NCS 2000)	(none)	ONS 15454 / NCS 2000 pluggables	sku ^ONS-(S[CEI]\+?-|XC-|XE-|GC-|GX-|QC-|CC-|CCC-|CPAK-|CXP2?-(?!MPO)|QSFP|QSP28|CFP2|C2-WDM-)							
ONS-SC+-10GEP40.9=	10G MR, Edge Performance SFP+ 1540.95, 100 GHz, LC	ONS 15454 Series Multiservice Transport Platforms	pluggable	layered	Optical networking pluggables (ONS / NCS 2000)	(none)	ONS 15454 / NCS 2000 pluggables	sku ^ONS-(S[CEI]\+?-|XC-|XE-|GC-|GX-|QC-|CC-|CCC-|CPAK-|CXP2?-(?!MPO)|QSFP|QSP28|CFP2|C2-WDM-)							
ONS-SC+-10GEP41.3	10G MR, Edge Performance SFP+ 1541.35, 100 GHz, LC	ONS 15454 Series Multiservice Transport Platforms	pluggable	layered	Optical networking pluggables (ONS / NCS 2000)	(none)	ONS 15454 / NCS 2000 pluggables	sku ^ONS-(S[CEI]\+?-|XC-|XE-|GC-|GX-|QC-|CC-|CCC-|CPAK-|CXP2?-(?!MPO)|QSFP|QSP28|CFP2|C2-WDM-)							
ONS-SC+-10GEP41.3=	10G MR, Edge Performance SFP+ 1541.35, 100 GHz, LC	ONS 15454 Series Multiservice Transport Platforms	pluggable	layered	Optical networking pluggables (ONS / NCS 2000)	(none)	ONS 15454 / NCS 2000 pluggables	sku ^ONS-(S[CEI]\+?-|XC-|XE-|GC-|GX-|QC-|CC-|CCC-|CPAK-|CXP2?-(?!MPO)|QSFP|QSP28|CFP2|C2-WDM-)							
ONS-SC+-10GEP41.7	10G MR, Edge Performance SFP+ 1541.75, 100 GHz, LC	ONS 15454 Series Multiservice Transport Platforms	pluggable	layered	Optical networking pluggables (ONS / NCS 2000)	(none)	ONS 15454 / NCS 2000 pluggables	sku ^ONS-(S[CEI]\+?-|XC-|XE-|GC-|GX-|QC-|CC-|CCC-|CPAK-|CXP2?-(?!MPO)|QSFP|QSP28|CFP2|C2-WDM-)							
ONS-SC+-10GEP41.7=	10G MR, Edge Performance SFP+ 1541.75, 100 GHz, LC	ONS 15454 Series Multiservice Transport Platforms	pluggable	layered	Optical networking pluggables (ONS / NCS 2000)	(none)	ONS 15454 / NCS 2000 pluggables	sku ^ONS-(S[CEI]\+?-|XC-|XE-|GC-|GX-|QC-|CC-|CCC-|CPAK-|CXP2?-(?!MPO)|QSFP|QSP28|CFP2|C2-WDM-)							
ONS-SC+-10GEP42.1	10G MR, Edge Performance SFP+ 1542.14, 100 GHz, LC	ONS 15454 Series Multiservice Transport Platforms	pluggable	layered	Optical networking pluggables (ONS / NCS 2000)	(none)	ONS 15454 / NCS 2000 pluggables	sku ^ONS-(S[CEI]\+?-|XC-|XE-|GC-|GX-|QC-|CC-|CCC-|CPAK-|CXP2?-(?!MPO)|QSFP|QSP28|CFP2|C2-WDM-)							
ONS-SC+-10GEP42.1=	10G MR, Edge Performance SFP+ 1542.14, 100 GHz, LC	ONS 15454 Series Multiservice Transport Platforms	pluggable	layered	Optical networking pluggables (ONS / NCS 2000)	(none)	ONS 15454 / NCS 2000 pluggables	sku ^ONS-(S[CEI]\+?-|XC-|XE-|GC-|GX-|QC-|CC-|CCC-|CPAK-|CXP2?-(?!MPO)|QSFP|QSP28|CFP2|C2-WDM-)							
ONS-SC+-10GEP42.5	10G MR, Edge Performance SFP+ 1542.54, 100 GHz, LC	ONS 15454 Series Multiservice Transport Platforms	pluggable	layered	Optical networking pluggables (ONS / NCS 2000)	(none)	ONS 15454 / NCS 2000 pluggables	sku ^ONS-(S[CEI]\+?-|XC-|XE-|GC-|GX-|QC-|CC-|CCC-|CPAK-|CXP2?-(?!MPO)|QSFP|QSP28|CFP2|C2-WDM-)							
ONS-SC+-10GEP42.5=	10G MR, Edge Performance SFP+ 1542.54, 100 GHz, LC	ONS 15454 Series Multiservice Transport Platforms	pluggable	layered	Optical networking pluggables (ONS / NCS 2000)	(none)	ONS 15454 / NCS 2000 pluggables	sku ^ONS-(S[CEI]\+?-|XC-|XE-|GC-|GX-|QC-|CC-|CCC-|CPAK-|CXP2?-(?!MPO)|QSFP|QSP28|CFP2|C2-WDM-)							
ONS-SC+-10GEP42.9	10G MR, Edge Performance SFP+ 1542.94, 100 GHz, LC	ONS 15454 Series Multiservice Transport Platforms	pluggable	layered	Optical networking pluggables (ONS / NCS 2000)	(none)	ONS 15454 / NCS 2000 pluggables	sku ^ONS-(S[CEI]\+?-|XC-|XE-|GC-|GX-|QC-|CC-|CCC-|CPAK-|CXP2?-(?!MPO)|QSFP|QSP28|CFP2|C2-WDM-)							
ONS-SC+-10GEP42.9=	10G MR, Edge Performance SFP+ 1542.94, 100 GHz, LC	ONS 15454 Series Multiservice Transport Platforms	pluggable	layered	Optical networking pluggables (ONS / NCS 2000)	(none)	ONS 15454 / NCS 2000 pluggables	sku ^ONS-(S[CEI]\+?-|XC-|XE-|GC-|GX-|QC-|CC-|CCC-|CPAK-|CXP2?-(?!MPO)|QSFP|QSP28|CFP2|C2-WDM-)							
ONS-SC+-10GEP43.3	10G MR, Edge Performance SFP+ 1543.33, 100 GHz, LC	ONS 15454 Series Multiservice Transport Platforms	pluggable	layered	Optical networking pluggables (ONS / NCS 2000)	(none)	ONS 15454 / NCS 2000 pluggables	sku ^ONS-(S[CEI]\+?-|XC-|XE-|GC-|GX-|QC-|CC-|CCC-|CPAK-|CXP2?-(?!MPO)|QSFP|QSP28|CFP2|C2-WDM-)							
ONS-SC+-10GEP43.3=	10G MR, Edge Performance SFP+ 1543.33, 100 GHz, LC	ONS 15454 Series Multiservice Transport Platforms	pluggable	layered	Optical networking pluggables (ONS / NCS 2000)	(none)	ONS 15454 / NCS 2000 pluggables	sku ^ONS-(S[CEI]\+?-|XC-|XE-|GC-|GX-|QC-|CC-|CCC-|CPAK-|CXP2?-(?!MPO)|QSFP|QSP28|CFP2|C2-WDM-)							
ONS-SC+-10GEP43.7	10G MR, Edge Performance SFP+ 1543.73, 100 GHz, LC	ONS 15454 Series Multiservice Transport Platforms	pluggable	layered	Optical networking pluggables (ONS / NCS 2000)	(none)	ONS 15454 / NCS 2000 pluggables	sku ^ONS-(S[CEI]\+?-|XC-|XE-|GC-|GX-|QC-|CC-|CCC-|CPAK-|CXP2?-(?!MPO)|QSFP|QSP28|CFP2|C2-WDM-)							
ONS-SC+-10GEP43.7=	10G MR, Edge Performance SFP+ 1543.73, 100 GHz, LC	ONS 15454 Series Multiservice Transport Platforms	pluggable	layered	Optical networking pluggables (ONS / NCS 2000)	(none)	ONS 15454 / NCS 2000 pluggables	sku ^ONS-(S[CEI]\+?-|XC-|XE-|GC-|GX-|QC-|CC-|CCC-|CPAK-|CXP2?-(?!MPO)|QSFP|QSP28|CFP2|C2-WDM-)							
ONS-SC+-10GEP44.1	10G MR, Edge Performance SFP+ 1544.13, 100 GHz, LC	ONS 15454 Series Multiservice Transport Platforms	pluggable	layered	Optical networking pluggables (ONS / NCS 2000)	(none)	ONS 15454 / NCS 2000 pluggables	sku ^ONS-(S[CEI]\+?-|XC-|XE-|GC-|GX-|QC-|CC-|CCC-|CPAK-|CXP2?-(?!MPO)|QSFP|QSP28|CFP2|C2-WDM-)							
ONS-SC+-10GEP44.1=	10G MR, Edge Performance SFP+ 1544.13, 100 GHz, LC	ONS 15454 Series Multiservice Transport Platforms	pluggable	layered	Optical networking pluggables (ONS / NCS 2000)	(none)	ONS 15454 / NCS 2000 pluggables	sku ^ONS-(S[CEI]\+?-|XC-|XE-|GC-|GX-|QC-|CC-|CCC-|CPAK-|CXP2?-(?!MPO)|QSFP|QSP28|CFP2|C2-WDM-)							
ONS-SC+-10GEP44.5	10G MR, Edge Performance SFP+ 1544.53, 100 GHz, LC	ONS 15454 Series Multiservice Transport Platforms	pluggable	layered	Optical networking pluggables (ONS / NCS 2000)	(none)	ONS 15454 / NCS 2000 pluggables	sku ^ONS-(S[CEI]\+?-|XC-|XE-|GC-|GX-|QC-|CC-|CCC-|CPAK-|CXP2?-(?!MPO)|QSFP|QSP28|CFP2|C2-WDM-)							
ONS-SC+-10GEP44.5=	10G MR, Edge Performance SFP+ 1544.53, 100 GHz, LC	ONS 15454 Series Multiservice Transport Platforms	pluggable	layered	Optical networking pluggables (ONS / NCS 2000)	(none)	ONS 15454 / NCS 2000 pluggables	sku ^ONS-(S[CEI]\+?-|XC-|XE-|GC-|GX-|QC-|CC-|CCC-|CPAK-|CXP2?-(?!MPO)|QSFP|QSP28|CFP2|C2-WDM-)							
ONS-SC+-10GEP44.9	10G MR, Edge Performance SFP+ 1544.92, 100 GHz, LC	ONS 15454 Series Multiservice Transport Platforms	pluggable	layered	Optical networking pluggables (ONS / NCS 2000)	(none)	ONS 15454 / NCS 2000 pluggables	sku ^ONS-(S[CEI]\+?-|XC-|XE-|GC-|GX-|QC-|CC-|CCC-|CPAK-|CXP2?-(?!MPO)|QSFP|QSP28|CFP2|C2-WDM-)							
ONS-SC+-10GEP44.9=	10G MR, Edge Performance SFP+ 1544.92, 100 GHz, LC	ONS 15454 Series Multiservice Transport Platforms	pluggable	layered	Optical networking pluggables (ONS / NCS 2000)	(none)	ONS 15454 / NCS 2000 pluggables	sku ^ONS-(S[CEI]\+?-|XC-|XE-|GC-|GX-|QC-|CC-|CCC-|CPAK-|CXP2?-(?!MPO)|QSFP|QSP28|CFP2|C2-WDM-)							
ONS-SC+-10GEP45.3	10G MR, Edge Performance SFP+ 1545.32, 100 GHz, LC	ONS 15454 Series Multiservice Transport Platforms	pluggable	layered	Optical networking pluggables (ONS / NCS 2000)	(none)	ONS 15454 / NCS 2000 pluggables	sku ^ONS-(S[CEI]\+?-|XC-|XE-|GC-|GX-|QC-|CC-|CCC-|CPAK-|CXP2?-(?!MPO)|QSFP|QSP28|CFP2|C2-WDM-)							
ONS-SC+-10GEP45.3=	10G MR, Edge Performance SFP+ 1545.32, 100 GHz, LC	ONS 15454 Series Multiservice Transport Platforms	pluggable	layered	Optical networking pluggables (ONS / NCS 2000)	(none)	ONS 15454 / NCS 2000 pluggables	sku ^ONS-(S[CEI]\+?-|XC-|XE-|GC-|GX-|QC-|CC-|CCC-|CPAK-|CXP2?-(?!MPO)|QSFP|QSP28|CFP2|C2-WDM-)							
ONS-SC+-10GEP45.7	10G MR, Edge Performance SFP+ 1545.72, 100 GHz, LC	ONS 15454 Series Multiservice Transport Platforms	pluggable	layered	Optical networking pluggables (ONS / NCS 2000)	(none)	ONS 15454 / NCS 2000 pluggables	sku ^ONS-(S[CEI]\+?-|XC-|XE-|GC-|GX-|QC-|CC-|CCC-|CPAK-|CXP2?-(?!MPO)|QSFP|QSP28|CFP2|C2-WDM-)							
ONS-SC+-10GEP45.7=	10G MR, Edge Performance SFP+ 1545.72, 100 GHz, LC	ONS 15454 Series Multiservice Transport Platforms	pluggable	layered	Optical networking pluggables (ONS / NCS 2000)	(none)	ONS 15454 / NCS 2000 pluggables	sku ^ONS-(S[CEI]\+?-|XC-|XE-|GC-|GX-|QC-|CC-|CCC-|CPAK-|CXP2?-(?!MPO)|QSFP|QSP28|CFP2|C2-WDM-)							
ONS-SC+-10GEP46.1	10G MR, Edge Performance SFP+ 1546.12, 100 GHz, LC	ONS 15454 Series Multiservice Transport Platforms	pluggable	layered	Optical networking pluggables (ONS / NCS 2000)	(none)	ONS 15454 / NCS 2000 pluggables	sku ^ONS-(S[CEI]\+?-|XC-|XE-|GC-|GX-|QC-|CC-|CCC-|CPAK-|CXP2?-(?!MPO)|QSFP|QSP28|CFP2|C2-WDM-)							
ONS-SC+-10GEP46.1=	10G MR, Edge Performance SFP+ 1546.12, 100 GHz, LC	ONS 15454 Series Multiservice Transport Platforms	pluggable	layered	Optical networking pluggables (ONS / NCS 2000)	(none)	ONS 15454 / NCS 2000 pluggables	sku ^ONS-(S[CEI]\+?-|XC-|XE-|GC-|GX-|QC-|CC-|CCC-|CPAK-|CXP2?-(?!MPO)|QSFP|QSP28|CFP2|C2-WDM-)							
ONS-SC+-10GEP46.5	10G MR, Edge Performance SFP+ 1546.52, 100 GHz, LC	ONS 15454 Series Multiservice Transport Platforms	pluggable	layered	Optical networking pluggables (ONS / NCS 2000)	(none)	ONS 15454 / NCS 2000 pluggables	sku ^ONS-(S[CEI]\+?-|XC-|XE-|GC-|GX-|QC-|CC-|CCC-|CPAK-|CXP2?-(?!MPO)|QSFP|QSP28|CFP2|C2-WDM-)							
ONS-SC+-10GEP46.5=	10G MR, Edge Performance SFP+ 1546.52, 100 GHz, LC	ONS 15454 Series Multiservice Transport Platforms	pluggable	layered	Optical networking pluggables (ONS / NCS 2000)	(none)	ONS 15454 / NCS 2000 pluggables	sku ^ONS-(S[CEI]\+?-|XC-|XE-|GC-|GX-|QC-|CC-|CCC-|CPAK-|CXP2?-(?!MPO)|QSFP|QSP28|CFP2|C2-WDM-)							
ONS-SC+-10GEP46.9	10G MR, Edge Performance SFP+ 1546.92, 100 GHz, LC	ONS 15454 Series Multiservice Transport Platforms	pluggable	layered	Optical networking pluggables (ONS / NCS 2000)	(none)	ONS 15454 / NCS 2000 pluggables	sku ^ONS-(S[CEI]\+?-|XC-|XE-|GC-|GX-|QC-|CC-|CCC-|CPAK-|CXP2?-(?!MPO)|QSFP|QSP28|CFP2|C2-WDM-)							
ONS-SC+-10GEP46.9=	10G MR, Edge Performance SFP+ 1546.92, 100 GHz, LC	ONS 15454 Series Multiservice Transport Platforms	pluggable	layered	Optical networking pluggables (ONS / NCS 2000)	(none)	ONS 15454 / NCS 2000 pluggables	sku ^ONS-(S[CEI]\+?-|XC-|XE-|GC-|GX-|QC-|CC-|CCC-|CPAK-|CXP2?-(?!MPO)|QSFP|QSP28|CFP2|C2-WDM-)							
ONS-SC+-10GEP47.3	10G MR, Edge Performance SFP+ 1547.32, 100 GHz, LC	ONS 15454 Series Multiservice Transport Platforms	pluggable	layered	Optical networking pluggables (ONS / NCS 2000)	(none)	ONS 15454 / NCS 2000 pluggables	sku ^ONS-(S[CEI]\+?-|XC-|XE-|GC-|GX-|QC-|CC-|CCC-|CPAK-|CXP2?-(?!MPO)|QSFP|QSP28|CFP2|C2-WDM-)							
ONS-SC+-10GEP47.3=	10G MR, Edge Performance SFP+ 1547.32, 100 GHz, LC	ONS 15454 Series Multiservice Transport Platforms	pluggable	layered	Optical networking pluggables (ONS / NCS 2000)	(none)	ONS 15454 / NCS 2000 pluggables	sku ^ONS-(S[CEI]\+?-|XC-|XE-|GC-|GX-|QC-|CC-|CCC-|CPAK-|CXP2?-(?!MPO)|QSFP|QSP28|CFP2|C2-WDM-)							
ONS-SC+-10GEP47.7	10G MR, Edge Performance SFP+ 1547.72, 100 GHz, LC	ONS 15454 Series Multiservice Transport Platforms	pluggable	layered	Optical networking pluggables (ONS / NCS 2000)	(none)	ONS 15454 / NCS 2000 pluggables	sku ^ONS-(S[CEI]\+?-|XC-|XE-|GC-|GX-|QC-|CC-|CCC-|CPAK-|CXP2?-(?!MPO)|QSFP|QSP28|CFP2|C2-WDM-)							
ONS-SC+-10GEP47.7=	10G MR, Edge Performance SFP+ 1547.72, 100 GHz, LC	ONS 15454 Series Multiservice Transport Platforms	pluggable	layered	Optical networking pluggables (ONS / NCS 2000)	(none)	ONS 15454 / NCS 2000 pluggables	sku ^ONS-(S[CEI]\+?-|XC-|XE-|GC-|GX-|QC-|CC-|CCC-|CPAK-|CXP2?-(?!MPO)|QSFP|QSP28|CFP2|C2-WDM-)							
ONS-SC+-10GEP48.1	10G MR, Edge Performance SFP+ 1548.11, 100 GHz, LC	ONS 15454 Series Multiservice Transport Platforms	pluggable	layered	Optical networking pluggables (ONS / NCS 2000)	(none)	ONS 15454 / NCS 2000 pluggables	sku ^ONS-(S[CEI]\+?-|XC-|XE-|GC-|GX-|QC-|CC-|CCC-|CPAK-|CXP2?-(?!MPO)|QSFP|QSP28|CFP2|C2-WDM-)							
ONS-SC+-10GEP48.1=	10G MR, Edge Performance SFP+ 1548.11, 100 GHz, LC	ONS 15454 Series Multiservice Transport Platforms	pluggable	layered	Optical networking pluggables (ONS / NCS 2000)	(none)	ONS 15454 / NCS 2000 pluggables	sku ^ONS-(S[CEI]\+?-|XC-|XE-|GC-|GX-|QC-|CC-|CCC-|CPAK-|CXP2?-(?!MPO)|QSFP|QSP28|CFP2|C2-WDM-)							
ONS-SC+-10GEP48.5	10G MR, Edge Performance SFP+ 1548.51, 100 GHz, LC	ONS 15454 Series Multiservice Transport Platforms	pluggable	layered	Optical networking pluggables (ONS / NCS 2000)	(none)	ONS 15454 / NCS 2000 pluggables	sku ^ONS-(S[CEI]\+?-|XC-|XE-|GC-|GX-|QC-|CC-|CCC-|CPAK-|CXP2?-(?!MPO)|QSFP|QSP28|CFP2|C2-WDM-)							
ONS-SC+-10GEP48.5=	10G MR, Edge Performance SFP+ 1548.51, 100 GHz, LC	ONS 15454 Series Multiservice Transport Platforms	pluggable	layered	Optical networking pluggables (ONS / NCS 2000)	(none)	ONS 15454 / NCS 2000 pluggables	sku ^ONS-(S[CEI]\+?-|XC-|XE-|GC-|GX-|QC-|CC-|CCC-|CPAK-|CXP2?-(?!MPO)|QSFP|QSP28|CFP2|C2-WDM-)							
ONS-SC+-10GEP48.9	10G MR, Edge Performance SFP+ 1548.91, 100 GHz, LC	ONS 15454 Series Multiservice Transport Platforms	pluggable	layered	Optical networking pluggables (ONS / NCS 2000)	(none)	ONS 15454 / NCS 2000 pluggables	sku ^ONS-(S[CEI]\+?-|XC-|XE-|GC-|GX-|QC-|CC-|CCC-|CPAK-|CXP2?-(?!MPO)|QSFP|QSP28|CFP2|C2-WDM-)							
ONS-SC+-10GEP48.9=	10G MR, Edge Performance SFP+ 1548.91, 100 GHz, LC	ONS 15454 Series Multiservice Transport Platforms	pluggable	layered	Optical networking pluggables (ONS / NCS 2000)	(none)	ONS 15454 / NCS 2000 pluggables	sku ^ONS-(S[CEI]\+?-|XC-|XE-|GC-|GX-|QC-|CC-|CCC-|CPAK-|CXP2?-(?!MPO)|QSFP|QSP28|CFP2|C2-WDM-)							
ONS-SC+-10GEP49.3	10G MR, Edge Performance SFP+ 1549.32, 100 GHz, LC	ONS 15454 Series Multiservice Transport Platforms	pluggable	layered	Optical networking pluggables (ONS / NCS 2000)	(none)	ONS 15454 / NCS 2000 pluggables	sku ^ONS-(S[CEI]\+?-|XC-|XE-|GC-|GX-|QC-|CC-|CCC-|CPAK-|CXP2?-(?!MPO)|QSFP|QSP28|CFP2|C2-WDM-)							
ONS-SC+-10GEP49.3=	10G MR, Edge Performance SFP+ 1549.32, 100 GHz, LC	ONS 15454 Series Multiservice Transport Platforms	pluggable	layered	Optical networking pluggables (ONS / NCS 2000)	(none)	ONS 15454 / NCS 2000 pluggables	sku ^ONS-(S[CEI]\+?-|XC-|XE-|GC-|GX-|QC-|CC-|CCC-|CPAK-|CXP2?-(?!MPO)|QSFP|QSP28|CFP2|C2-WDM-)							
ONS-SC+-10GEP49.7	10G MR, Edge Performance SFP+ 1549.72, 100 GHz, LC	ONS 15454 Series Multiservice Transport Platforms	pluggable	layered	Optical networking pluggables (ONS / NCS 2000)	(none)	ONS 15454 / NCS 2000 pluggables	sku ^ONS-(S[CEI]\+?-|XC-|XE-|GC-|GX-|QC-|CC-|CCC-|CPAK-|CXP2?-(?!MPO)|QSFP|QSP28|CFP2|C2-WDM-)							
ONS-SC+-10GEP49.7=	10G MR, Edge Performance SFP+ 1549.72, 100 GHz, LC	ONS 15454 Series Multiservice Transport Platforms	pluggable	layered	Optical networking pluggables (ONS / NCS 2000)	(none)	ONS 15454 / NCS 2000 pluggables	sku ^ONS-(S[CEI]\+?-|XC-|XE-|GC-|GX-|QC-|CC-|CCC-|CPAK-|CXP2?-(?!MPO)|QSFP|QSP28|CFP2|C2-WDM-)							
ONS-SC+-10GEP50.1	10G MR, Edge Performance SFP+ 1550.12, 100 GHz, LC	ONS 15454 Series Multiservice Transport Platforms	pluggable	layered	Optical networking pluggables (ONS / NCS 2000)	(none)	ONS 15454 / NCS 2000 pluggables	sku ^ONS-(S[CEI]\+?-|XC-|XE-|GC-|GX-|QC-|CC-|CCC-|CPAK-|CXP2?-(?!MPO)|QSFP|QSP28|CFP2|C2-WDM-)							
ONS-SC+-10GEP50.1=	10G MR, Edge Performance SFP+ 1550.12, 100 GHz, LC	ONS 15454 Series Multiservice Transport Platforms	pluggable	layered	Optical networking pluggables (ONS / NCS 2000)	(none)	ONS 15454 / NCS 2000 pluggables	sku ^ONS-(S[CEI]\+?-|XC-|XE-|GC-|GX-|QC-|CC-|CCC-|CPAK-|CXP2?-(?!MPO)|QSFP|QSP28|CFP2|C2-WDM-)							
ONS-SC+-10GEP50.5	10G MR, Edge Performance SFP+ 1550.52, 100 GHz, LC	ONS 15454 Series Multiservice Transport Platforms	pluggable	layered	Optical networking pluggables (ONS / NCS 2000)	(none)	ONS 15454 / NCS 2000 pluggables	sku ^ONS-(S[CEI]\+?-|XC-|XE-|GC-|GX-|QC-|CC-|CCC-|CPAK-|CXP2?-(?!MPO)|QSFP|QSP28|CFP2|C2-WDM-)							
ONS-SC+-10GEP50.5=	10G MR, Edge Performance SFP+ 1550.52, 100 GHz, LC	ONS 15454 Series Multiservice Transport Platforms	pluggable	layered	Optical networking pluggables (ONS / NCS 2000)	(none)	ONS 15454 / NCS 2000 pluggables	sku ^ONS-(S[CEI]\+?-|XC-|XE-|GC-|GX-|QC-|CC-|CCC-|CPAK-|CXP2?-(?!MPO)|QSFP|QSP28|CFP2|C2-WDM-)							
ONS-SC+-10GEP50.9	10G MR, Edge Performance SFP+ 1550.92, 100 GHz, LC	ONS 15454 Series Multiservice Transport Platforms	pluggable	layered	Optical networking pluggables (ONS / NCS 2000)	(none)	ONS 15454 / NCS 2000 pluggables	sku ^ONS-(S[CEI]\+?-|XC-|XE-|GC-|GX-|QC-|CC-|CCC-|CPAK-|CXP2?-(?!MPO)|QSFP|QSP28|CFP2|C2-WDM-)							
ONS-SC+-10GEP50.9=	10G MR, Edge Performance SFP+ 1550.92, 100 GHz, LC	ONS 15454 Series Multiservice Transport Platforms	pluggable	layered	Optical networking pluggables (ONS / NCS 2000)	(none)	ONS 15454 / NCS 2000 pluggables	sku ^ONS-(S[CEI]\+?-|XC-|XE-|GC-|GX-|QC-|CC-|CCC-|CPAK-|CXP2?-(?!MPO)|QSFP|QSP28|CFP2|C2-WDM-)							
ONS-SC+-10GEP51.3	10G MR, Edge Performance SFP+ 1551.32, 100 GHz, LC	ONS 15454 Series Multiservice Transport Platforms	pluggable	layered	Optical networking pluggables (ONS / NCS 2000)	(none)	ONS 15454 / NCS 2000 pluggables	sku ^ONS-(S[CEI]\+?-|XC-|XE-|GC-|GX-|QC-|CC-|CCC-|CPAK-|CXP2?-(?!MPO)|QSFP|QSP28|CFP2|C2-WDM-)							
ONS-SC+-10GEP51.3=	10G MR, Edge Performance SFP+ 1551.32, 100 GHz, LC	ONS 15454 Series Multiservice Transport Platforms	pluggable	layered	Optical networking pluggables (ONS / NCS 2000)	(none)	ONS 15454 / NCS 2000 pluggables	sku ^ONS-(S[CEI]\+?-|XC-|XE-|GC-|GX-|QC-|CC-|CCC-|CPAK-|CXP2?-(?!MPO)|QSFP|QSP28|CFP2|C2-WDM-)							
ONS-SC+-10GEP51.7	10G MR, Edge Performance SFP+ 1551.72, 100 GHz, LC	ONS 15454 Series Multiservice Transport Platforms	pluggable	layered	Optical networking pluggables (ONS / NCS 2000)	(none)	ONS 15454 / NCS 2000 pluggables	sku ^ONS-(S[CEI]\+?-|XC-|XE-|GC-|GX-|QC-|CC-|CCC-|CPAK-|CXP2?-(?!MPO)|QSFP|QSP28|CFP2|C2-WDM-)							
ONS-SC+-10GEP51.7=	10G MR, Edge Performance SFP+ 1551.72, 100 GHz, LC	ONS 15454 Series Multiservice Transport Platforms	pluggable	layered	Optical networking pluggables (ONS / NCS 2000)	(none)	ONS 15454 / NCS 2000 pluggables	sku ^ONS-(S[CEI]\+?-|XC-|XE-|GC-|GX-|QC-|CC-|CCC-|CPAK-|CXP2?-(?!MPO)|QSFP|QSP28|CFP2|C2-WDM-)							
ONS-SC+-10GEP52.1	10G MR, Edge Performance SFP+ 1552.12, 100 GHz, LC	ONS 15454 Series Multiservice Transport Platforms	pluggable	layered	Optical networking pluggables (ONS / NCS 2000)	(none)	ONS 15454 / NCS 2000 pluggables	sku ^ONS-(S[CEI]\+?-|XC-|XE-|GC-|GX-|QC-|CC-|CCC-|CPAK-|CXP2?-(?!MPO)|QSFP|QSP28|CFP2|C2-WDM-)							
ONS-SC+-10GEP52.1=	10G MR, Edge Performance SFP+ 1552.12, 100 GHz, LC	ONS 15454 Series Multiservice Transport Platforms	pluggable	layered	Optical networking pluggables (ONS / NCS 2000)	(none)	ONS 15454 / NCS 2000 pluggables	sku ^ONS-(S[CEI]\+?-|XC-|XE-|GC-|GX-|QC-|CC-|CCC-|CPAK-|CXP2?-(?!MPO)|QSFP|QSP28|CFP2|C2-WDM-)							
ONS-SC+-10GEP52.5	10G MR, Edge Performance SFP+ 1552.52, 100 GHz, LC	ONS 15454 Series Multiservice Transport Platforms	pluggable	layered	Optical networking pluggables (ONS / NCS 2000)	(none)	ONS 15454 / NCS 2000 pluggables	sku ^ONS-(S[CEI]\+?-|XC-|XE-|GC-|GX-|QC-|CC-|CCC-|CPAK-|CXP2?-(?!MPO)|QSFP|QSP28|CFP2|C2-WDM-)							
ONS-SC+-10GEP52.5=	10G MR, Edge Performance SFP+ 1552.52, 100 GHz, LC	ONS 15454 Series Multiservice Transport Platforms	pluggable	layered	Optical networking pluggables (ONS / NCS 2000)	(none)	ONS 15454 / NCS 2000 pluggables	sku ^ONS-(S[CEI]\+?-|XC-|XE-|GC-|GX-|QC-|CC-|CCC-|CPAK-|CXP2?-(?!MPO)|QSFP|QSP28|CFP2|C2-WDM-)							
ONS-SC+-10GEP52.9	10G MR, Edge Performance SFP+ 1552.93, 100 GHz, LC	ONS 15454 Series Multiservice Transport Platforms	pluggable	layered	Optical networking pluggables (ONS / NCS 2000)	(none)	ONS 15454 / NCS 2000 pluggables	sku ^ONS-(S[CEI]\+?-|XC-|XE-|GC-|GX-|QC-|CC-|CCC-|CPAK-|CXP2?-(?!MPO)|QSFP|QSP28|CFP2|C2-WDM-)							
ONS-SC+-10GEP52.9=	10G MR, Edge Performance SFP+ 1552.93, 100 GHz, LC	ONS 15454 Series Multiservice Transport Platforms	pluggable	layered	Optical networking pluggables (ONS / NCS 2000)	(none)	ONS 15454 / NCS 2000 pluggables	sku ^ONS-(S[CEI]\+?-|XC-|XE-|GC-|GX-|QC-|CC-|CCC-|CPAK-|CXP2?-(?!MPO)|QSFP|QSP28|CFP2|C2-WDM-)							
ONS-SC+-10GEP53.3	10G MR, Edge Performance SFP+ 1553.33, 100 GHz, LC	ONS 15454 Series Multiservice Transport Platforms	pluggable	layered	Optical networking pluggables (ONS / NCS 2000)	(none)	ONS 15454 / NCS 2000 pluggables	sku ^ONS-(S[CEI]\+?-|XC-|XE-|GC-|GX-|QC-|CC-|CCC-|CPAK-|CXP2?-(?!MPO)|QSFP|QSP28|CFP2|C2-WDM-)							
ONS-SC+-10GEP53.3=	10G MR, Edge Performance SFP+ 1553.33, 100 GHz, LC	ONS 15454 Series Multiservice Transport Platforms	pluggable	layered	Optical networking pluggables (ONS / NCS 2000)	(none)	ONS 15454 / NCS 2000 pluggables	sku ^ONS-(S[CEI]\+?-|XC-|XE-|GC-|GX-|QC-|CC-|CCC-|CPAK-|CXP2?-(?!MPO)|QSFP|QSP28|CFP2|C2-WDM-)							
ONS-SC+-10GEP53.7	10G MR, Edge Performance SFP+ 1553.73, 100 GHz, LC	ONS 15454 Series Multiservice Transport Platforms	pluggable	layered	Optical networking pluggables (ONS / NCS 2000)	(none)	ONS 15454 / NCS 2000 pluggables	sku ^ONS-(S[CEI]\+?-|XC-|XE-|GC-|GX-|QC-|CC-|CCC-|CPAK-|CXP2?-(?!MPO)|QSFP|QSP28|CFP2|C2-WDM-)							
ONS-SC+-10GEP53.7=	10G MR, Edge Performance SFP+ 1553.73, 100 GHz, LC	ONS 15454 Series Multiservice Transport Platforms	pluggable	layered	Optical networking pluggables (ONS / NCS 2000)	(none)	ONS 15454 / NCS 2000 pluggables	sku ^ONS-(S[CEI]\+?-|XC-|XE-|GC-|GX-|QC-|CC-|CCC-|CPAK-|CXP2?-(?!MPO)|QSFP|QSP28|CFP2|C2-WDM-)							
ONS-SC+-10GEP54.1	10G MR, Edge Performance SFP+ 1554.13, 100 GHz, LC	ONS 15454 Series Multiservice Transport Platforms	pluggable	layered	Optical networking pluggables (ONS / NCS 2000)	(none)	ONS 15454 / NCS 2000 pluggables	sku ^ONS-(S[CEI]\+?-|XC-|XE-|GC-|GX-|QC-|CC-|CCC-|CPAK-|CXP2?-(?!MPO)|QSFP|QSP28|CFP2|C2-WDM-)							
ONS-SC+-10GEP54.1=	10G MR, Edge Performance SFP+ 1554.13, 100 GHz, LC	ONS 15454 Series Multiservice Transport Platforms	pluggable	layered	Optical networking pluggables (ONS / NCS 2000)	(none)	ONS 15454 / NCS 2000 pluggables	sku ^ONS-(S[CEI]\+?-|XC-|XE-|GC-|GX-|QC-|CC-|CCC-|CPAK-|CXP2?-(?!MPO)|QSFP|QSP28|CFP2|C2-WDM-)							
ONS-SC+-10GEP54.5	10G MR, Edge Performance SFP+ 1554.54, 100 GHz, LC	ONS 15454 Series Multiservice Transport Platforms	pluggable	layered	Optical networking pluggables (ONS / NCS 2000)	(none)	ONS 15454 / NCS 2000 pluggables	sku ^ONS-(S[CEI]\+?-|XC-|XE-|GC-|GX-|QC-|CC-|CCC-|CPAK-|CXP2?-(?!MPO)|QSFP|QSP28|CFP2|C2-WDM-)							
ONS-SC+-10GEP54.5=	10G MR, Edge Performance SFP+ 1554.54, 100 GHz, LC	ONS 15454 Series Multiservice Transport Platforms	pluggable	layered	Optical networking pluggables (ONS / NCS 2000)	(none)	ONS 15454 / NCS 2000 pluggables	sku ^ONS-(S[CEI]\+?-|XC-|XE-|GC-|GX-|QC-|CC-|CCC-|CPAK-|CXP2?-(?!MPO)|QSFP|QSP28|CFP2|C2-WDM-)							
ONS-SC+-10GEP54.9	10G MR, Edge Performance SFP+ 1554.94, 100 GHz, LC	ONS 15454 Series Multiservice Transport Platforms	pluggable	layered	Optical networking pluggables (ONS / NCS 2000)	(none)	ONS 15454 / NCS 2000 pluggables	sku ^ONS-(S[CEI]\+?-|XC-|XE-|GC-|GX-|QC-|CC-|CCC-|CPAK-|CXP2?-(?!MPO)|QSFP|QSP28|CFP2|C2-WDM-)							
ONS-SC+-10GEP54.9=	10G MR, Edge Performance SFP+ 1554.94, 100 GHz, LC	ONS 15454 Series Multiservice Transport Platforms	pluggable	layered	Optical networking pluggables (ONS / NCS 2000)	(none)	ONS 15454 / NCS 2000 pluggables	sku ^ONS-(S[CEI]\+?-|XC-|XE-|GC-|GX-|QC-|CC-|CCC-|CPAK-|CXP2?-(?!MPO)|QSFP|QSP28|CFP2|C2-WDM-)							
ONS-SC+-10GEP55.3	10G MR, Edge Performance SFP+ 1555.34, 100 GHz, LC	ONS 15454 Series Multiservice Transport Platforms	pluggable	layered	Optical networking pluggables (ONS / NCS 2000)	(none)	ONS 15454 / NCS 2000 pluggables	sku ^ONS-(S[CEI]\+?-|XC-|XE-|GC-|GX-|QC-|CC-|CCC-|CPAK-|CXP2?-(?!MPO)|QSFP|QSP28|CFP2|C2-WDM-)							
ONS-SC+-10GEP55.3=	10G MR, Edge Performance SFP+ 1555.34, 100 GHz, LC	ONS 15454 Series Multiservice Transport Platforms	pluggable	layered	Optical networking pluggables (ONS / NCS 2000)	(none)	ONS 15454 / NCS 2000 pluggables	sku ^ONS-(S[CEI]\+?-|XC-|XE-|GC-|GX-|QC-|CC-|CCC-|CPAK-|CXP2?-(?!MPO)|QSFP|QSP28|CFP2|C2-WDM-)							
ONS-SC+-10GEP55.7	10G MR, Edge Performance SFP+ 1555.75, 100 GHz, LC	ONS 15454 Series Multiservice Transport Platforms	pluggable	layered	Optical networking pluggables (ONS / NCS 2000)	(none)	ONS 15454 / NCS 2000 pluggables	sku ^ONS-(S[CEI]\+?-|XC-|XE-|GC-|GX-|QC-|CC-|CCC-|CPAK-|CXP2?-(?!MPO)|QSFP|QSP28|CFP2|C2-WDM-)							
ONS-SC+-10GEP55.7=	10G MR, Edge Performance SFP+ 1555.75, 100 GHz, LC	ONS 15454 Series Multiservice Transport Platforms	pluggable	layered	Optical networking pluggables (ONS / NCS 2000)	(none)	ONS 15454 / NCS 2000 pluggables	sku ^ONS-(S[CEI]\+?-|XC-|XE-|GC-|GX-|QC-|CC-|CCC-|CPAK-|CXP2?-(?!MPO)|QSFP|QSP28|CFP2|C2-WDM-)							
ONS-SC+-10GEP56.1	10G MR, Edge Performance SFP+ 1556.15, 100 GHz, LC	ONS 15454 Series Multiservice Transport Platforms	pluggable	layered	Optical networking pluggables (ONS / NCS 2000)	(none)	ONS 15454 / NCS 2000 pluggables	sku ^ONS-(S[CEI]\+?-|XC-|XE-|GC-|GX-|QC-|CC-|CCC-|CPAK-|CXP2?-(?!MPO)|QSFP|QSP28|CFP2|C2-WDM-)							
ONS-SC+-10GEP56.1=	10G MR, Edge Performance SFP+ 1556.15, 100 GHz, LC	ONS 15454 Series Multiservice Transport Platforms	pluggable	layered	Optical networking pluggables (ONS / NCS 2000)	(none)	ONS 15454 / NCS 2000 pluggables	sku ^ONS-(S[CEI]\+?-|XC-|XE-|GC-|GX-|QC-|CC-|CCC-|CPAK-|CXP2?-(?!MPO)|QSFP|QSP28|CFP2|C2-WDM-)							
ONS-SC+-10GEP56.5	10G MR, Edge Performance SFP+ 1556.55, 100 GHz, LC	ONS 15454 Series Multiservice Transport Platforms	pluggable	layered	Optical networking pluggables (ONS / NCS 2000)	(none)	ONS 15454 / NCS 2000 pluggables	sku ^ONS-(S[CEI]\+?-|XC-|XE-|GC-|GX-|QC-|CC-|CCC-|CPAK-|CXP2?-(?!MPO)|QSFP|QSP28|CFP2|C2-WDM-)							
ONS-SC+-10GEP56.5=	10G MR, Edge Performance SFP+ 1556.55, 100 GHz, LC	ONS 15454 Series Multiservice Transport Platforms	pluggable	layered	Optical networking pluggables (ONS / NCS 2000)	(none)	ONS 15454 / NCS 2000 pluggables	sku ^ONS-(S[CEI]\+?-|XC-|XE-|GC-|GX-|QC-|CC-|CCC-|CPAK-|CXP2?-(?!MPO)|QSFP|QSP28|CFP2|C2-WDM-)							
ONS-SC+-10GEP56.9	10G MR, Edge Performance SFP+ 1556.96, 100 GHz, LC	ONS 15454 Series Multiservice Transport Platforms	pluggable	layered	Optical networking pluggables (ONS / NCS 2000)	(none)	ONS 15454 / NCS 2000 pluggables	sku ^ONS-(S[CEI]\+?-|XC-|XE-|GC-|GX-|QC-|CC-|CCC-|CPAK-|CXP2?-(?!MPO)|QSFP|QSP28|CFP2|C2-WDM-)							
ONS-SC+-10GEP56.9=	10G MR, Edge Performance SFP+ 1556.96, 100 GHz, LC	ONS 15454 Series Multiservice Transport Platforms	pluggable	layered	Optical networking pluggables (ONS / NCS 2000)	(none)	ONS 15454 / NCS 2000 pluggables	sku ^ONS-(S[CEI]\+?-|XC-|XE-|GC-|GX-|QC-|CC-|CCC-|CPAK-|CXP2?-(?!MPO)|QSFP|QSP28|CFP2|C2-WDM-)							
ONS-SC+-10GEP57.3	10G MR, Edge Performance SFP+ 1557.36, 100 GHz, LC	ONS 15454 Series Multiservice Transport Platforms	pluggable	layered	Optical networking pluggables (ONS / NCS 2000)	(none)	ONS 15454 / NCS 2000 pluggables	sku ^ONS-(S[CEI]\+?-|XC-|XE-|GC-|GX-|QC-|CC-|CCC-|CPAK-|CXP2?-(?!MPO)|QSFP|QSP28|CFP2|C2-WDM-)							
ONS-SC+-10GEP57.3=	10G MR, Edge Performance SFP+ 1557.36, 100 GHz, LC	ONS 15454 Series Multiservice Transport Platforms	pluggable	layered	Optical networking pluggables (ONS / NCS 2000)	(none)	ONS 15454 / NCS 2000 pluggables	sku ^ONS-(S[CEI]\+?-|XC-|XE-|GC-|GX-|QC-|CC-|CCC-|CPAK-|CXP2?-(?!MPO)|QSFP|QSP28|CFP2|C2-WDM-)							
ONS-SC+-10GEP57.7	10G MR, Edge Performance SFP+ 1557.77, 100 GHz, LC	ONS 15454 Series Multiservice Transport Platforms	pluggable	layered	Optical networking pluggables (ONS / NCS 2000)	(none)	ONS 15454 / NCS 2000 pluggables	sku ^ONS-(S[CEI]\+?-|XC-|XE-|GC-|GX-|QC-|CC-|CCC-|CPAK-|CXP2?-(?!MPO)|QSFP|QSP28|CFP2|C2-WDM-)							
ONS-SC+-10GEP57.7=	10G MR, Edge Performance SFP+ 1557.77, 100 GHz, LC	ONS 15454 Series Multiservice Transport Platforms	pluggable	layered	Optical networking pluggables (ONS / NCS 2000)	(none)	ONS 15454 / NCS 2000 pluggables	sku ^ONS-(S[CEI]\+?-|XC-|XE-|GC-|GX-|QC-|CC-|CCC-|CPAK-|CXP2?-(?!MPO)|QSFP|QSP28|CFP2|C2-WDM-)							
ONS-SC+-10GEP58.1	10G MR, Edge Performance SFP+ 1558.17, 100 GHz, LC	ONS 15454 Series Multiservice Transport Platforms	pluggable	layered	Optical networking pluggables (ONS / NCS 2000)	(none)	ONS 15454 / NCS 2000 pluggables	sku ^ONS-(S[CEI]\+?-|XC-|XE-|GC-|GX-|QC-|CC-|CCC-|CPAK-|CXP2?-(?!MPO)|QSFP|QSP28|CFP2|C2-WDM-)							
ONS-SC+-10GEP58.1=	10G MR, Edge Performance SFP+ 1558.17, 100 GHz, LC	ONS 15454 Series Multiservice Transport Platforms	pluggable	layered	Optical networking pluggables (ONS / NCS 2000)	(none)	ONS 15454 / NCS 2000 pluggables	sku ^ONS-(S[CEI]\+?-|XC-|XE-|GC-|GX-|QC-|CC-|CCC-|CPAK-|CXP2?-(?!MPO)|QSFP|QSP28|CFP2|C2-WDM-)							
ONS-SC+-10GEP58.5	10G MR, Edge Performance SFP+ 1558.58, 100 GHz, LC	ONS 15454 Series Multiservice Transport Platforms	pluggable	layered	Optical networking pluggables (ONS / NCS 2000)	(none)	ONS 15454 / NCS 2000 pluggables	sku ^ONS-(S[CEI]\+?-|XC-|XE-|GC-|GX-|QC-|CC-|CCC-|CPAK-|CXP2?-(?!MPO)|QSFP|QSP28|CFP2|C2-WDM-)							
ONS-SC+-10GEP58.5=	10G MR, Edge Performance SFP+ 1558.58, 100 GHz, LC	Network Convergence System 2000 Series	pluggable	layered	Optical networking pluggables (ONS / NCS 2000)	(none)	ONS 15454 / NCS 2000 pluggables	sku ^ONS-(S[CEI]\+?-|XC-|XE-|GC-|GX-|QC-|CC-|CCC-|CPAK-|CXP2?-(?!MPO)|QSFP|QSP28|CFP2|C2-WDM-)							
ONS-SC+-10GEP58.8=	10G EP, SFP+ 1558.58, 100 GHz, LC	ONS 15454 Series Multiservice Transport Platforms	pluggable	layered	Optical networking pluggables (ONS / NCS 2000)	(none)	ONS 15454 / NCS 2000 pluggables	sku ^ONS-(S[CEI]\+?-|XC-|XE-|GC-|GX-|QC-|CC-|CCC-|CPAK-|CXP2?-(?!MPO)|QSFP|QSP28|CFP2|C2-WDM-)							
ONS-SC+-10GEP58.9	10G MR, Edge Performance SFP+ 1558.98, 100 GHz, LC	ONS 15454 Series Multiservice Transport Platforms	pluggable	layered	Optical networking pluggables (ONS / NCS 2000)	(none)	ONS 15454 / NCS 2000 pluggables	sku ^ONS-(S[CEI]\+?-|XC-|XE-|GC-|GX-|QC-|CC-|CCC-|CPAK-|CXP2?-(?!MPO)|QSFP|QSP28|CFP2|C2-WDM-)							
ONS-SC+-10GEP58.9=	10G MR, Edge Performance SFP+ 1558.98, 100 GHz, LC	ONS 15454 Series Multiservice Transport Platforms	pluggable	layered	Optical networking pluggables (ONS / NCS 2000)	(none)	ONS 15454 / NCS 2000 pluggables	sku ^ONS-(S[CEI]\+?-|XC-|XE-|GC-|GX-|QC-|CC-|CCC-|CPAK-|CXP2?-(?!MPO)|QSFP|QSP28|CFP2|C2-WDM-)							
ONS-SC+-10GEP59.3	10G MR, Edge Performance SFP+ 1559.39, 100 GHz, LC	ONS 15454 Series Multiservice Transport Platforms	pluggable	layered	Optical networking pluggables (ONS / NCS 2000)	(none)	ONS 15454 / NCS 2000 pluggables	sku ^ONS-(S[CEI]\+?-|XC-|XE-|GC-|GX-|QC-|CC-|CCC-|CPAK-|CXP2?-(?!MPO)|QSFP|QSP28|CFP2|C2-WDM-)							
ONS-SC+-10GEP59.3=	10G MR, Edge Performance SFP+ 1559.39, 100 GHz, LC	ONS 15454 Series Multiservice Transport Platforms	pluggable	layered	Optical networking pluggables (ONS / NCS 2000)	(none)	ONS 15454 / NCS 2000 pluggables	sku ^ONS-(S[CEI]\+?-|XC-|XE-|GC-|GX-|QC-|CC-|CCC-|CPAK-|CXP2?-(?!MPO)|QSFP|QSP28|CFP2|C2-WDM-)							
ONS-SC+-10GEP59.7	10G MR, Edge Performance SFP+ 1559.79, 100 GHz, LC	ONS 15454 Series Multiservice Transport Platforms	pluggable	layered	Optical networking pluggables (ONS / NCS 2000)	(none)	ONS 15454 / NCS 2000 pluggables	sku ^ONS-(S[CEI]\+?-|XC-|XE-|GC-|GX-|QC-|CC-|CCC-|CPAK-|CXP2?-(?!MPO)|QSFP|QSP28|CFP2|C2-WDM-)							
ONS-SC+-10GEP59.7=	10G MR, Edge Performance SFP+ 1559.79, 100 GHz, LC	ONS 15454 Series Multiservice Transport Platforms	pluggable	layered	Optical networking pluggables (ONS / NCS 2000)	(none)	ONS 15454 / NCS 2000 pluggables	sku ^ONS-(S[CEI]\+?-|XC-|XE-|GC-|GX-|QC-|CC-|CCC-|CPAK-|CXP2?-(?!MPO)|QSFP|QSP28|CFP2|C2-WDM-)							
ONS-SC+-10GEP60.2	10G MR, Edge Performance SFP+ 1560.20, 100 GHz, LC	ONS 15454 Series Multiservice Transport Platforms	pluggable	layered	Optical networking pluggables (ONS / NCS 2000)	(none)	ONS 15454 / NCS 2000 pluggables	sku ^ONS-(S[CEI]\+?-|XC-|XE-|GC-|GX-|QC-|CC-|CCC-|CPAK-|CXP2?-(?!MPO)|QSFP|QSP28|CFP2|C2-WDM-)							
ONS-SC+-10GEP60.2=	10G MR, Edge Performance SFP+ 1560.20, 100 GHz, LC	ONS 15454 Series Multiservice Transport Platforms	pluggable	layered	Optical networking pluggables (ONS / NCS 2000)	(none)	ONS 15454 / NCS 2000 pluggables	sku ^ONS-(S[CEI]\+?-|XC-|XE-|GC-|GX-|QC-|CC-|CCC-|CPAK-|CXP2?-(?!MPO)|QSFP|QSP28|CFP2|C2-WDM-)							
ONS-SC+-10GEP60.6	10G MR, Edge Performance SFP+ 1560.61, 100 GHz, LC	ONS 15454 Series Multiservice Transport Platforms	pluggable	layered	Optical networking pluggables (ONS / NCS 2000)	(none)	ONS 15454 / NCS 2000 pluggables	sku ^ONS-(S[CEI]\+?-|XC-|XE-|GC-|GX-|QC-|CC-|CCC-|CPAK-|CXP2?-(?!MPO)|QSFP|QSP28|CFP2|C2-WDM-)							
ONS-SC+-10GEP60.6=	10G MR, Edge Performance SFP+ 1560.61, 100 GHz, LC	ONS 15454 Series Multiservice Transport Platforms	pluggable	layered	Optical networking pluggables (ONS / NCS 2000)	(none)	ONS 15454 / NCS 2000 pluggables	sku ^ONS-(S[CEI]\+?-|XC-|XE-|GC-|GX-|QC-|CC-|CCC-|CPAK-|CXP2?-(?!MPO)|QSFP|QSP28|CFP2|C2-WDM-)							
ONS-SC+-10GEP61.0	10G MR, Edge Performance SFP+ 1561.01, 100 GHz, LC	ONS 15454 Series Multiservice Transport Platforms	pluggable	layered	Optical networking pluggables (ONS / NCS 2000)	(none)	ONS 15454 / NCS 2000 pluggables	sku ^ONS-(S[CEI]\+?-|XC-|XE-|GC-|GX-|QC-|CC-|CCC-|CPAK-|CXP2?-(?!MPO)|QSFP|QSP28|CFP2|C2-WDM-)							
ONS-SC+-10GEP61.0=	10G MR, Edge Performance SFP+ 1561.01, 100 GHz, LC	ONS 15454 Series Multiservice Transport Platforms	pluggable	layered	Optical networking pluggables (ONS / NCS 2000)	(none)	ONS 15454 / NCS 2000 pluggables	sku ^ONS-(S[CEI]\+?-|XC-|XE-|GC-|GX-|QC-|CC-|CCC-|CPAK-|CXP2?-(?!MPO)|QSFP|QSP28|CFP2|C2-WDM-)							
ONS-SC+-10GEP61.4	10G MR, Edge Performance SFP+ 1561.42, 100 GHz, LC	ONS 15454 Series Multiservice Transport Platforms	pluggable	layered	Optical networking pluggables (ONS / NCS 2000)	(none)	ONS 15454 / NCS 2000 pluggables	sku ^ONS-(S[CEI]\+?-|XC-|XE-|GC-|GX-|QC-|CC-|CCC-|CPAK-|CXP2?-(?!MPO)|QSFP|QSP28|CFP2|C2-WDM-)							
ONS-SC+-10GEP61.4=	10G MR, Edge Performance SFP+ 1561.42, 100 GHz, LC	ONS 15454 Series Multiservice Transport Platforms	pluggable	layered	Optical networking pluggables (ONS / NCS 2000)	(none)	ONS 15454 / NCS 2000 pluggables	sku ^ONS-(S[CEI]\+?-|XC-|XE-|GC-|GX-|QC-|CC-|CCC-|CPAK-|CXP2?-(?!MPO)|QSFP|QSP28|CFP2|C2-WDM-)							
ONS-SC+-10GEP61.8	10G MR, Edge Performance SFP+ 1561.83, 100 GHz, LC	ONS 15454 Series Multiservice Transport Platforms	pluggable	layered	Optical networking pluggables (ONS / NCS 2000)	(none)	ONS 15454 / NCS 2000 pluggables	sku ^ONS-(S[CEI]\+?-|XC-|XE-|GC-|GX-|QC-|CC-|CCC-|CPAK-|CXP2?-(?!MPO)|QSFP|QSP28|CFP2|C2-WDM-)							
ONS-SC+-10GEP61.8=	10G MR, Edge Performance SFP+ 1561.83, 100 GHz, LC	ONS 15454 Series Multiservice Transport Platforms	pluggable	layered	Optical networking pluggables (ONS / NCS 2000)	(none)	ONS 15454 / NCS 2000 pluggables	sku ^ONS-(S[CEI]\+?-|XC-|XE-|GC-|GX-|QC-|CC-|CCC-|CPAK-|CXP2?-(?!MPO)|QSFP|QSP28|CFP2|C2-WDM-)							
ONS-SC+-10GEPxx.x	Cisco multi-rate 10G BASE DWDM Edge Performance SFP+ with different wavelengths ranging from 1530-nm to 1561-nm, 100 GHz, LC	ASR 900	pluggable	pending_plan								class non_product			
ONS-SC+-10GEPxx.x=	Cisco ONS-SC+-10GEPxx.x=	Network Convergence System 2000 Series	pluggable	pending_plan								class non_product			
ONS-SC-155-EL	OC-3/STM-1, Electrical SFP, Standard Coaxial Connector 75 Ohm, commercial temperature range	ASR 900	pluggable	layered	Optical networking pluggables (ONS / NCS 2000)	(none)	ONS 15454 / NCS 2000 pluggables	sku ^ONS-(S[CEI]\+?-|XC-|XE-|GC-|GX-|QC-|CC-|CCC-|CPAK-|CXP2?-(?!MPO)|QSFP|QSP28|CFP2|C2-WDM-)							
ONS-SC-155-EL=	SFP – STM-1 Electrical	ONS 15454 Series Multiservice Transport Platforms	pluggable	layered	Optical networking pluggables (ONS / NCS 2000)	(none)	ONS 15454 / NCS 2000 pluggables	sku ^ONS-(S[CEI]\+?-|XC-|XE-|GC-|GX-|QC-|CC-|CCC-|CPAK-|CXP2?-(?!MPO)|QSFP|QSP28|CFP2|C2-WDM-)							
ONS-SC-155-TSOP	SFP transceiver module for STM1/OC3 clear channel transport over GE	ASR 900	pluggable	layered	Optical networking pluggables (ONS / NCS 2000)	(none)	ONS 15454 / NCS 2000 pluggables	sku ^ONS-(S[CEI]\+?-|XC-|XE-|GC-|GX-|QC-|CC-|CCC-|CPAK-|CXP2?-(?!MPO)|QSFP|QSP28|CFP2|C2-WDM-)							
ONS-SC-155-TSOP=	SFP - STM1, OC3 clear channel over GE, C Temp	ONS 15454 Series Multiservice Transport Platforms	pluggable	layered	Optical networking pluggables (ONS / NCS 2000)	(none)	ONS 15454 / NCS 2000 pluggables	sku ^ONS-(S[CEI]\+?-|XC-|XE-|GC-|GX-|QC-|CC-|CCC-|CPAK-|CXP2?-(?!MPO)|QSFP|QSP28|CFP2|C2-WDM-)							
ONS-SC-2G-28.7	SFP - OC-48/STM16, 1528.77, 100 GHz, SM, LC	ONS 15454 Series Multiservice Transport Platforms	pluggable	layered	Optical networking pluggables (ONS / NCS 2000)	(none)	ONS 15454 / NCS 2000 pluggables	sku ^ONS-(S[CEI]\+?-|XC-|XE-|GC-|GX-|QC-|CC-|CCC-|CPAK-|CXP2?-(?!MPO)|QSFP|QSP28|CFP2|C2-WDM-)							
ONS-SC-2G-28.7=	SFP - OC-48/STM16, 1528.77, 100 GHz, SM, LC	Network Convergence System 2000 Series	pluggable	layered	Optical networking pluggables (ONS / NCS 2000)	(none)	ONS 15454 / NCS 2000 pluggables	sku ^ONS-(S[CEI]\+?-|XC-|XE-|GC-|GX-|QC-|CC-|CCC-|CPAK-|CXP2?-(?!MPO)|QSFP|QSP28|CFP2|C2-WDM-)							
ONS-SC-2G-30.3	SFP - OC-48/STM16, 1530.33nm, 100 GHz, SM, LC	ONS 15454 Series Multiservice Transport Platforms	pluggable	layered	Optical networking pluggables (ONS / NCS 2000)	(none)	ONS 15454 / NCS 2000 pluggables	sku ^ONS-(S[CEI]\+?-|XC-|XE-|GC-|GX-|QC-|CC-|CCC-|CPAK-|CXP2?-(?!MPO)|QSFP|QSP28|CFP2|C2-WDM-)							
ONS-SC-2G-30.3=	SFP - OC-48/STM16, 1530.33nm, 100 GHz, SM, LC	Network Convergence System 2000 Series	pluggable	layered	Optical networking pluggables (ONS / NCS 2000)	(none)	ONS 15454 / NCS 2000 pluggables	sku ^ONS-(S[CEI]\+?-|XC-|XE-|GC-|GX-|QC-|CC-|CCC-|CPAK-|CXP2?-(?!MPO)|QSFP|QSP28|CFP2|C2-WDM-)							
ONS-SC-2G-31.1	SFP - OC-48/STM16, 1531.12nm, 100 GHz, SM, LC	ONS 15454 Series Multiservice Transport Platforms	pluggable	layered	Optical networking pluggables (ONS / NCS 2000)	(none)	ONS 15454 / NCS 2000 pluggables	sku ^ONS-(S[CEI]\+?-|XC-|XE-|GC-|GX-|QC-|CC-|CCC-|CPAK-|CXP2?-(?!MPO)|QSFP|QSP28|CFP2|C2-WDM-)							
ONS-SC-2G-31.1=	SFP - OC-48/STM16, 1531.12nm, 100 GHz, SM, LC	Network Convergence System 2000 Series	pluggable	layered	Optical networking pluggables (ONS / NCS 2000)	(none)	ONS 15454 / NCS 2000 pluggables	sku ^ONS-(S[CEI]\+?-|XC-|XE-|GC-|GX-|QC-|CC-|CCC-|CPAK-|CXP2?-(?!MPO)|QSFP|QSP28|CFP2|C2-WDM-)							
ONS-SC-2G-31.9	SFP - OC-48/STM16, 1531.90nm, 100 GHz, SM, LC	ONS 15454 Series Multiservice Transport Platforms	pluggable	layered	Optical networking pluggables (ONS / NCS 2000)	(none)	ONS 15454 / NCS 2000 pluggables	sku ^ONS-(S[CEI]\+?-|XC-|XE-|GC-|GX-|QC-|CC-|CCC-|CPAK-|CXP2?-(?!MPO)|QSFP|QSP28|CFP2|C2-WDM-)							
ONS-SC-2G-31.9=	SFP - OC-48/STM16, 1531.90nm, 100 GHz, SM, LC	Network Convergence System 2000 Series	pluggable	layered	Optical networking pluggables (ONS / NCS 2000)	(none)	ONS 15454 / NCS 2000 pluggables	sku ^ONS-(S[CEI]\+?-|XC-|XE-|GC-|GX-|QC-|CC-|CCC-|CPAK-|CXP2?-(?!MPO)|QSFP|QSP28|CFP2|C2-WDM-)							
ONS-SC-2G-32.6	SFP - OC-48/STM16, 1532.68nm, 100 GHz, SM, LC	ONS 15454 Series Multiservice Transport Platforms	pluggable	layered	Optical networking pluggables (ONS / NCS 2000)	(none)	ONS 15454 / NCS 2000 pluggables	sku ^ONS-(S[CEI]\+?-|XC-|XE-|GC-|GX-|QC-|CC-|CCC-|CPAK-|CXP2?-(?!MPO)|QSFP|QSP28|CFP2|C2-WDM-)							
ONS-SC-2G-32.6=	SFP - OC-48/STM16, 1532.68nm, 100 GHz, SM, LC	Network Convergence System 2000 Series	pluggable	layered	Optical networking pluggables (ONS / NCS 2000)	(none)	ONS 15454 / NCS 2000 pluggables	sku ^ONS-(S[CEI]\+?-|XC-|XE-|GC-|GX-|QC-|CC-|CCC-|CPAK-|CXP2?-(?!MPO)|QSFP|QSP28|CFP2|C2-WDM-)							
ONS-SC-2G-33.4	SFP - OC-48/STM16, 1533.47, 100 GHz, SM, LC	ONS 15454 Series Multiservice Transport Platforms	pluggable	layered	Optical networking pluggables (ONS / NCS 2000)	(none)	ONS 15454 / NCS 2000 pluggables	sku ^ONS-(S[CEI]\+?-|XC-|XE-|GC-|GX-|QC-|CC-|CCC-|CPAK-|CXP2?-(?!MPO)|QSFP|QSP28|CFP2|C2-WDM-)							
ONS-SC-2G-33.4=	SFP - OC-48/STM16, 1533.47, 100 GHz, SM, LC	Network Convergence System 2000 Series	pluggable	layered	Optical networking pluggables (ONS / NCS 2000)	(none)	ONS 15454 / NCS 2000 pluggables	sku ^ONS-(S[CEI]\+?-|XC-|XE-|GC-|GX-|QC-|CC-|CCC-|CPAK-|CXP2?-(?!MPO)|QSFP|QSP28|CFP2|C2-WDM-)							
ONS-SC-2G-34.2	SFP - OC-48/STM16, 1534.25nm, 100 GHz, SM, LC	ONS 15454 Series Multiservice Transport Platforms	pluggable	layered	Optical networking pluggables (ONS / NCS 2000)	(none)	ONS 15454 / NCS 2000 pluggables	sku ^ONS-(S[CEI]\+?-|XC-|XE-|GC-|GX-|QC-|CC-|CCC-|CPAK-|CXP2?-(?!MPO)|QSFP|QSP28|CFP2|C2-WDM-)							
ONS-SC-2G-34.2=	SFP - OC-48/STM16, 1534.25nm, 100 GHz, SM, LC	Network Convergence System 2000 Series	pluggable	layered	Optical networking pluggables (ONS / NCS 2000)	(none)	ONS 15454 / NCS 2000 pluggables	sku ^ONS-(S[CEI]\+?-|XC-|XE-|GC-|GX-|QC-|CC-|CCC-|CPAK-|CXP2?-(?!MPO)|QSFP|QSP28|CFP2|C2-WDM-)							
ONS-SC-2G-35.0	SFP - OC-48/STM16, 1535.04nm, 100 GHz, SM, LC	ONS 15454 Series Multiservice Transport Platforms	pluggable	layered	Optical networking pluggables (ONS / NCS 2000)	(none)	ONS 15454 / NCS 2000 pluggables	sku ^ONS-(S[CEI]\+?-|XC-|XE-|GC-|GX-|QC-|CC-|CCC-|CPAK-|CXP2?-(?!MPO)|QSFP|QSP28|CFP2|C2-WDM-)							
ONS-SC-2G-35.0=	SFP - OC-48/STM16, 1535.04nm, 100 GHz, SM, LC	Network Convergence System 2000 Series	pluggable	layered	Optical networking pluggables (ONS / NCS 2000)	(none)	ONS 15454 / NCS 2000 pluggables	sku ^ONS-(S[CEI]\+?-|XC-|XE-|GC-|GX-|QC-|CC-|CCC-|CPAK-|CXP2?-(?!MPO)|QSFP|QSP28|CFP2|C2-WDM-)							
ONS-SC-2G-35.8	SFP - OC-48/STM16, 1535.82nm, 100 GHz, SM, LC	ONS 15454 Series Multiservice Transport Platforms	pluggable	layered	Optical networking pluggables (ONS / NCS 2000)	(none)	ONS 15454 / NCS 2000 pluggables	sku ^ONS-(S[CEI]\+?-|XC-|XE-|GC-|GX-|QC-|CC-|CCC-|CPAK-|CXP2?-(?!MPO)|QSFP|QSP28|CFP2|C2-WDM-)							
ONS-SC-2G-35.8=	SFP - OC-48/STM16, 1535.82nm, 100 GHz, SM, LC	Network Convergence System 2000 Series	pluggable	layered	Optical networking pluggables (ONS / NCS 2000)	(none)	ONS 15454 / NCS 2000 pluggables	sku ^ONS-(S[CEI]\+?-|XC-|XE-|GC-|GX-|QC-|CC-|CCC-|CPAK-|CXP2?-(?!MPO)|QSFP|QSP28|CFP2|C2-WDM-)							
ONS-SC-2G-36.6	SFP - OC-48/STM16, 1536.61nm, 100 GHz, SM, LC	ONS 15454 Series Multiservice Transport Platforms	pluggable	layered	Optical networking pluggables (ONS / NCS 2000)	(none)	ONS 15454 / NCS 2000 pluggables	sku ^ONS-(S[CEI]\+?-|XC-|XE-|GC-|GX-|QC-|CC-|CCC-|CPAK-|CXP2?-(?!MPO)|QSFP|QSP28|CFP2|C2-WDM-)							
ONS-SC-2G-36.6=	SFP - OC-48/STM16, 1536.61nm, 100 GHz, SM, LC	Network Convergence System 2000 Series	pluggable	layered	Optical networking pluggables (ONS / NCS 2000)	(none)	ONS 15454 / NCS 2000 pluggables	sku ^ONS-(S[CEI]\+?-|XC-|XE-|GC-|GX-|QC-|CC-|CCC-|CPAK-|CXP2?-(?!MPO)|QSFP|QSP28|CFP2|C2-WDM-)							
ONS-SC-2G-37.4=	SFP - OC-48/STM16, 1537.40nm, 100 GHz, SM, LC	Network Convergence System 2000 Series	pluggable	layered	Optical networking pluggables (ONS / NCS 2000)	(none)	ONS 15454 / NCS 2000 pluggables	sku ^ONS-(S[CEI]\+?-|XC-|XE-|GC-|GX-|QC-|CC-|CCC-|CPAK-|CXP2?-(?!MPO)|QSFP|QSP28|CFP2|C2-WDM-)							
ONS-SC-2G-38.1	SFP - OC-48/STM16, 1538.19nm, 100 GHz, SM, LC	ONS 15454 Series Multiservice Transport Platforms	pluggable	layered	Optical networking pluggables (ONS / NCS 2000)	(none)	ONS 15454 / NCS 2000 pluggables	sku ^ONS-(S[CEI]\+?-|XC-|XE-|GC-|GX-|QC-|CC-|CCC-|CPAK-|CXP2?-(?!MPO)|QSFP|QSP28|CFP2|C2-WDM-)							
ONS-SC-2G-38.1=	SFP - OC-48/STM16, 1538.19nm, 100 GHz, SM, LC	Network Convergence System 2000 Series	pluggable	layered	Optical networking pluggables (ONS / NCS 2000)	(none)	ONS 15454 / NCS 2000 pluggables	sku ^ONS-(S[CEI]\+?-|XC-|XE-|GC-|GX-|QC-|CC-|CCC-|CPAK-|CXP2?-(?!MPO)|QSFP|QSP28|CFP2|C2-WDM-)							
ONS-SC-2G-38.9	SFP - OC-48/STM16, 1538.98nm, 100 GHz, SM, LC	ONS 15454 Series Multiservice Transport Platforms	pluggable	layered	Optical networking pluggables (ONS / NCS 2000)	(none)	ONS 15454 / NCS 2000 pluggables	sku ^ONS-(S[CEI]\+?-|XC-|XE-|GC-|GX-|QC-|CC-|CCC-|CPAK-|CXP2?-(?!MPO)|QSFP|QSP28|CFP2|C2-WDM-)							
ONS-SC-2G-38.9=	SFP - OC-48/STM16, 1538.98nm, 100 GHz, SM, LC	Network Convergence System 2000 Series	pluggable	layered	Optical networking pluggables (ONS / NCS 2000)	(none)	ONS 15454 / NCS 2000 pluggables	sku ^ONS-(S[CEI]\+?-|XC-|XE-|GC-|GX-|QC-|CC-|CCC-|CPAK-|CXP2?-(?!MPO)|QSFP|QSP28|CFP2|C2-WDM-)							
ONS-SC-2G-39.7	SFP - OC-48/STM16, 1539.77nm, 100 GHz, SM, LC	ONS 15454 Series Multiservice Transport Platforms	pluggable	layered	Optical networking pluggables (ONS / NCS 2000)	(none)	ONS 15454 / NCS 2000 pluggables	sku ^ONS-(S[CEI]\+?-|XC-|XE-|GC-|GX-|QC-|CC-|CCC-|CPAK-|CXP2?-(?!MPO)|QSFP|QSP28|CFP2|C2-WDM-)							
ONS-SC-2G-39.7=	SFP - OC-48/STM16, 1539.77nm, 100 GHz, SM, LC	Network Convergence System 2000 Series	pluggable	layered	Optical networking pluggables (ONS / NCS 2000)	(none)	ONS 15454 / NCS 2000 pluggables	sku ^ONS-(S[CEI]\+?-|XC-|XE-|GC-|GX-|QC-|CC-|CCC-|CPAK-|CXP2?-(?!MPO)|QSFP|QSP28|CFP2|C2-WDM-)							
ONS-SC-2G-40.5	SFP - OC-48/STM16, 1540.56nm, 100 GHz, SM, LC	ONS 15454 Series Multiservice Transport Platforms	pluggable	layered	Optical networking pluggables (ONS / NCS 2000)	(none)	ONS 15454 / NCS 2000 pluggables	sku ^ONS-(S[CEI]\+?-|XC-|XE-|GC-|GX-|QC-|CC-|CCC-|CPAK-|CXP2?-(?!MPO)|QSFP|QSP28|CFP2|C2-WDM-)							
ONS-SC-2G-40.5=	SFP - OC-48/STM16, 1540.56nm, 100 GHz, SM, LC	Network Convergence System 2000 Series	pluggable	layered	Optical networking pluggables (ONS / NCS 2000)	(none)	ONS 15454 / NCS 2000 pluggables	sku ^ONS-(S[CEI]\+?-|XC-|XE-|GC-|GX-|QC-|CC-|CCC-|CPAK-|CXP2?-(?!MPO)|QSFP|QSP28|CFP2|C2-WDM-)							
ONS-SC-2G-41.3	SFP - OC-48/STM16, 1541.35, 100 GHz, SM, LC	ONS 15454 Series Multiservice Transport Platforms	pluggable	layered	Optical networking pluggables (ONS / NCS 2000)	(none)	ONS 15454 / NCS 2000 pluggables	sku ^ONS-(S[CEI]\+?-|XC-|XE-|GC-|GX-|QC-|CC-|CCC-|CPAK-|CXP2?-(?!MPO)|QSFP|QSP28|CFP2|C2-WDM-)							
ONS-SC-2G-41.3=	SFP - OC-48/STM16, 1541.35, 100 GHz, SM, LC	Network Convergence System 2000 Series	pluggable	layered	Optical networking pluggables (ONS / NCS 2000)	(none)	ONS 15454 / NCS 2000 pluggables	sku ^ONS-(S[CEI]\+?-|XC-|XE-|GC-|GX-|QC-|CC-|CCC-|CPAK-|CXP2?-(?!MPO)|QSFP|QSP28|CFP2|C2-WDM-)							
ONS-SC-2G-42.1	SFP - OC-48/STM16, 1542.14nm, 100 GHz, SM, LC	ONS 15454 Series Multiservice Transport Platforms	pluggable	layered	Optical networking pluggables (ONS / NCS 2000)	(none)	ONS 15454 / NCS 2000 pluggables	sku ^ONS-(S[CEI]\+?-|XC-|XE-|GC-|GX-|QC-|CC-|CCC-|CPAK-|CXP2?-(?!MPO)|QSFP|QSP28|CFP2|C2-WDM-)							
ONS-SC-2G-42.1=	SFP - OC-48/STM16, 1542.14nm, 100 GHz, SM, LC	Network Convergence System 2000 Series	pluggable	layered	Optical networking pluggables (ONS / NCS 2000)	(none)	ONS 15454 / NCS 2000 pluggables	sku ^ONS-(S[CEI]\+?-|XC-|XE-|GC-|GX-|QC-|CC-|CCC-|CPAK-|CXP2?-(?!MPO)|QSFP|QSP28|CFP2|C2-WDM-)							
ONS-SC-2G-42.9	SFP - OC-48/STM16, 1542.94nm, 100 GHz, SM, LC	ONS 15454 Series Multiservice Transport Platforms	pluggable	layered	Optical networking pluggables (ONS / NCS 2000)	(none)	ONS 15454 / NCS 2000 pluggables	sku ^ONS-(S[CEI]\+?-|XC-|XE-|GC-|GX-|QC-|CC-|CCC-|CPAK-|CXP2?-(?!MPO)|QSFP|QSP28|CFP2|C2-WDM-)							
ONS-SC-2G-42.9=	SFP - OC-48/STM16, 1542.94nm, 100 GHz, SM, LC	Network Convergence System 2000 Series	pluggable	layered	Optical networking pluggables (ONS / NCS 2000)	(none)	ONS 15454 / NCS 2000 pluggables	sku ^ONS-(S[CEI]\+?-|XC-|XE-|GC-|GX-|QC-|CC-|CCC-|CPAK-|CXP2?-(?!MPO)|QSFP|QSP28|CFP2|C2-WDM-)							
ONS-SC-2G-43.7	SFP - OC-48/STM16, 1543.73nm, 100 GHz, SM, LC	ONS 15454 Series Multiservice Transport Platforms	pluggable	layered	Optical networking pluggables (ONS / NCS 2000)	(none)	ONS 15454 / NCS 2000 pluggables	sku ^ONS-(S[CEI]\+?-|XC-|XE-|GC-|GX-|QC-|CC-|CCC-|CPAK-|CXP2?-(?!MPO)|QSFP|QSP28|CFP2|C2-WDM-)							
ONS-SC-2G-43.7=	SFP - OC-48/STM16, 1543.73nm, 100 GHz, SM, LC	Network Convergence System 2000 Series	pluggable	layered	Optical networking pluggables (ONS / NCS 2000)	(none)	ONS 15454 / NCS 2000 pluggables	sku ^ONS-(S[CEI]\+?-|XC-|XE-|GC-|GX-|QC-|CC-|CCC-|CPAK-|CXP2?-(?!MPO)|QSFP|QSP28|CFP2|C2-WDM-)							
ONS-SC-2G-44.5	SFP - OC-48/STM16, 1544.53nm, 100 GHz, SM, LC	ONS 15454 Series Multiservice Transport Platforms	pluggable	layered	Optical networking pluggables (ONS / NCS 2000)	(none)	ONS 15454 / NCS 2000 pluggables	sku ^ONS-(S[CEI]\+?-|XC-|XE-|GC-|GX-|QC-|CC-|CCC-|CPAK-|CXP2?-(?!MPO)|QSFP|QSP28|CFP2|C2-WDM-)							
ONS-SC-2G-44.5=	SFP - OC-48/STM16, 1544.53nm, 100 GHz, SM, LC	Network Convergence System 2000 Series	pluggable	layered	Optical networking pluggables (ONS / NCS 2000)	(none)	ONS 15454 / NCS 2000 pluggables	sku ^ONS-(S[CEI]\+?-|XC-|XE-|GC-|GX-|QC-|CC-|CCC-|CPAK-|CXP2?-(?!MPO)|QSFP|QSP28|CFP2|C2-WDM-)							
ONS-SC-2G-45.3=	SFP - OC-48/STM16, 1545.32nm, 100 GHz, SM, LC	Network Convergence System 2000 Series	pluggable	layered	Optical networking pluggables (ONS / NCS 2000)	(none)	ONS 15454 / NCS 2000 pluggables	sku ^ONS-(S[CEI]\+?-|XC-|XE-|GC-|GX-|QC-|CC-|CCC-|CPAK-|CXP2?-(?!MPO)|QSFP|QSP28|CFP2|C2-WDM-)							
ONS-SC-2G-46.1	SFP - OC-48/STM16, 1546.12nm, 100 GHz, SM, LC	ONS 15454 Series Multiservice Transport Platforms	pluggable	layered	Optical networking pluggables (ONS / NCS 2000)	(none)	ONS 15454 / NCS 2000 pluggables	sku ^ONS-(S[CEI]\+?-|XC-|XE-|GC-|GX-|QC-|CC-|CCC-|CPAK-|CXP2?-(?!MPO)|QSFP|QSP28|CFP2|C2-WDM-)							
ONS-SC-2G-46.1=	SFP - OC-48/STM16, 1546.12nm, 100 GHz, SM, LC	Network Convergence System 2000 Series	pluggable	layered	Optical networking pluggables (ONS / NCS 2000)	(none)	ONS 15454 / NCS 2000 pluggables	sku ^ONS-(S[CEI]\+?-|XC-|XE-|GC-|GX-|QC-|CC-|CCC-|CPAK-|CXP2?-(?!MPO)|QSFP|QSP28|CFP2|C2-WDM-)							
ONS-SC-2G-46.9	SFP - OC-48/STM16, 1546.92nm, 100 GHz, SM, LC	ONS 15454 Series Multiservice Transport Platforms	pluggable	layered	Optical networking pluggables (ONS / NCS 2000)	(none)	ONS 15454 / NCS 2000 pluggables	sku ^ONS-(S[CEI]\+?-|XC-|XE-|GC-|GX-|QC-|CC-|CCC-|CPAK-|CXP2?-(?!MPO)|QSFP|QSP28|CFP2|C2-WDM-)							
ONS-SC-2G-46.9=	SFP - OC-48/STM16, 1546.92nm, 100 GHz, SM, LC	Network Convergence System 2000 Series	pluggable	layered	Optical networking pluggables (ONS / NCS 2000)	(none)	ONS 15454 / NCS 2000 pluggables	sku ^ONS-(S[CEI]\+?-|XC-|XE-|GC-|GX-|QC-|CC-|CCC-|CPAK-|CXP2?-(?!MPO)|QSFP|QSP28|CFP2|C2-WDM-)							
ONS-SC-2G-47.7	SFP - OC-48/STM16, 1547.72nm, 100 GHz, SM, LC	ONS 15454 Series Multiservice Transport Platforms	pluggable	layered	Optical networking pluggables (ONS / NCS 2000)	(none)	ONS 15454 / NCS 2000 pluggables	sku ^ONS-(S[CEI]\+?-|XC-|XE-|GC-|GX-|QC-|CC-|CCC-|CPAK-|CXP2?-(?!MPO)|QSFP|QSP28|CFP2|C2-WDM-)							
ONS-SC-2G-47.7=	SFP - OC-48/STM16, 1547.72nm, 100 GHz, SM, LC	Network Convergence System 2000 Series	pluggable	layered	Optical networking pluggables (ONS / NCS 2000)	(none)	ONS 15454 / NCS 2000 pluggables	sku ^ONS-(S[CEI]\+?-|XC-|XE-|GC-|GX-|QC-|CC-|CCC-|CPAK-|CXP2?-(?!MPO)|QSFP|QSP28|CFP2|C2-WDM-)							
ONS-SC-2G-48.5	SFP - OC-48/STM16, 1548.51nm, 100 GHz, SM, LC	ONS 15454 Series Multiservice Transport Platforms	pluggable	layered	Optical networking pluggables (ONS / NCS 2000)	(none)	ONS 15454 / NCS 2000 pluggables	sku ^ONS-(S[CEI]\+?-|XC-|XE-|GC-|GX-|QC-|CC-|CCC-|CPAK-|CXP2?-(?!MPO)|QSFP|QSP28|CFP2|C2-WDM-)							
ONS-SC-2G-48.5=	SFP - OC-48/STM16, 1548.51nm, 100 GHz, SM, LC	Network Convergence System 2000 Series	pluggable	layered	Optical networking pluggables (ONS / NCS 2000)	(none)	ONS 15454 / NCS 2000 pluggables	sku ^ONS-(S[CEI]\+?-|XC-|XE-|GC-|GX-|QC-|CC-|CCC-|CPAK-|CXP2?-(?!MPO)|QSFP|QSP28|CFP2|C2-WDM-)							
ONS-SC-2G-49.3	SFP - OC-48/STM16, 1549.32, 100 GHz, SM, LC	ONS 15454 Series Multiservice Transport Platforms	pluggable	layered	Optical networking pluggables (ONS / NCS 2000)	(none)	ONS 15454 / NCS 2000 pluggables	sku ^ONS-(S[CEI]\+?-|XC-|XE-|GC-|GX-|QC-|CC-|CCC-|CPAK-|CXP2?-(?!MPO)|QSFP|QSP28|CFP2|C2-WDM-)							
ONS-SC-2G-49.3=	SFP - OC-48/STM16, 1549.32, 100 GHz, SM, LC	Network Convergence System 2000 Series	pluggable	layered	Optical networking pluggables (ONS / NCS 2000)	(none)	ONS 15454 / NCS 2000 pluggables	sku ^ONS-(S[CEI]\+?-|XC-|XE-|GC-|GX-|QC-|CC-|CCC-|CPAK-|CXP2?-(?!MPO)|QSFP|QSP28|CFP2|C2-WDM-)							
ONS-SC-2G-50.1	SFP - OC-48/STM16, 1550.12nm, 100 GHz, SM, LC	ONS 15454 Series Multiservice Transport Platforms	pluggable	layered	Optical networking pluggables (ONS / NCS 2000)	(none)	ONS 15454 / NCS 2000 pluggables	sku ^ONS-(S[CEI]\+?-|XC-|XE-|GC-|GX-|QC-|CC-|CCC-|CPAK-|CXP2?-(?!MPO)|QSFP|QSP28|CFP2|C2-WDM-)							
ONS-SC-2G-50.1=	SFP - OC-48/STM16, 1550.12nm, 100 GHz, SM, LC	Network Convergence System 2000 Series	pluggable	layered	Optical networking pluggables (ONS / NCS 2000)	(none)	ONS 15454 / NCS 2000 pluggables	sku ^ONS-(S[CEI]\+?-|XC-|XE-|GC-|GX-|QC-|CC-|CCC-|CPAK-|CXP2?-(?!MPO)|QSFP|QSP28|CFP2|C2-WDM-)							
ONS-SC-2G-50.9	SFP - OC-48/STM16, 1550.92nm, 100 GHz, SM, LC	ONS 15454 Series Multiservice Transport Platforms	pluggable	layered	Optical networking pluggables (ONS / NCS 2000)	(none)	ONS 15454 / NCS 2000 pluggables	sku ^ONS-(S[CEI]\+?-|XC-|XE-|GC-|GX-|QC-|CC-|CCC-|CPAK-|CXP2?-(?!MPO)|QSFP|QSP28|CFP2|C2-WDM-)							
ONS-SC-2G-50.9=	SFP - OC-48/STM16, 1550.92nm, 100 GHz, SM, LC	Network Convergence System 2000 Series	pluggable	layered	Optical networking pluggables (ONS / NCS 2000)	(none)	ONS 15454 / NCS 2000 pluggables	sku ^ONS-(S[CEI]\+?-|XC-|XE-|GC-|GX-|QC-|CC-|CCC-|CPAK-|CXP2?-(?!MPO)|QSFP|QSP28|CFP2|C2-WDM-)							
ONS-SC-2G-51.7	SFP - OC-48/STM16, 1551.72nm, 100 GHz, SM, LC	ONS 15454 Series Multiservice Transport Platforms	pluggable	layered	Optical networking pluggables (ONS / NCS 2000)	(none)	ONS 15454 / NCS 2000 pluggables	sku ^ONS-(S[CEI]\+?-|XC-|XE-|GC-|GX-|QC-|CC-|CCC-|CPAK-|CXP2?-(?!MPO)|QSFP|QSP28|CFP2|C2-WDM-)							
ONS-SC-2G-51.7=	SFP - OC-48/STM16, 1551.72nm, 100 GHz, SM, LC	Network Convergence System 2000 Series	pluggable	layered	Optical networking pluggables (ONS / NCS 2000)	(none)	ONS 15454 / NCS 2000 pluggables	sku ^ONS-(S[CEI]\+?-|XC-|XE-|GC-|GX-|QC-|CC-|CCC-|CPAK-|CXP2?-(?!MPO)|QSFP|QSP28|CFP2|C2-WDM-)							
ONS-SC-2G-52.5	SFP - OC-48/STM16, 1552.52nm, 100 GHz, SM, LC	ONS 15454 Series Multiservice Transport Platforms	pluggable	layered	Optical networking pluggables (ONS / NCS 2000)	(none)	ONS 15454 / NCS 2000 pluggables	sku ^ONS-(S[CEI]\+?-|XC-|XE-|GC-|GX-|QC-|CC-|CCC-|CPAK-|CXP2?-(?!MPO)|QSFP|QSP28|CFP2|C2-WDM-)							
ONS-SC-2G-52.5=	SFP - OC-48/STM16, 1552.52nm, 100 GHz, SM, LC	Network Convergence System 2000 Series	pluggable	layered	Optical networking pluggables (ONS / NCS 2000)	(none)	ONS 15454 / NCS 2000 pluggables	sku ^ONS-(S[CEI]\+?-|XC-|XE-|GC-|GX-|QC-|CC-|CCC-|CPAK-|CXP2?-(?!MPO)|QSFP|QSP28|CFP2|C2-WDM-)							
ONS-SC-2G-53.3=	SFP - OC-48/STM16, 1553.33nm, 100 GHz, SM, LC	Network Convergence System 2000 Series	pluggable	layered	Optical networking pluggables (ONS / NCS 2000)	(none)	ONS 15454 / NCS 2000 pluggables	sku ^ONS-(S[CEI]\+?-|XC-|XE-|GC-|GX-|QC-|CC-|CCC-|CPAK-|CXP2?-(?!MPO)|QSFP|QSP28|CFP2|C2-WDM-)							
ONS-SC-2G-54.1	SFP - OC-48/STM16, 1554.13nm, 100 GHz, SM, LC	ONS 15454 Series Multiservice Transport Platforms	pluggable	layered	Optical networking pluggables (ONS / NCS 2000)	(none)	ONS 15454 / NCS 2000 pluggables	sku ^ONS-(S[CEI]\+?-|XC-|XE-|GC-|GX-|QC-|CC-|CCC-|CPAK-|CXP2?-(?!MPO)|QSFP|QSP28|CFP2|C2-WDM-)							
ONS-SC-2G-54.1=	SFP - OC-48/STM16, 1554.13nm, 100 GHz, SM, LC	Network Convergence System 2000 Series	pluggable	layered	Optical networking pluggables (ONS / NCS 2000)	(none)	ONS 15454 / NCS 2000 pluggables	sku ^ONS-(S[CEI]\+?-|XC-|XE-|GC-|GX-|QC-|CC-|CCC-|CPAK-|CXP2?-(?!MPO)|QSFP|QSP28|CFP2|C2-WDM-)							
ONS-SC-2G-54.9	SFP - OC-48/STM16, 1554.94nm, 100 GHz, SM, LC	ONS 15454 Series Multiservice Transport Platforms	pluggable	layered	Optical networking pluggables (ONS / NCS 2000)	(none)	ONS 15454 / NCS 2000 pluggables	sku ^ONS-(S[CEI]\+?-|XC-|XE-|GC-|GX-|QC-|CC-|CCC-|CPAK-|CXP2?-(?!MPO)|QSFP|QSP28|CFP2|C2-WDM-)							
ONS-SC-2G-54.9=	SFP - OC-48/STM16, 1554.94nm, 100 GHz, SM, LC	Network Convergence System 2000 Series	pluggable	layered	Optical networking pluggables (ONS / NCS 2000)	(none)	ONS 15454 / NCS 2000 pluggables	sku ^ONS-(S[CEI]\+?-|XC-|XE-|GC-|GX-|QC-|CC-|CCC-|CPAK-|CXP2?-(?!MPO)|QSFP|QSP28|CFP2|C2-WDM-)							
ONS-SC-2G-55.7	SFP - OC-48/STM16, 1555.75nm, 100 GHz, SM, LC	ONS 15454 Series Multiservice Transport Platforms	pluggable	layered	Optical networking pluggables (ONS / NCS 2000)	(none)	ONS 15454 / NCS 2000 pluggables	sku ^ONS-(S[CEI]\+?-|XC-|XE-|GC-|GX-|QC-|CC-|CCC-|CPAK-|CXP2?-(?!MPO)|QSFP|QSP28|CFP2|C2-WDM-)							
ONS-SC-2G-55.7=	SFP - OC-48/STM16, 1555.75nm, 100 GHz, SM, LC	Network Convergence System 2000 Series	pluggable	layered	Optical networking pluggables (ONS / NCS 2000)	(none)	ONS 15454 / NCS 2000 pluggables	sku ^ONS-(S[CEI]\+?-|XC-|XE-|GC-|GX-|QC-|CC-|CCC-|CPAK-|CXP2?-(?!MPO)|QSFP|QSP28|CFP2|C2-WDM-)							
ONS-SC-2G-56.5	SFP - OC-48/STM16, 1556.55nm, 100 GHz, SM, LC	ONS 15454 Series Multiservice Transport Platforms	pluggable	layered	Optical networking pluggables (ONS / NCS 2000)	(none)	ONS 15454 / NCS 2000 pluggables	sku ^ONS-(S[CEI]\+?-|XC-|XE-|GC-|GX-|QC-|CC-|CCC-|CPAK-|CXP2?-(?!MPO)|QSFP|QSP28|CFP2|C2-WDM-)							
ONS-SC-2G-56.5=	SFP - OC-48/STM16, 1556.55nm, 100 GHz, SM, LC	Network Convergence System 2000 Series	pluggable	layered	Optical networking pluggables (ONS / NCS 2000)	(none)	ONS 15454 / NCS 2000 pluggables	sku ^ONS-(S[CEI]\+?-|XC-|XE-|GC-|GX-|QC-|CC-|CCC-|CPAK-|CXP2?-(?!MPO)|QSFP|QSP28|CFP2|C2-WDM-)							
ONS-SC-2G-57.3	SFP - OC-48/STM16, 1557.36, 100 GHz, SM, LC	ONS 15454 Series Multiservice Transport Platforms	pluggable	layered	Optical networking pluggables (ONS / NCS 2000)	(none)	ONS 15454 / NCS 2000 pluggables	sku ^ONS-(S[CEI]\+?-|XC-|XE-|GC-|GX-|QC-|CC-|CCC-|CPAK-|CXP2?-(?!MPO)|QSFP|QSP28|CFP2|C2-WDM-)							
ONS-SC-2G-57.3=	SFP - OC-48/STM16, 1557.36, 100 GHz, SM, LC	Network Convergence System 2000 Series	pluggable	layered	Optical networking pluggables (ONS / NCS 2000)	(none)	ONS 15454 / NCS 2000 pluggables	sku ^ONS-(S[CEI]\+?-|XC-|XE-|GC-|GX-|QC-|CC-|CCC-|CPAK-|CXP2?-(?!MPO)|QSFP|QSP28|CFP2|C2-WDM-)							
ONS-SC-2G-58.1	SFP - OC-48/STM16, 1558.17nm, 100 GHz, SM, LC	ONS 15454 Series Multiservice Transport Platforms	pluggable	layered	Optical networking pluggables (ONS / NCS 2000)	(none)	ONS 15454 / NCS 2000 pluggables	sku ^ONS-(S[CEI]\+?-|XC-|XE-|GC-|GX-|QC-|CC-|CCC-|CPAK-|CXP2?-(?!MPO)|QSFP|QSP28|CFP2|C2-WDM-)							
ONS-SC-2G-58.1=	SFP - OC-48/STM16, 1558.17nm, 100 GHz, SM, LC	Network Convergence System 2000 Series	pluggable	layered	Optical networking pluggables (ONS / NCS 2000)	(none)	ONS 15454 / NCS 2000 pluggables	sku ^ONS-(S[CEI]\+?-|XC-|XE-|GC-|GX-|QC-|CC-|CCC-|CPAK-|CXP2?-(?!MPO)|QSFP|QSP28|CFP2|C2-WDM-)							
ONS-SC-2G-58.9	SFP - OC-48/STM16, 1558.98nm, 100 GHz, SM, LC	ONS 15454 Series Multiservice Transport Platforms	pluggable	layered	Optical networking pluggables (ONS / NCS 2000)	(none)	ONS 15454 / NCS 2000 pluggables	sku ^ONS-(S[CEI]\+?-|XC-|XE-|GC-|GX-|QC-|CC-|CCC-|CPAK-|CXP2?-(?!MPO)|QSFP|QSP28|CFP2|C2-WDM-)							
ONS-SC-2G-58.9=	SFP - OC-48/STM16, 1558.98nm, 100 GHz, SM, LC	Network Convergence System 2000 Series	pluggable	layered	Optical networking pluggables (ONS / NCS 2000)	(none)	ONS 15454 / NCS 2000 pluggables	sku ^ONS-(S[CEI]\+?-|XC-|XE-|GC-|GX-|QC-|CC-|CCC-|CPAK-|CXP2?-(?!MPO)|QSFP|QSP28|CFP2|C2-WDM-)							
ONS-SC-2G-59.7	SFP - OC-48/STM16, 1559.79nm, 100 GHz, SM, LC	ONS 15454 Series Multiservice Transport Platforms	pluggable	layered	Optical networking pluggables (ONS / NCS 2000)	(none)	ONS 15454 / NCS 2000 pluggables	sku ^ONS-(S[CEI]\+?-|XC-|XE-|GC-|GX-|QC-|CC-|CCC-|CPAK-|CXP2?-(?!MPO)|QSFP|QSP28|CFP2|C2-WDM-)							
ONS-SC-2G-59.7=	SFP - OC-48/STM16, 1559.79nm, 100 GHz, SM, LC	Network Convergence System 2000 Series	pluggable	layered	Optical networking pluggables (ONS / NCS 2000)	(none)	ONS 15454 / NCS 2000 pluggables	sku ^ONS-(S[CEI]\+?-|XC-|XE-|GC-|GX-|QC-|CC-|CCC-|CPAK-|CXP2?-(?!MPO)|QSFP|QSP28|CFP2|C2-WDM-)							
ONS-SC-2G-60.6	SFP - OC-48/STM16, 1560.61nm, 100 GHz, SM, LC	ONS 15454 Series Multiservice Transport Platforms	pluggable	layered	Optical networking pluggables (ONS / NCS 2000)	(none)	ONS 15454 / NCS 2000 pluggables	sku ^ONS-(S[CEI]\+?-|XC-|XE-|GC-|GX-|QC-|CC-|CCC-|CPAK-|CXP2?-(?!MPO)|QSFP|QSP28|CFP2|C2-WDM-)							
ONS-SC-2G-60.6=	SFP - OC-48/STM16, 1560.61nm, 100 GHz, SM, LC	Network Convergence System 2000 Series	pluggable	layered	Optical networking pluggables (ONS / NCS 2000)	(none)	ONS 15454 / NCS 2000 pluggables	sku ^ONS-(S[CEI]\+?-|XC-|XE-|GC-|GX-|QC-|CC-|CCC-|CPAK-|CXP2?-(?!MPO)|QSFP|QSP28|CFP2|C2-WDM-)							
ONS-SC-2G-xx.x=	SFP – OC-48/STM-16, 15xx.x nm, 100 GHz, SM, LC	ONS 15454 Series Multiservice Transport Platforms	pluggable	pending_plan								class non_product			
ONS-SC-2GE-BX-D	1000BASE-BX10 2 Channel Gigabit Ethernet transceiver module for SMF, 1490 nm wavelength, dual LC/PC connector	ASR 900	bidi	layered	Optical networking pluggables (ONS / NCS 2000)	(none)	ONS 15454 / NCS 2000 pluggables	sku ^ONS-(S[CEI]\+?-|XC-|XE-|GC-|GX-|QC-|CC-|CCC-|CPAK-|CXP2?-(?!MPO)|QSFP|QSP28|CFP2|C2-WDM-)							
ONS-SC-4G-30.3=	SFP - 4G FC 1530.33, 100 GHz, LC - Commercial Temp	MDS 9500 Series Multilayer Directors	pluggable	layered	Optical networking pluggables (ONS / NCS 2000)	(none)	ONS 15454 / NCS 2000 pluggables	sku ^ONS-(S[CEI]\+?-|XC-|XE-|GC-|GX-|QC-|CC-|CCC-|CPAK-|CXP2?-(?!MPO)|QSFP|QSP28|CFP2|C2-WDM-)							
ONS-SC-4G-31.1=	SFP - 4G FC 1531.12, 100 GHz, LC - Commercial Temp	MDS 9500 Series Multilayer Directors	pluggable	layered	Optical networking pluggables (ONS / NCS 2000)	(none)	ONS 15454 / NCS 2000 pluggables	sku ^ONS-(S[CEI]\+?-|XC-|XE-|GC-|GX-|QC-|CC-|CCC-|CPAK-|CXP2?-(?!MPO)|QSFP|QSP28|CFP2|C2-WDM-)							
ONS-SC-4G-31.9=	SFP - 4G FC 1531.90, 100 GHz, LC - Commercial Temp	MDS 9500 Series Multilayer Directors	pluggable	layered	Optical networking pluggables (ONS / NCS 2000)	(none)	ONS 15454 / NCS 2000 pluggables	sku ^ONS-(S[CEI]\+?-|XC-|XE-|GC-|GX-|QC-|CC-|CCC-|CPAK-|CXP2?-(?!MPO)|QSFP|QSP28|CFP2|C2-WDM-)							
ONS-SC-4G-32.6=	SFP - 4G FC 1532.68, 100 GHz, LC - Commercial Temp	MDS 9500 Series Multilayer Directors	pluggable	layered	Optical networking pluggables (ONS / NCS 2000)	(none)	ONS 15454 / NCS 2000 pluggables	sku ^ONS-(S[CEI]\+?-|XC-|XE-|GC-|GX-|QC-|CC-|CCC-|CPAK-|CXP2?-(?!MPO)|QSFP|QSP28|CFP2|C2-WDM-)							
ONS-SC-4G-33.4=	SFP - 4G FC 1533.47, 100 GHz, LC - Commercial Temp	MDS 9500 Series Multilayer Directors	pluggable	layered	Optical networking pluggables (ONS / NCS 2000)	(none)	ONS 15454 / NCS 2000 pluggables	sku ^ONS-(S[CEI]\+?-|XC-|XE-|GC-|GX-|QC-|CC-|CCC-|CPAK-|CXP2?-(?!MPO)|QSFP|QSP28|CFP2|C2-WDM-)							
ONS-SC-4G-34.2=	SFP - 4G FC 1534.25, 100 GHz, LC - Commercial Temp	MDS 9500 Series Multilayer Directors	pluggable	layered	Optical networking pluggables (ONS / NCS 2000)	(none)	ONS 15454 / NCS 2000 pluggables	sku ^ONS-(S[CEI]\+?-|XC-|XE-|GC-|GX-|QC-|CC-|CCC-|CPAK-|CXP2?-(?!MPO)|QSFP|QSP28|CFP2|C2-WDM-)							
ONS-SC-4G-35.0=	SFP - 4G FC 1535.04, 100 GHz, LC - Commercial Temp	MDS 9500 Series Multilayer Directors	pluggable	layered	Optical networking pluggables (ONS / NCS 2000)	(none)	ONS 15454 / NCS 2000 pluggables	sku ^ONS-(S[CEI]\+?-|XC-|XE-|GC-|GX-|QC-|CC-|CCC-|CPAK-|CXP2?-(?!MPO)|QSFP|QSP28|CFP2|C2-WDM-)							
ONS-SC-4G-35.8=	SFP - 4G FC 1535.82, 100 GHz, LC - Commercial Temp	MDS 9500 Series Multilayer Directors	pluggable	layered	Optical networking pluggables (ONS / NCS 2000)	(none)	ONS 15454 / NCS 2000 pluggables	sku ^ONS-(S[CEI]\+?-|XC-|XE-|GC-|GX-|QC-|CC-|CCC-|CPAK-|CXP2?-(?!MPO)|QSFP|QSP28|CFP2|C2-WDM-)							
ONS-SC-4G-36.6=	SFP - 4G FC 1536.61, 100 GHz, LC - Commercial Temp	MDS 9500 Series Multilayer Directors	pluggable	layered	Optical networking pluggables (ONS / NCS 2000)	(none)	ONS 15454 / NCS 2000 pluggables	sku ^ONS-(S[CEI]\+?-|XC-|XE-|GC-|GX-|QC-|CC-|CCC-|CPAK-|CXP2?-(?!MPO)|QSFP|QSP28|CFP2|C2-WDM-)							
ONS-SC-4G-37.4=	SFP - 4G FC 1537.40, 100 GHz, LC - Commercial Temp	MDS 9500 Series Multilayer Directors	pluggable	layered	Optical networking pluggables (ONS / NCS 2000)	(none)	ONS 15454 / NCS 2000 pluggables	sku ^ONS-(S[CEI]\+?-|XC-|XE-|GC-|GX-|QC-|CC-|CCC-|CPAK-|CXP2?-(?!MPO)|QSFP|QSP28|CFP2|C2-WDM-)							
ONS-SC-4G-38.1=	SFP - 4G FC 1538.19, 100 GHz, LC - Commercial Temp	MDS 9500 Series Multilayer Directors	pluggable	layered	Optical networking pluggables (ONS / NCS 2000)	(none)	ONS 15454 / NCS 2000 pluggables	sku ^ONS-(S[CEI]\+?-|XC-|XE-|GC-|GX-|QC-|CC-|CCC-|CPAK-|CXP2?-(?!MPO)|QSFP|QSP28|CFP2|C2-WDM-)							
ONS-SC-4G-38.9=	SFP - 4G FC 1538.98, 100 GHz, LC - Commercial Temp	MDS 9500 Series Multilayer Directors	pluggable	layered	Optical networking pluggables (ONS / NCS 2000)	(none)	ONS 15454 / NCS 2000 pluggables	sku ^ONS-(S[CEI]\+?-|XC-|XE-|GC-|GX-|QC-|CC-|CCC-|CPAK-|CXP2?-(?!MPO)|QSFP|QSP28|CFP2|C2-WDM-)							
ONS-SC-4G-39.7=	SFP - 4G FC 1539.77, 100 GHz, LC - Commercial Temp	MDS 9500 Series Multilayer Directors	pluggable	layered	Optical networking pluggables (ONS / NCS 2000)	(none)	ONS 15454 / NCS 2000 pluggables	sku ^ONS-(S[CEI]\+?-|XC-|XE-|GC-|GX-|QC-|CC-|CCC-|CPAK-|CXP2?-(?!MPO)|QSFP|QSP28|CFP2|C2-WDM-)							
ONS-SC-4G-40.5=	SFP - 4G FC 1540.56, 100 GHz, LC - Commercial Temp	MDS 9500 Series Multilayer Directors	pluggable	layered	Optical networking pluggables (ONS / NCS 2000)	(none)	ONS 15454 / NCS 2000 pluggables	sku ^ONS-(S[CEI]\+?-|XC-|XE-|GC-|GX-|QC-|CC-|CCC-|CPAK-|CXP2?-(?!MPO)|QSFP|QSP28|CFP2|C2-WDM-)							
ONS-SC-4G-41.3=	SFP - 4G FC 1541.35, 100 GHz, LC - Commercial Temp	MDS 9500 Series Multilayer Directors	pluggable	layered	Optical networking pluggables (ONS / NCS 2000)	(none)	ONS 15454 / NCS 2000 pluggables	sku ^ONS-(S[CEI]\+?-|XC-|XE-|GC-|GX-|QC-|CC-|CCC-|CPAK-|CXP2?-(?!MPO)|QSFP|QSP28|CFP2|C2-WDM-)							
ONS-SC-4G-42.1=	SFP - 4G FC 1542.14, 100 GHz, LC - Commercial Temp	MDS 9500 Series Multilayer Directors	pluggable	layered	Optical networking pluggables (ONS / NCS 2000)	(none)	ONS 15454 / NCS 2000 pluggables	sku ^ONS-(S[CEI]\+?-|XC-|XE-|GC-|GX-|QC-|CC-|CCC-|CPAK-|CXP2?-(?!MPO)|QSFP|QSP28|CFP2|C2-WDM-)							
ONS-SC-4G-42.9=	SFP - 4G FC 1542.94, 100 GHz, LC - Commercial Temp	MDS 9500 Series Multilayer Directors	pluggable	layered	Optical networking pluggables (ONS / NCS 2000)	(none)	ONS 15454 / NCS 2000 pluggables	sku ^ONS-(S[CEI]\+?-|XC-|XE-|GC-|GX-|QC-|CC-|CCC-|CPAK-|CXP2?-(?!MPO)|QSFP|QSP28|CFP2|C2-WDM-)							
ONS-SC-4G-43.7=	SFP - 4G FC 1543.73, 100 GHz, LC - Commercial Temp	MDS 9500 Series Multilayer Directors	pluggable	layered	Optical networking pluggables (ONS / NCS 2000)	(none)	ONS 15454 / NCS 2000 pluggables	sku ^ONS-(S[CEI]\+?-|XC-|XE-|GC-|GX-|QC-|CC-|CCC-|CPAK-|CXP2?-(?!MPO)|QSFP|QSP28|CFP2|C2-WDM-)							
ONS-SC-4G-44.5=	SFP - 4G FC 1544.53, 100 GHz, LC - Commercial Temp	MDS 9500 Series Multilayer Directors	pluggable	layered	Optical networking pluggables (ONS / NCS 2000)	(none)	ONS 15454 / NCS 2000 pluggables	sku ^ONS-(S[CEI]\+?-|XC-|XE-|GC-|GX-|QC-|CC-|CCC-|CPAK-|CXP2?-(?!MPO)|QSFP|QSP28|CFP2|C2-WDM-)							
ONS-SC-4G-45.3=	SFP - 4G FC 1545.32, 100 GHz, LC - Commercial Temp	MDS 9500 Series Multilayer Directors	pluggable	layered	Optical networking pluggables (ONS / NCS 2000)	(none)	ONS 15454 / NCS 2000 pluggables	sku ^ONS-(S[CEI]\+?-|XC-|XE-|GC-|GX-|QC-|CC-|CCC-|CPAK-|CXP2?-(?!MPO)|QSFP|QSP28|CFP2|C2-WDM-)							
ONS-SC-4G-46.1=	SFP - 4G FC 1546.12, 100 GHz, LC - Commercial Temp	MDS 9500 Series Multilayer Directors	pluggable	layered	Optical networking pluggables (ONS / NCS 2000)	(none)	ONS 15454 / NCS 2000 pluggables	sku ^ONS-(S[CEI]\+?-|XC-|XE-|GC-|GX-|QC-|CC-|CCC-|CPAK-|CXP2?-(?!MPO)|QSFP|QSP28|CFP2|C2-WDM-)							
ONS-SC-4G-46.9=	SFP - 4G FC 1546.92, 100 GHz, LC - Commercial Temp	MDS 9500 Series Multilayer Directors	pluggable	layered	Optical networking pluggables (ONS / NCS 2000)	(none)	ONS 15454 / NCS 2000 pluggables	sku ^ONS-(S[CEI]\+?-|XC-|XE-|GC-|GX-|QC-|CC-|CCC-|CPAK-|CXP2?-(?!MPO)|QSFP|QSP28|CFP2|C2-WDM-)							
ONS-SC-4G-47.7=	SFP - 4G FC 1547.72, 100 GHz, LC - Commercial Temp	MDS 9500 Series Multilayer Directors	pluggable	layered	Optical networking pluggables (ONS / NCS 2000)	(none)	ONS 15454 / NCS 2000 pluggables	sku ^ONS-(S[CEI]\+?-|XC-|XE-|GC-|GX-|QC-|CC-|CCC-|CPAK-|CXP2?-(?!MPO)|QSFP|QSP28|CFP2|C2-WDM-)							
ONS-SC-4G-48.5=	SFP - 4G FC 1548.51, 100 GHz, LC - Commercial Temp	MDS 9500 Series Multilayer Directors	pluggable	layered	Optical networking pluggables (ONS / NCS 2000)	(none)	ONS 15454 / NCS 2000 pluggables	sku ^ONS-(S[CEI]\+?-|XC-|XE-|GC-|GX-|QC-|CC-|CCC-|CPAK-|CXP2?-(?!MPO)|QSFP|QSP28|CFP2|C2-WDM-)							
ONS-SC-4G-49.3=	SFP - 4G FC 1549.32, 100 GHz, LC - Commercial Temp	MDS 9500 Series Multilayer Directors	pluggable	layered	Optical networking pluggables (ONS / NCS 2000)	(none)	ONS 15454 / NCS 2000 pluggables	sku ^ONS-(S[CEI]\+?-|XC-|XE-|GC-|GX-|QC-|CC-|CCC-|CPAK-|CXP2?-(?!MPO)|QSFP|QSP28|CFP2|C2-WDM-)							
ONS-SC-4G-50.1=	SFP - 4G FC 1550.12, 100 GHz, LC - Commercial Temp	MDS 9500 Series Multilayer Directors	pluggable	layered	Optical networking pluggables (ONS / NCS 2000)	(none)	ONS 15454 / NCS 2000 pluggables	sku ^ONS-(S[CEI]\+?-|XC-|XE-|GC-|GX-|QC-|CC-|CCC-|CPAK-|CXP2?-(?!MPO)|QSFP|QSP28|CFP2|C2-WDM-)							
ONS-SC-4G-50.9=	SFP - 4G FC 1550.92, 100 GHz, LC - Commercial Temp	MDS 9500 Series Multilayer Directors	pluggable	layered	Optical networking pluggables (ONS / NCS 2000)	(none)	ONS 15454 / NCS 2000 pluggables	sku ^ONS-(S[CEI]\+?-|XC-|XE-|GC-|GX-|QC-|CC-|CCC-|CPAK-|CXP2?-(?!MPO)|QSFP|QSP28|CFP2|C2-WDM-)							
ONS-SC-4G-51.7=	SFP - 4G FC 1551.72, 100 GHz, LC - Commercial Temp	MDS 9500 Series Multilayer Directors	pluggable	layered	Optical networking pluggables (ONS / NCS 2000)	(none)	ONS 15454 / NCS 2000 pluggables	sku ^ONS-(S[CEI]\+?-|XC-|XE-|GC-|GX-|QC-|CC-|CCC-|CPAK-|CXP2?-(?!MPO)|QSFP|QSP28|CFP2|C2-WDM-)							
ONS-SC-4G-52.5=	SFP - 4G FC 1552.52, 100 GHz, LC - Commercial Temp	MDS 9500 Series Multilayer Directors	pluggable	layered	Optical networking pluggables (ONS / NCS 2000)	(none)	ONS 15454 / NCS 2000 pluggables	sku ^ONS-(S[CEI]\+?-|XC-|XE-|GC-|GX-|QC-|CC-|CCC-|CPAK-|CXP2?-(?!MPO)|QSFP|QSP28|CFP2|C2-WDM-)							
ONS-SC-4G-53.3=	SFP - 4G FC 1553.33, 100 GHz, LC - Commercial Temp	MDS 9500 Series Multilayer Directors	pluggable	layered	Optical networking pluggables (ONS / NCS 2000)	(none)	ONS 15454 / NCS 2000 pluggables	sku ^ONS-(S[CEI]\+?-|XC-|XE-|GC-|GX-|QC-|CC-|CCC-|CPAK-|CXP2?-(?!MPO)|QSFP|QSP28|CFP2|C2-WDM-)							
ONS-SC-4G-54.1=	SFP - 4G FC 1554.13, 100 GHz, LC - Commercial Temp	MDS 9500 Series Multilayer Directors	pluggable	layered	Optical networking pluggables (ONS / NCS 2000)	(none)	ONS 15454 / NCS 2000 pluggables	sku ^ONS-(S[CEI]\+?-|XC-|XE-|GC-|GX-|QC-|CC-|CCC-|CPAK-|CXP2?-(?!MPO)|QSFP|QSP28|CFP2|C2-WDM-)							
ONS-SC-4G-54.9=	SFP - 4G FC 1554.94, 100 GHz, LC - Commercial Temp	MDS 9500 Series Multilayer Directors	pluggable	layered	Optical networking pluggables (ONS / NCS 2000)	(none)	ONS 15454 / NCS 2000 pluggables	sku ^ONS-(S[CEI]\+?-|XC-|XE-|GC-|GX-|QC-|CC-|CCC-|CPAK-|CXP2?-(?!MPO)|QSFP|QSP28|CFP2|C2-WDM-)							
ONS-SC-4G-55.7=	SFP - 4G FC 1555.75, 100 GHz, LC - Commercial Temp	MDS 9500 Series Multilayer Directors	pluggable	layered	Optical networking pluggables (ONS / NCS 2000)	(none)	ONS 15454 / NCS 2000 pluggables	sku ^ONS-(S[CEI]\+?-|XC-|XE-|GC-|GX-|QC-|CC-|CCC-|CPAK-|CXP2?-(?!MPO)|QSFP|QSP28|CFP2|C2-WDM-)							
ONS-SC-4G-56.5=	SFP - 4G FC 1556.55, 100 GHz, LC - Commercial Temp	MDS 9500 Series Multilayer Directors	pluggable	layered	Optical networking pluggables (ONS / NCS 2000)	(none)	ONS 15454 / NCS 2000 pluggables	sku ^ONS-(S[CEI]\+?-|XC-|XE-|GC-|GX-|QC-|CC-|CCC-|CPAK-|CXP2?-(?!MPO)|QSFP|QSP28|CFP2|C2-WDM-)							
ONS-SC-4G-57.3=	SFP - 4G FC 1557.36, 100 GHz, LC - Commercial Temp	MDS 9500 Series Multilayer Directors	pluggable	layered	Optical networking pluggables (ONS / NCS 2000)	(none)	ONS 15454 / NCS 2000 pluggables	sku ^ONS-(S[CEI]\+?-|XC-|XE-|GC-|GX-|QC-|CC-|CCC-|CPAK-|CXP2?-(?!MPO)|QSFP|QSP28|CFP2|C2-WDM-)							
ONS-SC-4G-58.1=	SFP - 4G FC 1558.17, 100 GHz, LC - Commercial Temp	MDS 9500 Series Multilayer Directors	pluggable	layered	Optical networking pluggables (ONS / NCS 2000)	(none)	ONS 15454 / NCS 2000 pluggables	sku ^ONS-(S[CEI]\+?-|XC-|XE-|GC-|GX-|QC-|CC-|CCC-|CPAK-|CXP2?-(?!MPO)|QSFP|QSP28|CFP2|C2-WDM-)							
ONS-SC-4G-58.9=	SFP - 4G FC 1558.98, 100 GHz, LC - Commercial Temp	MDS 9500 Series Multilayer Directors	pluggable	layered	Optical networking pluggables (ONS / NCS 2000)	(none)	ONS 15454 / NCS 2000 pluggables	sku ^ONS-(S[CEI]\+?-|XC-|XE-|GC-|GX-|QC-|CC-|CCC-|CPAK-|CXP2?-(?!MPO)|QSFP|QSP28|CFP2|C2-WDM-)							
ONS-SC-4G-59.7=	SFP - 4G FC 1559.79, 100 GHz, LC - Commercial Temp	MDS 9500 Series Multilayer Directors	pluggable	layered	Optical networking pluggables (ONS / NCS 2000)	(none)	ONS 15454 / NCS 2000 pluggables	sku ^ONS-(S[CEI]\+?-|XC-|XE-|GC-|GX-|QC-|CC-|CCC-|CPAK-|CXP2?-(?!MPO)|QSFP|QSP28|CFP2|C2-WDM-)							
ONS-SC-4G-60.6=	SFP - 4G FC 1560.61, 100 GHz, LC - Commercial Temp	MDS 9500 Series Multilayer Directors	pluggable	layered	Optical networking pluggables (ONS / NCS 2000)	(none)	ONS 15454 / NCS 2000 pluggables	sku ^ONS-(S[CEI]\+?-|XC-|XE-|GC-|GX-|QC-|CC-|CCC-|CPAK-|CXP2?-(?!MPO)|QSFP|QSP28|CFP2|C2-WDM-)							
ONS-SC-4G-61.4=	SFP - 4G FC 1561.43, 100 GHz, LC - Commercial Temp	MDS 9500 Series Multilayer Directors	pluggable	layered	Optical networking pluggables (ONS / NCS 2000)	(none)	ONS 15454 / NCS 2000 pluggables	sku ^ONS-(S[CEI]\+?-|XC-|XE-|GC-|GX-|QC-|CC-|CCC-|CPAK-|CXP2?-(?!MPO)|QSFP|QSP28|CFP2|C2-WDM-)							
ONS-SC-4G-xx.x=	Cisco ONS-SC-4G-xx.x=	MDS 9000 Series Multilayer	pluggable	pending_plan								class non_product			
ONS-SC-622-TSOP	OC12/STM-4 Clear channel over Gigabit Ethernet SFP	ASR 900	pluggable	layered	Optical networking pluggables (ONS / NCS 2000)	(none)	ONS 15454 / NCS 2000 pluggables	sku ^ONS-(S[CEI]\+?-|XC-|XE-|GC-|GX-|QC-|CC-|CCC-|CPAK-|CXP2?-(?!MPO)|QSFP|QSP28|CFP2|C2-WDM-)							
ONS-SC-622-TSOP=	SFP - STM4, OC12 clear channel over GE, C Temp	ONS 15454 Series Multiservice Transport Platforms	pluggable	layered	Optical networking pluggables (ONS / NCS 2000)	(none)	ONS 15454 / NCS 2000 pluggables	sku ^ONS-(S[CEI]\+?-|XC-|XE-|GC-|GX-|QC-|CC-|CCC-|CPAK-|CXP2?-(?!MPO)|QSFP|QSP28|CFP2|C2-WDM-)							
ONS-SC-E1-T1-CES=	SFP - E1/DS1 PDH over FE Pseudowire (w / sync-E) - C-Temp	ONS 15454 Series Multiservice Transport Platforms	pluggable	layered	Optical networking pluggables (ONS / NCS 2000)	(none)	ONS 15454 / NCS 2000 pluggables	sku ^ONS-(S[CEI]\+?-|XC-|XE-|GC-|GX-|QC-|CC-|CCC-|CPAK-|CXP2?-(?!MPO)|QSFP|QSP28|CFP2|C2-WDM-)							
ONS-SC-E1-T1-PW=	SFP – E1/DS1 PDH over FE Pseudowire – Commercial Temp	ONS 15454 Series Multiservice Transport Platforms	pluggable	layered	Optical networking pluggables (ONS / NCS 2000)	(none)	ONS 15454 / NCS 2000 pluggables	sku ^ONS-(S[CEI]\+?-|XC-|XE-|GC-|GX-|QC-|CC-|CCC-|CPAK-|CXP2?-(?!MPO)|QSFP|QSP28|CFP2|C2-WDM-)							
ONS-SC-E3-T3-CES=	SFP - E3/DS3 PDH over FE Pseudowire (w / sync-E) - C-Temp	ONS 15454 Series Multiservice Transport Platforms	pluggable	layered	Optical networking pluggables (ONS / NCS 2000)	(none)	ONS 15454 / NCS 2000 pluggables	sku ^ONS-(S[CEI]\+?-|XC-|XE-|GC-|GX-|QC-|CC-|CCC-|CPAK-|CXP2?-(?!MPO)|QSFP|QSP28|CFP2|C2-WDM-)							
ONS-SC-E3-T3-PW=	SFP – E3/DS3 PDH over FE Pseudowire – Commercial Temp	ONS 15454 Series Multiservice Transport Platforms	pluggable	layered	Optical networking pluggables (ONS / NCS 2000)	(none)	ONS 15454 / NCS 2000 pluggables	sku ^ONS-(S[CEI]\+?-|XC-|XE-|GC-|GX-|QC-|CC-|CCC-|CPAK-|CXP2?-(?!MPO)|QSFP|QSP28|CFP2|C2-WDM-)							
ONS-SC-EOP1=	SFP – FE over DS1/E1 – Commercial Temp	ONS 15454 Series Multiservice Transport Platforms	pluggable	layered	Optical networking pluggables (ONS / NCS 2000)	(none)	ONS 15454 / NCS 2000 pluggables	sku ^ONS-(S[CEI]\+?-|XC-|XE-|GC-|GX-|QC-|CC-|CCC-|CPAK-|CXP2?-(?!MPO)|QSFP|QSP28|CFP2|C2-WDM-)							
ONS-SC-EOP3=	SFP – FE over DS3/E3 – Commercial Temp	ONS 15454 Series Multiservice Transport Platforms	pluggable	layered	Optical networking pluggables (ONS / NCS 2000)	(none)	ONS 15454 / NCS 2000 pluggables	sku ^ONS-(S[CEI]\+?-|XC-|XE-|GC-|GX-|QC-|CC-|CCC-|CPAK-|CXP2?-(?!MPO)|QSFP|QSP28|CFP2|C2-WDM-)							
ONS-SC-GE-BXD	1000BASE-BX10 SFP module for single-strand SMF, 1490-nm TX/1310-nm RX wavelength, single LC/PC connector	ASR 900	bidi	layered	Optical networking pluggables (ONS / NCS 2000)	(none)	ONS 15454 / NCS 2000 pluggables	sku ^ONS-(S[CEI]\+?-|XC-|XE-|GC-|GX-|QC-|CC-|CCC-|CPAK-|CXP2?-(?!MPO)|QSFP|QSP28|CFP2|C2-WDM-)							
ONS-SC-GE-BXD=	SFP-1000Base BX D- GE Bidirectional Downstream C Temp	ONS 15454 Series Multiservice Transport Platforms	bidi	layered	Optical networking pluggables (ONS / NCS 2000)	(none)	ONS 15454 / NCS 2000 pluggables	sku ^ONS-(S[CEI]\+?-|XC-|XE-|GC-|GX-|QC-|CC-|CCC-|CPAK-|CXP2?-(?!MPO)|QSFP|QSP28|CFP2|C2-WDM-)							
ONS-SC-GE-BXU	1000BASE-BX10 SFP module for single-strand SMF, 1310-nm TX/1490-nm RX wavelength, single LC/PC connector	ASR 900	bidi	layered	Optical networking pluggables (ONS / NCS 2000)	(none)	ONS 15454 / NCS 2000 pluggables	sku ^ONS-(S[CEI]\+?-|XC-|XE-|GC-|GX-|QC-|CC-|CCC-|CPAK-|CXP2?-(?!MPO)|QSFP|QSP28|CFP2|C2-WDM-)							
ONS-SC-GE-BXU=	SFP-1000Base BX U- GE Bidirectional Upstream C Temp	ONS 15454 Series Multiservice Transport Platforms	bidi	layered	Optical networking pluggables (ONS / NCS 2000)	(none)	ONS 15454 / NCS 2000 pluggables	sku ^ONS-(S[CEI]\+?-|XC-|XE-|GC-|GX-|QC-|CC-|CCC-|CPAK-|CXP2?-(?!MPO)|QSFP|QSP28|CFP2|C2-WDM-)							
ONS-SC-GE-LX	1000BASE-LX Gigabit Ethernet transceiver module for SMF, 1310 nm wavelength, commercial operating temperature range and DOM support, dual LC/PC connector	ASR 900	pluggable	layered	Optical networking pluggables (ONS / NCS 2000)	(none)	ONS 15454 / NCS 2000 pluggables	sku ^ONS-(S[CEI]\+?-|XC-|XE-|GC-|GX-|QC-|CC-|CCC-|CPAK-|CXP2?-(?!MPO)|QSFP|QSP28|CFP2|C2-WDM-)							
ONS-SC-GE-LX=	Cisco ONS-SC-GE-LX=	Network Convergence System 2000 Series	pluggable	layered	Optical networking pluggables (ONS / NCS 2000)	(none)	ONS 15454 / NCS 2000 pluggables	sku ^ONS-(S[CEI]\+?-|XC-|XE-|GC-|GX-|QC-|CC-|CCC-|CPAK-|CXP2?-(?!MPO)|QSFP|QSP28|CFP2|C2-WDM-)							
ONS-SC-GE-SX=	Cisco ONS-SC-GE-SX=	Network Convergence System 2000 Series	pluggable	layered	Optical networking pluggables (ONS / NCS 2000)	(none)	ONS 15454 / NCS 2000 pluggables	sku ^ONS-(S[CEI]\+?-|XC-|XE-|GC-|GX-|QC-|CC-|CCC-|CPAK-|CXP2?-(?!MPO)|QSFP|QSP28|CFP2|C2-WDM-)							
ONS-SC-HD3GV-RX=	SFP - 3G HD Video RX	ONS 15454 Series Multiservice Transport Platforms	pluggable	layered	Optical networking pluggables (ONS / NCS 2000)	(none)	ONS 15454 / NCS 2000 pluggables	sku ^ONS-(S[CEI]\+?-|XC-|XE-|GC-|GX-|QC-|CC-|CCC-|CPAK-|CXP2?-(?!MPO)|QSFP|QSP28|CFP2|C2-WDM-)							
ONS-SC-HD3GV-TX=	SFP - 3G HD Video Tx	ONS 15454 Series Multiservice Transport Platforms	pluggable	layered	Optical networking pluggables (ONS / NCS 2000)	(none)	ONS 15454 / NCS 2000 pluggables	sku ^ONS-(S[CEI]\+?-|XC-|XE-|GC-|GX-|QC-|CC-|CCC-|CPAK-|CXP2?-(?!MPO)|QSFP|QSP28|CFP2|C2-WDM-)							
ONS-SC-OSC-18.0=	SFP FE/OC3/STM1 OSC for RAMAN application 1518.0nm	Network Convergence System 2000 Series	pluggable	layered	Optical networking pluggables (ONS / NCS 2000)	(none)	ONS 15454 / NCS 2000 pluggables	sku ^ONS-(S[CEI]\+?-|XC-|XE-|GC-|GX-|QC-|CC-|CCC-|CPAK-|CXP2?-(?!MPO)|QSFP|QSP28|CFP2|C2-WDM-)							
ONS-SC-OSC-ULH=	SFP-OC-3/STM-1/FE Optical Service Channel SFPs ULH-Commercial Temp	Network Convergence System 2000 Series	pluggable	layered	Optical networking pluggables (ONS / NCS 2000)	(none)	ONS 15454 / NCS 2000 pluggables	sku ^ONS-(S[CEI]\+?-|XC-|XE-|GC-|GX-|QC-|CC-|CCC-|CPAK-|CXP2?-(?!MPO)|QSFP|QSP28|CFP2|C2-WDM-)							
ONS-SC-PTP-1510=	Multirate GE, FE pluggable optics, 1510nm, C-temp	Network Convergence System 2000 Series	pluggable	layered	Optical networking pluggables (ONS / NCS 2000)	(none)	ONS 15454 / NCS 2000 pluggables	sku ^ONS-(S[CEI]\+?-|XC-|XE-|GC-|GX-|QC-|CC-|CCC-|CPAK-|CXP2?-(?!MPO)|QSFP|QSP28|CFP2|C2-WDM-)							
ONS-SC-PTP-1514=	Cisco ONS-SC-PTP-1514=	Network Convergence System 2000 Series	pluggable	layered	Optical networking pluggables (ONS / NCS 2000)	(none)	ONS 15454 / NCS 2000 pluggables	sku ^ONS-(S[CEI]\+?-|XC-|XE-|GC-|GX-|QC-|CC-|CCC-|CPAK-|CXP2?-(?!MPO)|QSFP|QSP28|CFP2|C2-WDM-)							
ONS-SC-Z3-1470=	SFP – OC-48/STM-16/GE, CWDM, 1470 nm	ONS 15454 Series Multiservice Transport Platforms	pluggable	layered	Optical networking pluggables (ONS / NCS 2000)	(none)	ONS 15454 / NCS 2000 pluggables	sku ^ONS-(S[CEI]\+?-|XC-|XE-|GC-|GX-|QC-|CC-|CCC-|CPAK-|CXP2?-(?!MPO)|QSFP|QSP28|CFP2|C2-WDM-)							
ONS-SC-Z3-1490=	SFP – OC-48/STM-16/GE, CWDM, 1490 nm	ONS 15454 Series Multiservice Transport Platforms	pluggable	layered	Optical networking pluggables (ONS / NCS 2000)	(none)	ONS 15454 / NCS 2000 pluggables	sku ^ONS-(S[CEI]\+?-|XC-|XE-|GC-|GX-|QC-|CC-|CCC-|CPAK-|CXP2?-(?!MPO)|QSFP|QSP28|CFP2|C2-WDM-)							
ONS-SC-Z3-1510=	SFP – OC-48/STM-16/GE, CWDM, 1510 nm	ONS 15454 Series Multiservice Transport Platforms	pluggable	layered	Optical networking pluggables (ONS / NCS 2000)	(none)	ONS 15454 / NCS 2000 pluggables	sku ^ONS-(S[CEI]\+?-|XC-|XE-|GC-|GX-|QC-|CC-|CCC-|CPAK-|CXP2?-(?!MPO)|QSFP|QSP28|CFP2|C2-WDM-)							
ONS-SC-Z3-1530=	SFP – OC-48/STM-16/GE, CWDM, 1530 nm	ONS 15454 Series Multiservice Transport Platforms	pluggable	layered	Optical networking pluggables (ONS / NCS 2000)	(none)	ONS 15454 / NCS 2000 pluggables	sku ^ONS-(S[CEI]\+?-|XC-|XE-|GC-|GX-|QC-|CC-|CCC-|CPAK-|CXP2?-(?!MPO)|QSFP|QSP28|CFP2|C2-WDM-)							
ONS-SC-Z3-1550=	SFP – OC-48/STM-16/GE, CWDM, 1550 nm	ONS 15454 Series Multiservice Transport Platforms	pluggable	layered	Optical networking pluggables (ONS / NCS 2000)	(none)	ONS 15454 / NCS 2000 pluggables	sku ^ONS-(S[CEI]\+?-|XC-|XE-|GC-|GX-|QC-|CC-|CCC-|CPAK-|CXP2?-(?!MPO)|QSFP|QSP28|CFP2|C2-WDM-)							
ONS-SC-Z3-1570=	SFP – OC-48/STM-16/GE, CWDM, 1570 nm	ONS 15454 Series Multiservice Transport Platforms	pluggable	layered	Optical networking pluggables (ONS / NCS 2000)	(none)	ONS 15454 / NCS 2000 pluggables	sku ^ONS-(S[CEI]\+?-|XC-|XE-|GC-|GX-|QC-|CC-|CCC-|CPAK-|CXP2?-(?!MPO)|QSFP|QSP28|CFP2|C2-WDM-)							
ONS-SC-Z3-1590=	SFP – OC-48/STM-16/GE, CWDM, 1590 nm	ONS 15454 Series Multiservice Transport Platforms	pluggable	layered	Optical networking pluggables (ONS / NCS 2000)	(none)	ONS 15454 / NCS 2000 pluggables	sku ^ONS-(S[CEI]\+?-|XC-|XE-|GC-|GX-|QC-|CC-|CCC-|CPAK-|CXP2?-(?!MPO)|QSFP|QSP28|CFP2|C2-WDM-)							
ONS-SC-Z3-1610=	SFP – OC-48/STM-16/GE, CWDM, 1610 nm	ONS 15454 Series Multiservice Transport Platforms	pluggable	layered	Optical networking pluggables (ONS / NCS 2000)	(none)	ONS 15454 / NCS 2000 pluggables	sku ^ONS-(S[CEI]\+?-|XC-|XE-|GC-|GX-|QC-|CC-|CCC-|CPAK-|CXP2?-(?!MPO)|QSFP|QSP28|CFP2|C2-WDM-)							
ONS-SE+-10G-LR=	SFP+ LR - EXT Temp	ONS 15454 Series Multiservice Transport Platforms	pluggable	layered	Optical networking pluggables (ONS / NCS 2000)	(none)	ONS 15454 / NCS 2000 pluggables	sku ^ONS-(S[CEI]\+?-|XC-|XE-|GC-|GX-|QC-|CC-|CCC-|CPAK-|CXP2?-(?!MPO)|QSFP|QSP28|CFP2|C2-WDM-)							
ONS-SE-100-BX10D=	SFP - 10/100 BX-D, EXT	Network Convergence System 4200 Series	bidi	layered	Optical networking pluggables (ONS / NCS 2000)	(none)	ONS 15454 / NCS 2000 pluggables	sku ^ONS-(S[CEI]\+?-|XC-|XE-|GC-|GX-|QC-|CC-|CCC-|CPAK-|CXP2?-(?!MPO)|QSFP|QSP28|CFP2|C2-WDM-)							
ONS-SE-100-BX10U=	SFP - 10/100 BX-U, EXT	Network Convergence System 4200 Series	bidi	layered	Optical networking pluggables (ONS / NCS 2000)	(none)	ONS 15454 / NCS 2000 pluggables	sku ^ONS-(S[CEI]\+?-|XC-|XE-|GC-|GX-|QC-|CC-|CCC-|CPAK-|CXP2?-(?!MPO)|QSFP|QSP28|CFP2|C2-WDM-)							
ONS-SE-100-FX	SFP – 100-Mbps Short Reach – 1310 nm – MM – LC, EXT-TEMP	Line cards	pluggable	layered	Optical networking pluggables (ONS / NCS 2000)	(none)	ONS 15454 / NCS 2000 pluggables	sku ^ONS-(S[CEI]\+?-|XC-|XE-|GC-|GX-|QC-|CC-|CCC-|CPAK-|CXP2?-(?!MPO)|QSFP|QSP28|CFP2|C2-WDM-)							
ONS-SE-100-FX=	SFP - 100 Mbps Short Reach - 1310 nm - MM - LC, EXT-TEMP	Network Convergence System 2000 Series	pluggable	layered	Optical networking pluggables (ONS / NCS 2000)	(none)	ONS 15454 / NCS 2000 pluggables	sku ^ONS-(S[CEI]\+?-|XC-|XE-|GC-|GX-|QC-|CC-|CCC-|CPAK-|CXP2?-(?!MPO)|QSFP|QSP28|CFP2|C2-WDM-)							
ONS-SE-100-LX10	SFP – 100-Mbps Long Reach – 1310 nm – SM – LC, EXT-TEMP	Line cards	pluggable	layered	Optical networking pluggables (ONS / NCS 2000)	(none)	ONS 15454 / NCS 2000 pluggables	sku ^ONS-(S[CEI]\+?-|XC-|XE-|GC-|GX-|QC-|CC-|CCC-|CPAK-|CXP2?-(?!MPO)|QSFP|QSP28|CFP2|C2-WDM-)							
ONS-SE-100-LX10=	SFP - 100 Mbps Long Reach - 1310 nm - SM - LC, EXT-TEMP	Network Convergence System 2000 Series	pluggable	layered	Optical networking pluggables (ONS / NCS 2000)	(none)	ONS 15454 / NCS 2000 pluggables	sku ^ONS-(S[CEI]\+?-|XC-|XE-|GC-|GX-|QC-|CC-|CCC-|CPAK-|CXP2?-(?!MPO)|QSFP|QSP28|CFP2|C2-WDM-)							
ONS-SE-155-1470	SFP - OC3/STM1, CWDM, 1470 nm, EXT	ONS 15454 Series Multiservice Transport Platforms	pluggable	layered	Optical networking pluggables (ONS / NCS 2000)	(none)	ONS 15454 / NCS 2000 pluggables	sku ^ONS-(S[CEI]\+?-|XC-|XE-|GC-|GX-|QC-|CC-|CCC-|CPAK-|CXP2?-(?!MPO)|QSFP|QSP28|CFP2|C2-WDM-)							
ONS-SE-155-1470=	SFP - OC-3/STM-1, CWDM, 1470 nm, EXT	Network Convergence System 2000 Series	pluggable	layered	Optical networking pluggables (ONS / NCS 2000)	(none)	ONS 15454 / NCS 2000 pluggables	sku ^ONS-(S[CEI]\+?-|XC-|XE-|GC-|GX-|QC-|CC-|CCC-|CPAK-|CXP2?-(?!MPO)|QSFP|QSP28|CFP2|C2-WDM-)							
ONS-SE-155-1490	SFP - OC3/STM1, CWDM, 1490 nm, EXT	ONS 15454 Series Multiservice Transport Platforms	pluggable	layered	Optical networking pluggables (ONS / NCS 2000)	(none)	ONS 15454 / NCS 2000 pluggables	sku ^ONS-(S[CEI]\+?-|XC-|XE-|GC-|GX-|QC-|CC-|CCC-|CPAK-|CXP2?-(?!MPO)|QSFP|QSP28|CFP2|C2-WDM-)							
ONS-SE-155-1490=	SFP - OC-3/STM-1, CWDM, 1490 nm, EXT	Network Convergence System 2000 Series	pluggable	layered	Optical networking pluggables (ONS / NCS 2000)	(none)	ONS 15454 / NCS 2000 pluggables	sku ^ONS-(S[CEI]\+?-|XC-|XE-|GC-|GX-|QC-|CC-|CCC-|CPAK-|CXP2?-(?!MPO)|QSFP|QSP28|CFP2|C2-WDM-)							
ONS-SE-155-1510=	SFP - OC-3/STM-1, CWDM, 1510 nm, EXT	Network Convergence System 2000 Series	pluggable	layered	Optical networking pluggables (ONS / NCS 2000)	(none)	ONS 15454 / NCS 2000 pluggables	sku ^ONS-(S[CEI]\+?-|XC-|XE-|GC-|GX-|QC-|CC-|CCC-|CPAK-|CXP2?-(?!MPO)|QSFP|QSP28|CFP2|C2-WDM-)							
ONS-SE-155-1530	SFP - OC3/STM1, CWDM, 1530 nm, EXT	ONS 15454 Series Multiservice Transport Platforms	pluggable	layered	Optical networking pluggables (ONS / NCS 2000)	(none)	ONS 15454 / NCS 2000 pluggables	sku ^ONS-(S[CEI]\+?-|XC-|XE-|GC-|GX-|QC-|CC-|CCC-|CPAK-|CXP2?-(?!MPO)|QSFP|QSP28|CFP2|C2-WDM-)							
ONS-SE-155-1530=	SFP - OC-3/STM-1, CWDM, 1530 nm, EXT	Network Convergence System 2000 Series	pluggable	layered	Optical networking pluggables (ONS / NCS 2000)	(none)	ONS 15454 / NCS 2000 pluggables	sku ^ONS-(S[CEI]\+?-|XC-|XE-|GC-|GX-|QC-|CC-|CCC-|CPAK-|CXP2?-(?!MPO)|QSFP|QSP28|CFP2|C2-WDM-)							
ONS-SE-155-1550	SFP - OC3/STM1, CWDM, 1550 nm, EXT	ONS 15454 Series Multiservice Transport Platforms	pluggable	layered	Optical networking pluggables (ONS / NCS 2000)	(none)	ONS 15454 / NCS 2000 pluggables	sku ^ONS-(S[CEI]\+?-|XC-|XE-|GC-|GX-|QC-|CC-|CCC-|CPAK-|CXP2?-(?!MPO)|QSFP|QSP28|CFP2|C2-WDM-)							
ONS-SE-155-1550=	SFP - OC-3/STM-1, CWDM, 1550 nm, EXT	Network Convergence System 2000 Series	pluggable	layered	Optical networking pluggables (ONS / NCS 2000)	(none)	ONS 15454 / NCS 2000 pluggables	sku ^ONS-(S[CEI]\+?-|XC-|XE-|GC-|GX-|QC-|CC-|CCC-|CPAK-|CXP2?-(?!MPO)|QSFP|QSP28|CFP2|C2-WDM-)							
ONS-SE-155-1570	SFP - OC3/STM1, CWDM, 1570 nm, EXT	ONS 15454 Series Multiservice Transport Platforms	pluggable	layered	Optical networking pluggables (ONS / NCS 2000)	(none)	ONS 15454 / NCS 2000 pluggables	sku ^ONS-(S[CEI]\+?-|XC-|XE-|GC-|GX-|QC-|CC-|CCC-|CPAK-|CXP2?-(?!MPO)|QSFP|QSP28|CFP2|C2-WDM-)							
ONS-SE-155-1570=	SFP - OC-3/STM-1, CWDM, 1570 nm, EXT	Network Convergence System 2000 Series	pluggable	layered	Optical networking pluggables (ONS / NCS 2000)	(none)	ONS 15454 / NCS 2000 pluggables	sku ^ONS-(S[CEI]\+?-|XC-|XE-|GC-|GX-|QC-|CC-|CCC-|CPAK-|CXP2?-(?!MPO)|QSFP|QSP28|CFP2|C2-WDM-)							
ONS-SE-155-1590	SFP - OC3/STM1, CWDM, 1590 nm, EXT	ONS 15454 Series Multiservice Transport Platforms	pluggable	layered	Optical networking pluggables (ONS / NCS 2000)	(none)	ONS 15454 / NCS 2000 pluggables	sku ^ONS-(S[CEI]\+?-|XC-|XE-|GC-|GX-|QC-|CC-|CCC-|CPAK-|CXP2?-(?!MPO)|QSFP|QSP28|CFP2|C2-WDM-)							
ONS-SE-155-1590=	SFP - OC-3/STM-1, CWDM, 1590 nm, EXT	Network Convergence System 2000 Series	pluggable	layered	Optical networking pluggables (ONS / NCS 2000)	(none)	ONS 15454 / NCS 2000 pluggables	sku ^ONS-(S[CEI]\+?-|XC-|XE-|GC-|GX-|QC-|CC-|CCC-|CPAK-|CXP2?-(?!MPO)|QSFP|QSP28|CFP2|C2-WDM-)							
ONS-SE-155-1610	SFP - OC3/STM1, CWDM, 1610 nm, EXT	ONS 15454 Series Multiservice Transport Platforms	pluggable	layered	Optical networking pluggables (ONS / NCS 2000)	(none)	ONS 15454 / NCS 2000 pluggables	sku ^ONS-(S[CEI]\+?-|XC-|XE-|GC-|GX-|QC-|CC-|CCC-|CPAK-|CXP2?-(?!MPO)|QSFP|QSP28|CFP2|C2-WDM-)							
ONS-SE-155-1610=	SFP - OC-3/STM-1, CWDM, 1610 nm, EXT	Network Convergence System 2000 Series	pluggable	layered	Optical networking pluggables (ONS / NCS 2000)	(none)	ONS 15454 / NCS 2000 pluggables	sku ^ONS-(S[CEI]\+?-|XC-|XE-|GC-|GX-|QC-|CC-|CCC-|CPAK-|CXP2?-(?!MPO)|QSFP|QSP28|CFP2|C2-WDM-)							
ONS-SE-200-MM	SFP-ESCON - 1310nm - MM - LC	ONS 15454 Series Multiservice Transport Platforms	pluggable	layered	Optical networking pluggables (ONS / NCS 2000)	(none)	ONS 15454 / NCS 2000 pluggables	sku ^ONS-(S[CEI]\+?-|XC-|XE-|GC-|GX-|QC-|CC-|CCC-|CPAK-|CXP2?-(?!MPO)|QSFP|QSP28|CFP2|C2-WDM-)							
ONS-SE-200-MM=	SFP-ESCON - 1310 nm - MM - LC - EXT TEMP	ONS 15454 Series Multiservice Transport Platforms	pluggable	layered	Optical networking pluggables (ONS / NCS 2000)	(none)	ONS 15454 / NCS 2000 pluggables	sku ^ONS-(S[CEI]\+?-|XC-|XE-|GC-|GX-|QC-|CC-|CCC-|CPAK-|CXP2?-(?!MPO)|QSFP|QSP28|CFP2|C2-WDM-)							
ONS-SE-2G-1470	SFP - OC48/STM16/GE, CWDM, 1470nm, Ext Temp	ONS 15454 Series Multiservice Transport Platforms	pluggable	layered	Optical networking pluggables (ONS / NCS 2000)	(none)	ONS 15454 / NCS 2000 pluggables	sku ^ONS-(S[CEI]\+?-|XC-|XE-|GC-|GX-|QC-|CC-|CCC-|CPAK-|CXP2?-(?!MPO)|QSFP|QSP28|CFP2|C2-WDM-)							
ONS-SE-2G-1470=	SFP - OC-48/STM-16/GE, CWDM, 1470 nm Ext Temp	Network Convergence System 2000 Series	pluggable	layered	Optical networking pluggables (ONS / NCS 2000)	(none)	ONS 15454 / NCS 2000 pluggables	sku ^ONS-(S[CEI]\+?-|XC-|XE-|GC-|GX-|QC-|CC-|CCC-|CPAK-|CXP2?-(?!MPO)|QSFP|QSP28|CFP2|C2-WDM-)							
ONS-SE-2G-1490	SFP - OC48/STM16/GE, CWDM, 1490nm, Ext Temp	ONS 15454 Series Multiservice Transport Platforms	pluggable	layered	Optical networking pluggables (ONS / NCS 2000)	(none)	ONS 15454 / NCS 2000 pluggables	sku ^ONS-(S[CEI]\+?-|XC-|XE-|GC-|GX-|QC-|CC-|CCC-|CPAK-|CXP2?-(?!MPO)|QSFP|QSP28|CFP2|C2-WDM-)							
ONS-SE-2G-1490=	SFP - OC-48/STM-16/GE, CWDM, 1490 nm Ext Temp	Network Convergence System 2000 Series	pluggable	layered	Optical networking pluggables (ONS / NCS 2000)	(none)	ONS 15454 / NCS 2000 pluggables	sku ^ONS-(S[CEI]\+?-|XC-|XE-|GC-|GX-|QC-|CC-|CCC-|CPAK-|CXP2?-(?!MPO)|QSFP|QSP28|CFP2|C2-WDM-)							
ONS-SE-2G-1510	SFP - OC48/STM16/GE, CWDM, 1510nm, Ext Temp	ONS 15454 Series Multiservice Transport Platforms	pluggable	layered	Optical networking pluggables (ONS / NCS 2000)	(none)	ONS 15454 / NCS 2000 pluggables	sku ^ONS-(S[CEI]\+?-|XC-|XE-|GC-|GX-|QC-|CC-|CCC-|CPAK-|CXP2?-(?!MPO)|QSFP|QSP28|CFP2|C2-WDM-)							
ONS-SE-2G-1510=	SFP - OC-48/STM-16/GE, CWDM, 1510 nm Ext Temp	Network Convergence System 2000 Series	pluggable	layered	Optical networking pluggables (ONS / NCS 2000)	(none)	ONS 15454 / NCS 2000 pluggables	sku ^ONS-(S[CEI]\+?-|XC-|XE-|GC-|GX-|QC-|CC-|CCC-|CPAK-|CXP2?-(?!MPO)|QSFP|QSP28|CFP2|C2-WDM-)							
ONS-SE-2G-1530	SFP - OC48/STM16/GE, CWDM, 1530nm, Ext Temp	ONS 15454 Series Multiservice Transport Platforms	pluggable	layered	Optical networking pluggables (ONS / NCS 2000)	(none)	ONS 15454 / NCS 2000 pluggables	sku ^ONS-(S[CEI]\+?-|XC-|XE-|GC-|GX-|QC-|CC-|CCC-|CPAK-|CXP2?-(?!MPO)|QSFP|QSP28|CFP2|C2-WDM-)							
ONS-SE-2G-1530=	SFP - OC-48/STM-16/GE, CWDM, 1530 nm Ext Temp	Network Convergence System 2000 Series	pluggable	layered	Optical networking pluggables (ONS / NCS 2000)	(none)	ONS 15454 / NCS 2000 pluggables	sku ^ONS-(S[CEI]\+?-|XC-|XE-|GC-|GX-|QC-|CC-|CCC-|CPAK-|CXP2?-(?!MPO)|QSFP|QSP28|CFP2|C2-WDM-)							
ONS-SE-2G-1550	SFP - OC48/STM16/GE, CWDM, 1550nm, Ext Temp	ONS 15454 Series Multiservice Transport Platforms	pluggable	layered	Optical networking pluggables (ONS / NCS 2000)	(none)	ONS 15454 / NCS 2000 pluggables	sku ^ONS-(S[CEI]\+?-|XC-|XE-|GC-|GX-|QC-|CC-|CCC-|CPAK-|CXP2?-(?!MPO)|QSFP|QSP28|CFP2|C2-WDM-)							
ONS-SE-2G-1550=	SFP - OC-48/STM-16/GE, CWDM, 1550 nm Ext Temp	Network Convergence System 2000 Series	pluggable	layered	Optical networking pluggables (ONS / NCS 2000)	(none)	ONS 15454 / NCS 2000 pluggables	sku ^ONS-(S[CEI]\+?-|XC-|XE-|GC-|GX-|QC-|CC-|CCC-|CPAK-|CXP2?-(?!MPO)|QSFP|QSP28|CFP2|C2-WDM-)							
ONS-SE-2G-1570	SFP - OC48/STM16/GE, CWDM, 1570nm, Ext Temp	ONS 15454 Series Multiservice Transport Platforms	pluggable	layered	Optical networking pluggables (ONS / NCS 2000)	(none)	ONS 15454 / NCS 2000 pluggables	sku ^ONS-(S[CEI]\+?-|XC-|XE-|GC-|GX-|QC-|CC-|CCC-|CPAK-|CXP2?-(?!MPO)|QSFP|QSP28|CFP2|C2-WDM-)							
ONS-SE-2G-1570=	SFP - OC-48/STM-16/GE, CWDM, 1570 nm Ext Temp	Network Convergence System 2000 Series	pluggable	layered	Optical networking pluggables (ONS / NCS 2000)	(none)	ONS 15454 / NCS 2000 pluggables	sku ^ONS-(S[CEI]\+?-|XC-|XE-|GC-|GX-|QC-|CC-|CCC-|CPAK-|CXP2?-(?!MPO)|QSFP|QSP28|CFP2|C2-WDM-)							
ONS-SE-2G-1590	SFP - OC48/STM16/GE, CWDM, 1590nm, Ext Temp	ONS 15454 Series Multiservice Transport Platforms	pluggable	layered	Optical networking pluggables (ONS / NCS 2000)	(none)	ONS 15454 / NCS 2000 pluggables	sku ^ONS-(S[CEI]\+?-|XC-|XE-|GC-|GX-|QC-|CC-|CCC-|CPAK-|CXP2?-(?!MPO)|QSFP|QSP28|CFP2|C2-WDM-)							
ONS-SE-2G-1590=	SFP - OC-48/STM-16/GE, CWDM, 1590 nm Ext Temp	Network Convergence System 2000 Series	pluggable	layered	Optical networking pluggables (ONS / NCS 2000)	(none)	ONS 15454 / NCS 2000 pluggables	sku ^ONS-(S[CEI]\+?-|XC-|XE-|GC-|GX-|QC-|CC-|CCC-|CPAK-|CXP2?-(?!MPO)|QSFP|QSP28|CFP2|C2-WDM-)							
ONS-SE-2G-1610	SFP - OC48/STM16/GE, CWDM, 1610nm, Ext Temp	ONS 15454 Series Multiservice Transport Platforms	pluggable	layered	Optical networking pluggables (ONS / NCS 2000)	(none)	ONS 15454 / NCS 2000 pluggables	sku ^ONS-(S[CEI]\+?-|XC-|XE-|GC-|GX-|QC-|CC-|CCC-|CPAK-|CXP2?-(?!MPO)|QSFP|QSP28|CFP2|C2-WDM-)							
ONS-SE-2G-1610=	SFP - OC-48/STM-16/GE, CWDM, 1610 nm Ext Temp	Network Convergence System 2000 Series	pluggable	layered	Optical networking pluggables (ONS / NCS 2000)	(none)	ONS 15454 / NCS 2000 pluggables	sku ^ONS-(S[CEI]\+?-|XC-|XE-|GC-|GX-|QC-|CC-|CCC-|CPAK-|CXP2?-(?!MPO)|QSFP|QSP28|CFP2|C2-WDM-)							
ONS-SE-2G-L2	SFP - OC48/STM16, LR2, L-16.2, 1550nm, SM, LC, EXT-TEMP	ONS 15454 Series Multiservice Transport Platforms	pluggable	layered	Optical networking pluggables (ONS / NCS 2000)	(none)	ONS 15454 / NCS 2000 pluggables	sku ^ONS-(S[CEI]\+?-|XC-|XE-|GC-|GX-|QC-|CC-|CCC-|CPAK-|CXP2?-(?!MPO)|QSFP|QSP28|CFP2|C2-WDM-)							
ONS-SE-2G-L2=	SFP - OC48/STM16, LR2, L-16.2, 1550nm, SM, LC, EXT-TEMP.	Network Convergence System 2000 Series	pluggable	layered	Optical networking pluggables (ONS / NCS 2000)	(none)	ONS 15454 / NCS 2000 pluggables	sku ^ONS-(S[CEI]\+?-|XC-|XE-|GC-|GX-|QC-|CC-|CCC-|CPAK-|CXP2?-(?!MPO)|QSFP|QSP28|CFP2|C2-WDM-)							
ONS-SE-2G-S1=	OC-48/STM-16 SFP optics module, short-reach/intraoffice, 1310-nm, single-mode, LC connectors	Network Convergence System 2000 Series	pluggable	layered	Optical networking pluggables (ONS / NCS 2000)	(none)	ONS 15454 / NCS 2000 pluggables	sku ^ONS-(S[CEI]\+?-|XC-|XE-|GC-|GX-|QC-|CC-|CCC-|CPAK-|CXP2?-(?!MPO)|QSFP|QSP28|CFP2|C2-WDM-)							
ONS-SE-4G-MM=	4-Gbps FC SFP optics module, (0–70m 50/125 micron, 0–150m 62.5/125 micron, 850 nm, multimode, EXT temperature range, LC connectors	ONS 15454 Series Multiservice Transport Platforms	pluggable	layered	Optical networking pluggables (ONS / NCS 2000)	(none)	ONS 15454 / NCS 2000 pluggables	sku ^ONS-(S[CEI]\+?-|XC-|XE-|GC-|GX-|QC-|CC-|CCC-|CPAK-|CXP2?-(?!MPO)|QSFP|QSP28|CFP2|C2-WDM-)							
ONS-SE-4G-SM=	4-Gbps FC SFP optics module, 0–20,000m reach, 1310 nm, single-mode, EXT temperature range, LC connectors	ONS 15454 Series Multiservice Transport Platforms	pluggable	layered	Optical networking pluggables (ONS / NCS 2000)	(none)	ONS 15454 / NCS 2000 pluggables	sku ^ONS-(S[CEI]\+?-|XC-|XE-|GC-|GX-|QC-|CC-|CCC-|CPAK-|CXP2?-(?!MPO)|QSFP|QSP28|CFP2|C2-WDM-)							
ONS-SE-622-1470	SFP - OC12/STM4, CWDM, 1470 nm, EXT	ONS 15454 Series Multiservice Transport Platforms	pluggable	layered	Optical networking pluggables (ONS / NCS 2000)	(none)	ONS 15454 / NCS 2000 pluggables	sku ^ONS-(S[CEI]\+?-|XC-|XE-|GC-|GX-|QC-|CC-|CCC-|CPAK-|CXP2?-(?!MPO)|QSFP|QSP28|CFP2|C2-WDM-)							
ONS-SE-622-1470=	SFP - OC-12/STM-4, CWDM, 1470 nm, EXT	Network Convergence System 2000 Series	pluggable	layered	Optical networking pluggables (ONS / NCS 2000)	(none)	ONS 15454 / NCS 2000 pluggables	sku ^ONS-(S[CEI]\+?-|XC-|XE-|GC-|GX-|QC-|CC-|CCC-|CPAK-|CXP2?-(?!MPO)|QSFP|QSP28|CFP2|C2-WDM-)							
ONS-SE-622-1490	SFP - OC12/STM4, CWDM, 1490 nm, EXT	ONS 15454 Series Multiservice Transport Platforms	pluggable	layered	Optical networking pluggables (ONS / NCS 2000)	(none)	ONS 15454 / NCS 2000 pluggables	sku ^ONS-(S[CEI]\+?-|XC-|XE-|GC-|GX-|QC-|CC-|CCC-|CPAK-|CXP2?-(?!MPO)|QSFP|QSP28|CFP2|C2-WDM-)							
ONS-SE-622-1490=	SFP - OC-12/STM-4, CWDM, 1490 nm, EXT	Network Convergence System 2000 Series	pluggable	layered	Optical networking pluggables (ONS / NCS 2000)	(none)	ONS 15454 / NCS 2000 pluggables	sku ^ONS-(S[CEI]\+?-|XC-|XE-|GC-|GX-|QC-|CC-|CCC-|CPAK-|CXP2?-(?!MPO)|QSFP|QSP28|CFP2|C2-WDM-)							
ONS-SE-622-1510	SFP - OC12/STM4, CWDM, 1510 nm, EXT	ONS 15454 Series Multiservice Transport Platforms	pluggable	layered	Optical networking pluggables (ONS / NCS 2000)	(none)	ONS 15454 / NCS 2000 pluggables	sku ^ONS-(S[CEI]\+?-|XC-|XE-|GC-|GX-|QC-|CC-|CCC-|CPAK-|CXP2?-(?!MPO)|QSFP|QSP28|CFP2|C2-WDM-)							
ONS-SE-622-1510=	SFP - OC-12/STM-4, CWDM, 1510 nm, EXT	Network Convergence System 2000 Series	pluggable	layered	Optical networking pluggables (ONS / NCS 2000)	(none)	ONS 15454 / NCS 2000 pluggables	sku ^ONS-(S[CEI]\+?-|XC-|XE-|GC-|GX-|QC-|CC-|CCC-|CPAK-|CXP2?-(?!MPO)|QSFP|QSP28|CFP2|C2-WDM-)							
ONS-SE-622-1530	SFP - OC12/STM4, CWDM, 1530 nm, EXT	ONS 15454 Series Multiservice Transport Platforms	pluggable	layered	Optical networking pluggables (ONS / NCS 2000)	(none)	ONS 15454 / NCS 2000 pluggables	sku ^ONS-(S[CEI]\+?-|XC-|XE-|GC-|GX-|QC-|CC-|CCC-|CPAK-|CXP2?-(?!MPO)|QSFP|QSP28|CFP2|C2-WDM-)							
ONS-SE-622-1530=	SFP - OC-12/STM-4, CWDM, 1530 nm, EXT	Network Convergence System 2000 Series	pluggable	layered	Optical networking pluggables (ONS / NCS 2000)	(none)	ONS 15454 / NCS 2000 pluggables	sku ^ONS-(S[CEI]\+?-|XC-|XE-|GC-|GX-|QC-|CC-|CCC-|CPAK-|CXP2?-(?!MPO)|QSFP|QSP28|CFP2|C2-WDM-)							
ONS-SE-622-1550	SFP - OC12/STM4, CWDM, 1550 nm, EXT	ONS 15454 Series Multiservice Transport Platforms	pluggable	layered	Optical networking pluggables (ONS / NCS 2000)	(none)	ONS 15454 / NCS 2000 pluggables	sku ^ONS-(S[CEI]\+?-|XC-|XE-|GC-|GX-|QC-|CC-|CCC-|CPAK-|CXP2?-(?!MPO)|QSFP|QSP28|CFP2|C2-WDM-)							
ONS-SE-622-1550=	SFP - OC-12/STM-4, CWDM, 1550 nm, EXT	Network Convergence System 2000 Series	pluggable	layered	Optical networking pluggables (ONS / NCS 2000)	(none)	ONS 15454 / NCS 2000 pluggables	sku ^ONS-(S[CEI]\+?-|XC-|XE-|GC-|GX-|QC-|CC-|CCC-|CPAK-|CXP2?-(?!MPO)|QSFP|QSP28|CFP2|C2-WDM-)							
ONS-SE-622-1570	SFP - OC12/STM4, CWDM, 1570 nm, EXT	ONS 15454 Series Multiservice Transport Platforms	pluggable	layered	Optical networking pluggables (ONS / NCS 2000)	(none)	ONS 15454 / NCS 2000 pluggables	sku ^ONS-(S[CEI]\+?-|XC-|XE-|GC-|GX-|QC-|CC-|CCC-|CPAK-|CXP2?-(?!MPO)|QSFP|QSP28|CFP2|C2-WDM-)							
ONS-SE-622-1570=	SFP - OC-12/STM-4, CWDM, 1570 nm, EXT	Network Convergence System 2000 Series	pluggable	layered	Optical networking pluggables (ONS / NCS 2000)	(none)	ONS 15454 / NCS 2000 pluggables	sku ^ONS-(S[CEI]\+?-|XC-|XE-|GC-|GX-|QC-|CC-|CCC-|CPAK-|CXP2?-(?!MPO)|QSFP|QSP28|CFP2|C2-WDM-)							
ONS-SE-622-1590	SFP - OC12/STM4, CWDM, 1590 nm, EXT	ONS 15454 Series Multiservice Transport Platforms	pluggable	layered	Optical networking pluggables (ONS / NCS 2000)	(none)	ONS 15454 / NCS 2000 pluggables	sku ^ONS-(S[CEI]\+?-|XC-|XE-|GC-|GX-|QC-|CC-|CCC-|CPAK-|CXP2?-(?!MPO)|QSFP|QSP28|CFP2|C2-WDM-)							
ONS-SE-622-1590=	SFP - OC-12/STM-4, CWDM, 1590 nm, EXT	Network Convergence System 2000 Series	pluggable	layered	Optical networking pluggables (ONS / NCS 2000)	(none)	ONS 15454 / NCS 2000 pluggables	sku ^ONS-(S[CEI]\+?-|XC-|XE-|GC-|GX-|QC-|CC-|CCC-|CPAK-|CXP2?-(?!MPO)|QSFP|QSP28|CFP2|C2-WDM-)							
ONS-SE-622-1610	SFP - OC12/STM4, CWDM, 1610 nm, EXT	ONS 15454 Series Multiservice Transport Platforms	pluggable	layered	Optical networking pluggables (ONS / NCS 2000)	(none)	ONS 15454 / NCS 2000 pluggables	sku ^ONS-(S[CEI]\+?-|XC-|XE-|GC-|GX-|QC-|CC-|CCC-|CPAK-|CXP2?-(?!MPO)|QSFP|QSP28|CFP2|C2-WDM-)							
ONS-SE-622-1610=	SFP - OC-12/STM-4, CWDM, 1610 nm, EXT	Network Convergence System 2000 Series	pluggable	layered	Optical networking pluggables (ONS / NCS 2000)	(none)	ONS 15454 / NCS 2000 pluggables	sku ^ONS-(S[CEI]\+?-|XC-|XE-|GC-|GX-|QC-|CC-|CCC-|CPAK-|CXP2?-(?!MPO)|QSFP|QSP28|CFP2|C2-WDM-)							
ONS-SE-G2F-LX=	GE/1-Gbps FC/2-Gbps FC/HDTV, 1310 nm, single-mode, EXT temperature range, LC connectors	ONS 15454 Series Multiservice Transport Platforms	pluggable	layered	Optical networking pluggables (ONS / NCS 2000)	(none)	ONS 15454 / NCS 2000 pluggables	sku ^ONS-(S[CEI]\+?-|XC-|XE-|GC-|GX-|QC-|CC-|CCC-|CPAK-|CXP2?-(?!MPO)|QSFP|QSP28|CFP2|C2-WDM-)							
ONS-SE-G2F-SX=	GE/1-Gbps FC/2-Gbps FC, 850 nm, multimode, EXT temperature range, LC connectors	Network Convergence System 2000 Series	pluggable	layered	Optical networking pluggables (ONS / NCS 2000)	(none)	ONS 15454 / NCS 2000 pluggables	sku ^ONS-(S[CEI]\+?-|XC-|XE-|GC-|GX-|QC-|CC-|CCC-|CPAK-|CXP2?-(?!MPO)|QSFP|QSP28|CFP2|C2-WDM-)							
ONS-SE-GE-BXD=	SFP – 1000BASE BX D – GE Bidirectional Downstream Ext Temp	Catalyst IE9300 Rugged Series	bidi	layered	Optical networking pluggables (ONS / NCS 2000)	(none)	ONS 15454 / NCS 2000 pluggables	sku ^ONS-(S[CEI]\+?-|XC-|XE-|GC-|GX-|QC-|CC-|CCC-|CPAK-|CXP2?-(?!MPO)|QSFP|QSP28|CFP2|C2-WDM-)							
ONS-SE-GE-BXU=	SFP – 1000BASE-BX U – GE Bidirectional Upstream – Ext Temp	Catalyst IE9300 Rugged Series	bidi	layered	Optical networking pluggables (ONS / NCS 2000)	(none)	ONS 15454 / NCS 2000 pluggables	sku ^ONS-(S[CEI]\+?-|XC-|XE-|GC-|GX-|QC-|CC-|CCC-|CPAK-|CXP2?-(?!MPO)|QSFP|QSP28|CFP2|C2-WDM-)							
ONS-SE-GE-ZX	1000BASE-ZX Gigabit Ethernet SFP, 1550, SM	ONS 15454 Series Multiservice Transport Platforms	pluggable	layered	Optical networking pluggables (ONS / NCS 2000)	(none)	ONS 15454 / NCS 2000 pluggables	sku ^ONS-(S[CEI]\+?-|XC-|XE-|GC-|GX-|QC-|CC-|CCC-|CPAK-|CXP2?-(?!MPO)|QSFP|QSP28|CFP2|C2-WDM-)							
ONS-SE-GE-ZX=	SFP - 1000BASE-ZX Gigabit Ethernet, 1550, SM, Ext‑Temp	Network Convergence System 2000 Series	pluggable	layered	Optical networking pluggables (ONS / NCS 2000)	(none)	ONS 15454 / NCS 2000 pluggables	sku ^ONS-(S[CEI]\+?-|XC-|XE-|GC-|GX-|QC-|CC-|CCC-|CPAK-|CXP2?-(?!MPO)|QSFP|QSP28|CFP2|C2-WDM-)							
ONS-SE-Z1	1000BASE-LX Gigabit Ethernet / OC-48/STM-16 IR / OC-12/-2 / STM-1/-4 SR transceiver module, 1310 nm, SFP, extended temperature range	ASR 900	pluggable	layered	Optical networking pluggables (ONS / NCS 2000)	(none)	ONS 15454 / NCS 2000 pluggables	sku ^ONS-(S[CEI]\+?-|XC-|XE-|GC-|GX-|QC-|CC-|CCC-|CPAK-|CXP2?-(?!MPO)|QSFP|QSP28|CFP2|C2-WDM-)							
ONS-SE-Z1=	SFP-OC-48IR1,12/3SR1, GE LX STM S-16.1, I-4, I-1, 1310nm EXT-TEMP	Network Convergence System 4200 Series	pluggable	layered	Optical networking pluggables (ONS / NCS 2000)	(none)	ONS 15454 / NCS 2000 pluggables	sku ^ONS-(S[CEI]\+?-|XC-|XE-|GC-|GX-|QC-|CC-|CCC-|CPAK-|CXP2?-(?!MPO)|QSFP|QSP28|CFP2|C2-WDM-)							
ONS-SE-ZE-EL	10/100/1000BASE-T SFP transceiver module for Category 5 copper wire, extended operating temperature range, RJ-45 connector	ASR 900	pluggable	layered	Optical networking pluggables (ONS / NCS 2000)	(none)	ONS 15454 / NCS 2000 pluggables	sku ^ONS-(S[CEI]\+?-|XC-|XE-|GC-|GX-|QC-|CC-|CCC-|CPAK-|CXP2?-(?!MPO)|QSFP|QSP28|CFP2|C2-WDM-)							
ONS-SE-ZE-EL=	SFP – 10/100/1000 Ethernet BASE-T Multirate Copper RJ-45	Network Convergence System 4200 Series	pluggable	layered	Optical networking pluggables (ONS / NCS 2000)	(none)	ONS 15454 / NCS 2000 pluggables	sku ^ONS-(S[CEI]\+?-|XC-|XE-|GC-|GX-|QC-|CC-|CCC-|CPAK-|CXP2?-(?!MPO)|QSFP|QSP28|CFP2|C2-WDM-)							
ONS-SI+-10G-ER	Cisco ONS-SI+-10G-ER 10GBASE-ER SFP+ — ER (Extended Reach, industriell), 1550 nm, 40 km	Cisco	pluggable	layered	Optical networking pluggables (ONS / NCS 2000)	(none)	ONS 15454 / NCS 2000 pluggables	sku ^ONS-(S[CEI]\+?-|XC-|XE-|GC-|GX-|QC-|CC-|CCC-|CPAK-|CXP2?-(?!MPO)|QSFP|QSP28|CFP2|C2-WDM-)							
ONS-SI+-10G-ER=	SFP+ ER - Industrial Temp	Catalyst IE9300 Rugged Series	pluggable	layered	Optical networking pluggables (ONS / NCS 2000)	(none)	ONS 15454 / NCS 2000 pluggables	sku ^ONS-(S[CEI]\+?-|XC-|XE-|GC-|GX-|QC-|CC-|CCC-|CPAK-|CXP2?-(?!MPO)|QSFP|QSP28|CFP2|C2-WDM-)							
ONS-SI+-10G-LR	Cisco ONS-SI+-10G-LR 10GBASE-LR SFP+ — LR (Long Reach, industriell), 1310 nm, 10 km	Cisco	pluggable	layered	Optical networking pluggables (ONS / NCS 2000)	(none)	ONS 15454 / NCS 2000 pluggables	sku ^ONS-(S[CEI]\+?-|XC-|XE-|GC-|GX-|QC-|CC-|CCC-|CPAK-|CXP2?-(?!MPO)|QSFP|QSP28|CFP2|C2-WDM-)							
ONS-SI+-10G-LR=	SFP+ LR - Industrial Temp	Catalyst IE9300 Rugged Series	pluggable	layered	Optical networking pluggables (ONS / NCS 2000)	(none)	ONS 15454 / NCS 2000 pluggables	sku ^ONS-(S[CEI]\+?-|XC-|XE-|GC-|GX-|QC-|CC-|CCC-|CPAK-|CXP2?-(?!MPO)|QSFP|QSP28|CFP2|C2-WDM-)							
ONS-SI+-10G-SR	SFP+ SR - Industrial Temp	Cisco	pluggable	layered	Optical networking pluggables (ONS / NCS 2000)	(none)	ONS 15454 / NCS 2000 pluggables	sku ^ONS-(S[CEI]\+?-|XC-|XE-|GC-|GX-|QC-|CC-|CCC-|CPAK-|CXP2?-(?!MPO)|QSFP|QSP28|CFP2|C2-WDM-)							
ONS-SI+-10G-SR=	SFP+ SR - Industrial Temp	Catalyst IE9300 Rugged Series	pluggable	layered	Optical networking pluggables (ONS / NCS 2000)	(none)	ONS 15454 / NCS 2000 pluggables	sku ^ONS-(S[CEI]\+?-|XC-|XE-|GC-|GX-|QC-|CC-|CCC-|CPAK-|CXP2?-(?!MPO)|QSFP|QSP28|CFP2|C2-WDM-)							
ONS-SI+-10G-ZR	SFP+-ZR- Industrial Temp	Cisco	pluggable	layered	Optical networking pluggables (ONS / NCS 2000)	(none)	ONS 15454 / NCS 2000 pluggables	sku ^ONS-(S[CEI]\+?-|XC-|XE-|GC-|GX-|QC-|CC-|CCC-|CPAK-|CXP2?-(?!MPO)|QSFP|QSP28|CFP2|C2-WDM-)							
ONS-SI+-10G-ZR=	SFP+-ZR- Industrial Temp	Catalyst IE9300 Rugged Series	pluggable	layered	Optical networking pluggables (ONS / NCS 2000)	(none)	ONS 15454 / NCS 2000 pluggables	sku ^ONS-(S[CEI]\+?-|XC-|XE-|GC-|GX-|QC-|CC-|CCC-|CPAK-|CXP2?-(?!MPO)|QSFP|QSP28|CFP2|C2-WDM-)							
ONS-SI-100-BXD=	Cisco ONS-SI-100-BXD=	Network Convergence System 2000 Series	bidi	layered	Optical networking pluggables (ONS / NCS 2000)	(none)	ONS 15454 / NCS 2000 pluggables	sku ^ONS-(S[CEI]\+?-|XC-|XE-|GC-|GX-|QC-|CC-|CCC-|CPAK-|CXP2?-(?!MPO)|QSFP|QSP28|CFP2|C2-WDM-)							
ONS-SI-100-BXU=	Cisco ONS-SI-100-BXU=	Network Convergence System 2000 Series	bidi	layered	Optical networking pluggables (ONS / NCS 2000)	(none)	ONS 15454 / NCS 2000 pluggables	sku ^ONS-(S[CEI]\+?-|XC-|XE-|GC-|GX-|QC-|CC-|CCC-|CPAK-|CXP2?-(?!MPO)|QSFP|QSP28|CFP2|C2-WDM-)							
ONS-SI-100-FX=	SFP - 100 Mbps Short Reach - 1310 nm - MM - LC, I‑TEMP	Network Convergence System 4200 Series	pluggable	layered	Optical networking pluggables (ONS / NCS 2000)	(none)	ONS 15454 / NCS 2000 pluggables	sku ^ONS-(S[CEI]\+?-|XC-|XE-|GC-|GX-|QC-|CC-|CCC-|CPAK-|CXP2?-(?!MPO)|QSFP|QSP28|CFP2|C2-WDM-)							
ONS-SI-100-LX10=	SFP - 100 Mbps Long Reach - 1310 nm - SM - LC, I‑TEMP	Network Convergence System 4200 Series	pluggable	layered	Optical networking pluggables (ONS / NCS 2000)	(none)	ONS 15454 / NCS 2000 pluggables	sku ^ONS-(S[CEI]\+?-|XC-|XE-|GC-|GX-|QC-|CC-|CCC-|CPAK-|CXP2?-(?!MPO)|QSFP|QSP28|CFP2|C2-WDM-)							
ONS-SI-155-I1	OC-3/STM-1 Intermediate Reach (IR), 1310 nm, SFP, industrial temperature range	ASR 900	pluggable	layered	Optical networking pluggables (ONS / NCS 2000)	(none)	ONS 15454 / NCS 2000 pluggables	sku ^ONS-(S[CEI]\+?-|XC-|XE-|GC-|GX-|QC-|CC-|CCC-|CPAK-|CXP2?-(?!MPO)|QSFP|QSP28|CFP2|C2-WDM-)							
ONS-SI-155-I1=	SFP - OC3/STM1 IR1/S-1.1 1310 nm, ITEMP	ONS 15454 Series Multiservice Transport Platforms	pluggable	layered	Optical networking pluggables (ONS / NCS 2000)	(none)	ONS 15454 / NCS 2000 pluggables	sku ^ONS-(S[CEI]\+?-|XC-|XE-|GC-|GX-|QC-|CC-|CCC-|CPAK-|CXP2?-(?!MPO)|QSFP|QSP28|CFP2|C2-WDM-)							
ONS-SI-155-L1	OC-3/STM-1 Long Reach (LR), 1310 nm, SFP, industrial temperature range	ASR 900	pluggable	layered	Optical networking pluggables (ONS / NCS 2000)	(none)	ONS 15454 / NCS 2000 pluggables	sku ^ONS-(S[CEI]\+?-|XC-|XE-|GC-|GX-|QC-|CC-|CCC-|CPAK-|CXP2?-(?!MPO)|QSFP|QSP28|CFP2|C2-WDM-)							
ONS-SI-155-L1=	SFP - OC3/STM1 LR, L-1.1, 1310 nm, ITEMP	ONS 15454 Series Multiservice Transport Platforms	pluggable	layered	Optical networking pluggables (ONS / NCS 2000)	(none)	ONS 15454 / NCS 2000 pluggables	sku ^ONS-(S[CEI]\+?-|XC-|XE-|GC-|GX-|QC-|CC-|CCC-|CPAK-|CXP2?-(?!MPO)|QSFP|QSP28|CFP2|C2-WDM-)							
ONS-SI-155-L2	OC-3/STM-1 LR, 1550 nm, SFP, industrial temperature range	ASR 900	pluggable	layered	Optical networking pluggables (ONS / NCS 2000)	(none)	ONS 15454 / NCS 2000 pluggables	sku ^ONS-(S[CEI]\+?-|XC-|XE-|GC-|GX-|QC-|CC-|CCC-|CPAK-|CXP2?-(?!MPO)|QSFP|QSP28|CFP2|C2-WDM-)							
ONS-SI-155-L2=	SFP - OC3/STM1 LR-2, L-1.2, 1550 nm, ITEMP	ONS 15454 Series Multiservice Transport Platforms	pluggable	layered	Optical networking pluggables (ONS / NCS 2000)	(none)	ONS 15454 / NCS 2000 pluggables	sku ^ONS-(S[CEI]\+?-|XC-|XE-|GC-|GX-|QC-|CC-|CCC-|CPAK-|CXP2?-(?!MPO)|QSFP|QSP28|CFP2|C2-WDM-)							
ONS-SI-155-SR-MM	OC-3/STM-1, Short Reach (SR), 1310 nm, multimode (MM), SFP, industrial temperature range	ASR 900	pluggable	layered	Optical networking pluggables (ONS / NCS 2000)	(none)	ONS 15454 / NCS 2000 pluggables	sku ^ONS-(S[CEI]\+?-|XC-|XE-|GC-|GX-|QC-|CC-|CCC-|CPAK-|CXP2?-(?!MPO)|QSFP|QSP28|CFP2|C2-WDM-)							
ONS-SI-155-SR-MM=	SFP - OC3, SR, 1310 nm, MULTI MODE, I-TEMP	ONS 15454 Series Multiservice Transport Platforms	pluggable	layered	Optical networking pluggables (ONS / NCS 2000)	(none)	ONS 15454 / NCS 2000 pluggables	sku ^ONS-(S[CEI]\+?-|XC-|XE-|GC-|GX-|QC-|CC-|CCC-|CPAK-|CXP2?-(?!MPO)|QSFP|QSP28|CFP2|C2-WDM-)							
ONS-SI-2G-I1	OC-48/STM-16 IR, 1310 nm, SFP, industrial temperature range	ASR 900	pluggable	layered	Optical networking pluggables (ONS / NCS 2000)	(none)	ONS 15454 / NCS 2000 pluggables	sku ^ONS-(S[CEI]\+?-|XC-|XE-|GC-|GX-|QC-|CC-|CCC-|CPAK-|CXP2?-(?!MPO)|QSFP|QSP28|CFP2|C2-WDM-)							
ONS-SI-2G-I1=	SFP - OC48/STM16, IR, 1310 nm, ITEMP, LC	Network Convergence System 2000 Series	pluggable	layered	Optical networking pluggables (ONS / NCS 2000)	(none)	ONS 15454 / NCS 2000 pluggables	sku ^ONS-(S[CEI]\+?-|XC-|XE-|GC-|GX-|QC-|CC-|CCC-|CPAK-|CXP2?-(?!MPO)|QSFP|QSP28|CFP2|C2-WDM-)							
ONS-SI-2G-L1	OC-48/STM-16 LR, 1310 nm, SFP, industrial temperature range	ASR 900	pluggable	layered	Optical networking pluggables (ONS / NCS 2000)	(none)	ONS 15454 / NCS 2000 pluggables	sku ^ONS-(S[CEI]\+?-|XC-|XE-|GC-|GX-|QC-|CC-|CCC-|CPAK-|CXP2?-(?!MPO)|QSFP|QSP28|CFP2|C2-WDM-)							
ONS-SI-2G-L1=	SFP - OC48/STM16, LR1, 1310 nm, ITEMP, LC	ONS 15454 Series Multiservice Transport Platforms	pluggable	layered	Optical networking pluggables (ONS / NCS 2000)	(none)	ONS 15454 / NCS 2000 pluggables	sku ^ONS-(S[CEI]\+?-|XC-|XE-|GC-|GX-|QC-|CC-|CCC-|CPAK-|CXP2?-(?!MPO)|QSFP|QSP28|CFP2|C2-WDM-)							
ONS-SI-2G-L2	OC-48/STM-16 LR, 1550 nm, SFP, industrial temperature range	ASR 900	pluggable	layered	Optical networking pluggables (ONS / NCS 2000)	(none)	ONS 15454 / NCS 2000 pluggables	sku ^ONS-(S[CEI]\+?-|XC-|XE-|GC-|GX-|QC-|CC-|CCC-|CPAK-|CXP2?-(?!MPO)|QSFP|QSP28|CFP2|C2-WDM-)							
ONS-SI-2G-L2=	SFP - OC48/STM16, LR2, L-16.2, 1550nm, SM, LC, ITEMP	ONS 15454 Series Multiservice Transport Platforms	pluggable	layered	Optical networking pluggables (ONS / NCS 2000)	(none)	ONS 15454 / NCS 2000 pluggables	sku ^ONS-(S[CEI]\+?-|XC-|XE-|GC-|GX-|QC-|CC-|CCC-|CPAK-|CXP2?-(?!MPO)|QSFP|QSP28|CFP2|C2-WDM-)							
ONS-SI-2G-S1	OC-48/STM-16 SR, 1310 nm, SFP, industrial temperature range	ASR 900	pluggable	layered	Optical networking pluggables (ONS / NCS 2000)	(none)	ONS 15454 / NCS 2000 pluggables	sku ^ONS-(S[CEI]\+?-|XC-|XE-|GC-|GX-|QC-|CC-|CCC-|CPAK-|CXP2?-(?!MPO)|QSFP|QSP28|CFP2|C2-WDM-)							
ONS-SI-2G-S1=	OC-48/STM-16, SR1, 1310 nm, SFP, I-Temp	ONS 15454 Series Multiservice Transport Platforms	pluggable	layered	Optical networking pluggables (ONS / NCS 2000)	(none)	ONS 15454 / NCS 2000 pluggables	sku ^ONS-(S[CEI]\+?-|XC-|XE-|GC-|GX-|QC-|CC-|CCC-|CPAK-|CXP2?-(?!MPO)|QSFP|QSP28|CFP2|C2-WDM-)							
ONS-SI-622-I1	OC-12/STM-4 IR, 1310 nm, SFP, industrial temperature range	ASR 900	pluggable	layered	Optical networking pluggables (ONS / NCS 2000)	(none)	ONS 15454 / NCS 2000 pluggables	sku ^ONS-(S[CEI]\+?-|XC-|XE-|GC-|GX-|QC-|CC-|CCC-|CPAK-|CXP2?-(?!MPO)|QSFP|QSP28|CFP2|C2-WDM-)							
ONS-SI-622-I1=	SFP - OC12/STM4 and OC3/STM1 IR, S-4.1, S-1.1, 1310 nm, ITEMP	ONS 15454 Series Multiservice Transport Platforms	pluggable	layered	Optical networking pluggables (ONS / NCS 2000)	(none)	ONS 15454 / NCS 2000 pluggables	sku ^ONS-(S[CEI]\+?-|XC-|XE-|GC-|GX-|QC-|CC-|CCC-|CPAK-|CXP2?-(?!MPO)|QSFP|QSP28|CFP2|C2-WDM-)							
ONS-SI-622-L1	OC-12/STM-4 LR, 1310 nm, SFP, industrial temperature range	ASR 900	pluggable	layered	Optical networking pluggables (ONS / NCS 2000)	(none)	ONS 15454 / NCS 2000 pluggables	sku ^ONS-(S[CEI]\+?-|XC-|XE-|GC-|GX-|QC-|CC-|CCC-|CPAK-|CXP2?-(?!MPO)|QSFP|QSP28|CFP2|C2-WDM-)							
ONS-SI-622-L1=	SFP -OC12/STM4 LR, L-4.1, 1310 nm, SM, LC, ITEMP	ONS 15454 Series Multiservice Transport Platforms	pluggable	layered	Optical networking pluggables (ONS / NCS 2000)	(none)	ONS 15454 / NCS 2000 pluggables	sku ^ONS-(S[CEI]\+?-|XC-|XE-|GC-|GX-|QC-|CC-|CCC-|CPAK-|CXP2?-(?!MPO)|QSFP|QSP28|CFP2|C2-WDM-)							
ONS-SI-622-L2	OC-12/STM-4 LR, 1550 nm, SFP, industrial temperature range	ASR 900	pluggable	layered	Optical networking pluggables (ONS / NCS 2000)	(none)	ONS 15454 / NCS 2000 pluggables	sku ^ONS-(S[CEI]\+?-|XC-|XE-|GC-|GX-|QC-|CC-|CCC-|CPAK-|CXP2?-(?!MPO)|QSFP|QSP28|CFP2|C2-WDM-)							
ONS-SI-622-L2=	SFP -OC12/STM4 LR, L-4.2, 1550 nm, SM, LC, ITEMP	ONS 15454 Series Multiservice Transport Platforms	pluggable	layered	Optical networking pluggables (ONS / NCS 2000)	(none)	ONS 15454 / NCS 2000 pluggables	sku ^ONS-(S[CEI]\+?-|XC-|XE-|GC-|GX-|QC-|CC-|CCC-|CPAK-|CXP2?-(?!MPO)|QSFP|QSP28|CFP2|C2-WDM-)							
ONS-SI-622-SR-MM	OC-12/STM-4, SR, 1310 nm, MM, SFP, industrial temperature range	ASR 900	pluggable	layered	Optical networking pluggables (ONS / NCS 2000)	(none)	ONS 15454 / NCS 2000 pluggables	sku ^ONS-(S[CEI]\+?-|XC-|XE-|GC-|GX-|QC-|CC-|CCC-|CPAK-|CXP2?-(?!MPO)|QSFP|QSP28|CFP2|C2-WDM-)							
ONS-SI-622-SR-MM=	SFP - OC12, SR, 1310 NM, MULTI MODE, I-TEMP	ONS 15454 Series Multiservice Transport Platforms	pluggable	layered	Optical networking pluggables (ONS / NCS 2000)	(none)	ONS 15454 / NCS 2000 pluggables	sku ^ONS-(S[CEI]\+?-|XC-|XE-|GC-|GX-|QC-|CC-|CCC-|CPAK-|CXP2?-(?!MPO)|QSFP|QSP28|CFP2|C2-WDM-)							
ONS-SI-DS1-TPOP=	T1/DS1 TPoP SFP, Industrial Temp	Network Convergence System 2000 Series	pluggable	layered	Optical networking pluggables (ONS / NCS 2000)	(none)	ONS 15454 / NCS 2000 pluggables	sku ^ONS-(S[CEI]\+?-|XC-|XE-|GC-|GX-|QC-|CC-|CCC-|CPAK-|CXP2?-(?!MPO)|QSFP|QSP28|CFP2|C2-WDM-)							
ONS-SI-GE-EX	Cisco ONS-SI-GE-EX 1000BASE-EX SFP — 1550 nm, Singlemode, 40 km	Cisco	pluggable	layered	Optical networking pluggables (ONS / NCS 2000)	(none)	ONS 15454 / NCS 2000 pluggables	sku ^ONS-(S[CEI]\+?-|XC-|XE-|GC-|GX-|QC-|CC-|CCC-|CPAK-|CXP2?-(?!MPO)|QSFP|QSP28|CFP2|C2-WDM-)							
ONS-SI-GE-EX=	SFP - 1000Base EX - I-Temp	Catalyst IE9300 Rugged Series	pluggable	layered	Optical networking pluggables (ONS / NCS 2000)	(none)	ONS 15454 / NCS 2000 pluggables	sku ^ONS-(S[CEI]\+?-|XC-|XE-|GC-|GX-|QC-|CC-|CCC-|CPAK-|CXP2?-(?!MPO)|QSFP|QSP28|CFP2|C2-WDM-)							
ONS-SI-GE-LX	Cisco ONS-SI-GE-LX 1000BASE-LX SFP — 1310 nm, Singlemode, 10 km	Cisco	pluggable	layered	Optical networking pluggables (ONS / NCS 2000)	(none)	ONS 15454 / NCS 2000 pluggables	sku ^ONS-(S[CEI]\+?-|XC-|XE-|GC-|GX-|QC-|CC-|CCC-|CPAK-|CXP2?-(?!MPO)|QSFP|QSP28|CFP2|C2-WDM-)							
ONS-SI-GE-LX=	SFP - 1000BASE-LX Gigabit Ethernet, 1310 nm, SM, I‑TEMP	Catalyst IE9300 Rugged Series	pluggable	layered	Optical networking pluggables (ONS / NCS 2000)	(none)	ONS 15454 / NCS 2000 pluggables	sku ^ONS-(S[CEI]\+?-|XC-|XE-|GC-|GX-|QC-|CC-|CCC-|CPAK-|CXP2?-(?!MPO)|QSFP|QSP28|CFP2|C2-WDM-)							
ONS-SI-GE-SX	SFP - 1000BASE-SX Gigabit Ethernet, 850 nm, MM, I‑TEMP	Cisco	pluggable	layered	Optical networking pluggables (ONS / NCS 2000)	(none)	ONS 15454 / NCS 2000 pluggables	sku ^ONS-(S[CEI]\+?-|XC-|XE-|GC-|GX-|QC-|CC-|CCC-|CPAK-|CXP2?-(?!MPO)|QSFP|QSP28|CFP2|C2-WDM-)							
ONS-SI-GE-SX=	SFP - 1000BASE-SX Gigabit Ethernet, 850 nm, MM, I‑TEMP	Catalyst IE9300 Rugged Series	pluggable	layered	Optical networking pluggables (ONS / NCS 2000)	(none)	ONS 15454 / NCS 2000 pluggables	sku ^ONS-(S[CEI]\+?-|XC-|XE-|GC-|GX-|QC-|CC-|CCC-|CPAK-|CXP2?-(?!MPO)|QSFP|QSP28|CFP2|C2-WDM-)							
ONS-SI-GE-ZX	Cisco ONS-SI-GE-ZX 1000BASE-ZX SFP — 1550 nm, Singlemode, 80 km	Cisco	pluggable	layered	Optical networking pluggables (ONS / NCS 2000)	(none)	ONS 15454 / NCS 2000 pluggables	sku ^ONS-(S[CEI]\+?-|XC-|XE-|GC-|GX-|QC-|CC-|CCC-|CPAK-|CXP2?-(?!MPO)|QSFP|QSP28|CFP2|C2-WDM-)							
ONS-SI-GE-ZX=	SFP – 1000BASE-ZX Gigabit Ethernet, 1550 nm, SM, I-Temp	Catalyst IE9300 Rugged Series	pluggable	layered	Optical networking pluggables (ONS / NCS 2000)	(none)	ONS 15454 / NCS 2000 pluggables	sku ^ONS-(S[CEI]\+?-|XC-|XE-|GC-|GX-|QC-|CC-|CCC-|CPAK-|CXP2?-(?!MPO)|QSFP|QSP28|CFP2|C2-WDM-)							
ONS-XC-10G-1470=	OC192/10GE/OTU2, CWDM, 1470 nm, XFP C-Temp, 40km range	ONS 15454 Series Multiservice Transport Platforms	pluggable	layered	Optical networking pluggables (ONS / NCS 2000)	(none)	ONS 15454 / NCS 2000 pluggables	sku ^ONS-(S[CEI]\+?-|XC-|XE-|GC-|GX-|QC-|CC-|CCC-|CPAK-|CXP2?-(?!MPO)|QSFP|QSP28|CFP2|C2-WDM-)							
ONS-XC-10G-1490=	OC192/10GE/OTU2, CWDM, 1490 nm, XFP C-Temp, 40km range	ONS 15454 Series Multiservice Transport Platforms	pluggable	layered	Optical networking pluggables (ONS / NCS 2000)	(none)	ONS 15454 / NCS 2000 pluggables	sku ^ONS-(S[CEI]\+?-|XC-|XE-|GC-|GX-|QC-|CC-|CCC-|CPAK-|CXP2?-(?!MPO)|QSFP|QSP28|CFP2|C2-WDM-)							
ONS-XC-10G-1510=	OC192/10GE/OTU2, CWDM, 1510mn, XFP C-Temp, 40km range	ONS 15454 Series Multiservice Transport Platforms	pluggable	layered	Optical networking pluggables (ONS / NCS 2000)	(none)	ONS 15454 / NCS 2000 pluggables	sku ^ONS-(S[CEI]\+?-|XC-|XE-|GC-|GX-|QC-|CC-|CCC-|CPAK-|CXP2?-(?!MPO)|QSFP|QSP28|CFP2|C2-WDM-)							
ONS-XC-10G-1530=	OC192/10GE/OTU2, CWDM, 1530 nm, XFP C-Temp, 40km range	ONS 15454 Series Multiservice Transport Platforms	pluggable	layered	Optical networking pluggables (ONS / NCS 2000)	(none)	ONS 15454 / NCS 2000 pluggables	sku ^ONS-(S[CEI]\+?-|XC-|XE-|GC-|GX-|QC-|CC-|CCC-|CPAK-|CXP2?-(?!MPO)|QSFP|QSP28|CFP2|C2-WDM-)							
ONS-XC-10G-1550=	OC192/10GE/OTU2, CWDM, 1550 nm, XFP C-Temp, 40km range	ONS 15454 Series Multiservice Transport Platforms	pluggable	layered	Optical networking pluggables (ONS / NCS 2000)	(none)	ONS 15454 / NCS 2000 pluggables	sku ^ONS-(S[CEI]\+?-|XC-|XE-|GC-|GX-|QC-|CC-|CCC-|CPAK-|CXP2?-(?!MPO)|QSFP|QSP28|CFP2|C2-WDM-)							
ONS-XC-10G-1570=	OC192/10GE/OTU2, CWDM, 1570 nm, XFP C-Temp, 40km range	ONS 15454 Series Multiservice Transport Platforms	pluggable	layered	Optical networking pluggables (ONS / NCS 2000)	(none)	ONS 15454 / NCS 2000 pluggables	sku ^ONS-(S[CEI]\+?-|XC-|XE-|GC-|GX-|QC-|CC-|CCC-|CPAK-|CXP2?-(?!MPO)|QSFP|QSP28|CFP2|C2-WDM-)							
ONS-XC-10G-1590=	OC192/10GE/OTU2, CWDM, 1590 nm, XFP C-Temp, 40km range	ONS 15454 Series Multiservice Transport Platforms	pluggable	layered	Optical networking pluggables (ONS / NCS 2000)	(none)	ONS 15454 / NCS 2000 pluggables	sku ^ONS-(S[CEI]\+?-|XC-|XE-|GC-|GX-|QC-|CC-|CCC-|CPAK-|CXP2?-(?!MPO)|QSFP|QSP28|CFP2|C2-WDM-)							
ONS-XC-10G-1610=	OC192/10GE/OTU2, CWDM, 1610 nm, XFP C-Temp, 40km range	ONS 15454 Series Multiservice Transport Platforms	pluggable	layered	Optical networking pluggables (ONS / NCS 2000)	(none)	ONS 15454 / NCS 2000 pluggables	sku ^ONS-(S[CEI]\+?-|XC-|XE-|GC-|GX-|QC-|CC-|CCC-|CPAK-|CXP2?-(?!MPO)|QSFP|QSP28|CFP2|C2-WDM-)							
ONS-XC-10G-30.3=	OC-192/STM-64/10GE, XFP, 1530.33, 100 GHz, LC	Network Convergence System 2000 Series	pluggable	layered	Optical networking pluggables (ONS / NCS 2000)	(none)	ONS 15454 / NCS 2000 pluggables	sku ^ONS-(S[CEI]\+?-|XC-|XE-|GC-|GX-|QC-|CC-|CCC-|CPAK-|CXP2?-(?!MPO)|QSFP|QSP28|CFP2|C2-WDM-)							
ONS-XC-10G-31.1=	OC-192/STM-64/10GE, XFP, 1531.12, 100 GHz, LC	Network Convergence System 2000 Series	pluggable	layered	Optical networking pluggables (ONS / NCS 2000)	(none)	ONS 15454 / NCS 2000 pluggables	sku ^ONS-(S[CEI]\+?-|XC-|XE-|GC-|GX-|QC-|CC-|CCC-|CPAK-|CXP2?-(?!MPO)|QSFP|QSP28|CFP2|C2-WDM-)							
ONS-XC-10G-31.9=	OC-192/STM-64/10GE, XFP, 1531.90, 100 GHz, LC	Network Convergence System 2000 Series	pluggable	layered	Optical networking pluggables (ONS / NCS 2000)	(none)	ONS 15454 / NCS 2000 pluggables	sku ^ONS-(S[CEI]\+?-|XC-|XE-|GC-|GX-|QC-|CC-|CCC-|CPAK-|CXP2?-(?!MPO)|QSFP|QSP28|CFP2|C2-WDM-)							
ONS-XC-10G-32.6=	OC-192/STM-64/10GE, XFP, 1532.68, 100 GHz, LC	Network Convergence System 2000 Series	pluggable	layered	Optical networking pluggables (ONS / NCS 2000)	(none)	ONS 15454 / NCS 2000 pluggables	sku ^ONS-(S[CEI]\+?-|XC-|XE-|GC-|GX-|QC-|CC-|CCC-|CPAK-|CXP2?-(?!MPO)|QSFP|QSP28|CFP2|C2-WDM-)							
ONS-XC-10G-33.4=	OC-192/STM-64/10GE, XFP, 1533.47, 100 GHz, LC	Network Convergence System 2000 Series	pluggable	layered	Optical networking pluggables (ONS / NCS 2000)	(none)	ONS 15454 / NCS 2000 pluggables	sku ^ONS-(S[CEI]\+?-|XC-|XE-|GC-|GX-|QC-|CC-|CCC-|CPAK-|CXP2?-(?!MPO)|QSFP|QSP28|CFP2|C2-WDM-)							
ONS-XC-10G-34.2=	OC-192/STM-64/10GE, XFP, 1534.25, 100 GHz, LC	Network Convergence System 2000 Series	pluggable	layered	Optical networking pluggables (ONS / NCS 2000)	(none)	ONS 15454 / NCS 2000 pluggables	sku ^ONS-(S[CEI]\+?-|XC-|XE-|GC-|GX-|QC-|CC-|CCC-|CPAK-|CXP2?-(?!MPO)|QSFP|QSP28|CFP2|C2-WDM-)							
ONS-XC-10G-35.0=	OC-192/STM-64/10GE, XFP, 1535.04, 100 GHz, LC	Network Convergence System 2000 Series	pluggable	layered	Optical networking pluggables (ONS / NCS 2000)	(none)	ONS 15454 / NCS 2000 pluggables	sku ^ONS-(S[CEI]\+?-|XC-|XE-|GC-|GX-|QC-|CC-|CCC-|CPAK-|CXP2?-(?!MPO)|QSFP|QSP28|CFP2|C2-WDM-)							
ONS-XC-10G-35.8=	OC-192/STM-64/10GE, XFP, 1535.82, 100 GHz, LC	Network Convergence System 2000 Series	pluggable	layered	Optical networking pluggables (ONS / NCS 2000)	(none)	ONS 15454 / NCS 2000 pluggables	sku ^ONS-(S[CEI]\+?-|XC-|XE-|GC-|GX-|QC-|CC-|CCC-|CPAK-|CXP2?-(?!MPO)|QSFP|QSP28|CFP2|C2-WDM-)							
ONS-XC-10G-36.6=	OC-192/STM-64/10GE, XFP, 1536.61, 100 GHz, LC	Network Convergence System 2000 Series	pluggable	layered	Optical networking pluggables (ONS / NCS 2000)	(none)	ONS 15454 / NCS 2000 pluggables	sku ^ONS-(S[CEI]\+?-|XC-|XE-|GC-|GX-|QC-|CC-|CCC-|CPAK-|CXP2?-(?!MPO)|QSFP|QSP28|CFP2|C2-WDM-)							
ONS-XC-10G-37.4=	OC-192/STM-64/10GE, XFP, 1537.40, 100 GHz, LC	Network Convergence System 2000 Series	pluggable	layered	Optical networking pluggables (ONS / NCS 2000)	(none)	ONS 15454 / NCS 2000 pluggables	sku ^ONS-(S[CEI]\+?-|XC-|XE-|GC-|GX-|QC-|CC-|CCC-|CPAK-|CXP2?-(?!MPO)|QSFP|QSP28|CFP2|C2-WDM-)							
ONS-XC-10G-38.1=	OC-192/STM-64/10GE, XFP, 1531.90, 100 GHz, LC	Network Convergence System 2000 Series	pluggable	layered	Optical networking pluggables (ONS / NCS 2000)	(none)	ONS 15454 / NCS 2000 pluggables	sku ^ONS-(S[CEI]\+?-|XC-|XE-|GC-|GX-|QC-|CC-|CCC-|CPAK-|CXP2?-(?!MPO)|QSFP|QSP28|CFP2|C2-WDM-)							
ONS-XC-10G-38.9=	OC-192/STM-64/10GE, XFP, 1538.19, 100 GHz, LC	Network Convergence System 2000 Series	pluggable	layered	Optical networking pluggables (ONS / NCS 2000)	(none)	ONS 15454 / NCS 2000 pluggables	sku ^ONS-(S[CEI]\+?-|XC-|XE-|GC-|GX-|QC-|CC-|CCC-|CPAK-|CXP2?-(?!MPO)|QSFP|QSP28|CFP2|C2-WDM-)							
ONS-XC-10G-39.7=	OC-192/STM-64/10GE, XFP, 1539.77, 100 GHz, LC	Network Convergence System 2000 Series	pluggable	layered	Optical networking pluggables (ONS / NCS 2000)	(none)	ONS 15454 / NCS 2000 pluggables	sku ^ONS-(S[CEI]\+?-|XC-|XE-|GC-|GX-|QC-|CC-|CCC-|CPAK-|CXP2?-(?!MPO)|QSFP|QSP28|CFP2|C2-WDM-)							
ONS-XC-10G-40.5=	OC-192/STM-64/10GE, XFP, 1540.56, 100 GHz, LC	Network Convergence System 2000 Series	pluggable	layered	Optical networking pluggables (ONS / NCS 2000)	(none)	ONS 15454 / NCS 2000 pluggables	sku ^ONS-(S[CEI]\+?-|XC-|XE-|GC-|GX-|QC-|CC-|CCC-|CPAK-|CXP2?-(?!MPO)|QSFP|QSP28|CFP2|C2-WDM-)							
ONS-XC-10G-41.3=	OC-192/STM-64/10GE, XFP, 1541.35, 100 GHz, LC	Network Convergence System 2000 Series	pluggable	layered	Optical networking pluggables (ONS / NCS 2000)	(none)	ONS 15454 / NCS 2000 pluggables	sku ^ONS-(S[CEI]\+?-|XC-|XE-|GC-|GX-|QC-|CC-|CCC-|CPAK-|CXP2?-(?!MPO)|QSFP|QSP28|CFP2|C2-WDM-)							
ONS-XC-10G-42.1=	OC-192/STM-64/10GE, XFP, 1542.14, 100 GHz, LC	Network Convergence System 2000 Series	pluggable	layered	Optical networking pluggables (ONS / NCS 2000)	(none)	ONS 15454 / NCS 2000 pluggables	sku ^ONS-(S[CEI]\+?-|XC-|XE-|GC-|GX-|QC-|CC-|CCC-|CPAK-|CXP2?-(?!MPO)|QSFP|QSP28|CFP2|C2-WDM-)							
ONS-XC-10G-42.9=	OC-192/STM-64/10GE, XFP, 1542.94, 100 GHz, LC	Network Convergence System 2000 Series	pluggable	layered	Optical networking pluggables (ONS / NCS 2000)	(none)	ONS 15454 / NCS 2000 pluggables	sku ^ONS-(S[CEI]\+?-|XC-|XE-|GC-|GX-|QC-|CC-|CCC-|CPAK-|CXP2?-(?!MPO)|QSFP|QSP28|CFP2|C2-WDM-)							
ONS-XC-10G-43.7=	OC-192/STM-64/10GE, XFP, 1543.73, 100 GHz, LC	Network Convergence System 2000 Series	pluggable	layered	Optical networking pluggables (ONS / NCS 2000)	(none)	ONS 15454 / NCS 2000 pluggables	sku ^ONS-(S[CEI]\+?-|XC-|XE-|GC-|GX-|QC-|CC-|CCC-|CPAK-|CXP2?-(?!MPO)|QSFP|QSP28|CFP2|C2-WDM-)							
ONS-XC-10G-44.5=	OC-192/STM-64/10GE, XFP, 1544.53, 100 GHz, LC	Network Convergence System 2000 Series	pluggable	layered	Optical networking pluggables (ONS / NCS 2000)	(none)	ONS 15454 / NCS 2000 pluggables	sku ^ONS-(S[CEI]\+?-|XC-|XE-|GC-|GX-|QC-|CC-|CCC-|CPAK-|CXP2?-(?!MPO)|QSFP|QSP28|CFP2|C2-WDM-)							
ONS-XC-10G-45.3=	OC-192/STM-64/10GE, XFP, 1545.32, 100 GHz, LC	Network Convergence System 2000 Series	pluggable	layered	Optical networking pluggables (ONS / NCS 2000)	(none)	ONS 15454 / NCS 2000 pluggables	sku ^ONS-(S[CEI]\+?-|XC-|XE-|GC-|GX-|QC-|CC-|CCC-|CPAK-|CXP2?-(?!MPO)|QSFP|QSP28|CFP2|C2-WDM-)							
ONS-XC-10G-46.1=	OC-192/STM-64/10GE, XFP, 1546.12, 100 GHz, LC	Network Convergence System 2000 Series	pluggable	layered	Optical networking pluggables (ONS / NCS 2000)	(none)	ONS 15454 / NCS 2000 pluggables	sku ^ONS-(S[CEI]\+?-|XC-|XE-|GC-|GX-|QC-|CC-|CCC-|CPAK-|CXP2?-(?!MPO)|QSFP|QSP28|CFP2|C2-WDM-)							
ONS-XC-10G-46.9=	OC-192/STM-64/10GE, XFP, 1546.92, 100 GHz, LC	Network Convergence System 2000 Series	pluggable	layered	Optical networking pluggables (ONS / NCS 2000)	(none)	ONS 15454 / NCS 2000 pluggables	sku ^ONS-(S[CEI]\+?-|XC-|XE-|GC-|GX-|QC-|CC-|CCC-|CPAK-|CXP2?-(?!MPO)|QSFP|QSP28|CFP2|C2-WDM-)							
ONS-XC-10G-47.7=	OC-192/STM-64/10GE, XFP, 1547.72, 100 GHz, LC	Network Convergence System 2000 Series	pluggable	layered	Optical networking pluggables (ONS / NCS 2000)	(none)	ONS 15454 / NCS 2000 pluggables	sku ^ONS-(S[CEI]\+?-|XC-|XE-|GC-|GX-|QC-|CC-|CCC-|CPAK-|CXP2?-(?!MPO)|QSFP|QSP28|CFP2|C2-WDM-)							
ONS-XC-10G-48.5=	OC-192/STM-64/10GE, XFP, 1548.51, 100 GHz, LC	Network Convergence System 2000 Series	pluggable	layered	Optical networking pluggables (ONS / NCS 2000)	(none)	ONS 15454 / NCS 2000 pluggables	sku ^ONS-(S[CEI]\+?-|XC-|XE-|GC-|GX-|QC-|CC-|CCC-|CPAK-|CXP2?-(?!MPO)|QSFP|QSP28|CFP2|C2-WDM-)							
ONS-XC-10G-49.3=	OC-192/STM-64/10GE, XFP, 1549.32, 100 GHz, LC	Network Convergence System 2000 Series	pluggable	layered	Optical networking pluggables (ONS / NCS 2000)	(none)	ONS 15454 / NCS 2000 pluggables	sku ^ONS-(S[CEI]\+?-|XC-|XE-|GC-|GX-|QC-|CC-|CCC-|CPAK-|CXP2?-(?!MPO)|QSFP|QSP28|CFP2|C2-WDM-)							
ONS-XC-10G-50.1=	OC-192/STM-64/10GE, XFP, 1550.12, 100 GHz, LC	Network Convergence System 2000 Series	pluggable	layered	Optical networking pluggables (ONS / NCS 2000)	(none)	ONS 15454 / NCS 2000 pluggables	sku ^ONS-(S[CEI]\+?-|XC-|XE-|GC-|GX-|QC-|CC-|CCC-|CPAK-|CXP2?-(?!MPO)|QSFP|QSP28|CFP2|C2-WDM-)							
ONS-XC-10G-50.9=	OC-192/STM-64/10GE, XFP, 1550.92, 100 GHz, LC	Network Convergence System 2000 Series	pluggable	layered	Optical networking pluggables (ONS / NCS 2000)	(none)	ONS 15454 / NCS 2000 pluggables	sku ^ONS-(S[CEI]\+?-|XC-|XE-|GC-|GX-|QC-|CC-|CCC-|CPAK-|CXP2?-(?!MPO)|QSFP|QSP28|CFP2|C2-WDM-)							
ONS-XC-10G-51.7=	OC-192/STM-64/10GE, XFP, 1551.72, 100 GHz, LC	Network Convergence System 2000 Series	pluggable	layered	Optical networking pluggables (ONS / NCS 2000)	(none)	ONS 15454 / NCS 2000 pluggables	sku ^ONS-(S[CEI]\+?-|XC-|XE-|GC-|GX-|QC-|CC-|CCC-|CPAK-|CXP2?-(?!MPO)|QSFP|QSP28|CFP2|C2-WDM-)							
ONS-XC-10G-52.5=	OC-192/STM-64/10GE, XFP, 1552.52, 100 GHz, LC	Network Convergence System 2000 Series	pluggable	layered	Optical networking pluggables (ONS / NCS 2000)	(none)	ONS 15454 / NCS 2000 pluggables	sku ^ONS-(S[CEI]\+?-|XC-|XE-|GC-|GX-|QC-|CC-|CCC-|CPAK-|CXP2?-(?!MPO)|QSFP|QSP28|CFP2|C2-WDM-)							
ONS-XC-10G-53.3=	OC-192/STM-64/10GE, XFP, 1553.33, 100 GHz, LC	Network Convergence System 2000 Series	pluggable	layered	Optical networking pluggables (ONS / NCS 2000)	(none)	ONS 15454 / NCS 2000 pluggables	sku ^ONS-(S[CEI]\+?-|XC-|XE-|GC-|GX-|QC-|CC-|CCC-|CPAK-|CXP2?-(?!MPO)|QSFP|QSP28|CFP2|C2-WDM-)							
ONS-XC-10G-54.1=	OC-192/STM-64/10GE, XFP, 1554.13, 100 GHz, LC	Network Convergence System 2000 Series	pluggable	layered	Optical networking pluggables (ONS / NCS 2000)	(none)	ONS 15454 / NCS 2000 pluggables	sku ^ONS-(S[CEI]\+?-|XC-|XE-|GC-|GX-|QC-|CC-|CCC-|CPAK-|CXP2?-(?!MPO)|QSFP|QSP28|CFP2|C2-WDM-)							
ONS-XC-10G-54.9=	OC-192/STM-64/10GE, XFP, 1554.94, 100 GHz, LC	Network Convergence System 2000 Series	pluggable	layered	Optical networking pluggables (ONS / NCS 2000)	(none)	ONS 15454 / NCS 2000 pluggables	sku ^ONS-(S[CEI]\+?-|XC-|XE-|GC-|GX-|QC-|CC-|CCC-|CPAK-|CXP2?-(?!MPO)|QSFP|QSP28|CFP2|C2-WDM-)							
ONS-XC-10G-55.7=	OC-192/STM-64/10GE, XFP, 1555.75, 100 GHz, LC	Network Convergence System 2000 Series	pluggable	layered	Optical networking pluggables (ONS / NCS 2000)	(none)	ONS 15454 / NCS 2000 pluggables	sku ^ONS-(S[CEI]\+?-|XC-|XE-|GC-|GX-|QC-|CC-|CCC-|CPAK-|CXP2?-(?!MPO)|QSFP|QSP28|CFP2|C2-WDM-)							
ONS-XC-10G-56.5=	OC-192/STM-64/10GE, XFP, 1556.55, 100 GHz, LC	Network Convergence System 2000 Series	pluggable	layered	Optical networking pluggables (ONS / NCS 2000)	(none)	ONS 15454 / NCS 2000 pluggables	sku ^ONS-(S[CEI]\+?-|XC-|XE-|GC-|GX-|QC-|CC-|CCC-|CPAK-|CXP2?-(?!MPO)|QSFP|QSP28|CFP2|C2-WDM-)							
ONS-XC-10G-57.3=	OC-192/STM-64/10GE, XFP, 1557.36, 100 GHz, LC	Network Convergence System 2000 Series	pluggable	layered	Optical networking pluggables (ONS / NCS 2000)	(none)	ONS 15454 / NCS 2000 pluggables	sku ^ONS-(S[CEI]\+?-|XC-|XE-|GC-|GX-|QC-|CC-|CCC-|CPAK-|CXP2?-(?!MPO)|QSFP|QSP28|CFP2|C2-WDM-)							
ONS-XC-10G-58.1=	OC-192/STM-64/10GE, XFP, 1558.17, 100 GHz, LC	Network Convergence System 2000 Series	pluggable	layered	Optical networking pluggables (ONS / NCS 2000)	(none)	ONS 15454 / NCS 2000 pluggables	sku ^ONS-(S[CEI]\+?-|XC-|XE-|GC-|GX-|QC-|CC-|CCC-|CPAK-|CXP2?-(?!MPO)|QSFP|QSP28|CFP2|C2-WDM-)							
ONS-XC-10G-58.9=	OC-192/STM-64/10GE, XFP, 1558.98, 100 GHz, LC	Network Convergence System 2000 Series	pluggable	layered	Optical networking pluggables (ONS / NCS 2000)	(none)	ONS 15454 / NCS 2000 pluggables	sku ^ONS-(S[CEI]\+?-|XC-|XE-|GC-|GX-|QC-|CC-|CCC-|CPAK-|CXP2?-(?!MPO)|QSFP|QSP28|CFP2|C2-WDM-)							
ONS-XC-10G-59.7=	OC-192/STM-64/10GE, XFP, 1559.79, 100 GHz, LC	Network Convergence System 2000 Series	pluggable	layered	Optical networking pluggables (ONS / NCS 2000)	(none)	ONS 15454 / NCS 2000 pluggables	sku ^ONS-(S[CEI]\+?-|XC-|XE-|GC-|GX-|QC-|CC-|CCC-|CPAK-|CXP2?-(?!MPO)|QSFP|QSP28|CFP2|C2-WDM-)							
ONS-XC-10G-60.6=	OC-192/STM-64/10GE, XFP, 1560.61, 100 GHz, LC	Network Convergence System 2000 Series	pluggable	layered	Optical networking pluggables (ONS / NCS 2000)	(none)	ONS 15454 / NCS 2000 pluggables	sku ^ONS-(S[CEI]\+?-|XC-|XE-|GC-|GX-|QC-|CC-|CCC-|CPAK-|CXP2?-(?!MPO)|QSFP|QSP28|CFP2|C2-WDM-)							
ONS-XC-10G-61.4=	OC-192/STM-64/10GE, XFP, 1561.43, 100 GHz, LC	Network Convergence System 2000 Series	pluggable	layered	Optical networking pluggables (ONS / NCS 2000)	(none)	ONS 15454 / NCS 2000 pluggables	sku ^ONS-(S[CEI]\+?-|XC-|XE-|GC-|GX-|QC-|CC-|CCC-|CPAK-|CXP2?-(?!MPO)|QSFP|QSP28|CFP2|C2-WDM-)							
ONS-XC-10G-96C=	XFP - 10G 96 ch Full C Band Tuneable DWDM XFP, 50 Ghz, LC	Network Convergence System 2000 Series	tunable	layered	Optical networking pluggables (ONS / NCS 2000)	(none)	ONS 15454 / NCS 2000 pluggables	sku ^ONS-(S[CEI]\+?-|XC-|XE-|GC-|GX-|QC-|CC-|CCC-|CPAK-|CXP2?-(?!MPO)|QSFP|QSP28|CFP2|C2-WDM-)							
ONS-XC-10G-C	XFP -10G MultiRate Full C Band Tuneable DWDM, 50 Ghz, LC	ONS 15454 Series Multiservice Transport Platforms	tunable	layered	Optical networking pluggables (ONS / NCS 2000)	(none)	ONS 15454 / NCS 2000 pluggables	sku ^ONS-(S[CEI]\+?-|XC-|XE-|GC-|GX-|QC-|CC-|CCC-|CPAK-|CXP2?-(?!MPO)|QSFP|QSP28|CFP2|C2-WDM-)							
ONS-XC-10G-C=	XFP -10G MultiRate Full C Band Tuneable DWDM XFP, 50 Ghz, LC	ONS 15454 Series Multiservice Transport Platforms	tunable	layered	Optical networking pluggables (ONS / NCS 2000)	(none)	ONS 15454 / NCS 2000 pluggables	sku ^ONS-(S[CEI]\+?-|XC-|XE-|GC-|GX-|QC-|CC-|CCC-|CPAK-|CXP2?-(?!MPO)|QSFP|QSP28|CFP2|C2-WDM-)							
ONS-XC-10G-EP30.3=	10G MR, XFP, Edge Performance 1530.33, 100 GHz, LC	Network Convergence System 2000 Series	pluggable	layered	Optical networking pluggables (ONS / NCS 2000)	(none)	ONS 15454 / NCS 2000 pluggables	sku ^ONS-(S[CEI]\+?-|XC-|XE-|GC-|GX-|QC-|CC-|CCC-|CPAK-|CXP2?-(?!MPO)|QSFP|QSP28|CFP2|C2-WDM-)							
ONS-XC-10G-EP31.1=	10G MR, XFP, Edge Performance 1531.12, 100 GHz, LC	Network Convergence System 2000 Series	pluggable	layered	Optical networking pluggables (ONS / NCS 2000)	(none)	ONS 15454 / NCS 2000 pluggables	sku ^ONS-(S[CEI]\+?-|XC-|XE-|GC-|GX-|QC-|CC-|CCC-|CPAK-|CXP2?-(?!MPO)|QSFP|QSP28|CFP2|C2-WDM-)							
ONS-XC-10G-EP31.9=	10G MR, XFP, Edge Performance 1531.90, 100 GHz, LC	Network Convergence System 2000 Series	pluggable	layered	Optical networking pluggables (ONS / NCS 2000)	(none)	ONS 15454 / NCS 2000 pluggables	sku ^ONS-(S[CEI]\+?-|XC-|XE-|GC-|GX-|QC-|CC-|CCC-|CPAK-|CXP2?-(?!MPO)|QSFP|QSP28|CFP2|C2-WDM-)							
ONS-XC-10G-EP32.6=	10G MR, XFP, Edge Performance 1532.68, 100 GHz, LC	Network Convergence System 2000 Series	pluggable	layered	Optical networking pluggables (ONS / NCS 2000)	(none)	ONS 15454 / NCS 2000 pluggables	sku ^ONS-(S[CEI]\+?-|XC-|XE-|GC-|GX-|QC-|CC-|CCC-|CPAK-|CXP2?-(?!MPO)|QSFP|QSP28|CFP2|C2-WDM-)							
ONS-XC-10G-EP33.4=	10G MR, XFP, Edge Performance 1533.47, 100 GHz, LC	Network Convergence System 2000 Series	pluggable	layered	Optical networking pluggables (ONS / NCS 2000)	(none)	ONS 15454 / NCS 2000 pluggables	sku ^ONS-(S[CEI]\+?-|XC-|XE-|GC-|GX-|QC-|CC-|CCC-|CPAK-|CXP2?-(?!MPO)|QSFP|QSP28|CFP2|C2-WDM-)							
ONS-XC-10G-EP34.2=	10G MR, XFP, Edge Performance 1534.25, 100 GHz, LC	Network Convergence System 2000 Series	pluggable	layered	Optical networking pluggables (ONS / NCS 2000)	(none)	ONS 15454 / NCS 2000 pluggables	sku ^ONS-(S[CEI]\+?-|XC-|XE-|GC-|GX-|QC-|CC-|CCC-|CPAK-|CXP2?-(?!MPO)|QSFP|QSP28|CFP2|C2-WDM-)							
ONS-XC-10G-EP35.0=	10G MR, XFP, Edge Performance 1535.04, 100 GHz, LC	Network Convergence System 2000 Series	pluggable	layered	Optical networking pluggables (ONS / NCS 2000)	(none)	ONS 15454 / NCS 2000 pluggables	sku ^ONS-(S[CEI]\+?-|XC-|XE-|GC-|GX-|QC-|CC-|CCC-|CPAK-|CXP2?-(?!MPO)|QSFP|QSP28|CFP2|C2-WDM-)							
ONS-XC-10G-EP35.8=	10G MR, XFP, Edge Performance 1535.82, 100 GHz, LC	Network Convergence System 2000 Series	pluggable	layered	Optical networking pluggables (ONS / NCS 2000)	(none)	ONS 15454 / NCS 2000 pluggables	sku ^ONS-(S[CEI]\+?-|XC-|XE-|GC-|GX-|QC-|CC-|CCC-|CPAK-|CXP2?-(?!MPO)|QSFP|QSP28|CFP2|C2-WDM-)							
ONS-XC-10G-EP36.6=	10G MR, XFP, Edge Performance 1536.61, 100 GHz, LC	Network Convergence System 2000 Series	pluggable	layered	Optical networking pluggables (ONS / NCS 2000)	(none)	ONS 15454 / NCS 2000 pluggables	sku ^ONS-(S[CEI]\+?-|XC-|XE-|GC-|GX-|QC-|CC-|CCC-|CPAK-|CXP2?-(?!MPO)|QSFP|QSP28|CFP2|C2-WDM-)							
ONS-XC-10G-EP37.4=	10G MR, XFP, Edge Performance 1537.40, 100 GHz, LC	Network Convergence System 2000 Series	pluggable	layered	Optical networking pluggables (ONS / NCS 2000)	(none)	ONS 15454 / NCS 2000 pluggables	sku ^ONS-(S[CEI]\+?-|XC-|XE-|GC-|GX-|QC-|CC-|CCC-|CPAK-|CXP2?-(?!MPO)|QSFP|QSP28|CFP2|C2-WDM-)							
ONS-XC-10G-EP38.1=	10G MR, XFP, Edge Performance 1538.19, 100 GHz, LC	Network Convergence System 2000 Series	pluggable	layered	Optical networking pluggables (ONS / NCS 2000)	(none)	ONS 15454 / NCS 2000 pluggables	sku ^ONS-(S[CEI]\+?-|XC-|XE-|GC-|GX-|QC-|CC-|CCC-|CPAK-|CXP2?-(?!MPO)|QSFP|QSP28|CFP2|C2-WDM-)							
ONS-XC-10G-EP38.9=	10G MR, XFP, Edge Performance 1538.98, 100 GHz, LC	Network Convergence System 2000 Series	pluggable	layered	Optical networking pluggables (ONS / NCS 2000)	(none)	ONS 15454 / NCS 2000 pluggables	sku ^ONS-(S[CEI]\+?-|XC-|XE-|GC-|GX-|QC-|CC-|CCC-|CPAK-|CXP2?-(?!MPO)|QSFP|QSP28|CFP2|C2-WDM-)							
ONS-XC-10G-EP39.7=	10G MR, XFP, Edge Performance 1539.77, 100 GHz, LC	Network Convergence System 2000 Series	pluggable	layered	Optical networking pluggables (ONS / NCS 2000)	(none)	ONS 15454 / NCS 2000 pluggables	sku ^ONS-(S[CEI]\+?-|XC-|XE-|GC-|GX-|QC-|CC-|CCC-|CPAK-|CXP2?-(?!MPO)|QSFP|QSP28|CFP2|C2-WDM-)							
ONS-XC-10G-EP40.5=	10G MR, XFP, Edge Performance 1540.56, 100 GHz, LC	Network Convergence System 2000 Series	pluggable	layered	Optical networking pluggables (ONS / NCS 2000)	(none)	ONS 15454 / NCS 2000 pluggables	sku ^ONS-(S[CEI]\+?-|XC-|XE-|GC-|GX-|QC-|CC-|CCC-|CPAK-|CXP2?-(?!MPO)|QSFP|QSP28|CFP2|C2-WDM-)							
ONS-XC-10G-EP41.3=	10G MR, XFP, Edge Performance 1541.35, 100 GHz, LC	Network Convergence System 2000 Series	pluggable	layered	Optical networking pluggables (ONS / NCS 2000)	(none)	ONS 15454 / NCS 2000 pluggables	sku ^ONS-(S[CEI]\+?-|XC-|XE-|GC-|GX-|QC-|CC-|CCC-|CPAK-|CXP2?-(?!MPO)|QSFP|QSP28|CFP2|C2-WDM-)							
ONS-XC-10G-EP42.1=	10G MR, XFP, Edge Performance 1542.14, 100 GHz, LC	Network Convergence System 2000 Series	pluggable	layered	Optical networking pluggables (ONS / NCS 2000)	(none)	ONS 15454 / NCS 2000 pluggables	sku ^ONS-(S[CEI]\+?-|XC-|XE-|GC-|GX-|QC-|CC-|CCC-|CPAK-|CXP2?-(?!MPO)|QSFP|QSP28|CFP2|C2-WDM-)							
ONS-XC-10G-EP42.9=	10G MR, XFP, Edge Performance 1542.94, 100 GHz, LC	Network Convergence System 2000 Series	pluggable	layered	Optical networking pluggables (ONS / NCS 2000)	(none)	ONS 15454 / NCS 2000 pluggables	sku ^ONS-(S[CEI]\+?-|XC-|XE-|GC-|GX-|QC-|CC-|CCC-|CPAK-|CXP2?-(?!MPO)|QSFP|QSP28|CFP2|C2-WDM-)							
ONS-XC-10G-EP43.7=	10G MR, XFP, Edge Performance 1543.73, 100 GHz, LC	Network Convergence System 2000 Series	pluggable	layered	Optical networking pluggables (ONS / NCS 2000)	(none)	ONS 15454 / NCS 2000 pluggables	sku ^ONS-(S[CEI]\+?-|XC-|XE-|GC-|GX-|QC-|CC-|CCC-|CPAK-|CXP2?-(?!MPO)|QSFP|QSP28|CFP2|C2-WDM-)							
ONS-XC-10G-EP44.5=	10G MR, XFP, Edge Performance 1544.53, 100 GHz, LC	Network Convergence System 2000 Series	pluggable	layered	Optical networking pluggables (ONS / NCS 2000)	(none)	ONS 15454 / NCS 2000 pluggables	sku ^ONS-(S[CEI]\+?-|XC-|XE-|GC-|GX-|QC-|CC-|CCC-|CPAK-|CXP2?-(?!MPO)|QSFP|QSP28|CFP2|C2-WDM-)							
ONS-XC-10G-EP45.3=	10G MR, XFP, Edge Performance 1545.32, 100 GHz, LC	Network Convergence System 2000 Series	pluggable	layered	Optical networking pluggables (ONS / NCS 2000)	(none)	ONS 15454 / NCS 2000 pluggables	sku ^ONS-(S[CEI]\+?-|XC-|XE-|GC-|GX-|QC-|CC-|CCC-|CPAK-|CXP2?-(?!MPO)|QSFP|QSP28|CFP2|C2-WDM-)							
ONS-XC-10G-EP46.1=	10G MR, XFP, Edge Performance 1546.12, 100 GHz, LC	Network Convergence System 2000 Series	pluggable	layered	Optical networking pluggables (ONS / NCS 2000)	(none)	ONS 15454 / NCS 2000 pluggables	sku ^ONS-(S[CEI]\+?-|XC-|XE-|GC-|GX-|QC-|CC-|CCC-|CPAK-|CXP2?-(?!MPO)|QSFP|QSP28|CFP2|C2-WDM-)							
ONS-XC-10G-EP46.9=	10G MR, XFP, Edge Performance 1546.92, 100 GHz, LC	Network Convergence System 2000 Series	pluggable	layered	Optical networking pluggables (ONS / NCS 2000)	(none)	ONS 15454 / NCS 2000 pluggables	sku ^ONS-(S[CEI]\+?-|XC-|XE-|GC-|GX-|QC-|CC-|CCC-|CPAK-|CXP2?-(?!MPO)|QSFP|QSP28|CFP2|C2-WDM-)							
ONS-XC-10G-EP47.7=	10G MR, XFP, Edge Performance 1547.72, 100 GHz, LC	Network Convergence System 2000 Series	pluggable	layered	Optical networking pluggables (ONS / NCS 2000)	(none)	ONS 15454 / NCS 2000 pluggables	sku ^ONS-(S[CEI]\+?-|XC-|XE-|GC-|GX-|QC-|CC-|CCC-|CPAK-|CXP2?-(?!MPO)|QSFP|QSP28|CFP2|C2-WDM-)							
ONS-XC-10G-EP48.5=	10G MR, XFP, Edge Performance 1548.51, 100 GHz, LC	Network Convergence System 2000 Series	pluggable	layered	Optical networking pluggables (ONS / NCS 2000)	(none)	ONS 15454 / NCS 2000 pluggables	sku ^ONS-(S[CEI]\+?-|XC-|XE-|GC-|GX-|QC-|CC-|CCC-|CPAK-|CXP2?-(?!MPO)|QSFP|QSP28|CFP2|C2-WDM-)							
ONS-XC-10G-EP49.3=	10G MR, XFP, Edge Performance 1549.32, 100 GHz, LC	Network Convergence System 2000 Series	pluggable	layered	Optical networking pluggables (ONS / NCS 2000)	(none)	ONS 15454 / NCS 2000 pluggables	sku ^ONS-(S[CEI]\+?-|XC-|XE-|GC-|GX-|QC-|CC-|CCC-|CPAK-|CXP2?-(?!MPO)|QSFP|QSP28|CFP2|C2-WDM-)							
ONS-XC-10G-EP50.1=	10G MR, XFP, Edge Performance 1550.12, 100 GHz, LC	Network Convergence System 2000 Series	pluggable	layered	Optical networking pluggables (ONS / NCS 2000)	(none)	ONS 15454 / NCS 2000 pluggables	sku ^ONS-(S[CEI]\+?-|XC-|XE-|GC-|GX-|QC-|CC-|CCC-|CPAK-|CXP2?-(?!MPO)|QSFP|QSP28|CFP2|C2-WDM-)							
ONS-XC-10G-EP50.9=	10G MR, XFP, Edge Performance 1550.92, 100 GHz, LC	Network Convergence System 2000 Series	pluggable	layered	Optical networking pluggables (ONS / NCS 2000)	(none)	ONS 15454 / NCS 2000 pluggables	sku ^ONS-(S[CEI]\+?-|XC-|XE-|GC-|GX-|QC-|CC-|CCC-|CPAK-|CXP2?-(?!MPO)|QSFP|QSP28|CFP2|C2-WDM-)							
ONS-XC-10G-EP51.7=	10G MR, XFP, Edge Performance 1551.72, 100 GHz, LC	Network Convergence System 2000 Series	pluggable	layered	Optical networking pluggables (ONS / NCS 2000)	(none)	ONS 15454 / NCS 2000 pluggables	sku ^ONS-(S[CEI]\+?-|XC-|XE-|GC-|GX-|QC-|CC-|CCC-|CPAK-|CXP2?-(?!MPO)|QSFP|QSP28|CFP2|C2-WDM-)							
ONS-XC-10G-EP52.5=	10G MR, XFP, Edge Performance 1552.52, 100 GHz, LC	Network Convergence System 2000 Series	pluggable	layered	Optical networking pluggables (ONS / NCS 2000)	(none)	ONS 15454 / NCS 2000 pluggables	sku ^ONS-(S[CEI]\+?-|XC-|XE-|GC-|GX-|QC-|CC-|CCC-|CPAK-|CXP2?-(?!MPO)|QSFP|QSP28|CFP2|C2-WDM-)							
ONS-XC-10G-EP53.3=	10G MR, XFP, Edge Performance 1553.33, 100 GHz, LC	Network Convergence System 2000 Series	pluggable	layered	Optical networking pluggables (ONS / NCS 2000)	(none)	ONS 15454 / NCS 2000 pluggables	sku ^ONS-(S[CEI]\+?-|XC-|XE-|GC-|GX-|QC-|CC-|CCC-|CPAK-|CXP2?-(?!MPO)|QSFP|QSP28|CFP2|C2-WDM-)							
ONS-XC-10G-EP54.1=	10G MR, XFP, Edge Performance 1554.13, 100 GHz, LC	Network Convergence System 2000 Series	pluggable	layered	Optical networking pluggables (ONS / NCS 2000)	(none)	ONS 15454 / NCS 2000 pluggables	sku ^ONS-(S[CEI]\+?-|XC-|XE-|GC-|GX-|QC-|CC-|CCC-|CPAK-|CXP2?-(?!MPO)|QSFP|QSP28|CFP2|C2-WDM-)							
ONS-XC-10G-EP54.9=	10G MR, XFP, Edge Performance 1554.94, 100 GHz, LC	Network Convergence System 2000 Series	pluggable	layered	Optical networking pluggables (ONS / NCS 2000)	(none)	ONS 15454 / NCS 2000 pluggables	sku ^ONS-(S[CEI]\+?-|XC-|XE-|GC-|GX-|QC-|CC-|CCC-|CPAK-|CXP2?-(?!MPO)|QSFP|QSP28|CFP2|C2-WDM-)							
ONS-XC-10G-EP55.7=	10G MR, XFP, Edge Performance 1555.75, 100 GHz, LC	Network Convergence System 2000 Series	pluggable	layered	Optical networking pluggables (ONS / NCS 2000)	(none)	ONS 15454 / NCS 2000 pluggables	sku ^ONS-(S[CEI]\+?-|XC-|XE-|GC-|GX-|QC-|CC-|CCC-|CPAK-|CXP2?-(?!MPO)|QSFP|QSP28|CFP2|C2-WDM-)							
ONS-XC-10G-EP56.5=	10G MR, XFP, Edge Performance 1556.55, 100 GHz, LC	Network Convergence System 2000 Series	pluggable	layered	Optical networking pluggables (ONS / NCS 2000)	(none)	ONS 15454 / NCS 2000 pluggables	sku ^ONS-(S[CEI]\+?-|XC-|XE-|GC-|GX-|QC-|CC-|CCC-|CPAK-|CXP2?-(?!MPO)|QSFP|QSP28|CFP2|C2-WDM-)							
ONS-XC-10G-EP57.3=	10G MR, XFP, Edge Performance 1557.36, 100 GHz, LC	Network Convergence System 2000 Series	pluggable	layered	Optical networking pluggables (ONS / NCS 2000)	(none)	ONS 15454 / NCS 2000 pluggables	sku ^ONS-(S[CEI]\+?-|XC-|XE-|GC-|GX-|QC-|CC-|CCC-|CPAK-|CXP2?-(?!MPO)|QSFP|QSP28|CFP2|C2-WDM-)							
ONS-XC-10G-EP58.1=	10G MR, XFP, Edge Performance 1558.17, 100 GHz, LC	Network Convergence System 2000 Series	pluggable	layered	Optical networking pluggables (ONS / NCS 2000)	(none)	ONS 15454 / NCS 2000 pluggables	sku ^ONS-(S[CEI]\+?-|XC-|XE-|GC-|GX-|QC-|CC-|CCC-|CPAK-|CXP2?-(?!MPO)|QSFP|QSP28|CFP2|C2-WDM-)							
ONS-XC-10G-EP58.9=	10G MR, XFP, Edge Performance 1558.98, 100 GHz, LC	Network Convergence System 2000 Series	pluggable	layered	Optical networking pluggables (ONS / NCS 2000)	(none)	ONS 15454 / NCS 2000 pluggables	sku ^ONS-(S[CEI]\+?-|XC-|XE-|GC-|GX-|QC-|CC-|CCC-|CPAK-|CXP2?-(?!MPO)|QSFP|QSP28|CFP2|C2-WDM-)							
ONS-XC-10G-EP59.7=	10G MR, XFP, Edge Performance 1559.79, 100 GHz, LC	Network Convergence System 2000 Series	pluggable	layered	Optical networking pluggables (ONS / NCS 2000)	(none)	ONS 15454 / NCS 2000 pluggables	sku ^ONS-(S[CEI]\+?-|XC-|XE-|GC-|GX-|QC-|CC-|CCC-|CPAK-|CXP2?-(?!MPO)|QSFP|QSP28|CFP2|C2-WDM-)							
ONS-XC-10G-EP60.6=	10G MR, XFP, Edge Performance 1560.61, 100 GHz, LC	Network Convergence System 2000 Series	pluggable	layered	Optical networking pluggables (ONS / NCS 2000)	(none)	ONS 15454 / NCS 2000 pluggables	sku ^ONS-(S[CEI]\+?-|XC-|XE-|GC-|GX-|QC-|CC-|CCC-|CPAK-|CXP2?-(?!MPO)|QSFP|QSP28|CFP2|C2-WDM-)							
ONS-XC-10G-EP61.4=	10G MR, XFP, Edge Performance 1561.43, 100 GHz, LC	Network Convergence System 2000 Series	pluggable	layered	Optical networking pluggables (ONS / NCS 2000)	(none)	ONS 15454 / NCS 2000 pluggables	sku ^ONS-(S[CEI]\+?-|XC-|XE-|GC-|GX-|QC-|CC-|CCC-|CPAK-|CXP2?-(?!MPO)|QSFP|QSP28|CFP2|C2-WDM-)							
ONS-XC-10G-EPxx.x=	10G MR, XFP,Edge Performance 15xx.xx (see Table 6), 100 GHz, LC	ONS 15454 Series Multiservice Transport Platforms	pluggable	pending_plan								class non_product			
ONS-XC-10G-EPxx.y=	10GBASE-DWDM single wavelength Edge Performance XFP (100-GHz ITU grid), dual LC connector, 50-km reach – 40 individual wavelength pluggable modules	ASR 900	pluggable	pending_plan								class non_product			
ONS-XC-10G-I2=	OC-192/STM-64 IR2/10 GE XFP optics module, intermediate-reach, 1550-nm, single-mode, LC connector	ONS 15454 Series Multiservice Transport Platforms	pluggable	layered	Optical networking pluggables (ONS / NCS 2000)	(none)	ONS 15454 / NCS 2000 pluggables	sku ^ONS-(S[CEI]\+?-|XC-|XE-|GC-|GX-|QC-|CC-|CCC-|CPAK-|CXP2?-(?!MPO)|QSFP|QSP28|CFP2|C2-WDM-)							
ONS-XC-10G-L2=	OC-192/STM-64 XFP optics module, long-reach, 1550-nm, single-mode, LC connector (see NOTE)	Network Convergence System 2000 Series	pluggable	layered	Optical networking pluggables (ONS / NCS 2000)	(none)	ONS 15454 / NCS 2000 pluggables	sku ^ONS-(S[CEI]\+?-|XC-|XE-|GC-|GX-|QC-|CC-|CCC-|CPAK-|CXP2?-(?!MPO)|QSFP|QSP28|CFP2|C2-WDM-)							
ONS-XC-10G-S1=	OC-192/STM-64/10 GE/10-Gbps Fibre Channel XFP optics module, short-reach, 1310-nm, single-mode, LC connector	ONS 15454 Series Multiservice Transport Platforms	pluggable	layered	Optical networking pluggables (ONS / NCS 2000)	(none)	ONS 15454 / NCS 2000 pluggables	sku ^ONS-(S[CEI]\+?-|XC-|XE-|GC-|GX-|QC-|CC-|CCC-|CPAK-|CXP2?-(?!MPO)|QSFP|QSP28|CFP2|C2-WDM-)							
ONS-XC-10G-SR-MM=	10 GE/10-Gbps Fibre Channel XFP optics module, short-reach, 850-nm, multimode, LC connector	ONS 15454 Series Multiservice Transport Platforms	pluggable	layered	Optical networking pluggables (ONS / NCS 2000)	(none)	ONS 15454 / NCS 2000 pluggables	sku ^ONS-(S[CEI]\+?-|XC-|XE-|GC-|GX-|QC-|CC-|CCC-|CPAK-|CXP2?-(?!MPO)|QSFP|QSP28|CFP2|C2-WDM-)							
ONS-XC-10G-xx.x=	OC-192/STM64/10 Gigabit Ethernet, XFP, 15xx.xx (see Table 6), 100 GHz, LC	ONS 15454 Series Multiservice Transport Platforms	pluggable	pending_plan								class non_product			
ONS-XC-8G-FC-MM=	8G FC XFP MM	Network Convergence System 2000 Series	pluggable	layered	Optical networking pluggables (ONS / NCS 2000)	(none)	ONS 15454 / NCS 2000 pluggables	sku ^ONS-(S[CEI]\+?-|XC-|XE-|GC-|GX-|QC-|CC-|CCC-|CPAK-|CXP2?-(?!MPO)|QSFP|QSP28|CFP2|C2-WDM-)							
ONS-XC-8G-FC-SM=	8G FC XFP SM	Network Convergence System 2000 Series	pluggable	layered	Optical networking pluggables (ONS / NCS 2000)	(none)	ONS 15454 / NCS 2000 pluggables	sku ^ONS-(S[CEI]\+?-|XC-|XE-|GC-|GX-|QC-|CC-|CCC-|CPAK-|CXP2?-(?!MPO)|QSFP|QSP28|CFP2|C2-WDM-)							
ONS-XC-8G-MM=	Cisco ONS-XC-8G-MM=	ONS 15454 Series Multiservice Transport Platforms	pluggable	layered	Optical networking pluggables (ONS / NCS 2000)	(none)	ONS 15454 / NCS 2000 pluggables	sku ^ONS-(S[CEI]\+?-|XC-|XE-|GC-|GX-|QC-|CC-|CCC-|CPAK-|CXP2?-(?!MPO)|QSFP|QSP28|CFP2|C2-WDM-)							
ONS-XC-8G-SM=	Cisco ONS-XC-8G-SM=	ONS 15454 Series Multiservice Transport Platforms	pluggable	layered	Optical networking pluggables (ONS / NCS 2000)	(none)	ONS 15454 / NCS 2000 pluggables	sku ^ONS-(S[CEI]\+?-|XC-|XE-|GC-|GX-|QC-|CC-|CCC-|CPAK-|CXP2?-(?!MPO)|QSFP|QSP28|CFP2|C2-WDM-)							
OSFP-2X400G-FR4	Cisco OSFP-2X400G-FR4 2×400GBASE-FR4 OSFP — CWDM Singlemode, Dual Duplex LC, 2 km, VDM	Cisco	pluggable	layered	Ethernet transceivers	(none)	800G OSFP / QSFP-DD800	sku ^OSFPR?-							
OSFP-800G-DR8	Cisco OSFP-800G-DR8 800GBASE-DR8 OSFP — 1310 nm Singlemode, 2× MPO-12 APC, 500 m, VDM	Cisco	pluggable	layered	Ethernet transceivers	(none)	800G OSFP / QSFP-DD800	sku ^OSFPR?-							
OSFP-800G-DR8P	Cisco OSFP-800G-DR8P 800GBASE-DR8 OSFP — 1310 nm Singlemode, MPO-16 APC, 500 m, VDM	Cisco	pluggable	layered	Ethernet transceivers	(none)	800G OSFP / QSFP-DD800	sku ^OSFPR?-							
OSFP-800G-VR8	Cisco OSFP-800G-VR8 800GBASE-VR8 OSFP — 850 nm Multimode, 2× MPO-12 APC, 30/50 m, VDM	Cisco	pluggable	layered	Ethernet transceivers	(none)	800G OSFP / QSFP-DD800	sku ^OSFPR?-							
OSFP-800G-VR8P	Cisco OSFP-800G-VR8P 800GBASE-VR8 OSFP — 850 nm Multimode, MPO-16 APC, 30/50 m, VDM	Cisco	pluggable	layered	Ethernet transceivers	(none)	800G OSFP / QSFP-DD800	sku ^OSFPR?-							
OSFPR-800G-DR8	Cisco OSFPR-800G-DR8 800GBASE-DR8 OSFP — 8×100G, Singlemode parallel, 500 m, 1310 nm	Cisco	pluggable	layered	Ethernet transceivers	(none)	800G OSFP / QSFP-DD800	sku ^OSFPR?-							
PQSF2PXA1MBL	QSFP28 100G Direct Attach Copper Cable Assembly, 30 AWG, Black, 1m	Transceiver Modules	cable	layered	Direct-attach and active optical cables	(none)	DAC and AOC cables (SFP+ / SFP28 / SFP56 / QSFP / QSFP-DD)	sku ^PQSF2P							
PQSF2PXA2MBL	QSFP28 100G Direct Attach Copper Cable Assembly, 30 AWG, Black, 2m	Transceiver Modules	cable	layered	Direct-attach and active optical cables	(none)	DAC and AOC cables (SFP+ / SFP28 / SFP56 / QSFP / QSFP-DD)	sku ^PQSF2P							
PQSF2PXA3MBL	QSFP28 100G Direct Attach Copper Cable Assembly, 30 AWG, Black, 3m	Transceiver Modules	cable	layered	Direct-attach and active optical cables	(none)	DAC and AOC cables (SFP+ / SFP28 / SFP56 / QSFP / QSFP-DD)	sku ^PQSF2P							
Q-4SFP25G-CU1.5M	Cisco Q-4SFP25G-CU1.5M 100G QSFP28 zu 4× 25G SFP28 Breakout Twinax DAC — passiv, 1,5 m	Cisco	breakout-cable	layered	Ethernet transceivers	(none)	100G QSFP28	sku ^Q-4SFP25G							
Q-4SFP25G-CU2.5M	Cisco Q-4SFP25G-CU2.5M 100G QSFP28 zu 4× 25G SFP28 Breakout Twinax DAC — passiv, 2,5 m	Cisco	breakout-cable	layered	Ethernet transceivers	(none)	100G QSFP28	sku ^Q-4SFP25G							
Q100-ZR4-S-EA=	Cisco 100G ZR4 QSFP Transceiver, 80 km reach over SMF, Duplex LC	Transceiver Modules	pluggable	layered	Ethernet transceivers	(none)	100G QSFP28	sku ^Q100-ZR4							
QDD-2Q200-CI2M	Cisco QDD-2Q200-CI2M	Transceiver Modules	breakout-cable	layered	Ethernet transceivers	(none)	200G / 400G QSFP-DD, QSFP112 and QSFP56	sku ^QDD							
QDD-2Q200-CU1M	Cisco QDD-2Q200-CU1M 200G QSFP-DD auf 2×QSFP56 Breakout-Twinax-DAC — passiv, 1 m	Cisco	breakout-cable	layered	Ethernet transceivers	(none)	200G / 400G QSFP-DD, QSFP112 and QSFP56	sku ^QDD							
QDD-2Q200-CU2.5M	Cisco QDD-2Q200-CU2.5M 2× 200 Gbit/s (Breakout) QSFP-DD Direktanschlusskabel 2,5 m	Cisco	breakout-cable	layered	Ethernet transceivers	(none)	200G / 400G QSFP-DD, QSFP112 and QSFP56	sku ^QDD							
QDD-2Q200-CU2M	Cisco QDD-2Q200-CU2M 200G QSFP-DD auf 2×QSFP56 Breakout-Twinax-DAC — passiv, 2 m	Cisco	breakout-cable	layered	Ethernet transceivers	(none)	200G / 400G QSFP-DD, QSFP112 and QSFP56	sku ^QDD							
QDD-2Q200-CU3M	Cisco QDD-2Q200-CU3M QSFP-DD auf 2× QSFP56 200GBASE-CR4 Breakout-DAC — passiv, 3 m	Cisco	breakout-cable	layered	Ethernet transceivers	(none)	200G / 400G QSFP-DD, QSFP112 and QSFP56	sku ^QDD							
QDD-2X100-CWDM4-S	QSFP-DD Transceiver, 2X 100G CWDM4, 2X Duplex CS, 2km SMF	Cisco	pluggable	layered	Ethernet transceivers	(none)	200G / 400G QSFP-DD, QSFP112 and QSFP56	sku ^QDD							
QDD-2X100-CWDM4-S=	QSFP-DD Transceiver, 2X 100G CWDM4, 2X Duplex CS, 2km SMF	Transceiver Modules	pluggable	layered	Ethernet transceivers	(none)	200G / 400G QSFP-DD, QSFP112 and QSFP56	sku ^QDD							
QDD-2X100-LR4-S	Cisco QDD-2X100-LR4-S 2×100GBASE-LR4 QSFP-DD Modul — SMF, Dual Duplex CS, 10 km, DOM	Cisco	pluggable	layered	Ethernet transceivers	(none)	200G / 400G QSFP-DD, QSFP112 and QSFP56	sku ^QDD							
QDD-2X100-SR4-S	QSFP-DD Transceiver, 2X 100GBASE-SR4, MPO-24, 100m MMF	Cisco	pluggable	layered	Ethernet transceivers	(none)	200G / 400G QSFP-DD, QSFP112 and QSFP56	sku ^QDD							
QDD-2X100-SR4-S=	QSFP-DD Transceiver, 2X 100GBASE-SR4, MPO-24, 100m MMF	Transceiver Modules	pluggable	layered	Ethernet transceivers	(none)	200G / 400G QSFP-DD, QSFP112 and QSFP56	sku ^QDD							
QDD-2X400G-FR4	Cisco QDD-2X400G-FR4 2×400GBASE-FR4 QSFP-DD800 — 1310-nm-Band CWDM, Dual Duplex LC, 2 km	Juniper	pluggable	layered	Ethernet transceivers	(none)	800G OSFP / QSFP-DD800	sku ^QDD-(2X400G|8X100G)							
QDD-400-AOC10M	Cisco QDD-400-AOC10M 400G QSFP-DD Active Optical Cable (AOC) — 10 m, rackübergreifend	Cisco	cable	layered	Direct-attach and active optical cables	(none)	DAC and AOC cables (SFP+ / SFP28 / SFP56 / QSFP / QSFP-DD)	sku ^(?!Q(?:SFP|DD)?-?[0-9]+(?:SFP|X[0-9]|Q[0-9]|ZQ|S[0-9])).*AOC							
QDD-400-AOC15M	Cisco QDD-400-AOC15M 400G QSFP-DD Active Optical Cable (AOC) — 15 m, rackübergreifend	Cisco	cable	layered	Direct-attach and active optical cables	(none)	DAC and AOC cables (SFP+ / SFP28 / SFP56 / QSFP / QSFP-DD)	sku ^(?!Q(?:SFP|DD)?-?[0-9]+(?:SFP|X[0-9]|Q[0-9]|ZQ|S[0-9])).*AOC							
QDD-400-AOC1M	Cisco QDD-400-AOC1M 400G QSFP-DD Active Optical Cable (AOC) — 1 m, im selben Rack	Cisco	cable	layered	Direct-attach and active optical cables	(none)	DAC and AOC cables (SFP+ / SFP28 / SFP56 / QSFP / QSFP-DD)	sku ^(?!Q(?:SFP|DD)?-?[0-9]+(?:SFP|X[0-9]|Q[0-9]|ZQ|S[0-9])).*AOC							
QDD-400-AOC20M	Cisco QDD-400-AOC20M 400G QSFP-DD Active Optical Cable (AOC) — 20 m, am Reihenende	Cisco	cable	layered	Direct-attach and active optical cables	(none)	DAC and AOC cables (SFP+ / SFP28 / SFP56 / QSFP / QSFP-DD)	sku ^(?!Q(?:SFP|DD)?-?[0-9]+(?:SFP|X[0-9]|Q[0-9]|ZQ|S[0-9])).*AOC							
QDD-400-AOC25M	Cisco QDD-400-AOC25M 400G QSFP-DD Active Optical Cable (AOC) — 25 m, am Reihenende	Cisco	cable	layered	Direct-attach and active optical cables	(none)	DAC and AOC cables (SFP+ / SFP28 / SFP56 / QSFP / QSFP-DD)	sku ^(?!Q(?:SFP|DD)?-?[0-9]+(?:SFP|X[0-9]|Q[0-9]|ZQ|S[0-9])).*AOC							
QDD-400-AOC2M	Cisco QDD-400-AOC2M 400G QSFP-DD Active Optical Cable (AOC) — 2 m, im selben Rack	Cisco	cable	layered	Direct-attach and active optical cables	(none)	DAC and AOC cables (SFP+ / SFP28 / SFP56 / QSFP / QSFP-DD)	sku ^(?!Q(?:SFP|DD)?-?[0-9]+(?:SFP|X[0-9]|Q[0-9]|ZQ|S[0-9])).*AOC							
QDD-400-AOC30M	Cisco QDD-400-AOC30M 400G QSFP-DD Active Optical Cable (AOC) — 30 m, am Reihenende	Cisco	cable	layered	Direct-attach and active optical cables	(none)	DAC and AOC cables (SFP+ / SFP28 / SFP56 / QSFP / QSFP-DD)	sku ^(?!Q(?:SFP|DD)?-?[0-9]+(?:SFP|X[0-9]|Q[0-9]|ZQ|S[0-9])).*AOC							
QDD-400-AOC3M	Cisco QDD-400-AOC3M 400G QSFP-DD Active Optical Cable (AOC) — 3 m, im selben Rack	Cisco	cable	layered	Direct-attach and active optical cables	(none)	DAC and AOC cables (SFP+ / SFP28 / SFP56 / QSFP / QSFP-DD)	sku ^(?!Q(?:SFP|DD)?-?[0-9]+(?:SFP|X[0-9]|Q[0-9]|ZQ|S[0-9])).*AOC							
QDD-400-AOC5M	Cisco QDD-400-AOC5M 400G QSFP-DD Active Optical Cable (AOC) — 5 m, im selben Rack	Cisco	cable	layered	Direct-attach and active optical cables	(none)	DAC and AOC cables (SFP+ / SFP28 / SFP56 / QSFP / QSFP-DD)	sku ^(?!Q(?:SFP|DD)?-?[0-9]+(?:SFP|X[0-9]|Q[0-9]|ZQ|S[0-9])).*AOC							
QDD-400-AOC7M	Cisco QDD-400-AOC7M 400G QSFP-DD Active Optical Cable (AOC) — 7 m, rackübergreifend	Cisco	cable	layered	Direct-attach and active optical cables	(none)	DAC and AOC cables (SFP+ / SFP28 / SFP56 / QSFP / QSFP-DD)	sku ^(?!Q(?:SFP|DD)?-?[0-9]+(?:SFP|X[0-9]|Q[0-9]|ZQ|S[0-9])).*AOC							
QDD-400-AOCxM	400G QSFP-DD Transceiver, Active Optical Cable, 1, 2, 3, 5, 7, 10, 15, 20, 25, 30 meters	Transceiver Modules	cable	pending_plan								class non_product			
QDD-400-CU0.5M	Cisco QDD-400-CU0.5M 400 Gbit/s QSFP-DD Direktanschlusskabel 0,5 m	Cisco	cable	layered	Direct-attach and active optical cables	(none)	DAC and AOC cables (SFP+ / SFP28 / SFP56 / QSFP / QSFP-DD)	sku ^(?!Q(?:SFP|DD)?-?[0-9]+(?:SFP|X[0-9]|Q[0-9]|ZQ|S[0-9])).*(?<!E)CU[0-9]							
QDD-400-CU1M	Cisco QDD-400-CU1M 400G QSFP-DD Twinax-DAC — passiv, 1 m	Cisco	cable	layered	Direct-attach and active optical cables	(none)	DAC and AOC cables (SFP+ / SFP28 / SFP56 / QSFP / QSFP-DD)	sku ^(?!Q(?:SFP|DD)?-?[0-9]+(?:SFP|X[0-9]|Q[0-9]|ZQ|S[0-9])).*(?<!E)CU[0-9]							
QDD-400-CU2.5M	Cisco QDD-400-CU2.5M 400 Gbit/s QSFP-DD Direktanschlusskabel 2,5 m	Cisco	cable	layered	Direct-attach and active optical cables	(none)	DAC and AOC cables (SFP+ / SFP28 / SFP56 / QSFP / QSFP-DD)	sku ^(?!Q(?:SFP|DD)?-?[0-9]+(?:SFP|X[0-9]|Q[0-9]|ZQ|S[0-9])).*(?<!E)CU[0-9]							
QDD-400-CU2M	Cisco QDD-400-CU2M 400G QSFP-DD Twinax-DAC — passiv, 2 m	Cisco	cable	layered	Direct-attach and active optical cables	(none)	DAC and AOC cables (SFP+ / SFP28 / SFP56 / QSFP / QSFP-DD)	sku ^(?!Q(?:SFP|DD)?-?[0-9]+(?:SFP|X[0-9]|Q[0-9]|ZQ|S[0-9])).*(?<!E)CU[0-9]							
QDD-400-CU3M	Cisco QDD-400-CU3M 400G QSFP-DD Twinax-DAC — passiv, 3 m	Cisco	cable	layered	Direct-attach and active optical cables	(none)	DAC and AOC cables (SFP+ / SFP28 / SFP56 / QSFP / QSFP-DD)	sku ^(?!Q(?:SFP|DD)?-?[0-9]+(?:SFP|X[0-9]|Q[0-9]|ZQ|S[0-9])).*(?<!E)CU[0-9]							
QDD-400G-BD	Cisco QDD-400G-BD 400G BiDi QSFP-DD Modul — Duplex MMF, LC UPC, 100 m OM5, DOM	Cisco	pluggable	layered	Ethernet transceivers	(none)	200G / 400G QSFP-DD, QSFP112 and QSFP56	sku ^QDD							
QDD-400G-DR4		Nexus 9000	pluggable	layered	Ethernet transceivers	(none)	200G / 400G QSFP-DD, QSFP112 and QSFP56	sku ^QDD							
QDD-400G-DR4-S	Cisco QDD-400G-DR4-S 400GBASE-DR4 QSFP-DD Modul — SMF, MPO-12 APC, 500 m, DOM	Cisco	pluggable	layered	Ethernet transceivers	(none)	200G / 400G QSFP-DD, QSFP112 and QSFP56	sku ^QDD							
QDD-400G-FR4-S	Cisco QDD-400G-FR4-S 400GBASE-FR4 QSFP-DD Modul — Duplex SMF, LC, 2 km, DOM	Cisco	pluggable	layered	Ethernet transceivers	(none)	200G / 400G QSFP-DD, QSFP112 and QSFP56	sku ^QDD							
QDD-400G-LR4-S	Cisco QDD-400G-LR4-S 400GBASE-LR4 QSFP-DD Modul — Duplex SMF, LC, 10 km, DOM	Cisco	pluggable	layered	Ethernet transceivers	(none)	200G / 400G QSFP-DD, QSFP112 and QSFP56	sku ^QDD							
QDD-400G-LR4-S=	Cisco QDD-400G-LR4-S=	Transceiver Modules	pluggable	layered	Ethernet transceivers	(none)	200G / 400G QSFP-DD, QSFP112 and QSFP56	sku ^QDD							
QDD-400G-LR8		Network Convergence System 1000 Series	pluggable	layered	Ethernet transceivers	(none)	200G / 400G QSFP-DD, QSFP112 and QSFP56	sku ^QDD							
QDD-400G-LR8-S	400G QSFP-DD Transceiver,400GBASE-LR8,Duplex LC,10km Duple	Cisco	pluggable	layered	Ethernet transceivers	(none)	200G / 400G QSFP-DD, QSFP112 and QSFP56	sku ^QDD							
QDD-400G-LR8-S=	400G QSFP-DD Transceiver,400GBASE-LR8,Duplex LC,10km Duple	Transceiver Modules	pluggable	layered	Ethernet transceivers	(none)	200G / 400G QSFP-DD, QSFP112 and QSFP56	sku ^QDD							
QDD-400G-SR4.2-BD	Cisco QDD-400G-SR4.2-BD 400GBASE-SR4.2 BiDi QSFP-DD — MMF, MPO-12 UPC, 100 m OM4, DOM	Cisco	pluggable	layered	Ethernet transceivers	(none)	200G / 400G QSFP-DD, QSFP112 and QSFP56	sku ^QDD							
QDD-400G-SR8		Transceiver Modules	pluggable	layered	Ethernet transceivers	(none)	200G / 400G QSFP-DD, QSFP112 and QSFP56	sku ^QDD							
QDD-400G-SR8-S	Cisco QDD-400G-SR8-S 400GBASE-SR8 QSFP-DD Modul — MMF, MPO-16 APC, 100 m OM4, DOM	Cisco	pluggable	layered	Ethernet transceivers	(none)	200G / 400G QSFP-DD, QSFP112 and QSFP56	sku ^QDD							
QDD-400G-VR4	Cisco QDD-400G-VR4 400GBASE-VR4 QSFP-DD Modul — MMF, MPO-12 APC, 50 m OM4/OM5, DOM	Cisco	pluggable	layered	Ethernet transceivers	(none)	200G / 400G QSFP-DD, QSFP112 and QSFP56	sku ^QDD							
QDD-400G-ZR-S	QSFP-DD transceiver module, coherent DCO, 400G-ZR	Cisco	tunable	layered	Coherent and digital-coherent pluggables	(none)	400G / 800G ZR, ZR+ and CFP2 DCO	sku ^QDD-400G-ZR							
QDD-400G-ZR-S=	QSFP-DD transceiver module, coherent DCO, 400G-ZR	Transceiver Modules	tunable	layered	Coherent and digital-coherent pluggables	(none)	400G / 800G ZR, ZR+ and CFP2 DCO	sku ^QDD-400G-ZR							
QDD-400G-ZRP-S	QSFP-DD transceiver module, coherent DCO, 400G-ZR+	Cisco	tunable	layered	Coherent and digital-coherent pluggables	(none)	400G / 800G ZR, ZR+ and CFP2 DCO	sku ^QDD-400G-ZR							
QDD-400G-ZRP-S=	QSFP-DD transceiver module, coherent DCO, 400G-ZR+	Transceiver Modules	tunable	layered	Coherent and digital-coherent pluggables	(none)	400G / 800G ZR, ZR+ and CFP2 DCO	sku ^QDD-400G-ZR							
QDD-4X100G-FR-S	Cisco QDD-4X100G-FR-S 4×100GBASE-FR1 QSFP-DD Modul — SMF, MPO-12 APC, 2 km, DOM	Cisco	pluggable	layered	Ethernet transceivers	(none)	200G / 400G QSFP-DD, QSFP112 and QSFP56	sku ^QDD							
QDD-4X100G-LR-S	Cisco QDD-4X100G-LR-S 4×100GBASE-LR1 QSFP-DD Modul — SMF, MPO-12 APC, 10 km, DOM	Cisco	pluggable	layered	Ethernet transceivers	(none)	200G / 400G QSFP-DD, QSFP112 and QSFP56	sku ^QDD							
QDD-4ZQ100-CU1M	Cisco QDD-4ZQ100-CU1M 400G QSFP-DD auf 4×100G QSFP28 Breakout-Twinax-DAC — passiv, 1 m	Cisco	breakout-cable	layered	Ethernet transceivers	(none)	200G / 400G QSFP-DD, QSFP112 and QSFP56	sku ^QDD							
QDD-4ZQ100-CU2.5M	Cisco QDD-4ZQ100-CU2.5M 4× 100 Gbit/s (Breakout) QSFP-DD Direktanschlusskabel 2,5 m	Cisco	breakout-cable	layered	Ethernet transceivers	(none)	200G / 400G QSFP-DD, QSFP112 and QSFP56	sku ^QDD							
QDD-4ZQ100-CU2M	Cisco QDD-4ZQ100-CU2M 400G QSFP-DD auf 4×100G QSFP28 Breakout-Twinax-DAC — passiv, 2 m	Cisco	breakout-cable	layered	Ethernet transceivers	(none)	200G / 400G QSFP-DD, QSFP112 and QSFP56	sku ^QDD							
QDD-4ZQ100-CU3M	Cisco QDD-4ZQ100-CU3M 400G QSFP-DD auf 4×100G QSFP28 Breakout-Twinax-DAC — passiv, 3 m	Cisco	breakout-cable	layered	Ethernet transceivers	(none)	200G / 400G QSFP-DD, QSFP112 and QSFP56	sku ^QDD							
QDD-4ZQ100CU1M	Cisco QDD-4ZQ100CU1M	Transceiver Modules	breakout-cable	layered	Ethernet transceivers	(none)	200G / 400G QSFP-DD, QSFP112 and QSFP56	sku ^QDD							
QDD-8X100G-FR	Cisco QDD-8X100G-FR 8×100GBASE-FR1 QSFP-DD800 — 1310 nm Singlemode, Dual MPO-12, 2 km, Breakout	Cisco	pluggable	layered	Ethernet transceivers	(none)	800G OSFP / QSFP-DD800	sku ^QDD-(2X400G|8X100G)							
QDD4ZQ100-CU2M	Cisco QDD4ZQ100-CU2M	Transceiver Modules	breakout-cable	layered	Ethernet transceivers	(none)	200G / 400G QSFP-DD, QSFP112 and QSFP56	sku ^QDD							
QSFP-100-FR-s	Cisco QSFP-100-FR-s	UCS C-Series	pluggable	layered	Ethernet transceivers	(none)	100G QSFP28	sku ^QSFP-?100							
QSFP-100G-4W10-I	Cisco QSFP-100G-4W10-I	Transceiver Modules	pluggable	layered	Ethernet transceivers	(none)	100G QSFP28	sku ^QSFP-?100							
QSFP-100G-4W40-I	Cisco QSFP-100G-4W40-I 100G WDM-40 QSFP28 Modul — 1295–1309 nm SMF, 40 km, industriell	Cisco	pluggable	layered	Ethernet transceivers	(none)	100G QSFP28	sku ^QSFP-?100							
QSFP-100G-AOC	Cisco QSFP-100G-AOC 100G QSFP28 Active Optical Cable — werkseitig terminiert	Cisco	cable	layered	Direct-attach and active optical cables	(none)	DAC and AOC cables (SFP+ / SFP28 / SFP56 / QSFP / QSFP-DD)	sku ^(?!Q(?:SFP|DD)?-?[0-9]+(?:SFP|X[0-9]|Q[0-9]|ZQ|S[0-9])).*AOC							true
QSFP-100G-AOC10M	Cisco QSFP-100G-AOC10M 100G QSFP28 Active Optical Cable (AOC) — 10 m	Cisco	cable	layered	Direct-attach and active optical cables	(none)	DAC and AOC cables (SFP+ / SFP28 / SFP56 / QSFP / QSFP-DD)	sku ^(?!Q(?:SFP|DD)?-?[0-9]+(?:SFP|X[0-9]|Q[0-9]|ZQ|S[0-9])).*AOC							
QSFP-100G-AOC10M=	Cisco QSFP-100G-AOC10M=	Transceiver Modules	cable	layered	Direct-attach and active optical cables	(none)	DAC and AOC cables (SFP+ / SFP28 / SFP56 / QSFP / QSFP-DD)	sku ^(?!Q(?:SFP|DD)?-?[0-9]+(?:SFP|X[0-9]|Q[0-9]|ZQ|S[0-9])).*AOC							
QSFP-100G-AOC15M	Cisco QSFP-100G-AOC15M 100G QSFP28 Active Optical Cable (AOC) — 15 m	Cisco	cable	layered	Direct-attach and active optical cables	(none)	DAC and AOC cables (SFP+ / SFP28 / SFP56 / QSFP / QSFP-DD)	sku ^(?!Q(?:SFP|DD)?-?[0-9]+(?:SFP|X[0-9]|Q[0-9]|ZQ|S[0-9])).*AOC							
QSFP-100G-AOC15M=	Cisco QSFP-100G-AOC15M=	Transceiver Modules	cable	layered	Direct-attach and active optical cables	(none)	DAC and AOC cables (SFP+ / SFP28 / SFP56 / QSFP / QSFP-DD)	sku ^(?!Q(?:SFP|DD)?-?[0-9]+(?:SFP|X[0-9]|Q[0-9]|ZQ|S[0-9])).*AOC							
QSFP-100G-AOC1M	Cisco QSFP-100G-AOC1M 100G QSFP28 Active Optical Cable (AOC) — 1 m	Cisco	cable	layered	Direct-attach and active optical cables	(none)	DAC and AOC cables (SFP+ / SFP28 / SFP56 / QSFP / QSFP-DD)	sku ^(?!Q(?:SFP|DD)?-?[0-9]+(?:SFP|X[0-9]|Q[0-9]|ZQ|S[0-9])).*AOC							
QSFP-100G-AOC1M=	Cisco QSFP-100G-AOC1M=	Transceiver Modules	cable	layered	Direct-attach and active optical cables	(none)	DAC and AOC cables (SFP+ / SFP28 / SFP56 / QSFP / QSFP-DD)	sku ^(?!Q(?:SFP|DD)?-?[0-9]+(?:SFP|X[0-9]|Q[0-9]|ZQ|S[0-9])).*AOC							
QSFP-100G-AOC20M	Cisco QSFP-100G-AOC20M 100G QSFP28 Active Optical Cable (AOC) — 20 m	Cisco	cable	layered	Direct-attach and active optical cables	(none)	DAC and AOC cables (SFP+ / SFP28 / SFP56 / QSFP / QSFP-DD)	sku ^(?!Q(?:SFP|DD)?-?[0-9]+(?:SFP|X[0-9]|Q[0-9]|ZQ|S[0-9])).*AOC							
QSFP-100G-AOC25M	Cisco QSFP-100G-AOC25M 100G QSFP28 Active Optical Cable (AOC) — 25 m	Cisco	cable	layered	Direct-attach and active optical cables	(none)	DAC and AOC cables (SFP+ / SFP28 / SFP56 / QSFP / QSFP-DD)	sku ^(?!Q(?:SFP|DD)?-?[0-9]+(?:SFP|X[0-9]|Q[0-9]|ZQ|S[0-9])).*AOC							
QSFP-100G-AOC2M	Cisco QSFP-100G-AOC2M 100G QSFP28 Active Optical Cable (AOC) — 2 m	Cisco	cable	layered	Direct-attach and active optical cables	(none)	DAC and AOC cables (SFP+ / SFP28 / SFP56 / QSFP / QSFP-DD)	sku ^(?!Q(?:SFP|DD)?-?[0-9]+(?:SFP|X[0-9]|Q[0-9]|ZQ|S[0-9])).*AOC							
QSFP-100G-AOC2M=	Cisco QSFP-100G-AOC2M=	Transceiver Modules	cable	layered	Direct-attach and active optical cables	(none)	DAC and AOC cables (SFP+ / SFP28 / SFP56 / QSFP / QSFP-DD)	sku ^(?!Q(?:SFP|DD)?-?[0-9]+(?:SFP|X[0-9]|Q[0-9]|ZQ|S[0-9])).*AOC							
QSFP-100G-AOC30M	Cisco QSFP-100G-AOC30M 100G QSFP28 Active Optical Cable (AOC) — 30 m	Cisco	cable	layered	Direct-attach and active optical cables	(none)	DAC and AOC cables (SFP+ / SFP28 / SFP56 / QSFP / QSFP-DD)	sku ^(?!Q(?:SFP|DD)?-?[0-9]+(?:SFP|X[0-9]|Q[0-9]|ZQ|S[0-9])).*AOC							
QSFP-100G-AOC3M	Cisco QSFP-100G-AOC3M 100G QSFP28 Active Optical Cable (AOC) — 3 m	Cisco	cable	layered	Direct-attach and active optical cables	(none)	DAC and AOC cables (SFP+ / SFP28 / SFP56 / QSFP / QSFP-DD)	sku ^(?!Q(?:SFP|DD)?-?[0-9]+(?:SFP|X[0-9]|Q[0-9]|ZQ|S[0-9])).*AOC							
QSFP-100G-AOC3M=	Cisco QSFP-100G-AOC3M=	Transceiver Modules	cable	layered	Direct-attach and active optical cables	(none)	DAC and AOC cables (SFP+ / SFP28 / SFP56 / QSFP / QSFP-DD)	sku ^(?!Q(?:SFP|DD)?-?[0-9]+(?:SFP|X[0-9]|Q[0-9]|ZQ|S[0-9])).*AOC							
QSFP-100G-AOC5M	Cisco QSFP-100G-AOC5M 100G QSFP28 Active Optical Cable (AOC) — 5 m	Cisco	cable	layered	Direct-attach and active optical cables	(none)	DAC and AOC cables (SFP+ / SFP28 / SFP56 / QSFP / QSFP-DD)	sku ^(?!Q(?:SFP|DD)?-?[0-9]+(?:SFP|X[0-9]|Q[0-9]|ZQ|S[0-9])).*AOC							
QSFP-100G-AOC5M=	Cisco QSFP-100G-AOC5M=	Transceiver Modules	cable	layered	Direct-attach and active optical cables	(none)	DAC and AOC cables (SFP+ / SFP28 / SFP56 / QSFP / QSFP-DD)	sku ^(?!Q(?:SFP|DD)?-?[0-9]+(?:SFP|X[0-9]|Q[0-9]|ZQ|S[0-9])).*AOC							
QSFP-100G-AOC7M	Cisco QSFP-100G-AOC7M 100G QSFP28 Active Optical Cable (AOC) — 7 m	Cisco	cable	layered	Direct-attach and active optical cables	(none)	DAC and AOC cables (SFP+ / SFP28 / SFP56 / QSFP / QSFP-DD)	sku ^(?!Q(?:SFP|DD)?-?[0-9]+(?:SFP|X[0-9]|Q[0-9]|ZQ|S[0-9])).*AOC							
QSFP-100G-AOC7M=	Cisco QSFP-100G-AOC7M=	Transceiver Modules	cable	layered	Direct-attach and active optical cables	(none)	DAC and AOC cables (SFP+ / SFP28 / SFP56 / QSFP / QSFP-DD)	sku ^(?!Q(?:SFP|DD)?-?[0-9]+(?:SFP|X[0-9]|Q[0-9]|ZQ|S[0-9])).*AOC							
QSFP-100G-AOCxM	QSFP active optical breakout cables (length x - 1m to 30m)	Network Convergence System 5000 Series	cable	pending_plan								class non_product			
QSFP-100G-B20D4-I	Cisco QSFP-100G-B20D4-I 100G BiDi QSFP28 Modul — O-Band SMF, 20 km, industriell, DOM	Cisco	bidi	layered	Ethernet transceivers	(none)	100G QSFP28	sku ^QSFP-?100							
QSFP-100G-B20U4-I	Cisco QSFP-100G-B20U4-I 100G BiDi QSFP28 Modul — O-Band SMF, 20 km, industriell, DOM	Cisco	bidi	layered	Ethernet transceivers	(none)	100G QSFP28	sku ^QSFP-?100							
QSFP-100G-B40D-I	Cisco QSFP-100G-B40D-I 100G QSFP28 BiDi Downstream — Singlemode, eine Faser, LR, Industrietemperatur	Cisco	bidi	layered	Ethernet transceivers	(none)	100G QSFP28	sku ^QSFP-?100							
QSFP-100G-B40U-I	Cisco QSFP-100G-B40U-I 100G QSFP28 BiDi Upstream — Singlemode, eine Faser, LR, Industrietemperatur	Cisco	bidi	layered	Ethernet transceivers	(none)	100G QSFP28	sku ^QSFP-?100							
QSFP-100G-CU1.5M	Cisco QSFP-100G-CU1.5M 100GBASE-CR4 QSFP28 Twinax DAC Kabel — passiv, 1,5 m	Cisco	cable	layered	Direct-attach and active optical cables	(none)	DAC and AOC cables (SFP+ / SFP28 / SFP56 / QSFP / QSFP-DD)	sku ^(?!Q(?:SFP|DD)?-?[0-9]+(?:SFP|X[0-9]|Q[0-9]|ZQ|S[0-9])).*(?<!E)CU[0-9]							
QSFP-100G-CU1M	Cisco QSFP-100G-CU1M 100GBASE-CR4 QSFP28 Twinax DAC Kabel — passiv, 1 m	Cisco	cable	layered	Direct-attach and active optical cables	(none)	DAC and AOC cables (SFP+ / SFP28 / SFP56 / QSFP / QSFP-DD)	sku ^(?!Q(?:SFP|DD)?-?[0-9]+(?:SFP|X[0-9]|Q[0-9]|ZQ|S[0-9])).*(?<!E)CU[0-9]							
QSFP-100G-CU2.5M	Cisco QSFP-100G-CU2.5M 100GBASE-CR4 QSFP28 Twinax DAC Kabel — passiv, 2,5 m	Cisco	cable	layered	Direct-attach and active optical cables	(none)	DAC and AOC cables (SFP+ / SFP28 / SFP56 / QSFP / QSFP-DD)	sku ^(?!Q(?:SFP|DD)?-?[0-9]+(?:SFP|X[0-9]|Q[0-9]|ZQ|S[0-9])).*(?<!E)CU[0-9]							
QSFP-100G-CU2M	Cisco QSFP-100G-CU2M 100GBASE-CR4 QSFP28 Twinax DAC Kabel — passiv, 2 m	Cisco	cable	layered	Direct-attach and active optical cables	(none)	DAC and AOC cables (SFP+ / SFP28 / SFP56 / QSFP / QSFP-DD)	sku ^(?!Q(?:SFP|DD)?-?[0-9]+(?:SFP|X[0-9]|Q[0-9]|ZQ|S[0-9])).*(?<!E)CU[0-9]							
QSFP-100G-CU3M	Cisco QSFP-100G-CU3M 100GBASE-CR4 QSFP28 Twinax DAC Kabel — passiv, 3 m	Cisco	cable	layered	Direct-attach and active optical cables	(none)	DAC and AOC cables (SFP+ / SFP28 / SFP56 / QSFP / QSFP-DD)	sku ^(?!Q(?:SFP|DD)?-?[0-9]+(?:SFP|X[0-9]|Q[0-9]|ZQ|S[0-9])).*(?<!E)CU[0-9]							
QSFP-100G-CU5M	Cisco QSFP-100G-CU5M 100GBASE-CR4 QSFP28 Twinax DAC Kabel — passiv, 5 m	Cisco	cable	layered	Direct-attach and active optical cables	(none)	DAC and AOC cables (SFP+ / SFP28 / SFP56 / QSFP / QSFP-DD)	sku ^(?!Q(?:SFP|DD)?-?[0-9]+(?:SFP|X[0-9]|Q[0-9]|ZQ|S[0-9])).*(?<!E)CU[0-9]							
QSFP-100G-CWDM4-S	Cisco QSFP-100G-CWDM4-S 100G CWDM4 QSFP28 Modul — 1271–1331 nm SMF, Duplex LC, 2 km	Cisco	pluggable	layered	Ethernet transceivers	(none)	100G QSFP28	sku ^QSFP-?100							
QSFP-100G-CWDM4-S=	Cisco QSFP-100G-CWDM4-S=	Network Convergence System 2000 Series	pluggable	layered	Ethernet transceivers	(none)	100G QSFP28	sku ^QSFP-?100							
QSFP-100G-DR-S	Cisco QSFP-100G-DR-S 100GBASE-DR QSFP28 Modul — 1310 nm SMF, Duplex LC, 500 m, PAM4	Cisco	pluggable	layered	Ethernet transceivers	(none)	100G QSFP28	sku ^QSFP-?100							
QSFP-100G-ER4	Cisco QSFP-100G-ER4 100GBASE-ER4 QSFP28 — 4× LAN-WDM, Singlemode, bis 40 km	Cisco	pluggable	layered	Ethernet transceivers	(none)	100G QSFP28	sku ^QSFP-?100							
QSFP-100G-ER4L-S	100GBASE QSFP Transceiver, 25-40KM reach over SMF, Duplex LC	Cisco	pluggable	layered	Ethernet transceivers	(none)	100G QSFP28	sku ^QSFP-?100							
QSFP-100G-ER4L-S=	100GBASE QSFP Transceiver, 25-40KM reach over SMF, Duplex LC	Network Convergence System 4000 Series	pluggable	layered	Ethernet transceivers	(none)	100G QSFP28	sku ^QSFP-?100							
QSFP-100G-ERL-S	Cisco QSFP-100G-ERL-S 100G ER-Lite QSFP28 Modul — 1310 nm SMF, Duplex LC, 25 km, PAM4	Cisco	pluggable	layered	Ethernet transceivers	(none)	100G QSFP28	sku ^QSFP-?100							
QSFP-100G-FR-S	Cisco QSFP-100G-FR-S 100GBASE-FR1 QSFP28 Modul — 1310 nm SMF, Duplex LC, 2 km, PAM4	Cisco	pluggable	layered	Ethernet transceivers	(none)	100G QSFP28	sku ^QSFP-?100							
QSFP-100G-LR-S	Cisco QSFP-100G-LR-S 100GBASE-LR1 QSFP28 Modul — 1310 nm SMF, Duplex LC, 10 km, PAM4	Cisco	pluggable	layered	Ethernet transceivers	(none)	100G QSFP28	sku ^QSFP-?100							
QSFP-100G-LR4-I	Cisco QSFP-100G-LR4-I 100GBASE-LR4 QSFP28 Modul — 1295–1309 nm SMF, 10 km, industriell	Cisco	pluggable	layered	Ethernet transceivers	(none)	100G QSFP28	sku ^QSFP-?100							
QSFP-100G-LR4-S	100GBASE LR4 QSFP Transceiver, LC, 10km over SMF	Cisco	pluggable	layered	Ethernet transceivers	(none)	100G QSFP28	sku ^QSFP-?100							
QSFP-100G-LR4-S=	100GBASE LR4 QSFP Transceiver, LC, 10km over SMF	Network Convergence System 4000 Series	pluggable	layered	Ethernet transceivers	(none)	100G QSFP28	sku ^QSFP-?100							
QSFP-100G-PSM4-S	Cisco QSFP-100G-PSM4-S 100G QSFP28 Modul — 1310 nm SMF, MPO-12 APC, 500 m, DOM	Cisco	pluggable	layered	Ethernet transceivers	(none)	100G QSFP28	sku ^QSFP-?100							
QSFP-100G-PSM4-S=	Cisco QSFP-100G-PSM4-S=	Network Convergence System 2000 Series	pluggable	layered	Ethernet transceivers	(none)	100G QSFP28	sku ^QSFP-?100							
QSFP-100G-SL4	Cisco QSFP-100G-SL4 100GBASE-SL4 Short Link QSFP28 Modul — 850 nm MMF, MPO-12, 30 m OM4	Cisco	pluggable	layered	Ethernet transceivers	(none)	100G QSFP28	sku ^QSFP-?100							
QSFP-100G-SM-SR	100GBASE CWDM4 Lite QSFP Transceiver, 2km over SMF, 10 - 60C	Cisco	pluggable	layered	Ethernet transceivers	(none)	100G QSFP28	sku ^QSFP-?100							
QSFP-100G-SM-SR=	100GBASE CWDM4 Lite QSFP Transceiver, 2km over SMF, 10 - 60C	Network Convergence System 4000 Series	pluggable	layered	Ethernet transceivers	(none)	100G QSFP28	sku ^QSFP-?100							
QSFP-100G-SR-S	Cisco QSFP-100G-SR-S 100GBASE-SR1 QSFP28 Modul — 850 nm MMF, Duplex LC, PAM4, DOM	Cisco	pluggable	layered	Ethernet transceivers	(none)	100G QSFP28	sku ^QSFP-?100							
QSFP-100G-SR1.2		Transceiver Modules	pluggable	layered	Ethernet transceivers	(none)	100G QSFP28	sku ^QSFP-?100							
QSFP-100G-SR4-S	100GBASE SR4 QSFP transceiver, MPO, 100m over OM4 MMF	Cisco	pluggable	layered	Ethernet transceivers	(none)	100G QSFP28	sku ^QSFP-?100							
QSFP-100G-SR4-S=	100GBASE SR4 QSFP transceiver, MPO, 100m over OM4 MMF	Network Convergence System 2000 Series	pluggable	layered	Ethernet transceivers	(none)	100G QSFP28	sku ^QSFP-?100							
QSFP-100G-ZR4-I	Cisco QSFP-100G-ZR4-I 100G ZR4 QSFP28 — Singlemode, 80 km, LC, Industrietemperatur	Cisco	pluggable	layered	Ethernet transceivers	(none)	100G QSFP28	sku ^QSFP-?100							
QSFP-100G-ZR4-S	Cisco QSFP-100G-ZR4-S 100G ZR4 QSFP28 Modul — 1295–1309 nm SMF, Duplex LC, 80 km	Cisco	pluggable	layered	Ethernet transceivers	(none)	100G QSFP28	sku ^QSFP-?100							
QSFP-100G4W40-I	Cisco QSFP-100G4W40-I	Transceiver Modules	pluggable	layered	Ethernet transceivers	(none)	100G QSFP28	sku ^QSFP-?100							
QSFP-100GCWDM4-S	Cisco QSFP-100GCWDM4-S	Transceiver Modules	pluggable	layered	Ethernet transceivers	(none)	100G QSFP28	sku ^QSFP-?100							
QSFP-100GER4L-S	Cisco QSFP-100GER4L-S	Transceiver Modules	pluggable	layered	Ethernet transceivers	(none)	100G QSFP28	sku ^QSFP-?100							
QSFP-100GLR4-S	Cisco QSFP-100GLR4-S	Transceiver Modules	pluggable	layered	Ethernet transceivers	(none)	100G QSFP28	sku ^QSFP-?100							
QSFP-100GPSM4-S	Cisco QSFP-100GPSM4-S	Transceiver Modules	pluggable	layered	Ethernet transceivers	(none)	100G QSFP28	sku ^QSFP-?100							
QSFP-100GSM-SR	Cisco QSFP-100GSM-SR	Transceiver Modules	pluggable	layered	Ethernet transceivers	(none)	100G QSFP28	sku ^QSFP-?100							
QSFP-100GSR4-S	Cisco QSFP-100GSR4-S	Transceiver Modules	pluggable	layered	Ethernet transceivers	(none)	100G QSFP28	sku ^QSFP-?100							
QSFP-200-CU1M	Cisco QSFP-200-CU1M	Transceiver Modules	cable	layered	Direct-attach and active optical cables	(none)	DAC and AOC cables (SFP+ / SFP28 / SFP56 / QSFP / QSFP-DD)	sku ^(?!Q(?:SFP|DD)?-?[0-9]+(?:SFP|X[0-9]|Q[0-9]|ZQ|S[0-9])).*(?<!E)CU[0-9]							
QSFP-200-CU2M	Cisco QSFP-200-CU2M	Transceiver Modules	cable	layered	Direct-attach and active optical cables	(none)	DAC and AOC cables (SFP+ / SFP28 / SFP56 / QSFP / QSFP-DD)	sku ^(?!Q(?:SFP|DD)?-?[0-9]+(?:SFP|X[0-9]|Q[0-9]|ZQ|S[0-9])).*(?<!E)CU[0-9]							
QSFP-200-CU3M	Cisco QSFP-200-CU3M 200G QSFP56 Twinax-DAC — passiv, 3 m	Cisco	cable	layered	Direct-attach and active optical cables	(none)	DAC and AOC cables (SFP+ / SFP28 / SFP56 / QSFP / QSFP-DD)	sku ^(?!Q(?:SFP|DD)?-?[0-9]+(?:SFP|X[0-9]|Q[0-9]|ZQ|S[0-9])).*(?<!E)CU[0-9]							
QSFP-200G-FR4-S	Cisco QSFP-200G-FR4-S 200GBASE-FR4 QSFP56 — CWDM Singlemode, Duplex LC, bis 2 km	Cisco	pluggable	layered	Ethernet transceivers	(none)	200G / 400G QSFP-DD, QSFP112 and QSFP56	sku ^QSFP-200							
QSFP-200G-SL4	Cisco QSFP-200G-SL4 200GBASE-SR4 Short-Link QSFP56 — 850 nm Multimode, MPO-12 UPC, bis 30 m OM4	Cisco	pluggable	layered	Ethernet transceivers	(none)	200G / 400G QSFP-DD, QSFP112 and QSFP56	sku ^QSFP-200							
QSFP-200G-SR4-S	Cisco QSFP-200G-SR4-S 200GBASE-SR4 QSFP56 — 850 nm Multimode, MPO-12 UPC, bis 100 m OM4	Cisco	pluggable	layered	Ethernet transceivers	(none)	200G / 400G QSFP-DD, QSFP112 and QSFP56	sku ^QSFP-200							
QSFP-2Q200-CU3M	Cisco QSFP-2Q200-CU3M Passives DAC-Breakout — QSFP-DD auf 2× QSFP56 200GBASE-CR4, 3 m	Cisco	breakout-cable	layered	Ethernet transceivers	(none)	200G / 400G QSFP-DD, QSFP112 and QSFP56	sku ^QSFP-2Q200							
QSFP-40-SR-BD	Cisco QSFP-40-SR-BD 40GBASE-SR-BiDi QSFP+ — Multimode, Duplex-LC, OM3/OM4	Cisco	pluggable	layered	Ethernet transceivers	(none)	40G QSFP+	sku ^QSFP-40							
QSFP-40/100-SRBD	100G and 40GBASE SR-BiDi QSFP transceiver, LC, 100m OM4 MMF	Cisco	pluggable	layered	Ethernet transceivers	(none)	100G QSFP28	sku ^QSFP-40/100							
QSFP-40/100-SRBD1	Cisco QSFP-40/100-SRBD1	UCS X-Series	pluggable	pending_plan								class non_product			
QSFP-40/100-SRBD=	100G and 40GBASE SR-BiDi QSFP transceiver, LC, 100m OM4 MMF, Spare	Storage Networking Modules	pluggable	layered	Ethernet transceivers	(none)	100G QSFP28	sku ^QSFP-40/100							
QSFP-40/100G-SRBD	Cisco QSFP-40/100G-SRBD	MDS 9500 Series Multilayer Directors	pluggable	layered	Ethernet transceivers	(none)	100G QSFP28	sku ^QSFP-40/100							
QSFP-400G-DR4	Cisco QSFP-400G-DR4 400GBASE-DR4 QSFP112 — 1310 nm Singlemode, MPO-12, bis 500 m, Breakout	Cisco	pluggable	layered	Ethernet transceivers	(none)	200G / 400G QSFP-DD, QSFP112 and QSFP56	sku ^QSFP-400G							
QSFP-400G-FR4	Cisco QSFP-400G-FR4 400GBASE-FR4 QSFP112 — 1310 nm Singlemode WDM, Duplex LC, bis 2 km	Cisco	pluggable	layered	Ethernet transceivers	(none)	200G / 400G QSFP-DD, QSFP112 and QSFP56	sku ^QSFP-400G							
QSFP-400G-SL4	Cisco QSFP-400G-SL4	Transceiver Modules	pluggable	layered	Ethernet transceivers	(none)	200G / 400G QSFP-DD, QSFP112 and QSFP56	sku ^QSFP-400G							
QSFP-400G-SR4-S	Cisco QSFP-400G-SR4-S	Transceiver Modules	pluggable	layered	Ethernet transceivers	(none)	200G / 400G QSFP-DD, QSFP112 and QSFP56	sku ^QSFP-400G							
QSFP-400G-VR4	Cisco QSFP-400G-VR4 400GBASE-VR4 QSFP112 — 850 nm Multimode, MPO-12, bis 50 m, Breakout	Cisco	pluggable	layered	Ethernet transceivers	(none)	200G / 400G QSFP-DD, QSFP112 and QSFP56	sku ^QSFP-400G							
QSFP-40G-BD-RX	Cisco QSFP-40G-BD-RX 40G BiDi Monitor QSFP+ — 832-918 nm MMF, Duplex LC, nur Empfang	Cisco	pluggable	layered	Ethernet transceivers	(none)	40G QSFP+	sku ^QSFP-40							
QSFP-40G-CSR-S	Cisco QSFP-40G-CSR-S 40GBASE-CSR QSFP+ Modul — 850 nm MMF, Duplex LC, 440 m OM5, DOM	Cisco	pluggable	layered	Ethernet transceivers	(none)	40G QSFP+	sku ^QSFP-40							
QSFP-40G-CSR4	QSFP 4x10GBASE-SR transceiver module, MPO, 300M	Cisco	pluggable	layered	Ethernet transceivers	(none)	40G QSFP+	sku ^QSFP-40							
QSFP-40G-CSR4=	QSFP 4x10GBASE-SR transceiver module, MPO, 300M, Spare	Storage Networking Modules	pluggable	layered	Ethernet transceivers	(none)	40G QSFP+	sku ^QSFP-40							
QSFP-40G-ER4		5100 Blade Series	pluggable	layered	Ethernet transceivers	(none)	40G QSFP+	sku ^QSFP-40							
QSFP-40G-ER4=	QSFP 40GBASE-ER4 Transceiver Module, LC, 40KM	Network Convergence System 4000 Series	pluggable	layered	Ethernet transceivers	(none)	40G QSFP+	sku ^QSFP-40							
QSFP-40G-LR4		5100 Blade Series	pluggable	layered	Ethernet transceivers	(none)	40G QSFP+	sku ^QSFP-40							
QSFP-40G-LR4-S	QSFP 40GBASE-LR4 Trnscvr Mod, LC, 10km, Enterprise-Class	Cisco	pluggable	layered	Ethernet transceivers	(none)	40G QSFP+	sku ^QSFP-40							
QSFP-40G-LR4-S=	QSFP 40GBASE-LR4 Trnscvr Mod, LC, 10km, Enterprise-Class, Spare	MDS 9200 Series Multiservice	pluggable	layered	Ethernet transceivers	(none)	40G QSFP+	sku ^QSFP-40							
QSFP-40G-LR4=	QSFP 40GBASE-LR4 Transceiver Module, LC, 10KM	Network Convergence System 4000 Series	pluggable	layered	Ethernet transceivers	(none)	40G QSFP+	sku ^QSFP-40							
QSFP-40G-SR-BD	40GBASE-SR BiDi Module	Cisco	pluggable	layered	Ethernet transceivers	(none)	40G QSFP+	sku ^QSFP-40							
QSFP-40G-SR-BD=	40GBASE-SR BiDi Module, spare	MDS 9700 Series Multilayer Directors	pluggable	layered	Ethernet transceivers	(none)	40G QSFP+	sku ^QSFP-40							
QSFP-40G-SR-S	Cisco QSFP-40G-SR-S	Nexus 7000	pluggable	layered	Ethernet transceivers	(none)	40G QSFP+	sku ^QSFP-40							
QSFP-40G-SR4	40GBASE-SR4 QSFP Transceiver Module with MPO Connector	40G QSFP+ Modules	pluggable	layered	Ethernet transceivers	(none)	40G QSFP+	sku ^QSFP-40							
QSFP-40G-SR4-S	40GBASE-SR4 (IEEE 802.3ba Spec.) QSFP+ transceiver module for MMF, MPO/MTP connector	Cisco	pluggable	layered	Ethernet transceivers	(none)	40G QSFP+	sku ^QSFP-40							
QSFP-40G-SR4-S=	40GBASE-SR4 (IEEE 802.3ba Spec.) QSFP+ transceiver module for MMF, MPO/MTP connector	Nexus 3000	pluggable	layered	Ethernet transceivers	(none)	40G QSFP+	sku ^QSFP-40							
QSFP-40G-SR4=	40GBASE-SR4 QSFP Transceiver Module with MPO Connector, Spare	Storage Networking Modules	pluggable	layered	Ethernet transceivers	(none)	40G QSFP+	sku ^QSFP-40							
QSFP-40GE-ER4	Cisco 40GBASE-ER4 Transceiver Module, LC, 40km	Nexus 6000	pluggable	layered	Ethernet transceivers	(none)	40G QSFP+	sku ^QSFP-40							
QSFP-40GE-LR4	Cisco QSFP-40GE-LR4 40GBASE-LR4 QSFP+ — Singlemode, 10 km, LC	Cisco	pluggable	layered	Ethernet transceivers	(none)	40G QSFP+	sku ^QSFP-40							
QSFP-40GE-LR4-S	40GBASE-LR4 QSFP+ transceiver module for SMF, duplex LC connector, 10 km reach	Nexus 3000	pluggable	layered	Ethernet transceivers	(none)	40G QSFP+	sku ^QSFP-40							
QSFP-40GE-LR4=	QSFP 40GBASE-LR4 Transceiver Module, LC, 10KM	Network Convergence System 2000 Series	pluggable	layered	Ethernet transceivers	(none)	40G QSFP+	sku ^QSFP-40							
QSFP-4S50-CU1M	Cisco QSFP-4S50-CU1M	Transceiver Modules	breakout-cable	layered	Ethernet transceivers	(none)	200G / 400G QSFP-DD, QSFP112 and QSFP56	sku ^QSFP-4S50							
QSFP-4S50-CU2M	Cisco QSFP-4S50-CU2M	Transceiver Modules	breakout-cable	layered	Ethernet transceivers	(none)	200G / 400G QSFP-DD, QSFP112 and QSFP56	sku ^QSFP-4S50							
QSFP-4S50-CU3M	Cisco QSFP-4S50-CU3M	Transceiver Modules	breakout-cable	layered	Ethernet transceivers	(none)	200G / 400G QSFP-DD, QSFP112 and QSFP56	sku ^QSFP-4S50							
QSFP-4SFP10-CU0-5	Cisco QSFP-4SFP10-CU0-5 40G QSFP+ zu 4× 10G SFP+ Breakout Twinax DAC — passive, 0,5 m	Cisco	breakout-cable	layered	Ethernet transceivers	(none)	40G QSFP+	sku ^QSFP-4SFP10							
QSFP-4SFP10-CU0-5=	Cisco QSFP-4SFP10-CU0-5=	Transceiver Modules	breakout-cable	layered	Ethernet transceivers	(none)	40G QSFP+	sku ^QSFP-4SFP10							
QSFP-4SFP10G-CU10M	Cisco QSFP-4SFP10G-CU10M	Compute Hyperconverged with Nutanix	breakout-cable	layered	Ethernet transceivers	(none)	40G QSFP+	sku ^QSFP-4SFP10							
QSFP-4SFP10G-CU1M	Cisco QSFP-4SFP10G-CU1M 40G QSFP+ zu 4× 10G SFP+ Breakout Twinax DAC — passive, 1 m	Cisco	breakout-cable	layered	Ethernet transceivers	(none)	40G QSFP+	sku ^QSFP-4SFP10							
QSFP-4SFP10G-CU1M=	Cisco QSFP-4SFP10G-CU1M=	Transceiver Modules	breakout-cable	layered	Ethernet transceivers	(none)	40G QSFP+	sku ^QSFP-4SFP10							
QSFP-4SFP10G-CU2M	Cisco QSFP-4SFP10G-CU2M 40G QSFP+ zu 4× 10G SFP+ Breakout Twinax DAC — passive, 2 m	Cisco	breakout-cable	layered	Ethernet transceivers	(none)	40G QSFP+	sku ^QSFP-4SFP10							
QSFP-4SFP10G-CU2M=	Cisco QSFP-4SFP10G-CU2M=	Transceiver Modules	breakout-cable	layered	Ethernet transceivers	(none)	40G QSFP+	sku ^QSFP-4SFP10							
QSFP-4SFP10G-CU3M	Cisco QSFP-4SFP10G-CU3M 40G QSFP+ zu 4× 10G SFP+ Breakout Twinax DAC — passive, 3 m	Cisco	breakout-cable	layered	Ethernet transceivers	(none)	40G QSFP+	sku ^QSFP-4SFP10							
QSFP-4SFP10G-CU3M=	Cisco QSFP-4SFP10G-CU3M=	Transceiver Modules	breakout-cable	layered	Ethernet transceivers	(none)	40G QSFP+	sku ^QSFP-4SFP10							
QSFP-4SFP10G-CU4M	Cisco QSFP-4SFP10G-CU4M 40G QSFP+ zu 4× 10G SFP+ Breakout Twinax DAC — passive, 4 m	Cisco	breakout-cable	layered	Ethernet transceivers	(none)	40G QSFP+	sku ^QSFP-4SFP10							
QSFP-4SFP10G-CU4M=	Cisco QSFP-4SFP10G-CU4M=	Transceiver Modules	breakout-cable	layered	Ethernet transceivers	(none)	40G QSFP+	sku ^QSFP-4SFP10							
QSFP-4SFP10G-CU5M	Cisco QSFP-4SFP10G-CU5M 40G QSFP+ zu 4× 10G SFP+ Breakout Twinax DAC — passive, 5 m	Cisco	breakout-cable	layered	Ethernet transceivers	(none)	40G QSFP+	sku ^QSFP-4SFP10							
QSFP-4SFP10G-CU5M=	Cisco QSFP-4SFP10G-CU5M=	Transceiver Modules	breakout-cable	layered	Ethernet transceivers	(none)	40G QSFP+	sku ^QSFP-4SFP10							
QSFP-4SFP25-CU1M	Cisco QSFP-4SFP25-CU1M 100G QSFP28 zu 4× 25G SFP28 Breakout Twinax DAC — passiv, 1 m	Cisco	breakout-cable	layered	Ethernet transceivers	(none)	100G QSFP28	sku ^QSFP-4SFP25G?							
QSFP-4SFP25-CU2M	Cisco QSFP-4SFP25-CU2M 100G QSFP28 zu 4× 25G SFP28 Breakout Twinax DAC — passiv, 2 m	Cisco	breakout-cable	layered	Ethernet transceivers	(none)	100G QSFP28	sku ^QSFP-4SFP25G?							
QSFP-4SFP25-CU3M	Cisco QSFP-4SFP25-CU3M 100G QSFP28 zu 4× 25G SFP28 Breakout Twinax DAC — passiv, 3 m	Cisco	breakout-cable	layered	Ethernet transceivers	(none)	100G QSFP28	sku ^QSFP-4SFP25G?							
QSFP-4SFP25-CU4M	Cisco QSFP-4SFP25-CU4M 100G QSFP28 zu 4× 25G SFP28 Breakout Twinax DAC — passiv, 4 m	Cisco	breakout-cable	layered	Ethernet transceivers	(none)	100G QSFP28	sku ^QSFP-4SFP25G?							
QSFP-4SFP25-CU5M	Cisco QSFP-4SFP25-CU5M 100G QSFP28 zu 4× 25G SFP28 Breakout Twinax DAC — passiv, 5 m	Cisco	breakout-cable	layered	Ethernet transceivers	(none)	100G QSFP28	sku ^QSFP-4SFP25G?							
QSFP-4SFP25G-CU1.5M	Cisco QSFP-4SFP25G-CU1.5M 100G QSFP28 auf 4×25G SFP28 Breakout-Twinax-DAC — passiv, 1,5 m	Cisco	breakout-cable	layered	Ethernet transceivers	(none)	100G QSFP28	sku ^QSFP-4SFP25G?							
QSFP-4SFP25G-CU1M	Cisco QSFP-4SFP25G-CU1M 100G QSFP28 zu 4× 25G SFP28 Breakout Twinax DAC — passiv, 1 m	Cisco	breakout-cable	layered	Ethernet transceivers	(none)	100G QSFP28	sku ^QSFP-4SFP25G?							
QSFP-4SFP25G-CU2.5M	Cisco QSFP-4SFP25G-CU2.5M 100G QSFP28 auf 4×25G SFP28 Breakout-Twinax-DAC — passiv, 2,5 m	Cisco	breakout-cable	layered	Ethernet transceivers	(none)	100G QSFP28	sku ^QSFP-4SFP25G?							
QSFP-4SFP25G-CU2M	Cisco QSFP-4SFP25G-CU2M 100G QSFP28 zu 4× 25G SFP28 Breakout Twinax DAC — passiv, 2 m	Cisco	breakout-cable	layered	Ethernet transceivers	(none)	100G QSFP28	sku ^QSFP-4SFP25G?							
QSFP-4SFP25G-CU3M	Cisco QSFP-4SFP25G-CU3M 100G QSFP28 zu 4× 25G SFP28 Breakout Twinax DAC — passiv, 3 m	Cisco	breakout-cable	layered	Ethernet transceivers	(none)	100G QSFP28	sku ^QSFP-4SFP25G?							
QSFP-4SFP25G-CU4M	Cisco QSFP-4SFP25G-CU4M 100G QSFP28 auf 4×25G SFP28 Breakout-Twinax-DAC — passiv, 4 m	Cisco	breakout-cable	layered	Ethernet transceivers	(none)	100G QSFP28	sku ^QSFP-4SFP25G?							
QSFP-4SFP25G-CU5M	Cisco QSFP-4SFP25G-CU5M 100G QSFP28 zu 4× 25G SFP28 Breakout Twinax DAC — passiv, 5 m	Cisco	breakout-cable	layered	Ethernet transceivers	(none)	100G QSFP28	sku ^QSFP-4SFP25G?							
QSFP-4X10G-AC10M	Cisco QSFP-4X10G-AC10M 40G QSFP+ zu 4× 10G SFP+ Breakout Twinax DAC — aktive, 10 m	Cisco	breakout-cable	layered	Ethernet transceivers	(none)	40G QSFP+	sku ^QSFP-4X10G							
QSFP-4X10G-AC10M=	Cisco QSFP-4X10G-AC10M=	Transceiver Modules	breakout-cable	layered	Ethernet transceivers	(none)	40G QSFP+	sku ^QSFP-4X10G							
QSFP-4X10G-AC7M	Cisco QSFP-4X10G-AC7M 40G QSFP+ zu 4× 10G SFP+ Breakout Twinax DAC — aktive, 7 m	Cisco	breakout-cable	layered	Ethernet transceivers	(none)	40G QSFP+	sku ^QSFP-4X10G							
QSFP-4X10G-AC7M=	Cisco QSFP-4X10G-AC7M=	Transceiver Modules	breakout-cable	layered	Ethernet transceivers	(none)	40G QSFP+	sku ^QSFP-4X10G							
QSFP-4X10G-ACxM	QSFP to 4 SFP+ copper break-out cables (length x - 7m, 10m)	Network Convergence System 5000 Series	breakout-cable	pending_plan								class non_product			
QSFP-4X10G-AOC10M	Cisco QSFP-4X10G-AOC10M 40G QSFP+ zu 4× 10G SFP+ Breakout Active Optical Cable (AOC) — 10 m	Cisco	breakout-cable	layered	Ethernet transceivers	(none)	40G QSFP+	sku ^QSFP-4X10G							
QSFP-4X10G-AOC10M=	Cisco QSFP-4X10G-AOC10M=	Transceiver Modules	breakout-cable	layered	Ethernet transceivers	(none)	40G QSFP+	sku ^QSFP-4X10G							
QSFP-4X10G-AOC1M	Cisco QSFP-4X10G-AOC1M 40G QSFP+ zu 4× 10G SFP+ Breakout Active Optical Cable (AOC) — 1 m	Cisco	breakout-cable	layered	Ethernet transceivers	(none)	40G QSFP+	sku ^QSFP-4X10G							
QSFP-4X10G-AOC1M=	Cisco QSFP-4X10G-AOC1M=	Transceiver Modules	breakout-cable	layered	Ethernet transceivers	(none)	40G QSFP+	sku ^QSFP-4X10G							
QSFP-4X10G-AOC2M	Cisco QSFP-4X10G-AOC2M 40G QSFP+ zu 4× 10G SFP+ Breakout Active Optical Cable (AOC) — 2 m	Cisco	breakout-cable	layered	Ethernet transceivers	(none)	40G QSFP+	sku ^QSFP-4X10G							
QSFP-4X10G-AOC2M=	Cisco QSFP-4X10G-AOC2M=	Transceiver Modules	breakout-cable	layered	Ethernet transceivers	(none)	40G QSFP+	sku ^QSFP-4X10G							
QSFP-4X10G-AOC3M	Cisco QSFP-4X10G-AOC3M 40G QSFP+ zu 4× 10G SFP+ Breakout Active Optical Cable (AOC) — 3 m	Cisco	breakout-cable	layered	Ethernet transceivers	(none)	40G QSFP+	sku ^QSFP-4X10G							
QSFP-4X10G-AOC3M=	Cisco QSFP-4X10G-AOC3M=	Transceiver Modules	breakout-cable	layered	Ethernet transceivers	(none)	40G QSFP+	sku ^QSFP-4X10G							
QSFP-4X10G-AOC5M	Cisco QSFP-4X10G-AOC5M 40G QSFP+ zu 4× 10G SFP+ Breakout Active Optical Cable (AOC) — 5 m	Cisco	breakout-cable	layered	Ethernet transceivers	(none)	40G QSFP+	sku ^QSFP-4X10G							
QSFP-4X10G-AOC5M=	Cisco QSFP-4X10G-AOC5M=	Transceiver Modules	breakout-cable	layered	Ethernet transceivers	(none)	40G QSFP+	sku ^QSFP-4X10G							
QSFP-4X10G-AOC7M	Cisco QSFP-4X10G-AOC7M 40G QSFP+ zu 4× 10G SFP+ Breakout Active Optical Cable (AOC) — 7 m	Cisco	breakout-cable	layered	Ethernet transceivers	(none)	40G QSFP+	sku ^QSFP-4X10G							
QSFP-4X10G-AOC7M=	Cisco QSFP-4X10G-AOC7M=	Transceiver Modules	breakout-cable	layered	Ethernet transceivers	(none)	40G QSFP+	sku ^QSFP-4X10G							
QSFP-4X10G-AOCxM	QSFP active optical breakout cables (length x - 1m to 10m)	Network Convergence System 5000 Series	breakout-cable	pending_plan								class non_product			
QSFP-4X10G-LR-S	QSFP 4x10G transceiver module, SM MPO, 10KM, enterprise class	Cisco	pluggable	layered	Ethernet transceivers	(none)	40G QSFP+	sku ^QSFP-4X10G							
QSFP-4X10G-LR-S=	QSFP 4x10G transceiver module, SM MPO, 10KM, enterprise class	Network Convergence System 2000 Series	pluggable	layered	Ethernet transceivers	(none)	40G QSFP+	sku ^QSFP-4X10G							
QSFP-4X10G-LR=	Cisco QSFP-4X10G-LR=	Network Convergence System 2000 Series	pluggable	layered	Ethernet transceivers	(none)	40G QSFP+	sku ^QSFP-4X10G							
QSFP-H10G-ACUxM	QSFP to QSFP copper direct-attach cables (length x- 7m, 10m)	Network Convergence System 5000 Series	cable	pending_plan								class non_product			
QSFP-H40G-ACU10M	Cisco QSFP-H40G-ACU10M 40GBASE-CR4 QSFP+ Twinax DAC Kabel — aktive, 10 m	Cisco	cable	layered	Direct-attach and active optical cables	(none)	DAC and AOC cables (SFP+ / SFP28 / SFP56 / QSFP / QSFP-DD)	sku ^(?!Q(?:SFP|DD)?-?[0-9]+(?:SFP|X[0-9]|Q[0-9]|ZQ|S[0-9])).*(?<!E)CU[0-9]							
QSFP-H40G-ACU10M=	Cisco QSFP-H40G-ACU10M=	Transceiver Modules	cable	layered	Direct-attach and active optical cables	(none)	DAC and AOC cables (SFP+ / SFP28 / SFP56 / QSFP / QSFP-DD)	sku ^(?!Q(?:SFP|DD)?-?[0-9]+(?:SFP|X[0-9]|Q[0-9]|ZQ|S[0-9])).*(?<!E)CU[0-9]							
QSFP-H40G-ACU7M	Cisco QSFP-H40G-ACU7M 40GBASE-CR4 QSFP+ Twinax DAC Kabel — aktive, 7 m	Cisco	cable	layered	Direct-attach and active optical cables	(none)	DAC and AOC cables (SFP+ / SFP28 / SFP56 / QSFP / QSFP-DD)	sku ^(?!Q(?:SFP|DD)?-?[0-9]+(?:SFP|X[0-9]|Q[0-9]|ZQ|S[0-9])).*(?<!E)CU[0-9]							
QSFP-H40G-ACU7M=	Cisco QSFP-H40G-ACU7M=	Transceiver Modules	cable	layered	Direct-attach and active optical cables	(none)	DAC and AOC cables (SFP+ / SFP28 / SFP56 / QSFP / QSFP-DD)	sku ^(?!Q(?:SFP|DD)?-?[0-9]+(?:SFP|X[0-9]|Q[0-9]|ZQ|S[0-9])).*(?<!E)CU[0-9]							
QSFP-H40G-ACUxM	Cisco QSFP-H40G-ACUxM	Nexus 7000	cable	pending_plan								class non_product			
QSFP-H40G-AOC10M	Cisco QSFP-H40G-AOC10M 40G QSFP+ Active Optical Cable (AOC) — 10 m	Cisco	cable	layered	Direct-attach and active optical cables	(none)	DAC and AOC cables (SFP+ / SFP28 / SFP56 / QSFP / QSFP-DD)	sku ^(?!Q(?:SFP|DD)?-?[0-9]+(?:SFP|X[0-9]|Q[0-9]|ZQ|S[0-9])).*AOC							
QSFP-H40G-AOC10M=	Cisco QSFP-H40G-AOC10M=	Transceiver Modules	cable	layered	Direct-attach and active optical cables	(none)	DAC and AOC cables (SFP+ / SFP28 / SFP56 / QSFP / QSFP-DD)	sku ^(?!Q(?:SFP|DD)?-?[0-9]+(?:SFP|X[0-9]|Q[0-9]|ZQ|S[0-9])).*AOC							
QSFP-H40G-AOC15M	Cisco QSFP-H40G-AOC15M 40G QSFP+ Active Optical Cable (AOC) — 15 m	Cisco	cable	layered	Direct-attach and active optical cables	(none)	DAC and AOC cables (SFP+ / SFP28 / SFP56 / QSFP / QSFP-DD)	sku ^(?!Q(?:SFP|DD)?-?[0-9]+(?:SFP|X[0-9]|Q[0-9]|ZQ|S[0-9])).*AOC							
QSFP-H40G-AOC15M=	Cisco QSFP-H40G-AOC15M=	Transceiver Modules	cable	layered	Direct-attach and active optical cables	(none)	DAC and AOC cables (SFP+ / SFP28 / SFP56 / QSFP / QSFP-DD)	sku ^(?!Q(?:SFP|DD)?-?[0-9]+(?:SFP|X[0-9]|Q[0-9]|ZQ|S[0-9])).*AOC							
QSFP-H40G-AOC1M	Cisco QSFP-H40G-AOC1M 40G QSFP+ Active Optical Cable (AOC) — 1 m	Cisco	cable	layered	Direct-attach and active optical cables	(none)	DAC and AOC cables (SFP+ / SFP28 / SFP56 / QSFP / QSFP-DD)	sku ^(?!Q(?:SFP|DD)?-?[0-9]+(?:SFP|X[0-9]|Q[0-9]|ZQ|S[0-9])).*AOC							
QSFP-H40G-AOC1M=	Cisco QSFP-H40G-AOC1M=	Transceiver Modules	cable	layered	Direct-attach and active optical cables	(none)	DAC and AOC cables (SFP+ / SFP28 / SFP56 / QSFP / QSFP-DD)	sku ^(?!Q(?:SFP|DD)?-?[0-9]+(?:SFP|X[0-9]|Q[0-9]|ZQ|S[0-9])).*AOC							
QSFP-H40G-AOC20M	Cisco QSFP-H40G-AOC20M 40G QSFP+ Active Optical Cable (AOC) — 20 m	Cisco	cable	layered	Direct-attach and active optical cables	(none)	DAC and AOC cables (SFP+ / SFP28 / SFP56 / QSFP / QSFP-DD)	sku ^(?!Q(?:SFP|DD)?-?[0-9]+(?:SFP|X[0-9]|Q[0-9]|ZQ|S[0-9])).*AOC							
QSFP-H40G-AOC20M=	Cisco QSFP-H40G-AOC20M=	Transceiver Modules	cable	layered	Direct-attach and active optical cables	(none)	DAC and AOC cables (SFP+ / SFP28 / SFP56 / QSFP / QSFP-DD)	sku ^(?!Q(?:SFP|DD)?-?[0-9]+(?:SFP|X[0-9]|Q[0-9]|ZQ|S[0-9])).*AOC							
QSFP-H40G-AOC25M	Cisco QSFP-H40G-AOC25M 40G QSFP+ Active Optical Cable (AOC) — 25 m	Cisco	cable	layered	Direct-attach and active optical cables	(none)	DAC and AOC cables (SFP+ / SFP28 / SFP56 / QSFP / QSFP-DD)	sku ^(?!Q(?:SFP|DD)?-?[0-9]+(?:SFP|X[0-9]|Q[0-9]|ZQ|S[0-9])).*AOC							
QSFP-H40G-AOC25M=	Cisco QSFP-H40G-AOC25M=	Transceiver Modules	cable	layered	Direct-attach and active optical cables	(none)	DAC and AOC cables (SFP+ / SFP28 / SFP56 / QSFP / QSFP-DD)	sku ^(?!Q(?:SFP|DD)?-?[0-9]+(?:SFP|X[0-9]|Q[0-9]|ZQ|S[0-9])).*AOC							
QSFP-H40G-AOC2M	Cisco QSFP-H40G-AOC2M 40G QSFP+ Active Optical Cable (AOC) — 2 m	Cisco	cable	layered	Direct-attach and active optical cables	(none)	DAC and AOC cables (SFP+ / SFP28 / SFP56 / QSFP / QSFP-DD)	sku ^(?!Q(?:SFP|DD)?-?[0-9]+(?:SFP|X[0-9]|Q[0-9]|ZQ|S[0-9])).*AOC							
QSFP-H40G-AOC2M=	Cisco QSFP-H40G-AOC2M=	Transceiver Modules	cable	layered	Direct-attach and active optical cables	(none)	DAC and AOC cables (SFP+ / SFP28 / SFP56 / QSFP / QSFP-DD)	sku ^(?!Q(?:SFP|DD)?-?[0-9]+(?:SFP|X[0-9]|Q[0-9]|ZQ|S[0-9])).*AOC							
QSFP-H40G-AOC30M	Cisco QSFP-H40G-AOC30M 40G QSFP+ Active Optical Cable (AOC) — 30 m	Cisco	cable	layered	Direct-attach and active optical cables	(none)	DAC and AOC cables (SFP+ / SFP28 / SFP56 / QSFP / QSFP-DD)	sku ^(?!Q(?:SFP|DD)?-?[0-9]+(?:SFP|X[0-9]|Q[0-9]|ZQ|S[0-9])).*AOC							
QSFP-H40G-AOC30M=	Cisco QSFP-H40G-AOC30M=	Transceiver Modules	cable	layered	Direct-attach and active optical cables	(none)	DAC and AOC cables (SFP+ / SFP28 / SFP56 / QSFP / QSFP-DD)	sku ^(?!Q(?:SFP|DD)?-?[0-9]+(?:SFP|X[0-9]|Q[0-9]|ZQ|S[0-9])).*AOC							
QSFP-H40G-AOC3M	Cisco QSFP-H40G-AOC3M 40G QSFP+ Active Optical Cable (AOC) — 3 m	Cisco	cable	layered	Direct-attach and active optical cables	(none)	DAC and AOC cables (SFP+ / SFP28 / SFP56 / QSFP / QSFP-DD)	sku ^(?!Q(?:SFP|DD)?-?[0-9]+(?:SFP|X[0-9]|Q[0-9]|ZQ|S[0-9])).*AOC							
QSFP-H40G-AOC3M=	Cisco QSFP-H40G-AOC3M=	Transceiver Modules	cable	layered	Direct-attach and active optical cables	(none)	DAC and AOC cables (SFP+ / SFP28 / SFP56 / QSFP / QSFP-DD)	sku ^(?!Q(?:SFP|DD)?-?[0-9]+(?:SFP|X[0-9]|Q[0-9]|ZQ|S[0-9])).*AOC							
QSFP-H40G-AOC5M	Cisco QSFP-H40G-AOC5M 40G QSFP+ Active Optical Cable (AOC) — 5 m	Cisco	cable	layered	Direct-attach and active optical cables	(none)	DAC and AOC cables (SFP+ / SFP28 / SFP56 / QSFP / QSFP-DD)	sku ^(?!Q(?:SFP|DD)?-?[0-9]+(?:SFP|X[0-9]|Q[0-9]|ZQ|S[0-9])).*AOC							
QSFP-H40G-AOC5M=	Cisco QSFP-H40G-AOC5M=	Transceiver Modules	cable	layered	Direct-attach and active optical cables	(none)	DAC and AOC cables (SFP+ / SFP28 / SFP56 / QSFP / QSFP-DD)	sku ^(?!Q(?:SFP|DD)?-?[0-9]+(?:SFP|X[0-9]|Q[0-9]|ZQ|S[0-9])).*AOC							
QSFP-H40G-AOC7M	Cisco QSFP-H40G-AOC7M 40G QSFP+ Active Optical Cable (AOC) — 7 m	Cisco	cable	layered	Direct-attach and active optical cables	(none)	DAC and AOC cables (SFP+ / SFP28 / SFP56 / QSFP / QSFP-DD)	sku ^(?!Q(?:SFP|DD)?-?[0-9]+(?:SFP|X[0-9]|Q[0-9]|ZQ|S[0-9])).*AOC							
QSFP-H40G-AOC7M=	Cisco QSFP-H40G-AOC7M=	Transceiver Modules	cable	layered	Direct-attach and active optical cables	(none)	DAC and AOC cables (SFP+ / SFP28 / SFP56 / QSFP / QSFP-DD)	sku ^(?!Q(?:SFP|DD)?-?[0-9]+(?:SFP|X[0-9]|Q[0-9]|ZQ|S[0-9])).*AOC							
QSFP-H40G-AOCXM	QSFP active optical breakout cables (length x - 1m to 15m)	MDS 9700 Series Multilayer Directors	cable	pending_plan								class non_product			
QSFP-H40G-AOCXM=	QSFP to QSFP active optical cables (X = 1,2,3,5,7,10), spare	MDS 9700 Series Multilayer Directors	cable	pending_plan								class non_product			
QSFP-H40G-CU0-5M	Cisco QSFP-H40G-CU0-5M 40GBASE-CR4 QSFP+ Twinax DAC Kabel — passive, 0,5 m	Cisco	cable	layered	Direct-attach and active optical cables	(none)	DAC and AOC cables (SFP+ / SFP28 / SFP56 / QSFP / QSFP-DD)	sku ^(?!Q(?:SFP|DD)?-?[0-9]+(?:SFP|X[0-9]|Q[0-9]|ZQ|S[0-9])).*(?<!E)CU[0-9]							
QSFP-H40G-CU0-5M=	Cisco QSFP-H40G-CU0-5M=	Transceiver Modules	cable	layered	Direct-attach and active optical cables	(none)	DAC and AOC cables (SFP+ / SFP28 / SFP56 / QSFP / QSFP-DD)	sku ^(?!Q(?:SFP|DD)?-?[0-9]+(?:SFP|X[0-9]|Q[0-9]|ZQ|S[0-9])).*(?<!E)CU[0-9]							
QSFP-H40G-CU1M	Cisco QSFP-H40G-CU1M 40GBASE-CR4 QSFP+ Twinax DAC Kabel — passive, 1 m	Cisco	cable	layered	Direct-attach and active optical cables	(none)	DAC and AOC cables (SFP+ / SFP28 / SFP56 / QSFP / QSFP-DD)	sku ^(?!Q(?:SFP|DD)?-?[0-9]+(?:SFP|X[0-9]|Q[0-9]|ZQ|S[0-9])).*(?<!E)CU[0-9]							
QSFP-H40G-CU1M=	Cisco QSFP-H40G-CU1M=	Transceiver Modules	cable	layered	Direct-attach and active optical cables	(none)	DAC and AOC cables (SFP+ / SFP28 / SFP56 / QSFP / QSFP-DD)	sku ^(?!Q(?:SFP|DD)?-?[0-9]+(?:SFP|X[0-9]|Q[0-9]|ZQ|S[0-9])).*(?<!E)CU[0-9]							
QSFP-H40G-CU2M	Cisco QSFP-H40G-CU2M 40GBASE-CR4 QSFP+ Twinax DAC Kabel — passive, 2 m	Cisco	cable	layered	Direct-attach and active optical cables	(none)	DAC and AOC cables (SFP+ / SFP28 / SFP56 / QSFP / QSFP-DD)	sku ^(?!Q(?:SFP|DD)?-?[0-9]+(?:SFP|X[0-9]|Q[0-9]|ZQ|S[0-9])).*(?<!E)CU[0-9]							
QSFP-H40G-CU2M=	Cisco QSFP-H40G-CU2M=	Transceiver Modules	cable	layered	Direct-attach and active optical cables	(none)	DAC and AOC cables (SFP+ / SFP28 / SFP56 / QSFP / QSFP-DD)	sku ^(?!Q(?:SFP|DD)?-?[0-9]+(?:SFP|X[0-9]|Q[0-9]|ZQ|S[0-9])).*(?<!E)CU[0-9]							
QSFP-H40G-CU3M	Cisco QSFP-H40G-CU3M 40GBASE-CR4 QSFP+ Twinax DAC Kabel — passive, 3 m	Cisco	cable	layered	Direct-attach and active optical cables	(none)	DAC and AOC cables (SFP+ / SFP28 / SFP56 / QSFP / QSFP-DD)	sku ^(?!Q(?:SFP|DD)?-?[0-9]+(?:SFP|X[0-9]|Q[0-9]|ZQ|S[0-9])).*(?<!E)CU[0-9]							
QSFP-H40G-CU3M=	Cisco QSFP-H40G-CU3M=	Transceiver Modules	cable	layered	Direct-attach and active optical cables	(none)	DAC and AOC cables (SFP+ / SFP28 / SFP56 / QSFP / QSFP-DD)	sku ^(?!Q(?:SFP|DD)?-?[0-9]+(?:SFP|X[0-9]|Q[0-9]|ZQ|S[0-9])).*(?<!E)CU[0-9]							
QSFP-H40G-CU4M	Cisco QSFP-H40G-CU4M 40GBASE-CR4 QSFP+ Twinax DAC Kabel — passive, 4 m	Cisco	cable	layered	Direct-attach and active optical cables	(none)	DAC and AOC cables (SFP+ / SFP28 / SFP56 / QSFP / QSFP-DD)	sku ^(?!Q(?:SFP|DD)?-?[0-9]+(?:SFP|X[0-9]|Q[0-9]|ZQ|S[0-9])).*(?<!E)CU[0-9]							
QSFP-H40G-CU4M=	Cisco QSFP-H40G-CU4M=	Transceiver Modules	cable	layered	Direct-attach and active optical cables	(none)	DAC and AOC cables (SFP+ / SFP28 / SFP56 / QSFP / QSFP-DD)	sku ^(?!Q(?:SFP|DD)?-?[0-9]+(?:SFP|X[0-9]|Q[0-9]|ZQ|S[0-9])).*(?<!E)CU[0-9]							
QSFP-H40G-CU5M	Cisco QSFP-H40G-CU5M 40GBASE-CR4 QSFP+ Twinax DAC Kabel — passive, 5 m	Cisco	cable	layered	Direct-attach and active optical cables	(none)	DAC and AOC cables (SFP+ / SFP28 / SFP56 / QSFP / QSFP-DD)	sku ^(?!Q(?:SFP|DD)?-?[0-9]+(?:SFP|X[0-9]|Q[0-9]|ZQ|S[0-9])).*(?<!E)CU[0-9]							
QSFP-H40G-CU5M=	Cisco QSFP-H40G-CU5M=	Transceiver Modules	cable	layered	Direct-attach and active optical cables	(none)	DAC and AOC cables (SFP+ / SFP28 / SFP56 / QSFP / QSFP-DD)	sku ^(?!Q(?:SFP|DD)?-?[0-9]+(?:SFP|X[0-9]|Q[0-9]|ZQ|S[0-9])).*(?<!E)CU[0-9]							
QSFP100GMX1-2-BUN	Routed Optical Networking 2x100G C-Band MX1-A1 QSFP Bundle	Transceiver Modules	tunable	layered	Coherent and digital-coherent pluggables	(none)	400G / 800G ZR, ZR+ and CFP2 DCO	sku ^QSFP100GMX							
QSFP100GMX1-20-BUN	Routed Optical Networking 20x100G C-Band MX1-A1 QSFP Bundle	Transceiver Modules	tunable	layered	Coherent and digital-coherent pluggables	(none)	400G / 800G ZR, ZR+ and CFP2 DCO	sku ^QSFP100GMX							
QSFP100GMX2-2-BUN	Routed Optical Networking 2x100G C-Band MX2-A1 QSFP Bundle	Transceiver Modules	tunable	layered	Coherent and digital-coherent pluggables	(none)	400G / 800G ZR, ZR+ and CFP2 DCO	sku ^QSFP100GMX							
QSFP100GMX2-20-BUN	Routed Optical Networking 20x100G C-Band MX2-A1 QSFP Bundle	Transceiver Modules	tunable	layered	Coherent and digital-coherent pluggables	(none)	400G / 800G ZR, ZR+ and CFP2 DCO	sku ^QSFP100GMX							
RPHY-S10G-20K-200=	Cisco RPHY-S10G-20K-200=	GS7000 Nodes	pluggable	layered	Cable access and PON optics	(none)	Remote PHY SFP+ optics	sku ^RPHY-							
RPHY-S10G-20K-210=	Cisco RPHY-S10G-20K-210=	GS7000 Nodes	pluggable	layered	Cable access and PON optics	(none)	Remote PHY SFP+ optics	sku ^RPHY-							
RPHY-S10G-20K-220=	Cisco RPHY-S10G-20K-220=	GS7000 Nodes	pluggable	layered	Cable access and PON optics	(none)	Remote PHY SFP+ optics	sku ^RPHY-							
RPHY-S10G-20K-230=	Cisco RPHY-S10G-20K-230=	GS7000 Nodes	pluggable	layered	Cable access and PON optics	(none)	Remote PHY SFP+ optics	sku ^RPHY-							
RPHY-S10G-20K-240=	Cisco RPHY-S10G-20K-240=	GS7000 Nodes	pluggable	layered	Cable access and PON optics	(none)	Remote PHY SFP+ optics	sku ^RPHY-							
RPHY-S10G-20K-250=	Cisco RPHY-S10G-20K-250=	GS7000 Nodes	pluggable	layered	Cable access and PON optics	(none)	Remote PHY SFP+ optics	sku ^RPHY-							
RPHY-S10G-20K-260=	Cisco RPHY-S10G-20K-260=	GS7000 Nodes	pluggable	layered	Cable access and PON optics	(none)	Remote PHY SFP+ optics	sku ^RPHY-							
RPHY-S10G-20K-270=	Cisco RPHY-S10G-20K-270=	GS7000 Nodes	pluggable	layered	Cable access and PON optics	(none)	Remote PHY SFP+ optics	sku ^RPHY-							
RPHY-S10G-20K-280=	Cisco RPHY-S10G-20K-280=	GS7000 Nodes	pluggable	layered	Cable access and PON optics	(none)	Remote PHY SFP+ optics	sku ^RPHY-							
RPHY-S10G-20K-290=	Cisco RPHY-S10G-20K-290=	GS7000 Nodes	pluggable	layered	Cable access and PON optics	(none)	Remote PHY SFP+ optics	sku ^RPHY-							
RPHY-S10G-20K-300=	Cisco RPHY-S10G-20K-300=	GS7000 Nodes	pluggable	layered	Cable access and PON optics	(none)	Remote PHY SFP+ optics	sku ^RPHY-							
RPHY-S10G-20K-310=	Cisco RPHY-S10G-20K-310=	GS7000 Nodes	pluggable	layered	Cable access and PON optics	(none)	Remote PHY SFP+ optics	sku ^RPHY-							
RPHY-S10G-20K-320=	Cisco RPHY-S10G-20K-320=	GS7000 Nodes	pluggable	layered	Cable access and PON optics	(none)	Remote PHY SFP+ optics	sku ^RPHY-							
RPHY-S10G-20K-330=	Cisco RPHY-S10G-20K-330=	GS7000 Nodes	pluggable	layered	Cable access and PON optics	(none)	Remote PHY SFP+ optics	sku ^RPHY-							
RPHY-S10G-20K-340=	Cisco RPHY-S10G-20K-340=	GS7000 Nodes	pluggable	layered	Cable access and PON optics	(none)	Remote PHY SFP+ optics	sku ^RPHY-							
RPHY-S10G-20K-350=	Cisco RPHY-S10G-20K-350=	GS7000 Nodes	pluggable	layered	Cable access and PON optics	(none)	Remote PHY SFP+ optics	sku ^RPHY-							
RPHY-S10G-20K-360=	Cisco RPHY-S10G-20K-360=	GS7000 Nodes	pluggable	layered	Cable access and PON optics	(none)	Remote PHY SFP+ optics	sku ^RPHY-							
RPHY-S10G-20K-370=	Cisco RPHY-S10G-20K-370=	GS7000 Nodes	pluggable	layered	Cable access and PON optics	(none)	Remote PHY SFP+ optics	sku ^RPHY-							
RPHY-S10G-20K-380=	Cisco RPHY-S10G-20K-380=	GS7000 Nodes	pluggable	layered	Cable access and PON optics	(none)	Remote PHY SFP+ optics	sku ^RPHY-							
RPHY-S10G-20K-390=	Cisco RPHY-S10G-20K-390=	GS7000 Nodes	pluggable	layered	Cable access and PON optics	(none)	Remote PHY SFP+ optics	sku ^RPHY-							
RPHY-S10G-20K-400=	Cisco RPHY-S10G-20K-400=	Transceiver Modules	pluggable	layered	Cable access and PON optics	(none)	Remote PHY SFP+ optics	sku ^RPHY-							
RPHY-S10G-20K-410=	Cisco RPHY-S10G-20K-410=	Transceiver Modules	pluggable	layered	Cable access and PON optics	(none)	Remote PHY SFP+ optics	sku ^RPHY-							
RPHY-S10G-20K-420=	Cisco RPHY-S10G-20K-420=	Transceiver Modules	pluggable	layered	Cable access and PON optics	(none)	Remote PHY SFP+ optics	sku ^RPHY-							
RPHY-S10G-20K-430=	Cisco RPHY-S10G-20K-430=	Transceiver Modules	pluggable	layered	Cable access and PON optics	(none)	Remote PHY SFP+ optics	sku ^RPHY-							
RPHY-S10G-20K-440=	Cisco RPHY-S10G-20K-440=	Transceiver Modules	pluggable	layered	Cable access and PON optics	(none)	Remote PHY SFP+ optics	sku ^RPHY-							
RPHY-S10G-20K-450=	Cisco RPHY-S10G-20K-450=	Transceiver Modules	pluggable	layered	Cable access and PON optics	(none)	Remote PHY SFP+ optics	sku ^RPHY-							
RPHY-S10G-20K-460=	Cisco RPHY-S10G-20K-460=	Transceiver Modules	pluggable	layered	Cable access and PON optics	(none)	Remote PHY SFP+ optics	sku ^RPHY-							
RPHY-S10G-20K-470=	Cisco RPHY-S10G-20K-470=	Transceiver Modules	pluggable	layered	Cable access and PON optics	(none)	Remote PHY SFP+ optics	sku ^RPHY-							
RPHY-S10G-20K-480=	Cisco RPHY-S10G-20K-480=	Transceiver Modules	pluggable	layered	Cable access and PON optics	(none)	Remote PHY SFP+ optics	sku ^RPHY-							
RPHY-S10G-20K-490=	Cisco RPHY-S10G-20K-490=	Transceiver Modules	pluggable	layered	Cable access and PON optics	(none)	Remote PHY SFP+ optics	sku ^RPHY-							
RPHY-S10G-20K-500=	Cisco RPHY-S10G-20K-500=	Transceiver Modules	pluggable	layered	Cable access and PON optics	(none)	Remote PHY SFP+ optics	sku ^RPHY-							
RPHY-S10G-20K-510=	Cisco RPHY-S10G-20K-510=	Transceiver Modules	pluggable	layered	Cable access and PON optics	(none)	Remote PHY SFP+ optics	sku ^RPHY-							
RPHY-S10G-20K-520=	Cisco RPHY-S10G-20K-520=	Transceiver Modules	pluggable	layered	Cable access and PON optics	(none)	Remote PHY SFP+ optics	sku ^RPHY-							
RPHY-S10G-20K-530=	Cisco RPHY-S10G-20K-530=	Transceiver Modules	pluggable	layered	Cable access and PON optics	(none)	Remote PHY SFP+ optics	sku ^RPHY-							
RPHY-S10G-20K-540=	Cisco RPHY-S10G-20K-540=	Transceiver Modules	pluggable	layered	Cable access and PON optics	(none)	Remote PHY SFP+ optics	sku ^RPHY-							
RPHY-S10G-20K-550=	Cisco RPHY-S10G-20K-550=	Transceiver Modules	pluggable	layered	Cable access and PON optics	(none)	Remote PHY SFP+ optics	sku ^RPHY-							
RPHY-S10G-20K-560=	Cisco RPHY-S10G-20K-560=	Transceiver Modules	pluggable	layered	Cable access and PON optics	(none)	Remote PHY SFP+ optics	sku ^RPHY-							
RPHY-S10G-20K-570=	Cisco RPHY-S10G-20K-570=	Transceiver Modules	pluggable	layered	Cable access and PON optics	(none)	Remote PHY SFP+ optics	sku ^RPHY-							
RPHY-S10G-20K-580=	Cisco RPHY-S10G-20K-580=	Transceiver Modules	pluggable	layered	Cable access and PON optics	(none)	Remote PHY SFP+ optics	sku ^RPHY-							
RPHY-S10G-20K-590=	Cisco RPHY-S10G-20K-590=	Transceiver Modules	pluggable	layered	Cable access and PON optics	(none)	Remote PHY SFP+ optics	sku ^RPHY-							
RPHY-S10G-40K-200=	Cisco RPHY-S10G-40K-200=	GS7000 Nodes	pluggable	layered	Cable access and PON optics	(none)	Remote PHY SFP+ optics	sku ^RPHY-							
RPHY-S10G-40K-210=	Cisco RPHY-S10G-40K-210=	GS7000 Nodes	pluggable	layered	Cable access and PON optics	(none)	Remote PHY SFP+ optics	sku ^RPHY-							
RPHY-S10G-40K-220=	Cisco RPHY-S10G-40K-220=	GS7000 Nodes	pluggable	layered	Cable access and PON optics	(none)	Remote PHY SFP+ optics	sku ^RPHY-							
RPHY-S10G-40K-230=	Cisco RPHY-S10G-40K-230=	GS7000 Nodes	pluggable	layered	Cable access and PON optics	(none)	Remote PHY SFP+ optics	sku ^RPHY-							
RPHY-S10G-40K-240=	Cisco RPHY-S10G-40K-240=	GS7000 Nodes	pluggable	layered	Cable access and PON optics	(none)	Remote PHY SFP+ optics	sku ^RPHY-							
RPHY-S10G-40K-250=	Cisco RPHY-S10G-40K-250=	GS7000 Nodes	pluggable	layered	Cable access and PON optics	(none)	Remote PHY SFP+ optics	sku ^RPHY-							
RPHY-S10G-40K-260=	Cisco RPHY-S10G-40K-260=	GS7000 Nodes	pluggable	layered	Cable access and PON optics	(none)	Remote PHY SFP+ optics	sku ^RPHY-							
RPHY-S10G-40K-270=	Cisco RPHY-S10G-40K-270=	GS7000 Nodes	pluggable	layered	Cable access and PON optics	(none)	Remote PHY SFP+ optics	sku ^RPHY-							
RPHY-S10G-40K-280=	Cisco RPHY-S10G-40K-280=	GS7000 Nodes	pluggable	layered	Cable access and PON optics	(none)	Remote PHY SFP+ optics	sku ^RPHY-							
RPHY-S10G-40K-290=	Cisco RPHY-S10G-40K-290=	GS7000 Nodes	pluggable	layered	Cable access and PON optics	(none)	Remote PHY SFP+ optics	sku ^RPHY-							
RPHY-S10G-40K-300=	Cisco RPHY-S10G-40K-300=	GS7000 Nodes	pluggable	layered	Cable access and PON optics	(none)	Remote PHY SFP+ optics	sku ^RPHY-							
RPHY-S10G-40K-310=	Cisco RPHY-S10G-40K-310=	GS7000 Nodes	pluggable	layered	Cable access and PON optics	(none)	Remote PHY SFP+ optics	sku ^RPHY-							
RPHY-S10G-40K-320=	Cisco RPHY-S10G-40K-320=	GS7000 Nodes	pluggable	layered	Cable access and PON optics	(none)	Remote PHY SFP+ optics	sku ^RPHY-							
RPHY-S10G-40K-330=	Cisco RPHY-S10G-40K-330=	Transceiver Modules	pluggable	layered	Cable access and PON optics	(none)	Remote PHY SFP+ optics	sku ^RPHY-							
RPHY-S10G-40K-340=	Cisco RPHY-S10G-40K-340=	GS7000 Nodes	pluggable	layered	Cable access and PON optics	(none)	Remote PHY SFP+ optics	sku ^RPHY-							
RPHY-S10G-40K-350=	Cisco RPHY-S10G-40K-350=	Transceiver Modules	pluggable	layered	Cable access and PON optics	(none)	Remote PHY SFP+ optics	sku ^RPHY-							
RPHY-S10G-40K-360=	Cisco RPHY-S10G-40K-360=	GS7000 Nodes	pluggable	layered	Cable access and PON optics	(none)	Remote PHY SFP+ optics	sku ^RPHY-							
RPHY-S10G-40K-370=	Cisco RPHY-S10G-40K-370=	Transceiver Modules	pluggable	layered	Cable access and PON optics	(none)	Remote PHY SFP+ optics	sku ^RPHY-							
RPHY-S10G-40K-380=	Cisco RPHY-S10G-40K-380=	GS7000 Nodes	pluggable	layered	Cable access and PON optics	(none)	Remote PHY SFP+ optics	sku ^RPHY-							
RPHY-S10G-40K-390=	Cisco RPHY-S10G-40K-390=	GS7000 Nodes	pluggable	layered	Cable access and PON optics	(none)	Remote PHY SFP+ optics	sku ^RPHY-							
RPHY-S10G-40K-400=	Cisco RPHY-S10G-40K-400=	Transceiver Modules	pluggable	layered	Cable access and PON optics	(none)	Remote PHY SFP+ optics	sku ^RPHY-							
RPHY-S10G-40K-410=	Cisco RPHY-S10G-40K-410=	Transceiver Modules	pluggable	layered	Cable access and PON optics	(none)	Remote PHY SFP+ optics	sku ^RPHY-							
RPHY-S10G-40K-420=	Cisco RPHY-S10G-40K-420=	Transceiver Modules	pluggable	layered	Cable access and PON optics	(none)	Remote PHY SFP+ optics	sku ^RPHY-							
RPHY-S10G-40K-430=	Cisco RPHY-S10G-40K-430=	Transceiver Modules	pluggable	layered	Cable access and PON optics	(none)	Remote PHY SFP+ optics	sku ^RPHY-							
RPHY-S10G-40K-440=	Cisco RPHY-S10G-40K-440=	Transceiver Modules	pluggable	layered	Cable access and PON optics	(none)	Remote PHY SFP+ optics	sku ^RPHY-							
RPHY-S10G-40K-450=	Cisco RPHY-S10G-40K-450=	Transceiver Modules	pluggable	layered	Cable access and PON optics	(none)	Remote PHY SFP+ optics	sku ^RPHY-							
RPHY-S10G-40K-460=	Cisco RPHY-S10G-40K-460=	Transceiver Modules	pluggable	layered	Cable access and PON optics	(none)	Remote PHY SFP+ optics	sku ^RPHY-							
RPHY-S10G-40K-470=	Cisco RPHY-S10G-40K-470=	Transceiver Modules	pluggable	layered	Cable access and PON optics	(none)	Remote PHY SFP+ optics	sku ^RPHY-							
RPHY-S10G-40K-480=	Cisco RPHY-S10G-40K-480=	Transceiver Modules	pluggable	layered	Cable access and PON optics	(none)	Remote PHY SFP+ optics	sku ^RPHY-							
RPHY-S10G-40K-490=	Cisco RPHY-S10G-40K-490=	Transceiver Modules	pluggable	layered	Cable access and PON optics	(none)	Remote PHY SFP+ optics	sku ^RPHY-							
RPHY-S10G-40K-500=	Cisco RPHY-S10G-40K-500=	Transceiver Modules	pluggable	layered	Cable access and PON optics	(none)	Remote PHY SFP+ optics	sku ^RPHY-							
RPHY-S10G-40K-510=	Cisco RPHY-S10G-40K-510=	Transceiver Modules	pluggable	layered	Cable access and PON optics	(none)	Remote PHY SFP+ optics	sku ^RPHY-							
RPHY-S10G-40K-520=	Cisco RPHY-S10G-40K-520=	Transceiver Modules	pluggable	layered	Cable access and PON optics	(none)	Remote PHY SFP+ optics	sku ^RPHY-							
RPHY-S10G-40K-530=	Cisco RPHY-S10G-40K-530=	Transceiver Modules	pluggable	layered	Cable access and PON optics	(none)	Remote PHY SFP+ optics	sku ^RPHY-							
RPHY-S10G-40K-540=	Cisco RPHY-S10G-40K-540=	Transceiver Modules	pluggable	layered	Cable access and PON optics	(none)	Remote PHY SFP+ optics	sku ^RPHY-							
RPHY-S10G-40K-550=	Cisco RPHY-S10G-40K-550=	Transceiver Modules	pluggable	layered	Cable access and PON optics	(none)	Remote PHY SFP+ optics	sku ^RPHY-							
RPHY-S10G-40K-560=	Cisco RPHY-S10G-40K-560=	Transceiver Modules	pluggable	layered	Cable access and PON optics	(none)	Remote PHY SFP+ optics	sku ^RPHY-							
RPHY-S10G-40K-570=	Cisco RPHY-S10G-40K-570=	Transceiver Modules	pluggable	layered	Cable access and PON optics	(none)	Remote PHY SFP+ optics	sku ^RPHY-							
RPHY-S10G-40K-580=	Cisco RPHY-S10G-40K-580=	Transceiver Modules	pluggable	layered	Cable access and PON optics	(none)	Remote PHY SFP+ optics	sku ^RPHY-							
RPHY-S10G-40K-590=	Cisco RPHY-S10G-40K-590=	Transceiver Modules	pluggable	layered	Cable access and PON optics	(none)	Remote PHY SFP+ optics	sku ^RPHY-							
RPHY-S10G-80K-200=	Cisco RPHY-S10G-80K-200=	GS7000 Nodes	pluggable	layered	Cable access and PON optics	(none)	Remote PHY SFP+ optics	sku ^RPHY-							
RPHY-S10G-80K-210=	Cisco RPHY-S10G-80K-210=	GS7000 Nodes	pluggable	layered	Cable access and PON optics	(none)	Remote PHY SFP+ optics	sku ^RPHY-							
RPHY-S10G-80K-220=	Cisco RPHY-S10G-80K-220=	GS7000 Nodes	pluggable	layered	Cable access and PON optics	(none)	Remote PHY SFP+ optics	sku ^RPHY-							
RPHY-S10G-80K-230=	Cisco RPHY-S10G-80K-230=	GS7000 Nodes	pluggable	layered	Cable access and PON optics	(none)	Remote PHY SFP+ optics	sku ^RPHY-							
RPHY-S10G-80K-240=	Cisco RPHY-S10G-80K-240=	GS7000 Nodes	pluggable	layered	Cable access and PON optics	(none)	Remote PHY SFP+ optics	sku ^RPHY-							
RPHY-S10G-80K-250=	Cisco RPHY-S10G-80K-250=	GS7000 Nodes	pluggable	layered	Cable access and PON optics	(none)	Remote PHY SFP+ optics	sku ^RPHY-							
RPHY-S10G-80K-260=	Cisco RPHY-S10G-80K-260=	GS7000 Nodes	pluggable	layered	Cable access and PON optics	(none)	Remote PHY SFP+ optics	sku ^RPHY-							
RPHY-S10G-80K-270=	Cisco RPHY-S10G-80K-270=	GS7000 Nodes	pluggable	layered	Cable access and PON optics	(none)	Remote PHY SFP+ optics	sku ^RPHY-							
RPHY-S10G-80K-280=	Cisco RPHY-S10G-80K-280=	GS7000 Nodes	pluggable	layered	Cable access and PON optics	(none)	Remote PHY SFP+ optics	sku ^RPHY-							
RPHY-S10G-80K-290=	Cisco RPHY-S10G-80K-290=	GS7000 Nodes	pluggable	layered	Cable access and PON optics	(none)	Remote PHY SFP+ optics	sku ^RPHY-							
RPHY-S10G-80K-300=	Cisco RPHY-S10G-80K-300=	GS7000 Nodes	pluggable	layered	Cable access and PON optics	(none)	Remote PHY SFP+ optics	sku ^RPHY-							
RPHY-S10G-80K-310=	Cisco RPHY-S10G-80K-310=	GS7000 Nodes	pluggable	layered	Cable access and PON optics	(none)	Remote PHY SFP+ optics	sku ^RPHY-							
RPHY-S10G-80K-320=	Cisco RPHY-S10G-80K-320=	GS7000 Nodes	pluggable	layered	Cable access and PON optics	(none)	Remote PHY SFP+ optics	sku ^RPHY-							
RPHY-S10G-80K-330=	Cisco RPHY-S10G-80K-330=	GS7000 Nodes	pluggable	layered	Cable access and PON optics	(none)	Remote PHY SFP+ optics	sku ^RPHY-							
RPHY-S10G-80K-340=	Cisco RPHY-S10G-80K-340=	GS7000 Nodes	pluggable	layered	Cable access and PON optics	(none)	Remote PHY SFP+ optics	sku ^RPHY-							
RPHY-S10G-80K-350=	Cisco RPHY-S10G-80K-350=	GS7000 Nodes	pluggable	layered	Cable access and PON optics	(none)	Remote PHY SFP+ optics	sku ^RPHY-							
RPHY-S10G-80K-360=	Cisco RPHY-S10G-80K-360=	GS7000 Nodes	pluggable	layered	Cable access and PON optics	(none)	Remote PHY SFP+ optics	sku ^RPHY-							
RPHY-S10G-80K-370=	Cisco RPHY-S10G-80K-370=	GS7000 Nodes	pluggable	layered	Cable access and PON optics	(none)	Remote PHY SFP+ optics	sku ^RPHY-							
RPHY-S10G-80K-380=	Cisco RPHY-S10G-80K-380=	GS7000 Nodes	pluggable	layered	Cable access and PON optics	(none)	Remote PHY SFP+ optics	sku ^RPHY-							
RPHY-S10G-80K-390=	Cisco RPHY-S10G-80K-390=	GS7000 Nodes	pluggable	layered	Cable access and PON optics	(none)	Remote PHY SFP+ optics	sku ^RPHY-							
RPHY-S10G-80K-400=	Cisco RPHY-S10G-80K-400=	Transceiver Modules	pluggable	layered	Cable access and PON optics	(none)	Remote PHY SFP+ optics	sku ^RPHY-							
RPHY-S10G-80K-410=	Cisco RPHY-S10G-80K-410=	Transceiver Modules	pluggable	layered	Cable access and PON optics	(none)	Remote PHY SFP+ optics	sku ^RPHY-							
RPHY-S10G-80K-420=	Cisco RPHY-S10G-80K-420=	Transceiver Modules	pluggable	layered	Cable access and PON optics	(none)	Remote PHY SFP+ optics	sku ^RPHY-							
RPHY-S10G-80K-430=	Cisco RPHY-S10G-80K-430=	Transceiver Modules	pluggable	layered	Cable access and PON optics	(none)	Remote PHY SFP+ optics	sku ^RPHY-							
RPHY-S10G-80K-440=	Cisco RPHY-S10G-80K-440=	Transceiver Modules	pluggable	layered	Cable access and PON optics	(none)	Remote PHY SFP+ optics	sku ^RPHY-							
RPHY-S10G-80K-450=	Cisco RPHY-S10G-80K-450=	Transceiver Modules	pluggable	layered	Cable access and PON optics	(none)	Remote PHY SFP+ optics	sku ^RPHY-							
RPHY-S10G-80K-460=	Cisco RPHY-S10G-80K-460=	Transceiver Modules	pluggable	layered	Cable access and PON optics	(none)	Remote PHY SFP+ optics	sku ^RPHY-							
RPHY-S10G-80K-470=	Cisco RPHY-S10G-80K-470=	Transceiver Modules	pluggable	layered	Cable access and PON optics	(none)	Remote PHY SFP+ optics	sku ^RPHY-							
RPHY-S10G-80K-480=	Cisco RPHY-S10G-80K-480=	Transceiver Modules	pluggable	layered	Cable access and PON optics	(none)	Remote PHY SFP+ optics	sku ^RPHY-							
RPHY-S10G-80K-490=	Cisco RPHY-S10G-80K-490=	Transceiver Modules	pluggable	layered	Cable access and PON optics	(none)	Remote PHY SFP+ optics	sku ^RPHY-							
RPHY-S10G-80K-500=	Cisco RPHY-S10G-80K-500=	Transceiver Modules	pluggable	layered	Cable access and PON optics	(none)	Remote PHY SFP+ optics	sku ^RPHY-							
RPHY-S10G-80K-510=	Cisco RPHY-S10G-80K-510=	Transceiver Modules	pluggable	layered	Cable access and PON optics	(none)	Remote PHY SFP+ optics	sku ^RPHY-							
RPHY-S10G-80K-520=	Cisco RPHY-S10G-80K-520=	Transceiver Modules	pluggable	layered	Cable access and PON optics	(none)	Remote PHY SFP+ optics	sku ^RPHY-							
RPHY-S10G-80K-530=	Cisco RPHY-S10G-80K-530=	Transceiver Modules	pluggable	layered	Cable access and PON optics	(none)	Remote PHY SFP+ optics	sku ^RPHY-							
RPHY-S10G-80K-540=	Cisco RPHY-S10G-80K-540=	Transceiver Modules	pluggable	layered	Cable access and PON optics	(none)	Remote PHY SFP+ optics	sku ^RPHY-							
RPHY-S10G-80K-550=	Cisco RPHY-S10G-80K-550=	Transceiver Modules	pluggable	layered	Cable access and PON optics	(none)	Remote PHY SFP+ optics	sku ^RPHY-							
RPHY-S10G-80K-560=	Cisco RPHY-S10G-80K-560=	Transceiver Modules	pluggable	layered	Cable access and PON optics	(none)	Remote PHY SFP+ optics	sku ^RPHY-							
RPHY-S10G-80K-570=	Cisco RPHY-S10G-80K-570=	Transceiver Modules	pluggable	layered	Cable access and PON optics	(none)	Remote PHY SFP+ optics	sku ^RPHY-							
RPHY-S10G-80K-580=	Cisco RPHY-S10G-80K-580=	Transceiver Modules	pluggable	layered	Cable access and PON optics	(none)	Remote PHY SFP+ optics	sku ^RPHY-							
RPHY-S10G-80K-590=	Cisco RPHY-S10G-80K-590=	Transceiver Modules	pluggable	layered	Cable access and PON optics	(none)	Remote PHY SFP+ optics	sku ^RPHY-							
S10G-B40D-PM-D-I	SFP-10GbE Performance Monitoring, ER-BiDi, SM, 1330/1270nm, 40km, I-Temp	Transceiver Modules	bidi	layered	Ethernet transceivers	(none)	10G SFP+	sku ^S10G-							
S10G-B40U-PM-D-I	SFP-10GbE Performance Monitoring, ER-BiDi, SM, 1270/1330nm, 40km, I-Temp	Transceiver Modules	bidi	layered	Ethernet transceivers	(none)	10G SFP+	sku ^S10G-							
S10G-BD-PM-D-I	SFP-10GbE Performance Monitoring, LR-BiDi, SM, 1330/1270nm, 10km, I-Temp	Transceiver Modules	bidi	layered	Ethernet transceivers	(none)	10G SFP+	sku ^S10G-							
S10G-BU-PM-D-I	SFP-10GbE Performance Monitoring, LR-BiDi, SM, 1270/1310nm, 10km, I-Temp	Transceiver Modules	bidi	layered	Ethernet transceivers	(none)	10G SFP+	sku ^S10G-							
S10G-ER-PM-D-I	Cisco S10G-ER-PM-D-I 10GBASE-ER SFP+-Modul — ER (10G, PM-Sensor), Singlemode, 40 km	Cisco	pluggable	layered	Ethernet transceivers	(none)	10G SFP+	sku ^S10G-							
S10G-LR-PM-D-I	Cisco S10G-LR-PM-D-I 10GBASE-LR SFP+-Modul — LR (10G, PM-Sensor), Singlemode, 10 km	Cisco	pluggable	layered	Ethernet transceivers	(none)	10G SFP+	sku ^S10G-							
S10G-SR-PM-D-I	Cisco S10G-SR-PM-D-I 10GBASE-SR SFP+-Modul — SR (10G, PM-Sensor), Multimode (OM3/OM4/OM5), bis 150 m (OM3+)	Cisco	pluggable	layered	Ethernet transceivers	(none)	10G SFP+	sku ^S10G-							
S1G-LH-PM-D-I	Cisco S1G-LH-PM-D-I 1000BASE-LX SFP-Modul — LH (1G, PM-Sensor), Singlemode, 10 km	Cisco	pluggable	layered	Ethernet transceivers	(none)	1G and 100M SFP	sku ^S1G-							
S1G-SX-PM-D-I	Cisco S1G-SX-PM-D-I 1000BASE-SX SFP-Modul — SX (1G, PM-Sensor), Multimode (OM2), bis 550 m	Cisco	pluggable	layered	Ethernet transceivers	(none)	1G and 100M SFP	sku ^S1G-							
S1G-TE-PM-D-I	Cisco S1G-TE-PM-D-I 1000BASE-T SFP-Modul — T (1G Kupfer, PM-Sensor), Kupfer (Cat-5/6), 100 m	Cisco	pluggable	layered	Ethernet transceivers	(none)	1G and 100M SFP	sku ^S1G-							
SFP-10/25-LR-I	Cisco SFP-10/25-LR-I	Transceiver Modules	pluggable	layered	Ethernet transceivers	(none)	25G SFP28	sku ^SFP-10/25							
SFP-10/25G-BXD-I	Cisco SFP-10/25G-BXD-I 10/25GBASE-BR BiDi Industrie-SFP28 — Tx 1330/Rx 1270 nm, SMF, 10 km	Cisco	bidi	layered	Ethernet transceivers	(none)	25G SFP28	sku ^SFP-10/25							
SFP-10/25G-BXD-I=	Cisco SFP-10/25G-BXD-I=	Transceiver Modules	bidi	layered	Ethernet transceivers	(none)	25G SFP28	sku ^SFP-10/25							
SFP-10/25G-BXU-I	Cisco SFP-10/25G-BXU-I 10/25GBASE-BR BiDi Industrie-SFP28 — Tx 1270/Rx 1330 nm, SMF, 10 km	Cisco	bidi	layered	Ethernet transceivers	(none)	25G SFP28	sku ^SFP-10/25							
SFP-10/25G-BXU-I=	Cisco SFP-10/25G-BXU-I=	Transceiver Modules	bidi	layered	Ethernet transceivers	(none)	25G SFP28	sku ^SFP-10/25							
SFP-10/25G-CSR-S	Cisco SFP-10/25G-CSR-S 10/25GBASE-CSR SFP28 Modul — 850 nm MMF, Duplex LC, 400 m OM4, DOM	Cisco	pluggable	layered	Ethernet transceivers	(none)	25G SFP28	sku ^SFP-10/25							
SFP-10/25G-LR-I	Cisco SFP-10/25G-LR-I 10/25GBASE-LR Industrie-SFP28 — 1310 nm SMF, Duplex LC, 10 km, DOM	Cisco	pluggable	layered	Ethernet transceivers	(none)	25G SFP28	sku ^SFP-10/25							
SFP-10/25G-LR-I=	Cisco SFP-10/25G-LR-I=	Transceiver Modules	pluggable	layered	Ethernet transceivers	(none)	25G SFP28	sku ^SFP-10/25							
SFP-10/25G-LR-S	Cisco SFP-10/25G-LR-S 10/25GBASE-LR SFP28 Modul — 1310 nm SMF, Duplex LC, 10 km, DOM	Cisco	pluggable	layered	Ethernet transceivers	(none)	25G SFP28	sku ^SFP-10/25							
SFP-10/25G-LR-S2	Cisco SFP-10/25G-LR-S2	UCS B-Series	pluggable	pending_plan								class non_product			
SFP-10/25GCSR-S	Cisco SFP-10/25GCSR-S	Transceiver Modules	pluggable	layered	Ethernet transceivers	(none)	25G SFP28	sku ^SFP-10/25							
SFP-10/25GLR-S	Cisco SFP-10/25GLR-S	Transceiver Modules	pluggable	layered	Ethernet transceivers	(none)	25G SFP28	sku ^SFP-10/25							
SFP-10G-AOC	SFP active optical breakout cables (Length - 1M to 10M)	Network Convergence System 5000 Series	cable	layered	Direct-attach and active optical cables	(none)	DAC and AOC cables (SFP+ / SFP28 / SFP56 / QSFP / QSFP-DD)	sku ^(?!Q(?:SFP|DD)?-?[0-9]+(?:SFP|X[0-9]|Q[0-9]|ZQ|S[0-9])).*AOC							true
SFP-10G-AOC10M	Cisco SFP-10G-AOC10M SFP+ Active Optical Cable (AOC) — 10 m, 10GbE Glasfaser	Cisco	cable	layered	Direct-attach and active optical cables	(none)	DAC and AOC cables (SFP+ / SFP28 / SFP56 / QSFP / QSFP-DD)	sku ^(?!Q(?:SFP|DD)?-?[0-9]+(?:SFP|X[0-9]|Q[0-9]|ZQ|S[0-9])).*AOC							
SFP-10G-AOC1M	Cisco SFP-10G-AOC1M SFP+ Active Optical Cable (AOC) — 1 m, 10GbE Glasfaser	Cisco	cable	layered	Direct-attach and active optical cables	(none)	DAC and AOC cables (SFP+ / SFP28 / SFP56 / QSFP / QSFP-DD)	sku ^(?!Q(?:SFP|DD)?-?[0-9]+(?:SFP|X[0-9]|Q[0-9]|ZQ|S[0-9])).*AOC							
SFP-10G-AOC1M-10M	10GBASE-AOC SFP+ Cable 1 Meter – 10 Meter	Nexus 3000	cable	pending_plan								class non_product			
SFP-10G-AOC2M	Cisco SFP-10G-AOC2M SFP+ Active Optical Cable (AOC) — 2 m, 10GbE Glasfaser	Cisco	cable	layered	Direct-attach and active optical cables	(none)	DAC and AOC cables (SFP+ / SFP28 / SFP56 / QSFP / QSFP-DD)	sku ^(?!Q(?:SFP|DD)?-?[0-9]+(?:SFP|X[0-9]|Q[0-9]|ZQ|S[0-9])).*AOC							
SFP-10G-AOC3M	Cisco SFP-10G-AOC3M SFP+ Active Optical Cable (AOC) — 3 m, 10GbE Glasfaser	Cisco	cable	layered	Direct-attach and active optical cables	(none)	DAC and AOC cables (SFP+ / SFP28 / SFP56 / QSFP / QSFP-DD)	sku ^(?!Q(?:SFP|DD)?-?[0-9]+(?:SFP|X[0-9]|Q[0-9]|ZQ|S[0-9])).*AOC							
SFP-10G-AOC3M=	Cisco SFP-10G-AOC3M=	CBR Series Converged Broadband	cable	layered	Direct-attach and active optical cables	(none)	DAC and AOC cables (SFP+ / SFP28 / SFP56 / QSFP / QSFP-DD)	sku ^(?!Q(?:SFP|DD)?-?[0-9]+(?:SFP|X[0-9]|Q[0-9]|ZQ|S[0-9])).*AOC							
SFP-10G-AOC5M	Cisco SFP-10G-AOC5M SFP+ Active Optical Cable (AOC) — 5 m, 10GbE Glasfaser	Cisco	cable	layered	Direct-attach and active optical cables	(none)	DAC and AOC cables (SFP+ / SFP28 / SFP56 / QSFP / QSFP-DD)	sku ^(?!Q(?:SFP|DD)?-?[0-9]+(?:SFP|X[0-9]|Q[0-9]|ZQ|S[0-9])).*AOC							
SFP-10G-AOC7M	Cisco SFP-10G-AOC7M SFP+ Active Optical Cable (AOC) — 7 m, 10GbE Glasfaser	Cisco	cable	layered	Direct-attach and active optical cables	(none)	DAC and AOC cables (SFP+ / SFP28 / SFP56 / QSFP / QSFP-DD)	sku ^(?!Q(?:SFP|DD)?-?[0-9]+(?:SFP|X[0-9]|Q[0-9]|ZQ|S[0-9])).*AOC							
SFP-10G-BX40D-I	Cisco SFP-10G-BX40D-I 10G BiDi SFP+ Modul — Single LC, 40 km, Tx 1330/Rx 1270 nm	Cisco	bidi	layered	Ethernet transceivers	(none)	10G SFP+	sku ^SFP-10G							
SFP-10G-BX40D-I=	Cisco SFP-10G-BX40D-I=	Catalyst IE9300 Rugged Series	bidi	layered	Ethernet transceivers	(none)	10G SFP+	sku ^SFP-10G							
SFP-10G-BX40U-I	Cisco SFP-10G-BX40U-I 10G BiDi SFP+ Modul — Single LC, 40 km, Tx 1270/Rx 1330 nm	Cisco	bidi	layered	Ethernet transceivers	(none)	10G SFP+	sku ^SFP-10G							
SFP-10G-BX40U-I=	Cisco SFP-10G-BX40U-I=	Catalyst IE9300 Rugged Series	bidi	layered	Ethernet transceivers	(none)	10G SFP+	sku ^SFP-10G							
SFP-10G-BXD-I	Cisco SFP-10G-BXD-I 10G BiDi SFP+ Modul — Single LC, 10 km, Tx 1330/Rx 1270 nm	Cisco	bidi	layered	Ethernet transceivers	(none)	10G SFP+	sku ^SFP-10G							
SFP-10G-BXD-I=	Cisco SFP-10G-BXD-I=	Catalyst ESS9300 Embedded	bidi	layered	Ethernet transceivers	(none)	10G SFP+	sku ^SFP-10G							
SFP-10G-BXU-I	Cisco SFP-10G-BXU-I 10G BiDi SFP+ Modul — Single LC, 10 km, Tx 1270/Rx 1330 nm	Cisco	bidi	layered	Ethernet transceivers	(none)	10G SFP+	sku ^SFP-10G							
SFP-10G-BXU-I=	Cisco SFP-10G-BXU-I=	Catalyst ESS9300 Embedded	bidi	layered	Ethernet transceivers	(none)	10G SFP+	sku ^SFP-10G							
SFP-10G-ER		Catalyst 1300X	pluggable	layered	Ethernet transceivers	(none)	10G SFP+	sku ^SFP-10G							
SFP-10G-ER-I	Cisco SFP-10G-ER-I 10GBASE-ER/EW Multirate SFP+ Modul — 1550 nm SMF, 40 km, industriell	Cisco	pluggable	layered	Ethernet transceivers	(none)	10G SFP+	sku ^SFP-10G							
SFP-10G-ER-I=	Cisco SFP-10G-ER-I=	Catalyst IE9300 Rugged Series	pluggable	layered	Ethernet transceivers	(none)	10G SFP+	sku ^SFP-10G							
SFP-10G-ER-S	10GBASE-ER SFP Module, (40km) Enterprise-Class (Supported only with 10 Gigabit Ethernet ports)	Cisco	pluggable	layered	Ethernet transceivers	(none)	10G SFP+	sku ^SFP-10G							
SFP-10G-ER-S=	10GBASE-ER SFP Module, (40km) Enterprise-Class (Supported only with 10 Gigabit Ethernet ports)	Storage Networking Modules	pluggable	layered	Ethernet transceivers	(none)	10G SFP+	sku ^SFP-10G							
SFP-10G-ER=	10 Gigabit Ethernet ER SFP, spare (Supported only with 10 Gigabit Ethernet ports)	Catalyst IE9300 Rugged Series	pluggable	layered	Ethernet transceivers	(none)	10G SFP+	sku ^SFP-10G							
SFP-10G-LR	10GBASE-LR SFP+ Module (supported only with DS-X9708-K9)	10G SFP+ Modules	pluggable	layered	Ethernet transceivers	(none)	10G SFP+	sku ^SFP-10G							
SFP-10G-LR-S	10GBASE-LR SFP Module, (10km) Enterprise-Class (Supported only with 10 Gigabit Ethernet ports)	Cisco	pluggable	layered	Ethernet transceivers	(none)	10G SFP+	sku ^SFP-10G							
SFP-10G-LR-S=	10GBASE-LR SFP Module, (10km) Enterprise-Class (Supported only with 10 Gigabit Ethernet ports)	IE3500 Heavy Duty Series	pluggable	layered	Ethernet transceivers	(none)	10G SFP+	sku ^SFP-10G							
SFP-10G-LR-X	Cisco SFP-10G-LR-X 10GBASE-LR/LW Multirate SFP+ Modul — 1310 nm SMF, OTU2e, Dual LC	Cisco	pluggable	layered	Ethernet transceivers	(none)	10G SFP+	sku ^SFP-10G							
SFP-10G-LR-X=	Cisco SFP-10G-LR-X=	Catalyst ESS9300 Embedded	pluggable	layered	Ethernet transceivers	(none)	10G SFP+	sku ^SFP-10G							
SFP-10G-LR10-I	Cisco SFP-10G-LR10-I 10GBASE-LR SFP+ Modul — 1310 nm SMF, 10 km, CPRI, industriell	Cisco	pluggable	layered	Ethernet transceivers	(none)	10G SFP+	sku ^SFP-10G							
SFP-10G-LR10-I=	Cisco SFP-10G-LR10-I=	Catalyst IE9300 Rugged Series	pluggable	layered	Ethernet transceivers	(none)	10G SFP+	sku ^SFP-10G							
SFP-10G-LR=	10GBASE-LR SFP+ Module, Spare (supported only with DS-X9708-K9)	Catalyst ESS9300 Embedded	pluggable	layered	Ethernet transceivers	(none)	10G SFP+	sku ^SFP-10G							
SFP-10G-LRM	Cisco 10GBASE-LRM SFP+Module for MMF, 1300-nm wavelength, commercial temperature range, 32°F to 158°F	Cisco	pluggable	layered	Ethernet transceivers	(none)	10G SFP+	sku ^SFP-10G							
SFP-10G-LRM=	Cisco 10GBASE-LRM SFP+Module for MMF, 1300-nm wavelength, commercial temperature range, 32°F to 158°F	IE3500 Heavy Duty Series	pluggable	layered	Ethernet transceivers	(none)	10G SFP+	sku ^SFP-10G							
SFP-10G-OLT20-X	Cisco SFP-10G-OLT20-X XGS-PON OLT SFP+ — 10G symmetrisch, SC/UPC, bis 20 km, Split 1:128	Cisco	bidi	layered	Cable access and PON optics	(none)	GPON / XGS-PON OLT and RF Gateway SFPs	sku ^SFP-10G-OLT							
SFP-10G-SR	10GBASE-SR SFP+ Module (supported only with DS-X9708-K9)	10G SFP+ Modules	pluggable	layered	Ethernet transceivers	(none)	10G SFP+	sku ^SFP-10G							
SFP-10G-SR-I	Cisco SFP-10G-SR-I 10GBASE-SR/SW Multirate SFP+ Modul — 850 nm MMF, CPRI, industriell	Cisco	pluggable	layered	Ethernet transceivers	(none)	10G SFP+	sku ^SFP-10G							
SFP-10G-SR-I=	Cisco SFP-10G-SR-I=	Catalyst IE9300 Rugged Series	pluggable	layered	Ethernet transceivers	(none)	10G SFP+	sku ^SFP-10G							
SFP-10G-SR-S	10GBASE-SR SFP Module, (300m) Enterprise-Class (Supported only with 10 Gigabit Ethernet ports)	Cisco	pluggable	layered	Ethernet transceivers	(none)	10G SFP+	sku ^SFP-10G							
SFP-10G-SR-S=	10GBASE-SR SFP Module, (300m) Enterprise-Class (Supported only with 10 Gigabit Ethernet ports)	IE3500 Heavy Duty Series	pluggable	layered	Ethernet transceivers	(none)	10G SFP+	sku ^SFP-10G							
SFP-10G-SR-X	Cisco SFP-10G-SR-X 10GBASE-SR/SW Multirate SFP+ Modul — 850 nm MMF, OTU2e, Dual LC	Cisco	pluggable	layered	Ethernet transceivers	(none)	10G SFP+	sku ^SFP-10G							
SFP-10G-SR-X=	Cisco SFP-10G-SR-X=	Catalyst IE9300 Rugged Series	pluggable	layered	Ethernet transceivers	(none)	10G SFP+	sku ^SFP-10G							
SFP-10G-SR=	10GBASE-SR SFP+ Module, Spare (supported only with DS-X9708-K9)	Catalyst ESS9300 Embedded	pluggable	layered	Ethernet transceivers	(none)	10G SFP+	sku ^SFP-10G							
SFP-10G-T-X	Cisco SFP-10G-T-X 10GBASE-T SFP+ Modul — RJ-45, Cat6A/Cat7, 30 m Kupfer	Cisco	pluggable	layered	Ethernet transceivers	(none)	10G SFP+	sku ^SFP-10G							
SFP-10G-T-X=	Cisco SFP-10G-T-X=	Catalyst IE9300 Rugged Series	pluggable	layered	Ethernet transceivers	(none)	10G SFP+	sku ^SFP-10G							
SFP-10G-ZR		5100 Blade Series	pluggable	layered	Ethernet transceivers	(none)	10G SFP+	sku ^SFP-10G							
SFP-10G-ZR-I	Cisco SFP-10G-ZR-I 10GBASE-ZR/ZW Multirate SFP+ Modul — 1550 nm SMF, 70 km, industriell	Cisco	pluggable	layered	Ethernet transceivers	(none)	10G SFP+	sku ^SFP-10G							
SFP-10G-ZR-I=	Cisco SFP-10G-ZR-I=	Catalyst IE9300 Rugged Series	pluggable	layered	Ethernet transceivers	(none)	10G SFP+	sku ^SFP-10G							
SFP-10G-ZR-S	10GBASE-ZR SFP Module, Enterprise-Class	Cisco	pluggable	layered	Ethernet transceivers	(none)	10G SFP+	sku ^SFP-10G							
SFP-10G-ZR-S=	10GBASE-ZR SFP Module, Enterprise-Class	Transceiver Modules	pluggable	layered	Ethernet transceivers	(none)	10G SFP+	sku ^SFP-10G							
SFP-10G-ZR=	Cisco 10GBASE-ZR SFP10G Module for SMF	Catalyst IE9300 Rugged Series	pluggable	layered	Ethernet transceivers	(none)	10G SFP+	sku ^SFP-10G							
SFP-1G-LH	Cisco SFP-1G-LH 1000BASE-LX/LH SFP Modul für 10G-Ports — 1310 nm SMF, 10 km, DOM	Cisco	pluggable	layered	Ethernet transceivers	(none)	1G and 100M SFP	sku ^SFP-1G							
SFP-1G-SX		Transceiver Modules	pluggable	layered	Ethernet transceivers	(none)	1G and 100M SFP	sku ^SFP-1G							
SFP-1G-T-X	Cisco SFP-1G-T-X 1000BASE-T SFP Modul für 10G-Ports — RJ-45, Cat 5e, 100 m	Cisco	pluggable	layered	Ethernet transceivers	(none)	1G and 100M SFP	sku ^SFP-1G							
SFP-25G-AOC10M	Cisco SFP-25G-AOC10M 25G SFP28 Active Optical Cable (AOC) — 10 m	Cisco	cable	layered	Direct-attach and active optical cables	(none)	DAC and AOC cables (SFP+ / SFP28 / SFP56 / QSFP / QSFP-DD)	sku ^(?!Q(?:SFP|DD)?-?[0-9]+(?:SFP|X[0-9]|Q[0-9]|ZQ|S[0-9])).*AOC							
SFP-25G-AOC1M	Cisco SFP-25G-AOC1M 25G SFP28 Active Optical Cable (AOC) — 1 m	Cisco	cable	layered	Direct-attach and active optical cables	(none)	DAC and AOC cables (SFP+ / SFP28 / SFP56 / QSFP / QSFP-DD)	sku ^(?!Q(?:SFP|DD)?-?[0-9]+(?:SFP|X[0-9]|Q[0-9]|ZQ|S[0-9])).*AOC							
SFP-25G-AOC2M	Cisco SFP-25G-AOC2M 25G SFP28 Active Optical Cable (AOC) — 2 m	Cisco	cable	layered	Direct-attach and active optical cables	(none)	DAC and AOC cables (SFP+ / SFP28 / SFP56 / QSFP / QSFP-DD)	sku ^(?!Q(?:SFP|DD)?-?[0-9]+(?:SFP|X[0-9]|Q[0-9]|ZQ|S[0-9])).*AOC							
SFP-25G-AOC3M	Cisco SFP-25G-AOC3M 25G SFP28 Active Optical Cable (AOC) — 3 m	Cisco	cable	layered	Direct-attach and active optical cables	(none)	DAC and AOC cables (SFP+ / SFP28 / SFP56 / QSFP / QSFP-DD)	sku ^(?!Q(?:SFP|DD)?-?[0-9]+(?:SFP|X[0-9]|Q[0-9]|ZQ|S[0-9])).*AOC							
SFP-25G-AOC4M	Cisco SFP-25G-AOC4M 25G SFP28 Active Optical Cable (AOC) — 4 m	Cisco	cable	layered	Direct-attach and active optical cables	(none)	DAC and AOC cables (SFP+ / SFP28 / SFP56 / QSFP / QSFP-DD)	sku ^(?!Q(?:SFP|DD)?-?[0-9]+(?:SFP|X[0-9]|Q[0-9]|ZQ|S[0-9])).*AOC							
SFP-25G-AOC5M	Cisco SFP-25G-AOC5M 25G SFP28 Active Optical Cable (AOC) — 5 m	Cisco	cable	layered	Direct-attach and active optical cables	(none)	DAC and AOC cables (SFP+ / SFP28 / SFP56 / QSFP / QSFP-DD)	sku ^(?!Q(?:SFP|DD)?-?[0-9]+(?:SFP|X[0-9]|Q[0-9]|ZQ|S[0-9])).*AOC							
SFP-25G-AOC7M	Cisco SFP-25G-AOC7M 25G SFP28 Active Optical Cable (AOC) — 7 m	Cisco	cable	layered	Direct-attach and active optical cables	(none)	DAC and AOC cables (SFP+ / SFP28 / SFP56 / QSFP / QSFP-DD)	sku ^(?!Q(?:SFP|DD)?-?[0-9]+(?:SFP|X[0-9]|Q[0-9]|ZQ|S[0-9])).*AOC							
SFP-25G-AOCxM	Cisco SFP-25G-AOCxM	Unified Computing System Adapters	cable	pending_plan								class non_product			
SFP-25G-BX40D-I	Cisco SFP-25G-BX40D-I 25GBASE-BR40 BiDi Industrie-SFP28 — Tx 1314/Rx 1289 nm, SMF, 40 km	Cisco	bidi	layered	Ethernet transceivers	(none)	25G SFP28	sku ^SFP-25G							
SFP-25G-BX40U-I	Cisco SFP-25G-BX40U-I 25GBASE-BR40 BiDi Industrie-SFP28 — Tx 1289/Rx 1314 nm, SMF, 40 km	Cisco	bidi	layered	Ethernet transceivers	(none)	25G SFP28	sku ^SFP-25G							
SFP-25G-CSR-S	Cisco SFP-25G-CSR-S	Compute Hyperconverged with Nutanix	pluggable	layered	Ethernet transceivers	(none)	25G SFP28	sku ^SFP-25G							
SFP-25G-ER-I	Cisco SFP-25G-ER-I 25GBASE-ER Industrie-SFP28 — 1310 nm SMF, Duplex LC, 40 km, DOM	Cisco	pluggable	layered	Ethernet transceivers	(none)	25G SFP28	sku ^SFP-25G							
SFP-25G-ER-I=	Cisco SFP-25G-ER-I=	Transceiver Modules	pluggable	layered	Ethernet transceivers	(none)	25G SFP28	sku ^SFP-25G							
SFP-25G-LR-S	Cisco SFP-25G-LR-S	9100 Fabric Interconnects	pluggable	layered	Ethernet transceivers	(none)	25G SFP28	sku ^SFP-25G							
SFP-25G-SL	Cisco SFP-25G-SL 25GBASE-SL Short Link SFP28 Modul — 850 nm MMF, Duplex LC, 30 m OM4, DOM	Cisco	pluggable	layered	Ethernet transceivers	(none)	25G SFP28	sku ^SFP-25G							
SFP-25G-SR-S	Cisco SFP-25G-SR-S 25GBASE-SR SFP28 Modul — 850 nm MMF, Duplex LC, 100 m OM4, DOM	Cisco	pluggable	layered	Ethernet transceivers	(none)	25G SFP28	sku ^SFP-25G							
SFP-25G-SR-S/SFP-25G-SL/SFP-10/25G-CSR-S	Cisco SFP-25G-SR-S/SFP-25G-SL/SFP-10/25G-CSR-S	9100 Fabric Interconnects	pluggable	pending_plan								class non_product			
SFP-25GAOC10M	Cisco SFP-25GAOC10M	Transceiver Modules	cable	layered	Direct-attach and active optical cables	(none)	DAC and AOC cables (SFP+ / SFP28 / SFP56 / QSFP / QSFP-DD)	sku ^(?!Q(?:SFP|DD)?-?[0-9]+(?:SFP|X[0-9]|Q[0-9]|ZQ|S[0-9])).*AOC							
SFP-25GAOC1M	Cisco SFP-25GAOC1M	Transceiver Modules	cable	layered	Direct-attach and active optical cables	(none)	DAC and AOC cables (SFP+ / SFP28 / SFP56 / QSFP / QSFP-DD)	sku ^(?!Q(?:SFP|DD)?-?[0-9]+(?:SFP|X[0-9]|Q[0-9]|ZQ|S[0-9])).*AOC							
SFP-25GAOC2M	Cisco SFP-25GAOC2M	Transceiver Modules	cable	layered	Direct-attach and active optical cables	(none)	DAC and AOC cables (SFP+ / SFP28 / SFP56 / QSFP / QSFP-DD)	sku ^(?!Q(?:SFP|DD)?-?[0-9]+(?:SFP|X[0-9]|Q[0-9]|ZQ|S[0-9])).*AOC							
SFP-25GAOC3M	Cisco SFP-25GAOC3M	Transceiver Modules	cable	layered	Direct-attach and active optical cables	(none)	DAC and AOC cables (SFP+ / SFP28 / SFP56 / QSFP / QSFP-DD)	sku ^(?!Q(?:SFP|DD)?-?[0-9]+(?:SFP|X[0-9]|Q[0-9]|ZQ|S[0-9])).*AOC							
SFP-25GAOC4M	Cisco SFP-25GAOC4M	Transceiver Modules	cable	layered	Direct-attach and active optical cables	(none)	DAC and AOC cables (SFP+ / SFP28 / SFP56 / QSFP / QSFP-DD)	sku ^(?!Q(?:SFP|DD)?-?[0-9]+(?:SFP|X[0-9]|Q[0-9]|ZQ|S[0-9])).*AOC							
SFP-25GAOC5M	Cisco SFP-25GAOC5M	Transceiver Modules	cable	layered	Direct-attach and active optical cables	(none)	DAC and AOC cables (SFP+ / SFP28 / SFP56 / QSFP / QSFP-DD)	sku ^(?!Q(?:SFP|DD)?-?[0-9]+(?:SFP|X[0-9]|Q[0-9]|ZQ|S[0-9])).*AOC							
SFP-50G-BX40D-I	Cisco SFP-50G-BX40D-I 25/50GBASE-BR40 BiDi Industrie-SFP56 — Tx 1314/Rx 1289 nm, SMF, 40 km	Cisco	bidi	layered	Ethernet transceivers	(none)	50G SFP56	sku ^SFP-50G							
SFP-50G-BX40U-I	Cisco SFP-50G-BX40U-I 25/50GBASE-BR40 BiDi Industrie-SFP56 — Tx 1289/Rx 1314 nm, SMF, 40 km	Cisco	bidi	layered	Ethernet transceivers	(none)	50G SFP56	sku ^SFP-50G							
SFP-50G-BXD-I	Cisco SFP-50G-BXD-I 25/50GBASE-BR10 BiDi Industrie-SFP56 — Tx 1330/Rx 1270 nm, SMF, 10 km	Cisco	bidi	layered	Ethernet transceivers	(none)	50G SFP56	sku ^SFP-50G							
SFP-50G-BXU-I	Cisco SFP-50G-BXU-I 25/50GBASE-BR10 BiDi Industrie-SFP56 — Tx 1270/Rx 1330 nm, SMF, 10 km	Cisco	bidi	layered	Ethernet transceivers	(none)	50G SFP56	sku ^SFP-50G							
SFP-50G-CU0.5M	Cisco SFP-50G-CU0.5M 25/50GBASE-CR1 SFP56 Twinax DAC Kabel — passiv, 0,5 m	Cisco	cable	layered	Direct-attach and active optical cables	(none)	DAC and AOC cables (SFP+ / SFP28 / SFP56 / QSFP / QSFP-DD)	sku ^(?!Q(?:SFP|DD)?-?[0-9]+(?:SFP|X[0-9]|Q[0-9]|ZQ|S[0-9])).*(?<!E)CU[0-9]							
SFP-50G-CU1.5M	Cisco SFP-50G-CU1.5M 25/50GBASE-CR1 SFP56 Twinax DAC Kabel — passiv, 1,5 m	Cisco	cable	layered	Direct-attach and active optical cables	(none)	DAC and AOC cables (SFP+ / SFP28 / SFP56 / QSFP / QSFP-DD)	sku ^(?!Q(?:SFP|DD)?-?[0-9]+(?:SFP|X[0-9]|Q[0-9]|ZQ|S[0-9])).*(?<!E)CU[0-9]							
SFP-50G-CU1M	Cisco SFP-50G-CU1M 25/50GBASE-CR1 SFP56 Twinax DAC Kabel — passiv, 1 m	Cisco	cable	layered	Direct-attach and active optical cables	(none)	DAC and AOC cables (SFP+ / SFP28 / SFP56 / QSFP / QSFP-DD)	sku ^(?!Q(?:SFP|DD)?-?[0-9]+(?:SFP|X[0-9]|Q[0-9]|ZQ|S[0-9])).*(?<!E)CU[0-9]							
SFP-50G-CU2.5M	Cisco SFP-50G-CU2.5M 25/50GBASE-CR1 SFP56 Twinax DAC Kabel — passiv, 2,5 m	Cisco	cable	layered	Direct-attach and active optical cables	(none)	DAC and AOC cables (SFP+ / SFP28 / SFP56 / QSFP / QSFP-DD)	sku ^(?!Q(?:SFP|DD)?-?[0-9]+(?:SFP|X[0-9]|Q[0-9]|ZQ|S[0-9])).*(?<!E)CU[0-9]							
SFP-50G-CU2M	Cisco SFP-50G-CU2M 25/50GBASE-CR1 SFP56 Twinax DAC Kabel — passiv, 2 m	Cisco	cable	layered	Direct-attach and active optical cables	(none)	DAC and AOC cables (SFP+ / SFP28 / SFP56 / QSFP / QSFP-DD)	sku ^(?!Q(?:SFP|DD)?-?[0-9]+(?:SFP|X[0-9]|Q[0-9]|ZQ|S[0-9])).*(?<!E)CU[0-9]							
SFP-50G-CU3M	Cisco SFP-50G-CU3M 25/50GBASE-CR1 SFP56 Twinax DAC Kabel — passiv, 3 m	Cisco	cable	layered	Direct-attach and active optical cables	(none)	DAC and AOC cables (SFP+ / SFP28 / SFP56 / QSFP / QSFP-DD)	sku ^(?!Q(?:SFP|DD)?-?[0-9]+(?:SFP|X[0-9]|Q[0-9]|ZQ|S[0-9])).*(?<!E)CU[0-9]							
SFP-50G-CU4M	Cisco SFP-50G-CU4M 25/50GBASE-CR1 SFP56 Twinax DAC Kabel — passiv, 4 m	Cisco	cable	layered	Direct-attach and active optical cables	(none)	DAC and AOC cables (SFP+ / SFP28 / SFP56 / QSFP / QSFP-DD)	sku ^(?!Q(?:SFP|DD)?-?[0-9]+(?:SFP|X[0-9]|Q[0-9]|ZQ|S[0-9])).*(?<!E)CU[0-9]							
SFP-50G-CU5M	Cisco SFP-50G-CU5M 25/50GBASE-CR1 SFP56 Twinax DAC Kabel — passiv, 5 m	Cisco	cable	layered	Direct-attach and active optical cables	(none)	DAC and AOC cables (SFP+ / SFP28 / SFP56 / QSFP / QSFP-DD)	sku ^(?!Q(?:SFP|DD)?-?[0-9]+(?:SFP|X[0-9]|Q[0-9]|ZQ|S[0-9])).*(?<!E)CU[0-9]							
SFP-50G-ER-I	Cisco SFP-50G-ER-I 25/50GBASE-ER Industrie-SFP56 — 1310 nm SMF, Duplex LC, 40 km, DOM	Cisco	pluggable	layered	Ethernet transceivers	(none)	50G SFP56	sku ^SFP-50G							
SFP-50G-LR-S	Cisco SFP-50G-LR-S 25/50GBASE-LR SFP56 Modul — 1310 nm SMF, Duplex LC, 10/15 km, DOM	Cisco	pluggable	layered	Ethernet transceivers	(none)	50G SFP56	sku ^SFP-50G							
SFP-50G-SL	Cisco SFP-50G-SL 25/50G-SL Short Link SFP56 Modul — 850 nm MMF, Duplex LC, 30 m OM4, DOM	Cisco	pluggable	layered	Ethernet transceivers	(none)	50G SFP56	sku ^SFP-50G							
SFP-50G-SR-S	Cisco SFP-50G-SR-S 25/50GBASE-SR SFP56 Modul — 850 nm MMF, Duplex LC, 100 m OM4, DOM	Cisco	pluggable	layered	Ethernet transceivers	(none)	50G SFP56	sku ^SFP-50G							
SFP-CH-OC3STM1-I	Channelized OC-3/STM-1 Smart SFP	Transceiver Modules	pluggable	layered	SONET/SDH and TDM SFPs	(none)	OC-3 / OC-12 / OC-48 and T1/E1/T3 SFPs	sku ^SFP-(OC|CH-OC|TS-OC|T1F|E1F|T3F|VADSL)							
SFP-CU-RJ45=	Cisco SFP-CU-RJ45=	RF Gateway Series	pluggable	layered	Ethernet transceivers	(none)	1G and 100M SFP	sku ^SFP-CU							
SFP-E1F-SATOP-I	E1F SAToP Smart SFP	Transceiver Modules	pluggable	layered	SONET/SDH and TDM SFPs	(none)	OC-3 / OC-12 / OC-48 and T1/E1/T3 SFPs	sku ^SFP-(OC|CH-OC|TS-OC|T1F|E1F|T3F|VADSL)							
SFP-GE-L	Cisco 1000BASE-LX/LH SFP transceiver module for SMF and MMF, 1300-nm wavelength, extended operating temperature range, 23°F to 185°F (-5°C to 85°C)	Cisco	pluggable	layered	Ethernet transceivers	(none)	1G and 100M SFP	sku ^SFP-GE							
SFP-GE-L=	Cisco 1000BASE-LX/LH SFP transceiver module for SMF and MMF, 1300-nm wavelength, extended operating temperature range, 23°F to 185°F (-5°C to 85°C)	Catalyst IE9300 Rugged Series	pluggable	layered	Ethernet transceivers	(none)	1G and 100M SFP	sku ^SFP-GE							
SFP-GE-S	Cisco Extended Temperature SX SFP	Cisco	pluggable	layered	Ethernet transceivers	(none)	1G and 100M SFP	sku ^SFP-GE							
SFP-GE-S=	Cisco Extended Temperature SX SFP, Spare	Catalyst ESS9300 Embedded	pluggable	layered	Ethernet transceivers	(none)	1G and 100M SFP	sku ^SFP-GE							
SFP-GE-T	1000BASE-T SFP (NEBS 3 ESD)	Cisco	pluggable	layered	Ethernet transceivers	(none)	1G and 100M SFP	sku ^SFP-GE							
SFP-GE-T=	1000BASE-T SFP (NEBS 3 ESD)	Shared Port Adapters/SPA Interface Processors	pluggable	layered	Ethernet transceivers	(none)	1G and 100M SFP	sku ^SFP-GE							
SFP-GE-Z	Cisco Extended Temperature ZX SFP	Cisco	pluggable	layered	Ethernet transceivers	(none)	1G and 100M SFP	sku ^SFP-GE							
SFP-GE-Z=	Cisco Extended Temperature ZX SFP, Spare	Catalyst IE9300 Rugged Series	pluggable	layered	Ethernet transceivers	(none)	1G and 100M SFP	sku ^SFP-GE							
SFP-GPON-B	Cisco SFP-GPON-B GPON OLT-Transceiver Klasse B+ — 1490Tx/1310Rx, Singlemode SC, DOM	Cisco	bidi	layered	Cable access and PON optics	(none)	GPON / XGS-PON OLT and RF Gateway SFPs	sku (?:^|-)GPON							
SFP-GPON-B-16=	16 units of SFP-GPON-B for ME4600-AMX-16GPON	Transceiver Modules	bidi	layered	Cable access and PON optics	(none)	GPON / XGS-PON OLT and RF Gateway SFPs	sku (?:^|-)GPON							
SFP-GPON-B-8=	8 units of SFP-GPON-B for ME4600-AMX-16GPON	Transceiver Modules	bidi	layered	Cable access and PON optics	(none)	GPON / XGS-PON OLT and RF Gateway SFPs	sku (?:^|-)GPON							
SFP-GPON-B-I	GPON Class B+ SFP OLT Trcvr Module, 1490Tx, 1310Rx, I-Temp	Cisco	bidi	layered	Cable access and PON optics	(none)	GPON / XGS-PON OLT and RF Gateway SFPs	sku (?:^|-)GPON							
SFP-GPON-B-I-16=	16 units of SFP-GPON-B-I for ME4600-AMX-16GPON	Transceiver Modules	bidi	layered	Cable access and PON optics	(none)	GPON / XGS-PON OLT and RF Gateway SFPs	sku (?:^|-)GPON							
SFP-GPON-B-I-8=	8 units of SFP-GPON-B-I for ME4600-AMX-16GPON	Transceiver Modules	bidi	layered	Cable access and PON optics	(none)	GPON / XGS-PON OLT and RF Gateway SFPs	sku (?:^|-)GPON							
SFP-GPON-B-I=	GPON Class B+ SFP OLT Trcvr Module, 1490Tx, 1310Rx, I-Temp	Transceiver Modules	bidi	layered	Cable access and PON optics	(none)	GPON / XGS-PON OLT and RF Gateway SFPs	sku (?:^|-)GPON							
SFP-GPON-B=	GPON Class B+ SFP OLT Trcvr Module, 1490Tx, 1310Rx	Transceiver Modules	bidi	layered	Cable access and PON optics	(none)	GPON / XGS-PON OLT and RF Gateway SFPs	sku (?:^|-)GPON							
SFP-GPON-C	Cisco SFP-GPON-C GPON OLT-Transceiver Klasse C+ — 1490Tx/1310Rx, Singlemode SC, DOM	Cisco	bidi	layered	Cable access and PON optics	(none)	GPON / XGS-PON OLT and RF Gateway SFPs	sku (?:^|-)GPON							
SFP-GPON-C-16=	16 units of SFP-GPON-C for ME4600-AMX-16GPON	Transceiver Modules	bidi	layered	Cable access and PON optics	(none)	GPON / XGS-PON OLT and RF Gateway SFPs	sku (?:^|-)GPON							
SFP-GPON-C-8=	8 units of SFP-GPON-C for ME4600-AMX-16GPON	Transceiver Modules	bidi	layered	Cable access and PON optics	(none)	GPON / XGS-PON OLT and RF Gateway SFPs	sku (?:^|-)GPON							
SFP-GPON-C-I	GPON Class C+ SFP OLT Trcvr Module, 1490Tx, 1310Rx, I-Temp	Cisco	bidi	layered	Cable access and PON optics	(none)	GPON / XGS-PON OLT and RF Gateway SFPs	sku (?:^|-)GPON							
SFP-GPON-C-I-16=	16 units of SFP-GPON-C-I for ME4600-AMX-16GPON	Transceiver Modules	bidi	layered	Cable access and PON optics	(none)	GPON / XGS-PON OLT and RF Gateway SFPs	sku (?:^|-)GPON							
SFP-GPON-C-I-8=	8 units of SFP-GPON-C-I for ME4600-AMX-16GPON	Transceiver Modules	bidi	layered	Cable access and PON optics	(none)	GPON / XGS-PON OLT and RF Gateway SFPs	sku (?:^|-)GPON							
SFP-GPON-C-I=	GPON Class C+ SFP OLT Trcvr Module, 1490Tx, 1310Rx, I-Temp	Transceiver Modules	bidi	layered	Cable access and PON optics	(none)	GPON / XGS-PON OLT and RF Gateway SFPs	sku (?:^|-)GPON							
SFP-GPON-C=	GPON Class C+ SFP OLT Trcvr Module, 1490Tx, 1310Rx	Transceiver Modules	bidi	layered	Cable access and PON optics	(none)	GPON / XGS-PON OLT and RF Gateway SFPs	sku (?:^|-)GPON							
SFP-H10G-CU1M=	Cisco SFP-H10G-CU1M=	IE3500 Heavy Duty Series	cable	layered	Direct-attach and active optical cables	(none)	DAC and AOC cables (SFP+ / SFP28 / SFP56 / QSFP / QSFP-DD)	sku ^(?!Q(?:SFP|DD)?-?[0-9]+(?:SFP|X[0-9]|Q[0-9]|ZQ|S[0-9])).*(?<!E)CU[0-9]							
SFP-H10G-CU3M=	Cisco SFP-H10G-CU3M=	IE3500 Heavy Duty Series	cable	layered	Direct-attach and active optical cables	(none)	DAC and AOC cables (SFP+ / SFP28 / SFP56 / QSFP / QSFP-DD)	sku ^(?!Q(?:SFP|DD)?-?[0-9]+(?:SFP|X[0-9]|Q[0-9]|ZQ|S[0-9])).*(?<!E)CU[0-9]							
SFP-H10G-CU5M=	Cisco SFP-H10G-CU5M=	IE3500 Heavy Duty Series	cable	layered	Direct-attach and active optical cables	(none)	DAC and AOC cables (SFP+ / SFP28 / SFP56 / QSFP / QSFP-DD)	sku ^(?!Q(?:SFP|DD)?-?[0-9]+(?:SFP|X[0-9]|Q[0-9]|ZQ|S[0-9])).*(?<!E)CU[0-9]							
SFP-H10GB-ACU	10G SFP+ Twinax cable assembly, active (Length - 7M, 10M)	Network Convergence System 5000 Series	cable	layered	Direct-attach and active optical cables	(none)	DAC and AOC cables (SFP+ / SFP28 / SFP56 / QSFP / QSFP-DD)	sku ^Q?SFP-.*ACU							true
SFP-H10GB-ACU-10M	Cisco SFP-H10GB-ACU-10M	Catalyst 8200	cable	layered	Direct-attach and active optical cables	(none)	DAC and AOC cables (SFP+ / SFP28 / SFP56 / QSFP / QSFP-DD)	sku ^Q?SFP-.*ACU							
SFP-H10GB-ACU-7M	Cisco SFP-H10GB-ACU-7M	Catalyst 8200	cable	layered	Direct-attach and active optical cables	(none)	DAC and AOC cables (SFP+ / SFP28 / SFP56 / QSFP / QSFP-DD)	sku ^Q?SFP-.*ACU							
SFP-H10GB-ACU10M	10GBASE-CU SFP+ Active Copper Cable 10 Meter (supported only with DS-X9708-K9)	Cisco	cable	layered	Direct-attach and active optical cables	(none)	DAC and AOC cables (SFP+ / SFP28 / SFP56 / QSFP / QSFP-DD)	sku ^(?!Q(?:SFP|DD)?-?[0-9]+(?:SFP|X[0-9]|Q[0-9]|ZQ|S[0-9])).*(?<!E)CU[0-9]							
SFP-H10GB-ACU10M=	10GBASE-CU SFP+ Active Copper Cable 10 Meter, Spare (supported only with DS-X9708-K9)	MDS 9700 Series Multilayer Directors	cable	layered	Direct-attach and active optical cables	(none)	DAC and AOC cables (SFP+ / SFP28 / SFP56 / QSFP / QSFP-DD)	sku ^(?!Q(?:SFP|DD)?-?[0-9]+(?:SFP|X[0-9]|Q[0-9]|ZQ|S[0-9])).*(?<!E)CU[0-9]							
SFP-H10GB-ACU7M	10GBASE-CU SFP+ Active Copper Cable 7 Meter (supported only with DS-X9708-K9)	Cisco	cable	layered	Direct-attach and active optical cables	(none)	DAC and AOC cables (SFP+ / SFP28 / SFP56 / QSFP / QSFP-DD)	sku ^(?!Q(?:SFP|DD)?-?[0-9]+(?:SFP|X[0-9]|Q[0-9]|ZQ|S[0-9])).*(?<!E)CU[0-9]							
SFP-H10GB-ACU7M=	10GBASE-CU SFP+ Active Copper Cable 7 Meter, Spare (supported only with DS-X9708-K9)	MDS 9700 Series Multilayer Directors	cable	layered	Direct-attach and active optical cables	(none)	DAC and AOC cables (SFP+ / SFP28 / SFP56 / QSFP / QSFP-DD)	sku ^(?!Q(?:SFP|DD)?-?[0-9]+(?:SFP|X[0-9]|Q[0-9]|ZQ|S[0-9])).*(?<!E)CU[0-9]							
SFP-H10GB-ACUxM=	Cisco SFP-H10GB-ACUxM=	Catalyst ESS9300 Embedded	cable	pending_plan								class non_product			
SFP-H10GB-ACUxx=	Active Twinax cable assembly	Storage Networking Modules	cable	pending_plan								class non_product			
SFP-H10GB-CU	10G SFP+ Twinax cable assembly, passive (Length - 1M to 5M)	Network Convergence System 5000 Series	cable	layered	Direct-attach and active optical cables	(none)	DAC and AOC cables (SFP+ / SFP28 / SFP56 / QSFP / QSFP-DD)	sku ^SFP-H10GB-CU$							true
SFP-H10GB-CU1-5M	10GBASE-CU SFP+ Cable 1.5 Meter (V02 and above)	Cisco	cable	layered	Direct-attach and active optical cables	(none)	DAC and AOC cables (SFP+ / SFP28 / SFP56 / QSFP / QSFP-DD)	sku ^(?!Q(?:SFP|DD)?-?[0-9]+(?:SFP|X[0-9]|Q[0-9]|ZQ|S[0-9])).*(?<!E)CU[0-9]							
SFP-H10GB-CU1-5M=	10GBASE-CU SFP+ Cable 1.5 Meter (V02 and above)	MDS 9200 Series Multiservice	cable	layered	Direct-attach and active optical cables	(none)	DAC and AOC cables (SFP+ / SFP28 / SFP56 / QSFP / QSFP-DD)	sku ^(?!Q(?:SFP|DD)?-?[0-9]+(?:SFP|X[0-9]|Q[0-9]|ZQ|S[0-9])).*(?<!E)CU[0-9]							
SFP-H10GB-CU1.5M	10GBASE CU SFP+ cable, 1.5m (passive Twinax cable)	Catalyst 9800 Series Wireless Controllers	cable	layered	Direct-attach and active optical cables	(none)	DAC and AOC cables (SFP+ / SFP28 / SFP56 / QSFP / QSFP-DD)	sku ^(?!Q(?:SFP|DD)?-?[0-9]+(?:SFP|X[0-9]|Q[0-9]|ZQ|S[0-9])).*(?<!E)CU[0-9]							
SFP-H10GB-CU15M	Cisco SFP-H10GB-CU15M	Catalyst 1300X	cable	layered	Direct-attach and active optical cables	(none)	DAC and AOC cables (SFP+ / SFP28 / SFP56 / QSFP / QSFP-DD)	sku ^(?!Q(?:SFP|DD)?-?[0-9]+(?:SFP|X[0-9]|Q[0-9]|ZQ|S[0-9])).*(?<!E)CU[0-9]							
SFP-H10GB-CU1M	10GBASE-CU SFP+ Cable 1 Meter, passive (supported only with DS-X9708-K9)	Cisco	cable	layered	Direct-attach and active optical cables	(none)	DAC and AOC cables (SFP+ / SFP28 / SFP56 / QSFP / QSFP-DD)	sku ^(?!Q(?:SFP|DD)?-?[0-9]+(?:SFP|X[0-9]|Q[0-9]|ZQ|S[0-9])).*(?<!E)CU[0-9]							
SFP-H10GB-CU1M1	1-m 10G SFP+ Twinax cable assembly, passive	Catalyst 6500	cable	pending_plan								class non_product			
SFP-H10GB-CU1M=	10GBASE-CU SFP+ Cable 1 Meter, passive, spare (supported only with DS-X9708-K9)	MDS 9700 Series Multilayer Directors	cable	layered	Direct-attach and active optical cables	(none)	DAC and AOC cables (SFP+ / SFP28 / SFP56 / QSFP / QSFP-DD)	sku ^(?!Q(?:SFP|DD)?-?[0-9]+(?:SFP|X[0-9]|Q[0-9]|ZQ|S[0-9])).*(?<!E)CU[0-9]							
SFP-H10GB-CU2-5M	10GBASE-CU SFP+ Cable 2.5 Meter (V02 and above)	Cisco	cable	layered	Direct-attach and active optical cables	(none)	DAC and AOC cables (SFP+ / SFP28 / SFP56 / QSFP / QSFP-DD)	sku ^(?!Q(?:SFP|DD)?-?[0-9]+(?:SFP|X[0-9]|Q[0-9]|ZQ|S[0-9])).*(?<!E)CU[0-9]							
SFP-H10GB-CU2-5M=	10GBASE-CU SFP+ Cable 2.5 Meter (V02 and above)	MDS 9200 Series Multiservice	cable	layered	Direct-attach and active optical cables	(none)	DAC and AOC cables (SFP+ / SFP28 / SFP56 / QSFP / QSFP-DD)	sku ^(?!Q(?:SFP|DD)?-?[0-9]+(?:SFP|X[0-9]|Q[0-9]|ZQ|S[0-9])).*(?<!E)CU[0-9]							
SFP-H10GB-CU2.5M	10GBASE CU SFP+ cable, 2.5m (passive Twinax cable)	Catalyst 9800 Series Wireless Controllers	cable	layered	Direct-attach and active optical cables	(none)	DAC and AOC cables (SFP+ / SFP28 / SFP56 / QSFP / QSFP-DD)	sku ^(?!Q(?:SFP|DD)?-?[0-9]+(?:SFP|X[0-9]|Q[0-9]|ZQ|S[0-9])).*(?<!E)CU[0-9]							
SFP-H10GB-CU25M	Cisco SFP-H10GB-CU25M	Catalyst 1300X	cable	layered	Direct-attach and active optical cables	(none)	DAC and AOC cables (SFP+ / SFP28 / SFP56 / QSFP / QSFP-DD)	sku ^(?!Q(?:SFP|DD)?-?[0-9]+(?:SFP|X[0-9]|Q[0-9]|ZQ|S[0-9])).*(?<!E)CU[0-9]							
SFP-H10GB-CU2M	10GBASE-CU SFP+ Cable 2 Meter (V02 and above)	Cisco	cable	layered	Direct-attach and active optical cables	(none)	DAC and AOC cables (SFP+ / SFP28 / SFP56 / QSFP / QSFP-DD)	sku ^(?!Q(?:SFP|DD)?-?[0-9]+(?:SFP|X[0-9]|Q[0-9]|ZQ|S[0-9])).*(?<!E)CU[0-9]							
SFP-H10GB-CU2M=	10GBASE-CU SFP+ Cable 2 Meter (V02 and above)	MDS 9200 Series Multiservice	cable	layered	Direct-attach and active optical cables	(none)	DAC and AOC cables (SFP+ / SFP28 / SFP56 / QSFP / QSFP-DD)	sku ^(?!Q(?:SFP|DD)?-?[0-9]+(?:SFP|X[0-9]|Q[0-9]|ZQ|S[0-9])).*(?<!E)CU[0-9]							
SFP-H10GB-CU3M	10GBASE-CU SFP+ Cable 3 Meter, passive (supported only with DS-X9708-K9)	Cisco	cable	layered	Direct-attach and active optical cables	(none)	DAC and AOC cables (SFP+ / SFP28 / SFP56 / QSFP / QSFP-DD)	sku ^(?!Q(?:SFP|DD)?-?[0-9]+(?:SFP|X[0-9]|Q[0-9]|ZQ|S[0-9])).*(?<!E)CU[0-9]							
SFP-H10GB-CU3M1	3-m 10G SFP+ Twinax cable assembly, passive	Catalyst 6500	cable	pending_plan								class non_product			
SFP-H10GB-CU3M=	10GBASE-CU SFP+ Cable 3 Meter, passive, spare (supported only with DS-X9708-K9)	MDS 9700 Series Multilayer Directors	cable	layered	Direct-attach and active optical cables	(none)	DAC and AOC cables (SFP+ / SFP28 / SFP56 / QSFP / QSFP-DD)	sku ^(?!Q(?:SFP|DD)?-?[0-9]+(?:SFP|X[0-9]|Q[0-9]|ZQ|S[0-9])).*(?<!E)CU[0-9]							
SFP-H10GB-CU4M	Cisco SFP-H10GB-CU4M SFP+ Twinax DAC Kabel — passiv, 24 AWG oder 26 AWG, 4 m, 10GbE Kupfer	Cisco	cable	layered	Direct-attach and active optical cables	(none)	DAC and AOC cables (SFP+ / SFP28 / SFP56 / QSFP / QSFP-DD)	sku ^(?!Q(?:SFP|DD)?-?[0-9]+(?:SFP|X[0-9]|Q[0-9]|ZQ|S[0-9])).*(?<!E)CU[0-9]							
SFP-H10GB-CU5M	10GBASE-CU SFP+ Cable 5 Meter, passive (supported only with DS-X9708-K9)	Cisco	cable	layered	Direct-attach and active optical cables	(none)	DAC and AOC cables (SFP+ / SFP28 / SFP56 / QSFP / QSFP-DD)	sku ^(?!Q(?:SFP|DD)?-?[0-9]+(?:SFP|X[0-9]|Q[0-9]|ZQ|S[0-9])).*(?<!E)CU[0-9]							
SFP-H10GB-CU5M1	5-m 10G SFP+ Twinax cable assembly, passive	Catalyst 6500	cable	pending_plan								class non_product			
SFP-H10GB-CU5M=	10GBASE-CU SFP+ Cable 5 Meter, passive, spare (supported only with DS-X9708-K9)	MDS 9700 Series Multilayer Directors	cable	layered	Direct-attach and active optical cables	(none)	DAC and AOC cables (SFP+ / SFP28 / SFP56 / QSFP / QSFP-DD)	sku ^(?!Q(?:SFP|DD)?-?[0-9]+(?:SFP|X[0-9]|Q[0-9]|ZQ|S[0-9])).*(?<!E)CU[0-9]							
SFP-H10GB-CUxx=	10GBASE-CU SFP+ cable	Storage Networking Modules	cable	pending_plan								class non_product			
SFP-H10GBACU10M	Cisco SFP-H10GBACU10M	Catalyst 1300X	cable	layered	Direct-attach and active optical cables	(none)	DAC and AOC cables (SFP+ / SFP28 / SFP56 / QSFP / QSFP-DD)	sku ^(?!Q(?:SFP|DD)?-?[0-9]+(?:SFP|X[0-9]|Q[0-9]|ZQ|S[0-9])).*(?<!E)CU[0-9]							
SFP-H25G-AOC10M	Cisco SFP-H25G-AOC10M	HyperFlex HX Series	cable	layered	Direct-attach and active optical cables	(none)	DAC and AOC cables (SFP+ / SFP28 / SFP56 / QSFP / QSFP-DD)	sku ^(?!Q(?:SFP|DD)?-?[0-9]+(?:SFP|X[0-9]|Q[0-9]|ZQ|S[0-9])).*AOC							
SFP-H25G-CU1.5M	Cisco SFP-H25G-CU1.5M 25GBASE-CR1 SFP28 Twinax DAC Kabel — passiv, 1,5 m	Cisco	cable	layered	Direct-attach and active optical cables	(none)	DAC and AOC cables (SFP+ / SFP28 / SFP56 / QSFP / QSFP-DD)	sku ^(?!Q(?:SFP|DD)?-?[0-9]+(?:SFP|X[0-9]|Q[0-9]|ZQ|S[0-9])).*(?<!E)CU[0-9]							
SFP-H25G-CU1M	Cisco SFP-H25G-CU1M 25GBASE-CR1 SFP28 Twinax DAC Kabel — passiv, 1 m	Cisco	cable	layered	Direct-attach and active optical cables	(none)	DAC and AOC cables (SFP+ / SFP28 / SFP56 / QSFP / QSFP-DD)	sku ^(?!Q(?:SFP|DD)?-?[0-9]+(?:SFP|X[0-9]|Q[0-9]|ZQ|S[0-9])).*(?<!E)CU[0-9]							
SFP-H25G-CU1M/1.5M/2M	Cisco SFP-H25G-CU1M/1.5M/2M	Unified Computing System Adapters	cable	pending_plan								class non_product			
SFP-H25G-CU2.5M	Cisco SFP-H25G-CU2.5M 25GBASE-CR1 SFP28 Twinax DAC Kabel — passiv, 2,5 m	Cisco	cable	layered	Direct-attach and active optical cables	(none)	DAC and AOC cables (SFP+ / SFP28 / SFP56 / QSFP / QSFP-DD)	sku ^(?!Q(?:SFP|DD)?-?[0-9]+(?:SFP|X[0-9]|Q[0-9]|ZQ|S[0-9])).*(?<!E)CU[0-9]							
SFP-H25G-CU2.5M/3M	Cisco SFP-H25G-CU2.5M/3M	Unified Computing System Adapters	cable	pending_plan								class non_product			
SFP-H25G-CU2M	Cisco SFP-H25G-CU2M 25GBASE-CR1 SFP28 Twinax DAC Kabel — passiv, 2 m	Cisco	cable	layered	Direct-attach and active optical cables	(none)	DAC and AOC cables (SFP+ / SFP28 / SFP56 / QSFP / QSFP-DD)	sku ^(?!Q(?:SFP|DD)?-?[0-9]+(?:SFP|X[0-9]|Q[0-9]|ZQ|S[0-9])).*(?<!E)CU[0-9]							
SFP-H25G-CU3M	Cisco SFP-H25G-CU3M 25GBASE-CR1 SFP28 Twinax DAC Kabel — passiv, 3 m	Cisco	cable	layered	Direct-attach and active optical cables	(none)	DAC and AOC cables (SFP+ / SFP28 / SFP56 / QSFP / QSFP-DD)	sku ^(?!Q(?:SFP|DD)?-?[0-9]+(?:SFP|X[0-9]|Q[0-9]|ZQ|S[0-9])).*(?<!E)CU[0-9]							
SFP-H25G-CU4M	Cisco SFP-H25G-CU4M 25GBASE-CR1 SFP28 Twinax DAC Kabel — passiv, 4 m	Cisco	cable	layered	Direct-attach and active optical cables	(none)	DAC and AOC cables (SFP+ / SFP28 / SFP56 / QSFP / QSFP-DD)	sku ^(?!Q(?:SFP|DD)?-?[0-9]+(?:SFP|X[0-9]|Q[0-9]|ZQ|S[0-9])).*(?<!E)CU[0-9]							
SFP-H25G-CU4M/5M	Cisco SFP-H25G-CU4M/5M	Unified Computing System Adapters	cable	pending_plan								class non_product			
SFP-H25G-CU4M3	Cisco SFP-H25G-CU4M3	UCS B-Series	cable	pending_plan								class non_product			
SFP-H25G-CU5M	Cisco SFP-H25G-CU5M 25GBASE-CR1 SFP28 Twinax DAC Kabel — passiv, 5 m	Cisco	cable	layered	Direct-attach and active optical cables	(none)	DAC and AOC cables (SFP+ / SFP28 / SFP56 / QSFP / QSFP-DD)	sku ^(?!Q(?:SFP|DD)?-?[0-9]+(?:SFP|X[0-9]|Q[0-9]|ZQ|S[0-9])).*(?<!E)CU[0-9]							
SFP-H25G-CU5M4	Cisco SFP-H25G-CU5M4	UCS B-Series	cable	pending_plan								class non_product			
SFP-H25GB-CU5M/QSA28	Cisco SFP-H25GB-CU5M/QSA28	9100 Fabric Interconnects	cable	pending_plan								class non_product			
SFP-H25GCU1.5M	Cisco SFP-H25GCU1.5M	Transceiver Modules	cable	layered	Direct-attach and active optical cables	(none)	DAC and AOC cables (SFP+ / SFP28 / SFP56 / QSFP / QSFP-DD)	sku ^(?!Q(?:SFP|DD)?-?[0-9]+(?:SFP|X[0-9]|Q[0-9]|ZQ|S[0-9])).*(?<!E)CU[0-9]							
SFP-H25GCU1M	Cisco SFP-H25GCU1M	Transceiver Modules	cable	layered	Direct-attach and active optical cables	(none)	DAC and AOC cables (SFP+ / SFP28 / SFP56 / QSFP / QSFP-DD)	sku ^(?!Q(?:SFP|DD)?-?[0-9]+(?:SFP|X[0-9]|Q[0-9]|ZQ|S[0-9])).*(?<!E)CU[0-9]							
SFP-H25GCU2.5M	Cisco SFP-H25GCU2.5M	Transceiver Modules	cable	layered	Direct-attach and active optical cables	(none)	DAC and AOC cables (SFP+ / SFP28 / SFP56 / QSFP / QSFP-DD)	sku ^(?!Q(?:SFP|DD)?-?[0-9]+(?:SFP|X[0-9]|Q[0-9]|ZQ|S[0-9])).*(?<!E)CU[0-9]							
SFP-H25GCU2M	Cisco SFP-H25GCU2M	Transceiver Modules	cable	layered	Direct-attach and active optical cables	(none)	DAC and AOC cables (SFP+ / SFP28 / SFP56 / QSFP / QSFP-DD)	sku ^(?!Q(?:SFP|DD)?-?[0-9]+(?:SFP|X[0-9]|Q[0-9]|ZQ|S[0-9])).*(?<!E)CU[0-9]							
SFP-H25GCU3M	Cisco SFP-H25GCU3M	Transceiver Modules	cable	layered	Direct-attach and active optical cables	(none)	DAC and AOC cables (SFP+ / SFP28 / SFP56 / QSFP / QSFP-DD)	sku ^(?!Q(?:SFP|DD)?-?[0-9]+(?:SFP|X[0-9]|Q[0-9]|ZQ|S[0-9])).*(?<!E)CU[0-9]							
SFP-H25GCU4M	Cisco SFP-H25GCU4M	Transceiver Modules	cable	layered	Direct-attach and active optical cables	(none)	DAC and AOC cables (SFP+ / SFP28 / SFP56 / QSFP / QSFP-DD)	sku ^(?!Q(?:SFP|DD)?-?[0-9]+(?:SFP|X[0-9]|Q[0-9]|ZQ|S[0-9])).*(?<!E)CU[0-9]							
SFP-H25GCU5M	Cisco SFP-H25GCU5M	Transceiver Modules	cable	layered	Direct-attach and active optical cables	(none)	DAC and AOC cables (SFP+ / SFP28 / SFP56 / QSFP / QSFP-DD)	sku ^(?!Q(?:SFP|DD)?-?[0-9]+(?:SFP|X[0-9]|Q[0-9]|ZQ|S[0-9])).*(?<!E)CU[0-9]							
SFP-OC12-IR1	OC-12/STM-4, OC-12/STM-4 SFP, SM, IR-1	SFPs	pluggable	layered	SONET/SDH and TDM SFPs	(none)	OC-3 / OC-12 / OC-48 and T1/E1/T3 SFPs	sku ^SFP-(OC|CH-OC|TS-OC|T1F|E1F|T3F|VADSL)							
SFP-OC12-LR1	OC-12/STM-4, OC-12/STM-4 SFP, SM, LR-1	SFPs	pluggable	layered	SONET/SDH and TDM SFPs	(none)	OC-3 / OC-12 / OC-48 and T1/E1/T3 SFPs	sku ^SFP-(OC|CH-OC|TS-OC|T1F|E1F|T3F|VADSL)							
SFP-OC12-LR1=	OC-12/ STM-4 SFP, Long Reach (40km)	Transceiver Modules	pluggable	layered	SONET/SDH and TDM SFPs	(none)	OC-3 / OC-12 / OC-48 and T1/E1/T3 SFPs	sku ^SFP-(OC|CH-OC|TS-OC|T1F|E1F|T3F|VADSL)							
SFP-OC12-LR2	OC-12/STM-4, OC-12/STM-4 SFP, SM, LR-2	SFPs	pluggable	layered	SONET/SDH and TDM SFPs	(none)	OC-3 / OC-12 / OC-48 and T1/E1/T3 SFPs	sku ^SFP-(OC|CH-OC|TS-OC|T1F|E1F|T3F|VADSL)							
SFP-OC12-LR2=	OC-12/ STM-4 SFP, Long Reach (80km)	Transceiver Modules	pluggable	layered	SONET/SDH and TDM SFPs	(none)	OC-3 / OC-12 / OC-48 and T1/E1/T3 SFPs	sku ^SFP-(OC|CH-OC|TS-OC|T1F|E1F|T3F|VADSL)							
SFP-OC12-MM	OC-12/STM-4, OC-12/STM-4 SFP, MM	SFPs	pluggable	layered	SONET/SDH and TDM SFPs	(none)	OC-3 / OC-12 / OC-48 and T1/E1/T3 SFPs	sku ^SFP-(OC|CH-OC|TS-OC|T1F|E1F|T3F|VADSL)							
SFP-OC12-SR	OC-12/STM-4, OC-12/STM-4 SFP, SM, SR	SFPs	pluggable	layered	SONET/SDH and TDM SFPs	(none)	OC-3 / OC-12 / OC-48 and T1/E1/T3 SFPs	sku ^SFP-(OC|CH-OC|TS-OC|T1F|E1F|T3F|VADSL)							
SFP-OC3-IR1	OC-3/STM-1 POS SFP, single-mode fiber, intermediate range (SMI)	Network Modules	pluggable	layered	SONET/SDH and TDM SFPs	(none)	OC-3 / OC-12 / OC-48 and T1/E1/T3 SFPs	sku ^SFP-(OC|CH-OC|TS-OC|T1F|E1F|T3F|VADSL)							
SFP-OC3-LR1	OC-3/STM-1 POS SFP, single-mode fiber, long range (SML)	Network Modules	pluggable	layered	SONET/SDH and TDM SFPs	(none)	OC-3 / OC-12 / OC-48 and T1/E1/T3 SFPs	sku ^SFP-(OC|CH-OC|TS-OC|T1F|E1F|T3F|VADSL)							
SFP-OC3-LR2	OC-3/STM-1 SFP, Single-Mode Fiber, Long Reach (LR-2)	SFPs	pluggable	layered	SONET/SDH and TDM SFPs	(none)	OC-3 / OC-12 / OC-48 and T1/E1/T3 SFPs	sku ^SFP-(OC|CH-OC|TS-OC|T1F|E1F|T3F|VADSL)							
SFP-OC3-LR2=	OC3/STM1 SFP, Single-mode fiber, Long Reach (80km)	Transceiver Modules	pluggable	layered	SONET/SDH and TDM SFPs	(none)	OC-3 / OC-12 / OC-48 and T1/E1/T3 SFPs	sku ^SFP-(OC|CH-OC|TS-OC|T1F|E1F|T3F|VADSL)							
SFP-OC3-MM	OC-3/STM-1 POS SFP, multimode fiber, short range (MM)	Network Modules	pluggable	layered	SONET/SDH and TDM SFPs	(none)	OC-3 / OC-12 / OC-48 and T1/E1/T3 SFPs	sku ^SFP-(OC|CH-OC|TS-OC|T1F|E1F|T3F|VADSL)							
SFP-OC3-SR	OC-3/STM-1 SFP, Single-Mode Fiber, Short Reach	SFPs	pluggable	layered	SONET/SDH and TDM SFPs	(none)	OC-3 / OC-12 / OC-48 and T1/E1/T3 SFPs	sku ^SFP-(OC|CH-OC|TS-OC|T1F|E1F|T3F|VADSL)							
SFP-OC48-IR1	Single-Mode, Intermediate-Reach (IR) SFP Module	SFPs	pluggable	layered	SONET/SDH and TDM SFPs	(none)	OC-3 / OC-12 / OC-48 and T1/E1/T3 SFPs	sku ^SFP-(OC|CH-OC|TS-OC|T1F|E1F|T3F|VADSL)							
SFP-OC48-LR2	Single-Mode, Long-Reach (LR-2) SFP Module	SFPs	pluggable	layered	SONET/SDH and TDM SFPs	(none)	OC-3 / OC-12 / OC-48 and T1/E1/T3 SFPs	sku ^SFP-(OC|CH-OC|TS-OC|T1F|E1F|T3F|VADSL)							
SFP-OC48-LR2=	OC-48c/STM-16c SFP, Long Reach (80km)	Transceiver Modules	pluggable	layered	SONET/SDH and TDM SFPs	(none)	OC-3 / OC-12 / OC-48 and T1/E1/T3 SFPs	sku ^SFP-(OC|CH-OC|TS-OC|T1F|E1F|T3F|VADSL)							
SFP-OC48-SR	Single-Mode, Short-Reach (SR) SFP Module	SFPs	pluggable	layered	SONET/SDH and TDM SFPs	(none)	OC-3 / OC-12 / OC-48 and T1/E1/T3 SFPs	sku ^SFP-(OC|CH-OC|TS-OC|T1F|E1F|T3F|VADSL)							
SFP-RFG1-WDM-1310=	SFP RFGW-1 1310 WDM	RF Gateway Series	pluggable	layered	Cable access and PON optics	(none)	GPON / XGS-PON OLT and RF Gateway SFPs	sku ^SFP-RFG							
SFP-RFG1-WDM-850=	SFP RFGW-1 850 WDM	RF Gateway Series	pluggable	layered	Cable access and PON optics	(none)	GPON / XGS-PON OLT and RF Gateway SFPs	sku ^SFP-RFG							
SFP-RFGW1-CU-RJ45=	SFP RFGW-1 COPPER RJ45	RF Gateway Series	pluggable	layered	Cable access and PON optics	(none)	GPON / XGS-PON OLT and RF Gateway SFPs	sku ^SFP-RFG							
SFP-T1F-SATOP-I	T1F SAToP Smart SFP	Transceiver Modules	pluggable	layered	SONET/SDH and TDM SFPs	(none)	OC-3 / OC-12 / OC-48 and T1/E1/T3 SFPs	sku ^SFP-(OC|CH-OC|TS-OC|T1F|E1F|T3F|VADSL)							
SFP-T3F-SATOP-I	T3F SAToP Smart SFP	Transceiver Modules	pluggable	layered	SONET/SDH and TDM SFPs	(none)	OC-3 / OC-12 / OC-48 and T1/E1/T3 SFPs	sku ^SFP-(OC|CH-OC|TS-OC|T1F|E1F|T3F|VADSL)							
SFP-TS-OC12STM4-I	Transparent OC-12/STM-4 Smart SFP	Transceiver Modules	pluggable	layered	SONET/SDH and TDM SFPs	(none)	OC-3 / OC-12 / OC-48 and T1/E1/T3 SFPs	sku ^SFP-(OC|CH-OC|TS-OC|T1F|E1F|T3F|VADSL)							
SFP-TS-OC3STM1-I	Transparent OC-3/STM-1 Smart SFP	Transceiver Modules	pluggable	layered	SONET/SDH and TDM SFPs	(none)	OC-3 / OC-12 / OC-48 and T1/E1/T3 SFPs	sku ^SFP-(OC|CH-OC|TS-OC|T1F|E1F|T3F|VADSL)							
SFP-VADSL2+-I	VDSL2/ADSL2+ Industry Grade SFP	Catalyst IR1100 Rugged	pluggable	layered	SONET/SDH and TDM SFPs	(none)	OC-3 / OC-12 / OC-48 and T1/E1/T3 SFPs	sku ^SFP-(OC|CH-OC|TS-OC|T1F|E1F|T3F|VADSL)							
SFP-VADSL2+-I=	VDSL2/ADSL2+ Industry Grade SFP	Catalyst IR1100 Rugged	pluggable	layered	SONET/SDH and TDM SFPs	(none)	OC-3 / OC-12 / OC-48 and T1/E1/T3 SFPs	sku ^SFP-(OC|CH-OC|TS-OC|T1F|E1F|T3F|VADSL)							
SFP-WDM-1310-5=	Cisco SFP-WDM-1310-5=	RF Gateway Series	pluggable	layered	WDM transceivers	(none)	DWDM SFP / SFP+ / XFP / X2 / XENPAK	sku ^SFP-WDM							
SFP-WDM-850-0500=	Cisco SFP-WDM-850-0500=	RF Gateway Series	pluggable	layered	WDM transceivers	(none)	DWDM SFP / SFP+ / XFP / X2 / XENPAK	sku ^SFP-WDM							
SMFIR-622-SFP	OC-12, SFP, intermediate-reach	Route Processors and Route Switch Processors	pluggable	layered	SONET/SDH and TDM SFPs	(none)	OC-3 / OC-12 / OC-48 and T1/E1/T3 SFPs	sku ^SMF(IR|LR)-622							
SMFLR-622-SFP	OC-12, SFP, long-reach	Route Processors and Route Switch Processors	pluggable	layered	SONET/SDH and TDM SFPs	(none)	OC-3 / OC-12 / OC-48 and T1/E1/T3 SFPs	sku ^SMF(IR|LR)-622							
VIP-SFP-1GE-BASET	Pluggable transceiver - 1GE BaseT 10/100/1000	1000	pluggable	layered	Ethernet transceivers	(none)	1G and 100M SFP	sku ^VIP-SFP							
VIP-SFP-1GE-BASET=	SFP transceiver - 1GE BaseT 10/100/1000	1000	pluggable	layered	Ethernet transceivers	(none)	1G and 100M SFP	sku ^VIP-SFP							
VIP-SFP-1GE-LX	Small form-factor pluggable transceiver - 1GE LX	1000	pluggable	layered	Ethernet transceivers	(none)	1G and 100M SFP	sku ^VIP-SFP							
VIP-SFP-1GE-LX=	Small form-factor pluggable transceiver - 1GE LX	1000	pluggable	layered	Ethernet transceivers	(none)	1G and 100M SFP	sku ^VIP-SFP							
VIP-SFP-1GE-SX	Small form-factor pluggable transceiver - 1GE SX	1000	pluggable	layered	Ethernet transceivers	(none)	1G and 100M SFP	sku ^VIP-SFP							
VIP-SFP-1GE-SX=	Small form-factor pluggable transceiver - 1GE SX	1000	pluggable	layered	Ethernet transceivers	(none)	1G and 100M SFP	sku ^VIP-SFP							
WDM-XENPAK-REC	Cisco WDM-XENPAK-REC Receive-Only WDM XENPAK — DWDM-Empfangsmodul, Singlemode	Cisco	pluggable	layered	WDM transceivers	(none)	DWDM SFP / SFP+ / XFP / X2 / XENPAK	sku ^WDM-XENPAK							
WS-G5483	1000BASE-T GBIC	Cisco	pluggable	layered	Ethernet transceivers	(none)	GBIC (legacy)	sku ^WS-G548							
WS-G5483=	1000BASE-T GBIC	Catalyst 6500	pluggable	layered	Ethernet transceivers	(none)	GBIC (legacy)	sku ^WS-G548							
WS-G5484	Cisco WS-G5484 1000BASE-SX GBIC — Multimode, 850 nm, 550 m, SC	Cisco	pluggable	layered	Ethernet transceivers	(none)	GBIC (legacy)	sku ^WS-G548							
WS-G5486	Cisco WS-G5486 1000BASE-LX/LH GBIC — Singlemode, 1310 nm, 10 km, SC	Cisco	pluggable	layered	Ethernet transceivers	(none)	GBIC (legacy)	sku ^WS-G548							
WS-G5486=	Cisco 1000BASE-LX/LH GBIC transceiver module for SMF and MMF, 1300-nm wavelength, commercial operating temperature range, 32°F to 158°F (0°C to 70°C)	Transceiver Modules	pluggable	layered	Ethernet transceivers	(none)	GBIC (legacy)	sku ^WS-G548							
WS-G5487	Cisco WS-G5487 1000BASE-ZX GBIC — Singlemode, 1550 nm, bis 100 km, SC	Cisco	pluggable	layered	Ethernet transceivers	(none)	GBIC (legacy)	sku ^WS-G548							
WSP-Q40G-LR4L	Cisco WSP-Q40G-LR4L	Nexus 5000	pluggable	layered	Ethernet transceivers	(none)	40G QSFP+	sku ^WSP-Q40G							
WSP-Q40GLR4L	Cisco WSP-Q40GLR4L 40GBASE-LR4-Lite QSFP+ Modul — 1310 nm SMF, Duplex LC, 2 km, DOM	Cisco	pluggable	layered	Ethernet transceivers	(none)	40G QSFP+	sku ^WSP-Q40G							
WSP-Q40GLRL	Cisco WSP-Q40GLRL	Transceiver Modules	pluggable	layered	Ethernet transceivers	(none)	40G QSFP+	sku ^WSP-Q40G							
X2-10G-DWDM	32 wavelengths over single strand of single-mode fiber; 80 km	Catalyst 6500	pluggable	layered	Ethernet transceivers	(none)	10G X2 / XENPAK / XFP (legacy)	sku ^X2-							true
X2-10GB-CX4	10GBASE-CX4 X2 Module	Cisco	pluggable	layered	Ethernet transceivers	(none)	10G X2 / XENPAK / XFP (legacy)	sku ^X2-							
X2-10GB-CX4=	10GBASE-CX4 X2 Module	Transceiver Modules	pluggable	layered	Ethernet transceivers	(none)	10G X2 / XENPAK / XFP (legacy)	sku ^X2-							
X2-10GB-ER	10GBASE-ER X2 Module	Cisco	pluggable	layered	Ethernet transceivers	(none)	10G X2 / XENPAK / XFP (legacy)	sku ^X2-							
X2-10GB-ER=	10GBASE-ER X2 Module	Transceiver Modules	pluggable	layered	Ethernet transceivers	(none)	10G X2 / XENPAK / XFP (legacy)	sku ^X2-							
X2-10GB-LR	10GBASE-LR X2 Module	Cisco	pluggable	layered	Ethernet transceivers	(none)	10G X2 / XENPAK / XFP (legacy)	sku ^X2-							
X2-10GB-LR++	10GBASE-LR X2 Module	Cisco	pluggable	layered	Ethernet transceivers	(none)	10G X2 / XENPAK / XFP (legacy)	sku ^X2-							
X2-10GB-LR++=	10GBASE-LR X2 Module	Transceiver Modules	pluggable	layered	Ethernet transceivers	(none)	10G X2 / XENPAK / XFP (legacy)	sku ^X2-							
X2-10GB-LR=	10GBASE-LR X2 Module	Transceiver Modules	pluggable	layered	Ethernet transceivers	(none)	10G X2 / XENPAK / XFP (legacy)	sku ^X2-							
X2-10GB-LRM	Cisco 10GBASE-LRM X2 Module for MMF, 1300-nm wavelength, commercial operating temperature range, 32°F to 158°F (0°C to 70°C)	Cisco	pluggable	layered	Ethernet transceivers	(none)	10G X2 / XENPAK / XFP (legacy)	sku ^X2-							
X2-10GB-LRM++	10GBASE-LRM X2 Module	Cisco	pluggable	layered	Ethernet transceivers	(none)	10G X2 / XENPAK / XFP (legacy)	sku ^X2-							
X2-10GB-LRM++=	10GBASE-LRM X2 Module	Transceiver Modules	pluggable	layered	Ethernet transceivers	(none)	10G X2 / XENPAK / XFP (legacy)	sku ^X2-							
X2-10GB-LRM=	Cisco 10GBASE-LRM X2 Module for MMF, 1300-nm wavelength, commercial operating temperature range, 32°F to 158°F (0°C to 70°C)	Transceiver Modules	pluggable	layered	Ethernet transceivers	(none)	10G X2 / XENPAK / XFP (legacy)	sku ^X2-							
X2-10GB-LX4	Cisco 10GBASE-LX4 X2 Module for MMF, 1300-nm WWDM wavelength, commercial operating temperature range, 32°F to 158°F (0°C to 70°C)	Cisco	pluggable	layered	Ethernet transceivers	(none)	10G X2 / XENPAK / XFP (legacy)	sku ^X2-							
X2-10GB-LX4=	Cisco 10GBASE-LX4 X2 Module for MMF, 1300-nm WWDM wavelength, commercial operating temperature range, 32°F to 158°F (0°C to 70°C)	Transceiver Modules	pluggable	layered	Ethernet transceivers	(none)	10G X2 / XENPAK / XFP (legacy)	sku ^X2-							
X2-10GB-SR	10GBASE-SR X2 Module	Cisco	pluggable	layered	Ethernet transceivers	(none)	10G X2 / XENPAK / XFP (legacy)	sku ^X2-							
X2-10GB-SR++	10GBASE-SR X2 Module	Cisco	pluggable	layered	Ethernet transceivers	(none)	10G X2 / XENPAK / XFP (legacy)	sku ^X2-							
X2-10GB-SR++=	10GBASE-SR X2 Module	Transceiver Modules	pluggable	layered	Ethernet transceivers	(none)	10G X2 / XENPAK / XFP (legacy)	sku ^X2-							
X2-10GB-SR=	10GBASE-SR X2 Module	Transceiver Modules	pluggable	layered	Ethernet transceivers	(none)	10G X2 / XENPAK / XFP (legacy)	sku ^X2-							
X2-10GB-T	X2 10GBASE-T pluggable transceiver	Cisco	pluggable	layered	Ethernet transceivers	(none)	10G X2 / XENPAK / XFP (legacy)	sku ^X2-							
X2-10GB-T=	X2 10GBASE-T pluggable transceiver	Transceiver Modules	pluggable	layered	Ethernet transceivers	(none)	10G X2 / XENPAK / XFP (legacy)	sku ^X2-							
X2-10GB-ZR	10GBASE-ZR X2 Module	Cisco	pluggable	layered	Ethernet transceivers	(none)	10G X2 / XENPAK / XFP (legacy)	sku ^X2-							
X2-10GB-ZR=	10GBASE-ZR X2 Module	Transceiver Modules	pluggable	layered	Ethernet transceivers	(none)	10G X2 / XENPAK / XFP (legacy)	sku ^X2-							
XENPAK-10GB-CX4	Cisco XENPAK-10GB-CX4 10GBASE-CX4 XENPAK — CX4 (Kupfer), CX4-Twinax-Kupfer, 15 m	Cisco	pluggable	layered	Ethernet transceivers	(none)	10G X2 / XENPAK / XFP (legacy)	sku ^XENPAK							
XENPAK-10GB-ER	10GBASE-ER, up to 40 km single-mode fiber	3750	pluggable	layered	Ethernet transceivers	(none)	10G X2 / XENPAK / XFP (legacy)	sku ^XENPAK							
XENPAK-10GB-ER+	10GBASE-ER XENPAK Module with DOM support	Cisco	pluggable	layered	Ethernet transceivers	(none)	10G X2 / XENPAK / XFP (legacy)	sku ^XENPAK							
XENPAK-10GB-ER+=	10GBASE-ER XENPAK Module with DOM support	Transceiver Modules	pluggable	layered	Ethernet transceivers	(none)	10G X2 / XENPAK / XFP (legacy)	sku ^XENPAK							
XENPAK-10GB-LR+	10GBASE-LR XENPAK Module with DOM support	Cisco	pluggable	layered	Ethernet transceivers	(none)	10G X2 / XENPAK / XFP (legacy)	sku ^XENPAK							
XENPAK-10GB-LR+=	10GBASE-LR XENPAK Module with DOM support	Transceiver Modules	pluggable	layered	Ethernet transceivers	(none)	10G X2 / XENPAK / XFP (legacy)	sku ^XENPAK							
XENPAK-10GB-LRM	Cisco XENPAK-10GB-LRM 10GBASE-LRM XENPAK — LRM (Multimode lang), Multimode, 220 m	Cisco	pluggable	layered	Ethernet transceivers	(none)	10G X2 / XENPAK / XFP (legacy)	sku ^XENPAK							
XENPAK-10GB-LRM=	Cisco 10GBASE-LRM XENPAK Module for MMF, 1300-nm wavelength, commercial operating temperature range, 32°F to 158°F (0°C to 70°C)	Transceiver Modules	pluggable	layered	Ethernet transceivers	(none)	10G X2 / XENPAK / XFP (legacy)	sku ^XENPAK							
XENPAK-10GB-LW	Cisco XENPAK-10GB-LW 10GBASE-LW XENPAK — LW (WAN-PHY / OC-192), Singlemode, 10 km	Cisco	pluggable	layered	Ethernet transceivers	(none)	10G X2 / XENPAK / XFP (legacy)	sku ^XENPAK							
XENPAK-10GB-LX4	Cisco XENPAK-10GB-LX4 10GBASE-LX4 XENPAK — LX4 (WWDM), Multimode, 300 m	Cisco	pluggable	layered	Ethernet transceivers	(none)	10G X2 / XENPAK / XFP (legacy)	sku ^XENPAK							
XENPAK-10GB-LX4=	Cisco 10GBASE-LX4 XENPAK Module for MMF, 1300-nm WWDM wavelength, commercial operating temperature range, 32°F to 158°F (0°C to 70°C)	Transceiver Modules	pluggable	layered	Ethernet transceivers	(none)	10G X2 / XENPAK / XFP (legacy)	sku ^XENPAK							
XENPAK-10GB-SR	10GBASE-SR XENPAK Module	Cisco	pluggable	layered	Ethernet transceivers	(none)	10G X2 / XENPAK / XFP (legacy)	sku ^XENPAK							
XENPAK-10GB-SR=	10GBASE-SR XENPAK Module	Transceiver Modules	pluggable	layered	Ethernet transceivers	(none)	10G X2 / XENPAK / XFP (legacy)	sku ^XENPAK							
XENPAK-10GB-ZR	10GBASE-ZR XENPAK Module	Cisco	pluggable	layered	Ethernet transceivers	(none)	10G X2 / XENPAK / XFP (legacy)	sku ^XENPAK							
XENPAK-10GB-ZR=	10GBASE-ZR XENPAK Module	Transceiver Modules	pluggable	layered	Ethernet transceivers	(none)	10G X2 / XENPAK / XFP (legacy)	sku ^XENPAK							
XFP-10G-MM-SR	10GBASE-SR XFP Module	Cisco	pluggable	layered	Ethernet transceivers	(none)	10G X2 / XENPAK / XFP (legacy)	sku ^XFP							
XFP-10G-MM-SR=	10GBASE-SR XFP Module	Transceiver Modules	pluggable	layered	Ethernet transceivers	(none)	10G X2 / XENPAK / XFP (legacy)	sku ^XFP							
XFP-10GER-192IR+	Cisco Multirate 10GBASE-ER and OC-192/STM-64 IR-2 XFP Module	Cisco	pluggable	layered	Ethernet transceivers	(none)	10G X2 / XENPAK / XFP (legacy)	sku ^XFP							
XFP-10GER-192IR+=	Cisco Multirate 10GBASE-ER and OC-192/STM-64 IR-2 XFP Module	Transceiver Modules	pluggable	layered	Ethernet transceivers	(none)	10G X2 / XENPAK / XFP (legacy)	sku ^XFP							
XFP-10GER-OC192IR	Cisco XFP-10GER-OC192IR 10G ER / OC-192 IR XFP — 1550 nm, Singlemode, ~40 km	Cisco	pluggable	layered	Ethernet transceivers	(none)	10G X2 / XENPAK / XFP (legacy)	sku ^XFP							
XFP-10GER-OC192IR+	Cisco XFP-10GER-OC192IR+	Catalyst 6500	pluggable	layered	Ethernet transceivers	(none)	10G X2 / XENPAK / XFP (legacy)	sku ^XFP							
XFP-10GER-OC192IR=	Cisco 10 Gigabit Ethernet ER (40 km) Optics, spare	Shared Port Adapters/SPA Interface Processors	pluggable	layered	Ethernet transceivers	(none)	10G X2 / XENPAK / XFP (legacy)	sku ^XFP							
XFP-10GLR-OC192SR	Cisco XFP-10GLR-OC192SR Multirate 10GBASE-LR/-LW + OC-192 SR-1 XFP — 1310 nm SMF, 10 km	Cisco	pluggable	layered	Ethernet transceivers	(none)	10G X2 / XENPAK / XFP (legacy)	sku ^XFP							
XFP-10GLR-OC192SR=	Cisco 10 Gigabit Ethernet LR (10 km) Optics, spare	Shared Port Adapters/SPA Interface Processors	pluggable	layered	Ethernet transceivers	(none)	10G X2 / XENPAK / XFP (legacy)	sku ^XFP							
XFP-10GZR-OC192LR	Cisco XFP-10GZR-OC192LR Multirate 10GBASE-ZR/-ZW + OC-192 LR-2 XFP — 1550 nm SMF, 80 km	Cisco	pluggable	layered	Ethernet transceivers	(none)	10G X2 / XENPAK / XFP (legacy)	sku ^XFP							
XFP-10GZR-OC192LR=	Cisco 10 Gigabit Ethernet ZR (80 km) Optics, spare	Shared Port Adapters/SPA Interface Processors	pluggable	layered	Ethernet transceivers	(none)	10G X2 / XENPAK / XFP (legacy)	sku ^XFP							
XFP-RF-ITU20=	XFP-RF QAM Transmitter APC ITU 20	Prisma II Products	pluggable	layered	Cable access and PON optics	(none)	XFP-RF QAM transmitters (Prisma)	sku ^XFP-RF							
XFP-RF-ITU23=	XFP-RF QAM Transmitter APC ITU 23	Prisma II Products	pluggable	layered	Cable access and PON optics	(none)	XFP-RF QAM transmitters (Prisma)	sku ^XFP-RF							
XFP-RF-ITU25=	XFP-RF QAM Transmitter APC ITU 25	Prisma II Products	pluggable	layered	Cable access and PON optics	(none)	XFP-RF QAM transmitters (Prisma)	sku ^XFP-RF							
XFP-RF-ITU27=	XFP-RF QAM Transmitter APC ITU 27	Prisma II Products	pluggable	layered	Cable access and PON optics	(none)	XFP-RF QAM transmitters (Prisma)	sku ^XFP-RF							
XFP-RF-ITU29=	XFP-RF QAM Transmitter APC ITU 29	Prisma II Products	pluggable	layered	Cable access and PON optics	(none)	XFP-RF QAM transmitters (Prisma)	sku ^XFP-RF							
XFP-RF-ITU30=	XFP-RF QAM Transmitter APC ITU 30	Prisma II Products	pluggable	layered	Cable access and PON optics	(none)	XFP-RF QAM transmitters (Prisma)	sku ^XFP-RF							
XFP-RF-ITU31=	XFP-RF QAM Transmitter APC ITU 31	Prisma II Products	pluggable	layered	Cable access and PON optics	(none)	XFP-RF QAM transmitters (Prisma)	sku ^XFP-RF							
XFP-RF-ITU32=	XFP-RF QAM Transmitter APC ITU 32	Prisma II Products	pluggable	layered	Cable access and PON optics	(none)	XFP-RF QAM transmitters (Prisma)	sku ^XFP-RF							
XFP-RF-ITU34=	XFP-RF QAM Transmitter APC ITU 34	Prisma II Products	pluggable	layered	Cable access and PON optics	(none)	XFP-RF QAM transmitters (Prisma)	sku ^XFP-RF							
XFP-RF-ITU35=	XFP-RF QAM Transmitter APC ITU 35	Prisma II Products	pluggable	layered	Cable access and PON optics	(none)	XFP-RF QAM transmitters (Prisma)	sku ^XFP-RF							
XFP-RF-ITU37=	XFP-RF QAM Transmitter APC ITU 37	Prisma II Products	pluggable	layered	Cable access and PON optics	(none)	XFP-RF QAM transmitters (Prisma)	sku ^XFP-RF							
XFP-RF-ITU38=	XFP-RF QAM Transmitter APC ITU 38	Prisma II Products	pluggable	layered	Cable access and PON optics	(none)	XFP-RF QAM transmitters (Prisma)	sku ^XFP-RF							
XFP-RF-ITU40=	XFP-RF QAM Transmitter APC ITU 40	Prisma II Products	pluggable	layered	Cable access and PON optics	(none)	XFP-RF QAM transmitters (Prisma)	sku ^XFP-RF							
XFP-RF-ITU41=	XFP-RF QAM Transmitter APC ITU 41	Prisma II Products	pluggable	layered	Cable access and PON optics	(none)	XFP-RF QAM transmitters (Prisma)	sku ^XFP-RF							
XFP-RF-ITU42=	XFP-RF QAM Transmitter APC ITU 42	Prisma II Products	pluggable	layered	Cable access and PON optics	(none)	XFP-RF QAM transmitters (Prisma)	sku ^XFP-RF							
XFP-RF-ITU43=	XFP-RF QAM Transmitter APC ITU 43	Prisma II Products	pluggable	layered	Cable access and PON optics	(none)	XFP-RF QAM transmitters (Prisma)	sku ^XFP-RF							
XFP-RF-ITU45=	XFP-RF QAM Transmitter APC ITU 45	Prisma II Products	pluggable	layered	Cable access and PON optics	(none)	XFP-RF QAM transmitters (Prisma)	sku ^XFP-RF							
XFP-RF-ITU46=	XFP-RF QAM Transmitter APC ITU 46	Prisma II Products	pluggable	layered	Cable access and PON optics	(none)	XFP-RF QAM transmitters (Prisma)	sku ^XFP-RF							
XFP-RF-ITU47=	XFP-RF QAM Transmitter APC ITU 47	Prisma II Products	pluggable	layered	Cable access and PON optics	(none)	XFP-RF QAM transmitters (Prisma)	sku ^XFP-RF							
XFP-RF-ITU49=	XFP-RF QAM Transmitter APC ITU 49	Prisma II Products	pluggable	layered	Cable access and PON optics	(none)	XFP-RF QAM transmitters (Prisma)	sku ^XFP-RF							
XFP-RF-ITU50=	XFP-RF QAM Transmitter APC ITU 50	Prisma II Products	pluggable	layered	Cable access and PON optics	(none)	XFP-RF QAM transmitters (Prisma)	sku ^XFP-RF							
XFP-RF-ITU51=	XFP-RF QAM Transmitter APC ITU 51	Prisma II Products	pluggable	layered	Cable access and PON optics	(none)	XFP-RF QAM transmitters (Prisma)	sku ^XFP-RF							
XFP-RF-ITU53=	XFP-RF QAM Transmitter APC ITU 53	Prisma II Products	pluggable	layered	Cable access and PON optics	(none)	XFP-RF QAM transmitters (Prisma)	sku ^XFP-RF							
XFP-RF-ITU55=	XFP-RF QAM Transmitter APC ITU 55	Prisma II Products	pluggable	layered	Cable access and PON optics	(none)	XFP-RF QAM transmitters (Prisma)	sku ^XFP-RF							
XFP-RF-ITU56=	XFP-RF QAM Transmitter APC ITU 56	Prisma II Products	pluggable	layered	Cable access and PON optics	(none)	XFP-RF QAM transmitters (Prisma)	sku ^XFP-RF							
XFP-RF-ITU58=	XFP-RF QAM Transmitter APC ITU 58	Prisma II Products	pluggable	layered	Cable access and PON optics	(none)	XFP-RF QAM transmitters (Prisma)	sku ^XFP-RF							
XFP-RF-ITU59=	XFP-RF QAM Transmitter APC ITU 59	Prisma II Products	pluggable	layered	Cable access and PON optics	(none)	XFP-RF QAM transmitters (Prisma)	sku ^XFP-RF							
XFP-RF-IWDM-ITU21=	XFP-RF QAM Transmitter APC iWDM ITU 21	Prisma II Products	pluggable	layered	Cable access and PON optics	(none)	XFP-RF QAM transmitters (Prisma)	sku ^XFP-RF							
XFP-RF-IWDM-ITU22=	XFP-RF QAM Transmitter APC iWDM ITU 22	Prisma II Products	pluggable	layered	Cable access and PON optics	(none)	XFP-RF QAM transmitters (Prisma)	sku ^XFP-RF							
XFP-RF-IWDM-ITU24=	XFP-RF QAM Transmitter APC iWDM ITU 24	Prisma II Products	pluggable	layered	Cable access and PON optics	(none)	XFP-RF QAM transmitters (Prisma)	sku ^XFP-RF							
XFP-RF-IWDM-ITU26=	XFP-RF QAM Transmitter APC iWDM ITU 26	Prisma II Products	pluggable	layered	Cable access and PON optics	(none)	XFP-RF QAM transmitters (Prisma)	sku ^XFP-RF							
XFP-RF-IWDM-ITU28=	XFP-RF QAM Transmitter APC iWDM ITU 28	Prisma II Products	pluggable	layered	Cable access and PON optics	(none)	XFP-RF QAM transmitters (Prisma)	sku ^XFP-RF							
XFP-RF-IWDM-ITU33=	XFP-RF QAM Transmitter APC iWDM ITU 33	Prisma II Products	pluggable	layered	Cable access and PON optics	(none)	XFP-RF QAM transmitters (Prisma)	sku ^XFP-RF							
XFP-RF-IWDM-ITU36=	XFP-RF QAM Transmitter APC iWDM ITU 36	Prisma II Products	pluggable	layered	Cable access and PON optics	(none)	XFP-RF QAM transmitters (Prisma)	sku ^XFP-RF							
XFP-RF-IWDM-ITU39=	XFP-RF QAM Transmitter APC iWDM ITU 39	Prisma II Products	pluggable	layered	Cable access and PON optics	(none)	XFP-RF QAM transmitters (Prisma)	sku ^XFP-RF							
XFP-RF-IWDM-ITU44=	XFP-RF QAM Transmitter APC iWDM ITU 44	Prisma II Products	pluggable	layered	Cable access and PON optics	(none)	XFP-RF QAM transmitters (Prisma)	sku ^XFP-RF							
XFP-RF-IWDM-ITU48=	XFP-RF QAM Transmitter APC iWDM ITU 48	Prisma II Products	pluggable	layered	Cable access and PON optics	(none)	XFP-RF QAM transmitters (Prisma)	sku ^XFP-RF							
XFP-RF-IWDM-ITU52=	XFP-RF QAM Transmitter APC iWDM ITU 52	Prisma II Products	pluggable	layered	Cable access and PON optics	(none)	XFP-RF QAM transmitters (Prisma)	sku ^XFP-RF							
XFP-RF-IWDM-ITU54=	XFP-RF QAM Transmitter APC iWDM ITU 54	Prisma II Products	pluggable	layered	Cable access and PON optics	(none)	XFP-RF QAM transmitters (Prisma)	sku ^XFP-RF							
XFP-RF-IWDM-ITU57=	XFP-RF QAM Transmitter APC iWDM ITU 57	Prisma II Products	pluggable	layered	Cable access and PON optics	(none)	XFP-RF QAM transmitters (Prisma)	sku ^XFP-RF							
XFP-RF-IWDM-ITU60=	XFP-RF QAM Transmitter APC iWDM ITU 60	Prisma II Products	pluggable	layered	Cable access and PON optics	(none)	XFP-RF QAM transmitters (Prisma)	sku ^XFP-RF							
XFP-RF-IWDM-ITU61=	XFP-RF QAM Transmitter APC iWDM ITU 61	Prisma II Products	pluggable	layered	Cable access and PON optics	(none)	XFP-RF QAM transmitters (Prisma)	sku ^XFP-RF							
XFP-RF-IWDM-ITU62=	XFP-RF QAM Transmitter APC iWDM ITU 62	Prisma II Products	pluggable	layered	Cable access and PON optics	(none)	XFP-RF QAM transmitters (Prisma)	sku ^XFP-RF							
XFP-RF-T=	XFP-RF QAM Transmitter APC Tunable ITU 20 - ITU 62	Prisma II Products	tunable	layered	Cable access and PON optics	(none)	XFP-RF QAM transmitters (Prisma)	sku ^XFP-RF							
XFP10GER-192IR-L	Cisco XFP10GER-192IR-L Multirate 10GBASE-ER/-EW + OC-192 IR-2 XFP — 1550 nm SMF, 40 km, Low Power	Cisco	pluggable	layered	Ethernet transceivers	(none)	10G X2 / XENPAK / XFP (legacy)	sku ^XFP							
XFP10GER-192IR-L=	Low Power multirate XFP supporting 10GBASE-ER and OC-192 IR	Transceiver Modules	pluggable	layered	Ethernet transceivers	(none)	10G X2 / XENPAK / XFP (legacy)	sku ^XFP							
XFP10GER192IR-RGD	Multirate XFP module for 10GBASE-ER and OC192 IR2, I-TEMP	Cisco	pluggable	layered	Ethernet transceivers	(none)	10G X2 / XENPAK / XFP (legacy)	sku ^XFP							
XFP10GER192IR-RGD=	Multirate XFP module for 10GBASE-ER and OC192 IR2, I-TEMP	Transceiver Modules	pluggable	layered	Ethernet transceivers	(none)	10G X2 / XENPAK / XFP (legacy)	sku ^XFP							
XFP10GLR-192SR-L	Cisco XFP10GLR-192SR-L Multirate 10GBASE-LR/-LW + OC-192 SR-1 XFP — 1310 nm SMF, 10 km, Low Power	Cisco	pluggable	layered	Ethernet transceivers	(none)	10G X2 / XENPAK / XFP (legacy)	sku ^XFP							
XFP10GLR-192SR-L=	Low Power multirate XFP supporting 10GBASE-LR and OC-192 SR	Transceiver Modules	pluggable	layered	Ethernet transceivers	(none)	10G X2 / XENPAK / XFP (legacy)	sku ^XFP							
XFP10GLR192SR-RGD	Multirate XFP module for 10GBASE-LR and OC192 SR1, I-TEMP	Cisco	pluggable	layered	Ethernet transceivers	(none)	10G X2 / XENPAK / XFP (legacy)	sku ^XFP							
XFP10GLR192SR-RGD=	Multirate XFP module for 10GBASE-LR and OC192 SR1, I-TEMP	Transceiver Modules	pluggable	layered	Ethernet transceivers	(none)	10G X2 / XENPAK / XFP (legacy)	sku ^XFP							
XFP10GZR192LR-RGD	Cisco XFP10GZR192LR-RGD Multirate 10GBASE-ZR/-ZW + OC-192 LR-2 XFP — 1550 nm SMF, 80 km, Industrie	Cisco	pluggable	layered	Ethernet transceivers	(none)	10G X2 / XENPAK / XFP (legacy)	sku ^XFP							
